"Taxon","total_count","prevalence_n","prevalence_fraction","mean_relative_abundance","Kingdom","Phylum","Class","Order","Family","Genus"
"AACY020049127.555.2033",881,94,0.543352601156069,0.000226132138103091,"Bacteria","Proteobacteria","Gammaproteobacteria","Thiotrichales","Thiotrichaceae","Thiothrix"
"AACY020057074.347.1847",757,80,0.46242774566474,0.000194361827769032,"Bacteria","Bacteroidetes","Flavobacteriia","Flavobacteriales","NS9",NA
"AACY020061762.7.1504",75,20,0.115606936416185,2.08474872708758e-05,"Bacteria","Proteobacteria","Gammaproteobacteria","Cellvibrionales","Spongiibacteraceae","BD1-7"
"AACY020065672.95.1597",1882,76,0.439306358381503,0.000488396225443943,"Bacteria","Bacteroidetes","Flavobacteriia","Flavobacteriales","Flavobacteriaceae","Formosa"
"AACY020075636.150.1670",8087,113,0.653179190751445,0.0019423654124717,"Bacteria","Proteobacteria","Gammaproteobacteria","Xanthomonadales","JTB255",NA
"AACY020080403.492.1950",889,100,0.578034682080925,0.00022546714477035,"Bacteria","Cyanobacteria","Chloroplast","marine",NA,NA
"AACY020095396.2822.4287",1267,80,0.46242774566474,0.000316679547064602,"Bacteria","Proteobacteria","Alphaproteobacteria","SAR11",NA,NA
"AACY020105546.1130.2631",249,61,0.352601156069364,6.66286682270646e-05,"Bacteria","Actinobacteria","Actinobacteria","PeM15","marine",NA
"AACY020119224.701.2163",2096,86,0.497109826589595,0.000569891979092567,"Bacteria","Proteobacteria","Alphaproteobacteria","Rickettsiales","SAR116",NA
"AACY020125801.1205.2714",1932,95,0.549132947976879,0.000543016167871221,"Bacteria","Bacteroidetes","Flavobacteriia","Flavobacteriales","Flavobacteriaceae","NS5"
"AACY020125842.55.1493",22223,123,0.710982658959538,0.00504691485081046,"Archaea","Euryarchaeota","Thermoplasmata","Thermoplasmatales","Marine",NA
"AACY020147130.655.2083",1608,81,0.468208092485549,0.000363842998977858,"Archaea","Euryarchaeota","Thermoplasmata","Thermoplasmatales","Marine",NA
"AACY020159143.753.2263",412,78,0.450867052023121,0.000105860883399373,"Bacteria","Proteobacteria","Betaproteobacteria","Burkholderiales","Alcaligenaceae","MWH-UniP1"
"AACY020187844.576.1995",2818,92,0.531791907514451,0.000725930911260009,"Archaea","Euryarchaeota","Thermoplasmata","Thermoplasmatales","Marine",NA
"AACY020207233.1273.2814",16359,118,0.682080924855491,0.00431467301953575,"Bacteria","Marinimicrobia",NA,NA,NA,NA
"AACY020239062.128.1636",1289,34,0.196531791907514,0.000412974555980824,"Bacteria","Bacteroidetes","Flavobacteriia","Flavobacteriales","Flavobacteriaceae","NS4"
"AACY020259437.2024.3522",2615,77,0.445086705202312,0.000818479389563665,"Bacteria","Bacteroidetes","Flavobacteriia","Flavobacteriales","Cryomorphaceae","uncultured"
"AACY020273010.4139.5621",5562,108,0.624277456647399,0.00121740529897786,"Bacteria","Proteobacteria","Alphaproteobacteria","Rhodospirillales","Rhodospirillaceae","uncultured"
"AACY020276549.377.1886",5231,112,0.647398843930636,0.00110902875910389,"Bacteria","Bacteroidetes","Flavobacteriia","Flavobacteriales","Flavobacteriaceae","NS5"
"AACY020281370.38.1481",6208,110,0.635838150289017,0.0015706116232374,"Archaea","Euryarchaeota","Thermoplasmata","Thermoplasmatales","Marine",NA
"AACY020283857.132.1585",1029,92,0.531791907514451,0.000226200712944694,"Bacteria","Proteobacteria","Alphaproteobacteria","SAR11",NA,NA
"AACY020288370.770.2267",4641,77,0.445086705202312,0.00115185712312428,"Bacteria","Actinobacteria","Acidimicrobiia","Acidimicrobiales","Sva0996",NA
"AACY020302266.213.1678",796,72,0.416184971098266,0.00018827673314075,"Bacteria","Proteobacteria","Alphaproteobacteria","Rhodospirillales","Rhodospirillaceae","Tistlia"
"AACY020311045.179.1696",143,18,0.104046242774566,4.32875530677339e-05,"Bacteria","Proteobacteria","Gammaproteobacteria","Oceanospirillales","OM182",NA
"AACY020324837.147.1652",1951,96,0.554913294797688,0.000518244705507031,"Bacteria","Bacteroidetes","Flavobacteriia","Flavobacteriales","Flavobacteriaceae","NS4"
"AACY020371335.89.1595",4823,85,0.491329479768786,0.00130757199044772,"Bacteria","Proteobacteria","Gammaproteobacteria","Gammaproteobacteria",NA,NA
"AACY020393406.361.1862",4591,75,0.433526011560694,0.00103096985841973,"Bacteria","Proteobacteria","Gammaproteobacteria","Oceanospirillales","SAR86",NA
"AACY020398456.2130.3630",3516,87,0.502890173410405,0.000916530211856977,"Bacteria","Proteobacteria","Gammaproteobacteria","Oceanospirillales","SAR86",NA
"AACY020403290.735.2190",1386,131,0.757225433526012,0.000297517992774681,"Bacteria","Proteobacteria","Alphaproteobacteria","SAR11",NA,NA
"AACY020430088.197.1720",2807,98,0.566473988439306,0.000546134618329199,"Bacteria","Proteobacteria","AEGEAN-245","marine",NA,NA
"AACY020443294.193.1674",1853,114,0.658959537572254,0.000449643447411567,"Bacteria","Proteobacteria","Alphaproteobacteria","Rhodospirillales","Rhodospirillaceae","uncultured"
"AACY020454769.289.1798",622,56,0.323699421965318,0.000171619063374335,"Bacteria","Bacteroidetes","Flavobacteriia","Flavobacteriales","Flavobacteriaceae","NS5"
"AACY020458202.2977.4452",10589,97,0.560693641618497,0.0031783728750541,"Bacteria","Proteobacteria","Alphaproteobacteria","Rhodospirillales","Rhodospirillaceae","AEGEAN-169"
"AACY020458788.943.2444",4709,58,0.335260115606936,0.0013819710007423,"Bacteria","Bacteroidetes","Flavobacteriia","Flavobacteriales","Flavobacteriaceae","NS2b"
"AACY020481938.3418.4929",12869,99,0.572254335260116,0.00342418849665111,"Bacteria","Proteobacteria","Gammaproteobacteria","Oceanospirillales","SAR86",NA
"AACY020487638.121.1594",4064,89,0.514450867052023,0.00122089046836209,"Bacteria","Proteobacteria","Alphaproteobacteria","Rhodospirillales","Rhodospirillaceae","AEGEAN-169"
"AACY020490277.719.2228",4148,106,0.61271676300578,0.00106929443551527,"Bacteria","Bacteroidetes","Flavobacteriia","Flavobacteriales","Flavobacteriaceae","NS5"
"AACY020495408.613.2120",3220,103,0.595375722543353,0.000770740984160038,"Bacteria","Bacteroidetes","Flavobacteriia","Flavobacteriales","Flavobacteriaceae","NS4"
"AACY020518560.687.2227",3940,128,0.739884393063584,0.000905712341913818,"Bacteria","Marinimicrobia",NA,NA,NA,NA
"AACY020544257.531.2038",2157,86,0.497109826589595,0.000530442353351335,"Bacteria","Bacteroidetes","Flavobacteriia","Flavobacteriales","Cryomorphaceae","Fluviicola"
"AACY020545456.443.1983",5327,136,0.786127167630058,0.00138785077013044,"Bacteria","Marinimicrobia",NA,NA,NA,NA
"AACY020548802.136.1646",3043,39,0.225433526011561,0.000691277898484761,"Bacteria","Bacteroidetes","Flavobacteriia","Flavobacteriales","Flavobacteriaceae","NS5"
"AACY020549891.3846.5359",23548,83,0.479768786127168,0.00536334383858228,"Bacteria","Proteobacteria","Gammaproteobacteria","Oceanospirillales","SAR86",NA
"AACY020551516.3485.4953",3553,79,0.456647398843931,0.00114667292890161,"Bacteria","Proteobacteria","Alphaproteobacteria","SAR11",NA,NA
"AACY020552977.734.2233",12464,126,0.728323699421965,0.00294828543722664,"Bacteria","Bacteroidetes","Cytophagia","Cytophagales","Flammeovirgaceae","Marinoscillum"
"AACY020553637.768.2309",2384,96,0.554913294797688,0.000591183271002237,"Bacteria","Marinimicrobia",NA,NA,NA,NA
"AACY020553861.2031.3562",3291,61,0.352601156069364,0.000860758442260007,"Bacteria","Proteobacteria","Gammaproteobacteria","Oceanospirillales","SAR86",NA
"AACY020555764.489.1966",7838,129,0.745664739884393,0.00192798906691382,"Bacteria","Proteobacteria","Alphaproteobacteria","Rhizobiales","PS1",NA
"AACY020555882.2572.4023",7331,119,0.687861271676301,0.00195339931900321,"Archaea","Euryarchaeota","Thermoplasmata","Thermoplasmatales","Marine",NA
"AACY020556376.977.2486",1486,85,0.491329479768786,0.000372137236277174,"Bacteria","Bacteroidetes","Flavobacteriia","Flavobacteriales","Flavobacteriaceae","NS5"
"AACY020562322.3851.5364",2479,91,0.526011560693642,0.000701017428163204,"Bacteria","Proteobacteria","Gammaproteobacteria","Oceanospirillales","SAR86",NA
"AACY020563509.792.2305",9559,100,0.578034682080925,0.00212208763355427,"Bacteria","Proteobacteria","Gammaproteobacteria","Oceanospirillales","SAR86",NA
"AACY020564058.27.1569",6652,108,0.624277456647399,0.00136020604364405,"Bacteria","Marinimicrobia",NA,NA,NA,NA
"AACY023372270.147.1550",240,80,0.46242774566474,5.27532055150736e-05,"Bacteria","Proteobacteria","Gammaproteobacteria","Thiotrichales","Thiotrichales",NA
"AACY023524552.82.1556",2535,84,0.485549132947977,0.000665899145516742,"Bacteria","Proteobacteria","Alphaproteobacteria","Rhizobiales","PS1",NA
"AACY023843224.1.1440",151,54,0.312138728323699,3.66161520591142e-05,"Bacteria","Proteobacteria","Alphaproteobacteria","Alphaproteobacteria",NA,NA
"AACY023859826.38.1493",5828,144,0.832369942196532,0.00157762677474695,"Bacteria","Proteobacteria","Alphaproteobacteria","SAR11",NA,NA
"AACY023937770.20.1486",205,50,0.289017341040462,4.92251181453271e-05,"Bacteria","Cyanobacteria","Cyanobacteria","SubsectionI","FamilyI","Prochlorococcus"
"AACY023938218.20.1535",12871,121,0.699421965317919,0.00285791501804094,"Bacteria","Proteobacteria","Gammaproteobacteria","Oceanospirillales","Oceanospirillaceae","Pseudohongiella"
"AACY023938893.20.1523",1792,97,0.560693641618497,0.00045077777888471,"Bacteria","Bacteroidetes","Flavobacteriia","Flavobacteriales","NS9",NA
"AACY024102418.157.1623",47263,147,0.84971098265896,0.011203304683859,"Bacteria","Proteobacteria","Alphaproteobacteria","Rhodospirillales","Rhodospirillaceae","AEGEAN-169"
"AAMQ01000012.1.1850",891,101,0.583815028901734,0.00023934305546514,"Bacteria","Proteobacteria","Alphaproteobacteria","Caulobacterales","Hyphomonadaceae","Oceanicaulis"
"AANC01000011.208.1734",7222,95,0.549132947976879,0.00149235630554218,"Bacteria","Bacteroidetes","Flavobacteriia","Flavobacteriales","Flavobacteriaceae","Leeuwenhoekiella"
"AB013012.1.1791",360,35,0.202312138728324,6.3953466438825e-05,"Eukaryota","Opisthokonta","Holozoa","Metazoa",NA,NA
"AB013015.1.1692",71,19,0.109826589595376,1.68449600003648e-05,"Eukaryota","Opisthokonta","Holozoa","Metazoa",NA,NA
"AB015263.1.1483",248,52,0.300578034682081,6.80963910816077e-05,"Bacteria","Bacteroidetes","Cytophagia","Cytophagales","Flammeovirgaceae","uncultured"
"AB017127.1.1753",91,20,0.115606936416185,2.68143780601165e-05,"Eukaryota","Archaeplastida","Chloroplastida","Chlorophyta","Prasinophytae","Pyramimonadales"
"AB021704.1.1333",212,54,0.312138728323699,5.66317585096814e-05,"Bacteria","Proteobacteria","Gammaproteobacteria","KI89A",NA,NA
"AB053131.1.1534",197,44,0.254335260115607,4.55836741596224e-05,"Bacteria","Proteobacteria","Gammaproteobacteria","Oceanospirillales","Alcanivoracaceae","Alcanivorax"
"AB058905.1.1486",99,33,0.190751445086705,2.86867600535032e-05,"Bacteria","Bacteroidetes","Flavobacteriia","Flavobacteriales","Flavobacteriaceae","Tenacibaculum"
"AB086228.1.1536",295,33,0.190751445086705,5.59527403185062e-05,"Bacteria","Proteobacteria","Gammaproteobacteria","Thiotrichales","Piscirickettsiaceae","Cycloclasticus"
"AB088298.1.1804",97,18,0.104046242774566,2.61231874539256e-05,"Eukaryota","SAR","Alveolata","Dinoflagellata","Dinophyceae","Peridiniphycidae"
"AB112465.1.1450",288,37,0.213872832369942,6.62574005268304e-05,"Bacteria","Proteobacteria","Alphaproteobacteria","Sphingomonadales","Sphingomonadaceae","Sphingobium"
"AB125367.1.1472",306,50,0.289017341040462,6.85862627755159e-05,"Bacteria","Proteobacteria","Gammaproteobacteria","Pseudomonadales","Pseudomonadaceae","Pseudomonas"
"AB178580.1.1791",78,37,0.213872832369942,1.98984163108179e-05,"Eukaryota","SAR","Rhizaria","Retaria","Acantharia","Symphyacanthida"
"AB183265.1.1724",67,33,0.190751445086705,1.61966507437775e-05,"Eukaryota","Haptophyta","Prymnesiophyceae","Prymnesiales","Prymnesium","Prymnesium"
"AB183628.1.1747",81,30,0.173410404624277,2.40132698791588e-05,"Eukaryota","Archaeplastida","Chloroplastida","Chlorophyta","Mamiellophyceae","Dolichomastigales"
"AB189345.1.1469",119,26,0.15028901734104,2.91521036998503e-05,"Bacteria","Proteobacteria","Alphaproteobacteria","Rhodospirillales","Rhodospirillaceae","uncultured"
"AB193901.1.1435",6742,95,0.549132947976879,0.00140010808870347,"Bacteria","Proteobacteria","Alphaproteobacteria","Rickettsiales","S25-593","uncultured"
"AB193903.1.1434",882,101,0.583815028901734,0.000186877594073049,"Bacteria","Proteobacteria","Alphaproteobacteria","SAR11",NA,NA
"AB193918.1.1524",2903,34,0.196531791907514,0.000606142567902636,"Bacteria","Marinimicrobia",NA,NA,NA,NA
"AB193954.1.1469",210,58,0.335260115606936,5.6584304302713e-05,"Bacteria","Proteobacteria","Epsilonproteobacteria","Campylobacterales","Helicobacteraceae","Sulfurovum"
"AB193958.1.1441",5097,40,0.23121387283237,0.00105168166983754,"Archaea","Thaumarchaeota","Marine",NA,NA,NA
"AB193975.1.1441",5473,57,0.329479768786127,0.00114870889310236,"Archaea","Thaumarchaeota","Marine",NA,NA,NA
"AB193977.1.1470",688,38,0.219653179190751,0.000140600083919215,"Archaea","Thaumarchaeota","Marine",NA,NA,NA
"AB193994.1.1472",574,41,0.236994219653179,0.000113794887080566,"Archaea","Thaumarchaeota","Marine",NA,NA,NA
"AB193999.1.1440",874,59,0.341040462427746,0.000174588782414224,"Archaea","Thaumarchaeota","Marine",NA,NA,NA
"AB194000.1.1442",1282,38,0.219653179190751,0.00028026042300027,"Archaea","Thaumarchaeota","Marine",NA,NA,NA
"AB199884.1.1222",408,85,0.491329479768786,0.000104786753905563,"Bacteria","Cyanobacteria","Chloroplast","Phalacroma",NA,NA
"AB199885.1.1217",457,82,0.473988439306358,0.000116271430561594,"Bacteria","Cyanobacteria","Chloroplast","Phalacroma",NA,NA
"AB199886.1.1219",1670,101,0.583815028901734,0.000430654836491204,"Bacteria","Cyanobacteria","Chloroplast","Phalacroma",NA,NA
"AB199887.1.1217",4641,122,0.705202312138728,0.00118707882932244,"Bacteria","Cyanobacteria","Chloroplast","Phalacroma",NA,NA
"AB217630.1.1814",480,67,0.38728323699422,0.00012373836794211,"Eukaryota","SAR","Stramenopiles","Ochrophyta","Dictyochophyceae","Florenciellales"
"AB250557.1.1480",96,24,0.138728323699422,1.88051881399627e-05,"Bacteria","Gemmatimonadetes","BD2-11",NA,NA,NA
"AB275035.1.1709",98,21,0.121387283236994,2.45759624659827e-05,"Eukaryota","SAR","Stramenopiles","Ochrophyta","Bolidomonas","uncultured"
"AB275045.1.1719",140,30,0.173410404624277,3.57232649697728e-05,"Eukaryota","SAR","Rhizaria","Cercozoa","Thecofilosea","Cryomonadida"
"AB275046.1.1741",83,22,0.127167630057803,2.21141835582561e-05,"Eukaryota","SAR","Rhizaria","Cercozoa","Thecofilosea","NW617"
"AB275082.1.1713",112,33,0.190751445086705,2.8685629624623e-05,"Eukaryota","Archaeplastida","Chloroplastida","Chlorophyta","Mamiellophyceae","DSGM-81"
"AB278147.1.1521",161,31,0.179190751445087,3.57045085427922e-05,"Bacteria","Proteobacteria","Deltaproteobacteria","NB1-j","uncultured",NA
"AB284159.1.1765",75,26,0.15028901734104,2.08996149267935e-05,"Eukaryota","SAR","Alveolata","Dinoflagellata","Dinophyceae","Peridiniphycidae"
"AB297922.1.1501",70,21,0.121387283236994,1.62826864632106e-05,"Bacteria","Verrucomicrobia","Opitutae","Puniceicoccales","Puniceicoccaceae","Pelagicoccus"
"AB305323.1.1317",644,87,0.502890173410405,0.000136989496717303,"Bacteria","Proteobacteria","Alphaproteobacteria","Caulobacterales","Hyphomonadaceae","Henriciella"
"AB362815.1.1454",53,24,0.138728323699422,1.5509484651772e-05,"Bacteria","Bacteroidetes","Flavobacteriia","Flavobacteriales","Flavobacteriaceae","uncultured"
"AB430758.1.1627",100,23,0.132947976878613,2.11409325249093e-05,"Eukaryota","SAR","Rhizaria","Retaria","Polycystinea","Spumellaria"
"AB461943.1.1310",56,27,0.15606936416185,1.22010920590109e-05,"Archaea","Thaumarchaeota","Marine",NA,NA,NA
"AB467279.1.1507",53,27,0.15606936416185,1.12020123640582e-05,"Bacteria","Proteobacteria","Gammaproteobacteria","Cellvibrionales","Cellvibrionaceae","Umboniibacter"
"AB518965.1.1345",583,55,0.317919075144509,0.000146346528089036,"Bacteria","Proteobacteria","Gammaproteobacteria","Alteromonadales","Alteromonadaceae","Alteromonas"
"AB520821.1.1813",923,124,0.716763005780347,0.000239672066887942,"Eukaryota","SAR","Stramenopiles","Ochrophyta","Dictyochophyceae","Dictyochales"
"AB530182.1.1538",143,54,0.312138728323699,3.72429392809831e-05,"Bacteria","Chlamydiae","LD1-PA32","uncultured",NA,NA
"AB533979.1.1482",146,18,0.104046242774566,2.93748246502288e-05,"Bacteria","Bacteroidetes","Flavobacteriia","Flavobacteriales","Flavobacteriaceae","Gillisia"
"AB545808.1.1443",79,22,0.127167630057803,1.77688349336165e-05,"Bacteria","Bacteroidetes","Bacteroidetes",NA,NA,NA
"AB613239.1.1794",1146,44,0.254335260115607,0.000412437065618085,"Eukaryota","SAR","Rhizaria","Retaria","Polycystinea","Collodaria"
"AB680865.1.1456",149,36,0.208092485549133,2.9517696082548e-05,"Bacteria","Proteobacteria","Gammaproteobacteria","Oceanospirillales","Oceanospirillaceae","Oceanobacter"
"AB694240.1.1526",128,28,0.161849710982659,2.81652423498271e-05,"Bacteria","Gemmatimonadetes","BD2-11",NA,NA,NA
"AB694303.1.1516",107,25,0.144508670520231,2.47325806927817e-05,"Bacteria","Nitrospinae","MD2898-B26","uncultured",NA,NA
"AB694342.1.1525",132,31,0.179190751445087,2.8375829589738e-05,"Bacteria","Gemmatimonadetes","BD2-11",NA,NA,NA
"AB694349.1.1435",209,27,0.15606936416185,4.81259377389782e-05,"Bacteria","Chloroflexi","SAR202",NA,NA,NA
"AB694354.1.1388",626,44,0.254335260115607,0.00016548761156155,"Bacteria","Proteobacteria","Gammaproteobacteria","Oceanospirillales","Oceanospirillaceae","Pseudohongiella"
"AB694357.1.1427",286,36,0.208092485549133,5.72295575987653e-05,"Bacteria","Gemmatimonadetes","BD2-11",NA,NA,NA
"AB694379.1.1395",93,23,0.132947976878613,2.06819691745633e-05,"Bacteria","Chloroflexi","TK10","uncultured",NA,NA
"AB694387.1.1427",59,24,0.138728323699422,1.24839992089385e-05,"Bacteria","Nitrospinae","MD2898-B26","uncultured",NA,NA
"AB694414.1.1369",96,30,0.173410404624277,2.1566876651123e-05,"Bacteria","Proteobacteria","Alphaproteobacteria","Rhodospirillales","Rhodospirillaceae","uncultured"
"AB694422.1.1430",50,18,0.104046242774566,1.11461180341537e-05,"Bacteria","Acidobacteria","Subgroup",NA,NA,NA
"AB694428.1.1427",55,18,0.104046242774566,1.1916028224945e-05,"Bacteria","Acidobacteria","Subgroup",NA,NA,NA
"AB694432.1.1390",137,23,0.132947976878613,2.90834382575293e-05,"Bacteria","Chloroflexi","SAR202",NA,NA,NA
"AB694507.1.1465",153,21,0.121387283236994,3.37114914833153e-05,"Bacteria","Gemmatimonadetes","BD2-11",NA,NA,NA
"AB735546.1.1462",2778,64,0.369942196531792,0.000580694123812223,"Bacteria","Proteobacteria","Gammaproteobacteria","Salinisphaerales","Salinisphaeraceae","Salinisphaera"
"AB753929.1.1394",170,35,0.202312138728324,4.63782165398138e-05,"Bacteria","Cyanobacteria","Chloroplast","uncultured",NA,NA
"AB806173.1.1399",182,28,0.161849710982659,5.29796509367332e-05,"Bacteria","Cyanobacteria","Chloroplast","uncultured",NA,NA
"AB847985.1.1376",3520,49,0.283236994219653,0.000949111049780529,"Bacteria","Cyanobacteria","Chloroplast","Braarudosphaera",NA,NA
"AB858566.1.1346",88,18,0.104046242774566,1.95085163531656e-05,"Bacteria","Chloroflexi","SAR202",NA,NA,NA
"AB919367.1.1312",1044,34,0.196531791907514,0.000221920770026494,"Archaea","Thaumarchaeota","Marine",NA,NA,NA
"AB919381.1.1312",238,32,0.184971098265896,4.43659395474095e-05,"Archaea","Thaumarchaeota","Marine",NA,NA,NA
"AB919403.1.1320",169,18,0.104046242774566,4.08122400182012e-05,"Archaea","Euryarchaeota","Thermoplasmata","Thermoplasmatales","Marine",NA
"AB919432.1.1312",1487,42,0.242774566473988,0.000322533861507929,"Archaea","Thaumarchaeota","Marine",NA,NA,NA
"AB930652.1.1467",70,24,0.138728323699422,1.58666792414204e-05,"Bacteria","Proteobacteria","Betaproteobacteria","Methylophilales","Methylophilaceae","uncultured"
"AB935793.1.1383",54,31,0.179190751445087,1.30747489239394e-05,"Bacteria","Cyanobacteria","Cyanobacteria","SubsectionI","FamilyI","Synechococcus"
"AB948221.1.2020",129,51,0.294797687861272,3.65350365473763e-05,"Eukaryota","Excavata","Discoba","Discicristata","Euglenozoa","Kinetoplastea"
"AB973983.1.1341",2111,111,0.641618497109827,0.000552667790052156,"Archaea","Euryarchaeota","Thermoplasmata","Thermoplasmatales","Marine",NA
"AB973992.1.1343",6858,118,0.682080924855491,0.00159170103050563,"Archaea","Euryarchaeota","Thermoplasmata","Thermoplasmatales","Marine",NA
"AB973995.1.1325",1874,79,0.456647398843931,0.000450333351380263,"Archaea","Euryarchaeota","Thermoplasmata","Thermoplasmatales","Marine",NA
"AB973997.1.1340",1631,104,0.601156069364162,0.000368410467969412,"Archaea","Euryarchaeota","Thermoplasmata","Thermoplasmatales","Marine",NA
"AB974000.1.1343",1109,95,0.549132947976879,0.000254060504550461,"Archaea","Euryarchaeota","Thermoplasmata","Thermoplasmatales","Marine",NA
"AB974010.1.1445",135,34,0.196531791907514,3.69215251115587e-05,"Bacteria","Proteobacteria","Gammaproteobacteria","Alteromonadales","Colwelliaceae","Colwellia"
"AB974011.1.1435",234,74,0.427745664739884,5.16150700239351e-05,"Bacteria","Cyanobacteria","ML635J-21","uncultured",NA,NA
"AB974014.1.1410",1197,82,0.473988439306358,0.000256148142267103,"Bacteria","Proteobacteria","Alphaproteobacteria","Rhodospirillales","Rhodospirillaceae","uncultured"
"AB974016.1.1380",2017,123,0.710982658959538,0.000520429303788274,"Bacteria","Proteobacteria","Alphaproteobacteria","SAR11",NA,NA
"AB974028.1.1442",478,43,0.248554913294798,0.000140835958281295,"Bacteria","Proteobacteria","Gammaproteobacteria","Oceanospirillales","Oceanospirillaceae","Pseudohongiella"
"AB974029.1.1470",816,56,0.323699421965318,0.000207593464482669,"Bacteria","Verrucomicrobia","Opitutae","Puniceicoccales","Puniceicoccaceae","Pelagicoccus"
"AB974030.1.1420",82,21,0.121387283236994,2.34782327394972e-05,"Bacteria","Bacteroidetes","Cytophagia","Cytophagales","Flammeovirgaceae","uncultured"
"AB974036.1.1415",2791,109,0.630057803468208,0.000723488169487134,"Bacteria","Proteobacteria","Alphaproteobacteria","Rickettsiales","S25-593","uncultured"
"AB974040.1.1450",8074,98,0.566473988439306,0.00185076052763744,"Bacteria","Proteobacteria","Gammaproteobacteria","Salinisphaerales","Salinisphaeraceae","ZD0417"
"AB974041.1.1385",89,45,0.260115606936416,2.29009257064148e-05,"Bacteria","Proteobacteria","Alphaproteobacteria","SAR11",NA,NA
"AB974042.1.1430",946,78,0.450867052023121,0.000236522747060001,"Bacteria","Verrucomicrobia","Arctic97B-4",NA,NA,NA
"AB974045.1.1460",7572,112,0.647398843930636,0.00180105277831298,"Bacteria","Proteobacteria","Gammaproteobacteria","Oceanospirillales","SAR86",NA
"AB974047.1.1425",506,58,0.335260115606936,0.000123571735246914,"Bacteria","Bacteroidetes","Flavobacteriia","Flavobacteriales","Cryomorphaceae","NS10"
"AB974049.1.1400",1035,42,0.242774566473988,0.000264202478869638,"Bacteria","Cyanobacteria","Chloroplast","uncultured",NA,NA
"AB974050.1.1460",7864,120,0.69364161849711,0.00172505199386125,"Bacteria","Marinimicrobia",NA,NA,NA,NA
"AB974051.1.1440",892,54,0.312138728323699,0.000233698626660095,"Bacteria","Proteobacteria","Gammaproteobacteria","Oceanospirillales","SAR86",NA
"AB974058.1.1395",3560,146,0.84393063583815,0.00100545083161677,"Bacteria","Proteobacteria","Alphaproteobacteria","Rhodospirillales","Rhodospirillaceae","AEGEAN-169"
"AB974066.1.1455",65,37,0.213872832369942,1.57881048535304e-05,"Bacteria","Proteobacteria","Gammaproteobacteria","Vibrionales","Vibrionaceae","Vibrio"
"AB974068.1.1440",3091,87,0.502890173410405,0.000803313071519423,"Bacteria","Proteobacteria","Gammaproteobacteria","KI89A",NA,NA
"AB974071.1.1395",136,51,0.294797687861272,3.85300426812535e-05,"Bacteria","Proteobacteria","Alphaproteobacteria","Rickettsiales","SAR116",NA
"AB974079.1.1385",889,130,0.751445086705202,0.000246733288273203,"Bacteria","Proteobacteria","Alphaproteobacteria","SAR11",NA,NA
"AB974081.1.1465",1615,96,0.554913294797688,0.00034443009702253,"Bacteria","Marinimicrobia",NA,NA,NA,NA
"AB974082.1.1445",345,23,0.132947976878613,6.13201112786265e-05,"Bacteria","Nitrospirae","Nitrospira","Nitrospirales","Nitrospiraceae","Nitrospira"
"AB974085.1.1420",105,53,0.30635838150289,2.44862733042801e-05,"Bacteria","Verrucomicrobia","Verrucomicrobiae","Verrucomicrobiales","Rubritaleaceae","Rubritalea"
"AB974092.1.1385",69,48,0.277456647398844,1.6053877037474e-05,"Bacteria","Proteobacteria","Alphaproteobacteria","SAR11",NA,NA
"AB974095.1.1453",994,106,0.61271676300578,0.000219176419679518,"Bacteria","Marinimicrobia",NA,NA,NA,NA
"AB974096.1.1415",7812,92,0.531791907514451,0.00149819080118932,"Bacteria","Proteobacteria","Deltaproteobacteria","SAR324",NA,NA
"AB974097.1.1415",1418,102,0.589595375722543,0.000291113335462495,"Bacteria","Nitrospinae","Nitrospinia","Nitrospinales","Nitrospinaceae","uncultured"
"AB974099.1.1395",3454,137,0.791907514450867,0.000726241796579557,"Bacteria","Proteobacteria","Alphaproteobacteria","Rhodospirillales","Rhodospirillaceae","AEGEAN-169"
"AB974100.1.1445",478,56,0.323699421965318,0.000105596506320894,"Bacteria","Proteobacteria","Gammaproteobacteria","Oceanospirillales","OM182",NA
"AB974101.1.1445",649,67,0.38728323699422,0.000142112742252008,"Bacteria","Proteobacteria","Gammaproteobacteria","Salinisphaerales","Salinisphaeraceae","ZD0417"
"AB974105.1.1465",792,101,0.583815028901734,0.000202600605921171,"Bacteria","Marinimicrobia",NA,NA,NA,NA
"AB974107.1.1380",687,109,0.630057803468208,0.000188047879358641,"Bacteria","Proteobacteria","Alphaproteobacteria","SAR11",NA,NA
"AB974111.1.1430",610,47,0.271676300578035,0.000128607840449453,"Bacteria","Nitrospinae","Nitrospinia","Nitrospinales","Nitrospinaceae","uncultured"
"AB974113.1.1445",249,34,0.196531791907514,7.64915359232697e-05,"Bacteria","Proteobacteria","Gammaproteobacteria","Oceanospirillales","SAR86",NA
"AB974114.1.1425",579,35,0.202312138728324,0.000147452994943364,"Bacteria","Bacteroidetes","Flavobacteriia","Flavobacteriales","Flavobacteriaceae","Polaribacter"
"AB974121.1.1375",111,20,0.115606936416185,3.41165436786751e-05,"Bacteria","Proteobacteria","Alphaproteobacteria","Rhodobacterales","Rhodobacteraceae","uncultured"
"AB974122.1.1430",1731,99,0.572254335260116,0.000418791547757943,"Bacteria","Bacteroidetes","Flavobacteriia","Flavobacteriales","NS9",NA
"AB974123.1.1460",276,66,0.38150289017341,6.876153141579e-05,"Bacteria","Proteobacteria","Gammaproteobacteria","E01-9C-26",NA,NA
"AB974126.1.1425",2722,34,0.196531791907514,0.000546623357709475,"Bacteria","Actinobacteria","Acidimicrobiia","Acidimicrobiales","Sva0996",NA
"AB974129.1.1435",1955,102,0.589595375722543,0.000458090027091271,"Bacteria","Proteobacteria","Gammaproteobacteria","Gammaproteobacteria",NA,NA
"AB974134.1.1382",4024,139,0.803468208092486,0.000879487658292258,"Bacteria","Proteobacteria","Alphaproteobacteria","SAR11",NA,NA
"AB974137.1.1425",95,29,0.167630057803468,2.43726612094042e-05,"Bacteria","Nitrospinae","Nitrospinia","Nitrospinales","Nitrospinaceae","uncultured"
"AB974139.1.1390",15708,129,0.745664739884393,0.00377830308309485,"Bacteria","Proteobacteria","Alphaproteobacteria","Rickettsiales","Mitochondria","uncultured"
"AB974143.1.1420",2631,122,0.705202312138728,0.000577320788096365,"Bacteria","Bacteroidetes","Flavobacteriia","Flavobacteriales","NS9",NA
"AB974145.1.1470",1980,85,0.491329479768786,0.000381848802245751,"Bacteria","Marinimicrobia",NA,NA,NA,NA
"AB974150.1.1385",2290,108,0.624277456647399,0.000605348409807231,"Bacteria","Proteobacteria","Alphaproteobacteria","SAR11",NA,NA
"AB974153.1.1395",2636,25,0.144508670520231,0.000720651686088411,"Bacteria","Cyanobacteria","Chloroplast","uncultured",NA,NA
"AB974155.1.1383",640,95,0.549132947976879,0.000165254465925711,"Bacteria","Proteobacteria","Alphaproteobacteria","SAR11",NA,NA
"AB974159.1.1435",1102,73,0.421965317919075,0.000286909623409468,"Bacteria","Proteobacteria","Gammaproteobacteria","Gammaproteobacteria",NA,NA
"AB980103.1.1464",254,20,0.115606936416185,6.97900985497933e-05,"Bacteria","Verrucomicrobia","Verrucomicrobiae","Verrucomicrobiales","Verrucomicrobiaceae","Persicirhabdus"
"AB980107.1.1483",88,29,0.167630057803468,1.86310146478558e-05,"Bacteria","Proteobacteria","Deltaproteobacteria","Myxococcales","Sandaracinaceae","uncultured"
"ABCK01000018.55488.56984",120,37,0.213872832369942,2.86801073654641e-05,"Bacteria","Lentisphaerae","Lentisphaeria","Lentisphaerales","Lentisphaeraceae","Lentisphaera"
"ABEF01035295.3.1524",113,23,0.132947976878613,2.36462792363946e-05,"Bacteria","Proteobacteria","Gammaproteobacteria","Oceanospirillales","Oceanospirillaceae","Pseudohongiella"
"ABEF01046320.1.1206",268,28,0.161849710982659,6.11107893228383e-05,"Bacteria","Chloroflexi","SAR202",NA,NA,NA
"ABEF01053190.2655.3868",122,19,0.109826589595376,2.85899097067577e-05,"Bacteria","Nitrospinae","Nitrospinia","Nitrospinales","Nitrospinaceae","uncultured"
"ABEF01054107.3077.4560",3453,99,0.572254335260116,0.000702936494653565,"Bacteria","Proteobacteria","Deltaproteobacteria","SAR324",NA,NA
"ABEF01054488.3654.5112",2100,34,0.196531791907514,0.000461234568618217,"Archaea","Thaumarchaeota","Marine",NA,NA,NA
"AC236360.17941.19743",302,32,0.184971098265896,8.10760491648242e-05,"Eukaryota","SAR","Stramenopiles","Ochrophyta","Pelagophyceae","Pelagomonadales"
"ACJI01001305.31646.33372",420,47,0.271676300578035,0.000118207153022591,"Eukaryota","SAR","Stramenopiles","Ochrophyta","Pelagophyceae","Pelagomonadales"
"ACNW01000116.2679.4120",117,21,0.121387283236994,2.2146892062525e-05,"Bacteria","Proteobacteria","Alphaproteobacteria","Rhodobacterales","Rhodobacteraceae","Citreicella"
"ADAC02000001.853899.855372",421,71,0.410404624277457,0.000113323033374572,"Bacteria","Proteobacteria","Alphaproteobacteria","SAR11",NA,NA
"ADAE01000015.413.1876",369,55,0.317919075144509,8.17019353712576e-05,"Bacteria","Proteobacteria","Alphaproteobacteria","Sphingomonadales","Erythrobacteraceae","Erythrobacter"
"ADIF01000149.392.1892",1550,64,0.369942196531792,0.000371279975944606,"Bacteria","Bacteroidetes","Flavobacteriia","Flavobacteriales","Cryomorphaceae","uncultured"
"ADIF01001074.28.1553",115,30,0.173410404624277,2.89985637223935e-05,"Bacteria","Proteobacteria","Gammaproteobacteria","Oceanospirillales","Oceanospirillaceae","Balneatrix"
"AEUE01000008.155488.156954",1868,103,0.595375722543353,0.00039446964744449,"Bacteria","Proteobacteria","Alphaproteobacteria","Sphingomonadales","Erythrobacteraceae","Erythrobacter"
"AF001377.1.1408",79,23,0.132947976878613,2.10882489113531e-05,"Bacteria","Proteobacteria","Alphaproteobacteria","Rhodobacterales","Rhodobacteraceae","Octadecabacter"
"AF001653.1.1553",1383,130,0.751445086705202,0.000382990324537761,"Bacteria","Marinimicrobia",NA,NA,NA,NA
"AF001659.1.1490",876,28,0.161849710982659,0.000238517284775475,"Bacteria","Cyanobacteria","Chloroplast","environmental",NA,NA
"AF063241.1.1778",82,26,0.15028901734104,1.56456111358556e-05,"Eukaryota","SAR","Rhizaria","Retaria","Acantharia","Chaunocanthida"
"AF069516.1.1826",113,49,0.283236994219653,2.66812728758496e-05,"Eukaryota","SAR","Alveolata","Protalveolata","Syndiniales","Amoebophrya"
"AF091146.1.1792",354,32,0.184971098265896,0.000123231462165898,"Eukaryota","SAR","Rhizaria","Retaria","Polycystinea","Collodaria"
"AF098371.1.1444",3193,76,0.439306358381503,0.000702348203581539,"Bacteria","Cyanobacteria","Cyanobacteria","SubsectionI","FamilyI","Synechococcus"
"AF100940.1.1796",65,18,0.104046242774566,1.25522071510616e-05,"Eukaryota","Opisthokonta","Holozoa","Choanoflagellida","Craspedida","Codonosigidae"
"AF107082.1.1793",105,49,0.283236994219653,2.64638152182692e-05,"Eukaryota","Haptophyta","Prymnesiophyceae","Prymnesiales","OLI16029","unidentified"
"AF107089.1.1797",89,46,0.265895953757225,2.17220606188178e-05,"Eukaryota","Haptophyta","Prymnesiophyceae","Prymnesiales","OLI51059","unidentified"
"AF109322.1.1762",156,22,0.127167630057803,3.19659100615806e-05,"Eukaryota","SAR","Stramenopiles","Ochrophyta","Chrysophyceae","Ochromonadales"
"AF114498.1.1489",1079,66,0.38150289017341,0.000274070094713985,"Bacteria","Proteobacteria","Gammaproteobacteria","Alteromonadales","Alteromonadaceae","Alteromonas"
"AF114502.1.1530",91,29,0.167630057803468,1.8789696795078e-05,"Bacteria","Proteobacteria","Gammaproteobacteria","Alteromonadales","Alteromonadaceae","Alteromonas"
"AF114506.1.1503",83,24,0.138728323699422,2.34185396176759e-05,"Bacteria","Proteobacteria","Gammaproteobacteria","Alteromonadales","Alteromonadaceae","Alteromonas"
"AF114509.1.1614",75,30,0.173410404624277,1.869890491735e-05,"Bacteria","Proteobacteria","Gammaproteobacteria","Alteromonadales","Alteromonadaceae","Alteromonas"
"AF121095.1.906",2838,48,0.277456647398844,0.000596828400917795,"Archaea","Thaumarchaeota","Marine",NA,NA,NA
"AF121096.1.905",524,30,0.173410404624277,0.000110061660187771,"Archaea","Thaumarchaeota","Marine",NA,NA,NA
"AF121999.1.911",598,43,0.248554913294798,0.000112257575980348,"Archaea","Thaumarchaeota","Marine",NA,NA,NA
"AF172714.1.1797",64,28,0.161849710982659,1.81239416343566e-05,"Eukaryota","SAR","Alveolata","Dinoflagellata","Dinophyceae","Gymnodiniphycidae"
"AF235121.1.1536",223,61,0.352601156069364,5.70726102888012e-05,"Bacteria","Proteobacteria","Gammaproteobacteria","Legionellales","Coxiellaceae","Coxiella"
"AF239260.1.1699",201,79,0.456647398843931,5.00850496416245e-05,"Eukaryota","SAR","Alveolata","Protalveolata","Syndiniales","Amoebophrya"
"AF239705.1.1437",1034,87,0.502890173410405,0.000256639469586808,"Bacteria","Proteobacteria","Gammaproteobacteria","Alteromonadales","Alteromonadaceae","Alteromonas"
"AF257277.1.1402",2293,136,0.786127167630058,0.000562584077884736,"Archaea","Euryarchaeota","Thermoplasmata","Thermoplasmatales","Marine",NA
"AF280849.1.1505",77,20,0.115606936416185,1.80208591383826e-05,"Bacteria","Cyanobacteria","Melainabacteria","Obscuribacterales","uncultured",NA
"AF288157.1.1529",1318,70,0.404624277456647,0.000339519521733365,"Bacteria","Proteobacteria","Gammaproteobacteria","Alteromonadales","Alteromonadaceae","Marinobacter"
"AF290067.1.1654",160,61,0.352601156069364,4.45540823500778e-05,"Eukaryota","SAR","Alveolata","Protalveolata","Syndiniales","Syndiniales"
"AF290075.1.1671",62,30,0.173410404624277,1.63329246266649e-05,"Eukaryota","SAR","Alveolata","Protalveolata","Syndiniales","Syndiniales"
"AF290077.1.1679",63,33,0.190751445086705,1.44433950762455e-05,"Eukaryota","SAR","Alveolata","Protalveolata","Syndiniales","Amoebophrya"
"AF293673.1.1803",247,46,0.265895953757225,6.20171472997841e-05,"Eukaryota","Opisthokonta","Holozoa","Metazoa",NA,NA
"AF293682.1.1809",465,63,0.364161849710983,0.0001183281117189,"Eukaryota","Opisthokonta","Holozoa","Metazoa",NA,NA
"AF293683.1.1809",63,22,0.127167630057803,1.51854567495322e-05,"Eukaryota","Opisthokonta","Holozoa","Metazoa",NA,NA
"AF315604.1.1807",3458,29,0.167630057803468,0.000679923674597435,"Eukaryota","SAR","Stramenopiles","Bicosoecida","Pseudobodo","Pseudobodo"
"AF353226.1.1439",666,51,0.294797687861272,0.000190277231230525,"Bacteria","Proteobacteria","Alphaproteobacteria","SAR11",NA,NA
"AF354596.1.1492",122,46,0.265895953757225,3.04336948948663e-05,"Bacteria","Proteobacteria","Gammaproteobacteria","Pseudomonadales","Pseudomonadaceae","Pseudomonas"
"AF355050.1.1465",105,54,0.312138728323699,2.51579736190027e-05,"Bacteria","Proteobacteria","Epsilonproteobacteria","Campylobacterales","Helicobacteraceae","Sulfurimonas"
"AF355054.1.1421",233,28,0.161849710982659,5.10020343259154e-05,"Bacteria","Chloroflexi","SAR202",NA,NA,NA
"AF358062.1.1824",279,48,0.277456647398844,6.70404193144254e-05,"Eukaryota","Opisthokonta","Holozoa","Metazoa",NA,NA
"AF358094.1.1823",97,36,0.208092485549133,2.03717645123377e-05,"Eukaryota","Opisthokonta","Holozoa","Metazoa",NA,NA
"AF382126.1.1514",128,29,0.167630057803468,2.48705475532392e-05,"Bacteria","Proteobacteria","Deltaproteobacteria","Myxococcales","Sandaracinaceae","uncultured"
"AF382142.1.1524",183,42,0.242774566473988,3.60716040375086e-05,"Bacteria","Marinimicrobia",NA,NA,NA,NA
"AF382143.1.1502",363,44,0.254335260115607,7.34628742208964e-05,"Bacteria","Proteobacteria","Deltaproteobacteria","Bdellovibrionales","Bdellovibrionaceae","OM27"
"AF406525.1.1413",9570,114,0.658959537572254,0.00206507108368569,"Bacteria","Proteobacteria","Gammaproteobacteria","Oceanospirillales","SAR86",NA
"AF406530.1.1447",2583,90,0.520231213872832,0.000609751398452863,"Bacteria","Proteobacteria","Gammaproteobacteria","Oceanospirillales","SAR86",NA
"AF406533.1.1426",1260,88,0.508670520231214,0.000307698853778851,"Bacteria","Proteobacteria","Gammaproteobacteria","Oceanospirillales","SAR86",NA
"AF406542.1.1403",5083,101,0.583815028901734,0.00107752662036043,"Bacteria","Actinobacteria","Acidimicrobiia","Acidimicrobiales","OM1",NA
"AF468289.1.1432",614,37,0.213872832369942,0.000162817217214488,"Bacteria","Proteobacteria","Gammaproteobacteria","Oceanospirillales","Oceanospirillaceae","Oleispira"
"AF468303.1.1428",114,20,0.115606936416185,2.27889771038323e-05,"Bacteria","Bacteroidetes","Flavobacteriia","Flavobacteriales","Flavobacteriaceae","Ulvibacter"
"AF468306.1.1440",198,65,0.375722543352601,4.07208819097829e-05,"Bacteria","Proteobacteria","AEGEAN-245","uncultured",NA,NA
"AF472553.1.1817",79,46,0.265895953757225,2.05949120568457e-05,"Eukaryota","SAR","Alveolata","Protalveolata","Syndiniales","Amoebophrya"
"AF472555.1.1812",151,18,0.104046242774566,4.55269243128051e-05,"Eukaryota","SAR","Alveolata","Protalveolata","Syndiniales","Amoebophrya"
"AF514341.1.1802",685,45,0.260115606936416,0.000193073019946255,"Eukaryota","Opisthokonta","Holozoa","Metazoa",NA,NA
"AF530130.1.1397",184,22,0.127167630057803,5.29671020462708e-05,"Bacteria","Bacteroidetes","Flavobacteriia","Flavobacteriales","Flavobacteriaceae","cf."
"AF530524.1.1703",513,24,0.138728323699422,0.000115926117003278,"Eukaryota","SAR","Rhizaria","Retaria","Polycystinea","Collodaria"
"AF539773.1.1484",81,28,0.161849710982659,2.34250609674069e-05,"Bacteria","Proteobacteria","Gammaproteobacteria","Alteromonadales","Pseudoalteromonadaceae","Pseudoalteromonas"
"AFNV02000017.17008.18531",886,69,0.398843930635838,0.00019604739980974,"Bacteria","Proteobacteria","Gammaproteobacteria","Salinisphaerales","Salinisphaeraceae","Salinisphaera"
"AFXB01000010.558617.560090",3948,95,0.549132947976879,0.00116823725955658,"Bacteria","Proteobacteria","Alphaproteobacteria","Rickettsiales","SAR116",NA
"AGAU01000387.3534.5025",3070,93,0.53757225433526,0.00069116007910446,"Bacteria","Proteobacteria","Deltaproteobacteria","SAR324",NA,NA
"AHAL01010410.794.2002",78,38,0.219653179190751,1.97633593146702e-05,"Eukaryota","Haptophyta","Prymnesiophyceae","Isochrysidales","Emiliania","Emiliania"
"AHCG01000072.3865.5305",1046,49,0.283236994219653,0.000273827809067291,"Archaea","Euryarchaeota","Thermoplasmata","Thermoplasmatales","Marine",NA
"AJ133625.1.1270",1113,84,0.485549132947977,0.0002949947683545,"Archaea","Euryarchaeota","Thermoplasmata","Thermoplasmatales","Marine",NA
"AJ240999.1.1501",198,48,0.277456647398844,5.17663659748303e-05,"Bacteria","Proteobacteria","Deltaproteobacteria","Bdellovibrionales","Bacteriovoracaceae","Peredibacter"
"AJ244703.1.1492",294,31,0.179190751445087,6.30658364772218e-05,"Bacteria","Bacteroidetes","Flavobacteriia","Flavobacteriales","Flavobacteriaceae","Leeuwenhoekiella"
"AJ246273.1.1799",685,90,0.520231213872832,0.000173704965579249,"Eukaryota","Haptophyta","Prymnesiophyceae","Prymnesiales","Chrysochromulina","Chrysochromulina"
"AJ294747.1.1534",89,30,0.173410404624277,2.36760833154833e-05,"Bacteria","Proteobacteria","Gammaproteobacteria","Alteromonadales","Colwelliaceae","Thalassomonas"
"AJ402330.1.1758",67,28,0.161849710982659,1.37378949630164e-05,"Eukaryota","SAR","Alveolata","Protalveolata","Syndiniales","Syndiniales"
"AJ402338.1.1758",83,42,0.242774566473988,2.30624219607758e-05,"Eukaryota","SAR","Alveolata","Protalveolata","Syndiniales","Amoebophrya"
"AJ402339.1.1758",902,78,0.450867052023121,0.000216995854574404,"Eukaryota","SAR","Stramenopiles","MAST-1","MAST-1A","eukaryote"
"AJ402351.1.1758",186,55,0.317919075144509,5.16821844570386e-05,"Eukaryota","Haptophyta","Prymnesiophyceae","Prymnesiales","eukaryote",NA
"AJ402355.1.1758",160,59,0.341040462427746,4.67507633766448e-05,"Eukaryota","SAR","Stramenopiles","MAST-7","MAST-7D","eukaryote"
"AJ536462.1.1456",51,18,0.104046242774566,1.49241584787062e-05,"Bacteria","Cyanobacteria","Chloroplast","Coscinodiscus",NA,NA
"AJ564767.1.1831",163,65,0.375722543352601,4.13174633420558e-05,"Eukaryota","Incertae",NA,NA,NA,NA
"AJ567563.1.1463",81,19,0.109826589595376,1.97529175473295e-05,"Bacteria","Proteobacteria","Alphaproteobacteria","Rhodospirillales","Rhodospirillaceae","uncultured"
"AJ567590.1.1520",86,27,0.15606936416185,1.81311255246891e-05,"Bacteria","PAUC34f","uncultured",NA,NA,NA
"AJ567595.1.1519",161,21,0.121387283236994,3.46730128417062e-05,"Bacteria","Gemmatimonadetes","BD2-11",NA,NA,NA
"AJ567609.1.1486",85,21,0.121387283236994,1.89296936180336e-05,"Bacteria","Chloroflexi","SAR202",NA,NA,NA
"AJ581349.1.1511",159,62,0.358381502890173,3.3722457503863e-05,"Bacteria","Proteobacteria","Gammaproteobacteria","Oceanospirillales","OM182",NA
"AJ890099.1.1469",513,70,0.404624277456647,0.000108735312213077,"Bacteria","Proteobacteria","Alphaproteobacteria","Rhodospirillales","Rhodospirillaceae","Magnetospira"
"AJKR01000002.555441.556954",2574,28,0.161849710982659,0.000777210950050977,"Bacteria","Actinobacteria","Actinobacteria","Micrococcales","Microbacteriaceae","Candidatus"
"AJUG01000001.1490901.1492402",215,26,0.15028901734104,4.79210205847265e-05,"Bacteria","Bacteroidetes","Flavobacteriia","Flavobacteriales","Flavobacteriaceae","Joostella"
"AJXC01000443.5756.7214",418,36,0.208092485549133,8.52338102416756e-05,"Archaea","Thaumarchaeota","Marine",NA,NA,NA
"AJXC01002904.641.2162",630,19,0.109826589595376,0.000139377067900645,"Bacteria","Proteobacteria","Betaproteobacteria","Methylophilales","Methylophilaceae","Methylotenera"
"AJXC01004589.237.1590",1049,72,0.416184971098266,0.000239225518539437,"Bacteria","Marinimicrobia",NA,NA,NA,NA
"AJXC01007386.664.1844",955,89,0.514450867052023,0.000214008722714646,"Archaea","Euryarchaeota","Thermoplasmata","Thermoplasmatales","Marine",NA
"AM259746.1.1438",2575,111,0.641618497109827,0.000733309778349117,"Bacteria","Cyanobacteria","Chloroplast","uncultured",NA,NA
"AM259845.1.1375",201,35,0.202312138728324,5.5865727423317e-05,"Bacteria","Proteobacteria","Gammaproteobacteria","Oceanospirillales","Oceanospirillaceae","Pseudohongiella"
"AM259923.1.1491",67,22,0.127167630057803,1.31408856373513e-05,"Bacteria","Chloroflexi","SAR202",NA,NA,NA
"AM279185.8.1486",1223,76,0.439306358381503,0.000344690136100662,"Bacteria","Bacteroidetes","Flavobacteriia","Flavobacteriales","Flavobacteriaceae","NS4"
"AM396933.1.1523",71,25,0.144508670520231,2.04312507066022e-05,"Bacteria","Proteobacteria","Gammaproteobacteria","Pseudomonadales","Pseudomonadaceae","Pseudomonas"
"AM491003.1.1723",176,61,0.352601156069364,4.67731240909659e-05,"Eukaryota","Haptophyta","Prymnesiophyceae","Prymnesiales","Prymnesium","Prymnesium"
"AM491015.1.1801",164,56,0.323699421965318,4.73261255593031e-05,"Eukaryota","Haptophyta","Prymnesiophyceae","Prymnesiales","Imantonia","cf."
"AM491017.1.1785",377,74,0.427745664739884,9.49429738326717e-05,"Eukaryota","Haptophyta","Prymnesiophyceae","Prymnesiales","Chrysochromulina","Chrysochromulina"
"AM491020.1.1784",134,62,0.358381502890173,3.58444759604344e-05,"Eukaryota","Haptophyta","Prymnesiophyceae","Prymnesiales","Chrysochromulina","Chrysochromulina"
"AM747314.1.1270",4528,120,0.69364161849711,0.00116036609023291,"Bacteria","Proteobacteria","Alphaproteobacteria","SAR11",NA,NA
"AM747332.1.1244",2723,104,0.601156069364162,0.00067117683703644,"Bacteria","Proteobacteria","Alphaproteobacteria","Rhodobacterales","Rhodobacteraceae","uncultured"
"AM747335.1.1271",63,25,0.144508670520231,1.80466205563018e-05,"Bacteria","Proteobacteria","Gammaproteobacteria","Pseudomonadales","Moraxellaceae","Acinetobacter"
"AM747363.1.1323",577,42,0.242774566473988,0.000178968396148472,"Bacteria","Bacteroidetes","Flavobacteriia","Flavobacteriales","Flavobacteriaceae","NS4"
"AM747382.1.1283",2815,70,0.404624277456647,0.00081180094650144,"Bacteria","Cyanobacteria","Chloroplast","uncultured",NA,NA
"AM779755.1.1802",668,103,0.595375722543353,0.000169336255662144,"Eukaryota","Haptophyta","Prymnesiophyceae","Prymnesiales","Prymnesium","Prymnesium"
"AM990656.1.1426",111,36,0.208092485549133,2.66084193142043e-05,"Bacteria","Bacteroidetes","Flavobacteriia","Flavobacteriales","Flavobacteriaceae","Winogradskyella"
"AM990657.1.1462",254,48,0.277456647398844,8.40222992001605e-05,"Bacteria","Proteobacteria","Gammaproteobacteria","Alteromonadales","Alteromonadaceae","Alteromonas"
"AM990836.1.1468",55,29,0.167630057803468,1.38088488086575e-05,"Bacteria","Proteobacteria","Gammaproteobacteria","Vibrionales","Vibrionaceae","Photobacterium"
"AM997299.1.1488",85,20,0.115606936416185,1.78427842060195e-05,"Bacteria","Acidobacteria","Subgroup",NA,NA,NA
"AM997313.1.1476",572,31,0.179190751445087,0.000123189691848755,"Bacteria","Chloroflexi","SAR202",NA,NA,NA
"AM997335.1.1479",593,32,0.184971098265896,0.000130315349526111,"Bacteria","Chloroflexi","SAR202",NA,NA,NA
"AM997436.1.1474",231,24,0.138728323699422,5.17880401208878e-05,"Bacteria","Chloroflexi","SAR202",NA,NA,NA
"AM997449.1.1494",65,19,0.109826589595376,1.28438147266596e-05,"Bacteria","Acidobacteria","Subgroup",NA,NA,NA
"AM997469.1.1480",186,41,0.236994219653179,3.96223650400571e-05,"Bacteria","Chloroflexi","SAR202",NA,NA,NA
"AM997713.1.1475",146,41,0.236994219653179,3.33606779193807e-05,"Bacteria","Verrucomicrobia","Opitutae","Puniceicoccales","Puniceicoccaceae","Cerasicoccus"
"AM997730.1.1486",107,30,0.173410404624277,3.11551713266053e-05,"Bacteria","Bacteroidetes","Flavobacteriia","Flavobacteriales","Flavobacteriaceae","uncultured"
"AM997760.1.1457",130,19,0.109826589595376,2.52085324565997e-05,"Bacteria","Chloroflexi","SAR202",NA,NA,NA
"AM997765.1.1455",1195,40,0.23121387283237,0.000241627424110574,"Bacteria","Chloroflexi","SAR202",NA,NA,NA
"AM997774.1.1464",181,24,0.138728323699422,3.65251246113312e-05,"Bacteria","Chloroflexi","SAR202",NA,NA,NA
"AM997826.1.1405",213,34,0.196531791907514,5.97378171881581e-05,"Bacteria","Proteobacteria","Gammaproteobacteria","Oceanospirillales","uncultured",NA
"AM997863.1.1481",94,20,0.115606936416185,2.06246554544526e-05,"Bacteria","Bacteroidetes","Flavobacteriia","Flavobacteriales","NS9",NA
"AM997919.1.1471",146,25,0.144508670520231,3.20278398776302e-05,"Bacteria","Chloroflexi","SAR202",NA,NA,NA
"AMRV01000034.30.1498",168,21,0.121387283236994,3.5847821918873e-05,"Bacteria","Proteobacteria","Alphaproteobacteria","Sphingomonadales","Sphingomonadaceae","uncultured"
"AMWC01000015.440.1879",480,64,0.369942196531792,0.000123299647479847,"Bacteria","Proteobacteria","Alphaproteobacteria","Rhodobacterales","Rhodobacteraceae","uncultured"
"AP014625.103765.105247",1749,110,0.635838150289017,0.000496631539055916,"Bacteria","Cyanobacteria","Chloroplast","Triparma",NA,NA
"APNK01000077.6.1547",143,29,0.167630057803468,2.87287469049611e-05,"Bacteria","Proteobacteria","Gammaproteobacteria","Salinisphaerales","Salinisphaeraceae","Salinisphaera"
"AQQX01000038.3721.5189",520,78,0.450867052023121,0.000122235748611181,"Bacteria","Proteobacteria","Alphaproteobacteria","Rhodobacterales","Rhodobacteraceae","Oceanicola"
"AQTX01000014.3416.4856",2646,34,0.196531791907514,0.000540826895590057,"Archaea","Euryarchaeota","Thermoplasmata","Thermoplasmatales","Marine",NA
"AQVN01000258.23079.24545",955,91,0.526011560693642,0.000196159669104474,"Bacteria","Proteobacteria","Alphaproteobacteria","Rhodospirillales","Rhodospirillaceae","AEGEAN-169"
"ARCO01000012.23152.24420",534,37,0.213872832369942,0.000109093196195964,"Bacteria","Chloroflexi","SAR202",NA,NA,NA
"ARQS01000006.32216.33723",9110,92,0.531791907514451,0.00212644991619684,"Bacteria","Actinobacteria","Acidimicrobiia","Acidimicrobiales","OM1",NA
"ARRJ01000012.8122.9667",500,35,0.202312138728324,0.000153772961884927,"Bacteria","Verrucomicrobia","OPB35",NA,NA,NA
"ARTD01000013.14481.15976",6237,44,0.254335260115607,0.00170377162401143,"Bacteria","Bacteroidetes","Flavobacteriia","Flavobacteriales","Flavobacteriaceae","Polaribacter"
"ASPI01000040.483.2021",72,18,0.104046242774566,1.86596120239734e-05,"Bacteria","Marinimicrobia",NA,NA,NA,NA
"ASPJ01000020.8825.10366",3129,90,0.520231213872832,0.000640924169912893,"Bacteria","Marinimicrobia",NA,NA,NA,NA
"ATUR01000005.1108.2578",906,45,0.260115606936416,0.000195098195607419,"Bacteria","Proteobacteria","Alphaproteobacteria","Sphingomonadales","Sphingomonadaceae","Sphingopyxis"
"ATUS01000006.446.1961",902,50,0.289017341040462,0.00022264825914471,"Bacteria","Proteobacteria","Gammaproteobacteria","Cellvibrionales","Spongiibacteraceae","Spongiibacter"
"ATVJ01000005.3786.5218",1556,81,0.468208092485549,0.000336976258501026,"Bacteria","Proteobacteria","Alphaproteobacteria","Caulobacterales","Hyphomonadaceae","Ponticaulis"
"ATXK01000033.74.1540",59,30,0.173410404624277,1.4207357040288e-05,"Bacteria","Proteobacteria","Alphaproteobacteria","Rhizobiales","Aurantimonadaceae","Aurantimonas"
"ATZY01000070.163.1522",717,32,0.184971098265896,0.000167111256333327,"Bacteria","Proteobacteria","Alphaproteobacteria","Rickettsiales","Mitochondria","Proteobacteria"
"AUHF01000011.3749.5258",698,67,0.38728323699422,0.000183555964532063,"Bacteria","Bacteroidetes","Flavobacteriia","Flavobacteriales","Flavobacteriaceae","Gramella"
"AUIM01000007.864750.866216",475,56,0.323699421965318,0.000107234254342706,"Bacteria","Proteobacteria","Alphaproteobacteria","Rhodobacterales","Rhodobacteraceae","Stappia"
"AULP01000002.2172.3685",72,22,0.127167630057803,1.56793234876202e-05,"Bacteria","Proteobacteria","Gammaproteobacteria","Cellvibrionales","Spongiibacteraceae","Spongiibacter"
"AVPN01000298.50219.52023",53,29,0.167630057803468,1.26329120294914e-05,"Eukaryota","Opisthokonta","Holozoa","Metazoa",NA,NA
"AXAQ01000009.2607.4040",88,33,0.190751445086705,2.01735665956103e-05,"Bacteria","Proteobacteria","Alphaproteobacteria","Caulobacterales","Hyphomonadaceae","Hyphomonas"
"AXVV01000008.16730.18248",445,42,0.242774566473988,9.4632583908179e-05,"Bacteria","Proteobacteria","Gammaproteobacteria","Cellvibrionales","Cellvibrionaceae","uncultured"
"AXWN01000011.7871.9346",1030,81,0.468208092485549,0.000228723588731293,"Bacteria","Planctomycetes","Phycisphaerae","Phycisphaerales","Phycisphaeraceae","JL-ETNP-F27"
"AY116220.1.1429",181,47,0.271676300578035,4.58340821992677e-05,"Eukaryota","SAR","Stramenopiles","MAST-8","MAST-8D","uncultured"
"AY116221.1.1791",54,26,0.15028901734104,1.39411468504113e-05,"Eukaryota","SAR","Stramenopiles","MAST-3","MAST-3J","uncultured"
"AY117418.1.1844",442,21,0.121387283236994,0.000102225693571857,"Eukaryota","Excavata","Discoba","Jakobida","Jakoba","Jakoba"
"AY129029.1.1781",57,21,0.121387283236994,1.29855483556557e-05,"Eukaryota","SAR","Alveolata","Protalveolata","Syndiniales","Syndiniales"
"AY129031.1.1799",214,54,0.312138728323699,6.44759470131219e-05,"Eukaryota","SAR","Alveolata","Protalveolata","Syndiniales","Amoebophrya"
"AY129032.1.1796",57,26,0.15028901734104,1.5789427691315e-05,"Eukaryota","SAR","Alveolata","Protalveolata","Syndiniales","Syndiniales"
"AY129040.1.1796",138,32,0.184971098265896,4.21830002753147e-05,"Eukaryota","SAR","Alveolata","Protalveolata","Syndiniales","Amoebophrya"
"AY129052.1.1800",129,50,0.289017341040462,3.53770265135185e-05,"Eukaryota","SAR","Alveolata","Protalveolata","Syndiniales","Syndiniales"
"AY129061.1.1800",1064,116,0.670520231213873,0.00028159087401269,"Eukaryota","SAR","Stramenopiles","MAST-7","MAST-7B","uncultured"
"AY135663.1.1454",647,45,0.260115606936416,0.00017813514735172,"Bacteria","Proteobacteria","Gammaproteobacteria","Oceanospirillales","SAR86",NA
"AY135671.1.1408",62,25,0.144508670520231,2.05051069819877e-05,"Bacteria","Proteobacteria","Alphaproteobacteria","Rhodospirillales","Rhodospirillaceae","OM75"
"AY162079.1.1355",84,25,0.144508670520231,1.8725845266701e-05,"Bacteria","Proteobacteria","Alphaproteobacteria","Rhodospirillales","Rhodospirillaceae","uncultured"
"AY162112.1.1322",62,20,0.115606936416185,1.1923558535682e-05,"Bacteria","Proteobacteria","Alphaproteobacteria","Rhodobacterales","Rhodobacteraceae","Tropicimonas"
"AY167319.1.1473",330,26,0.15028901734104,7.37742364043089e-05,"Bacteria","Bacteroidetes","Flavobacteriia","Flavobacteriales","Flavobacteriaceae","Polaribacter"
"AY167330.1.1440",83,22,0.127167630057803,2.7718148318705e-05,"Bacteria","Proteobacteria","Gammaproteobacteria","Alteromonadales","Colwelliaceae","Colwellia"
"AY177713.1.1304",172,46,0.265895953757225,3.6214712748312e-05,"Bacteria","Proteobacteria","Alphaproteobacteria","Sphingomonadales","Erythrobacteraceae","Erythrobacter"
"AY208893.1.1819",306,89,0.514450867052023,7.5695083729128e-05,"Eukaryota","SAR","Alveolata","Protalveolata","Syndiniales","Amoebophrya"
"AY208894.1.1813",222,63,0.364161849710983,6.10901129729881e-05,"Eukaryota","SAR","Alveolata","Protalveolata","Syndiniales","Amoebophrya"
"AY248745.1.1758",248,34,0.196531791907514,7.38526218238976e-05,"Eukaryota","SAR","Stramenopiles","Ochrophyta","Diatomea","Bacillariophytina"
"AY258118.1.1416",962,45,0.260115606936416,0.000195748367210394,"Bacteria","Bacteroidetes","Cytophagia","Cytophagales","Flammeovirgaceae","Marinoscillum"
"AY258122.1.1403",119,42,0.242774566473988,2.85523920162234e-05,"Bacteria","Bacteroidetes","Flavobacteriia","Flavobacteriales","Cryomorphaceae","Owenweeksia"
"AY266295.1.1790",99,23,0.132947976878613,3.25721477543054e-05,"Eukaryota","SAR","Rhizaria","Retaria","Polycystinea","Collodaria"
"AY274839.1.1522",3588,30,0.173410404624277,0.000850352368106608,"Bacteria","Bacteroidetes","Flavobacteriia","Flavobacteriales","Cryomorphaceae","uncultured"
"AY274842.1.1437",101,61,0.352601156069364,2.93423909895534e-05,"Bacteria","Proteobacteria","Alphaproteobacteria","SAR11",NA,NA
"AY285943.1.1337",150,32,0.184971098265896,4.29804445895002e-05,"Bacteria","Bacteroidetes","Flavobacteriia","Flavobacteriales","Flavobacteriaceae","Polaribacter"
"AY295631.1.1710",156,23,0.132947976878613,3.78254916976207e-05,"Eukaryota","SAR","Stramenopiles","MAST-3","MAST-3I","uncultured"
"AY335857.1.1683",128,25,0.144508670520231,2.80207458260058e-05,"Eukaryota","Opisthokonta","Holozoa","Metazoa",NA,NA
"AY340591.1.1755",205,25,0.144508670520231,6.03106942863792e-05,"Eukaryota","SAR","Alveolata","Protalveolata","Incertae",NA
"AY344429.1.1480",120,38,0.219653179190751,3.03212305366489e-05,"Bacteria","Proteobacteria","Gammaproteobacteria","Alteromonadales","Alteromonadaceae","Alteromonas"
"AY345405.1.1528",1244,68,0.393063583815029,0.000283667707357996,"Bacteria","Proteobacteria","Gammaproteobacteria","Alteromonadales","Alteromonadaceae","Aestuariibacter"
"AY349461.1.1332",100,24,0.138728323699422,2.13261704929076e-05,"Bacteria","Proteobacteria","Gammaproteobacteria","Oceanospirillales","Halomonadaceae","Halomonas"
"AY375131.1.1448",179,23,0.132947976878613,3.74177264155447e-05,"Bacteria","Proteobacteria","Alphaproteobacteria","Sphingomonadales","Erythrobacteraceae","Altererythrobacter"
"AY375133.1.1446",181,52,0.300578034682081,4.22851027987699e-05,"Bacteria","Proteobacteria","Alphaproteobacteria","Sphingomonadales","Erythrobacteraceae","Altererythrobacter"
"AY381171.1.1732",59,30,0.173410404624277,1.49944620298204e-05,"Eukaryota","SAR","Stramenopiles","Labyrinthulomycetes","HE001005.112","uncultured"
"AY381181.1.1808",228,33,0.190751445086705,6.11178812197213e-05,"Eukaryota","SAR","Stramenopiles","Labyrinthulomycetes","D52","uncultured"
"AY381196.1.1821",251,52,0.300578034682081,7.6415955745584e-05,"Eukaryota","SAR","Stramenopiles","MAST-11","uncultured",NA
"AY381200.1.1796",236,76,0.439306358381503,6.2741379883452e-05,"Eukaryota","SAR","Stramenopiles","MAST-3","MAST-3K","uncultured"
"AY381217.1.1781",140,51,0.294797687861272,3.60088221544381e-05,"Eukaryota","SAR","Stramenopiles","MAST-9","MAST-9A","uncultured"
"AY386333.1.1364",198,19,0.109826589595376,5.11584341461495e-05,"Bacteria","Proteobacteria","Gammaproteobacteria","Cellvibrionales","Spongiibacteraceae","uncultured"
"AY458632.37175.38720",3492,65,0.375722543352601,0.000718031516276516,"Bacteria","Proteobacteria","Gammaproteobacteria","Oceanospirillales","SAR86",NA
"AY520446.1.1695",468,34,0.196531791907514,0.000123493963097994,"Eukaryota","SAR","Stramenopiles","Bicosoecida","Caecitellus","Caecitellus"
"AY534088.1.1290",3053,66,0.38150289017341,0.000604242522077677,"Bacteria","Chloroflexi","SAR202",NA,NA,NA
"AY534090.1.1498",74,21,0.121387283236994,1.28121558973687e-05,"Bacteria","Chloroflexi","SAR202",NA,NA,NA
"AY534091.1.1511",415,34,0.196531791907514,9.51501576811776e-05,"Bacteria","Chloroflexi","SAR202",NA,NA,NA
"AY534092.1.1513",199,25,0.144508670520231,4.19245167537575e-05,"Bacteria","Chloroflexi","SAR202",NA,NA,NA
"AY534094.1.1503",139,23,0.132947976878613,2.78414597074514e-05,"Bacteria","Chloroflexi","SAR202",NA,NA,NA
"AY534095.1.1505",426,37,0.213872832369942,8.07922611000718e-05,"Bacteria","Chloroflexi","SAR202",NA,NA,NA
"AY534096.1.1494",1639,63,0.364161849710983,0.000309542094204372,"Bacteria","Chloroflexi","SAR202",NA,NA,NA
"AY534097.1.1494",3597,68,0.393063583815029,0.000710630411710681,"Bacteria","Chloroflexi","SAR202",NA,NA,NA
"AY534099.1.1476",4179,71,0.410404624277457,0.000757123807006828,"Bacteria","Chloroflexi","SAR202",NA,NA,NA
"AY592226.1.1263",100,24,0.138728323699422,2.01745860991223e-05,"Bacteria","Acidobacteria","Subgroup",NA,NA,NA
"AY627382.1.1532",359,32,0.184971098265896,0.000129731219821714,"Bacteria","Proteobacteria","Gammaproteobacteria","Oceanospirillales","OM182",NA
"AY627439.1.1193",94,27,0.15606936416185,2.02032467594985e-05,"Archaea","Thaumarchaeota","Marine",NA,NA,NA
"AY627456.1.1200",244,28,0.161849710982659,5.11358603781496e-05,"Archaea","Thaumarchaeota","Marine",NA,NA,NA
"AY627457.1.1110",211,33,0.190751445086705,4.73648874122891e-05,"Archaea","Thaumarchaeota","Marine",NA,NA,NA
"AY649762.1.1474",644,67,0.38728323699422,0.000148613975702208,"Bacteria","Proteobacteria","Alphaproteobacteria","Rhizobiales","Aurantimonadaceae","Martelella"
"AY663893.1.1242",1119,87,0.502890173410405,0.000288339774175145,"Bacteria","Cyanobacteria","Chloroplast","uncultured",NA,NA
"AY663919.1.1212",87,33,0.190751445086705,2.60951466752646e-05,"Bacteria","Actinobacteria","Acidimicrobiia","Acidimicrobiales","Acidimicrobiaceae","uncultured"
"AY663934.1.1237",738,84,0.485549132947977,0.000190377228129418,"Bacteria","Cyanobacteria","Chloroplast","uncultured",NA,NA
"AY664011.1.1207",53,29,0.167630057803468,1.61821468688504e-05,"Bacteria","Cyanobacteria","Cyanobacteria","SubsectionI","FamilyI","Synechococcus"
"AY664014.1.1218",613,55,0.317919075144509,0.000168052749645065,"Bacteria","Cyanobacteria","Cyanobacteria","SubsectionI","FamilyI","Synechococcus"
"AY664056.1.1253",144,36,0.208092485549133,3.08834115960547e-05,"Bacteria","Proteobacteria","Gammaproteobacteria","Oceanospirillales","Halomonadaceae","Salinicola"
"AY664058.1.1222",55,19,0.109826589595376,1.24513444764654e-05,"Bacteria","Cyanobacteria","Cyanobacteria","SubsectionI","FamilyI","Synechococcus"
"AY664063.1.1247",86,50,0.289017341040462,2.45743288399397e-05,"Bacteria","Proteobacteria","Alphaproteobacteria","Rickettsiales","SAR116",NA
"AY664083.1.1206",12142,138,0.797687861271676,0.00283549207773163,"Bacteria","Proteobacteria","Alphaproteobacteria","SAR11",NA,NA
"AY664087.1.1207",47262,115,0.664739884393064,0.0107806915204686,"Bacteria","Cyanobacteria","Cyanobacteria","SubsectionI","FamilyI","Prochlorococcus"
"AY664095.1.1204",2308,95,0.549132947976879,0.000628997491751665,"Bacteria","Proteobacteria","Alphaproteobacteria","Rickettsiales","SAR116",NA
"AY664104.1.1218",60,35,0.202312138728324,1.69561462255515e-05,"Bacteria","Proteobacteria","Alphaproteobacteria","SAR11",NA,NA
"AY664138.1.1204",601,71,0.410404624277457,0.000153113629738109,"Bacteria","Cyanobacteria","Chloroplast","uncultured",NA,NA
"AY664141.1.1200",57,38,0.219653179190751,1.52440166954285e-05,"Bacteria","Proteobacteria","Alphaproteobacteria","Rhodobacterales","Rhodobacteraceae","uncultured"
"AY664178.1.1215",155,57,0.329479768786127,4.02904976446056e-05,"Bacteria","Cyanobacteria","Cyanobacteria","SubsectionI","FamilyI","Synechococcus"
"AY664915.1.1739",55,28,0.161849710982659,1.50411021647452e-05,"Eukaryota","SAR","Alveolata","Ciliophora","Intramacronucleata","Spirotrichea"
"AY664948.1.1754",70,32,0.184971098265896,1.58400799718497e-05,"Eukaryota","SAR","Alveolata","Dinoflagellata","Dinophyceae","Gymnodiniphycidae"
"AY664959.1.1752",61,37,0.213872832369942,1.35941433643937e-05,"Eukaryota","SAR","Alveolata","Protalveolata","Syndiniales","Syndiniales"
"AY664968.1.1756",182,60,0.346820809248555,5.63366645252934e-05,"Eukaryota","SAR","Alveolata","Dinoflagellata","Dinophyceae","Gymnodiniphycidae"
"AY664992.1.1754",105,27,0.15606936416185,2.2069280922154e-05,"Eukaryota","SAR","Alveolata","Protalveolata","Syndiniales","Syndiniales"
"AY665001.1.1752",253,72,0.416184971098266,6.89077148572141e-05,"Eukaryota","SAR","Alveolata","Protalveolata","Syndiniales","Amoebophrya"
"AY665003.1.1755",60,27,0.15606936416185,1.48720895561411e-05,"Eukaryota","SAR","Alveolata","Dinoflagellata","Dinophyceae","Peridiniphycidae"
"AY665007.1.1754",57,20,0.115606936416185,1.40527952544364e-05,"Eukaryota","SAR","Alveolata","Dinoflagellata","Dinophyceae","Peridiniphycidae"
"AY665010.1.1749",81,27,0.15606936416185,2.05508065259817e-05,"Eukaryota","SAR","Rhizaria","Retaria","RAD",NA
"AY665034.1.1752",74,35,0.202312138728324,1.64231804999673e-05,"Eukaryota","SAR","Alveolata","Protalveolata","Syndiniales","Syndiniales"
"AY665045.1.1753",69,36,0.208092485549133,1.7836719655403e-05,"Eukaryota","SAR","Alveolata","Dinoflagellata","Dinophyceae","Gymnodiniphycidae"
"AY665050.1.1744",161,52,0.300578034682081,3.83786653612423e-05,"Eukaryota","SAR","Alveolata","Dinoflagellata","Dinophyceae","Gymnodiniphycidae"
"AY665058.1.1741",124,42,0.242774566473988,2.84063203100533e-05,"Eukaryota","SAR","Alveolata","Protalveolata","Syndiniales","uncultured"
"AY665067.1.1745",126,18,0.104046242774566,2.82895695280003e-05,"Eukaryota","SAR","Rhizaria","Retaria","RAD",NA
"AY665069.1.1722",75,39,0.225433526011561,1.7641935591738e-05,"Eukaryota","SAR","Alveolata","Ciliophora","Intramacronucleata","Conthreep"
"AY665071.1.1745",217,58,0.335260115606936,5.13873391340288e-05,"Eukaryota","SAR","Alveolata","Protalveolata","Syndiniales","uncultured"
"AY665074.1.1629",111,28,0.161849710982659,2.63559145228881e-05,"Eukaryota","SAR","Alveolata","Ciliophora","Intramacronucleata","Litostomatea"
"AY665087.1.2016",65,34,0.196531791907514,1.3850634777918e-05,"Eukaryota","Excavata","Discoba","Discicristata","Euglenozoa","Diplonemea"
"AY665092.1.1637",146,35,0.202312138728324,3.57279141862686e-05,"Eukaryota","SAR","Alveolata","Protalveolata","Syndiniales","Syndiniales"
"AY697875.1.1469",65,46,0.265895953757225,1.90637131419672e-05,"Bacteria","Proteobacteria","Alphaproteobacteria","SAR11",NA,NA
"AY697876.1.1437",2189,153,0.884393063583815,0.000592320171264313,"Bacteria","Proteobacteria","Alphaproteobacteria","SAR11",NA,NA
"AY697907.1.1305",87,24,0.138728323699422,2.19024475285666e-05,"Bacteria","Proteobacteria","Gammaproteobacteria","Alteromonadales","Alteromonadaceae","Paraglaciecola"
"AY697923.1.1462",215,26,0.15028901734104,6.52724119026868e-05,"Bacteria","Bacteroidetes","Flavobacteriia","Flavobacteriales","Flavobacteriaceae","NS3a"
"AY700630.1.1436",2381,122,0.705202312138728,0.000593933154598202,"Bacteria","Proteobacteria","Alphaproteobacteria","Rickettsiales","SAR116",NA
"AY702175.1.1435",424,76,0.439306358381503,0.000109263674087738,"Bacteria","Cyanobacteria","Chloroplast","uncultured",NA,NA
"AY702176.1.1422",1424,101,0.583815028901734,0.000389578292541946,"Bacteria","Cyanobacteria","Chloroplast","uncultured",NA,NA
"AY704387.1.1461",886,44,0.254335260115607,0.000176435053267925,"Bacteria","Chloroflexi","SAR202",NA,NA,NA
"AY726833.1.1216",1497,33,0.190751445086705,0.000356618802426897,"Bacteria","Cyanobacteria","Cyanobacteria","SubsectionI","FamilyI","Prochlorococcus"
"AY726847.1.1222",1584,18,0.104046242774566,0.000364680861684036,"Bacteria","Actinobacteria","Acidimicrobiia","Acidimicrobiales","uncultured","uncultured"
"AY726877.1.1248",210,27,0.15606936416185,4.28611073859912e-05,"Bacteria","Nitrospinae","Nitrospinia","Nitrospinales","Nitrospinaceae","Nitrospina"
"AY726879.1.1205",1137,88,0.508670520231214,0.000238802389532683,"Bacteria","Proteobacteria","Alphaproteobacteria","SAR11",NA,NA
"AY726883.1.1242",60,18,0.104046242774566,1.33815306997075e-05,"Bacteria","Proteobacteria","Deltaproteobacteria","SAR324",NA,NA
"AY726886.1.1207",60,22,0.127167630057803,1.29687662638805e-05,"Bacteria","Proteobacteria","Deltaproteobacteria","SAR324",NA,NA
"AY726895.1.1226",151,27,0.15606936416185,3.04959729185807e-05,"Bacteria","Proteobacteria","Gammaproteobacteria","Xanthomonadales","JTB255",NA
"AY726916.1.1276",483,74,0.427745664739884,0.000125904912290325,"Bacteria","Proteobacteria","Gammaproteobacteria","Alteromonadales","Alteromonadaceae","Alteromonas"
"AY726922.1.1205",303,99,0.572254335260116,6.53052057061899e-05,"Bacteria","Proteobacteria","Alphaproteobacteria","SAR11",NA,NA
"AY726925.1.1206",74,28,0.161849710982659,1.6310790596305e-05,"Bacteria","Proteobacteria","Deltaproteobacteria","SAR324",NA,NA
"AY726926.1.1207",133,32,0.184971098265896,2.87022623351121e-05,"Bacteria","Proteobacteria","Deltaproteobacteria","SAR324",NA,NA
"AY726931.1.1232",51,23,0.132947976878613,1.28745041897979e-05,"Bacteria","Proteobacteria","Gammaproteobacteria","Oceanospirillales","Halomonadaceae","Halomonas"
"AY726945.1.1238",573,51,0.294797687861272,0.000114574060523356,"Bacteria","Proteobacteria","Gammaproteobacteria","E01-9C-26",NA,NA
"AY726958.1.1231",250,29,0.167630057803468,4.98263978124657e-05,"Bacteria","Proteobacteria","Gammaproteobacteria","E01-9C-26",NA,NA
"AY726959.1.1245",117,30,0.173410404624277,2.47277268423646e-05,"Bacteria","Proteobacteria","Deltaproteobacteria","Bdellovibrionales","Bdellovibrionaceae","OM27"
"AY726967.1.1236",56,26,0.15028901734104,1.44289653413054e-05,"Bacteria","Proteobacteria","Gammaproteobacteria","Alteromonadales","Alteromonadaceae","Alteromonas"
"AY726977.1.1207",117,61,0.352601156069364,2.71345754248368e-05,"Bacteria","Proteobacteria","Alphaproteobacteria","SAR11",NA,NA
"AY726979.1.1214",1502,53,0.30635838150289,0.00031076709197051,"Bacteria","Verrucomicrobia","Arctic97B-4",NA,NA,NA
"AY753966.1.2117",162,23,0.132947976878613,4.36701591312014e-05,"Eukaryota","Excavata","Discoba","Discicristata","Euglenozoa","Kinetoplastea"
"AY775285.1.1789",66,33,0.190751445086705,1.80864581818758e-05,"Eukaryota","SAR","Alveolata","Protalveolata","Syndiniales","Amoebophrya"
"AY781433.1.1854",80,29,0.167630057803468,2.09746849158571e-05,"Eukaryota","Opisthokonta","Holozoa","Metazoa",NA,NA
"AY788914.1.1678",54,26,0.15028901734104,1.17763270916443e-05,"Eukaryota","Opisthokonta","Holozoa","Metazoa",NA,NA
"AY794203.1.1524",95,22,0.127167630057803,2.63802486506606e-05,"Bacteria","Bacteroidetes","Flavobacteriia","Flavobacteriales","Flavobacteriaceae","uncultured"
"AY794215.1.1482",292,54,0.312138728323699,8.4598059721615e-05,"Bacteria","Cyanobacteria","Chloroplast","uncultured",NA,NA
"AY794218.1.1556",100,21,0.121387283236994,2.46549003210279e-05,"Bacteria","Proteobacteria","Gammaproteobacteria","Oceanospirillales","Oceanospirillaceae","Balneatrix"
"AY803742.1.1782",58,34,0.196531791907514,1.60850066254759e-05,"Eukaryota","SAR","Alveolata","Dinoflagellata","Dinophyceae","Prorocentrales"
"AY821963.1.1631",63,36,0.208092485549133,1.55384436383884e-05,"Eukaryota","SAR","Stramenopiles","Ochrophyta","Dictyochophyceae","Pedinellales"
"AY851300.1.1802",34391,132,0.763005780346821,0.00769583392959856,"Eukaryota","Haptophyta","Prymnesiophyceae","Phaeocystis","Phaeocystis",NA
"AY856359.1.1417",801,69,0.398843930635838,0.000166159813673064,"Archaea","Euryarchaeota","Thermoplasmata","Thermoplasmatales","Marine",NA
"AY856360.1.1439",1542,105,0.606936416184971,0.000366769445277755,"Archaea","Euryarchaeota","Thermoplasmata","Thermoplasmatales","Marine",NA
"AY869680.1.1463",1348,88,0.508670520231214,0.000278596401397626,"Bacteria","Chloroflexi","SAR202",NA,NA,NA
"AY869685.1.1515",244,38,0.219653179190751,7.50158427381005e-05,"Bacteria","Proteobacteria","Deltaproteobacteria","NB1-j","uncultured",NA
"AY869686.1.1518",202,20,0.115606936416185,6.11718568409186e-05,"Bacteria","Proteobacteria","Deltaproteobacteria","NB1-j","uncultured",NA
"AY907720.1.1444",710,73,0.421965317919075,0.000161599195791566,"Bacteria","Proteobacteria","Alphaproteobacteria","Sphingomonadales","Sphingomonadaceae","Sphingomonas"
"AY907754.1.1353",4685,108,0.624277456647399,0.00103638962804958,"Bacteria","Proteobacteria","Gammaproteobacteria","KI89A",NA,NA
"AY907804.1.1510",836,63,0.364161849710983,0.000235816214575255,"Bacteria","Verrucomicrobia","Opitutae","A714019","uncultured",NA
"AY923007.1.1504",7407,94,0.543352601156069,0.00162653110192947,"Bacteria","Proteobacteria","Gammaproteobacteria","Salinisphaerales","Salinisphaeraceae","ZD0417"
"AY929904.1.1978",69,24,0.138728323699422,1.71785981625169e-05,"Eukaryota","Amoebozoa","Discosea","Flabellinia","Vannellida","Platyamoeba"
"AY942759.1.1358",809,89,0.514450867052023,0.000192257761481973,"Bacteria","Cyanobacteria","Chloroplast","uncultured",NA,NA
"AY948374.1.1296",333,33,0.190751445086705,0.000100087159773452,"Bacteria","Bacteroidetes","Flavobacteriia","Flavobacteriales","Flavobacteriaceae","uncultured"
"AYLG01000001.49867.51409",1785,88,0.508670520231214,0.000495133411628035,"Bacteria","Marinimicrobia",NA,NA,NA,NA
"AZHQ01000013.3641.5097",1006,60,0.346820809248555,0.000208021866654283,"Bacteria","Proteobacteria","Alphaproteobacteria","SAR11",NA,NA
"AZYC01000011.26055.27510",7642,112,0.647398843930636,0.00156287989644182,"Bacteria","Proteobacteria","Alphaproteobacteria","SAR11",NA,NA
"AZYM01000293.11.1801",85,20,0.115606936416185,1.59156904654579e-05,"Eukaryota","Opisthokonta","Nucletmycea","Fungi","Dikarya","Ascomycota"
"BAEQ01000059.143.1655",178,18,0.104046242774566,5.48401245424547e-05,"Bacteria","Proteobacteria","Gammaproteobacteria","Alteromonadales","Alteromonadaceae","Glaciecola"
"BASZ01000029.414.1903",140,27,0.15606936416185,2.93638984114627e-05,"Bacteria","Proteobacteria","Alphaproteobacteria","Sphingomonadales","Sphingomonadaceae","Novosphingobium"
"BBZB01000001.26890.28412",337,38,0.219653179190751,0.00010303437707018,"Bacteria","Proteobacteria","Gammaproteobacteria","Alteromonadales","Pseudoalteromonadaceae","Pseudoalteromonas"
"CENT01023860.1152.2673",1735,39,0.225433526011561,0.000495028697608045,"Bacteria","Verrucomicrobia","Verrucomicrobiae","Verrucomicrobiales","Verrucomicrobiaceae","Roseibacillus"
"CENW01079310.791.2252",10148,122,0.705202312138728,0.00233035358538507,"Archaea","Euryarchaeota","Thermoplasmata","Thermoplasmatales","Marine",NA
"CENX01102089.843.2380",518,48,0.277456647398844,0.000113077119284836,"Bacteria","Verrucomicrobia","R76-B128","marine",NA,NA
"CENY01011605.269.1768",1522,87,0.502890173410405,0.000313987527312099,"Bacteria","Poribacteria","marine",NA,NA,NA
"CENY01029602.4100.5559",1156,34,0.196531791907514,0.000210685349411862,"Bacteria","Chloroflexi","JG30-KF-CM66","marine",NA,NA
"CENZ01003757.238.1774",2548,66,0.38150289017341,0.000696032564046113,"Bacteria","Firmicutes","Clostridia","Halanaerobiales","ODP1230B8.23","marine"
"CEOM01097005.18.1567",1381,51,0.294797687861272,0.000350382886296317,"Bacteria","Verrucomicrobia","R76-B128","marine",NA,NA
"CEOQ01037678.1.1364",610,44,0.254335260115607,0.000129741419617894,"Bacteria","Chloroflexi","TK10","marine",NA,NA
"CEOW01001747.2775.4304",2341,116,0.670520231213873,0.000554467543228688,"Bacteria","Marinimicrobia",NA,NA,NA,NA
"CEPL01012082.5399.6749",4667,92,0.531791907514451,0.00124541193926625,"Archaea","Euryarchaeota","Thermoplasmata","Thermoplasmatales","Marine",NA
"CEPX01006669.182.1967",382,43,0.248554913294798,9.53090114286015e-05,"Eukaryota","SAR","Rhizaria","Retaria","Polycystinea","Collodaria"
"CEPZ01003950.1432.3536",108,21,0.121387283236994,3.4063654875245e-05,"Eukaryota","Excavata","Discoba","Discicristata","Euglenozoa","Kinetoplastea"
"CEQI01084668.1298.3468",96,31,0.179190751445087,2.30146957649515e-05,"Eukaryota","Excavata","Discoba","Discicristata","Euglenozoa","Kinetoplastea"
"CEQL01022745.1.962",831,98,0.566473988439306,0.000206135212652077,"Archaea","Euryarchaeota","Thermoplasmata","Thermoplasmatales","Marine",NA
"CEQP01009345.2570.4027",20148,120,0.69364161849711,0.00488912501592601,"Bacteria","Cyanobacteria","Chloroplast","marine",NA,NA
"CEQP01019295.2847.4331",728,31,0.179190751445087,0.00013053370295648,"Bacteria","Chloroflexi","SAR202",NA,NA,NA
"CEQQ01002407.1651.3153",846,25,0.144508670520231,0.000186997936610756,"Bacteria","Actinobacteria","Actinobacteria","Micrococcales","Microbacteriaceae","Herbiconiux"
"CEQQ01011703.2607.4000",371,30,0.173410404624277,7.53609416585666e-05,"Bacteria","Chloroflexi","JG30-KF-CM66","marine",NA,NA
"CEQX01005219.798.2319",2302,151,0.872832369942196,0.000555744115339954,"Bacteria","Verrucomicrobia","Opitutae","MB11C04",NA,NA
"CEQY01003175.2812.4335",729,33,0.190751445086705,0.00022330372907751,"Bacteria","Proteobacteria","Deltaproteobacteria","Bdellovibrionales","Bdellovibrionaceae","Bdellovibrio"
"CERG01026208.1050.2837",483,27,0.15606936416185,0.000124385946355108,"Eukaryota","SAR","Rhizaria","Retaria","Polycystinea","Collodaria"
"CERI01042893.8005.9518",276,60,0.346820809248555,8.45912519107347e-05,"Bacteria","Cyanobacteria","ML635J-21","marine",NA,NA
"CERK01000609.94.1618",9162,130,0.751445086705202,0.00211057885574612,"Bacteria","Marinimicrobia",NA,NA,NA,NA
"CERQ01119481.987.2442",581,49,0.283236994219653,0.000124814592363438,"Bacteria","Saccharibacteria","marine",NA,NA,NA
"CERX01054956.2482.3964",2986,74,0.427745664739884,0.000578923388203172,"Bacteria","Chloroflexi","SAR202",NA,NA,NA
"CESA01146289.4343.5794",319,53,0.30635838150289,8.60537880521817e-05,"Bacteria","Proteobacteria","Alphaproteobacteria","Rickettsiales","Mitochondria","marine"
"CESB01002525.263.1758",1385,94,0.543352601156069,0.000298048418181145,"Bacteria","Actinobacteria","Acidimicrobiia","Acidimicrobiales","Sva0996",NA
"CESE01055201.136.1736",250,22,0.127167630057803,6.57846822961359e-05,"Bacteria","Proteobacteria","Alphaproteobacteria","Rickettsiales","Mitochondria","marine"
"CESG01037311.1347.3134",1216,21,0.121387283236994,0.000294399403516362,"Eukaryota","SAR","Rhizaria","Retaria","Polycystinea","Collodaria"
"CESI01075293.2.1295",3170,86,0.497109826589595,0.000854306590662264,"Bacteria","Proteobacteria","Alphaproteobacteria","Rickettsiales","Mitochondria","marine"
"CESJ01058844.2.1419",812,100,0.578034682080925,0.000222651093471733,"Eukaryota","Opisthokonta","Holozoa","Metazoa",NA,NA
"CESJ01085906.1.1327",2605,111,0.641618497109827,0.000669420217434058,"Bacteria","Proteobacteria","Alphaproteobacteria","Rickettsiales","Mitochondria","marine"
"CESJ01086132.23442.24984",487,88,0.508670520231214,0.000129996662381325,"Bacteria","Proteobacteria","Alphaproteobacteria","Rickettsiales","Mitochondria","marine"
"CESZ01032453.1.1203",230,56,0.323699421965318,5.92102607800534e-05,"Bacteria","Proteobacteria","Deltaproteobacteria","Oligoflexales","Oligoflexaceae","marine"
"CETA01044412.3.1391",1201,36,0.208092485549133,0.000238759276676085,"Bacteria","Poribacteria","marine",NA,NA,NA
"CETA01059287.1452.3237",2009,23,0.132947976878613,0.000632490501788983,"Eukaryota","SAR","Rhizaria","Retaria","Polycystinea","Collodaria"
"CETA01064195.2829.4633",720,20,0.115606936416185,0.000134057548565572,"Eukaryota","SAR","Rhizaria","Retaria","Polycystinea","Collodaria"
"CETB01024707.1776.3260",2351,68,0.393063583815029,0.000475104712375088,"Bacteria","Chloroflexi","SAR202",NA,NA,NA
"CETH01026406.3204.4667",1501,80,0.46242774566474,0.000331497719660281,"Bacteria","Chloroflexi","JG30-KF-CM66","marine",NA,NA
"CETI01093475.249.1726",2996,89,0.514450867052023,0.00061623370093972,"Bacteria","Chloroflexi","SAR202",NA,NA,NA
"CETJ01022839.265.1769",179,21,0.121387283236994,4.01196452729411e-05,"Bacteria","Actinobacteria","Actinobacteria","Micrococcales","Microbacteriaceae","Microbacterium"
"CETK01045578.2.1384",2182,120,0.69364161849711,0.000493481431915503,"Bacteria","Marinimicrobia",NA,NA,NA,NA
"CETL01008668.1700.3193",6670,103,0.595375722543353,0.0016482877603693,"Bacteria","SBR1093","marine",NA,NA,NA
"CETM01003252.1306.2764",1595,65,0.375722543352601,0.000298407691514823,"Archaea","Euryarchaeota","Halobacteria","Halobacteriales","Halobacteriaceae","uncultured"
"CETM01110955.511.2004",1182,58,0.335260115606936,0.00023556117889131,"Bacteria","Chloroflexi","Anaerolineae","Anaerolineales","Anaerolineaceae","uncultured"
"CETM01112361.2142.3646",2270,75,0.433526011560694,0.000499705536845405,"Bacteria","Planctomycetes","Planctomycetacia","Planctomycetales","Planctomycetaceae","Rhodopirellula"
"CETO01007979.484.1945",5345,83,0.479768786127168,0.00109832118540013,"Archaea","Euryarchaeota","Thermoplasmata","Thermoplasmatales","Marine",NA
"CETQ01269473.20.1311",705,55,0.317919075144509,0.000164631438445777,"Eukaryota","Archaeplastida","Chloroplastida","Chlorophyta","Ulvophyceae","marine"
"CETR01020241.2.1319",918,30,0.173410404624277,0.000163332318931163,"Bacteria","Proteobacteria","Deltaproteobacteria","Myxococcales","Sandaracinaceae","uncultured"
"CETV01269389.578.2020",509,46,0.265895953757225,0.000110974552879077,"Archaea","Woesearchaeota",NA,NA,NA,NA
"CETY01012496.1.1327",318,24,0.138728323699422,7.39469974331877e-05,"Bacteria","Proteobacteria","Deltaproteobacteria","Oligoflexales","Oligoflexaceae","marine"
"CETY01181057.5603.7083",9625,115,0.664739884393064,0.00211250353893296,"Bacteria","Chloroflexi","SAR202",NA,NA,NA
"CEUB01066435.2.1477",1955,89,0.514450867052023,0.000410597587587477,"Bacteria","Chloroflexi","SAR202",NA,NA,NA
"CEUC01125807.1.1329",314,22,0.127167630057803,6.3404911223684e-05,"Archaea","Woesearchaeota",NA,NA,NA,NA
"CEUC01139520.1.1105",973,33,0.190751445086705,0.000203722497312482,"Archaea","Woesearchaeota",NA,NA,NA,NA
"CEUE01214393.24931.26254",439,21,0.121387283236994,0.000103325777720556,"Bacteria","Verrucomicrobia","Verrucomicrobiae","Verrucomicrobiales","DEV007","marine"
"CEUF01033581.147.1699",3838,67,0.38728323699422,0.000906328137156044,"Eukaryota","Opisthokonta","Nucletmycea","Fungi","Dikarya","Ascomycota"
"CEUG01005162.8.1555",6413,98,0.566473988439306,0.00143489147108946,"Bacteria","Verrucomicrobia","Arctic97B-4",NA,NA,NA
"CEUG01005363.500.2039",1141,18,0.104046242774566,0.000268296724628605,"Bacteria","Proteobacteria","Deltaproteobacteria","Bradymonadales","marine",NA
"CEUG01045546.22155.23656",1281,53,0.30635838150289,0.000301128935398005,"Bacteria","Fusobacteria","Fusobacteriia","Fusobacteriales","Leptotrichiaceae","uncultured"
"CEUM01076510.160.1665",567,78,0.450867052023121,0.000122324568919389,"Bacteria","Bacteroidetes","Sphingobacteriia","Sphingobacteriales","Saprospiraceae","uncultured"
"CEUP01007321.1.1357",666,38,0.219653179190751,0.000151258431212493,"Bacteria","Marinimicrobia",NA,NA,NA,NA
"CEUS01048449.374.1792",149,25,0.144508670520231,3.0080896469569e-05,"Bacteria","Spirochaetae","Spirochaetes","Spirochaetales","Spirochaetaceae","Spirochaeta"
"CEUS01089665.507.1986",97,26,0.15028901734104,1.919626242342e-05,"Bacteria","Chloroflexi","TK10","marine",NA,NA
"CEUV01005483.803.2487",578,49,0.283236994219653,0.000142966615366404,"Eukaryota","Archaeplastida","Chloroplastida","Chlorophyta","Ulvophyceae","marine"
"CEUY01034985.3.1360",769,70,0.404624277456647,0.000144852929667681,"Bacteria","PAUC34f","marine",NA,NA,NA
"CEUZ01010325.1777.3280",6512,101,0.583815028901734,0.00154163869076852,"Bacteria","Proteobacteria","Gammaproteobacteria","Oceanospirillales","SAR86",NA
"CEUZ01046745.4.1541",134,23,0.132947976878613,2.62673799683039e-05,"Bacteria","Proteobacteria","Deltaproteobacteria","NB1-j","marine",NA
"CEVA01020253.663.2149",384,42,0.242774566473988,7.75101603430445e-05,"Bacteria","Chloroflexi","SAR202",NA,NA,NA
"CEVA01038229.1.1337",688,47,0.271676300578035,0.000140414112345872,"Bacteria","Chloroflexi","TK10","marine",NA,NA
"CEVB01012105.97614.99103",1507,37,0.213872832369942,0.000355277990816235,"Bacteria","Spirochaetae","Spirochaetes","Spirochaetales","Leptospiraceae","Leptonema"
"CEVE01055135.5.1519",2229,65,0.375722543352601,0.000521283357910971,"Bacteria","Bacteroidetes","Bacteroidetes",NA,NA,NA
"CEVE01080570.193.1670",1790,114,0.658959537572254,0.000395433625246509,"Bacteria","Planctomycetes","Phycisphaerae","Phycisphaerales","Phycisphaeraceae","FS140-16B-02"
"CEVF01003835.2638.4137",557,46,0.265895953757225,0.000127337530992898,"Bacteria","Bacteroidetes","Cytophagia","Cytophagales","Flammeovirgaceae","marine"
"CEVK01003300.11.1554",4773,103,0.595375722543353,0.000947827566129754,"Bacteria","Marinimicrobia",NA,NA,NA,NA
"CEVK01069365.32.2090",707,26,0.15028901734104,0.00015322681027635,"Eukaryota","Excavata","Discoba","Discicristata","Euglenozoa","Kinetoplastea"
"CEVN01004417.103.1645",7564,108,0.624277456647399,0.00181550717550722,"Bacteria","Marinimicrobia",NA,NA,NA,NA
"CEVN01160041.4282.5718",328,23,0.132947976878613,8.83178245247781e-05,"Bacteria","Parcubacteria","marine",NA,NA,NA
"CEVU01038225.427.1882",439,51,0.294797687861272,0.000108239498083459,"Bacteria","Chloroflexi","JG30-KF-CM66","marine",NA,NA
"CEVU01039458.144.1645",3980,104,0.601156069364162,0.00083027082345819,"Bacteria","SBR1093","marine",NA,NA,NA
"CEVV01042651.181.1967",700,40,0.23121387283237,0.000263100781549941,"Eukaryota","SAR","Rhizaria","Retaria","Polycystinea","Collodaria"
"CEVX01069842.14290.15800",1601,111,0.641618497109827,0.000397547507106544,"Bacteria","Cyanobacteria","ML635J-21","marine",NA,NA
"CEWA01207459.570.2009",2054,39,0.225433526011561,0.000652264433639794,"Archaea","Woesearchaeota",NA,NA,NA,NA
"CEWE01067610.278.1815",962,81,0.468208092485549,0.000220675794768805,"Bacteria","PAUC34f","marine",NA,NA,NA
"CEWI01027957.1500.3014",719,95,0.549132947976879,0.000144279872926458,"Bacteria","Cyanobacteria","ML635J-21","marine",NA,NA
"CEWK01036184.8.1486",4214,95,0.549132947976879,0.000969427594260231,"Bacteria","Chloroflexi","SAR202",NA,NA,NA
"CP000815.310284.311728",541,53,0.30635838150289,0.000121241503555157,"Bacteria","Cyanobacteria","Cyanobacteria","SubsectionI","FamilyI","Synechococcus"
"CP001650.3898474.3899996",2445,57,0.329479768786127,0.000520086863604406,"Bacteria","Bacteroidetes","Flavobacteriia","Flavobacteriales","Flavobacteriaceae","Zunongwangia"
"CP001751.2138901.2140385",428,88,0.508670520231214,0.000122398988118391,"Bacteria","Proteobacteria","Alphaproteobacteria","Rickettsiales","SAR116",NA
"CP001998.2186477.2188018",116,22,0.127167630057803,2.78705682756774e-05,"Bacteria","Verrucomicrobia","Opitutae","Puniceicoccales","Puniceicoccaceae","Coraliomargarita"
"CP002046.1256106.1257626",524,52,0.300578034682081,0.00012419173674809,"Bacteria","Bacteroidetes","Flavobacteriia","Flavobacteriales","Flavobacteriaceae","Croceibacter"
"CP002546.5717284.5718771",158,37,0.213872832369942,3.69557378526921e-05,"Bacteria","Planctomycetes","Planctomycetacia","Planctomycetales","Planctomycetaceae","Planctomyces"
"CP002872.1926713.1928243",60,35,0.202312138728324,1.587920488822e-05,"Bacteria","Proteobacteria","Gammaproteobacteria","Thiotrichales","Francisellaceae","Francisella"
"CP003837.4997893.4999417",655,25,0.144508670520231,0.000162065185694597,"Bacteria","Proteobacteria","Gammaproteobacteria","Alteromonadales","Alteromonadaceae","Paraglaciecola"
"CP005964.2752775.2754329",87,25,0.144508670520231,2.2511800192966e-05,"Bacteria","Proteobacteria","Gammaproteobacteria","Alteromonadales","Idiomarinaceae","Idiomarina"
"CP006270.1250154.1251637",1228,54,0.312138728323699,0.000326621671130838,"Bacteria","Cyanobacteria","Cyanobacteria","SubsectionI","FamilyI","Synechococcus"
"CP006829.315467.317008",118,23,0.132947976878613,4.12035687559626e-05,"Bacteria","Proteobacteria","Gammaproteobacteria","Oceanospirillales","Oceanospirillaceae","Thalassolituus"
"CP011071.873015.874528",281,46,0.265895953757225,6.41386142312734e-05,"Bacteria","Bacteroidetes","Flavobacteriia","Flavobacteriales","Flavobacteriaceae","Muricauda"
"CU915013.1.1330",129,36,0.208092485549133,2.73595899941642e-05,"Bacteria","Proteobacteria","Alphaproteobacteria","Rhodobacterales","Rhodobacteraceae","Stappia"
"CU921640.1.1340",152,38,0.219653179190751,3.28984085509027e-05,"Bacteria","Actinobacteria","Actinobacteria","Micrococcales","Microbacteriaceae","Microbacterium"
"CYUE01000002.2694.4167",139,24,0.138728323699422,3.63385688264495e-05,"Bacteria","Proteobacteria","Alphaproteobacteria","Rhodobacterales","Rhodobacteraceae","Thalassobius"
"DQ009080.1.1919",372,70,0.404624277456647,8.55420775309224e-05,"Bacteria","Bacteroidetes","Flavobacteriia","Flavobacteriales","NS7",NA
"DQ009135.1.2271",328,36,0.208092485549133,0.00014105725033615,"Bacteria","Proteobacteria","Gammaproteobacteria","Cellvibrionales","Halieaceae","OM60(NOR5)"
"DQ009141.1.1996",25389,94,0.543352601156069,0.0055963779769367,"Bacteria","Proteobacteria","Gammaproteobacteria","Oceanospirillales","SAR86",NA
"DQ009425.1.1991",2338,120,0.69364161849711,0.0005010352111437,"Bacteria","Marinimicrobia",NA,NA,NA,NA
"DQ009458.1.2068",4863,93,0.53757225433526,0.000958585813432217,"Bacteria","Marinimicrobia",NA,NA,NA,NA
"DQ009478.1.1823",1409,23,0.132947976878613,0.000314388695896562,"Bacteria","Nitrospinae","Nitrospinia","Nitrospinales","Nitrospinaceae","Nitrospina"
"DQ015811.1.1519",56,28,0.161849710982659,1.66591650676346e-05,"Bacteria","Proteobacteria","Gammaproteobacteria","Oceanospirillales","OM182",NA
"DQ015825.1.1500",447,34,0.196531791907514,0.000132087758447279,"Bacteria","Proteobacteria","Gammaproteobacteria","Oceanospirillales","Oceanospirillaceae","Pseudohongiella"
"DQ015830.1.1494",85,20,0.115606936416185,3.23053342604578e-05,"Bacteria","Proteobacteria","Gammaproteobacteria","Oceanospirillales","Oleiphilaceae","Oleiphilus"
"DQ015841.1.1479",1986,39,0.225433526011561,0.000534354771855605,"Bacteria","Bacteroidetes","Flavobacteriia","Flavobacteriales","Flavobacteriaceae","Polaribacter"
"DQ060523.1.1766",327,49,0.283236994219653,7.95281868220403e-05,"Eukaryota","Picozoa","uncultured",NA,NA,NA
"DQ060524.1.1778",103,18,0.104046242774566,2.81570669067606e-05,"Eukaryota","Picozoa","uncultured",NA,NA,NA
"DQ071077.1.1502",1394,62,0.358381502890173,0.000425098448045955,"Bacteria","Planctomycetes","OM190","uncultured",NA,NA
"DQ071087.1.1445",136,39,0.225433526011561,3.38652946692386e-05,"Bacteria","Proteobacteria","Deltaproteobacteria","Bradymonadales","uncultured",NA
"DQ071108.1.1477",158,23,0.132947976878613,4.26613586918202e-05,"Bacteria","Planctomycetes","BD7-11","uncultured",NA,NA
"DQ145110.1.1752",191,72,0.416184971098266,5.4156388664323e-05,"Eukaryota","SAR","Alveolata","Protalveolata","Syndiniales","Amoebophrya"
"DQ145111.1.1740",105,33,0.190751445086705,2.62399473621419e-05,"Eukaryota","SAR","Alveolata","Protalveolata","Syndiniales","Syndiniales"
"DQ156348.18592.20063",10393,114,0.658959537572254,0.00213891506733908,"Archaea","Euryarchaeota","Thermoplasmata","Thermoplasmatales","Marine",NA
"DQ156406.1.1251",363,45,0.260115606936416,7.44953786949472e-05,"Archaea","Euryarchaeota","Thermoplasmata","Thermoplasmatales","Marine",NA
"DQ156418.1.1003",99,36,0.208092485549133,2.04147680540205e-05,"Archaea","Euryarchaeota","Thermoplasmata","Thermoplasmatales","Marine",NA
"DQ156443.1.1290",1480,88,0.508670520231214,0.000336151143988208,"Archaea","Euryarchaeota","Thermoplasmata","Thermoplasmatales","Marine",NA
"DQ156480.1.1271",3683,117,0.676300578034682,0.000755289817644372,"Archaea","Euryarchaeota","Thermoplasmata","Thermoplasmatales","Marine",NA
"DQ156481.1.1248",1947,83,0.479768786127168,0.000393196078089616,"Archaea","Euryarchaeota","Thermoplasmata","Thermoplasmatales","Marine",NA
"DQ168425.1.1470",130,23,0.132947976878613,2.73595252889655e-05,"Bacteria","Actinobacteria","Actinobacteria","Micrococcales","Microbacteriaceae","Agrococcus"
"DQ186527.1.1738",51,22,0.127167630057803,1.19622506349352e-05,"Eukaryota","SAR","Alveolata","Protalveolata","Syndiniales","Amoebophrya"
"DQ186528.1.1696",128,40,0.23121387283237,3.38449431211052e-05,"Eukaryota","SAR","Alveolata","Protalveolata","Syndiniales","Amoebophrya"
"DQ186529.1.1651",240,66,0.38150289017341,5.80213648597986e-05,"Eukaryota","SAR","Alveolata","Protalveolata","Syndiniales","Syndiniales"
"DQ186530.1.1762",147,59,0.341040462427746,3.78909473895853e-05,"Eukaryota","SAR","Alveolata","Protalveolata","Syndiniales","Syndiniales"
"DQ186531.1.1759",103,39,0.225433526011561,2.59444736570885e-05,"Eukaryota","SAR","Alveolata","Protalveolata","Syndiniales","Amoebophrya"
"DQ186532.1.1758",419,34,0.196531791907514,0.00010701011318428,"Eukaryota","SAR","Alveolata","Protalveolata","Syndiniales","Syndiniales"
"DQ186535.1.1757",52,30,0.173410404624277,1.4783508809004e-05,"Eukaryota","SAR","Alveolata","Protalveolata","Syndiniales","Syndiniales"
"DQ222879.1.1791",64,33,0.190751445086705,1.48105473504591e-05,"Eukaryota","Picozoa","uncultured",NA,NA,NA
"DQ223237.1.1500",150,19,0.109826589595376,3.83560217486047e-05,"Bacteria","Ignavibacteriae","Ignavibacteria","Ignavibacteriales","IheB3-7","uncultured"
"DQ228613.1.1349",396,42,0.242774566473988,8.29082960907281e-05,"Archaea","Euryarchaeota","Thermoplasmata","Thermoplasmatales","Marine",NA
"DQ267495.821.2353",405,88,0.508670520231214,9.01841392896115e-05,"Bacteria","Proteobacteria","Deltaproteobacteria","Bradymonadales","uncultured",NA
"DQ269082.1.1393",199,78,0.450867052023121,5.65357268409881e-05,"Bacteria","Bacteroidetes","Flavobacteriia","Flavobacteriales","Cryomorphaceae","Fluviicola"
"DQ269094.1.1345",712,57,0.329479768786127,0.00015231347042673,"Bacteria","Cyanobacteria","Cyanobacteria","SubsectionI","FamilyI","uncultured"
"DQ270756.1.1437",245,48,0.277456647398844,5.32993587479895e-05,"Bacteria","Proteobacteria","Gammaproteobacteria","Oceanospirillales","Halomonadaceae","Halomonas"
"DQ280370.1.1383",592,50,0.289017341040462,0.000136983848311003,"Bacteria","Proteobacteria","Alphaproteobacteria","Rhodobacterales","Rhodobacteraceae","Albimonas"
"DQ289914.1.1405",80,23,0.132947976878613,1.74917687271555e-05,"Bacteria","Proteobacteria","Gammaproteobacteria","KI89A",NA,NA
"DQ300544.1.1291",297,21,0.121387283236994,7.05838699142592e-05,"Archaea","Thaumarchaeota","AK59","uncultured",NA,NA
"DQ300563.1.1303",96,18,0.104046242774566,2.13840010237023e-05,"Archaea","Euryarchaeota","Thermoplasmata","Thermoplasmatales","Marine",NA
"DQ300579.1.1422",684,77,0.445086705202312,0.000166718918932004,"Bacteria","Proteobacteria","Alphaproteobacteria","Rhodospirillales","Rhodospirillaceae","uncultured"
"DQ300591.1.1358",301,79,0.456647398843931,7.1164056878844e-05,"Bacteria","Cyanobacteria","ML635J-21","uncultured",NA,NA
"DQ316376.1.1480",80,38,0.219653179190751,1.73431122972638e-05,"Bacteria","Actinobacteria","Acidimicrobiia","Acidimicrobiales","uncultured","uncultured"
"DQ351750.1.1510",56,27,0.15606936416185,1.60163267056555e-05,"Bacteria","Proteobacteria","Gammaproteobacteria","Oceanospirillales","Oceanospirillaceae","Pseudohongiella"
"DQ395037.1.1491",215,38,0.219653179190751,5.11271010325938e-05,"Bacteria","Bacteroidetes","Flavobacteriia","Flavobacteriales","Cryomorphaceae","uncultured"
"DQ395454.1.1483",59,20,0.115606936416185,1.80528183825469e-05,"Bacteria","Actinobacteria","Acidimicrobiia","Acidimicrobiales","Sva0996",NA
"DQ395511.1.1537",452,38,0.219653179190751,0.000154128839775983,"Bacteria","Verrucomicrobia","Verrucomicrobiae","Verrucomicrobiales","Verrucomicrobiaceae","Roseibacillus"
"DQ395539.1.1519",183,33,0.190751445086705,4.94143436785083e-05,"Bacteria","Bacteroidetes","Cytophagia","Cytophagales","Flammeovirgaceae","uncultured"
"DQ395547.1.1517",182,22,0.127167630057803,5.4539250855015e-05,"Bacteria","Bacteroidetes","Cytophagia","Cytophagales","Flammeovirgaceae","uncultured"
"DQ395548.1.1542",2144,110,0.635838150289017,0.000515698065905739,"Bacteria","Verrucomicrobia","Verrucomicrobiae","Verrucomicrobiales","DEV007","uncultured"
"DQ395551.1.1518",13656,130,0.751445086705202,0.00383157645014479,"Bacteria","Bacteroidetes","Flavobacteriia","Flavobacteriales","NS7",NA
"DQ395556.1.1536",313,71,0.410404624277457,8.49302830790524e-05,"Bacteria","Verrucomicrobia","Opitutae","MB11C04",NA,NA
"DQ395642.1.1475",1035,72,0.416184971098266,0.000254355687965374,"Bacteria","Cyanobacteria","Chloroplast","uncultured",NA,NA
"DQ395728.1.1458",183,50,0.289017341040462,4.56616953492353e-05,"Bacteria","Proteobacteria","Alphaproteobacteria","Rhodobacterales","Rhodobacteraceae","Ascidiaceihabitans"
"DQ395759.1.1492",610,64,0.369942196531792,0.000138818716424909,"Bacteria","Planctomycetes","Phycisphaerae","Phycisphaerales","Phycisphaeraceae","FS140-16B-02"
"DQ395799.1.1496",124,38,0.219653179190751,2.83161231187679e-05,"Bacteria","Proteobacteria","Deltaproteobacteria","Bdellovibrionales","Bdellovibrionaceae","OM27"
"DQ395823.1.1463",75,20,0.115606936416185,2.2281824125926e-05,"Bacteria","Proteobacteria","Alphaproteobacteria","Rhodobacterales","Rhodobacteraceae","Ascidiaceihabitans"
"DQ395845.1.1480",104,37,0.213872832369942,2.24502008251782e-05,"Bacteria","Proteobacteria","Alphaproteobacteria","Alphaproteobacteria",NA,NA
"DQ395893.1.1539",72,27,0.15606936416185,1.99893712214374e-05,"Bacteria","Planctomycetes","Planctomycetacia","Planctomycetales","Planctomycetaceae","Planctomyces"
"DQ395991.1.1495",146,18,0.104046242774566,3.69620642184702e-05,"Bacteria","Proteobacteria","ARKICE-90","uncultured",NA,NA
"DQ395992.1.1492",250,27,0.15606936416185,8.3197460111465e-05,"Bacteria","Proteobacteria","Gammaproteobacteria","Oceanospirillales","Halomonadaceae","Halomonas"
"DQ396007.1.1499",2925,57,0.329479768786127,0.000606822392614867,"Bacteria","Proteobacteria","Gammaproteobacteria","Oceanospirillales","Halomonadaceae","Halomonas"
"DQ396008.1.1483",1014,98,0.566473988439306,0.000267726056814205,"Bacteria","Proteobacteria","Alphaproteobacteria","Rickettsiales","SAR116",NA
"DQ396011.1.1464",496,59,0.341040462427746,0.000100063327339564,"Bacteria","Proteobacteria","Alphaproteobacteria","SAR11",NA,NA
"DQ396038.1.1519",894,93,0.53757225433526,0.00024606183740864,"Bacteria","Bacteroidetes","Cytophagia","Cytophagales","Flammeovirgaceae","Marinoscillum"
"DQ396039.1.1526",1018,68,0.393063583815029,0.000277070176444014,"Bacteria","Verrucomicrobia","Arctic97B-4",NA,NA,NA
"DQ396041.1.1503",291,52,0.300578034682081,7.56743834159214e-05,"Bacteria","Proteobacteria","Gammaproteobacteria","Oceanospirillales","Halomonadaceae","Halomonas"
"DQ396066.1.1479",372,53,0.30635838150289,7.27556406826288e-05,"Bacteria","Proteobacteria","Alphaproteobacteria","Sphingomonadales","Erythrobacteraceae","Altererythrobacter"
"DQ396070.1.1553",279,29,0.167630057803468,5.98862185948848e-05,"Bacteria","Proteobacteria","Gammaproteobacteria","Oceanospirillales","SAR86",NA
"DQ396072.1.1470",879,97,0.560693641618497,0.000189544619170162,"Bacteria","Proteobacteria","Alphaproteobacteria","SAR11",NA,NA
"DQ396107.1.1507",242,68,0.393063583815029,5.75556823126356e-05,"Bacteria","Lentisphaerae","Lentisphaeria","Lentisphaerales","Lentisphaeraceae","Lentisphaera"
"DQ396119.1.1517",95,27,0.15606936416185,1.98848192473785e-05,"Bacteria","Nitrospinae","Nitrospinia","Nitrospinales","Nitrospinaceae","Nitrospina"
"DQ396123.1.1531",118,50,0.289017341040462,3.11779852314384e-05,"Bacteria","Proteobacteria","Gammaproteobacteria","Legionellales","Coxiellaceae","Coxiella"
"DQ396129.1.1488",265,50,0.289017341040462,5.4486358513623e-05,"Bacteria","Proteobacteria","Alphaproteobacteria","Rhizobiales","PS1",NA
"DQ396137.1.1494",66,27,0.15606936416185,1.57069082748826e-05,"Bacteria","Proteobacteria","Alphaproteobacteria","Rhodospirillales","Rhodospirillaceae","uncultured"
"DQ396141.1.1503",2354,57,0.329479768786127,0.000484110675476502,"Bacteria","Proteobacteria","Deltaproteobacteria","SAR324",NA,NA
"DQ396153.1.1534",119,23,0.132947976878613,3.60378073803099e-05,"Bacteria","Proteobacteria","ARKICE-90","uncultured",NA,NA
"DQ396156.1.1469",351,34,0.196531791907514,6.91242836529214e-05,"Bacteria","Proteobacteria","Alphaproteobacteria","Sphingomonadales","Erythrobacteraceae","Altererythrobacter"
"DQ396175.1.1496",319,68,0.393063583815029,6.71987407005678e-05,"Bacteria","Proteobacteria","Alphaproteobacteria","SAR11",NA,NA
"DQ396207.1.1520",324,45,0.260115606936416,8.29869167404996e-05,"Bacteria","Nitrospinae","Nitrospinia","Nitrospinales","Nitrospinaceae","Nitrospina"
"DQ396214.1.1500",62,35,0.202312138728324,1.39623791510937e-05,"Bacteria","Proteobacteria","Deltaproteobacteria","SAR324",NA,NA
"DQ396226.1.1535",534,34,0.196531791907514,0.000141504164704779,"Bacteria","Verrucomicrobia","Verrucomicrobiae","Verrucomicrobiales","Rubritaleaceae","Rubritalea"
"DQ396242.1.1498",208,26,0.15028901734104,4.75909655517956e-05,"Bacteria","Proteobacteria","Alphaproteobacteria","Rhodospirillales","Rhodospirillaceae","uncultured"
"DQ396265.1.1545",106,37,0.213872832369942,2.33350477891552e-05,"Bacteria","Planctomycetes","Planctomycetacia","Planctomycetales","Planctomycetaceae","uncultured"
"DQ396268.1.1518",1106,41,0.236994219653179,0.000377276902574209,"Bacteria","Actinobacteria","Actinobacteria","PeM15","uncultured",NA
"DQ396273.1.1551",257,39,0.225433526011561,5.93178179906371e-05,"Bacteria","Proteobacteria","Gammaproteobacteria","E01-9C-26",NA,NA
"DQ396281.1.1477",225,29,0.167630057803468,4.59284178387151e-05,"Bacteria","Proteobacteria","Alphaproteobacteria","Rhodospirillales","AT-s3-44","uncultured"
"DQ396288.1.1534",1037,43,0.248554913294798,0.000262295564166879,"Bacteria","Proteobacteria","Gammaproteobacteria","Cellvibrionales","Cellvibrionaceae","uncultured"
"DQ396294.1.1513",845,57,0.329479768786127,0.00017533468044928,"Bacteria","Verrucomicrobia","Arctic97B-4",NA,NA,NA
"DQ396310.1.1513",1674,57,0.329479768786127,0.000351270244740939,"Bacteria","Verrucomicrobia","Arctic97B-4",NA,NA,NA
"DQ396329.1.1518",334,53,0.30635838150289,9.83485084780751e-05,"Bacteria","Verrucomicrobia","Verrucomicrobiae","Verrucomicrobiales","Verrucomicrobiaceae","Haloferula"
"DQ396333.1.1529",73,29,0.167630057803468,1.86247377367647e-05,"Bacteria","Proteobacteria","Gammaproteobacteria","Oceanospirillales","Halomonadaceae","Halomonas"
"DQ396344.1.1492",316,58,0.335260115606936,8.82492565750087e-05,"Bacteria","Proteobacteria","Alphaproteobacteria","Sphingomonadales","Erythrobacteraceae","Erythrobacter"
"DQ396357.1.1461",88,24,0.138728323699422,2.78730402224246e-05,"Bacteria","Proteobacteria","Alphaproteobacteria","Rhodospirillales","Rhodospirillaceae","uncultured"
"DQ421670.1.1451",85,24,0.138728323699422,1.63583034221077e-05,"Bacteria","Proteobacteria","Gammaproteobacteria","Oceanospirillales","Oceanospirillaceae","Marinomonas"
"DQ487196.1.1656",118,19,0.109826589595376,3.62686415903037e-05,"Eukaryota","SAR","Alveolata","Ciliophora","Intramacronucleata","Litostomatea"
"DQ504333.1.1680",65,20,0.115606936416185,1.62780657265649e-05,"Eukaryota","Opisthokonta","Holozoa","Metazoa",NA,NA
"DQ513014.1.1460",532,73,0.421965317919075,0.00011455969112366,"Bacteria","Planctomycetes","Phycisphaerae","Phycisphaerales","Phycisphaeraceae","FS140-16B-02"
"DQ513029.1.1499",5035,39,0.225433526011561,0.00100318877879849,"Bacteria","Proteobacteria","Gammaproteobacteria","KI89A",NA,NA
"DQ513039.1.1521",733,80,0.46242774566474,0.000153365691747975,"Bacteria","Marinimicrobia",NA,NA,NA,NA
"DQ513058.1.1472",275,54,0.312138728323699,5.91695716571529e-05,"Bacteria","Proteobacteria","Deltaproteobacteria","Bdellovibrionales","Bdellovibrionaceae","OM27"
"DQ513063.1.1499",404,80,0.46242774566474,8.60667011752556e-05,"Bacteria","Proteobacteria","Deltaproteobacteria","Oligoflexales","Oligoflexaceae","uncultured"
"DQ513090.1.1481",2916,109,0.630057803468208,0.00062492782758302,"Bacteria","Actinobacteria","Acidimicrobiia","Acidimicrobiales","Sva0996",NA
"DQ532340.1.1442",120,30,0.173410404624277,2.72613020021437e-05,"Bacteria","Proteobacteria","Alphaproteobacteria","Sphingomonadales","Sphingomonadaceae","Sphingobium"
"DQ644010.1.1490",137,34,0.196531791907514,3.44328884909447e-05,"Bacteria","Proteobacteria","Alphaproteobacteria","Caulobacterales","Hyphomonadaceae","Oceanicaulis"
"DQ647512.1.1779",284,27,0.15606936416185,8.29684958396708e-05,"Eukaryota","SAR","Stramenopiles","Ochrophyta","Dictyochophyceae","Pedinellales"
"DQ647519.1.1771",67,26,0.15028901734104,1.69573549888443e-05,"Eukaryota","SAR","Stramenopiles","Ochrophyta","Chrysophyceae","E222"
"DQ660388.1.1496",374,34,0.196531791907514,7.72568080950284e-05,"Bacteria","Bacteroidetes","Cytophagia","Cytophagales","Flammeovirgaceae","Marinoscillum"
"DQ810591.1.1204",8306,122,0.705202312138728,0.00186470501063122,"Bacteria","Proteobacteria","Alphaproteobacteria","SAR11",NA,NA
"DQ860058.1.1447",210,33,0.190751445086705,4.48999497365424e-05,"Bacteria","Proteobacteria","Alphaproteobacteria","Sphingomonadales","Erythrobacteraceae","Altererythrobacter"
"DQ889876.1.1478",94,48,0.277456647398844,2.41622826338797e-05,"Bacteria","Bacteroidetes","Cytophagia","Cytophagales","Flammeovirgaceae","uncultured"
"DQ889937.1.1502",329,75,0.433526011560694,7.96356007631067e-05,"Bacteria","Verrucomicrobia","Verrucomicrobiae","Verrucomicrobiales","DEV007","uncultured"
"DQ906719.1.1463",512,89,0.514450867052023,0.000138404033583288,"Bacteria","Bacteroidetes","Flavobacteriia","Flavobacteriales","NS9",NA
"DQ906723.1.1497",320,52,0.300578034682081,0.000100650793810879,"Bacteria","Bacteroidetes","Flavobacteriia","Flavobacteriales","NS9",NA
"DQ906725.1.1468",2254,76,0.439306358381503,0.000631222854829603,"Bacteria","Proteobacteria","Alphaproteobacteria","SAR11",NA,NA
"DQ906731.1.1521",138,23,0.132947976878613,4.02055885505472e-05,"Bacteria","Proteobacteria","Gammaproteobacteria","Oceanospirillales","Oceanospirillaceae","Balneatrix"
"DQ906732.1.1481",331,25,0.144508670520231,0.000103539075784071,"Bacteria","Bacteroidetes","Flavobacteriia","Flavobacteriales","Cryomorphaceae","Crocinitomix"
"DQ906739.1.1458",117,24,0.138728323699422,3.24107541135202e-05,"Bacteria","Proteobacteria","Alphaproteobacteria","Rhodospirillales","AT-s3-44","uncultured"
"DQ906752.1.1472",85,21,0.121387283236994,2.53291501346012e-05,"Bacteria","Proteobacteria","Alphaproteobacteria","Rhodospirillales","Rhodospirillaceae","uncultured"
"DQ906753.1.1546",1508,47,0.271676300578035,0.000449853298664154,"Bacteria","Proteobacteria","Gammaproteobacteria","Oceanospirillales","SAR86",NA
"DQ906760.1.1497",868,33,0.190751445086705,0.000208844975125217,"Bacteria","Proteobacteria","Gammaproteobacteria","Arenicellales","Arenicellaceae","Arenicella"
"DQ917760.1.1508",190,33,0.190751445086705,4.8346655668596e-05,"Bacteria","Proteobacteria","Gammaproteobacteria","Oceanospirillales","Oceanospirillaceae","Marinobacterium"
"DQ917876.1.1503",1045,99,0.572254335260116,0.000240854693905269,"Bacteria","Proteobacteria","Gammaproteobacteria","Oceanospirillales","OM182",NA
"DQ978991.1.1514",55,28,0.161849710982659,1.47384207547997e-05,"Bacteria","Proteobacteria","Gammaproteobacteria","Vibrionales","Vibrionaceae","Vibrio"
"DQ979342.1.1433",100,35,0.202312138728324,2.01635461328821e-05,"Bacteria","Proteobacteria","Gammaproteobacteria","Oceanospirillales","Halomonadaceae","Salinicola"
"EF016479.1.1490",414,21,0.121387283236994,0.000135626456230869,"Bacteria","Bacteroidetes","Sphingobacteriia","Sphingobacteriales","Saprospiraceae","uncultured"
"EF061430.1.1450",224,42,0.242774566473988,5.5005749404788e-05,"Bacteria","Proteobacteria","Gammaproteobacteria","Alteromonadales","Alteromonadaceae","Alteromonas"
"EF061947.1.1432",111,44,0.254335260115607,2.53738751271287e-05,"Bacteria","Proteobacteria","Alphaproteobacteria","Rhodobacterales","Rhodobacteraceae","Halovulum"
"EF092190.1.1320",58,31,0.179190751445087,1.54970843152095e-05,"Bacteria","Proteobacteria","Alphaproteobacteria","Emcibacterales","Emcibacteraceae","Emcibacter"
"EF106798.1.1150",351,35,0.202312138728324,6.9492291079738e-05,"Archaea","Euryarchaeota","Thermoplasmata","Thermoplasmatales","Marine",NA
"EF111110.1.1243",71,25,0.144508670520231,1.77416689454343e-05,"Bacteria","Proteobacteria","Gammaproteobacteria","Enterobacteriales","Enterobacteriaceae","Pantoea"
"EF125495.1.926",88,29,0.167630057803468,1.97915346971789e-05,"Archaea","Thaumarchaeota","Marine",NA,NA,NA
"EF172812.1.1602",239,78,0.450867052023121,6.1803368352265e-05,"Eukaryota","SAR","Alveolata","Dinoflagellata","Dinophyceae","Gymnodiniphycidae"
"EF172882.1.1681",132,40,0.23121387283237,3.0716068835669e-05,"Eukaryota","SAR","Alveolata","Protalveolata","Syndiniales","Syndiniales"
"EF172963.1.1667",201,61,0.352601156069364,5.15481278143468e-05,"Eukaryota","Cryptophyceae","P1-31","uncultured",NA,NA
"EF172965.1.1680",58,34,0.196531791907514,1.6171166127073e-05,"Eukaryota","SAR","Alveolata","Protalveolata","Syndiniales","Amoebophrya"
"EF172966.1.1680",68,39,0.225433526011561,1.69834440693212e-05,"Eukaryota","Haptophyta","Prymnesiophyceae","Prymnesiales","uncultured",NA
"EF172969.1.1672",263,57,0.329479768786127,6.53700652498866e-05,"Eukaryota","SAR","Alveolata","Protalveolata","Syndiniales","Syndiniales"
"EF172977.1.1676",310,54,0.312138728323699,7.86657852425308e-05,"Eukaryota","SAR","Alveolata","Protalveolata","Syndiniales","Syndiniales"
"EF173001.1.1670",128,39,0.225433526011561,3.10888379101413e-05,"Eukaryota","Opisthokonta","Holozoa","Choanoflagellida","Craspedida","uncultured"
"EF173003.1.1679",82,26,0.15028901734104,1.94819023130287e-05,"Eukaryota","SAR","Alveolata","Protalveolata","Syndiniales","Syndiniales"
"EF173016.1.1674",76,42,0.242774566473988,2.06936318163872e-05,"Eukaryota","SAR","Alveolata","Protalveolata","Syndiniales","Amoebophrya"
"EF198248.1.1533",69,19,0.109826589595376,1.4996323788128e-05,"Bacteria","Proteobacteria","Gammaproteobacteria","Oceanospirillales","Halomonadaceae","Chromohalobacter"
"EF441906.1.1366",98,18,0.104046242774566,2.63529607488735e-05,"Bacteria","Gracilibacteria","uncultured",NA,NA,NA
"EF508371.19577.21067",174,20,0.115606936416185,6.67360176032606e-05,"Bacteria","Cyanobacteria","Chloroplast","Rhodomonas",NA,NA
"EF516583.1.1441",97,31,0.179190751445087,2.34064862713019e-05,"Bacteria","Actinobacteria","Acidimicrobiia","Acidimicrobiales","Acidimicrobiales",NA
"EF520514.1.1431",95,35,0.202312138728324,2.82595281519863e-05,"Bacteria","Cyanobacteria","Chloroplast","uncultured",NA,NA
"EF520516.1.1247",477,73,0.421965317919075,0.000134275854455445,"Bacteria","Cyanobacteria","Chloroplast","uncultured",NA,NA
"EF526767.1.1323",141,61,0.352601156069364,3.7852462706157e-05,"Eukaryota","SAR","Alveolata","NIF-4C10","uncultured",NA
"EF526855.1.1761",465,58,0.335260115606936,0.000149213803128136,"Eukaryota","SAR","Alveolata","Dinoflagellata","Dinophyceae","Peridiniphycidae"
"EF526881.1.1802",162,59,0.341040462427746,4.65168357011396e-05,"Eukaryota","SAR","Alveolata","Dinoflagellata","Dinophyceae","Gymnodiniphycidae"
"EF526884.1.1802",92,26,0.15028901734104,2.55864740819765e-05,"Eukaryota","SAR","Alveolata","Dinoflagellata","Dinophyceae","Peridiniphycidae"
"EF527097.1.1338",107,59,0.341040462427746,2.57608347123815e-05,"Eukaryota","SAR","Stramenopiles","Ochrophyta","Bolidomonas","uncultured"
"EF527107.1.1798",134,29,0.167630057803468,6.73495946595632e-05,"Eukaryota","SAR","Alveolata","Dinoflagellata","Dinophyceae","Gymnodiniphycidae"
"EF527112.1.1852",51,25,0.144508670520231,1.42262060586397e-05,"Eukaryota","Cryptophyceae","Cryptomonadales","Teleaulax","uncultured",NA
"EF527115.1.1769",79,36,0.208092485549133,2.0528792050398e-05,"Eukaryota","SAR","Alveolata","Ciliophora","Intramacronucleata","Spirotrichea"
"EF527143.1.1748",153,34,0.196531791907514,3.78794178396661e-05,"Eukaryota","Cryptophyceae","Cryptomonadales","uncultured",NA,NA
"EF571965.1.1491",942,96,0.554913294797688,0.000256428181403179,"Bacteria","Proteobacteria","Alphaproteobacteria","Rickettsiales","SAR116",NA
"EF571973.1.1459",837,98,0.566473988439306,0.000198942316172148,"Bacteria","Proteobacteria","Alphaproteobacteria","SAR11",NA,NA
"EF571994.1.1490",135,55,0.317919075144509,3.48062266209342e-05,"Bacteria","Proteobacteria","Gammaproteobacteria","Pseudomonadales","Moraxellaceae","Acinetobacter"
"EF572059.1.1446",343,71,0.410404624277457,7.91320289937822e-05,"Bacteria","Proteobacteria","Alphaproteobacteria","Rickettsiales","SAR116",NA
"EF572060.1.1451",2217,103,0.595375722543353,0.00056714800233318,"Bacteria","Proteobacteria","Alphaproteobacteria","Rickettsiales","SAR116",NA
"EF572097.1.1449",3615,121,0.699421965317919,0.000897212346564758,"Bacteria","Proteobacteria","Alphaproteobacteria","SAR11",NA,NA
"EF572101.1.1517",12990,119,0.687861271676301,0.00315471578660451,"Bacteria","Marinimicrobia",NA,NA,NA,NA
"EF572127.1.1520",757,68,0.393063583815029,0.000207554816317859,"Bacteria","Proteobacteria","Gammaproteobacteria","Oceanospirillales","SAR86",NA
"EF572131.1.1247",6164,117,0.676300578034682,0.00152443231834181,"Bacteria","Proteobacteria","Alphaproteobacteria","SAR11",NA,NA
"EF572151.1.1467",2806,99,0.572254335260116,0.000750720350231352,"Bacteria","Proteobacteria","Alphaproteobacteria","Rickettsiales","S25-593","uncultured"
"EF572217.1.1486",1091,120,0.69364161849711,0.000248983498749247,"Bacteria","Proteobacteria","Alphaproteobacteria","SAR11",NA,NA
"EF572256.1.1435",619,80,0.46242774566474,0.000159262572108372,"Bacteria","Proteobacteria","Alphaproteobacteria","SAR11",NA,NA
"EF572280.1.1488",4055,127,0.734104046242775,0.0010173562478212,"Bacteria","Bacteroidetes","Flavobacteriia","Flavobacteriales","Cryomorphaceae","uncultured"
"EF572288.1.1498",3450,81,0.468208092485549,0.000830395384583278,"Bacteria","Proteobacteria","Gammaproteobacteria","KI89A",NA,NA
"EF572378.1.1516",1235,109,0.630057803468208,0.000326611936350699,"Bacteria","Proteobacteria","Deltaproteobacteria","Bdellovibrionales","Bacteriovoracaceae","uncultured"
"EF572383.1.1474",205,56,0.323699421965318,5.18147111821222e-05,"Bacteria","Proteobacteria","Gammaproteobacteria","Oceanospirillales","Halomonadaceae","Halomonas"
"EF572392.1.1458",908,59,0.341040462427746,0.000247313057991801,"Bacteria","Proteobacteria","Alphaproteobacteria","Rhizobiales","PS1",NA
"EF572435.1.1502",1144,90,0.520231213872832,0.000296344175224703,"Bacteria","Bacteroidetes","Flavobacteriia","Flavobacteriales","Flavobacteriaceae","NS5"
"EF572441.1.1458",1185,74,0.427745664739884,0.000260853322998539,"Bacteria","Proteobacteria","Alphaproteobacteria","Rhizobiales","PS1",NA
"EF572465.1.1526",12054,120,0.69364161849711,0.00280340383275556,"Bacteria","Marinimicrobia",NA,NA,NA,NA
"EF572471.1.1459",2783,107,0.61849710982659,0.000716338381344181,"Bacteria","Proteobacteria","Alphaproteobacteria","Rhodospirillales","Rhodospirillaceae","AEGEAN-169"
"EF572504.1.1492",3099,87,0.502890173410405,0.00073079972182548,"Bacteria","Proteobacteria","Gammaproteobacteria","Gammaproteobacteria",NA,NA
"EF572525.1.1450",1166,126,0.728323699421965,0.000306052851883647,"Bacteria","Proteobacteria","Alphaproteobacteria","SAR11",NA,NA
"EF572586.1.1452",6685,154,0.890173410404624,0.00175164784879412,"Bacteria","Proteobacteria","Alphaproteobacteria","Rhizobiales","PS1",NA
"EF572587.1.1496",2590,95,0.549132947976879,0.000646360039101625,"Bacteria","Proteobacteria","Gammaproteobacteria","Oceanospirillales","SAR86",NA
"EF572648.1.1451",612,100,0.578034682080925,0.000151675711681787,"Bacteria","Proteobacteria","Alphaproteobacteria","SAR11",NA,NA
"EF572678.1.1439",1702,71,0.410404624277457,0.00038569672498235,"Bacteria","Proteobacteria","Gammaproteobacteria","Gammaproteobacteria",NA,NA
"EF572712.1.1450",3261,129,0.745664739884393,0.000842302058688689,"Bacteria","Proteobacteria","Alphaproteobacteria","Rickettsiales","SAR116",NA
"EF572713.1.1524",753,65,0.375722543352601,0.000193458230992722,"Bacteria","Marinimicrobia",NA,NA,NA,NA
"EF572735.1.1462",2796,111,0.641618497109827,0.00072219848591113,"Bacteria","Proteobacteria","Alphaproteobacteria","Rhodospirillales","Rhodospirillaceae","uncultured"
"EF572745.1.1469",3654,106,0.61271676300578,0.000891525779181383,"Bacteria","Proteobacteria","Alphaproteobacteria","Rickettsiales","S25-593","uncultured"
"EF572756.1.1449",1936,142,0.820809248554913,0.000422541004189674,"Bacteria","Proteobacteria","Alphaproteobacteria","SAR11",NA,NA
"EF572866.1.1525",3628,118,0.682080924855491,0.000871149677444779,"Bacteria","Marinimicrobia",NA,NA,NA,NA
"EF572884.1.1518",2843,116,0.670520231213873,0.000691093753568247,"Bacteria","Proteobacteria","Gammaproteobacteria","Oceanospirillales","OM182",NA
"EF572988.1.1441",1994,101,0.583815028901734,0.000474240015903191,"Bacteria","Proteobacteria","Alphaproteobacteria","SAR11",NA,NA
"EF573011.1.1496",177,60,0.346820809248555,4.15925585035075e-05,"Bacteria","Bacteroidetes","Cytophagia","Cytophagales","Flammeovirgaceae","Marinoscillum"
"EF573025.1.1502",3487,89,0.514450867052023,0.000895124104129951,"Bacteria","Bacteroidetes","Flavobacteriia","Flavobacteriales","Flavobacteriaceae","NS4"
"EF573065.1.1441",1023,103,0.595375722543353,0.000259796131062437,"Bacteria","Proteobacteria","Alphaproteobacteria","Rhodospirillales","Rhodospirillaceae","uncultured"
"EF573081.1.1493",470,82,0.473988439306358,9.91979430471373e-05,"Bacteria","Bacteroidetes","Cytophagia","Cytophagales","Flammeovirgaceae","Marinoscillum"
"EF573116.1.1482",236,50,0.289017341040462,5.96800013466304e-05,"Bacteria","Proteobacteria","Gammaproteobacteria","Oceanospirillales","SAR86",NA
"EF573119.1.1489",1003,87,0.502890173410405,0.000256537663362031,"Bacteria","Bacteroidetes","Flavobacteriia","Flavobacteriales","NS7",NA
"EF573121.1.1476",3235,120,0.69364161849711,0.00080710584684195,"Bacteria","Proteobacteria","Gammaproteobacteria","Pseudomonadales","Moraxellaceae","Acinetobacter"
"EF573122.1.1485",4489,124,0.716763005780347,0.00125059188598666,"Bacteria","Bacteroidetes","Cytophagia","Cytophagales","Flammeovirgaceae","Marinoscillum"
"EF573180.1.1462",376,89,0.514450867052023,9.19000923974959e-05,"Bacteria","Bacteroidetes","Flavobacteriia","Flavobacteriales","Flavobacteriaceae","NS5"
"EF573197.1.1498",3413,112,0.647398843930636,0.000892224525026219,"Bacteria","Proteobacteria","Alphaproteobacteria","SAR11",NA,NA
"EF573246.1.1460",857,42,0.242774566473988,0.000221898790840536,"Bacteria","Proteobacteria","Alphaproteobacteria","Rhodospirillales","Rhodospirillaceae","uncultured"
"EF573332.1.1428",5811,147,0.84971098265896,0.00147035653441615,"Bacteria","Proteobacteria","Alphaproteobacteria","Rhodobacterales","Rhodobacteraceae","uncultured"
"EF573357.1.1454",2880,122,0.705202312138728,0.000747843414805357,"Bacteria","Proteobacteria","Alphaproteobacteria","Sphingomonadales","Sphingomonadaceae","Blastomonas"
"EF573375.1.1449",150,63,0.364161849710983,3.4575370986024e-05,"Bacteria","Proteobacteria","Alphaproteobacteria","SAR11",NA,NA
"EF573530.1.1489",3357,108,0.624277456647399,0.000918099487069977,"Bacteria","Bacteroidetes","Flavobacteriia","Flavobacteriales","NS9",NA
"EF573566.1.1536",409,42,0.242774566473988,0.000111703426593662,"Bacteria","Verrucomicrobia","R76-B128","uncultured",NA,NA
"EF573580.1.1524",1308,89,0.514450867052023,0.000318018709584313,"Bacteria","Marinimicrobia",NA,NA,NA,NA
"EF573664.1.1475",708,100,0.578034682080925,0.000175987095516092,"Bacteria","Proteobacteria","Deltaproteobacteria","SAR324",NA,NA
"EF573677.1.1466",365,79,0.456647398843931,8.3730464826201e-05,"Bacteria","Proteobacteria","Deltaproteobacteria","Bdellovibrionales","Bdellovibrionaceae","OM27"
"EF573683.1.1453",219,63,0.364161849710983,5.53979065063318e-05,"Bacteria","Proteobacteria","Alphaproteobacteria","Rhodobacterales","Rhodobacteraceae","uncultured"
"EF573689.1.1488",888,97,0.560693641618497,0.000199837949009718,"Bacteria","Proteobacteria","Gammaproteobacteria","Oceanospirillales","SAR86",NA
"EF573693.1.1450",170,63,0.364161849710983,4.41704364697491e-05,"Bacteria","Cyanobacteria","Chloroplast","uncultured",NA,NA
"EF573707.1.1499",4482,95,0.549132947976879,0.00103456620649424,"Bacteria","Bacteroidetes","Flavobacteriia","Flavobacteriales","Flavobacteriaceae","NS4"
"EF573721.1.1479",580,78,0.450867052023121,0.000159237161890857,"Bacteria","Proteobacteria","Alphaproteobacteria","Rickettsiales","SAR116",NA
"EF573725.1.1510",75,37,0.213872832369942,1.91898117719868e-05,"Bacteria","Proteobacteria","Gammaproteobacteria","Legionellales","Coxiellaceae","Coxiella"
"EF573752.1.1474",353,76,0.439306358381503,9.49447509564193e-05,"Bacteria","Proteobacteria","Deltaproteobacteria","SAR324",NA,NA
"EF573781.1.1448",193,67,0.38728323699422,5.30943597736259e-05,"Bacteria","Proteobacteria","Alphaproteobacteria","Rickettsiales","SAR116",NA
"EF573851.1.1447",1570,113,0.653179190751445,0.000409603858786979,"Bacteria","Cyanobacteria","Chloroplast","uncultured",NA,NA
"EF573862.1.1502",740,50,0.289017341040462,0.000215838704537797,"Bacteria","Proteobacteria","Gammaproteobacteria","Oceanospirillales","OM182",NA
"EF573867.1.1520",988,57,0.329479768786127,0.000234737630823858,"Bacteria","Verrucomicrobia","Opitutae","Puniceicoccales","Puniceicoccaceae","marine"
"EF573876.1.1512",355,62,0.358381502890173,9.92904186272133e-05,"Bacteria","Proteobacteria","Deltaproteobacteria","Myxococcales","P3OB-42","uncultured"
"EF573892.1.1515",557,94,0.543352601156069,0.000136679610598846,"Bacteria","Proteobacteria","Deltaproteobacteria","Bradymonadales","uncultured",NA
"EF573901.1.1506",497,59,0.341040462427746,0.000140838386991297,"Bacteria","Verrucomicrobia","Opitutae","MB11C04",NA,NA
"EF573946.1.1467",1719,100,0.578034682080925,0.000419949692103095,"Bacteria","Proteobacteria","Alphaproteobacteria","Rickettsiales","S25-593","uncultured"
"EF573958.1.1532",213,67,0.38728323699422,5.17257328998552e-05,"Bacteria","Proteobacteria","Gammaproteobacteria","Legionellales","Coxiellaceae","Coxiella"
"EF573992.1.1439",358,84,0.485549132947977,8.71556343278801e-05,"Bacteria","Proteobacteria","Deltaproteobacteria","Bdellovibrionales","Bdellovibrionaceae","OM27"
"EF574008.1.1447",1072,104,0.601156069364162,0.000262936850365279,"Bacteria","Cyanobacteria","Chloroplast","uncultured",NA,NA
"EF574009.1.1228",167,67,0.38728323699422,4.42375844881008e-05,"Bacteria","Cyanobacteria","Chloroplast","uncultured",NA,NA
"EF574040.1.1487",4906,99,0.572254335260116,0.00135634342340705,"Bacteria","Proteobacteria","Gammaproteobacteria","Oceanospirillales","SAR86",NA
"EF574067.1.1441",2028,99,0.572254335260116,0.000527524333599485,"Bacteria","Proteobacteria","Alphaproteobacteria","Rickettsiales","S25-593","uncultured"
"EF574119.1.1500",12295,149,0.861271676300578,0.00323309606574637,"Bacteria","Marinimicrobia",NA,NA,NA,NA
"EF574124.1.1533",225,65,0.375722543352601,5.63445966432797e-05,"Bacteria","Proteobacteria","Gammaproteobacteria","Legionellales","Coxiellaceae","Coxiella"
"EF574147.1.1505",1406,73,0.421965317919075,0.000435276489200596,"Bacteria","Proteobacteria","Betaproteobacteria","Hydrogenophilales","Hydrogenophilaceae","uncultured"
"EF574163.1.1451",176,50,0.289017341040462,4.85280372951495e-05,"Bacteria","Proteobacteria","Alphaproteobacteria","Rickettsiales","SAR116",NA
"EF574179.1.1477",2671,91,0.526011560693642,0.000639299226047243,"Bacteria","Proteobacteria","Alphaproteobacteria","Rhodospirillales","Rhodospirillaceae","uncultured"
"EF574193.1.1492",51,28,0.161849710982659,1.25298617384869e-05,"Bacteria","Bacteroidetes","Sphingobacteriia","Sphingobacteriales","Saprospiraceae","Aureispira"
"EF574195.1.1480",79,24,0.138728323699422,1.75034266222376e-05,"Bacteria","Proteobacteria","Gammaproteobacteria","Alteromonadales","Alteromonadaceae","Alteromonas"
"EF574201.1.1462",56,27,0.15606936416185,1.46570441900154e-05,"Bacteria","Cyanobacteria","Cyanobacteria","SubsectionI","FamilyI","Prochlorococcus"
"EF574227.1.1455",509,78,0.450867052023121,0.000148103848571918,"Bacteria","Planctomycetes","Phycisphaerae","Phycisphaerales","Phycisphaeraceae","CL500-3"
"EF574241.1.1490",917,64,0.369942196531792,0.000261083655670298,"Bacteria","Proteobacteria","Gammaproteobacteria","Oceanospirillales","SAR86",NA
"EF574288.1.1436",1014,84,0.485549132947977,0.000267324100828293,"Bacteria","Cyanobacteria","Chloroplast","uncultured",NA,NA
"EF574299.1.1453",653,100,0.578034682080925,0.000170622212211962,"Bacteria","Cyanobacteria","Chloroplast","uncultured",NA,NA
"EF574345.1.1539",724,54,0.312138728323699,0.000196690529386409,"Bacteria","Verrucomicrobia","R76-B128","uncultured",NA,NA
"EF574353.1.1482",1651,118,0.682080924855491,0.000393514597765855,"Bacteria","Proteobacteria","Deltaproteobacteria","Bdellovibrionales","Bdellovibrionaceae","OM27"
"EF574358.1.1447",429,79,0.456647398843931,0.00010438222235924,"Bacteria","Cyanobacteria","Chloroplast","uncultured",NA,NA
"EF574362.1.1473",264,65,0.375722543352601,6.7450130750956e-05,"Bacteria","Proteobacteria","Alphaproteobacteria","Rickettsiales","SAR116",NA
"EF574374.1.1463",436,69,0.398843930635838,0.000101387039821377,"Bacteria","Proteobacteria","Deltaproteobacteria","Bdellovibrionales","Bdellovibrionaceae","OM27"
"EF574402.1.1517",1067,107,0.61849710982659,0.000276068113723222,"Bacteria","Proteobacteria","Deltaproteobacteria","Bdellovibrionales","Bacteriovoracaceae","uncultured"
"EF574436.1.1467",135,52,0.300578034682081,3.69740094626272e-05,"Bacteria","Proteobacteria","Alphaproteobacteria","Rickettsiales","Rickettsiaceae","uncultured"
"EF574438.1.1503",1434,111,0.641618497109827,0.000337346211282195,"Bacteria","Proteobacteria","Deltaproteobacteria","Bradymonadales","uncultured",NA
"EF574484.1.1444",91,41,0.236994219653179,2.42726798720654e-05,"Bacteria","Cyanobacteria","Chloroplast","uncultured",NA,NA
"EF574498.1.1440",122,42,0.242774566473988,2.96400967893482e-05,"Bacteria","Proteobacteria","Alphaproteobacteria","Rhodobacterales","Rhodobacteraceae","uncultured"
"EF574507.1.1482",2072,109,0.630057803468208,0.000557347748480844,"Bacteria","Bacteroidetes","Flavobacteriia","Flavobacteriales","NS9",NA
"EF574515.1.1503",237,59,0.341040462427746,5.58417120139942e-05,"Bacteria","Proteobacteria","Deltaproteobacteria","Bradymonadales","uncultured",NA
"EF574532.1.1489",123,31,0.179190751445087,3.54084385828351e-05,"Bacteria","Proteobacteria","Deltaproteobacteria","Bradymonadales","uncultured",NA
"EF574575.1.1450",667,87,0.502890173410405,0.000181705058769391,"Bacteria","Cyanobacteria","Chloroplast","uncultured",NA,NA
"EF574594.1.1514",51,22,0.127167630057803,1.4273761639139e-05,"Bacteria","Proteobacteria","Deltaproteobacteria","Bradymonadales","uncultured",NA
"EF574610.1.1506",733,65,0.375722543352601,0.000226389577922451,"Bacteria","Verrucomicrobia","Opitutae","MB11C04",NA,NA
"EF574619.1.1501",225,43,0.248554913294798,5.58481515988141e-05,"Bacteria","Proteobacteria","Gammaproteobacteria","Legionellales","Coxiellaceae","Coxiella"
"EF574626.1.1492",1406,93,0.53757225433526,0.000327317235977725,"Bacteria","Bacteroidetes","Flavobacteriia","Flavobacteriales","Flavobacteriaceae","NS4"
"EF574651.1.1468",3969,102,0.589595375722543,0.00115082046015583,"Bacteria","Proteobacteria","Alphaproteobacteria","Rickettsiales","S25-593","uncultured"
"EF574652.1.1507",614,71,0.410404624277457,0.000151608170644466,"Bacteria","Verrucomicrobia","Opitutae","MB11C04",NA,NA
"EF574657.1.1483",16944,122,0.705202312138728,0.00394017025714462,"Bacteria","Bacteroidetes","Flavobacteriia","Flavobacteriales","Flavobacteriaceae","NS4"
"EF574674.1.1443",1454,98,0.566473988439306,0.000384209354080117,"Bacteria","Cyanobacteria","Chloroplast","uncultured",NA,NA
"EF574684.1.1421",104,50,0.289017341040462,2.47804191263815e-05,"Bacteria","Cyanobacteria","Chloroplast","uncultured",NA,NA
"EF574698.1.1477",880,98,0.566473988439306,0.000219515010854871,"Bacteria","Proteobacteria","Deltaproteobacteria","Bdellovibrionales","Bdellovibrionaceae","OM27"
"EF574717.1.1503",120,32,0.184971098265896,2.97305783110039e-05,"Bacteria","Proteobacteria","Gammaproteobacteria","Legionellales","Coxiellaceae","Coxiella"
"EF574726.1.1494",204,43,0.248554913294798,5.62931778280186e-05,"Bacteria","Proteobacteria","Deltaproteobacteria","Bradymonadales","uncultured",NA
"EF574731.1.1470",1368,98,0.566473988439306,0.000322803422601398,"Bacteria","Proteobacteria","Gammaproteobacteria","Oceanospirillales","SAR86",NA
"EF574750.1.1499",338,66,0.38150289017341,0.000105084284972416,"Bacteria","Proteobacteria","Gammaproteobacteria","Cellvibrionales","Halieaceae","OM60(NOR5)"
"EF574753.1.1346",3271,143,0.826589595375723,0.000893717447330995,"Bacteria","Bacteroidetes","Flavobacteriia","Flavobacteriales","NS9",NA
"EF574773.1.1519",2595,133,0.76878612716763,0.000623454486189146,"Bacteria","Proteobacteria","Deltaproteobacteria","Myxococcales","P3OB-42","uncultured"
"EF574788.1.1492",396,79,0.456647398843931,9.52766262567957e-05,"Bacteria","Bacteroidetes","Flavobacteriia","Flavobacteriales","Flavobacteriaceae","NS4"
"EF574789.1.1501",597,82,0.473988439306358,0.000136469551505509,"Bacteria","Proteobacteria","Deltaproteobacteria","Bradymonadales","uncultured",NA
"EF574825.1.1447",272,73,0.421965317919075,7.53130213988495e-05,"Bacteria","Cyanobacteria","Chloroplast","uncultured",NA,NA
"EF574837.1.1497",984,71,0.410404624277457,0.000260142802830713,"Bacteria","Bacteroidetes","Flavobacteriia","Flavobacteriales","NS7",NA
"EF574856.1.1457",356,68,0.393063583815029,8.78735280455354e-05,"Bacteria","Cyanobacteria","Chloroplast","uncultured",NA,NA
"EF574858.1.1510",461,63,0.364161849710983,0.000121814365408367,"Bacteria","Proteobacteria","Gammaproteobacteria","Legionellales","Coxiellaceae","Coxiella"
"EF574859.1.1503",1318,96,0.554913294797688,0.000289270030934208,"Bacteria","Proteobacteria","Deltaproteobacteria","SAR324",NA,NA
"EF574901.1.1448",285,79,0.456647398843931,7.52201818989008e-05,"Bacteria","Cyanobacteria","Chloroplast","uncultured",NA,NA
"EF574911.1.1519",101,58,0.335260115606936,2.5641543136499e-05,"Bacteria","Proteobacteria","Gammaproteobacteria","Legionellales","Coxiellaceae","Coxiella"
"EF574957.1.1419",304,61,0.352601156069364,8.10327481789789e-05,"Bacteria","Cyanobacteria","Chloroplast","uncultured",NA,NA
"EF574962.1.1434",1068,86,0.497109826589595,0.000293421718738452,"Bacteria","Cyanobacteria","Chloroplast","uncultured",NA,NA
"EF574964.1.1522",179,50,0.289017341040462,4.84409054428061e-05,"Bacteria","Proteobacteria","Deltaproteobacteria","Myxococcales","P3OB-42","uncultured"
"EF574992.1.1454",159,55,0.317919075144509,3.70961568271724e-05,"Bacteria","Proteobacteria","Deltaproteobacteria","Bdellovibrionales","Bdellovibrionaceae","OM27"
"EF575001.1.1448",709,93,0.53757225433526,0.000177192506066317,"Bacteria","Cyanobacteria","Chloroplast","uncultured",NA,NA
"EF575065.1.1452",281,55,0.317919075144509,7.91376587639699e-05,"Bacteria","Cyanobacteria","Cyanobacteria","SubsectionI","FamilyI","Synechococcus"
"EF575111.1.1464",3138,102,0.589595375722543,0.000840328489418062,"Bacteria","Proteobacteria","Deltaproteobacteria","SAR324",NA,NA
"EF575129.1.1460",1444,98,0.566473988439306,0.000339152095950643,"Bacteria","Planctomycetes","Phycisphaerae","Phycisphaerales","Phycisphaeraceae","Urania-1B-19"
"EF575141.1.1448",106,32,0.184971098265896,3.2603662441698e-05,"Bacteria","Cyanobacteria","Cyanobacteria","SubsectionI","FamilyI","Prochlorococcus"
"EF575144.1.1501",482,77,0.445086705202312,0.000121351526460939,"Bacteria","Proteobacteria","Gammaproteobacteria","Cellvibrionales","Spongiibacteraceae","BD1-7"
"EF575165.1.1489",115,27,0.15606936416185,3.15850743452792e-05,"Bacteria","Proteobacteria","Deltaproteobacteria","Bradymonadales","uncultured",NA
"EF575179.1.1496",398,61,0.352601156069364,0.000100425292816324,"Bacteria","Proteobacteria","Gammaproteobacteria","Oceanospirillales","Litoricolaceae","Litoricola"
"EF575193.1.1476",103,27,0.15606936416185,2.37950044116473e-05,"Bacteria","Proteobacteria","Deltaproteobacteria","SAR324",NA,NA
"EF575213.1.1463",1299,109,0.630057803468208,0.000317119017724006,"Bacteria","Planctomycetes","Phycisphaerae","Phycisphaerales","Phycisphaeraceae","FS140-16B-02"
"EF575247.1.1447",1889,119,0.687861271676301,0.000473406373063078,"Bacteria","Cyanobacteria","Chloroplast","uncultured",NA,NA
"EF575268.1.1481",755,92,0.531791907514451,0.000201464031166497,"Bacteria","Bacteroidetes","Flavobacteriia","Flavobacteriales","NS9",NA
"EF575285.1.1465",3179,102,0.589595375722543,0.000799412159024254,"Bacteria","Proteobacteria","Alphaproteobacteria","Rhodospirillales","Rhodospirillaceae","OM75"
"EF575301.1.1522",216,38,0.219653179190751,5.2135226947164e-05,"Bacteria","Planctomycetes","OM190","uncultured",NA,NA
"EF575313.1.1500",107,27,0.15606936416185,2.71792480165715e-05,"Bacteria","Verrucomicrobia","Opitutae","MB11C04",NA,NA
"EF575320.1.1526",13317,134,0.774566473988439,0.00314521946218977,"Bacteria","Marinimicrobia",NA,NA,NA,NA
"EF591885.16607.18141",164,55,0.317919075144509,5.21612240236719e-05,"Bacteria","Planctomycetes","Planctomycetacia","Planctomycetales","Planctomycetaceae","Rubripirellula"
"EF597693.1.904",3075,38,0.219653179190751,0.000637399649507778,"Archaea","Thaumarchaeota","Marine",NA,NA,NA
"EF597697.1.952",2064,78,0.450867052023121,0.000424159708090127,"Archaea","Thaumarchaeota","Marine",NA,NA,NA
"EF597698.1.1403",703,52,0.300578034682081,0.000172818835087494,"Archaea","Euryarchaeota","Thermoplasmata","Thermoplasmatales","Marine",NA
"EF645939.1.1481",75,18,0.104046242774566,2.31578733677669e-05,"Bacteria","Bacteroidetes","Sphingobacteriia","Sphingobacteriales","Saprospiraceae","uncultured"
"EF645944.1.1485",1583,137,0.791907514450867,0.000412833052551287,"Bacteria","Bacteroidetes","Flavobacteriia","Flavobacteriales","NS7",NA
"EF645947.1.1486",1523,88,0.508670520231214,0.000369367465760874,"Bacteria","Bacteroidetes","Flavobacteriia","Flavobacteriales","Cryomorphaceae","uncultured"
"EF645948.1.1485",2602,122,0.705202312138728,0.000651413857033765,"Bacteria","Bacteroidetes","Flavobacteriia","Flavobacteriales","Cryomorphaceae","uncultured"
"EF646125.1.1422",1754,115,0.664739884393064,0.000440133761846315,"Bacteria","Bacteroidetes","Flavobacteriia","Flavobacteriales","Cryomorphaceae","uncultured"
"EF646131.1.1507",464,62,0.358381502890173,0.000102795951681564,"Bacteria","Proteobacteria","Gammaproteobacteria","Cellvibrionales","Porticoccaceae","SAR92"
"EF646132.1.1480",1528,90,0.520231213872832,0.00039911411633833,"Bacteria","Bacteroidetes","Flavobacteriia","Flavobacteriales","NS9",NA
"EF646133.1.1452",215,90,0.520231213872832,6.08987164277755e-05,"Bacteria","Proteobacteria","Alphaproteobacteria","SAR11",NA,NA
"EF648080.1.1450",63,20,0.115606936416185,1.46346424677827e-05,"Bacteria","Proteobacteria","Alphaproteobacteria","Rhizobiales","Rhodobiaceae","Parvibaculum"
"EF659447.1.1373",843,86,0.497109826589595,0.000217052969549984,"Bacteria","Proteobacteria","Alphaproteobacteria","Rhodobacterales","Rhodobacteraceae","uncultured"
"EU010164.1.1471",6729,106,0.61271676300578,0.0019037513767113,"Bacteria","Proteobacteria","Gammaproteobacteria","Gammaproteobacteria",NA,NA
"EU010224.1.1421",1875,53,0.30635838150289,0.000513239250487261,"Bacteria","Proteobacteria","Gammaproteobacteria","Thiotrichales","Thiotrichaceae","Thiothrix"
"EU016674.36018.37484",532,38,0.219653179190751,0.000113946825746173,"Bacteria","Proteobacteria","Alphaproteobacteria","SAR11",NA,NA
"EU035834.1.1439",471,92,0.531791907514451,0.000121124964782088,"Bacteria","Proteobacteria","Alphaproteobacteria","SAR11",NA,NA
"EU035842.1.1504",1085,46,0.265895953757225,0.000345951616522758,"Bacteria","Proteobacteria","Gammaproteobacteria","Xanthomonadales","JTB255",NA
"EU035854.1.1526",851,41,0.236994219653179,0.000218847108475002,"Bacteria","Proteobacteria","Gammaproteobacteria","Oceanospirillales","SAR86",NA
"EU035931.1.1482",65,19,0.109826589595376,1.34739695680669e-05,"Bacteria","Acidobacteria","Solibacteres","Solibacterales","Solibacteraceae",NA
"EU050785.1.1424",50,20,0.115606936416185,1.65702608465278e-05,"Bacteria","Proteobacteria","Gammaproteobacteria","Chromatiales","Granulosicoccaceae","Granulosicoccus"
"EU050787.1.1419",94,30,0.173410404624277,2.08829273926473e-05,"Bacteria","Proteobacteria","JTB23","uncultured",NA,NA
"EU050795.1.1431",195,32,0.184971098265896,6.96511123416628e-05,"Bacteria","Proteobacteria","Gammaproteobacteria","Xanthomonadales","JTB255",NA
"EU050828.1.1418",85,20,0.115606936416185,2.53149133539693e-05,"Bacteria","Proteobacteria","Gammaproteobacteria","Oceanospirillales","Oceanospirillaceae","Pseudohongiella"
"EU050829.1.1419",226,20,0.115606936416185,4.70443179778308e-05,"Bacteria","Proteobacteria","Gammaproteobacteria","Oceanospirillales","OM182",NA
"EU050832.1.1421",975,32,0.184971098265896,0.000269935790034572,"Bacteria","Proteobacteria","Gammaproteobacteria","Oceanospirillales","Oceanospirillaceae","Oleispira"
"EU050835.1.1423",2786,55,0.317919075144509,0.00058455003008709,"Bacteria","Verrucomicrobia","Opitutae","Puniceicoccales","Puniceicoccaceae","Lentimonas"
"EU050837.1.1417",195,27,0.15606936416185,6.76978828382618e-05,"Bacteria","Verrucomicrobia","Opitutae","Puniceicoccales","Puniceicoccaceae","Pelagicoccus"
"EU050891.1.1395",97,49,0.283236994219653,2.29734743217744e-05,"Bacteria","Bacteroidetes","Flavobacteriia","Flavobacteriales","Flavobacteriaceae","Aquibacter"
"EU050921.1.1399",451,23,0.132947976878613,0.000152270806755856,"Bacteria","Proteobacteria","Betaproteobacteria","Nitrosomonadales","Nitrosomonadaceae","Nitrosomonas"
"EU050972.1.1770",144,27,0.15606936416185,3.36895154516257e-05,"Eukaryota","SAR","Stramenopiles","Ochrophyta","Pelagophyceae","Sarcinochrysidales"
"EU090012.1.1794",538,28,0.161849710982659,0.000138882024327493,"Eukaryota","SAR","Stramenopiles","Ochrophyta","Diatomea","Bacillariophytina"
"EU189028.1.1781",105,21,0.121387283236994,2.44912157332524e-05,"Eukaryota","SAR","Alveolata","Protalveolata","Oxyrrhis","uncultured"
"EU196330.1.1411",74,18,0.104046242774566,2.09646630142867e-05,"Bacteria","Proteobacteria","Alphaproteobacteria","Caulobacterales","Hyphomonadaceae","Litorimonas"
"EU236356.1.1375",179,19,0.109826589595376,4.49743690061833e-05,"Bacteria","Bacteroidetes","Flavobacteriia","Flavobacteriales","Flavobacteriaceae","Flavicella"
"EU236386.1.1368",3739,34,0.196531791907514,0.000879846348429098,"Bacteria","Bacteroidetes","Flavobacteriia","Flavobacteriales","Cryomorphaceae","uncultured"
"EU236390.1.1353",114,44,0.254335260115607,3.40128643894539e-05,"Bacteria","Planctomycetes","Planctomycetacia","Planctomycetales","Planctomycetaceae","uncultured"
"EU236417.1.1391",76,22,0.127167630057803,1.84129269714932e-05,"Bacteria","Proteobacteria","Gammaproteobacteria","Cellvibrionales","Spongiibacteraceae","Dasania"
"EU237271.1.1303",109,53,0.30635838150289,2.7505301983461e-05,"Bacteria","Proteobacteria","Alphaproteobacteria","Rickettsiales","SAR116",NA
"EU237272.1.1306",285,88,0.508670520231214,7.11342176290699e-05,"Bacteria","Proteobacteria","Alphaproteobacteria","SAR11",NA,NA
"EU237273.1.1324",167,56,0.323699421965318,4.37491066653789e-05,"Bacteria","Proteobacteria","Alphaproteobacteria","Rickettsiales","SAR116",NA
"EU237278.1.1306",405,102,0.589595375722543,0.000118385681122502,"Bacteria","Proteobacteria","Alphaproteobacteria","Rickettsiales","SAR116",NA
"EU237290.1.1304",226,72,0.416184971098266,5.43590117138554e-05,"Bacteria","Proteobacteria","Alphaproteobacteria","Rhodobacterales","Rhodobacteraceae","uncultured"
"EU237303.1.1308",755,86,0.497109826589595,0.00019538614331195,"Bacteria","Proteobacteria","SPOTSOCT00m83","uncultured",NA,NA
"EU237319.1.1311",957,97,0.560693641618497,0.000235467510200328,"Bacteria","Cyanobacteria","Cyanobacteria","SubsectionI","FamilyI","Prochlorococcus"
"EU237334.1.1360",508,52,0.300578034682081,0.000153844886708043,"Bacteria","Proteobacteria","Gammaproteobacteria","Oceanospirillales","OM182",NA
"EU237338.1.1374",180,60,0.346820809248555,4.47525339643989e-05,"Bacteria","Proteobacteria","Deltaproteobacteria","Bdellovibrionales","Bacteriovoracaceae","uncultured"
"EU237344.1.1311",141,52,0.300578034682081,3.50946011213058e-05,"Bacteria","Cyanobacteria","Cyanobacteria","SubsectionI","FamilyI","Prochlorococcus"
"EU237402.1.1311",186,63,0.364161849710983,4.27851329596503e-05,"Bacteria","Actinobacteria","Acidimicrobiia","Acidimicrobiales","OM1",NA
"EU237445.1.1361",215,64,0.369942196531792,5.50009731462332e-05,"Bacteria","Verrucomicrobia","Opitutae","MB11C04",NA,NA
"EU237451.1.1318",251,68,0.393063583815029,5.62717945559513e-05,"Bacteria","Proteobacteria","Deltaproteobacteria","Bdellovibrionales","Bdellovibrionaceae","OM27"
"EU237453.1.1326",169,41,0.236994219653179,4.43331132675057e-05,"Bacteria","Proteobacteria","Alphaproteobacteria","Rhodospirillales","Rhodospirillaceae","uncultured"
"EU237454.1.1332",96,50,0.289017341040462,2.29468464572766e-05,"Bacteria","Proteobacteria","Gammaproteobacteria","Oceanospirillales","SAR86",NA
"EU237459.1.1302",2803,89,0.514450867052023,0.000739460618359398,"Bacteria","Proteobacteria","Alphaproteobacteria","Rhodospirillales","Rhodospirillaceae","AEGEAN-169"
"EU237463.1.1308",1532,76,0.439306358381503,0.000393211983450425,"Bacteria","Cyanobacteria","Cyanobacteria","SubsectionI","FamilyI","Prochlorococcus"
"EU245839.1.1498",61,18,0.104046242774566,1.44964284273412e-05,"Bacteria","Spirochaetae","Spirochaetes","Spirochaetales","Spirochaetaceae","Spirochaeta"
"EU246016.1.1426",55,29,0.167630057803468,1.27132590889512e-05,"Bacteria","Planctomycetes","Phycisphaerae","Phycisphaerales","Phycisphaeraceae","SM1A02"
"EU249946.1.1372",1589,82,0.473988439306358,0.000424585463036477,"Bacteria","Cyanobacteria","Chloroplast","uncultured",NA,NA
"EU259790.1.1468",377,53,0.30635838150289,0.000106412138884025,"Bacteria","Proteobacteria","Gammaproteobacteria","Cellvibrionales","Halieaceae","OM60(NOR5)"
"EU259792.1.1496",1277,100,0.578034682080925,0.000308505456653001,"Bacteria","Proteobacteria","Gammaproteobacteria","Oceanospirillales","SAR86",NA
"EU265978.1.1292",287,30,0.173410404624277,7.38017983089639e-05,"Bacteria","Bacteroidetes","Flavobacteriia","Flavobacteriales","Flavobacteriaceae","Polaribacter"
"EU268086.1.1489",555,40,0.23121387283237,0.000189648686374283,"Bacteria","Bacteroidetes","Flavobacteriia","Flavobacteriales","Flavobacteriaceae","NS5"
"EU268108.1.1451",1562,109,0.630057803468208,0.00041141934534303,"Bacteria","Cyanobacteria","Chloroplast","uncultured",NA,NA
"EU268116.1.1462",1393,70,0.404624277456647,0.000314667504782755,"Bacteria","Actinobacteria","Acidimicrobiia","Acidimicrobiales","OM1",NA
"EU268117.1.1452",2481,75,0.433526011560694,0.000569279157233588,"Bacteria","Cyanobacteria","Chloroplast","uncultured",NA,NA
"EU286988.1.1498",1362,22,0.127167630057803,0.000359079698911056,"Bacteria","Proteobacteria","Betaproteobacteria","Burkholderiales","Comamonadaceae","BAL58"
"EU286996.1.1484",125,25,0.144508670520231,2.62640903159074e-05,"Bacteria","Chloroflexi","SAR202",NA,NA,NA
"EU287116.1.1505",347,41,0.236994219653179,9.2630990086261e-05,"Bacteria","Proteobacteria","AEGEAN-245","uncultured",NA,NA
"EU287155.1.1518",189,60,0.346820809248555,4.1257146947185e-05,"Bacteria","Proteobacteria","Gammaproteobacteria","KI89A",NA,NA
"EU287364.1.1506",624,33,0.190751445086705,0.000163988384042032,"Bacteria","Proteobacteria","Gammaproteobacteria","Oceanospirillales","Oceanospirillaceae","Pseudohongiella"
"EU287792.1.1796",675,69,0.398843930635838,0.000162646790701832,"Eukaryota","SAR","Rhizaria","Retaria","RAD",NA
"EU287793.1.1791",191,28,0.161849710982659,3.86201888168982e-05,"Eukaryota","SAR","Rhizaria","Retaria","RAD",NA
"EU287796.1.1798",52,21,0.121387283236994,1.00834185316404e-05,"Eukaryota","SAR","Rhizaria","Retaria","RAD",NA
"EU328077.1.1461",76,23,0.132947976878613,1.43690224643775e-05,"Bacteria","Proteobacteria","Gammaproteobacteria","Acidithiobacillales","KCM-B-112","uncultured"
"EU328085.1.1493",69,21,0.121387283236994,1.93664469691158e-05,"Bacteria","Bacteroidetes","Flavobacteriia","Flavobacteriales","Flavobacteriaceae","Salinimicrobium"
"EU371172.1.1778",108,27,0.15606936416185,2.89020552770439e-05,"Eukaryota","Archaeplastida","Chloroplastida","Chlorophyta","Mamiellophyceae","Mamiellales"
"EU371189.1.1788",1334,39,0.225433526011561,0.000330523948816931,"Eukaryota","SAR","Stramenopiles","MAST-3","MAST-3L","uncultured"
"EU371274.1.1806",2238,53,0.30635838150289,0.000656447272266478,"Eukaryota","Opisthokonta","Holozoa","Metazoa",NA,NA
"EU371323.1.1756",846,59,0.341040462427746,0.000220564358791788,"Eukaryota","Opisthokonta","Holozoa","Metazoa",NA,NA
"EU371330.1.1733",109,42,0.242774566473988,2.67114137283114e-05,"Eukaryota","SAR","Alveolata","Protalveolata","Syndiniales","Syndiniales"
"EU373829.1.1512",364,63,0.364161849710983,8.5510644190572e-05,"Bacteria","Proteobacteria","Gammaproteobacteria","Oceanospirillales","OM182",NA
"EU373875.1.1483",140,35,0.202312138728324,2.8440252927468e-05,"Bacteria","Proteobacteria","Alphaproteobacteria","Rhodospirillales","Rhodospirillaceae","Magnetospira"
"EU373917.1.1516",132,28,0.161849710982659,2.74550982612377e-05,"Bacteria","Acidobacteria","Subgroup",NA,NA,NA
"EU373940.1.1504",91,22,0.127167630057803,1.99276976226112e-05,"Bacteria","Acidobacteria","Subgroup",NA,NA,NA
"EU373963.1.1515",495,35,0.202312138728324,0.000102612228831898,"Bacteria","Acidobacteria","Subgroup",NA,NA,NA
"EU374009.1.1498",145,21,0.121387283236994,2.90278235429835e-05,"Bacteria","Planctomycetes","Planctomycetacia","Planctomycetales","Planctomycetaceae","Rhodopirellula"
"EU374035.1.1509",59,22,0.127167630057803,1.09769039640314e-05,"Bacteria","PAUC34f","uncultured",NA,NA,NA
"EU374077.1.1523",103,18,0.104046242774566,2.12666764074198e-05,"Bacteria","Gemmatimonadetes","BD2-11",NA,NA,NA
"EU374097.1.1489",67,37,0.213872832369942,1.59083003415742e-05,"Bacteria","Actinobacteria","Acidimicrobiia","Acidimicrobiales","OM1",NA
"EU394547.1.1451",17252,160,0.92485549132948,0.00418421396587467,"Bacteria","Proteobacteria","Alphaproteobacteria","Rhodospirillales","Rhodospirillaceae","AEGEAN-169"
"EU394556.1.1501",835,53,0.30635838150289,0.000224122082470693,"Bacteria","Proteobacteria","Gammaproteobacteria","Oceanospirillales","SAR86",NA
"EU394580.1.1461",140,74,0.427745664739884,3.45191415600845e-05,"Bacteria","Proteobacteria","Alphaproteobacteria","Rickettsiales","MD3-55","uncultured"
"EU446329.1.1567",122,31,0.179190751445087,2.75175411898492e-05,"Eukaryota","SAR","Rhizaria","Cercozoa","uncultured",NA
"EU488048.1.1454",158,24,0.138728323699422,4.30508572139185e-05,"Bacteria","Cyanobacteria","Chloroplast","uncultured",NA,NA
"EU491100.1.1518",81,38,0.219653179190751,1.69668571474256e-05,"Bacteria","PAUC34f","uncultured",NA,NA,NA
"EU491156.1.1522",710,22,0.127167630057803,0.000139577940800396,"Bacteria","Marinimicrobia",NA,NA,NA,NA
"EU491201.1.1462",68,24,0.138728323699422,1.40541474277834e-05,"Bacteria","Proteobacteria","Alphaproteobacteria","Rhodospirillales","Rhodospirillaceae","Magnetospira"
"EU491336.1.1475",208,35,0.202312138728324,4.34471736816158e-05,"Bacteria","Proteobacteria","Alphaproteobacteria","Rhodospirillales","Rhodospirillaceae","uncultured"
"EU491382.1.1515",378,29,0.167630057803468,8.47032087224968e-05,"Bacteria","Acidobacteria","Subgroup",NA,NA,NA
"EU491728.1.1442",82,39,0.225433526011561,1.8000487547672e-05,"Bacteria","Actinobacteria","Acidimicrobiia","Acidimicrobiales","Sva0996",NA
"EU491735.1.1440",254,56,0.323699421965318,5.56207943326485e-05,"Bacteria","Actinobacteria","Acidimicrobiia","Acidimicrobiales","Sva0996",NA
"EU544750.1.1449",675,28,0.161849710982659,0.000154603237352047,"Bacteria","Bacteroidetes","Flavobacteriia","Flavobacteriales","Flavobacteriaceae","Polaribacter"
"EU544754.1.1452",2910,45,0.260115606936416,0.000728932973546137,"Bacteria","Bacteroidetes","Flavobacteriia","Flavobacteriales","NS9",NA
"EU544833.1.1477",346,35,0.202312138728324,0.000101206309856511,"Bacteria","Proteobacteria","Gammaproteobacteria","Cellvibrionales","Porticoccaceae","SAR92"
"EU544840.1.1463",11425,33,0.190751445086705,0.0027352799329678,"Bacteria","Bacteroidetes","Flavobacteriia","Flavobacteriales","NS9",NA
"EU544843.1.1471",3822,34,0.196531791907514,0.000884320051115256,"Bacteria","Bacteroidetes","Flavobacteriia","Flavobacteriales","NS9",NA
"EU561718.1.1754",98,43,0.248554913294798,2.43281072942565e-05,"Eukaryota","SAR","Stramenopiles","Ochrophyta","Chrysophyceae","E222"
"EU561933.1.1738",88,47,0.271676300578035,2.01691035353043e-05,"Eukaryota","SAR","Stramenopiles","MAST-3","MAST-3D","uncultured"
"EU570831.1.1470",81,48,0.277456647398844,2.05430875625175e-05,"Bacteria","Proteobacteria","Alphaproteobacteria","Rickettsiales","Rickettsiaceae","Candidatus"
"EU570838.1.1485",1650,127,0.734104046242775,0.000428512783185551,"Bacteria","Bacteroidetes","Flavobacteriia","Flavobacteriales","NS9",NA
"EU570895.1.1484",219,30,0.173410404624277,7.87110972929858e-05,"Bacteria","Bacteroidetes","Flavobacteriia","Flavobacteriales","NS7",NA
"EU570897.1.1483",145,30,0.173410404624277,4.39587138579563e-05,"Bacteria","Actinobacteria","Acidimicrobiia","Acidimicrobiales","OM1",NA
"EU592339.1.1456",207,35,0.202312138728324,4.90923141153095e-05,"Bacteria","Actinobacteria","Actinobacteria","PeM15","uncultured",NA
"EU592393.1.1452",235,64,0.369942196531792,5.38196819933782e-05,"Bacteria","Proteobacteria","Alphaproteobacteria","Rhodospirillales","Rhodospirillaceae","uncultured"
"EU592399.1.1499",202,43,0.248554913294798,5.43198661111937e-05,"Bacteria","Proteobacteria","Gammaproteobacteria","Oceanospirillales","Litoricolaceae","Litoricola"
"EU617881.1.1469",65,24,0.138728323699422,1.67402073404515e-05,"Bacteria","Lentisphaerae","Lentisphaeria","Lentisphaerales","Lentisphaeraceae","Lentisphaera"
"EU617893.1.1517",120,41,0.236994219653179,2.73153766917844e-05,"Bacteria","Planctomycetes","Planctomycetacia","Planctomycetales","Planctomycetaceae","Planctomyces"
"EU635624.1.1200",208,41,0.236994219653179,5.01755747460081e-05,"Eukaryota","Excavata","Discoba","Discicristata","Euglenozoa","Diplonemea"
"EU635666.1.1200",63,31,0.179190751445087,1.45245571826728e-05,"Eukaryota","Excavata","Discoba","Discicristata","Euglenozoa","Diplonemea"
"EU635672.1.1200",171,37,0.213872832369942,4.05781415938437e-05,"Eukaryota","Excavata","Discoba","Discicristata","Euglenozoa","Diplonemea"
"EU650245.1.1378",761,32,0.184971098265896,0.000158408320342923,"Archaea","Thaumarchaeota","Marine",NA,NA,NA
"EU650260.1.1318",608,29,0.167630057803468,0.000114105306821105,"Archaea","Euryarchaeota","Thermoplasmata","Thermoplasmatales","Marine",NA
"EU652532.1.1467",64,18,0.104046242774566,1.6054993344363e-05,"Bacteria","Proteobacteria","Proteobacteria",NA,NA,NA
"EU652656.1.1487",96,24,0.138728323699422,3.19624550337363e-05,"Bacteria","Bacteroidetes","Flavobacteriia","Flavobacteriales","Cryomorphaceae","Fluviicola"
"EU686586.17722.19256",349,30,0.173410404624277,7.08187396465032e-05,"Bacteria","Acidobacteria","Subgroup",NA,NA,NA
"EU686587.16947.18447",937,37,0.213872832369942,0.000209780078629817,"Bacteria","Lentisphaerae","Lentisphaeria","Victivallales","Arctic95B-14","uncultured"
"EU686588.13514.15011",2735,65,0.375722543352601,0.000559548938599174,"Bacteria","Actinobacteria","Acidimicrobiia","Acidimicrobiales","Sva0996",NA
"EU686590.6138.7680",121,26,0.15028901734104,2.69420001088569e-05,"Bacteria","Gemmatimonadetes","BD2-11",NA,NA,NA
"EU686591.19472.20966",168,34,0.196531791907514,3.61079123216767e-05,"Bacteria","Proteobacteria","Deltaproteobacteria","Bdellovibrionales","Bdellovibrionaceae","OM27"
"EU686594.16595.18105",584,71,0.410404624277457,0.000117249252909417,"Bacteria","SBR1093","uncultured",NA,NA,NA
"EU686599.30860.32338",144,19,0.109826589595376,2.96444484101131e-05,"Bacteria","Proteobacteria","Alphaproteobacteria","Rhodospirillales","Rhodospirillaceae","uncultured"
"EU686600.36462.38000",104,20,0.115606936416185,1.99999891343854e-05,"Bacteria","Verrucomicrobia","WCHB1-41","uncultured",NA,NA
"EU686601.12366.13908",894,48,0.277456647398844,0.000179028115528995,"Bacteria","Gemmatimonadetes","BD2-11",NA,NA,NA
"EU686604.16726.18273",3467,66,0.38150289017341,0.00070298446959003,"Bacteria","Verrucomicrobia","Arctic97B-4",NA,NA,NA
"EU686606.5885.7383",164,21,0.121387283236994,3.3654189521479e-05,"Bacteria","Acidobacteria","Solibacteres","Solibacterales","Solibacteraceae",NA
"EU686607.3011.4519",289,22,0.127167630057803,5.66527051447594e-05,"Bacteria","Acidobacteria","Subgroup",NA,NA,NA
"EU686609.4445.5936",1302,49,0.283236994219653,0.000261320248420254,"Bacteria","Proteobacteria","Alphaproteobacteria","Rhodospirillales","Rhodospirillaceae","uncultured"
"EU686611.2215.3748",259,32,0.184971098265896,5.23959596142369e-05,"Bacteria","Acidobacteria","Subgroup",NA,NA,NA
"EU686612.24178.25713",235,38,0.219653179190751,4.85041468549229e-05,"Bacteria","Proteobacteria","Gammaproteobacteria","E01-9C-26",NA,NA
"EU686616.36653.38121",2432,104,0.601156069364162,0.000487510137448287,"Archaea","Euryarchaeota","Thermoplasmata","Thermoplasmatales","Marine",NA
"EU686617.30486.32020",133,23,0.132947976878613,2.60219195840528e-05,"Bacteria","Acidobacteria","Subgroup",NA,NA,NA
"EU686618.3359.4826",11019,83,0.479768786127168,0.00214261801769978,"Archaea","Euryarchaeota","Thermoplasmata","Thermoplasmatales","Marine",NA
"EU686621.11925.13462",212,25,0.144508670520231,4.52988167144332e-05,"Bacteria","Acidobacteria","Subgroup",NA,NA,NA
"EU686629.20759.22292",257,36,0.208092485549133,5.38187437906903e-05,"Bacteria","Acidobacteria","Subgroup",NA,NA,NA
"EU686630.17889.19427",2072,39,0.225433526011561,0.000426228534211112,"Bacteria","Acidobacteria","Subgroup",NA,NA,NA
"EU686635.915.2415",288,22,0.127167630057803,5.59111687399875e-05,"Archaea","Thaumarchaeota","pSL12","uncultured",NA,NA
"EU686638.27918.29457",202,24,0.138728323699422,4.08904050796517e-05,"Bacteria","Acidobacteria","Subgroup",NA,NA,NA
"EU686641.4369.5828",84,22,0.127167630057803,1.82676181985075e-05,"Bacteria","Proteobacteria","Alphaproteobacteria","Rhizobiales","KF-JG30-B3","uncultured"
"EU686643.5839.7313",9148,41,0.236994219653179,0.00182575356182064,"Archaea","Euryarchaeota","Thermoplasmata","Thermoplasmatales","Marine",NA
"EU686644.33641.35119",1126,62,0.358381502890173,0.00022727231598335,"Bacteria","Proteobacteria","Alphaproteobacteria","Rhodospirillales","AT-s3-44","uncultured"
"EU726634.1.1405",204,26,0.15028901734104,4.12332651039903e-05,"Bacteria","Bacteroidetes","Flavobacteriia","Flavobacteriales","Flavobacteriaceae","Winogradskyella"
"EU780592.1.1704",84,48,0.277456647398844,1.98915764327107e-05,"Eukaryota","SAR","Alveolata","Protalveolata","Syndiniales","Amoebophrya"
"EU780593.1.1515",65,39,0.225433526011561,1.52508612601045e-05,"Eukaryota","SAR","Alveolata","Dinoflagellata","Dinophyceae","Incertae"
"EU780611.1.1669",77,38,0.219653179190751,2.08887203662935e-05,"Eukaryota","SAR","Alveolata","Protalveolata","Syndiniales","Syndiniales"
"EU791574.1.914",1095,65,0.375722543352601,0.000227734516232623,"Archaea","Euryarchaeota","Thermoplasmata","Thermoplasmatales","Marine",NA
"EU792913.1.1793",96,39,0.225433526011561,1.98272254324241e-05,"Eukaryota","SAR","Alveolata","Protalveolata","Syndiniales","Syndiniales"
"EU793103.1.1445",72,28,0.161849710982659,1.77652350976894e-05,"Eukaryota","SAR","Alveolata","Protalveolata","Syndiniales","Syndiniales"
"EU793219.1.1532",148,62,0.358381502890173,3.226923863029e-05,"Eukaryota","SAR","Alveolata","Protalveolata","Syndiniales","Syndiniales"
"EU793222.1.1462",64,36,0.208092485549133,1.55276364466809e-05,"Eukaryota","SAR","Alveolata","Protalveolata","Syndiniales","Syndiniales"
"EU793263.1.1603",77,19,0.109826589595376,1.78780054539338e-05,"Eukaryota","SAR","Alveolata","Protalveolata","Syndiniales","Syndiniales"
"EU793269.1.1663",209,33,0.190751445086705,6.7248730357668e-05,"Eukaryota","SAR","Alveolata","Protalveolata","Syndiniales","Syndiniales"
"EU793371.1.1679",88,26,0.15028901734104,1.83202656186172e-05,"Eukaryota","SAR","Alveolata","Protalveolata","Syndiniales","Syndiniales"
"EU793378.1.1689",115,38,0.219653179190751,2.6449725850734e-05,"Eukaryota","SAR","Alveolata","SCM37C52","uncultured",NA
"EU793380.1.1676",152,33,0.190751445086705,4.0123666689977e-05,"Eukaryota","SAR","Alveolata","Protalveolata","Syndiniales","Syndiniales"
"EU793385.1.1672",113,51,0.294797687861272,2.86992571689415e-05,"Eukaryota","SAR","Alveolata","Protalveolata","Syndiniales","Syndiniales"
"EU793415.1.1675",83,24,0.138728323699422,1.9315559464192e-05,"Eukaryota","Incertae",NA,NA,NA,NA
"EU793687.1.1707",148,50,0.289017341040462,3.71367495809646e-05,"Eukaryota","SAR","Alveolata","Protalveolata","Syndiniales","Syndiniales"
"EU793688.1.1653",50,22,0.127167630057803,1.48555883955203e-05,"Eukaryota","SAR","Alveolata","Protalveolata","Syndiniales","Syndiniales"
"EU793692.1.1683",86,34,0.196531791907514,1.91319741916795e-05,"Eukaryota","SAR","Alveolata","Protalveolata","Syndiniales","Syndiniales"
"EU793696.1.1659",144,46,0.265895953757225,3.12303451002587e-05,"Eukaryota","SAR","Alveolata","Protalveolata","Syndiniales","Syndiniales"
"EU793710.1.1576",65,37,0.213872832369942,1.72677698621763e-05,"Eukaryota","SAR","Alveolata","Protalveolata","Syndiniales","Amoebophrya"
"EU793720.1.1599",54,34,0.196531791907514,1.60309669789289e-05,"Eukaryota","SAR","Alveolata","Protalveolata","Syndiniales","Syndiniales"
"EU793767.1.1483",70,28,0.161849710982659,1.55923246689149e-05,"Eukaryota","SAR","Alveolata","Protalveolata","Syndiniales","Syndiniales"
"EU793783.1.1668",63,24,0.138728323699422,1.41375449596947e-05,"Eukaryota","SAR","Alveolata","Protalveolata","Syndiniales","Syndiniales"
"EU793785.1.1664",51,33,0.190751445086705,1.4323546802732e-05,"Eukaryota","SAR","Alveolata","Protalveolata","Syndiniales","Amoebophrya"
"EU793790.1.1721",58,28,0.161849710982659,1.33244196570089e-05,"Eukaryota","SAR","Alveolata","Protalveolata","Syndiniales","Syndiniales"
"EU793837.1.1675",82,34,0.196531791907514,1.63879795305709e-05,"Eukaryota","SAR","Alveolata","Protalveolata","Syndiniales","Syndiniales"
"EU793931.1.1667",54,22,0.127167630057803,1.46007753059513e-05,"Eukaryota","SAR","Alveolata","Protalveolata","Syndiniales","Syndiniales"
"EU795088.1398.2920",1863,73,0.421965317919075,0.000489021213106648,"Bacteria","Proteobacteria","Betaproteobacteria","Methylophilales","Methylophilaceae","OM43"
"EU795094.11172.12675",8408,144,0.832369942196532,0.00231240142539761,"Bacteria","Bacteroidetes","Flavobacteriia","Flavobacteriales","NS9",NA
"EU795095.7973.9486",2628,31,0.179190751445087,0.000703574680959699,"Bacteria","Proteobacteria","Gammaproteobacteria","Cellvibrionales","Porticoccaceae","SAR92"
"EU795097.34365.35864",3003,40,0.23121387283237,0.000793512097841691,"Bacteria","Bacteroidetes","Flavobacteriia","Flavobacteriales","Flavobacteriaceae","Ulvibacter"
"EU795098.2736.4208",51597,59,0.341040462427746,0.0119831802022865,"Bacteria","Cyanobacteria","Chloroplast","uncultured",NA,NA
"EU795103.8376.9898",15837,44,0.254335260115607,0.00383044975577368,"Bacteria","Proteobacteria","Gammaproteobacteria","Oceanospirillales","OM182",NA
"EU795106.33660.35108",260,19,0.109826589595376,7.64166202427748e-05,"Bacteria","Proteobacteria","Alphaproteobacteria","Rhodobacterales","Rhodobacteraceae","uncultured"
"EU795175.18550.20063",3350,108,0.624277456647399,0.000839936854181359,"Bacteria","Proteobacteria","Gammaproteobacteria","Cellvibrionales","Porticoccaceae","SAR92"
"EU795176.23519.24984",295,79,0.456647398843931,8.07677366010604e-05,"Bacteria","Proteobacteria","Alphaproteobacteria","Rickettsiales","SAR116",NA
"EU795177.12183.13689",332,48,0.277456647398844,8.90361729455541e-05,"Bacteria","Proteobacteria","Deltaproteobacteria","Bradymonadales","uncultured",NA
"EU795179.12334.13774",216,70,0.404624277456647,5.48470261844634e-05,"Bacteria","Proteobacteria","Alphaproteobacteria","Rhodobacterales","Rhodobacteraceae","uncultured"
"EU795183.14183.15649",507,72,0.416184971098266,0.000144337888264296,"Bacteria","Proteobacteria","Alphaproteobacteria","Rickettsiales","SAR116",NA
"EU795186.1137.2679",2573,95,0.549132947976879,0.000571178622286737,"Bacteria","Marinimicrobia",NA,NA,NA,NA
"EU795187.10284.11783",154,23,0.132947976878613,3.3050910993643e-05,"Bacteria","Chloroflexi","SAR202",NA,NA,NA
"EU795191.26200.27741",680,49,0.283236994219653,0.000143397702952346,"Bacteria","PAUC34f","uncultured",NA,NA,NA
"EU795194.26094.27645",483,29,0.167630057803468,9.97379957314375e-05,"Bacteria","Planctomycetes","Planctomycetacia","Planctomycetales","Planctomycetaceae","Planctomyces"
"EU795202.6061.7596",2575,69,0.398843930635838,0.000510594985009942,"Bacteria","Proteobacteria","Gammaproteobacteria","Salinisphaerales","Salinisphaeraceae","ZD0417"
"EU795204.28004.29468",1561,92,0.531791907514451,0.000344792329162494,"Bacteria","Proteobacteria","Alphaproteobacteria","SAR11",NA,NA
"EU795216.25265.26759",102,24,0.138728323699422,2.14411392616095e-05,"Bacteria","Proteobacteria","Deltaproteobacteria","SAR324",NA,NA
"EU795218.27874.29368",83,22,0.127167630057803,1.75748974831582e-05,"Bacteria","Proteobacteria","Deltaproteobacteria","SAR324",NA,NA
"EU795230.19888.21427",1282,48,0.277456647398844,0.000266942422110779,"Bacteria","Acidobacteria","Subgroup",NA,NA,NA
"EU795237.17767.19273",678,21,0.121387283236994,0.000222350435526584,"Bacteria","Bacteroidetes","Flavobacteriia","Flavobacteriales","Flavobacteriaceae","NS3a"
"EU795244.966.2471",8159,46,0.265895953757225,0.00220955963576947,"Bacteria","Bacteroidetes","Flavobacteriia","Flavobacteriales","Flavobacteriaceae","NS5"
"EU795247.20771.22293",6099,34,0.196531791907514,0.00152697635913607,"Bacteria","Proteobacteria","Gammaproteobacteria","Alteromonadales","Colwelliaceae","uncultured"
"EU795252.9081.10590",22652,48,0.277456647398844,0.00663492495974805,"Bacteria","Bacteroidetes","Flavobacteriia","Flavobacteriales","Flavobacteriaceae","NS5"
"EU795293.31983.33494",694,80,0.46242774566474,0.000172544486199071,"Bacteria","Bacteroidetes","Flavobacteriia","Flavobacteriales","Flavobacteriaceae","NS5"
"EU799068.1.1506",775,44,0.254335260115607,0.000240531764680749,"Bacteria","Proteobacteria","Gammaproteobacteria","Oceanospirillales","Oceanospirillaceae","Pseudohongiella"
"EU799075.1.1503",175,45,0.260115606936416,4.56187676099517e-05,"Bacteria","Proteobacteria","Gammaproteobacteria","Oceanospirillales","OM182",NA
"EU799090.1.1463",83,19,0.109826589595376,2.54287751203085e-05,"Bacteria","Proteobacteria","Alphaproteobacteria","Rhizobiales","PS1",NA
"EU799118.1.1491",351,58,0.335260115606936,0.000113215948385314,"Bacteria","Bacteroidetes","Flavobacteriia","Flavobacteriales","Flavobacteriaceae","NS5"
"EU799129.1.1281",302,98,0.566473988439306,7.26377317341844e-05,"Bacteria","Proteobacteria","Gammaproteobacteria","Legionellales","Coxiellaceae","Coxiella"
"EU799138.1.1241",74,33,0.190751445086705,1.45867925580404e-05,"Bacteria","Proteobacteria","Deltaproteobacteria","Oligoflexales","Oligoflexaceae","uncultured"
"EU799167.1.1472",76,27,0.15606936416185,1.91382290645968e-05,"Bacteria","Proteobacteria","Gammaproteobacteria","Oceanospirillales","Litoricolaceae","Litoricola"
"EU799189.1.1462",103,40,0.23121387283237,2.59952739592801e-05,"Bacteria","Proteobacteria","Alphaproteobacteria","Rhodospirillales","Rhodospirillaceae","OM75"
"EU799242.1.1477",578,81,0.468208092485549,0.000140417689826054,"Bacteria","Chloroflexi","SAR202",NA,NA,NA
"EU799249.1.1500",101,28,0.161849710982659,2.29421692265062e-05,"Bacteria","Proteobacteria","Gammaproteobacteria","Oceanospirillales","Alcanivoracaceae","Alcanivorax"
"EU799286.1.1501",51,22,0.127167630057803,1.4322766695462e-05,"Bacteria","Proteobacteria","Gammaproteobacteria","Oceanospirillales","Oceanospirillaceae","Pseudohongiella"
"EU799288.1.1492",333,45,0.260115606936416,9.02261697265587e-05,"Bacteria","Proteobacteria","Gammaproteobacteria","Oceanospirillales","SAR86",NA
"EU799303.1.1243",1090,83,0.479768786127168,0.000317278302233838,"Bacteria","Proteobacteria","Alphaproteobacteria","Rickettsiales","SAR116",NA
"EU799321.1.1413",211,38,0.219653179190751,5.7957353071024e-05,"Bacteria","Bacteroidetes","Bacteroidetes",NA,NA,NA
"EU799322.1.1457",92,20,0.115606936416185,2.79817696837036e-05,"Bacteria","Proteobacteria","Gammaproteobacteria","Oceanospirillales","OM182",NA
"EU799327.1.1446",61,28,0.161849710982659,1.71408017247125e-05,"Bacteria","Proteobacteria","Alphaproteobacteria","Rhodospirillales","Rhodospirillaceae","uncultured"
"EU799337.1.1391",275,33,0.190751445086705,6.46443931280954e-05,"Bacteria","Proteobacteria","Alphaproteobacteria","Rhodobacterales","Rhodobacteraceae","uncultured"
"EU799354.1.1454",669,31,0.179190751445087,0.00017736153506266,"Bacteria","Cyanobacteria","Chloroplast","uncultured",NA,NA
"EU799402.1.1464",900,39,0.225433526011561,0.000237023367555949,"Bacteria","Proteobacteria","Alphaproteobacteria","Rhodospirillales","Rhodospirillaceae","uncultured"
"EU799403.1.1468",570,96,0.554913294797688,0.000149445110051998,"Bacteria","Proteobacteria","Alphaproteobacteria","Rhodospirillales","Rhodospirillaceae","uncultured"
"EU799404.1.1505",120,31,0.179190751445087,3.11857110557157e-05,"Bacteria","Proteobacteria","Gammaproteobacteria","Oceanospirillales","Oceanospirillaceae","Pseudohongiella"
"EU799406.1.1508",808,80,0.46242774566474,0.000169931964484543,"Bacteria","Proteobacteria","Deltaproteobacteria","Bradymonadales","uncultured",NA
"EU799409.1.1422",297,51,0.294797687861272,7.53522681288077e-05,"Bacteria","Proteobacteria","Alphaproteobacteria","Rhodobacterales","Rhodobacteraceae","uncultured"
"EU799413.1.1483",1236,31,0.179190751445087,0.000367017658986303,"Bacteria","Bacteroidetes","Flavobacteriia","Flavobacteriales","Cryomorphaceae","uncultured"
"EU799440.1.1451",7843,128,0.739884393063584,0.00182685960355764,"Bacteria","Proteobacteria","Alphaproteobacteria","Rickettsiales","SAR116",NA
"EU799518.1.1313",658,120,0.69364161849711,0.00016771924621391,"Bacteria","Proteobacteria","Alphaproteobacteria","Rhodospirillales","Rhodospirillaceae","OM75"
"EU799540.1.1504",1476,49,0.283236994219653,0.000378055326836744,"Bacteria","Proteobacteria","Gammaproteobacteria","Oceanospirillales","SAR86",NA
"EU799551.1.1279",70,27,0.15606936416185,2.1814214250643e-05,"Bacteria","Proteobacteria","Elev-16S-509","uncultured",NA,NA
"EU799557.1.1286",2274,58,0.335260115606936,0.00057606390994229,"Bacteria","Proteobacteria","Gammaproteobacteria","Xanthomonadales","JTB255",NA
"EU799576.1.1452",2413,61,0.352601156069364,0.000670413374683461,"Bacteria","Proteobacteria","Alphaproteobacteria","Rhodospirillales","Rhodospirillaceae","uncultured"
"EU799583.1.1510",142,28,0.161849710982659,4.37836019282143e-05,"Bacteria","Proteobacteria","Gammaproteobacteria","Legionellales","Coxiellaceae","Coxiella"
"EU799602.1.1461",83,31,0.179190751445087,1.91385103113069e-05,"Bacteria","Proteobacteria","Alphaproteobacteria","Rhodospirillales","Rhodospirillaceae","uncultured"
"EU799623.1.1467",1708,76,0.439306358381503,0.000383877107980497,"Bacteria","Proteobacteria","Alphaproteobacteria","Rickettsiales","S25-593","uncultured"
"EU799655.1.1454",1234,106,0.61271676300578,0.000309070638553625,"Bacteria","Proteobacteria","Alphaproteobacteria","Rhodospirillales","Rhodospirillaceae","OM75"
"EU799700.1.1466",751,84,0.485549132947977,0.000163442331341934,"Bacteria","Proteobacteria","Alphaproteobacteria","Rhodospirillales","Rhodospirillaceae","uncultured"
"EU799706.1.1464",727,59,0.341040462427746,0.000217154622779623,"Bacteria","Proteobacteria","Alphaproteobacteria","Rhodospirillales","Rhodospirillaceae","uncultured"
"EU799721.1.1445",137,26,0.15028901734104,3.73649228922247e-05,"Bacteria","Proteobacteria","Alphaproteobacteria","Rhodobacterales","Rhodobacteraceae","Rhodovulum"
"EU799728.1.1206",401,67,0.38728323699422,0.000110789892466358,"Bacteria","Proteobacteria","Alphaproteobacteria","Rhodospirillales","Rhodospirillaceae","uncultured"
"EU799746.1.1472",703,51,0.294797687861272,0.000190727459276168,"Bacteria","Chloroflexi","SAR202",NA,NA,NA
"EU799756.1.1495",558,83,0.479768786127168,0.000135866777132782,"Bacteria","Proteobacteria","Betaproteobacteria","Burkholderiales","Alcaligenaceae","MWH-UniP1"
"EU799763.1.1261",613,62,0.358381502890173,0.000171463709763468,"Bacteria","Verrucomicrobia","Opitutae","MB11C04",NA,NA
"EU799766.1.1464",438,58,0.335260115606936,0.000111494549999084,"Bacteria","Proteobacteria","Alphaproteobacteria","Rhodospirillales","Rhodospirillaceae","uncultured"
"EU799769.1.1419",83,28,0.161849710982659,2.28333898802953e-05,"Bacteria","Proteobacteria","Gammaproteobacteria","Oceanospirillales","Oceanospirillaceae","Pseudohongiella"
"EU799787.1.1409",68,29,0.167630057803468,1.61231922502953e-05,"Bacteria","Proteobacteria","Gammaproteobacteria","Cellvibrionales","Halieaceae","OM60(NOR5)"
"EU799802.1.1483",282,62,0.358381502890173,6.90059730792991e-05,"Bacteria","Proteobacteria","Gammaproteobacteria","Chromatiales","Granulosicoccaceae","Granulosicoccus"
"EU799838.1.1420",83,45,0.260115606936416,1.84397901280648e-05,"Bacteria","Proteobacteria","Alphaproteobacteria","Rhodobacterales","Rhodobacteraceae","uncultured"
"EU799855.1.1453",497,72,0.416184971098266,0.000125038489472488,"Bacteria","Proteobacteria","Alphaproteobacteria","Rhizobiales","PS1",NA
"EU799970.1.1467",462,34,0.196531791907514,0.000129211345871438,"Bacteria","Cyanobacteria","Chloroplast","uncultured",NA,NA
"EU800015.1.1463",85,19,0.109826589595376,2.71922098474134e-05,"Bacteria","Proteobacteria","Alphaproteobacteria","Rhodospirillales","Rhodospirillaceae","uncultured"
"EU800017.1.1503",1025,53,0.30635838150289,0.000320220501897072,"Bacteria","Proteobacteria","Gammaproteobacteria","Oceanospirillales","OM182",NA
"EU800019.1.1427",287,78,0.450867052023121,8.72847224440336e-05,"Bacteria","Bacteroidetes","Flavobacteriia","Flavobacteriales","Cryomorphaceae","NS10"
"EU800024.1.1281",77,35,0.202312138728324,2.00101022090002e-05,"Bacteria","Actinobacteria","Acidimicrobiia","Acidimicrobiales","Acidimicrobiaceae","uncultured"
"EU800029.1.1505",112,30,0.173410404624277,3.23366801698328e-05,"Bacteria","Proteobacteria","Betaproteobacteria","Hydrogenophilales","Hydrogenophilaceae","uncultured"
"EU800035.1.1517",9110,121,0.699421965317919,0.00230198027476655,"Bacteria","Proteobacteria","Gammaproteobacteria","Oceanospirillales","SAR86",NA
"EU800042.1.1496",336,38,0.219653179190751,9.07310718294225e-05,"Bacteria","Proteobacteria","Gammaproteobacteria","Oceanospirillales","SAR86",NA
"EU800051.1.1429",1288,138,0.797687861271676,0.000350692862463869,"Bacteria","Proteobacteria","Alphaproteobacteria","Rhodobacterales","Rhodobacteraceae","uncultured"
"EU800059.1.1501",225,29,0.167630057803468,6.95861200085832e-05,"Bacteria","Proteobacteria","Gammaproteobacteria","Cellvibrionales","Halieaceae","Luminiphilus"
"EU800064.1.1439",174,33,0.190751445086705,4.39956946896185e-05,"Bacteria","Proteobacteria","Alphaproteobacteria","Rhodobacterales","Rhodobacteraceae","uncultured"
"EU800129.1.1400",409,123,0.710982658959538,0.000108237374943612,"Bacteria","Proteobacteria","Gammaproteobacteria","Legionellales","Coxiellaceae","Aquicella"
"EU800186.1.1306",135,56,0.323699421965318,3.82882420433395e-05,"Bacteria","Proteobacteria","Betaproteobacteria","Burkholderiales","Burkholderiaceae","Polynucleobacter"
"EU800195.1.1400",603,128,0.739884393063584,0.000179856621805711,"Bacteria","Proteobacteria","Alphaproteobacteria","SAR11",NA,NA
"EU800201.1.1303",1737,148,0.855491329479769,0.000460294428392566,"Bacteria","Proteobacteria","Alphaproteobacteria","SAR11",NA,NA
"EU800286.1.1266",722,154,0.890173410404624,0.000187126188640871,"Bacteria","Proteobacteria","Betaproteobacteria","Burkholderiales","Burkholderiaceae","Polynucleobacter"
"EU800350.1.1365",164,62,0.358381502890173,3.99024917197828e-05,"Bacteria","Proteobacteria","Alphaproteobacteria","SAR11",NA,NA
"EU800386.1.1439",6969,136,0.786127167630058,0.00183823732231877,"Bacteria","Proteobacteria","Alphaproteobacteria","SAR11",NA,NA
"EU800485.1.1451",2423,112,0.647398843930636,0.000626966012035361,"Bacteria","Proteobacteria","Alphaproteobacteria","SAR11",NA,NA
"EU800530.1.1447",148,25,0.144508670520231,4.20220754892992e-05,"Bacteria","Proteobacteria","Alphaproteobacteria","SAR11",NA,NA
"EU800729.1.1446",553,64,0.369942196531792,0.000126529404702808,"Bacteria","Proteobacteria","Alphaproteobacteria","Rhodospirillales","Rhodospirillaceae","AEGEAN-169"
"EU800754.1.1469",2559,89,0.514450867052023,0.000610797668279216,"Bacteria","Proteobacteria","Alphaproteobacteria","Rhodospirillales","Rhodospirillaceae","uncultured"
"EU800803.1.1435",857,107,0.61849710982659,0.000212696322417121,"Bacteria","Proteobacteria","Alphaproteobacteria","SAR11",NA,NA
"EU800852.1.1498",2350,99,0.572254335260116,0.000614196840959071,"Bacteria","Proteobacteria","Gammaproteobacteria","Oceanospirillales","SAR86",NA
"EU800869.1.1427",1093,122,0.705202312138728,0.000281359690844428,"Bacteria","Proteobacteria","Betaproteobacteria","Burkholderiales","Burkholderiaceae","Polynucleobacter"
"EU800951.1.1447",50,33,0.190751445086705,1.26498025398945e-05,"Bacteria","Proteobacteria","Alphaproteobacteria","SAR11",NA,NA
"EU801023.1.1438",116,54,0.312138728323699,2.85653935843176e-05,"Bacteria","Proteobacteria","Alphaproteobacteria","SAR11",NA,NA
"EU801027.1.1285",332,106,0.61271676300578,7.69366328569945e-05,"Bacteria","Verrucomicrobia","Opitutae","Opitutae",NA,NA
"EU801050.1.1438",83,53,0.30635838150289,2.15078639226592e-05,"Bacteria","Proteobacteria","Alphaproteobacteria","SAR11",NA,NA
"EU801176.1.1451",66,42,0.242774566473988,1.8196252510366e-05,"Bacteria","Proteobacteria","Alphaproteobacteria","Rhodospirillales","Rhodospirillaceae","uncultured"
"EU801696.1.1459",1232,61,0.352601156069364,0.000336793613764586,"Bacteria","Proteobacteria","Alphaproteobacteria","Rhodospirillales","Rhodospirillaceae","AEGEAN-169"
"EU801817.1.1474",310,46,0.265895953757225,8.90991839074137e-05,"Bacteria","Bacteroidetes","Flavobacteriia","Flavobacteriales","Flavobacteriaceae","NS5"
"EU801854.1.1491",110,29,0.167630057803468,2.70324382842251e-05,"Bacteria","Bacteroidetes","Flavobacteriia","Flavobacteriales","Flavobacteriaceae","uncultured"
"EU801882.1.1448",61,50,0.289017341040462,1.7628529938781e-05,"Bacteria","Proteobacteria","Alphaproteobacteria","SAR11",NA,NA
"EU801885.1.1247",143,58,0.335260115606936,3.92831576780936e-05,"Bacteria","Actinobacteria","Actinobacteria","Micrococcales","Microbacteriaceae","Candidatus"
"EU801918.1.1492",68,27,0.15606936416185,2.28117003625255e-05,"Bacteria","Proteobacteria","Betaproteobacteria","Burkholderiales","Burkholderiaceae","Polynucleobacter"
"EU802184.1.1493",157,39,0.225433526011561,4.26196070587769e-05,"Bacteria","Proteobacteria","Betaproteobacteria","Burkholderiales","Alcaligenaceae","uncultured"
"EU802232.1.1269",408,111,0.641618497109827,9.87259080543709e-05,"Bacteria","Proteobacteria","Betaproteobacteria","Burkholderiales","Comamonadaceae","Limnohabitans"
"EU802254.1.1463",1018,84,0.485549132947977,0.000230763718045199,"Bacteria","Proteobacteria","Alphaproteobacteria","Rhodospirillales","Rhodospirillaceae","uncultured"
"EU802256.1.1404",634,109,0.630057803468208,0.000171807352705141,"Bacteria","Proteobacteria","Alphaproteobacteria","SAR11",NA,NA
"EU802279.1.1371",50,36,0.208092485549133,1.09365754935634e-05,"Bacteria","Proteobacteria","Alphaproteobacteria","SAR11",NA,NA
"EU802319.1.1452",5033,89,0.514450867052023,0.00105263608518235,"Bacteria","Cyanobacteria","Cyanobacteria","SubsectionI","FamilyI","Prochlorococcus"
"EU802327.1.1487",170,45,0.260115606936416,4.21789837993688e-05,"Bacteria","Actinobacteria","Acidimicrobiia","Acidimicrobiales","OM1",NA
"EU802338.1.1516",427,73,0.421965317919075,9.96352508640198e-05,"Bacteria","Proteobacteria","Gammaproteobacteria","Oceanospirillales","SAR86",NA
"EU802339.1.1412",845,76,0.439306358381503,0.00020986097709099,"Bacteria","Bacteroidetes","Flavobacteriia","Flavobacteriales","NS9",NA
"EU802355.1.1369",2554,132,0.763005780346821,0.000618657855851985,"Bacteria","Proteobacteria","Alphaproteobacteria","Rickettsiales","SAR116",NA
"EU802366.1.1420",1869,102,0.589595375722543,0.000428110327911412,"Bacteria","Proteobacteria","Gammaproteobacteria","Oceanospirillales","SAR86",NA
"EU802368.1.1440",6406,122,0.705202312138728,0.00154725994420244,"Bacteria","Proteobacteria","Alphaproteobacteria","SAR11",NA,NA
"EU802371.1.1372",1480,118,0.682080924855491,0.000380210372615164,"Bacteria","Proteobacteria","Alphaproteobacteria","SAR11",NA,NA
"EU802376.1.1447",1371,76,0.439306358381503,0.000344648542708532,"Bacteria","Cyanobacteria","Cyanobacteria","SubsectionI","FamilyI","Prochlorococcus"
"EU802377.1.1244",627,88,0.508670520231214,0.000144603078551875,"Bacteria","Proteobacteria","Alphaproteobacteria","Rhodobacterales","Rhodobacteraceae","uncultured"
"EU802380.1.1440",413,98,0.566473988439306,9.00616238418505e-05,"Bacteria","Proteobacteria","Alphaproteobacteria","SAR11",NA,NA
"EU802383.1.1451",771,74,0.427745664739884,0.000187197656431221,"Bacteria","Proteobacteria","Alphaproteobacteria","Rhodobacterales","Rhodobacteraceae","uncultured"
"EU802398.1.1437",192,50,0.289017341040462,4.82160608030711e-05,"Bacteria","PAUC34f","uncultured",NA,NA,NA
"EU802400.1.1495",129,34,0.196531791907514,3.27808410658377e-05,"Bacteria","Proteobacteria","Gammaproteobacteria","Oceanospirillales","SAR86",NA
"EU802404.1.1436",1887,111,0.641618497109827,0.000421891199136524,"Bacteria","Proteobacteria","Alphaproteobacteria","SAR11",NA,NA
"EU802411.1.1448",179,56,0.323699421965318,4.49790212432109e-05,"Bacteria","Proteobacteria","Alphaproteobacteria","Rickettsiales","SAR116",NA
"EU802417.1.1449",254,52,0.300578034682081,6.67791848134286e-05,"Bacteria","Cyanobacteria","Cyanobacteria","SubsectionI","FamilyI","Prochlorococcus"
"EU802429.1.1451",239,39,0.225433526011561,6.50401651460872e-05,"Bacteria","Cyanobacteria","Cyanobacteria","SubsectionI","FamilyI","Prochlorococcus"
"EU802437.1.1387",3826,122,0.705202312138728,0.000905212399539979,"Bacteria","Proteobacteria","Gammaproteobacteria","Oceanospirillales","SAR86",NA
"EU802438.1.1489",2947,117,0.676300578034682,0.000685833066310485,"Bacteria","Proteobacteria","Gammaproteobacteria","KI89A",NA,NA
"EU802443.1.1439",3587,124,0.716763005780347,0.000897297503379811,"Bacteria","Proteobacteria","Alphaproteobacteria","SAR11",NA,NA
"EU802448.1.1452",1113,109,0.630057803468208,0.000274823815760417,"Bacteria","Proteobacteria","Alphaproteobacteria","Rhizobiales","PS1",NA
"EU802452.1.1269",636,64,0.369942196531792,0.000172974289922313,"Bacteria","Actinobacteria","Acidimicrobiia","Acidimicrobiales","OM1",NA
"EU802465.1.1441",1518,120,0.69364161849711,0.000372662810043143,"Bacteria","Proteobacteria","Alphaproteobacteria","SAR11",NA,NA
"EU802470.1.1316",447,56,0.323699421965318,0.000101948912647714,"Bacteria","Proteobacteria","Alphaproteobacteria","Rickettsiales","S25-593","uncultured"
"EU802471.1.1402",1066,109,0.630057803468208,0.000255611736574944,"Bacteria","Proteobacteria","Gammaproteobacteria","Oceanospirillales","SAR86",NA
"EU802478.1.1421",232,87,0.502890173410405,5.63196759239459e-05,"Bacteria","Proteobacteria","Betaproteobacteria","Burkholderiales","Alcaligenaceae","MWH-UniP1"
"EU802494.1.1447",403,60,0.346820809248555,0.00010114813277304,"Bacteria","Cyanobacteria","Cyanobacteria","SubsectionI","FamilyI","Prochlorococcus"
"EU802498.1.1435",575,55,0.317919075144509,0.000148662788548085,"Bacteria","Cyanobacteria","Cyanobacteria","SubsectionI","FamilyI","Prochlorococcus"
"EU802502.1.1451",5074,120,0.69364161849711,0.00125020016413735,"Bacteria","Proteobacteria","Alphaproteobacteria","Rickettsiales","SAR116",NA
"EU802511.1.1239",557,128,0.739884393063584,0.000149254505125502,"Bacteria","Proteobacteria","Alphaproteobacteria","SAR11",NA,NA
"EU802515.1.1370",133,57,0.329479768786127,3.19893063698567e-05,"Bacteria","Proteobacteria","Alphaproteobacteria","SAR11",NA,NA
"EU802522.1.1450",547,92,0.531791907514451,0.000138759622509528,"Bacteria","Proteobacteria","Alphaproteobacteria","SAR11",NA,NA
"EU802530.1.1389",7398,149,0.861271676300578,0.00189221030226683,"Bacteria","Proteobacteria","Alphaproteobacteria","SAR11",NA,NA
"EU802537.1.1499",805,52,0.300578034682081,0.00023479389396916,"Bacteria","Proteobacteria","Gammaproteobacteria","Cellvibrionales","Halieaceae","OM60(NOR5)"
"EU802541.1.1287",96,50,0.289017341040462,2.40292587743312e-05,"Bacteria","Cyanobacteria","Cyanobacteria","SubsectionI","FamilyI","Prochlorococcus"
"EU802543.1.1499",1918,87,0.502890173410405,0.000569218430567663,"Bacteria","Proteobacteria","Gammaproteobacteria","Oceanospirillales","SAR86",NA
"EU802552.1.1443",249,40,0.23121387283237,5.44437632287994e-05,"Bacteria","Cyanobacteria","Cyanobacteria","SubsectionI","FamilyI","Prochlorococcus"
"EU802567.1.1481",812,77,0.445086705202312,0.000207838217720536,"Bacteria","Proteobacteria","Gammaproteobacteria","Oceanospirillales","SAR86",NA
"EU802571.1.1254",404,47,0.271676300578035,9.71815093058185e-05,"Bacteria","Actinobacteria","Acidimicrobiia","Acidimicrobiales","OM1",NA
"EU802572.1.1439",897,112,0.647398843930636,0.000211538151127106,"Bacteria","Proteobacteria","Alphaproteobacteria","SAR11",NA,NA
"EU802577.1.1450",2519,124,0.716763005780347,0.000641426577794949,"Bacteria","Proteobacteria","Alphaproteobacteria","Rhizobiales","OCS116",NA
"EU802596.1.1445",447,89,0.514450867052023,0.000129052727254252,"Bacteria","Proteobacteria","Alphaproteobacteria","Rickettsiales","SAR116",NA
"EU802598.1.1454",635,107,0.61849710982659,0.00016438193661052,"Bacteria","Proteobacteria","Alphaproteobacteria","Rickettsiales","SAR116",NA
"EU802603.1.1489",3443,80,0.46242774566474,0.000783933207595177,"Bacteria","Proteobacteria","Deltaproteobacteria","SAR324",NA,NA
"EU802606.1.1200",6218,147,0.84971098265896,0.00155775903647891,"Bacteria","Marinimicrobia",NA,NA,NA,NA
"EU802629.1.1246",4372,114,0.658959537572254,0.00106516440810473,"Bacteria","Chloroflexi","SAR202",NA,NA,NA
"EU802637.1.1438",4130,108,0.624277456647399,0.00089124356589957,"Bacteria","Proteobacteria","Alphaproteobacteria","SAR11",NA,NA
"EU802641.1.1377",221,68,0.393063583815029,5.39141431997236e-05,"Bacteria","Cyanobacteria","Cyanobacteria","SubsectionI","FamilyI","Prochlorococcus"
"EU802642.1.1416",1282,121,0.699421965317919,0.00028087237567286,"Bacteria","Proteobacteria","Alphaproteobacteria","Rhodobacterales","Rhodobacteraceae","uncultured"
"EU802644.1.1447",567,88,0.508670520231214,0.000138365028101367,"Bacteria","Cyanobacteria","Cyanobacteria","SubsectionI","FamilyI","Prochlorococcus"
"EU802645.1.1435",395,110,0.635838150289017,9.757618647162e-05,"Bacteria","Proteobacteria","Alphaproteobacteria","SAR11",NA,NA
"EU802656.1.1455",5082,130,0.751445086705202,0.00120000959167454,"Bacteria","Cyanobacteria","Cyanobacteria","SubsectionI","FamilyI","Prochlorococcus"
"EU802658.1.1312",1787,88,0.508670520231214,0.000503441691958579,"Bacteria","Proteobacteria","Gammaproteobacteria","Alteromonadales","Pseudoalteromonadaceae","Pseudoalteromonas"
"EU802664.1.1435",140,49,0.283236994219653,3.42992173490265e-05,"Bacteria","Proteobacteria","Alphaproteobacteria","SAR11",NA,NA
"EU802670.1.1499",1096,56,0.323699421965318,0.000243808301192593,"Bacteria","Proteobacteria","Gammaproteobacteria","Oceanospirillales","SAR86",NA
"EU802678.1.1443",154,55,0.317919075144509,4.04416952705064e-05,"Bacteria","Proteobacteria","Alphaproteobacteria","SAR11",NA,NA
"EU802680.1.1438",2206,127,0.734104046242775,0.00058365207077997,"Bacteria","Proteobacteria","Alphaproteobacteria","SAR11",NA,NA
"EU802682.1.1495",289,49,0.283236994219653,7.3381200587535e-05,"Bacteria","Proteobacteria","Gammaproteobacteria","Oceanospirillales","SAR86",NA
"EU802683.1.1502",709,80,0.46242774566474,0.000184752406707905,"Bacteria","Proteobacteria","Gammaproteobacteria","Oceanospirillales","SAR86",NA
"EU802695.1.1438",1029,134,0.774566473988439,0.000251669130647775,"Bacteria","Proteobacteria","Alphaproteobacteria","SAR11",NA,NA
"EU802698.1.1448",8634,102,0.589595375722543,0.00214057293771243,"Bacteria","Cyanobacteria","Cyanobacteria","SubsectionI","FamilyI","Prochlorococcus"
"EU802712.1.1374",8737,130,0.751445086705202,0.00216605455302369,"Bacteria","Proteobacteria","Alphaproteobacteria","SAR11",NA,NA
"EU802720.1.1395",3431,133,0.76878612716763,0.000794973091358126,"Bacteria","Proteobacteria","Alphaproteobacteria","SAR11",NA,NA
"EU802725.1.1445",2284,95,0.549132947976879,0.000620588762531767,"Bacteria","Cyanobacteria","Cyanobacteria","SubsectionI","FamilyI","Prochlorococcus"
"EU802743.1.1440",5186,169,0.976878612716763,0.00126635522812186,"Bacteria","Proteobacteria","Alphaproteobacteria","SAR11",NA,NA
"EU802745.1.1204",129,48,0.277456647398844,2.92072237226876e-05,"Bacteria","Proteobacteria","Gammaproteobacteria","Oceanospirillales","SAR86",NA
"EU802746.1.1436",125,50,0.289017341040462,3.36584699152717e-05,"Bacteria","Proteobacteria","Alphaproteobacteria","Rhodobacterales","Rhodobacteraceae","uncultured"
"EU802747.1.1439",1218,104,0.601156069364162,0.000282656509263497,"Bacteria","SBR1093","uncultured",NA,NA,NA
"EU802752.1.1511",186,67,0.38728323699422,4.3456086966808e-05,"Bacteria","Proteobacteria","Gammaproteobacteria","Legionellales","Coxiellaceae","Coxiella"
"EU802753.1.1491",473,78,0.450867052023121,0.00011898117767059,"Bacteria","Proteobacteria","Gammaproteobacteria","Legionellales","Coxiellaceae","Coxiella"
"EU802755.1.1453",650,87,0.502890173410405,0.000166119518278767,"Bacteria","Proteobacteria","Alphaproteobacteria","Rickettsiales","S25-593","uncultured"
"EU802776.1.1436",144,58,0.335260115606936,3.53740046904241e-05,"Bacteria","Proteobacteria","Alphaproteobacteria","SAR11",NA,NA
"EU802783.1.1448",303,66,0.38150289017341,7.9758006276784e-05,"Bacteria","Cyanobacteria","Cyanobacteria","SubsectionI","FamilyI","Prochlorococcus"
"EU802794.1.1441",2141,108,0.624277456647399,0.000502549965178819,"Bacteria","Proteobacteria","Alphaproteobacteria","SAR11",NA,NA
"EU802801.1.1476",265,87,0.502890173410405,6.22405189607161e-05,"Bacteria","Proteobacteria","Gammaproteobacteria","Legionellales","Coxiellaceae","Coxiella"
"EU802809.1.1254",174,78,0.450867052023121,4.08211628219735e-05,"Bacteria","Proteobacteria","Alphaproteobacteria","SAR11",NA,NA
"EU802813.1.1378",239,70,0.404624277456647,6.22982795737811e-05,"Bacteria","Proteobacteria","Alphaproteobacteria","Rickettsiales","SAR116",NA
"EU802814.1.1215",276,85,0.491329479768786,6.46872766030004e-05,"Bacteria","Proteobacteria","Gammaproteobacteria","Oceanospirillales","Oceanospirillaceae","Pseudohongiella"
"EU802816.1.1285",716,86,0.497109826589595,0.000195756961842884,"Bacteria","Proteobacteria","Deltaproteobacteria","SAR324",NA,NA
"EU802819.1.1500",1545,94,0.543352601156069,0.000344727473670171,"Bacteria","Proteobacteria","Gammaproteobacteria","Oceanospirillales","SAR86",NA
"EU802823.1.1501",718,81,0.468208092485549,0.000185216558658675,"Bacteria","Proteobacteria","Gammaproteobacteria","Oceanospirillales","SAR86",NA
"EU802828.1.1437",1550,138,0.797687861271676,0.000422192671526611,"Bacteria","Proteobacteria","Alphaproteobacteria","SAR11",NA,NA
"EU802831.1.1482",53,23,0.132947976878613,1.36935575150586e-05,"Bacteria","Proteobacteria","Gammaproteobacteria","Oceanospirillales","SAR86",NA
"EU802834.1.1284",309,90,0.520231213872832,7.46814004185765e-05,"Bacteria","Actinobacteria","Acidimicrobiia","Acidimicrobiales","OM1",NA
"EU802842.1.1447",650,89,0.514450867052023,0.000184095298138307,"Bacteria","Proteobacteria","Alphaproteobacteria","Rhodobacterales","Rhodobacteraceae","uncultured"
"EU802848.1.1440",1024,117,0.676300578034682,0.000221579453363535,"Bacteria","Proteobacteria","Alphaproteobacteria","SAR11",NA,NA
"EU802852.1.1503",188,67,0.38728323699422,4.91747778081629e-05,"Bacteria","Proteobacteria","Gammaproteobacteria","Legionellales","Coxiellaceae","Coxiella"
"EU802859.1.1456",125,49,0.283236994219653,3.24446725396533e-05,"Bacteria","Proteobacteria","Alphaproteobacteria","Rhodobacterales","Rhodobacteraceae","uncultured"
"EU802860.1.1435",1308,125,0.722543352601156,0.000319956967873962,"Bacteria","Proteobacteria","Alphaproteobacteria","SAR11",NA,NA
"EU802861.1.1450",245,59,0.341040462427746,5.30647289408642e-05,"Bacteria","Cyanobacteria","Cyanobacteria","SubsectionI","FamilyI","Prochlorococcus"
"EU802865.1.1431",61,40,0.23121387283237,1.45931740676306e-05,"Bacteria","Proteobacteria","Alphaproteobacteria","SAR11",NA,NA
"EU802868.1.1480",1854,87,0.502890173410405,0.00045946294861884,"Bacteria","Actinobacteria","Acidimicrobiia","Acidimicrobiales","Sva0996",NA
"EU802886.1.1439",1807,144,0.832369942196532,0.000461030831200981,"Bacteria","Proteobacteria","Alphaproteobacteria","SAR11",NA,NA
"EU802893.1.1441",8822,133,0.76878612716763,0.00223313252254423,"Bacteria","Proteobacteria","Alphaproteobacteria","SAR11",NA,NA
"EU802894.1.1450",973,91,0.526011560693642,0.000267487143766307,"Bacteria","Proteobacteria","Alphaproteobacteria","Rickettsiales","SAR116",NA
"EU802895.1.1415",1628,126,0.728323699421965,0.00042836314436468,"Bacteria","Proteobacteria","Alphaproteobacteria","SAR11",NA,NA
"EU802897.1.1438",3693,113,0.653179190751445,0.00077525487450274,"Bacteria","Proteobacteria","Alphaproteobacteria","SAR11",NA,NA
"EU802901.1.1499",443,56,0.323699421965318,0.000116874524857905,"Bacteria","Proteobacteria","Gammaproteobacteria","Oceanospirillales","SAR86",NA
"EU802903.1.1488",1786,82,0.473988439306358,0.000424721473298743,"Bacteria","Proteobacteria","Gammaproteobacteria","Oceanospirillales","SAR86",NA
"EU802904.1.1274",514,100,0.578034682080925,0.000133687782194628,"Bacteria","Marinimicrobia",NA,NA,NA,NA
"EU802911.1.1434",2650,125,0.722543352601156,0.000619685898914864,"Bacteria","Proteobacteria","Alphaproteobacteria","SAR11",NA,NA
"EU802933.1.1448",2909,109,0.630057803468208,0.000721121802538922,"Bacteria","Cyanobacteria","Cyanobacteria","SubsectionI","FamilyI","Prochlorococcus"
"EU802936.1.1504",127,61,0.352601156069364,3.09394417519424e-05,"Bacteria","Proteobacteria","Gammaproteobacteria","Alteromonadales","Idiomarinaceae","Idiomarina"
"EU802942.1.1496",73,33,0.190751445086705,1.71048458435072e-05,"Bacteria","Proteobacteria","Gammaproteobacteria","Oceanospirillales","SAR86",NA
"EU802943.1.1252",693,106,0.61271676300578,0.000180488873087521,"Bacteria","Proteobacteria","Alphaproteobacteria","SAR11",NA,NA
"EU802945.1.1378",1666,104,0.601156069364162,0.000458591640086865,"Bacteria","Proteobacteria","Alphaproteobacteria","Rickettsiales","S25-593","uncultured"
"EU802966.1.1361",11310,138,0.797687861271676,0.00269887351806557,"Bacteria","Cyanobacteria","Cyanobacteria","SubsectionI","FamilyI","Prochlorococcus"
"EU802968.1.1439",2247,128,0.739884393063584,0.000529276853393975,"Bacteria","Proteobacteria","Alphaproteobacteria","SAR11",NA,NA
"EU802973.1.1271",1262,124,0.716763005780347,0.000296654824323559,"Bacteria","Cyanobacteria","Cyanobacteria","SubsectionI","FamilyI","Prochlorococcus"
"EU802975.1.1437",119,71,0.410404624277457,3.4063419965854e-05,"Bacteria","Proteobacteria","Alphaproteobacteria","SAR11",NA,NA
"EU802983.1.1388",795,137,0.791907514450867,0.00022319036973008,"Bacteria","Proteobacteria","Alphaproteobacteria","SAR11",NA,NA
"EU802984.1.1440",4121,114,0.658959537572254,0.00106022963882277,"Bacteria","Proteobacteria","Alphaproteobacteria","SAR11",NA,NA
"EU802994.1.1441",1250,126,0.728323699421965,0.000322485105647906,"Bacteria","Proteobacteria","Alphaproteobacteria","SAR11",NA,NA
"EU803000.1.1308",3115,135,0.780346820809249,0.00080900638601498,"Bacteria","Proteobacteria","Alphaproteobacteria","Rhodobacterales","Rhodobacteraceae","uncultured"
"EU803018.1.1442",97,39,0.225433526011561,2.93286025186138e-05,"Bacteria","Proteobacteria","Alphaproteobacteria","Rickettsiales","SAR116",NA
"EU803031.1.1357",2774,117,0.676300578034682,0.000709544760845904,"Bacteria","Cyanobacteria","Cyanobacteria","SubsectionI","FamilyI","Prochlorococcus"
"EU803044.1.1372",463,95,0.549132947976879,0.000121928289853548,"Bacteria","Proteobacteria","Alphaproteobacteria","SAR11",NA,NA
"EU803047.1.1407",558,78,0.450867052023121,0.00014303905779213,"Bacteria","Cyanobacteria","Chloroplast","uncultured",NA,NA
"EU803052.1.1425",395,34,0.196531791907514,0.000115283813429589,"Bacteria","Cyanobacteria","Cyanobacteria","SubsectionI","FamilyI","Prochlorococcus"
"EU803059.1.1291",684,103,0.595375722543353,0.000184337527843539,"Bacteria","Proteobacteria","Gammaproteobacteria","Cellvibrionales","Halieaceae","OM60(NOR5)"
"EU803064.1.1484",1385,53,0.30635838150289,0.000294185551214573,"Bacteria","Proteobacteria","Gammaproteobacteria","Oceanospirillales","SAR86",NA
"EU803067.1.1257",894,93,0.53757225433526,0.000200868602296794,"Bacteria","Proteobacteria","Alphaproteobacteria","SAR11",NA,NA
"EU803079.1.1502",64,34,0.196531791907514,1.56177511987421e-05,"Bacteria","Proteobacteria","Gammaproteobacteria","Legionellales","Coxiellaceae","Coxiella"
"EU803124.1.1455",219,78,0.450867052023121,5.10990780130205e-05,"Bacteria","Proteobacteria","Alphaproteobacteria","Rhodobacterales","Rhodobacteraceae","uncultured"
"EU803136.1.1458",2690,88,0.508670520231214,0.000794450822597032,"Bacteria","Proteobacteria","Gammaproteobacteria","Oceanospirillales","SAR86",NA
"EU803139.1.1440",699,119,0.687861271676301,0.00017132235501374,"Bacteria","Proteobacteria","Alphaproteobacteria","SAR11",NA,NA
"EU803169.1.1499",695,56,0.323699421965318,0.000197353424223688,"Bacteria","Proteobacteria","Gammaproteobacteria","Oceanospirillales","SAR86",NA
"EU803175.1.1478",653,74,0.427745664739884,0.000162381926955148,"Bacteria","Cyanobacteria","ML635J-21","uncultured",NA,NA
"EU803183.1.1445",915,103,0.595375722543353,0.000241308867918631,"Bacteria","Cyanobacteria","Cyanobacteria","SubsectionI","FamilyI","Prochlorococcus"
"EU803200.1.1495",636,74,0.427745664739884,0.000187045554064768,"Bacteria","Proteobacteria","Betaproteobacteria","Burkholderiales","Alcaligenaceae","MWH-UniP1"
"EU803879.1.1508",65,28,0.161849710982659,1.62072580979905e-05,"Bacteria","Acidobacteria","Holophagae","Holophagales","Holophagaceae","marine"
"EU803928.1.1504",141,54,0.312138728323699,3.42045556396679e-05,"Bacteria","Proteobacteria","Gammaproteobacteria","Oceanospirillales","Halomonadaceae","Halomonas"
"EU804211.1.1439",4653,150,0.867052023121387,0.00114690218333583,"Bacteria","Proteobacteria","Alphaproteobacteria","SAR11",NA,NA
"EU804334.1.1505",690,81,0.468208092485549,0.000169090831183944,"Bacteria","Proteobacteria","Gammaproteobacteria","Legionellales","Coxiellaceae","Coxiella"
"EU804345.1.1448",614,92,0.531791907514451,0.000173414365413067,"Bacteria","Proteobacteria","Alphaproteobacteria","Rickettsiales","SAR116",NA
"EU804390.1.1494",2157,91,0.526011560693642,0.000553189447525834,"Bacteria","Bacteroidetes","Flavobacteriia","Flavobacteriales","Flavobacteriaceae","NS5"
"EU804425.1.1440",290,87,0.502890173410405,7.63000930188644e-05,"Bacteria","Proteobacteria","Alphaproteobacteria","SAR11",NA,NA
"EU804534.1.1444",3977,130,0.751445086705202,0.000985025647254372,"Bacteria","Proteobacteria","Alphaproteobacteria","SAR11",NA,NA
"EU804682.1.1439",3390,125,0.722543352601156,0.000865672674557551,"Bacteria","Proteobacteria","Alphaproteobacteria","SAR11",NA,NA
"EU804764.1.1435",746,77,0.445086705202312,0.000206611683730495,"Bacteria","Cyanobacteria","Chloroplast","uncultured",NA,NA
"EU804822.1.1449",627,60,0.346820809248555,0.00017406764599339,"Bacteria","Proteobacteria","Alphaproteobacteria","Rhizobiales","PS1",NA
"EU804830.1.1447",303,66,0.38150289017341,7.7527461961837e-05,"Bacteria","Cyanobacteria","Chloroplast","uncultured",NA,NA
"EU804845.1.1472",694,99,0.572254335260116,0.00017529730987647,"Bacteria","Proteobacteria","Alphaproteobacteria","Rhodospirillales","Rhodospirillaceae","uncultured"
"EU804847.1.1440",682,99,0.572254335260116,0.00016949559495043,"Bacteria","Proteobacteria","Alphaproteobacteria","SAR11",NA,NA
"EU804917.1.1439",656,102,0.589595375722543,0.000173280013730604,"Bacteria","Proteobacteria","Alphaproteobacteria","SAR11",NA,NA
"EU804944.1.1509",110,26,0.15028901734104,2.38972688764577e-05,"Bacteria","Proteobacteria","Gammaproteobacteria","Oceanospirillales","SAR86",NA
"EU804945.1.1525",3802,106,0.61271676300578,0.0010023073646962,"Bacteria","Marinimicrobia",NA,NA,NA,NA
"EU804956.1.1458",59,20,0.115606936416185,1.61636944178319e-05,"Bacteria","Proteobacteria","Alphaproteobacteria","Rhodospirillales","Rhodospirillaceae","uncultured"
"EU804972.1.1449",5632,112,0.647398843930636,0.00135380140187241,"Bacteria","Proteobacteria","Alphaproteobacteria","SAR11",NA,NA
"EU804992.1.1439",1453,113,0.653179190751445,0.000355253334790965,"Bacteria","Proteobacteria","Alphaproteobacteria","SAR11",NA,NA
"EU805000.1.1468",2442,95,0.549132947976879,0.000675775386131231,"Bacteria","Proteobacteria","Alphaproteobacteria","Rickettsiales","S25-593","uncultured"
"EU805057.1.1520",2136,81,0.468208092485549,0.000583122326308493,"Bacteria","Verrucomicrobia","Opitutae","Puniceicoccales","Puniceicoccaceae","marine"
"EU805065.1.1518",1797,52,0.300578034682081,0.000444979097791822,"Bacteria","Verrucomicrobia","Opitutae","Puniceicoccales","Puniceicoccaceae","Coraliomargarita"
"EU805102.1.1251",867,113,0.653179190751445,0.000206646639485704,"Bacteria","Cyanobacteria","ML635J-21","uncultured",NA,NA
"EU805104.1.1449",835,68,0.393063583815029,0.000199422721909306,"Bacteria","Proteobacteria","Alphaproteobacteria","Rickettsiales","SAR116",NA
"EU805171.1.1508",61,30,0.173410404624277,1.4002465089793e-05,"Bacteria","Proteobacteria","Gammaproteobacteria","Legionellales","Coxiellaceae","Coxiella"
"EU805172.1.1447",6036,133,0.76878612716763,0.00145401335800612,"Bacteria","Proteobacteria","Alphaproteobacteria","SAR11",NA,NA
"EU805193.1.1293",76,27,0.15606936416185,1.79584315158296e-05,"Bacteria","Planctomycetes","Planctomycetacia","Planctomycetales","Planctomycetaceae","uncultured"
"EU805199.1.1426",4891,107,0.61849710982659,0.00110582973025432,"Bacteria","Proteobacteria","Alphaproteobacteria","Rhodobacterales","Rhodobacteraceae","uncultured"
"EU805209.1.1503",373,93,0.53757225433526,8.50711263458309e-05,"Bacteria","Proteobacteria","Gammaproteobacteria","Legionellales","Coxiellaceae","Coxiella"
"EU805212.1.1439",3995,138,0.797687861271676,0.000880729071781456,"Bacteria","Proteobacteria","Alphaproteobacteria","SAR11",NA,NA
"EU805375.1.1450",867,102,0.589595375722543,0.000208250899379544,"Bacteria","Proteobacteria","Alphaproteobacteria","Rickettsiales","SAR116",NA
"EU805384.1.1450",1791,94,0.543352601156069,0.000451381318794087,"Bacteria","Proteobacteria","Alphaproteobacteria","Rickettsiales","SAR116",NA
"EU817118.1.1380",1344,143,0.826589595375723,0.000367979150105937,"Bacteria","Proteobacteria","Gammaproteobacteria","E01-9C-26",NA,NA
"EU817119.1.1404",356,92,0.531791907514451,0.000103835848243281,"Bacteria","Proteobacteria","Gammaproteobacteria","E01-9C-26",NA,NA
"EU880515.1.1503",96,20,0.115606936416185,2.18909964368783e-05,"Bacteria","Bacteroidetes","Flavobacteriia","Flavobacteriales","Flavobacteriaceae","Sufflavibacter"
"EU888117.1.1417",108,40,0.23121387283237,2.38966564096932e-05,"Bacteria","Bacteroidetes","Flavobacteriia","Flavobacteriales","Flavobacteriaceae","Muricauda"
"EU919770.1.1461",2319,39,0.225433526011561,0.000613368931499531,"Bacteria","Proteobacteria","Alphaproteobacteria","Rhodospirillales","Rhodospirillaceae","Magnetospira"
"EU919781.1.1500",21155,39,0.225433526011561,0.00492020639544264,"Bacteria","Proteobacteria","Gammaproteobacteria","Thiotrichales","Piscirickettsiaceae","uncultured"
"EU919785.1.1515",342,21,0.121387283236994,0.000117998990865811,"Bacteria","Proteobacteria","Gammaproteobacteria","Xanthomonadales","JTB255",NA
"EU919810.1.1462",145,43,0.248554913294798,3.50341463772692e-05,"Bacteria","Proteobacteria","Alphaproteobacteria","Rhodospirillales","Rhodospirillaceae","uncultured"
"EU919825.1.1479",505,28,0.161849710982659,0.000148941211314543,"Bacteria","Bacteroidetes","Flavobacteriia","Flavobacteriales","Flavobacteriaceae","uncultured"
"EU919847.1.1505",603,28,0.161849710982659,0.00017636899434666,"Bacteria","Verrucomicrobia","Verrucomicrobiae","Verrucomicrobiales","Verrucomicrobiaceae","Roseibacillus"
"EU919850.1.1429",2019,68,0.393063583815029,0.000592860891082629,"Bacteria","Cyanobacteria","Chloroplast","uncultured",NA,NA
"EU919859.1.1444",174,40,0.23121387283237,4.33750843958956e-05,"Bacteria","Cyanobacteria","Chloroplast","uncultured",NA,NA
"EU925855.1.1506",121,32,0.184971098265896,2.65002596330238e-05,"Bacteria","Proteobacteria","Gammaproteobacteria","Gammaproteobacteria",NA,NA
"EU925896.1.1520",58,22,0.127167630057803,1.57980176877891e-05,"Bacteria","Proteobacteria","Gammaproteobacteria","Gammaproteobacteria",NA,NA
"EU935247.1.1220",89,41,0.236994219653179,2.06908690201926e-05,"Bacteria","Proteobacteria","Gammaproteobacteria","Alteromonadales","Alteromonadaceae","Alteromonas"
"FAXC01000432.4183.5737",8582,40,0.23121387283237,0.00176335267010838,"Bacteria","Marinimicrobia",NA,NA,NA,NA
"FJ000090.1.1615",59,38,0.219653179190751,1.35098640484448e-05,"Eukaryota","Excavata","Discoba","Discicristata","Euglenozoa","Diplonemea"
"FJ000247.1.1396",2011,40,0.23121387283237,0.000439091215844242,"Eukaryota","SAR","Alveolata","Protalveolata","Syndiniales","Amoebophrya"
"FJ000270.1.1389",117,28,0.161849710982659,2.51785149532921e-05,"Eukaryota","SAR","Alveolata","Protalveolata","Syndiniales","Syndiniales"
"FJ002179.1.1413",83,23,0.132947976878613,2.01736079171449e-05,"Bacteria","Cyanobacteria","Chloroplast","Attheya",NA,NA
"FJ002230.1.1431",142,38,0.219653179190751,4.04718640549877e-05,"Bacteria","Cyanobacteria","Chloroplast","Extubocellulus",NA,NA
"FJ024321.1.1503",57,25,0.144508670520231,1.38452900047176e-05,"Bacteria","Proteobacteria","SPOTSOCT00m83","uncultured",NA,NA
"FJ032684.1.1917",372,83,0.479768786127168,8.81981118679817e-05,"Eukaryota","Excavata","Discoba","Discicristata","Euglenozoa","Diplonemea"
"FJ150810.1.1353",435,46,0.265895953757225,7.88504523730603e-05,"Archaea","Thaumarchaeota","Marine",NA,NA,NA
"FJ150819.1.1297",317,37,0.213872832369942,6.49034377635927e-05,"Archaea","Thaumarchaeota","Marine",NA,NA,NA
"FJ150825.1.1353",265,28,0.161849710982659,5.76604919209793e-05,"Archaea","Thaumarchaeota","Marine",NA,NA,NA
"FJ150826.1.1353",2349,48,0.277456647398844,0.000500245811498664,"Archaea","Thaumarchaeota","Marine",NA,NA,NA
"FJ150828.1.1353",818,35,0.202312138728324,0.000177641988042482,"Archaea","Thaumarchaeota","Marine",NA,NA,NA
"FJ150834.1.1353",231,32,0.184971098265896,5.13089656137116e-05,"Archaea","Thaumarchaeota","Marine",NA,NA,NA
"FJ152940.1.1480",92,29,0.167630057803468,1.91496708151899e-05,"Bacteria","Actinobacteria","Acidimicrobiia","Acidimicrobiales","Acidimicrobiales",NA
"FJ155060.1.1532",124,37,0.213872832369942,3.31652938682631e-05,"Bacteria","Verrucomicrobia","OPB35",NA,NA,NA
"FJ176219.1.1688",132,60,0.346820809248555,3.58664995464172e-05,"Eukaryota","Incertae",NA,NA,NA,NA
"FJ184061.1.1407",50,25,0.144508670520231,9.42073945846221e-06,"Bacteria","Cyanobacteria","Cyanobacteria","SubsectionI","FamilyI","Synechococcus"
"FJ202272.1.1482",308,37,0.213872832369942,7.84928076739256e-05,"Bacteria","Proteobacteria","Gammaproteobacteria","Oceanospirillales","Oceanospirillaceae","Oleispira"
"FJ202384.1.1478",55,34,0.196531791907514,1.19370260782206e-05,"Bacteria","Proteobacteria","Deltaproteobacteria","Oligoflexales","Oligoflexaceae","uncultured"
"FJ202704.1.1469",105,31,0.179190751445087,3.07020040287092e-05,"Bacteria","Bacteroidetes","Flavobacteriia","Flavobacteriales","Flavobacteriaceae","Winogradskyella"
"FJ203457.1.1440",112,25,0.144508670520231,2.10185507837142e-05,"Bacteria","Actinobacteria","Acidimicrobiia","Acidimicrobiales","Sva0996",NA
"FJ205179.1.1436",52,21,0.121387283236994,1.17081931918523e-05,"Bacteria","Proteobacteria","Alphaproteobacteria","Rhodospirillales","Rhodospirillaceae","uncultured"
"FJ205233.1.1487",51,20,0.115606936416185,1.14192117693366e-05,"Bacteria","Acidobacteria","Subgroup",NA,NA,NA
"FJ205335.1.1480",54,23,0.132947976878613,1.47310786981806e-05,"Bacteria","Proteobacteria","JTB23","uncultured",NA,NA
"FJ205348.1.1440",152,25,0.144508670520231,3.21880457487178e-05,"Bacteria","Chloroflexi","SAR202",NA,NA,NA
"FJ205377.1.1430",103,19,0.109826589595376,2.40086576213891e-05,"Bacteria","Chloroflexi","TK10","uncultured",NA,NA
"FJ230846.1.1328",60,18,0.104046242774566,1.26850441078541e-05,"Bacteria","Proteobacteria","Alphaproteobacteria","Rhodobacterales","Rhodobacteraceae","uncultured"
"FJ358928.1.1460",102,40,0.23121387283237,2.9143617481572e-05,"Bacteria","Verrucomicrobia","Opitutae","MB11C04",NA,NA
"FJ403066.1.1491",106,37,0.213872832369942,3.01290510771158e-05,"Bacteria","Proteobacteria","Deltaproteobacteria","Bdellovibrionales","Bacteriovoracaceae","Peredibacter"
"FJ404751.1.1494",50,18,0.104046242774566,1.58472841543888e-05,"Bacteria","Proteobacteria","Gammaproteobacteria","Alteromonadales","Alteromonadaceae","Alteromonas"
"FJ415678.1.1278",583,95,0.549132947976879,0.000164854066128388,"Bacteria","Proteobacteria","Alphaproteobacteria","SAR11",NA,NA
"FJ457234.1.1374",90,24,0.138728323699422,2.73816336347911e-05,"Bacteria","Proteobacteria","Gammaproteobacteria","Alteromonadales","Pseudoalteromonadaceae","Pseudoalteromonas"
"FJ481371.1.1402",278,33,0.190751445086705,5.97883277067152e-05,"Bacteria","Chloroflexi","SAR202",NA,NA,NA
"FJ481376.1.1394",123,22,0.127167630057803,2.84850189137897e-05,"Bacteria","Chloroflexi","SAR202",NA,NA,NA
"FJ487501.1.1366",95,25,0.144508670520231,1.88059326890296e-05,"Archaea","Thaumarchaeota","Marine",NA,NA,NA
"FJ493498.31800.33298",79,23,0.132947976878613,2.12876971571103e-05,"Bacteria","Cyanobacteria","Chloroplast","Pycnococcus",NA,NA
"FJ497456.1.1445",130,25,0.144508670520231,3.13326260621542e-05,"Bacteria","Bacteroidetes","Flavobacteriia","Flavobacteriales","Cryomorphaceae","uncultured"
"FJ497471.1.1456",72,23,0.132947976878613,1.79661750266059e-05,"Bacteria","Proteobacteria","Gammaproteobacteria","Alteromonadales","Alteromonadaceae","Alteromonas"
"FJ497472.1.1444",299,72,0.416184971098266,7.59171835390533e-05,"Bacteria","Bacteroidetes","Flavobacteriia","Flavobacteriales","NS9",NA
"FJ497496.1.1440",119,51,0.294797687861272,2.89870723030683e-05,"Bacteria","Proteobacteria","Gammaproteobacteria","Alteromonadales","Alteromonadaceae","uncultured"
"FJ529346.1.1400",95,43,0.248554913294798,2.14882545475399e-05,"Bacteria","Actinobacteria","Acidimicrobiia","Acidimicrobiales","Sva0996",NA
"FJ537305.1.1754",154,34,0.196531791907514,3.50413537302935e-05,"Eukaryota","Archaeplastida","Chloroplastida","Chlorophyta","Clade",NA
"FJ537311.1.1800",419,70,0.404624277456647,0.000104455100879819,"Eukaryota","Haptophyta","Prymnesiophyceae","Prymnesiales","uncultured",NA
"FJ537319.1.1778",247,57,0.329479768786127,6.86872603387265e-05,"Eukaryota","SAR","Stramenopiles","Ochrophyta","Chrysophyceae","E222"
"FJ537323.1.1797",146,46,0.265895953757225,3.39364895711659e-05,"Eukaryota","SAR","Rhizaria","Retaria","RAD",NA
"FJ537336.1.1799",70,33,0.190751445086705,1.62259364831413e-05,"Eukaryota","Haptophyta","T58","uncultured",NA,NA
"FJ537338.1.1750",68,23,0.132947976878613,1.98674385455517e-05,"Eukaryota","SAR","Stramenopiles","Ochrophyta","Chrysophyceae","LG01-09"
"FJ537342.1.1758",81,23,0.132947976878613,1.9397848110252e-05,"Eukaryota","Haptophyta","T58","uncultured",NA,NA
"FJ537355.1.1794",586,65,0.375722543352601,0.000146446186246019,"Eukaryota","Haptophyta","Prymnesiophyceae","Prymnesiales","OLI16029","uncultured"
"FJ537356.1.1779",142,23,0.132947976878613,3.75260557970685e-05,"Eukaryota","SAR","Stramenopiles","Ochrophyta","Chrysophyceae","LG01-09"
"FJ545512.1.1510",281,24,0.138728323699422,8.80697103001027e-05,"Bacteria","Actinobacteria","Acidimicrobiia","Acidimicrobiales","Sva0996",NA
"FJ545527.1.1500",670,42,0.242774566473988,0.000190544191768363,"Bacteria","Proteobacteria","SPOTSOCT00m83","uncultured",NA,NA
"FJ545538.1.1526",2391,85,0.491329479768786,0.000606996475875011,"Bacteria","Proteobacteria","Gammaproteobacteria","KI89A",NA,NA
"FJ545540.1.1519",406,84,0.485549132947977,0.000118526609013104,"Bacteria","Planctomycetes","Planctomycetacia","Planctomycetales","Planctomycetaceae","uncultured"
"FJ545544.1.1457",509,59,0.341040462427746,0.000119615200198802,"Bacteria","Proteobacteria","Alphaproteobacteria","Rhodobacterales","Rhodobacteraceae","Ascidiaceihabitans"
"FJ545604.1.1526",456,54,0.312138728323699,0.000150653260125828,"Bacteria","Proteobacteria","Gammaproteobacteria","Cellvibrionales","Halieaceae","OM60(NOR5)"
"FJ545620.1.1554",246,52,0.300578034682081,7.23471116187076e-05,"Bacteria","Marinimicrobia",NA,NA,NA,NA
"FJ545621.1.1468",260,72,0.416184971098266,7.27388735730256e-05,"Bacteria","Proteobacteria","Alphaproteobacteria","SAR11",NA,NA
"FJ545627.1.1478",1465,104,0.601156069364162,0.000398646936472678,"Bacteria","Proteobacteria","Alphaproteobacteria","SAR11",NA,NA
"FJ545633.1.1466",4082,157,0.907514450867052,0.00110234279794276,"Bacteria","Proteobacteria","Alphaproteobacteria","SAR11",NA,NA
"FJ612150.1.1429",685,54,0.312138728323699,0.000173991088914184,"Bacteria","Cyanobacteria","Chloroplast","uncultured",NA,NA
"FJ615107.1.1293",319,88,0.508670520231214,8.50265225405503e-05,"Bacteria","Proteobacteria","Alphaproteobacteria","SAR11",NA,NA
"FJ615110.1.1292",275,37,0.213872832369942,7.16378821876266e-05,"Bacteria","Proteobacteria","Alphaproteobacteria","Rhizobiales","OCS116",NA
"FJ615148.1.1416",457,38,0.219653179190751,0.000104620804782415,"Bacteria","Parcubacteria","Candidatus",NA,NA,NA
"FJ615156.1.1457",383,49,0.283236994219653,8.0460378817196e-05,"Bacteria","Actinobacteria","Acidimicrobiia","Acidimicrobiales","Sva0996",NA
"FJ615157.1.1491",905,59,0.341040462427746,0.000207640386623294,"Bacteria","Gemmatimonadetes","BD2-11",NA,NA,NA
"FJ615160.1.1456",281,46,0.265895953757225,8.5424841921527e-05,"Bacteria","Bacteroidetes","Flavobacteriia","Flavobacteriales","Cryomorphaceae","Crocinitomix"
"FJ615480.1.915",133,20,0.115606936416185,2.82778722621516e-05,"Archaea","Thaumarchaeota","Marine",NA,NA,NA
"FJ615481.1.915",423,27,0.15606936416185,8.77104843712926e-05,"Archaea","Thaumarchaeota","Marine",NA,NA,NA
"FJ626884.1.1381",62,31,0.179190751445087,1.54465760996567e-05,"Bacteria","Actinobacteria","Acidimicrobiia","Acidimicrobiales","Sva0996",NA
"FJ626901.1.1422",132,56,0.323699421965318,3.41587412763078e-05,"Bacteria","Verrucomicrobia","Verrucomicrobiae","Verrucomicrobiales","DEV007","uncultured"
"FJ628174.1.1541",103,38,0.219653179190751,2.18541753392598e-05,"Bacteria","Planctomycetes","OM190","uncultured",NA,NA
"FJ628329.1.1481",85,19,0.109826589595376,2.72389944022345e-05,"Bacteria","Bacteroidetes","Flavobacteriia","Flavobacteriales","Cryomorphaceae","uncultured"
"FJ628341.1.1484",460,54,0.312138728323699,0.000137169609681726,"Bacteria","Bacteroidetes","Flavobacteriia","Flavobacteriales","NS9",NA
"FJ666179.1.1205",413,50,0.289017341040462,7.21748776601429e-05,"Bacteria","Proteobacteria","Alphaproteobacteria","Rhodospirillales","Rhodospirillaceae","Magnetospira"
"FJ712430.1.1495",426,34,0.196531791907514,0.000124387194076667,"Bacteria","Proteobacteria","Gammaproteobacteria","Xanthomonadales","JTB255",NA
"FJ716274.1.1524",59,23,0.132947976878613,1.20623507260783e-05,"Bacteria","Marinimicrobia",NA,NA,NA,NA
"FJ744783.1.1367",271,81,0.468208092485549,7.62816114847739e-05,"Bacteria","Proteobacteria","Gammaproteobacteria","Cellvibrionales","Halieaceae","OM60(NOR5)"
"FJ744794.1.1372",146,43,0.248554913294798,3.43388164164507e-05,"Bacteria","Proteobacteria","Gammaproteobacteria","Cellvibrionales","Halieaceae","OM60(NOR5)"
"FJ744804.1.1372",180,39,0.225433526011561,4.77441868406254e-05,"Bacteria","Bacteroidetes","Flavobacteriia","Flavobacteriales","Flavobacteriaceae","NS4"
"FJ744818.1.1367",121,23,0.132947976878613,3.08583746902397e-05,"Bacteria","Bacteroidetes","Flavobacteriia","Flavobacteriales","Cryomorphaceae","uncultured"
"FJ744822.1.1336",146,35,0.202312138728324,4.76893318048901e-05,"Bacteria","Proteobacteria","Alphaproteobacteria","Rickettsiales","Mitochondria","uncultured"
"FJ744833.1.1343",83,40,0.23121387283237,2.03961265740837e-05,"Bacteria","Cyanobacteria","Chloroplast","uncultured",NA,NA
"FJ744842.1.1329",761,44,0.254335260115607,0.000161376835636316,"Bacteria","Cyanobacteria","Chloroplast","uncultured",NA,NA
"FJ744851.1.1336",59,21,0.121387283236994,1.54642365923839e-05,"Bacteria","Proteobacteria","Alphaproteobacteria","Rhodospirillales","Rhodospirillaceae","uncultured"
"FJ744890.1.1306",928,53,0.30635838150289,0.000228027661013196,"Bacteria","Proteobacteria","Alphaproteobacteria","Rickettsiales","Mitochondria","uncultured"
"FJ744908.1.1331",57,30,0.173410404624277,1.40281019691648e-05,"Bacteria","Proteobacteria","Alphaproteobacteria","SAR11",NA,NA
"FJ744956.1.1371",468,74,0.427745664739884,0.000123601880202568,"Bacteria","Bacteroidetes","Flavobacteriia","Flavobacteriales","Flavobacteriaceae","NS5"
"FJ744961.1.1302",1561,67,0.38728323699422,0.000465250438082315,"Bacteria","Proteobacteria","Alphaproteobacteria","Rickettsiales","Mitochondria","uncultured"
"FJ744974.1.1389",132,41,0.236994219653179,2.89985887607202e-05,"Bacteria","Proteobacteria","Gammaproteobacteria","E01-9C-26",NA,NA
"FJ744986.1.1343",130,61,0.352601156069364,3.49366531134705e-05,"Bacteria","Verrucomicrobia","Verrucomicrobiae","Verrucomicrobiales","Verrucomicrobiaceae","Roseibacillus"
"FJ745081.1.1358",569,39,0.225433526011561,0.000134307546984367,"Bacteria","Actinobacteria","Acidimicrobiia","Acidimicrobiales","OM1",NA
"FJ745086.1.1292",83,49,0.283236994219653,2.40670789700554e-05,"Bacteria","Proteobacteria","Alphaproteobacteria","Rhodobacterales","Rhodobacteraceae","uncultured"
"FJ745099.1.1304",395,41,0.236994219653179,0.000106924708382029,"Bacteria","Proteobacteria","Alphaproteobacteria","Rickettsiales","Mitochondria","uncultured"
"FJ745102.1.1368",400,39,0.225433526011561,0.000109645132228441,"Bacteria","Bacteroidetes","Flavobacteriia","Flavobacteriales","Flavobacteriaceae","NS5"
"FJ745117.1.1319",80,49,0.283236994219653,2.122830825266e-05,"Bacteria","Proteobacteria","Alphaproteobacteria","SAR11",NA,NA
"FJ745131.1.1372",151,49,0.283236994219653,3.95211427177752e-05,"Bacteria","Bacteroidetes","Flavobacteriia","Flavobacteriales","Flavobacteriaceae","NS5"
"FJ745148.1.1391",362,23,0.132947976878613,0.000104041484778269,"Bacteria","Verrucomicrobia","Opitutae","Puniceicoccales","Puniceicoccaceae","Lentimonas"
"FJ745177.1.1372",107,52,0.300578034682081,2.64136823426601e-05,"Bacteria","Bacteroidetes","Flavobacteriia","Flavobacteriales","Cryomorphaceae","uncultured"
"FJ745191.1.1322",1390,63,0.364161849710983,0.000358016113994908,"Bacteria","Cyanobacteria","Chloroplast","uncultured",NA,NA
"FJ745195.1.1308",198,41,0.236994219653179,4.8742868922917e-05,"Bacteria","Cyanobacteria","Chloroplast","uncultured",NA,NA
"FJ745204.1.1322",1095,50,0.289017341040462,0.000306304978071471,"Bacteria","Proteobacteria","Elev-16S-509","uncultured",NA,NA
"FJ745206.1.1366",763,80,0.46242774566474,0.000207450445349681,"Bacteria","Proteobacteria","Gammaproteobacteria","Cellvibrionales","Halieaceae","OM60(NOR5)"
"FJ745210.1.1322",93,34,0.196531791907514,2.48953277706808e-05,"Bacteria","Proteobacteria","Deltaproteobacteria","Bdellovibrionales","Bdellovibrionaceae","OM27"
"FJ745214.1.1374",54,34,0.196531791907514,1.36214649403618e-05,"Bacteria","Proteobacteria","Gammaproteobacteria","Oceanospirillales","Oceanospirillaceae","Pseudohongiella"
"FJ745219.1.1374",2887,123,0.710982658959538,0.000717394075752733,"Bacteria","Proteobacteria","Gammaproteobacteria","Oceanospirillales","Litoricolaceae","Litoricola"
"FJ745229.1.1369",772,28,0.161849710982659,0.000143600102505993,"Bacteria","Proteobacteria","Gammaproteobacteria","uncultured","uncultured",NA
"FJ745232.1.1356",1153,95,0.549132947976879,0.000275961871132603,"Bacteria","Bacteroidetes","Flavobacteriia","Flavobacteriales","NS9",NA
"FJ745233.1.1329",260,57,0.329479768786127,8.00567780478647e-05,"Bacteria","Proteobacteria","Alphaproteobacteria","Rhodobacterales","Rhodobacteraceae","uncultured"
"FJ745242.1.1310",570,70,0.404624277456647,0.000154624244481365,"Bacteria","Cyanobacteria","Chloroplast","uncultured",NA,NA
"FJ745245.1.1358",74,30,0.173410404624277,2.0444674965664e-05,"Bacteria","Actinobacteria","Acidimicrobiia","Acidimicrobiales","OM1",NA
"FJ745251.1.1308",570,96,0.554913294797688,0.000147772584186927,"Bacteria","Proteobacteria","Alphaproteobacteria","Rickettsiales","SAR116",NA
"FJ748779.1.1500",55,26,0.15028901734104,1.12558825002541e-05,"Bacteria","Proteobacteria","Gammaproteobacteria","Xanthomonadales","JTB255",NA
"FJ825868.1.1491",290,31,0.179190751445087,0.000107319594906613,"Bacteria","Proteobacteria","Gammaproteobacteria","Cellvibrionales","Halieaceae","OM60(NOR5)"
"FJ825876.1.1410",151,20,0.115606936416185,3.36716763018363e-05,"Bacteria","Proteobacteria","Gammaproteobacteria","Alteromonadales","Alteromonadaceae","Salinimonas"
"FJ825935.1.1494",491,35,0.202312138728324,0.00014720410072188,"Bacteria","Proteobacteria","Gammaproteobacteria","Pseudomonadales","Moraxellaceae","Psychrobacter"
"FJ825937.1.1478",273,18,0.104046242774566,7.46373941480389e-05,"Bacteria","Bacteroidetes","Flavobacteriia","Flavobacteriales","Cryomorphaceae","uncultured"
"FJ825980.1.1475",902,124,0.716763005780347,0.000224312115558755,"Bacteria","Bacteroidetes","Flavobacteriia","Flavobacteriales","Cryomorphaceae","uncultured"
"FJ825981.1.1442",83,41,0.236994219653179,1.92312904616067e-05,"Bacteria","Proteobacteria","Alphaproteobacteria","Rickettsiales","SAR116",NA
"FJ826020.1.1352",161,43,0.248554913294798,4.66911313198082e-05,"Bacteria","Cyanobacteria","Chloroplast","uncultured",NA,NA
"FJ826030.1.1428",294,76,0.439306358381503,8.72269275869456e-05,"Bacteria","Proteobacteria","Alphaproteobacteria","Rickettsiales","SAR116",NA
"FJ826041.1.1401",157,43,0.248554913294798,4.36395328355134e-05,"Bacteria","Proteobacteria","Gammaproteobacteria","Cellvibrionales","Halieaceae","OM60(NOR5)"
"FJ826052.1.1446",866,83,0.479768786127168,0.000246110289369081,"Bacteria","Proteobacteria","Alphaproteobacteria","Alphaproteobacteria",NA,NA
"FJ826098.1.1436",689,34,0.196531791907514,0.000202608355262631,"Bacteria","Cyanobacteria","Chloroplast","uncultured",NA,NA
"FJ826110.1.1441",77,42,0.242774566473988,2.0011419085988e-05,"Bacteria","Proteobacteria","Alphaproteobacteria","Rhodobacterales","Rhodobacteraceae","Amylibacter"
"FJ826217.1.1434",249,66,0.38150289017341,6.1412093579756e-05,"Bacteria","Cyanobacteria","Chloroplast","uncultured",NA,NA
"FJ826218.1.1429",3514,51,0.294797687861272,0.00092875249754189,"Bacteria","Proteobacteria","Alphaproteobacteria","Rhodobacterales","Rhodobacteraceae","Loktanella"
"FJ826248.1.1455",1187,89,0.514450867052023,0.000269337364645072,"Bacteria","Proteobacteria","Alphaproteobacteria","Rhodospirillales","Rhodospirillaceae","uncultured"
"FJ826265.1.1219",215,49,0.283236994219653,4.63334394107357e-05,"Bacteria","Cyanobacteria","Chloroplast","uncultured",NA,NA
"FJ826308.1.1500",113,30,0.173410404624277,3.08242909058498e-05,"Bacteria","Proteobacteria","Gammaproteobacteria","Legionellales","Legionellaceae","uncultured"
"FJ826312.1.1447",184,44,0.254335260115607,5.92073889423481e-05,"Bacteria","Proteobacteria","Alphaproteobacteria","Rickettsiales","SAR116",NA
"FJ826327.1.1421",329,28,0.161849710982659,8.13803912171285e-05,"Bacteria","Proteobacteria","Alphaproteobacteria","Rhodobacterales","Rhodobacteraceae","Planktomarina"
"FJ826401.1.1447",106,40,0.23121387283237,2.79804607219523e-05,"Bacteria","Planctomycetes","Planctomycetacia","Planctomycetales","Planctomycetaceae","Blastopirellula"
"FJ826490.1.1479",495,75,0.433526011560694,0.000129684457984863,"Bacteria","Bacteroidetes","Flavobacteriia","Flavobacteriales","NS9",NA
"FJ832103.1.1586",137,43,0.248554913294798,3.24064379111879e-05,"Eukaryota","SAR","Alveolata","Protalveolata","Syndiniales","Syndiniales"
"FJ832126.1.1602",59,27,0.15606936416185,1.43844002924941e-05,"Eukaryota","BW-dinoclone28","uncultured",NA,NA,NA
"FJ876971.1.1750",1502,20,0.115606936416185,0.000444778315389464,"Eukaryota","SAR","Alveolata","Ciliophora","Intramacronucleata","Conthreep"
"FJ900328.1.1492",237,28,0.161849710982659,4.69142810172212e-05,"Bacteria","PAUC34f","uncultured",NA,NA,NA
"FJ900348.1.1407",102,25,0.144508670520231,2.3505358048656e-05,"Bacteria","Chloroflexi","JG30-KF-CM66","uncultured",NA,NA
"FJ903194.1.1522",137,33,0.190751445086705,3.05753329333971e-05,"Bacteria","Proteobacteria","Gammaproteobacteria","Alteromonadales","Alteromonadaceae","uncultured"
"FJ914468.1.1518",117,54,0.312138728323699,3.14004532134566e-05,"Eukaryota","SAR","Alveolata","Dinoflagellata","Dinophyceae","Gymnodiniphycidae"
"FJ980803.1.1485",199,38,0.219653179190751,4.4102601734364e-05,"Bacteria","Bacteroidetes","Flavobacteriia","Flavobacteriales","Flavobacteriaceae","NS2b"
"FJ981252.1.917",355,41,0.236994219653179,7.85077209295466e-05,"Archaea","Euryarchaeota","Thermoplasmata","Thermoplasmatales","Marine",NA
"FJ999605.1.1329",116,25,0.144508670520231,3.096554548279e-05,"Bacteria","Cyanobacteria","Cyanobacteria","SubsectionI","FamilyI","Prochlorococcus"
"FJ999610.1.1343",146,23,0.132947976878613,4.90494311784831e-05,"Bacteria","Cyanobacteria","Cyanobacteria","SubsectionI","FamilyI","Prochlorococcus"
"FKJQ01000513.2778.4415",881,51,0.294797687861272,0.000184941670539616,"Eukaryota","Opisthokonta","Nucletmycea","Fungi","Dikarya","Ascomycota"
"FM242233.1.1484",67,21,0.121387283236994,2.36336283720759e-05,"Bacteria","Proteobacteria","Gammaproteobacteria","Oceanospirillales","Oleiphilaceae","Oleiphilus"
"FM242300.1.1515",58,35,0.202312138728324,1.27239372518712e-05,"Bacteria","Proteobacteria","Gammaproteobacteria","Oceanospirillales","OM182",NA
"FM242420.1.1501",201,84,0.485549132947977,4.77258852124117e-05,"Bacteria","Proteobacteria","Gammaproteobacteria","Oceanospirillales","OM182",NA
"FM242450.1.1408",461,68,0.393063583815029,9.37710522530822e-05,"Bacteria","Proteobacteria","Alphaproteobacteria","Caulobacterales","Hyphomonadaceae","Ponticaulis"
"FM992724.1.1457",150,26,0.15028901734104,3.48612803809589e-05,"Bacteria","Proteobacteria","Gammaproteobacteria","Alteromonadales","Alteromonadaceae","Salinimonas"
"FM994666.1.1488",475,94,0.543352601156069,0.000123644330001318,"Bacteria","Bacteroidetes","Flavobacteriia","Flavobacteriales","NS9",NA
"FN433320.1.1573",16289,130,0.751445086705202,0.00391276878305647,"Bacteria","Bacteroidetes","Flavobacteriia","Flavobacteriales","Flavobacteriaceae","NS2b"
"FN433324.1.1577",1578,35,0.202312138728324,0.000489708537984436,"Bacteria","Bacteroidetes","Sphingobacteriia","Sphingobacteriales","Saprospiraceae","uncultured"
"FN433325.1.1546",9493,46,0.265895953757225,0.00263164614982277,"Bacteria","Bacteroidetes","Flavobacteriia","Flavobacteriales","Flavobacteriaceae","Formosa"
"FN433337.1.1496",491,18,0.104046242774566,0.000201991259459159,"Bacteria","Bacteroidetes","Flavobacteriia","Flavobacteriales","Flavobacteriaceae","uncultured"
"FN433348.1.1495",2898,74,0.427745664739884,0.000814239578092905,"Bacteria","Bacteroidetes","Flavobacteriia","Flavobacteriales","Flavobacteriaceae","NS5"
"FN433363.1.1498",3890,103,0.595375722543353,0.000967165837765267,"Bacteria","Bacteroidetes","Flavobacteriia","Flavobacteriales","Flavobacteriaceae","NS5"
"FN433375.1.1492",5242,90,0.520231213872832,0.00168360732367957,"Bacteria","Bacteroidetes","Flavobacteriia","Flavobacteriales","Flavobacteriaceae","NS5"
"FN433379.1.1490",1573,65,0.375722543352601,0.000463290161342003,"Bacteria","Bacteroidetes","Flavobacteriia","Flavobacteriales","NS9",NA
"FN433389.1.1466",703,26,0.15028901734104,0.000222288637422841,"Bacteria","Bacteroidetes","Flavobacteriia","Flavobacteriales","Cryomorphaceae","uncultured"
"FN433409.1.1491",19227,96,0.554913294797688,0.00488373028031732,"Bacteria","Bacteroidetes","Flavobacteriia","Flavobacteriales","NS9",NA
"FN433412.1.1496",3819,93,0.53757225433526,0.000816320173611072,"Bacteria","Bacteroidetes","Flavobacteriia","Flavobacteriales","Flavobacteriaceae","NS4"
"FN433426.1.1497",4290,123,0.710982658959538,0.0010227026539478,"Bacteria","Bacteroidetes","Flavobacteriia","Flavobacteriales","Flavobacteriaceae","NS5"
"FN435254.1.1524",864,36,0.208092485549133,0.000223342388975047,"Bacteria","Bacteroidetes","Sphingobacteriia","Sphingobacteriales","NS11-12",NA
"FN553456.1.1494",152,69,0.398843930635838,3.3890663330013e-05,"Bacteria","Proteobacteria","Deltaproteobacteria","Oligoflexales","Oligoflexaceae","uncultured"
"FN553470.1.1474",80,19,0.109826589595376,1.81233650709174e-05,"Bacteria","Chloroflexi","SAR202",NA,NA,NA
"FN553515.1.1520",66,26,0.15028901734104,1.28299473303034e-05,"Bacteria","Gemmatimonadetes","BD2-11",NA,NA,NA
"FN598297.1.1344",51,22,0.127167630057803,1.26059803923974e-05,"Eukaryota","Excavata","Discoba","Discicristata","Euglenozoa","Diplonemea"
"FN598439.1.1838",51,22,0.127167630057803,1.02016233256027e-05,"Eukaryota","SAR","Alveolata","Protalveolata","Syndiniales","Syndinium"
"FN690339.1.1657",76,25,0.144508670520231,1.93861095199647e-05,"Eukaryota","SAR","Alveolata","Ciliophora","Intramacronucleata","Conthreep"
"FN690456.1.1738",165,40,0.23121387283237,3.93609754564502e-05,"Eukaryota","Cryptophyceae","Cryptomonadales","uncultured",NA,NA
"FN690666.1.1677",229,21,0.121387283236994,5.4943811108843e-05,"Eukaryota","SAR","Stramenopiles","Ochrophyta","Dictyochophyceae","Pedinellales"
"FN773279.1.1471",282,28,0.161849710982659,9.02226150000246e-05,"Bacteria","Proteobacteria","Alphaproteobacteria","Emcibacterales","Emcibacteraceae","Emcibacter"
"FQ032802.35287.36802",5127,40,0.23121387283237,0.00136989699810987,"Bacteria","Bacteroidetes","Flavobacteriia","Flavobacteriales","Flavobacteriaceae","uncultured"
"FQ032809.3870.5383",29226,41,0.236994219653179,0.00782994657276497,"Bacteria","Bacteroidetes","Flavobacteriia","Flavobacteriales","Cryomorphaceae","uncultured"
"FQ032815.3262.4778",1739,79,0.456647398843931,0.000474781297376962,"Bacteria","Bacteroidetes","Flavobacteriia","Flavobacteriales","Cryomorphaceae","NS10"
"FQ032816.6456.7971",11729,41,0.236994219653179,0.00283089289116454,"Bacteria","Bacteroidetes","Sphingobacteriia","Sphingobacteriales","NS11-12",NA
"FQ032818.7149.8653",855,43,0.248554913294798,0.000237212457830531,"Bacteria","Bacteroidetes","Sphingobacteriia","Sphingobacteriales","uncultured","uncultured"
"FQ032819.21712.23225",1908,53,0.30635838150289,0.000445612659737097,"Bacteria","Bacteroidetes","Flavobacteriia","Flavobacteriales","Flavobacteriaceae","NS4"
"FQ032825.6410.7925",8749,120,0.69364161849711,0.00222204001209275,"Bacteria","Bacteroidetes","Flavobacteriia","Flavobacteriales","NS9",NA
"FQ032827.10327.11842",1864,155,0.895953757225434,0.000459750193142718,"Bacteria","Bacteroidetes","Flavobacteriia","Flavobacteriales","NS7",NA
"FQ032830.13921.15433",11069,125,0.722543352601156,0.00315137128475423,"Bacteria","Bacteroidetes","Cytophagia","Cytophagales","Flammeovirgaceae","Marinoscillum"
"FQ032831.23484.24997",169,29,0.167630057803468,5.0859811505848e-05,"Bacteria","Bacteroidetes","Flavobacteriia","Flavobacteriales","Flavobacteriaceae","Leeuwenhoekiella"
"FR683217.1.1443",3667,85,0.491329479768786,0.00104636149338761,"Bacteria","Proteobacteria","Alphaproteobacteria","Rickettsiales","SAR116",NA
"FR683219.1.1498",741,58,0.335260115606936,0.000206695118923093,"Bacteria","Proteobacteria","Betaproteobacteria","Methylophilales","Methylophilaceae","OM43"
"FR683232.1.1453",72,36,0.208092485549133,1.9582832140385e-05,"Bacteria","Proteobacteria","Alphaproteobacteria","SAR11",NA,NA
"FR683248.1.1497",104,23,0.132947976878613,2.27588492269323e-05,"Bacteria","Proteobacteria","Gammaproteobacteria","Oceanospirillales","Oceanospirillaceae","Marinobacterium"
"FR683324.1.1436",96,21,0.121387283236994,2.76383586431101e-05,"Bacteria","Proteobacteria","Gammaproteobacteria","Oceanospirillales","Oceanospirillaceae","Pseudohongiella"
"FR683336.1.1497",148,26,0.15028901734104,3.77624162269361e-05,"Bacteria","Proteobacteria","Gammaproteobacteria","Oceanospirillales","Oceanospirillaceae","Marinobacterium"
"FR683347.1.1507",319,37,0.213872832369942,8.24347023559964e-05,"Bacteria","Proteobacteria","Gammaproteobacteria","Oceanospirillales","Oceanospirillaceae","Balneatrix"
"FR683378.1.1485",206,32,0.184971098265896,6.16176188652508e-05,"Bacteria","Bacteroidetes","Flavobacteriia","Flavobacteriales","Flavobacteriaceae","Formosa"
"FR683412.1.1495",104,37,0.213872832369942,3.18429829611067e-05,"Bacteria","Proteobacteria","Gammaproteobacteria","Oceanospirillales","SAR86",NA
"FR683443.1.1480",66,30,0.173410404624277,1.792960404971e-05,"Bacteria","Bacteroidetes","Flavobacteriia","Flavobacteriales","Flavobacteriaceae","Formosa"
"FR683581.1.1480",189,23,0.132947976878613,5.99885559780447e-05,"Bacteria","Bacteroidetes","Flavobacteriia","Flavobacteriales","Flavobacteriaceae","Ulvibacter"
"FR683585.1.1447",222,50,0.289017341040462,6.37006331607118e-05,"Bacteria","Proteobacteria","Alphaproteobacteria","SAR11",NA,NA
"FR683596.1.1495",638,34,0.196531791907514,0.000169178115165703,"Bacteria","Proteobacteria","Gammaproteobacteria","Cellvibrionales","Halieaceae","Luminiphilus"
"FR683691.1.1438",66,46,0.265895953757225,1.73804017020324e-05,"Bacteria","Proteobacteria","Alphaproteobacteria","SAR11",NA,NA
"FR683722.1.1470",521,59,0.341040462427746,0.000140647479828574,"Bacteria","Proteobacteria","Betaproteobacteria","Methylophilales","Methylophilaceae","OM43"
"FR683729.1.1455",3331,120,0.69364161849711,0.000950537770844607,"Bacteria","Proteobacteria","Alphaproteobacteria","SAR11",NA,NA
"FR683813.1.1481",279,36,0.208092485549133,8.7933707397908e-05,"Bacteria","Actinobacteria","Acidimicrobiia","Acidimicrobiales","Acidimicrobiaceae","Ilumatobacter"
"FR683900.1.1492",4553,46,0.265895953757225,0.00118165858413704,"Bacteria","Proteobacteria","Gammaproteobacteria","Cellvibrionales","Porticoccaceae","SAR92"
"FR684034.1.1488",392,69,0.398843930635838,0.000113917396404201,"Bacteria","Proteobacteria","Alphaproteobacteria","SAR11",NA,NA
"FR684053.1.1487",1187,81,0.468208092485549,0.00036438211949382,"Bacteria","Proteobacteria","Gammaproteobacteria","Gammaproteobacteria",NA,NA
"FR684107.1.1445",108,56,0.323699421965318,3.1984278304786e-05,"Bacteria","Proteobacteria","Alphaproteobacteria","SAR11",NA,NA
"FR684349.1.1497",203,26,0.15028901734104,5.11504668408714e-05,"Bacteria","Proteobacteria","Gammaproteobacteria","Oceanospirillales","Oceanospirillaceae","Marinobacterium"
"FR684358.1.1487",872,75,0.433526011560694,0.000271244614612204,"Bacteria","Proteobacteria","Gammaproteobacteria","Gammaproteobacteria",NA,NA
"FR684471.1.1499",88,28,0.161849710982659,2.52278020666015e-05,"Bacteria","Proteobacteria","Betaproteobacteria","Methylophilales","Methylophilaceae","OM43"
"FR684492.1.1431",1631,84,0.485549132947977,0.0004764499258737,"Bacteria","Proteobacteria","Alphaproteobacteria","SAR11",NA,NA
"FR684516.1.1440",129,73,0.421965317919075,3.82060521136811e-05,"Bacteria","Proteobacteria","Alphaproteobacteria","SAR11",NA,NA
"FR684579.1.1445",82,42,0.242774566473988,2.47966203762484e-05,"Bacteria","Proteobacteria","Alphaproteobacteria","SAR11",NA,NA
"FR684614.1.1497",404,33,0.190751445086705,0.00010010772952419,"Bacteria","Proteobacteria","Gammaproteobacteria","Oceanospirillales","SAR86",NA
"FR684657.1.1448",685,75,0.433526011560694,0.000188966273817826,"Bacteria","Proteobacteria","Alphaproteobacteria","Rhodobacterales","Rhodobacteraceae","uncultured"
"FR684661.1.1487",336,20,0.115606936416185,8.92232655846222e-05,"Bacteria","Proteobacteria","Gammaproteobacteria","Cellvibrionales","Porticoccaceae","SAR92"
"FR684677.1.1437",782,79,0.456647398843931,0.0002237188181665,"Bacteria","Proteobacteria","Alphaproteobacteria","SAR11",NA,NA
"FR684684.1.1492",1531,40,0.23121387283237,0.000385859738196227,"Bacteria","Proteobacteria","Gammaproteobacteria","Cellvibrionales","Porticoccaceae","SAR92"
"FR684789.1.1494",862,74,0.427745664739884,0.000233203186843884,"Bacteria","Proteobacteria","Gammaproteobacteria","Cellvibrionales","Porticoccaceae","SAR92"
"FR684966.1.1497",428,46,0.265895953757225,0.000133315172572823,"Bacteria","Proteobacteria","Betaproteobacteria","Methylophilales","Methylophilaceae","OM43"
"FR685064.1.1469",67,21,0.121387283236994,1.82525715854572e-05,"Bacteria","Proteobacteria","Gammaproteobacteria","Oceanospirillales","SAR86",NA
"FR685081.1.1445",245,90,0.520231213872832,6.66766480960662e-05,"Bacteria","Proteobacteria","Alphaproteobacteria","SAR11",NA,NA
"FR685096.1.1495",1270,30,0.173410404624277,0.000364993005314644,"Bacteria","Proteobacteria","Gammaproteobacteria","Cellvibrionales","Porticoccaceae","Porticoccus"
"FR685135.1.1501",63,36,0.208092485549133,1.7606354173479e-05,"Bacteria","Proteobacteria","Gammaproteobacteria","Cellvibrionales","Porticoccaceae","SAR92"
"FR685388.1.1488",108,26,0.15028901734104,3.08844246677625e-05,"Bacteria","Proteobacteria","Gammaproteobacteria","Oceanospirillales","SAR86",NA
"FR685392.1.1449",3382,78,0.450867052023121,0.000848829095592041,"Bacteria","Proteobacteria","Alphaproteobacteria","SAR11",NA,NA
"FR685476.1.1436",60,45,0.260115606936416,1.70108840811958e-05,"Bacteria","Proteobacteria","Alphaproteobacteria","SAR11",NA,NA
"FR685503.1.1435",71,56,0.323699421965318,1.90082818674734e-05,"Bacteria","Proteobacteria","Alphaproteobacteria","SAR11",NA,NA
"FR685529.1.1448",80,61,0.352601156069364,2.32144960470089e-05,"Bacteria","Proteobacteria","Alphaproteobacteria","SAR11",NA,NA
"FR685613.1.1438",74,43,0.248554913294798,2.15989737874246e-05,"Bacteria","Proteobacteria","Alphaproteobacteria","SAR11",NA,NA
"FR685887.1.1491",675,35,0.202312138728324,0.000223748637654294,"Bacteria","Bacteroidetes","Flavobacteriia","Flavobacteriales","Flavobacteriaceae","NS5"
"FR686124.1.1499",2302,111,0.641618497109827,0.000529583734688191,"Bacteria","Proteobacteria","Gammaproteobacteria","Oceanospirillales","SAR86",NA
"FR686228.1.1491",1393,88,0.508670520231214,0.000422575359393623,"Bacteria","Proteobacteria","Betaproteobacteria","Methylophilales","Methylophilaceae","OM43"
"FR686338.1.1480",335,31,0.179190751445087,8.78384915181747e-05,"Bacteria","Bacteroidetes","Flavobacteriia","Flavobacteriales","Flavobacteriaceae","Flavobacterium"
"FR872582.370012.371557",69,35,0.202312138728324,1.57593256567867e-05,"Bacteria","Chlamydiae","Chlamydiae","Chlamydiales","Simkaniaceae","Simkania"
"FR874295.1.1778",1425,57,0.329479768786127,0.000400686608993687,"Eukaryota","Archaeplastida","Chloroplastida","Chlorophyta","Mamiellophyceae","Mamiellales"
"FR874313.1.1787",614,18,0.104046242774566,0.000172249255373182,"Eukaryota","SAR","Stramenopiles","Ochrophyta","Chrysophyceae","E222"
"FR874449.1.1809",816,40,0.23121387283237,0.000220716330507631,"Eukaryota","SAR","Rhizaria","Cercozoa","Chlorarachniophyta","NOR26"
"FR874489.1.1787",54,18,0.104046242774566,1.50383605267779e-05,"Eukaryota","SAR","Stramenopiles","Ochrophyta","Chrysophyceae","E222"
"FR874497.1.1778",92,32,0.184971098265896,2.36429777525644e-05,"Eukaryota","SAR","Stramenopiles","Ochrophyta","Chrysophyceae","E222"
"FR874528.1.1775",114,31,0.179190751445087,2.98740347162338e-05,"Eukaryota","SAR","Stramenopiles","Ochrophyta","Chrysophyceae","E222"
"FR874701.1.1786",153,38,0.219653179190751,4.01131313762571e-05,"Eukaryota","SAR","Stramenopiles","Ochrophyta","Chrysophyceae","E222"
"FR874766.1.1794",212,24,0.138728323699422,5.6879495769351e-05,"Eukaryota","SAR","Alveolata","Protalveolata","Syndiniales","Syndiniales"
"FR874767.1.1785",84,29,0.167630057803468,2.58831566665152e-05,"Eukaryota","SAR","Stramenopiles","Ochrophyta","Chrysophyceae","E222"
"GAMG01019100.45.1508",1450,108,0.624277456647399,0.000379838093280782,"Bacteria","Cyanobacteria","Chloroplast","Prymnesium",NA,NA
"GBXU01016321.16.1495",1697,42,0.242774566473988,0.000493894693202238,"Eukaryota","Opisthokonta","Holozoa","Metazoa",NA,NA
"GCVF01000023.1.1812",274,41,0.236994219653179,6.16865539937808e-05,"Eukaryota","Amoebozoa","Discosea","Flabellinia","Vannellida","Platyamoeba"
"GCVF01003767.177.1680",167,26,0.15028901734104,3.48149747566827e-05,"Bacteria","Bacteroidetes","Sphingobacteriia","Sphingobacteriales","NS11-12",NA
"GQ009460.1.1319",104,32,0.184971098265896,2.60198343441297e-05,"Bacteria","Proteobacteria","Alphaproteobacteria","Rhodospirillales","Rhodospirillaceae","uncultured"
"GQ246374.1.1522",99,30,0.173410404624277,2.25402952613199e-05,"Bacteria","Planctomycetes","OM190","uncultured",NA,NA
"GQ246416.1.1499",58,19,0.109826589595376,1.10613575409113e-05,"Bacteria","Planctomycetes","Planctomycetacia","Planctomycetales","Planctomycetaceae","uncultured"
"GQ250623.1.1490",174,26,0.15028901734104,5.04023384773644e-05,"Bacteria","Planctomycetes","Planctomycetacia","Planctomycetales","Planctomycetaceae","Pirellula"
"GQ259213.1.1416",3734,73,0.421965317919075,0.00103498998066551,"Bacteria","Proteobacteria","Alphaproteobacteria","SAR11",NA,NA
"GQ259223.1.1452",101,31,0.179190751445087,2.71239577546573e-05,"Bacteria","Bacteroidetes","Flavobacteriia","Flavobacteriales","Cryomorphaceae","uncultured"
"GQ259226.1.1483",3284,60,0.346820809248555,0.0012882671646523,"Bacteria","Marinimicrobia",NA,NA,NA,NA
"GQ259251.1.1447",473,34,0.196531791907514,0.000120970458280921,"Bacteria","Bacteroidetes","Flavobacteriia","Flavobacteriales","Cryomorphaceae","uncultured"
"GQ274099.1.1475",252,32,0.184971098265896,9.82490370648696e-05,"Bacteria","Proteobacteria","Alphaproteobacteria","Rhizobiales","Rhodobiaceae","Rhodobium"
"GQ274223.1.1392",51,25,0.144508670520231,1.08261531550673e-05,"Bacteria","Proteobacteria","Alphaproteobacteria","Alphaproteobacteria",NA,NA
"GQ274237.1.1462",80,32,0.184971098265896,2.03240894769565e-05,"Bacteria","Proteobacteria","Alphaproteobacteria","Rhodobacterales","Rhodobacteraceae","Roseovarius"
"GQ337094.1.1520",5717,129,0.745664739884393,0.00133066641000414,"Bacteria","Marinimicrobia",NA,NA,NA,NA
"GQ337095.1.1485",353,42,0.242774566473988,7.30612149963872e-05,"Bacteria","Proteobacteria","Deltaproteobacteria","SAR324",NA,NA
"GQ337096.1.1497",198,39,0.225433526011561,4.47162325431586e-05,"Bacteria","Proteobacteria","Deltaproteobacteria","Bdellovibrionales","Bdellovibrionaceae","OM27"
"GQ337099.1.1474",133,39,0.225433526011561,2.87357383598275e-05,"Bacteria","Proteobacteria","Alphaproteobacteria","Rhodospirillales","Rhodospirillaceae","uncultured"
"GQ337103.1.1481",163,19,0.109826589595376,3.26739624662554e-05,"Bacteria","Chloroflexi","SAR202",NA,NA,NA
"GQ337105.1.1472",251,23,0.132947976878613,5.17731468673876e-05,"Bacteria","Chloroflexi","SAR202",NA,NA,NA
"GQ337107.1.1475",2289,45,0.260115606936416,0.000466558224376608,"Bacteria","Chloroflexi","Anaerolineae","Anaerolineales","Anaerolineaceae","uncultured"
"GQ337118.1.1471",723,108,0.624277456647399,0.000155801656599592,"Bacteria","Proteobacteria","Alphaproteobacteria","SAR11",NA,NA
"GQ337119.1.1479",247,24,0.138728323699422,5.10857657526572e-05,"Bacteria","Chloroflexi","SAR202",NA,NA,NA
"GQ337123.1.1475",566,43,0.248554913294798,0.000118649490828415,"Bacteria","Chloroflexi","SAR202",NA,NA,NA
"GQ337154.1.1460",295,33,0.190751445086705,6.72651963741776e-05,"Bacteria","Proteobacteria","Alphaproteobacteria","Sneathiellales","Sneathiellaceae","uncultured"
"GQ337156.1.1450",762,68,0.393063583815029,0.000169932490277617,"Bacteria","Proteobacteria","Alphaproteobacteria","SAR11",NA,NA
"GQ337158.1.1453",462,91,0.526011560693642,0.000101101030928975,"Bacteria","Proteobacteria","Alphaproteobacteria","Rhodospirillales","Rhodospirillaceae","uncultured"
"GQ337162.1.1465",1763,59,0.341040462427746,0.000321876509534971,"Bacteria","Chloroflexi","SAR202",NA,NA,NA
"GQ337163.1.1448",7878,151,0.872832369942196,0.00171336083259456,"Bacteria","Proteobacteria","Alphaproteobacteria","SAR11",NA,NA
"GQ337165.1.1513",924,32,0.184971098265896,0.000230197137725253,"Bacteria","Marinimicrobia",NA,NA,NA,NA
"GQ337166.1.1435",471,83,0.479768786127168,0.00010200496250075,"Bacteria","Proteobacteria","Alphaproteobacteria","SAR11",NA,NA
"GQ337167.1.1526",712,73,0.421965317919075,0.00016102691595361,"Bacteria","Marinimicrobia",NA,NA,NA,NA
"GQ337168.1.1436",742,104,0.601156069364162,0.000169804053445909,"Bacteria","Proteobacteria","Alphaproteobacteria","SAR11",NA,NA
"GQ337171.1.1500",1279,22,0.127167630057803,0.00035792281893236,"Bacteria","Proteobacteria","Gammaproteobacteria","Oceanospirillales","Oceanospirillaceae","Pseudohongiella"
"GQ337172.1.1468",241,59,0.341040462427746,5.34241712632902e-05,"Bacteria","Cyanobacteria","ML635J-21","uncultured",NA,NA
"GQ337174.1.1450",587,37,0.213872832369942,0.00012960269727481,"Bacteria","Chloroflexi","SAR202",NA,NA,NA
"GQ337176.1.1436",2713,136,0.786127167630058,0.000580388259856132,"Bacteria","Proteobacteria","Alphaproteobacteria","SAR11",NA,NA
"GQ337178.1.1462",60,23,0.132947976878613,1.36453182802374e-05,"Bacteria","Proteobacteria","Alphaproteobacteria","Rhodospirillales","Rhodospirillaceae","uncultured"
"GQ337185.1.1459",57,18,0.104046242774566,1.32548102186022e-05,"Bacteria","Chloroflexi","SAR202",NA,NA,NA
"GQ337186.1.1466",111,23,0.132947976878613,2.38802461198686e-05,"Bacteria","Chloroflexi","SAR202",NA,NA,NA
"GQ337187.1.1474",132,24,0.138728323699422,2.73474338645252e-05,"Bacteria","Chloroflexi","SAR202",NA,NA,NA
"GQ337194.1.1446",501,63,0.364161849710983,0.000102721097600725,"Bacteria","Proteobacteria","Alphaproteobacteria","SAR11",NA,NA
"GQ337198.1.1474",553,34,0.196531791907514,0.000115363954835433,"Bacteria","Chloroflexi","SAR202",NA,NA,NA
"GQ337204.1.1522",144,27,0.15606936416185,3.14946077989758e-05,"Bacteria","Marinimicrobia",NA,NA,NA,NA
"GQ337206.1.1468",192,25,0.144508670520231,3.99404085699022e-05,"Bacteria","Chloroflexi","SAR202",NA,NA,NA
"GQ337207.1.1463",249,31,0.179190751445087,5.32106154877823e-05,"Bacteria","Chloroflexi","SAR202",NA,NA,NA
"GQ337209.1.1448",721,78,0.450867052023121,0.000157714392343363,"Bacteria","Proteobacteria","Alphaproteobacteria","SAR11",NA,NA
"GQ337218.1.1501",340,32,0.184971098265896,7.5514990379432e-05,"Bacteria","Marinimicrobia",NA,NA,NA,NA
"GQ337220.1.1506",466,32,0.184971098265896,9.59996511071968e-05,"Bacteria","Proteobacteria","Gammaproteobacteria","E01-9C-26",NA,NA
"GQ337221.1.1465",2500,100,0.578034682080925,0.000507007569077238,"Bacteria","Chloroflexi","SAR202",NA,NA,NA
"GQ337222.1.1523",108,38,0.219653179190751,2.42346326374538e-05,"Bacteria","Marinimicrobia",NA,NA,NA,NA
"GQ337223.1.1520",951,53,0.30635838150289,0.000290106725757754,"Bacteria","Proteobacteria","Gammaproteobacteria","Oceanospirillales","OM182",NA
"GQ337224.1.1436",962,81,0.468208092485549,0.00020855061478919,"Bacteria","Proteobacteria","Alphaproteobacteria","SAR11",NA,NA
"GQ337232.1.1456",122,36,0.208092485549133,2.98137834813456e-05,"Bacteria","Proteobacteria","Alphaproteobacteria","Rhodospirillales","Rhodospirillaceae","uncultured"
"GQ337234.1.1475",1132,30,0.173410404624277,0.000238038835951644,"Bacteria","Chloroflexi","SAR202",NA,NA,NA
"GQ337239.1.1435",1031,136,0.786127167630058,0.000262291499507122,"Bacteria","Proteobacteria","Alphaproteobacteria","SAR11",NA,NA
"GQ337245.1.1436",1589,91,0.526011560693642,0.000441588549129253,"Bacteria","Proteobacteria","Alphaproteobacteria","SAR11",NA,NA
"GQ337252.1.1477",82,29,0.167630057803468,1.79509208987065e-05,"Bacteria","Chloroflexi","SAR202",NA,NA,NA
"GQ337267.1.1475",1038,30,0.173410404624277,0.00022207340979618,"Bacteria","Chloroflexi","SAR202",NA,NA,NA
"GQ337284.1.1474",356,39,0.225433526011561,0.000105404250832239,"Bacteria","Proteobacteria","Alphaproteobacteria","Rhodospirillales","Rhodospirillaceae","Magnetospira"
"GQ337300.1.1452",265,33,0.190751445086705,8.3155724417743e-05,"Bacteria","Proteobacteria","Alphaproteobacteria","Rhodobacterales","Rhodobacteraceae","uncultured"
"GQ337305.1.1493",1356,122,0.705202312138728,0.000376860594544608,"Bacteria","Proteobacteria","Gammaproteobacteria","Oceanospirillales","JL-ETNP-Y6","uncultured"
"GQ337307.1.1517",343,39,0.225433526011561,8.91995362929105e-05,"Bacteria","Proteobacteria","Gammaproteobacteria","Oceanospirillales","ZD0405","uncultured"
"GQ337311.1.1437",413,122,0.705202312138728,0.000103132324462763,"Bacteria","Proteobacteria","Alphaproteobacteria","SAR11",NA,NA
"GQ337312.1.1435",676,95,0.549132947976879,0.000158644364385911,"Bacteria","Proteobacteria","Alphaproteobacteria","SAR11",NA,NA
"GQ337321.1.1520",1054,87,0.502890173410405,0.000222134670510967,"Bacteria","Marinimicrobia",NA,NA,NA,NA
"GQ346736.1.1344",86,21,0.121387283236994,2.57353652250384e-05,"Bacteria","Actinobacteria","Acidimicrobiia","Acidimicrobiales","Sva0996",NA
"GQ346748.1.1362",1493,44,0.254335260115607,0.000490377738837253,"Bacteria","Bacteroidetes","Flavobacteriia","Flavobacteriales","NS9",NA
"GQ346773.1.1318",371,67,0.38728323699422,0.000108790591066641,"Bacteria","Cyanobacteria","Chloroplast","uncultured",NA,NA
"GQ346777.1.1323",96,32,0.184971098265896,2.38215012308897e-05,"Bacteria","Proteobacteria","Alphaproteobacteria","SAR11",NA,NA
"GQ346790.1.1321",2789,140,0.809248554913295,0.000755025883726625,"Bacteria","Proteobacteria","Alphaproteobacteria","SAR11",NA,NA
"GQ346793.1.1351",279,38,0.219653179190751,6.74024657498266e-05,"Bacteria","Proteobacteria","Alphaproteobacteria","Rhodospirillales","Rhodospirillaceae","uncultured"
"GQ346795.1.1321",1463,107,0.61849710982659,0.000340058583398604,"Bacteria","Proteobacteria","Alphaproteobacteria","Rhodobacterales","Rhodobacteraceae","uncultured"
"GQ346798.1.1341",201,45,0.260115606936416,4.51191527558527e-05,"Bacteria","Actinobacteria","Acidimicrobiia","Acidimicrobiales","OM1",NA
"GQ346802.1.1327",375,44,0.254335260115607,0.000108740527086801,"Bacteria","Chloroflexi","JG30-KF-CM66","uncultured",NA,NA
"GQ346805.1.1398",434,48,0.277456647398844,0.000121967496173878,"Bacteria","Marinimicrobia",NA,NA,NA,NA
"GQ346808.1.1340",63,23,0.132947976878613,1.74266546018539e-05,"Bacteria","Proteobacteria","Alphaproteobacteria","Rickettsiales","SHWN-night2","uncultured"
"GQ346811.1.1328",1273,133,0.76878612716763,0.00035941343515302,"Bacteria","Proteobacteria","Alphaproteobacteria","SAR11",NA,NA
"GQ346815.1.1325",700,109,0.630057803468208,0.000177745226067236,"Bacteria","Proteobacteria","Alphaproteobacteria","SAR11",NA,NA
"GQ346840.1.1330",80,19,0.109826589595376,1.74548037032324e-05,"Bacteria","Chloroflexi","JG30-KF-CM66","uncultured",NA,NA
"GQ346844.1.1377",241,33,0.190751445086705,4.81595418885617e-05,"Bacteria","Proteobacteria","Gammaproteobacteria","Salinisphaerales","Salinisphaeraceae","ZD0417"
"GQ346871.1.1360",98,38,0.219653179190751,1.98583923135195e-05,"Bacteria","Nitrospinae","Nitrospinia","Nitrospinales","Nitrospinaceae","Nitrospina"
"GQ346885.1.1390",165,38,0.219653179190751,4.10973671574614e-05,"Bacteria","Marinimicrobia",NA,NA,NA,NA
"GQ346891.1.1321",530,96,0.554913294797688,0.00011906007625957,"Bacteria","Proteobacteria","Alphaproteobacteria","SAR11",NA,NA
"GQ346902.1.1366",1375,45,0.260115606936416,0.000389817528859009,"Bacteria","Actinobacteria","Acidimicrobiia","Acidimicrobiales","OM1",NA
"GQ346911.1.1369",614,80,0.46242774566474,0.000168525718742396,"Bacteria","Proteobacteria","Gammaproteobacteria","Oceanospirillales","SAR86",NA
"GQ346915.1.1404",263,27,0.15606936416185,7.48724627721536e-05,"Bacteria","Marinimicrobia",NA,NA,NA,NA
"GQ346922.1.1389",111,48,0.277456647398844,2.51148902307828e-05,"Bacteria","Proteobacteria","Deltaproteobacteria","Myxococcales","P3OB-42","uncultured"
"GQ346943.1.1362",151,33,0.190751445086705,4.13688430612683e-05,"Bacteria","Nitrospinae","Nitrospinia","Nitrospinales","Nitrospinaceae","uncultured"
"GQ347024.1.1378",329,22,0.127167630057803,7.06303086982698e-05,"Bacteria","Proteobacteria","Gammaproteobacteria","Oceanospirillales","SUP05",NA
"GQ347055.1.1275",363,81,0.468208092485549,7.97615217027838e-05,"Bacteria","Proteobacteria","Alphaproteobacteria","Rhodospirillales","Rhodospirillaceae","uncultured"
"GQ347160.1.1350",94,24,0.138728323699422,2.53416051206853e-05,"Bacteria","Proteobacteria","Alphaproteobacteria","Rhodospirillales","Rhodospirillaceae","Magnetospira"
"GQ347194.1.1369",1235,56,0.323699421965318,0.000366827721113307,"Bacteria","Bacteroidetes","Bacteroidetes",NA,NA,NA
"GQ347250.1.1328",143,35,0.202312138728324,3.13930868131345e-05,"Bacteria","Chloroflexi","SAR202",NA,NA,NA
"GQ347269.1.1248",88,32,0.184971098265896,2.40595062113199e-05,"Bacteria","Proteobacteria","Deltaproteobacteria","Bradymonadales","uncultured",NA
"GQ347300.1.1334",82,29,0.167630057803468,2.33533713360448e-05,"Bacteria","Proteobacteria","Alphaproteobacteria","Rhodospirillales","Rhodospirillaceae","uncultured"
"GQ347359.1.1383",146,42,0.242774566473988,4.85392033864282e-05,"Bacteria","Proteobacteria","Betaproteobacteria","Methylophilales","Methylophilaceae","OM43"
"GQ347460.1.1384",106,28,0.161849710982659,2.19854914927721e-05,"Bacteria","Marinimicrobia",NA,NA,NA,NA
"GQ347593.1.1333",77,28,0.161849710982659,1.73238565523804e-05,"Bacteria","Proteobacteria","Alphaproteobacteria","Rhodospirillales","Rhodospirillaceae","uncultured"
"GQ347673.1.1390",72,23,0.132947976878613,1.4777442041138e-05,"Bacteria","PAUC34f","uncultured",NA,NA,NA
"GQ347704.1.1365",635,20,0.115606936416185,0.000223960422786579,"Bacteria","Bacteroidetes","Sphingobacteriia","Sphingobacteriales","uncultured","uncultured"
"GQ347737.1.1378",285,24,0.138728323699422,6.44749985918922e-05,"Bacteria","Bacteroidetes","Flavobacteriia","Flavobacteriales","Flavobacteriaceae","NS3a"
"GQ347793.1.1380",158,44,0.254335260115607,4.17547173983173e-05,"Bacteria","Proteobacteria","Gammaproteobacteria","Thiotrichales","Francisellaceae","Francisella"
"GQ347824.1.1349",321,44,0.254335260115607,7.38456939616078e-05,"Bacteria","Proteobacteria","Alphaproteobacteria","Rickettsiales","SAR116",NA
"GQ347917.1.1356",51,18,0.104046242774566,1.74697241654698e-05,"Bacteria","Actinobacteria","Acidimicrobiia","Acidimicrobiales","Sva0996",NA
"GQ347993.1.1379",694,76,0.439306358381503,0.000199319556565167,"Bacteria","Bacteroidetes","Flavobacteriia","Flavobacteriales","Flavobacteriaceae","NS4"
"GQ347996.1.1307",156,35,0.202312138728324,3.8240083776843e-05,"Bacteria","Proteobacteria","Alphaproteobacteria","Rhodobacterales","Rhodobacteraceae","uncultured"
"GQ348002.1.1402",79,23,0.132947976878613,2.31713763941241e-05,"Bacteria","Planctomycetes","OM190","uncultured",NA,NA
"GQ348022.1.1357",205,32,0.184971098265896,4.88186967907223e-05,"Bacteria","SBR1093","uncultured",NA,NA,NA
"GQ348030.1.1362",591,53,0.30635838150289,0.000185441790269635,"Bacteria","Nitrospinae","Nitrospinia","Nitrospinales","Nitrospinaceae","Nitrospina"
"GQ348037.1.1385",496,45,0.260115606936416,0.000121929279711723,"Bacteria","Proteobacteria","Gammaproteobacteria","Oceanospirillales","J8P41000-1F04","uncultured"
"GQ348084.1.1384",706,32,0.184971098265896,0.000189689498835953,"Bacteria","Proteobacteria","Gammaproteobacteria","Oceanospirillales","JL-ETNP-Y6","uncultured"
"GQ348085.1.1376",251,40,0.23121387283237,6.51943915939012e-05,"Bacteria","Bacteroidetes","Flavobacteriia","Flavobacteriales","Flavobacteriaceae","Flavicella"
"GQ348094.1.1391",53,20,0.115606936416185,1.27796650296275e-05,"Bacteria","Proteobacteria","Deltaproteobacteria","NB1-j","uncultured",NA
"GQ348131.1.1395",1629,115,0.664739884393064,0.000471927391379711,"Bacteria","Marinimicrobia",NA,NA,NA,NA
"GQ348137.1.1341",94,29,0.167630057803468,1.98315651051447e-05,"Bacteria","Proteobacteria","Alphaproteobacteria","Rhodospirillales","Rhodospirillaceae","uncultured"
"GQ348141.1.1375",520,25,0.144508670520231,0.000172653742307864,"Bacteria","Bacteroidetes","Flavobacteriia","Flavobacteriales","Flavobacteriaceae","NS5"
"GQ348162.1.1377",126,21,0.121387283236994,3.46098535444401e-05,"Bacteria","Proteobacteria","Gammaproteobacteria","Oceanospirillales","SUP05",NA
"GQ348168.1.1389",1864,30,0.173410404624277,0.000353471874307294,"Bacteria","Marinimicrobia",NA,NA,NA,NA
"GQ348180.1.1413",60,20,0.115606936416185,1.24517979244004e-05,"Bacteria","PAUC34f","uncultured",NA,NA,NA
"GQ348186.1.1379",1017,46,0.265895953757225,0.000314880855393951,"Bacteria","Proteobacteria","Gammaproteobacteria","Oceanospirillales","OM182",NA
"GQ348220.1.1356",167,34,0.196531791907514,4.89940802889111e-05,"Bacteria","Nitrospinae","Nitrospinia","Nitrospinales","Nitrospinaceae","uncultured"
"GQ348231.1.1367",69,43,0.248554913294798,1.61957013276504e-05,"Bacteria","Cyanobacteria","ML635J-21","uncultured",NA,NA
"GQ348305.1.1333",86,24,0.138728323699422,1.9870510208891e-05,"Bacteria","Chloroflexi","SAR202",NA,NA,NA
"GQ348312.1.1380",149,30,0.173410404624277,5.31965339273603e-05,"Bacteria","Proteobacteria","Gammaproteobacteria","Oceanospirillales","JL-ETNP-Y6","uncultured"
"GQ348443.1.1391",62,32,0.184971098265896,1.34855953516203e-05,"Bacteria","PAUC34f","uncultured",NA,NA,NA
"GQ348473.1.1392",121,19,0.109826589595376,2.88506290919811e-05,"Bacteria","Nitrospinae","MD2898-B26","uncultured",NA,NA
"GQ348489.1.1398",59,19,0.109826589595376,1.42684887968899e-05,"Bacteria","Proteobacteria","Deltaproteobacteria","Desulfobacterales","Desulfobacteraceae","Candidatus"
"GQ348674.1.1399",388,103,0.595375722543353,9.70892095793271e-05,"Bacteria","Verrucomicrobia","Opitutae","MB11C04",NA,NA
"GQ348711.1.1356",59,21,0.121387283236994,1.66147283942151e-05,"Bacteria","Proteobacteria","Alphaproteobacteria","Rhodospirillales","Rhodospirillaceae","uncultured"
"GQ348771.1.1345",154,40,0.23121387283237,4.23859313361797e-05,"Bacteria","Proteobacteria","Deltaproteobacteria","Bdellovibrionales","Bdellovibrionaceae","OM27"
"GQ348817.1.1417",182,25,0.144508670520231,5.42291449760443e-05,"Bacteria","Verrucomicrobia","Opitutae","A714019","uncultured",NA
"GQ349022.1.1338",71,28,0.161849710982659,1.52384599731434e-05,"Bacteria","Proteobacteria","Alphaproteobacteria","Rhodospirillales","Rhodospirillaceae","uncultured"
"GQ349054.1.1396",70,27,0.15606936416185,1.47605114471911e-05,"Bacteria","Planctomycetes","Pla4",NA,NA,NA
"GQ349070.1.1335",105,55,0.317919075144509,2.70096422470021e-05,"Bacteria","Proteobacteria","Gammaproteobacteria","Thiotrichales","Thiotrichaceae","Thiothrix"
"GQ349172.1.1345",110,34,0.196531791907514,2.6616913844873e-05,"Bacteria","Proteobacteria","Alphaproteobacteria","Rhodospirillales","Rhodospirillaceae","uncultured"
"GQ349281.1.1395",256,58,0.335260115606936,5.6294947752141e-05,"Bacteria","Proteobacteria","Deltaproteobacteria","Bdellovibrionales","Bacteriovoracaceae","uncultured"
"GQ349430.1.1335",271,61,0.352601156069364,7.40646268071085e-05,"Bacteria","Proteobacteria","Alphaproteobacteria","Rhodospirillales","Rhodospirillaceae","uncultured"
"GQ349431.1.1368",277,34,0.196531791907514,8.33015624373629e-05,"Bacteria","Proteobacteria","Gammaproteobacteria","Cellvibrionales","Porticoccaceae","SAR92"
"GQ349454.1.1376",753,112,0.647398843930636,0.000185750654967984,"Bacteria","Bacteroidetes","Flavobacteriia","Flavobacteriales","NS7",NA
"GQ349579.1.1379",239,31,0.179190751445087,6.75812934040454e-05,"Bacteria","Bacteroidetes","Flavobacteriia","Flavobacteriales","Flavobacteriaceae","Ulvibacter"
"GQ349588.1.1364",864,84,0.485549132947977,0.000230674161035773,"Bacteria","Bacteroidetes","Flavobacteriia","Flavobacteriales","Cryomorphaceae","uncultured"
"GQ349627.1.1369",1305,46,0.265895953757225,0.000343680340054944,"Bacteria","Bacteroidetes","Flavobacteriia","Flavobacteriales","NS9",NA
"GQ349667.1.1365",2636,128,0.739884393063584,0.00071262763907419,"Bacteria","Bacteroidetes","Flavobacteriia","Flavobacteriales","NS7",NA
"GQ349687.1.1365",179,29,0.167630057803468,4.54759458952518e-05,"Bacteria","Bacteroidetes","Flavobacteriia","Flavobacteriales","Flavobacteriaceae","Polaribacter"
"GQ349827.1.1370",67,19,0.109826589595376,2.29577423704409e-05,"Bacteria","Bacteroidetes","Flavobacteriia","Flavobacteriales","Flavobacteriaceae","uncultured"
"GQ349865.1.1377",113,47,0.271676300578035,3.01153858114952e-05,"Bacteria","Bacteroidetes","Flavobacteriia","Flavobacteriales","NS9",NA
"GQ350044.1.1376",66,39,0.225433526011561,1.82960586295118e-05,"Bacteria","Proteobacteria","Gammaproteobacteria","Oceanospirillales","SAR86",NA
"GQ350127.1.1378",101,55,0.317919075144509,2.34619019243894e-05,"Bacteria","Proteobacteria","Gammaproteobacteria","Legionellales","Coxiellaceae","Coxiella"
"GQ350156.1.1326",211,51,0.294797687861272,4.69072128548903e-05,"Bacteria","Proteobacteria","Deltaproteobacteria","Bdellovibrionales","Bdellovibrionaceae","OM27"
"GQ350277.1.1370",326,86,0.497109826589595,7.77539733943582e-05,"Bacteria","Cyanobacteria","ML635J-21","uncultured",NA,NA
"GQ350354.1.1375",510,107,0.61849710982659,0.000120421183802671,"Bacteria","Proteobacteria","Gammaproteobacteria","Legionellales","Coxiellaceae","Coxiella"
"GQ350363.1.1418",1260,115,0.664739884393064,0.000370427056042985,"Bacteria","Marinimicrobia",NA,NA,NA,NA
"GQ350613.1.1366",154,26,0.15028901734104,4.62918926345763e-05,"Bacteria","Bacteroidetes","Sphingobacteriia","Sphingobacteriales","Saprospiraceae","Aureispira"
"GQ350623.1.1372",675,105,0.606936416184971,0.000158448981805371,"Bacteria","Proteobacteria","Gammaproteobacteria","Thiotrichales","Thiotrichales",NA
"GQ350671.1.1367",80,31,0.179190751445087,1.92104350043031e-05,"Bacteria","Bacteroidetes","Flavobacteriia","Flavobacteriales","NS9",NA
"GQ350833.1.1339",434,21,0.121387283236994,8.57134956763756e-05,"Bacteria","Proteobacteria","Alphaproteobacteria","Rhodospirillales","Rhodospirillaceae","uncultured"
"GQ351134.1.1528",70,25,0.144508670520231,1.41062697281221e-05,"Bacteria","Marinimicrobia",NA,NA,NA,NA
"GQ351138.1.1461",132,55,0.317919075144509,2.87331610745198e-05,"Bacteria","Marinimicrobia",NA,NA,NA,NA
"GQ351140.1.1516",1923,90,0.520231213872832,0.000410055659832396,"Bacteria","Marinimicrobia",NA,NA,NA,NA
"GQ351143.1.1479",77,36,0.208092485549133,1.96150673746066e-05,"Bacteria","Bacteroidetes","Flavobacteriia","Flavobacteriales","NS9",NA
"GQ351147.1.1502",897,22,0.127167630057803,0.000191827623108892,"Bacteria","Proteobacteria","Gammaproteobacteria","Salinisphaerales","Salinisphaeraceae","ZD0417"
"GQ351162.1.1515",820,32,0.184971098265896,0.000158853505438476,"Bacteria","Proteobacteria","Gammaproteobacteria","Salinisphaerales","Salinisphaeraceae","ZD0417"
"GQ351173.1.1509",81,33,0.190751445086705,1.8115118922658e-05,"Bacteria","Proteobacteria","Deltaproteobacteria","SAR324",NA,NA
"GQ351178.1.1504",153,27,0.15606936416185,3.04042644232417e-05,"Bacteria","Proteobacteria","Gammaproteobacteria","Oceanospirillales","J8P41000-1F04","uncultured"
"GQ351224.1.1528",117,25,0.144508670520231,2.48945358000776e-05,"Bacteria","Planctomycetes","Pla4",NA,NA,NA
"GQ351238.1.1516",385,36,0.208092485549133,7.46245213697482e-05,"Bacteria","Marinimicrobia",NA,NA,NA,NA
"GQ351248.1.1469",687,28,0.161849710982659,0.000137035305143576,"Bacteria","Planctomycetes","OM190","uncultured",NA,NA
"GQ351249.1.1497",1264,106,0.61271676300578,0.000298489327781163,"Bacteria","Proteobacteria","Deltaproteobacteria","Myxococcales","Blfdi19","uncultured"
"GQ365715.1.1451",815,33,0.190751445086705,0.000158726541976216,"Bacteria","Proteobacteria","Alphaproteobacteria","Rhizobiales","Phyllobacteriaceae","Hoeflea"
"GQ365853.1.1543",211,59,0.341040462427746,5.21035834535701e-05,"Eukaryota","Incertae",NA,NA,NA,NA
"GQ365856.1.1553",120,54,0.312138728323699,2.85237554889885e-05,"Eukaryota","Incertae",NA,NA,NA,NA
"GQ375260.1.1487",149,34,0.196531791907514,3.74538128985721e-05,"Bacteria","Cyanobacteria","ML635J-21","uncultured",NA,NA
"GQ375267.1.1488",105,19,0.109826589595376,2.65267423719968e-05,"Bacteria","Marinimicrobia",NA,NA,NA,NA
"GQ375270.1.1510",1479,57,0.329479768786127,0.000305360190298438,"Bacteria","Marinimicrobia",NA,NA,NA,NA
"GQ375271.1.1521",2847,53,0.30635838150289,0.000585053406264596,"Bacteria","Marinimicrobia",NA,NA,NA,NA
"GQ375274.1.1522",815,33,0.190751445086705,0.000171046479444104,"Bacteria","Marinimicrobia",NA,NA,NA,NA
"GQ375275.1.1520",780,67,0.38728323699422,0.000158222289373421,"Bacteria","Marinimicrobia",NA,NA,NA,NA
"GQ375276.1.1509",748,39,0.225433526011561,0.000158942336972667,"Bacteria","Marinimicrobia",NA,NA,NA,NA
"GQ377775.1.1249",230,21,0.121387283236994,4.4974401624183e-05,"Bacteria","Planctomycetes","Planctomycetacia","Planctomycetales","Planctomycetaceae","Planctomyces"
"GQ377828.1.1263",1609,80,0.46242774566474,0.000308798202405564,"Bacteria","Proteobacteria","Gammaproteobacteria","Salinisphaerales","Salinisphaeraceae","ZD0417"
"GQ377836.1.1279",162,40,0.23121387283237,3.12342095825441e-05,"Bacteria","Proteobacteria","Gammaproteobacteria","Oceanospirillales","SAR86",NA
"GQ397009.1.1534",50,18,0.104046242774566,9.97817455035684e-06,"Bacteria","Proteobacteria","Alphaproteobacteria","Rhizobiales","Phyllobacteriaceae","Mesorhizobium"
"GQ406577.1.1428",78,28,0.161849710982659,1.89812089536201e-05,"Bacteria","Proteobacteria","Gammaproteobacteria","Vibrionales","Vibrionaceae","Vibrio"
"GQ850553.1.1521",172,49,0.283236994219653,4.47529420073716e-05,"Bacteria","Proteobacteria","Deltaproteobacteria","Desulfurellales","Desulfurellaceae","H16"
"GQ857650.1.1402",135,31,0.179190751445087,3.63331912268434e-05,"Bacteria","Bacteroidetes","Flavobacteriia","Flavobacteriales","Flavobacteriaceae","Gramella"
"GQ863784.1.1612",67,34,0.196531791907514,1.78534024394958e-05,"Eukaryota","SAR","Stramenopiles","Labyrinthulomycetes","HE001005.112","uncultured"
"GQ863786.1.1601",206,49,0.283236994219653,6.12563627266171e-05,"Eukaryota","SAR","Stramenopiles","MAST-3","MAST-3F","uncultured"
"GQ863792.1.1715",306,82,0.473988439306358,8.13844157865876e-05,"Eukaryota","SAR","Stramenopiles","MAST-3","MAST-3F","uncultured"
"GQ863793.1.1704",281,68,0.393063583815029,8.1379694916034e-05,"Eukaryota","SAR","Stramenopiles","MAST-4","uncultured",NA
"GQ863824.1.1721",60,26,0.15028901734104,1.4714100053961e-05,"Eukaryota","SAR","Rhizaria","Cercozoa","Chlorarachniophyta","NOR26"
"GQ866080.1.1497",99,28,0.161849710982659,2.63730899807852e-05,"Bacteria","Proteobacteria","Gammaproteobacteria","Pseudomonadales","Moraxellaceae","Psychrobacter"
"GQ903359.1.1550",89,24,0.138728323699422,2.26605737175644e-05,"Bacteria","Verrucomicrobia","WCHB1-41","uncultured",NA,NA
"GQ903360.1.1510",200,22,0.127167630057803,4.57961188542869e-05,"Bacteria","Verrucomicrobia","Verrucomicrobiae","Verrucomicrobiales","Verrucomicrobiaceae","Roseibacillus"
"GQ903368.1.1501",105,53,0.30635838150289,2.4691092986457e-05,"Bacteria","Proteobacteria","Gammaproteobacteria","Legionellales","Coxiellaceae","Coxiella"
"GQ906617.1.914",262,25,0.144508670520231,5.69683632295943e-05,"Archaea","Euryarchaeota","Thermoplasmata","Thermoplasmatales","Marine",NA
"GQ926871.1.1619",2031,40,0.23121387283237,0.000547930711456334,"Bacteria","Proteobacteria","Gammaproteobacteria","Oceanospirillales","Oceanospirillaceae","Oleispira"
"GU061269.1.1416",94,29,0.167630057803468,2.12789444772845e-05,"Bacteria","Proteobacteria","Alphaproteobacteria","Rhodospirillales","Rhodospirillaceae","uncultured"
"GU061307.1.1454",82,18,0.104046242774566,2.3535368050192e-05,"Bacteria","Proteobacteria","Gammaproteobacteria","Cellvibrionales","Cellvibrionaceae","uncultured"
"GU061349.1.1435",430,81,0.468208092485549,0.000101072153506281,"Bacteria","Proteobacteria","Alphaproteobacteria","SAR11",NA,NA
"GU061368.1.1446",2639,135,0.780346820809249,0.000580909904209348,"Bacteria","Proteobacteria","Alphaproteobacteria","SAR11",NA,NA
"GU061386.1.1471",4527,106,0.61271676300578,0.00101340261879112,"Bacteria","Proteobacteria","Gammaproteobacteria","Oceanospirillales","SAR86",NA
"GU061423.1.1447",998,109,0.630057803468208,0.000207495889154859,"Bacteria","Proteobacteria","Alphaproteobacteria","Rhodospirillales","Rhodospirillaceae","AEGEAN-169"
"GU061453.1.1514",6344,102,0.589595375722543,0.00133938843832923,"Bacteria","Proteobacteria","Gammaproteobacteria","Oceanospirillales","SAR86",NA
"GU061491.1.1521",63,25,0.144508670520231,1.26592613737609e-05,"Bacteria","Proteobacteria","Deltaproteobacteria","Desulfurellales","Desulfurellaceae","H16"
"GU061492.1.1495",239,45,0.260115606936416,6.51032754252424e-05,"Bacteria","Proteobacteria","Deltaproteobacteria","Oligoflexales","Oligoflexaceae","uncultured"
"GU061506.1.1478",1034,64,0.369942196531792,0.00028427859371921,"Bacteria","Actinobacteria","Acidimicrobiia","Acidimicrobiales","Sva0996",NA
"GU061590.1.1488",126,41,0.236994219653179,3.19147614432574e-05,"Bacteria","Bacteroidetes","Flavobacteriia","Flavobacteriales","Flavobacteriaceae","NS2b"
"GU061605.1.1496",67,27,0.15606936416185,1.58502488337144e-05,"Bacteria","Proteobacteria","Gammaproteobacteria","Cellvibrionales","Cellvibrionaceae","Maricurvus"
"GU061613.1.1497",321,91,0.526011560693642,7.08166856480497e-05,"Bacteria","Proteobacteria","Gammaproteobacteria","Thiotrichales","Thiotrichales",NA
"GU061649.1.1449",60,29,0.167630057803468,1.56022447545285e-05,"Bacteria","Cyanobacteria","Chloroplast","uncultured",NA,NA
"GU061719.1.1483",3398,93,0.53757225433526,0.000952680730316415,"Bacteria","Proteobacteria","Gammaproteobacteria","Oceanospirillales","SAR86",NA
"GU061747.1.1446",1588,64,0.369942196531792,0.000410656170417754,"Bacteria","Cyanobacteria","Cyanobacteria","SubsectionI","FamilyI","Synechococcus"
"GU061750.1.1434",232,24,0.138728323699422,7.51297895469088e-05,"Bacteria","Cyanobacteria","Cyanobacteria","SubsectionI","FamilyI","Synechococcus"
"GU061789.1.1436",7804,129,0.745664739884393,0.0017294268219146,"Bacteria","Proteobacteria","Alphaproteobacteria","SAR11",NA,NA
"GU061804.1.1451",1635,130,0.751445086705202,0.000394997843769618,"Bacteria","Proteobacteria","Alphaproteobacteria","SAR11",NA,NA
"GU061825.1.1499",2455,107,0.61849710982659,0.000665568381826777,"Bacteria","Proteobacteria","Gammaproteobacteria","Oceanospirillales","SAR86",NA
"GU061842.1.1485",338,58,0.335260115606936,7.4013925958218e-05,"Bacteria","Bacteroidetes","Flavobacteriia","Flavobacteriales","NS9",NA
"GU061848.1.1488",1015,69,0.398843930635838,0.00022778347106808,"Bacteria","Actinobacteria","Acidimicrobiia","Acidimicrobiales","OM1",NA
"GU061934.1.1446",205,52,0.300578034682081,5.27956050021001e-05,"Bacteria","Proteobacteria","Deltaproteobacteria","Bdellovibrionales","Bdellovibrionaceae","OM27"
"GU061946.1.1432",2452,117,0.676300578034682,0.000625663976495792,"Bacteria","Proteobacteria","Alphaproteobacteria","SAR11",NA,NA
"GU061948.1.1441",1716,110,0.635838150289017,0.000429348075388913,"Bacteria","Proteobacteria","Alphaproteobacteria","SAR11",NA,NA
"GU061952.1.1426",53,26,0.15028901734104,1.21877908070294e-05,"Bacteria","Proteobacteria","Alphaproteobacteria","Rhodobacterales","Rhodobacteraceae","Dinoroseobacter"
"GU061953.1.1425",227,61,0.352601156069364,5.03648095479494e-05,"Bacteria","Proteobacteria","Alphaproteobacteria","Sphingomonadales","Sphingomonadaceae","Sphingomonas"
"GU061975.1.1447",1083,137,0.791907514450867,0.000238812120409883,"Bacteria","Proteobacteria","Alphaproteobacteria","SAR11",NA,NA
"GU061985.1.1501",83,48,0.277456647398844,2.12307138500224e-05,"Bacteria","Proteobacteria","Gammaproteobacteria","Legionellales","Coxiellaceae","Coxiella"
"GU061987.1.1504",2486,120,0.69364161849711,0.000614482111783453,"Bacteria","Proteobacteria","Skagenf62","uncultured",NA,NA
"GU062006.1.1433",365,70,0.404624277456647,9.47472970423255e-05,"Bacteria","Cyanobacteria","Chloroplast","uncultured",NA,NA
"GU086202.1.1390",409,54,0.312138728323699,9.19481256663785e-05,"Bacteria","Proteobacteria","Alphaproteobacteria","Rhizobiales","Aurantimonadaceae","Martelella"
"GU108549.1.1392",60,24,0.138728323699422,1.86203555477698e-05,"Bacteria","Proteobacteria","Gammaproteobacteria","Alteromonadales","Alteromonadaceae","uncultured"
"GU108561.1.1375",89,33,0.190751445086705,2.31997107407318e-05,"Bacteria","Proteobacteria","Gammaproteobacteria","Alteromonadales","Alteromonadaceae","Alteromonas"
"GU118545.1.1433",199,29,0.167630057803468,4.33850649186782e-05,"Bacteria","Chloroflexi","SAR202",NA,NA,NA
"GU118977.1.1395",91,24,0.138728323699422,1.90645619407238e-05,"Bacteria","Planctomycetes","Planctomycetacia","Planctomycetales","Planctomycetaceae","Rhodopirellula"
"GU119319.1.1266",184,55,0.317919075144509,5.04238568998568e-05,"Bacteria","Bacteroidetes","Flavobacteriia","Flavobacteriales","Cryomorphaceae","Fluviicola"
"GU119713.1.1407",74,22,0.127167630057803,1.99957010912348e-05,"Bacteria","Cyanobacteria","Chloroplast","uncultured",NA,NA
"GU119834.1.1394",219,42,0.242774566473988,5.4087169043828e-05,"Bacteria","Cyanobacteria","Chloroplast","uncultured",NA,NA
"GU145393.1.1406",2046,137,0.791907514450867,0.00046355214560531,"Bacteria","Proteobacteria","Alphaproteobacteria","SAR11",NA,NA
"GU145407.1.1525",125,36,0.208092485549133,3.58966781299321e-05,"Bacteria","Planctomycetes","OM190","uncultured",NA,NA
"GU145418.1.1486",212,70,0.404624277456647,5.40853518176268e-05,"Bacteria","Bacteroidetes","Flavobacteriia","Flavobacteriales","NS7",NA
"GU145420.1.1491",7920,136,0.786127167630058,0.00164619410030531,"Bacteria","Bacteroidetes","Flavobacteriia","Flavobacteriales","Flavobacteriaceae","NS5"
"GU145451.1.1466",516,49,0.283236994219653,0.000116615058135725,"Bacteria","Planctomycetes","Phycisphaerae","Phycisphaerales","Phycisphaeraceae","JL-ETNP-F27"
"GU145456.1.1494",1155,27,0.15606936416185,0.000349306331254051,"Bacteria","Proteobacteria","Gammaproteobacteria","Oceanospirillales","Oceanospirillaceae","Oleibacter"
"GU145457.1.1468",180,37,0.213872832369942,3.90005411871033e-05,"Bacteria","Proteobacteria","Deltaproteobacteria","Bdellovibrionales","Bdellovibrionaceae","OM27"
"GU145475.1.1442",367,27,0.15606936416185,7.72246372259121e-05,"Bacteria","Parcubacteria","uncultured",NA,NA,NA
"GU145487.1.1483",270,32,0.184971098265896,5.70587836631664e-05,"Bacteria","Bacteroidetes","Sphingobacteriia","Sphingobacteriales","Lentimicrobiaceae","uncultured"
"GU145495.1.1523",11762,24,0.138728323699422,0.0026274590853582,"Bacteria","Marinimicrobia",NA,NA,NA,NA
"GU145504.1.1494",72,37,0.213872832369942,1.72447361989122e-05,"Bacteria","Cyanobacteria","ML635J-21","uncultured",NA,NA
"GU145506.1.1520",51,18,0.104046242774566,1.2530496202537e-05,"Bacteria","Planctomycetes","028H05-P-BN-P5","uncultured",NA,NA
"GU145508.1.1474",238,37,0.213872832369942,5.64542552356876e-05,"Bacteria","Proteobacteria","Alphaproteobacteria","Rhodospirillales","Rhodospirillaceae","uncultured"
"GU145511.1.1482",108,35,0.202312138728324,2.3521858411515e-05,"Bacteria","Chloroflexi","Anaerolineae","Anaerolineales","Anaerolineaceae","Longilinea"
"GU145528.1.1489",1234,18,0.104046242774566,0.000293036909468962,"Bacteria","Actinobacteria","Acidimicrobiia","Acidimicrobiales","uncultured","uncultured"
"GU225825.1.1509",63,21,0.121387283236994,1.61322312497949e-05,"Bacteria","Proteobacteria","Gammaproteobacteria","Oceanospirillales","Oceanospirillaceae","Oleispira"
"GU230386.1.1518",106,46,0.265895953757225,2.78552299964088e-05,"Bacteria","Proteobacteria","Deltaproteobacteria","Bdellovibrionales","Bdellovibrionaceae","OM27"
"GU230457.1.1520",435,34,0.196531791907514,0.000106781609222474,"Bacteria","Verrucomicrobia","Opitutae","MB11C04",NA,NA
"GU234217.1.1320",751,30,0.173410404624277,0.000247664912913854,"Archaea","Thaumarchaeota","Marine",NA,NA,NA
"GU234249.1.1303",559,26,0.15028901734104,0.000172120586957061,"Archaea","Euryarchaeota","Thermoplasmata","Thermoplasmatales","Marine",NA
"GU234379.1.1325",308,19,0.109826589595376,9.76872071399922e-05,"Archaea","Euryarchaeota","Thermoplasmata","Thermoplasmatales","Marine",NA
"GU234421.1.1326",431,21,0.121387283236994,0.00013419998503168,"Archaea","Euryarchaeota","Thermoplasmata","Thermoplasmatales","Marine",NA
"GU234460.1.1330",1442,46,0.265895953757225,0.000441149193380541,"Archaea","Euryarchaeota","Thermoplasmata","Thermoplasmatales","Marine",NA
"GU234489.1.1317",1450,55,0.317919075144509,0.000420932099715233,"Archaea","Euryarchaeota","Thermoplasmata","Thermoplasmatales","Marine",NA
"GU234672.1.1326",641,66,0.38150289017341,0.000175492997588345,"Archaea","Euryarchaeota","Thermoplasmata","Thermoplasmatales","Marine",NA
"GU234688.1.1327",125,27,0.15606936416185,3.35795930868737e-05,"Bacteria","Proteobacteria","Alphaproteobacteria","Rhodospirillales","Rhodospirillaceae","Magnetospira"
"GU234714.1.1357",136,36,0.208092485549133,3.85070583074707e-05,"Bacteria","Bacteroidetes","Flavobacteriia","Flavobacteriales","Flavobacteriaceae","NS5"
"GU234715.1.1349",2327,34,0.196531791907514,0.000728420149953939,"Bacteria","Proteobacteria","Alphaproteobacteria","Emcibacterales","Emcibacteraceae","Emcibacter"
"GU234716.1.1377",223,31,0.179190751445087,6.7758982609498e-05,"Bacteria","Proteobacteria","Gammaproteobacteria","Alteromonadales","Shewanellaceae","Shewanella"
"GU234725.1.1357",188,43,0.248554913294798,4.14556982608745e-05,"Bacteria","Nitrospinae","Nitrospinia","Nitrospinales","Nitrospinaceae","uncultured"
"GU234735.1.1317",1356,111,0.641618497109827,0.000379184822536435,"Bacteria","Proteobacteria","Alphaproteobacteria","SAR11",NA,NA
"GU234740.1.1373",685,54,0.312138728323699,0.000200724056801686,"Bacteria","Proteobacteria","Gammaproteobacteria","Chromatiales","Granulosicoccaceae","Granulosicoccus"
"GU234752.1.1368",105,22,0.127167630057803,2.59987538131708e-05,"Bacteria","Proteobacteria","Gammaproteobacteria","Oceanospirillales","JL-ETNP-Y6","uncultured"
"GU234811.1.1364",375,46,0.265895953757225,9.58161736751907e-05,"Bacteria","Bacteroidetes","Flavobacteriia","Flavobacteriales","Flavobacteriaceae","uncultured"
"GU234830.1.1378",276,61,0.352601156069364,6.86003529653397e-05,"Bacteria","Proteobacteria","Gammaproteobacteria","Oceanospirillales","JL-ETNP-Y6","uncultured"
"GU234835.1.1366",1850,83,0.479768786127168,0.000555567005342165,"Bacteria","Bacteroidetes","Flavobacteriia","Flavobacteriales","NS9",NA
"GU234855.1.1364",622,51,0.294797687861272,0.000197563033431708,"Bacteria","Bacteroidetes","Flavobacteriia","Flavobacteriales","Cryomorphaceae","Fluviicola"
"GU234856.1.1384",2377,39,0.225433526011561,0.000633044900874688,"Bacteria","Proteobacteria","Gammaproteobacteria","Oceanospirillales","Oceanospirillaceae","Balneatrix"
"GU234874.1.1371",293,51,0.294797687861272,7.29746764616369e-05,"Bacteria","Bacteroidetes","Flavobacteriia","Flavobacteriales","Flavobacteriaceae","NS4"
"GU234880.1.1372",524,94,0.543352601156069,0.000137214674392236,"Bacteria","Bacteroidetes","Flavobacteriia","Flavobacteriales","NS9",NA
"GU234892.1.1393",624,49,0.283236994219653,0.000182108637853109,"Bacteria","PAUC34f","uncultured",NA,NA,NA
"GU234899.1.1359",851,32,0.184971098265896,0.000202525410346626,"Bacteria","Bacteroidetes","Flavobacteriia","Flavobacteriales","Flavobacteriaceae","Polaribacter"
"GU234920.1.1376",262,41,0.236994219653179,5.90303302573695e-05,"Bacteria","Proteobacteria","Gammaproteobacteria","Oceanospirillales","SS1-B-06-26","uncultured"
"GU234924.1.1369",366,34,0.196531791907514,0.000109608737343874,"Bacteria","Proteobacteria","Gammaproteobacteria","Oceanospirillales","Oceanospirillaceae","Pseudohongiella"
"GU234925.1.1333",350,39,0.225433526011561,9.72889956599686e-05,"Bacteria","Proteobacteria","Alphaproteobacteria","Rhodospirillales","Rhodospirillaceae","uncultured"
"GU234935.1.1331",319,67,0.38728323699422,8.33161497823229e-05,"Bacteria","Cyanobacteria","Chloroplast","uncultured",NA,NA
"GU234947.1.1288",3367,84,0.485549132947977,0.000897890951449351,"Bacteria","Proteobacteria","Gammaproteobacteria","Oceanospirillales","SAR86",NA
"GU234954.1.1327",134,34,0.196531791907514,3.41293738915668e-05,"Bacteria","Proteobacteria","Alphaproteobacteria","Rhodobacterales","Rhodobacteraceae","uncultured"
"GU234956.1.1359",464,50,0.289017341040462,0.000136330596774299,"Bacteria","Proteobacteria","Gammaproteobacteria","Gammaproteobacteria",NA,NA
"GU235046.1.1289",290,36,0.208092485549133,9.00228606167174e-05,"Bacteria","Proteobacteria","Alphaproteobacteria","Rhodobacterales","Rhodobacteraceae","uncultured"
"GU235112.1.1356",86,35,0.202312138728324,2.003191561928e-05,"Bacteria","Proteobacteria","Deltaproteobacteria","SAR324",NA,NA
"GU235117.1.1392",52,24,0.138728323699422,1.33922801823443e-05,"Bacteria","Marinimicrobia",NA,NA,NA,NA
"GU235127.1.1377",887,31,0.179190751445087,0.000217022935599808,"Bacteria","Proteobacteria","Gammaproteobacteria","Alteromonadales","Psychromonadaceae","Psychromonas"
"GU235132.1.1380",305,26,0.15028901734104,7.89769369100056e-05,"Bacteria","Proteobacteria","Gammaproteobacteria","Oceanospirillales","Oceanospirillaceae","Balneatrix"
"GU235154.1.1372",191,55,0.317919075144509,5.56272186258573e-05,"Bacteria","Bacteroidetes","Flavobacteriia","Flavobacteriales","Flavobacteriaceae","NS4"
"GU235158.1.1349",508,22,0.127167630057803,0.000162236320848305,"Bacteria","Nitrospinae","Nitrospinia","Nitrospinales","Nitrospinaceae","Nitrospina"
"GU235159.1.1373",107,33,0.190751445086705,3.0062960421241e-05,"Bacteria","Proteobacteria","Gammaproteobacteria","Oceanospirillales","Oceanospirillaceae","Pseudohongiella"
"GU235227.1.1367",56,20,0.115606936416185,1.46421877618258e-05,"Bacteria","Proteobacteria","Gammaproteobacteria","Oceanospirillales","J8P41000-1F04","uncultured"
"GU235240.1.1269",542,70,0.404624277456647,0.000113588021053226,"Bacteria","Proteobacteria","Alphaproteobacteria","SAR11",NA,NA
"GU235302.1.1328",424,67,0.38728323699422,0.000131881603349322,"Bacteria","Proteobacteria","Alphaproteobacteria","SAR11",NA,NA
"GU235422.1.1315",428,28,0.161849710982659,0.000108988313644386,"Bacteria","Bacteroidetes","Flavobacteriia","Flavobacteriales","Flavobacteriaceae","Flavobacterium"
"GU235451.1.1318",441,68,0.393063583815029,0.000131610362464377,"Bacteria","Proteobacteria","Alphaproteobacteria","SAR11",NA,NA
"GU235488.1.1379",409,21,0.121387283236994,0.000102817936087684,"Bacteria","Proteobacteria","Gammaproteobacteria","Oceanospirillales","Oceanospirillaceae","Balneatrix"
"GU235532.1.1367",2226,37,0.213872832369942,0.000566086894081307,"Bacteria","Proteobacteria","Gammaproteobacteria","Cellvibrionales","Porticoccaceae","SAR92"
"GU235633.1.1364",11708,37,0.213872832369942,0.00296315961467022,"Bacteria","Bacteroidetes","Flavobacteriia","Flavobacteriales","Flavobacteriaceae","Polaribacter"
"GU235647.1.1379",118,19,0.109826589595376,3.06119351459976e-05,"Bacteria","Proteobacteria","Gammaproteobacteria","BD7-8",NA,NA
"GU235684.1.1315",108,39,0.225433526011561,3.12202689502087e-05,"Bacteria","Proteobacteria","Alphaproteobacteria","Rhodobacterales","Rhodobacteraceae","Sulfitobacter"
"GU235687.1.1314",57,41,0.236994219653179,1.61755028028482e-05,"Bacteria","Proteobacteria","Alphaproteobacteria","Rhodobacterales","Rhodobacteraceae","Sulfitobacter"
"GU235693.1.1342",2213,32,0.184971098265896,0.000570174602648573,"Bacteria","Proteobacteria","Gammaproteobacteria","Oceanospirillales","Oceanospirillaceae","Balneatrix"
"GU235703.1.1321",395,24,0.138728323699422,9.50044389550431e-05,"Bacteria","Proteobacteria","Gammaproteobacteria","Oceanospirillales","Oceanospirillaceae","Balneatrix"
"GU235704.1.1293",703,81,0.468208092485549,0.000182237024669612,"Bacteria","Proteobacteria","Alphaproteobacteria","Rickettsiales","SAR116",NA
"GU235719.1.1348",556,58,0.335260115606936,0.000153792882020688,"Bacteria","Proteobacteria","Alphaproteobacteria","SAR11",NA,NA
"GU235745.1.1365",886,99,0.572254335260116,0.000237267518291376,"Bacteria","Proteobacteria","ARKICE-90","uncultured",NA,NA
"GU235798.1.1298",191,24,0.138728323699422,5.1251960795373e-05,"Bacteria","Proteobacteria","Alphaproteobacteria","Rhodobacterales","Rhodobacteraceae","uncultured"
"GU235799.1.1383",1699,35,0.202312138728324,0.000430388852623774,"Bacteria","Proteobacteria","Gammaproteobacteria","Oceanospirillales","Oceanospirillaceae","Balneatrix"
"GU235804.1.1382",52,25,0.144508670520231,1.32053577857738e-05,"Bacteria","Proteobacteria","Gammaproteobacteria","Oceanospirillales","Oceanospirillaceae","Balneatrix"
"GU236994.1.1493",159,20,0.115606936416185,3.85174330282279e-05,"Bacteria","Proteobacteria","Gammaproteobacteria","Alteromonadales","Alteromonadaceae","Marinobacter"
"GU246574.1.1776",208,43,0.248554913294798,4.73900998075504e-05,"Eukaryota","SAR","Rhizaria","Retaria","Acantharia","Arthracanthida"
"GU246579.1.1774",442,23,0.132947976878613,8.70577346988961e-05,"Eukaryota","SAR","Rhizaria","Retaria","Acantharia","Acantharea"
"GU246582.1.1774",714,31,0.179190751445087,0.000148679101960286,"Eukaryota","SAR","Rhizaria","Retaria","Acantharia","Acantharea"
"GU246584.1.1798",115,30,0.173410404624277,2.40114630427582e-05,"Eukaryota","SAR","Rhizaria","Retaria","RAD",NA
"GU246591.1.1778",2262,37,0.213872832369942,0.000465203414852242,"Eukaryota","SAR","Rhizaria","Retaria","Acantharia","Acantharea"
"GU302455.1.1513",238,34,0.196531791907514,6.09693792325132e-05,"Bacteria","Acidobacteria","Subgroup",NA,NA,NA
"GU302460.1.1517",125,23,0.132947976878613,2.70420844001917e-05,"Bacteria","Acidobacteria","Subgroup",NA,NA,NA
"GU361122.1.1487",506,24,0.138728323699422,9.83467704137791e-05,"Bacteria","Proteobacteria","Gammaproteobacteria","Oceanospirillales","Halomonadaceae","Halomonas"
"GU437522.1.1465",58,35,0.202312138728324,1.35088270319215e-05,"Bacteria","Proteobacteria","Alphaproteobacteria","Alphaproteobacteria",NA,NA
"GU451535.1.1243",192,22,0.127167630057803,6.20796463008496e-05,"Bacteria","Bacteroidetes","Sphingobacteriia","Sphingobacteriales","Saprospiraceae","uncultured"
"GU451621.1.1262",72,36,0.208092485549133,1.9731022278356e-05,"Bacteria","Proteobacteria","Deltaproteobacteria","Bdellovibrionales","Bacteriovoracaceae","Peredibacter"
"GU451626.1.1246",235,22,0.127167630057803,4.40931191318653e-05,"Bacteria","Proteobacteria","Gammaproteobacteria","uncultured","uncultured",NA
"GU451676.1.1235",103,40,0.23121387283237,2.57523342719553e-05,"Bacteria","Proteobacteria","Gammaproteobacteria","Alteromonadales","Alteromonadaceae","Alteromonas"
"GU474844.39782.41307",644,52,0.300578034682081,0.000183761680810608,"Bacteria","Proteobacteria","Gammaproteobacteria","Cellvibrionales","Halieaceae","OM60(NOR5)"
"GU474863.32717.34213",290,61,0.352601156069364,8.29200639734965e-05,"Bacteria","Actinobacteria","Acidimicrobiia","Acidimicrobiales","Sva0996",NA
"GU474866.1134.2520",481,73,0.421965317919075,0.000111869521108874,"Bacteria","Proteobacteria","Betaproteobacteria","Burkholderiales","Alcaligenaceae","MWH-UniP1"
"GU474869.28791.30298",8173,102,0.589595375722543,0.00156505373704223,"Bacteria","Proteobacteria","Deltaproteobacteria","SAR324",NA,NA
"GU474891.23044.24522",589,51,0.294797687861272,0.000112716582942938,"Bacteria","Proteobacteria","Gammaproteobacteria","Oceanospirillales","SAR86",NA
"GU474898.26782.28206",111,38,0.219653179190751,2.4063479694441e-05,"Bacteria","Proteobacteria","Alphaproteobacteria","E6aD10","uncultured",NA
"GU474934.5263.6746",54,34,0.196531791907514,1.42240708780918e-05,"Bacteria","Proteobacteria","Alphaproteobacteria","Rickettsiales","SAR116",NA
"GU474947.37405.38897",196,32,0.184971098265896,5.68743676342088e-05,"Bacteria","Proteobacteria","Alphaproteobacteria","Rhodospirillales","Rhodospirillaceae","OM75"
"GU567957.12741.14221",1460,90,0.520231213872832,0.000343193068245711,"Bacteria","Verrucomicrobia","Arctic97B-4",NA,NA,NA
"GU567974.14858.16200",61,21,0.121387283236994,1.37082201376927e-05,"Bacteria","Planctomycetes","Planctomycetacia","Planctomycetales","Planctomycetaceae","Planctomyces"
"GU567977.27128.28545",353,44,0.254335260115607,7.09560257309084e-05,"Bacteria","Proteobacteria","Gammaproteobacteria","E01-9C-26",NA,NA
"GU567979.22125.23645",468,34,0.196531791907514,8.8668306403253e-05,"Bacteria","Gemmatimonadetes","BD2-11",NA,NA,NA
"GU567983.5827.7347",188,31,0.179190751445087,3.68374906380596e-05,"Bacteria","Gemmatimonadetes","BD2-11",NA,NA,NA
"GU567995.12506.13914",378,43,0.248554913294798,7.77567592548866e-05,"Bacteria","Verrucomicrobia","Opitutae","A714019","uncultured",NA
"GU568015.4989.6449",730,83,0.479768786127168,0.000156085145512682,"Bacteria","Proteobacteria","Alphaproteobacteria","Rhodospirillales","Rhodospirillaceae","Magnetospira"
"GU568016.16704.18249",856,36,0.208092485549133,0.000169368401609163,"Bacteria","Proteobacteria","Gammaproteobacteria","Oceanospirillales","SAR86",NA
"GU584382.1.1446",289,37,0.213872832369942,8.29260636991041e-05,"Bacteria","Proteobacteria","Gammaproteobacteria","Oceanospirillales","Oceanospirillaceae","Pseudohongiella"
"GU584657.1.1388",65,23,0.132947976878613,1.44879997638333e-05,"Bacteria","Bacteroidetes","Flavobacteriia","Flavobacteriales","Cryomorphaceae","uncultured"
"GU584858.1.1388",61,23,0.132947976878613,1.67540865169469e-05,"Bacteria","Bacteroidetes","Flavobacteriia","Flavobacteriales","Cryomorphaceae","uncultured"
"GU593634.1.1523",258,36,0.208092485549133,6.18188181284483e-05,"Bacteria","Proteobacteria","Gammaproteobacteria","Oceanospirillales","Alcanivoracaceae","Alcanivorax"
"GU647168.1.1540",53,22,0.127167630057803,1.41982771672892e-05,"Eukaryota","SAR","Alveolata","Protalveolata","Syndiniales","Amoebophrya"
"GU647170.1.1532",125,19,0.109826589595376,4.75431746665235e-05,"Eukaryota","Opisthokonta","Holozoa","Choanoflagellida","Clade",NA
"GU647171.1.1538",75,43,0.248554913294798,1.99379008915083e-05,"Eukaryota","SAR","Alveolata","OLI11255","uncultured",NA
"GU819408.1.1363",143,50,0.289017341040462,3.71278247275353e-05,"Eukaryota","SAR","Alveolata","Ciliophora","Intramacronucleata","Conthreep"
"GU820043.1.1200",114,46,0.265895953757225,3.13819207041787e-05,"Eukaryota","SAR","Alveolata","Protalveolata","Syndiniales","Amoebophrya"
"GU820122.1.1211",189,44,0.254335260115607,4.33956220400789e-05,"Eukaryota","SAR","Alveolata","Protalveolata","Syndiniales","uncultured"
"GU820324.1.1205",73,36,0.208092485549133,1.5345096760857e-05,"Eukaryota","SAR","Alveolata","Protalveolata","Syndiniales","Syndiniales"
"GU820512.1.1396",52,30,0.173410404624277,1.11899626777443e-05,"Eukaryota","SAR","Alveolata","Protalveolata","Syndiniales","Syndiniales"
"GU820681.1.1204",72,43,0.248554913294798,1.86827918001894e-05,"Eukaryota","SAR","Alveolata","Protalveolata","Syndiniales","Amoebophrya"
"GU820754.1.1754",118,43,0.248554913294798,2.75769328459761e-05,"Eukaryota","Excavata","Discoba","Discicristata","Euglenozoa","Kinetoplastea"
"GU821052.1.1427",166,21,0.121387283236994,2.9951005310207e-05,"Eukaryota","SAR","Rhizaria","Retaria","Polycystinea","Spumellaria"
"GU821391.1.1238",52,22,0.127167630057803,1.0692527839883e-05,"Eukaryota","SAR","Rhizaria","Retaria","Polycystinea","Spumellaria"
"GU821394.1.1221",229,20,0.115606936416185,4.24837237160484e-05,"Eukaryota","SAR","Rhizaria","Retaria","Polycystinea","Spumellaria"
"GU821593.1.1229",205,31,0.179190751445087,4.00427421480215e-05,"Eukaryota","SAR","Rhizaria","Retaria","Polycystinea","Spumellaria"
"GU821706.1.1216",142,20,0.115606936416185,2.62126562521592e-05,"Eukaryota","SAR","Rhizaria","Retaria","Polycystinea","Spumellaria"
"GU821763.1.1409",326,31,0.179190751445087,6.35464344622116e-05,"Eukaryota","SAR","Rhizaria","Retaria","Polycystinea","Spumellaria"
"GU822127.1.1205",73,19,0.109826589595376,1.60863396147859e-05,"Eukaryota","SAR","Rhizaria","Retaria","RAD",NA
"GU822253.1.1383",75,25,0.144508670520231,1.52856784634576e-05,"Eukaryota","SAR","Rhizaria","Retaria","Acantharia","Arthracanthida"
"GU822565.1.1222",60,18,0.104046242774566,1.38922489342169e-05,"Eukaryota","SAR","Rhizaria","Retaria","Polycystinea","Spumellaria"
"GU822959.1.1217",53,26,0.15028901734104,1.34502559189188e-05,"Eukaryota","SAR","Stramenopiles","MAST-3","MAST-3I","uncultured"
"GU822961.1.1400",693,113,0.653179190751445,0.000185209990144137,"Eukaryota","SAR","Stramenopiles","Labyrinthulomycetes","AB3F14RJ3E10","uncultured"
"GU823153.1.1212",186,60,0.346820809248555,4.08967200458e-05,"Eukaryota","SAR","Stramenopiles","MAST-8","uncultured",NA
"GU823203.1.1203",192,39,0.225433526011561,4.82249441886173e-05,"Eukaryota","SAR","Stramenopiles","Ochrophyta","Dictyochophyceae","uncultured"
"GU823292.1.1216",192,55,0.317919075144509,4.62672994698157e-05,"Eukaryota","SAR","Stramenopiles","Ochrophyta","Raphidophyceae","uncultured"
"GU823363.1.1210",53,29,0.167630057803468,1.24981384574753e-05,"Eukaryota","SAR","Stramenopiles","MAST-8","uncultured",NA
"GU823742.1.1209",183,27,0.15606936416185,4.16215784133278e-05,"Eukaryota","SAR","Rhizaria","Retaria","Polycystinea","Nassellaria"
"GU823868.1.1403",64,28,0.161849710982659,1.42979503069377e-05,"Eukaryota","SAR","Alveolata","Protalveolata","Syndiniales","Syndiniales"
"GU824035.1.1400",339,103,0.595375722543353,8.15237832883619e-05,"Eukaryota","SAR","Stramenopiles","Labyrinthulomycetes","AB3F14RJ3E10","uncultured"
"GU824100.1.1224",177,63,0.364161849710983,4.06947777785165e-05,"Eukaryota","SAR","Rhizaria","Retaria","Acantharia","SSRPB68"
"GU824235.1.1205",68,32,0.184971098265896,1.5596359020921e-05,"Eukaryota","SAR","Alveolata","Protalveolata","Syndiniales","Syndiniales"
"GU824577.1.1204",71,39,0.225433526011561,1.8580832731555e-05,"Eukaryota","SAR","Alveolata","Protalveolata","Syndiniales","Syndiniales"
"GU824821.1.1203",57,34,0.196531791907514,1.26499741330699e-05,"Eukaryota","Haptophyta","T58","uncultured",NA,NA
"GU824908.1.1393",74,21,0.121387283236994,1.56789963413434e-05,"Eukaryota","SAR","Alveolata","Protalveolata","Syndiniales","Syndiniales"
"GU825495.1.1212",67,39,0.225433526011561,1.43011272785486e-05,"Eukaryota","SAR","Stramenopiles","MAST-3","MAST-3B","uncultured"
"GU825719.1.1201",69,20,0.115606936416185,1.6196595042246e-05,"Eukaryota","Archaeplastida","Chloroplastida","Chlorophyta","Trebouxiophyceae","uncultured"
"GU935363.1.1634",65,29,0.167630057803468,1.47137563287019e-05,"Bacteria","Cyanobacteria","Cyanobacteria","SubsectionI","FamilyI","Cyanobium"
"GU940685.1.1378",140,19,0.109826589595376,3.60819979040196e-05,"Bacteria","Bacteroidetes","Flavobacteriia","Flavobacteriales","Cryomorphaceae","uncultured"
"GU940723.1.1305",1844,99,0.572254335260116,0.000437999989879031,"Bacteria","Cyanobacteria","ML635J-21","uncultured",NA,NA
"GU940734.1.1314",94,25,0.144508670520231,2.28458169452806e-05,"Bacteria","Bacteroidetes","Flavobacteriia","Flavobacteriales","Cryomorphaceae","Fluviicola"
"GU940747.1.1343",390,80,0.46242774566474,9.02395076746734e-05,"Bacteria","Proteobacteria","Alphaproteobacteria","SAR11",NA,NA
"GU940748.1.1341",4050,127,0.734104046242775,0.00104038377332303,"Bacteria","Proteobacteria","Alphaproteobacteria","SAR11",NA,NA
"GU940751.1.1266",1559,120,0.69364161849711,0.000409054772162371,"Bacteria","Cyanobacteria","ML635J-21","uncultured",NA,NA
"GU940758.1.1389",1126,94,0.543352601156069,0.00032780818685294,"Bacteria","Proteobacteria","Alphaproteobacteria","Rickettsiales","Mitochondria","uncultured"
"GU940763.1.1281",482,67,0.38728323699422,0.000119984864205284,"Bacteria","Cyanobacteria","Chloroplast","uncultured",NA,NA
"GU940771.1.1349",1547,107,0.61849710982659,0.000400579217507798,"Bacteria","Proteobacteria","Alphaproteobacteria","SAR11",NA,NA
"GU940846.1.1513",1334,148,0.855491329479769,0.000304552585862605,"Bacteria","Proteobacteria","Alphaproteobacteria","SAR11",NA,NA
"GU940870.1.1321",1266,107,0.61849710982659,0.000293961832522116,"Bacteria","Proteobacteria","Alphaproteobacteria","SAR11",NA,NA
"GU940873.1.1401",4273,125,0.722543352601156,0.000956691591393548,"Bacteria","Bacteroidetes","Flavobacteriia","Flavobacteriales","NS9",NA
"GU940879.1.1433",236,75,0.433526011560694,5.73562023704826e-05,"Bacteria","Proteobacteria","Gammaproteobacteria","Legionellales","Coxiellaceae","Coxiella"
"GU940883.1.1258",91,42,0.242774566473988,2.28184718909299e-05,"Bacteria","Cyanobacteria","Chloroplast","uncultured",NA,NA
"GU940899.1.1230",557,86,0.497109826589595,0.000142422163504706,"Bacteria","Cyanobacteria","Cyanobacteria","SubsectionI","FamilyI","Prochlorococcus"
"GU940902.1.1355",2724,93,0.53757225433526,0.000680717650641624,"Bacteria","Proteobacteria","Alphaproteobacteria","SAR11",NA,NA
"GU940916.1.1344",354,62,0.358381502890173,8.57553680934531e-05,"Bacteria","Proteobacteria","Alphaproteobacteria","SAR11",NA,NA
"GU940917.1.1359",4445,109,0.630057803468208,0.00109935908652755,"Bacteria","Proteobacteria","Alphaproteobacteria","Rhodospirillales","Rhodospirillaceae","AEGEAN-169"
"GU940923.1.1380",3464,139,0.803468208092486,0.000860839052809215,"Bacteria","Proteobacteria","Alphaproteobacteria","SAR11",NA,NA
"GU940960.1.1393",753,86,0.497109826589595,0.000191937521758622,"Bacteria","Verrucomicrobia","Arctic97B-4",NA,NA,NA
"GU940967.1.1277",2873,71,0.410404624277457,0.000732581170014252,"Bacteria","Bacteroidetes","SM1A07","uncultured",NA,NA
"GU940970.1.1340",65,34,0.196531791907514,1.6999342074898e-05,"Bacteria","Cyanobacteria","Chloroplast","uncultured",NA,NA
"GU940984.1.1304",1480,103,0.595375722543353,0.000352679353790679,"Bacteria","Proteobacteria","Alphaproteobacteria","Rhodobacterales","Rhodobacteraceae","uncultured"
"GU940986.1.1397",644,63,0.364161849710983,0.000163740098843755,"Bacteria","Proteobacteria","Gammaproteobacteria","Oceanospirillales","SAR86",NA
"GU940987.1.1428",2326,69,0.398843930635838,0.000520691189098016,"Bacteria","Marinimicrobia",NA,NA,NA,NA
"GU940989.1.1358",107,52,0.300578034682081,2.44967830598938e-05,"Bacteria","Bacteroidetes","Flavobacteriia","Flavobacteriales","Flavobacteriaceae","NS5"
"GU940994.1.1354",478,86,0.497109826589595,0.000113423203300258,"Bacteria","Proteobacteria","Alphaproteobacteria","SAR11",NA,NA
"GU941013.1.1241",713,82,0.473988439306358,0.000195042233372623,"Bacteria","Cyanobacteria","Chloroplast","uncultured",NA,NA
"GU941020.1.1329",183,19,0.109826589595376,5.28131133698431e-05,"Bacteria","Proteobacteria","Alphaproteobacteria","Alphaproteobacteria",NA,NA
"GU941026.1.1315",836,89,0.514450867052023,0.000198152690883022,"Bacteria","Proteobacteria","Alphaproteobacteria","Rickettsiales","Mitochondria","uncultured"
"GU941051.1.1320",346,80,0.46242774566474,9.28933930998428e-05,"Bacteria","Proteobacteria","Alphaproteobacteria","SAR11",NA,NA
"GU941063.1.1403",235,55,0.317919075144509,6.37526107163641e-05,"Bacteria","Proteobacteria","Gammaproteobacteria","Oceanospirillales","Litoricolaceae","Litoricola"
"GU941069.1.1226",172,67,0.38728323699422,4.60992935707546e-05,"Bacteria","Cyanobacteria","Cyanobacteria","SubsectionI","FamilyI","Prochlorococcus"
"GU941076.1.1291",713,91,0.526011560693642,0.000183161073878337,"Bacteria","Cyanobacteria","Chloroplast","uncultured",NA,NA
"GU941081.1.1313",296,81,0.468208092485549,7.80420006937097e-05,"Bacteria","Proteobacteria","Alphaproteobacteria","SAR11",NA,NA
"GU941083.1.1357",136,52,0.300578034682081,3.17416915951254e-05,"Bacteria","Cyanobacteria","ML635J-21","uncultured",NA,NA
"GU969143.1.1741",413,36,0.208092485549133,9.81219018152552e-05,"Eukaryota","Opisthokonta","Holozoa","Metazoa",NA,NA
"GU969192.1.1733",193,45,0.260115606936416,5.24943877489393e-05,"Eukaryota","Opisthokonta","Holozoa","Metazoa",NA,NA
"HE574904.1.1340",61,28,0.161849710982659,1.51447505042796e-05,"Bacteria","Proteobacteria","Alphaproteobacteria","Rhodobacterales","Rhodobacteraceae","uncultured"
"HE576787.1.1388",901,30,0.173410404624277,0.000248914417626713,"Bacteria","Proteobacteria","Epsilonproteobacteria","Campylobacterales","Campylobacteraceae","Arcobacter"
"HE803860.1.1459",138,58,0.335260115606936,2.92990069681207e-05,"Bacteria","Proteobacteria","Deltaproteobacteria","Oligoflexales","Oligoflexaceae","uncultured"
"HE803972.1.1446",70,32,0.184971098265896,1.88974840741915e-05,"Bacteria","Bacteroidetes","Flavobacteriia","Flavobacteriales","Cryomorphaceae","Fluviicola"
"HE804015.1.1490",65,33,0.190751445086705,1.3551687705313e-05,"Bacteria","Gemmatimonadetes","BD2-11",NA,NA,NA
"HE814580.1.1495",85,19,0.109826589595376,1.69475133967253e-05,"Bacteria","Proteobacteria","Gammaproteobacteria","Oceanospirillales","SUP05",NA
"HE817804.1.1430",117,21,0.121387283236994,2.49833555460356e-05,"Bacteria","Chloroflexi","SAR202",NA,NA,NA
"HE817837.1.1428",141,21,0.121387283236994,3.22626942748552e-05,"Bacteria","Chloroflexi","SAR202",NA,NA,NA
"HE817850.1.1433",94,19,0.109826589595376,1.95208137903519e-05,"Bacteria","Chloroflexi","SAR202",NA,NA,NA
"HF558385.1.1515",102,30,0.173410404624277,2.53992179805846e-05,"Bacteria","Proteobacteria","Gammaproteobacteria","Vibrionales","Vibrionaceae","Vibrio"
"HF912749.1.1505",147,28,0.161849710982659,2.94503973136339e-05,"Bacteria","Acidobacteria","Subgroup",NA,NA,NA
"HG423462.1.1425",51,23,0.132947976878613,9.89123683107044e-06,"Bacteria","Proteobacteria","Alphaproteobacteria","Rhodospirillales","AT-s3-44","uncultured"
"HG423501.1.1426",212,50,0.289017341040462,5.73773311989635e-05,"Bacteria","Proteobacteria","Deltaproteobacteria","Desulfurellales","Desulfurellaceae","G55"
"HG942525.1.1266",1698,91,0.526011560693642,0.000377700842989322,"Bacteria","Cyanobacteria","Cyanobacteria","SubsectionIV","FamilyI","Cylindrospermosis"
"HG970975.1.1816",269,83,0.479768786127168,6.54479955467265e-05,"Eukaryota","Haptophyta","Haptophyceae",NA,NA,NA
"HM031989.1.1413",69,24,0.138728323699422,2.32061999119815e-05,"Bacteria","Proteobacteria","Gammaproteobacteria","Alteromonadales","Alteromonadaceae","Alteromonas"
"HM057630.1.1500",391,55,0.317919075144509,0.000116578602530605,"Bacteria","Bacteroidetes","Flavobacteriia","Flavobacteriales","Flavobacteriaceae","NS5"
"HM057660.1.1444",196,24,0.138728323699422,6.2061264239687e-05,"Bacteria","Cyanobacteria","Chloroplast","uncultured",NA,NA
"HM057688.1.1500",898,62,0.358381502890173,0.000265144183492159,"Bacteria","Bacteroidetes","Flavobacteriia","Flavobacteriales","Flavobacteriaceae","NS5"
"HM057714.1.1504",420,51,0.294797687861272,0.000117259326170869,"Bacteria","Proteobacteria","Alphaproteobacteria","Rhodobacterales","Rhodobacteraceae","uncultured"
"HM057722.1.1491",102,27,0.15606936416185,3.0204992217849e-05,"Bacteria","Nitrospinae","Nitrospinia","Nitrospinales","Nitrospinaceae","Nitrospina"
"HM057734.1.1476",238,21,0.121387283236994,7.44631235108132e-05,"Bacteria","Cyanobacteria","Chloroplast","uncultured",NA,NA
"HM057746.1.1448",389,45,0.260115606936416,0.000120910908057685,"Bacteria","Cyanobacteria","Chloroplast","uncultured",NA,NA
"HM057764.1.1509",86,28,0.161849710982659,3.28422741639136e-05,"Bacteria","Proteobacteria","Gammaproteobacteria","Oceanospirillales","Oceanospirillaceae","Oceaniserpentilla"
"HM057772.1.1512",1114,106,0.61271676300578,0.000295718166251259,"Bacteria","Verrucomicrobia","Opitutae","MB11C04",NA,NA
"HM057787.1.1528",269,61,0.352601156069364,7.34747349536072e-05,"Bacteria","Proteobacteria","Gammaproteobacteria","Legionellales","Coxiellaceae","Coxiella"
"HM057789.1.1506",286,35,0.202312138728324,7.3328439552503e-05,"Bacteria","Proteobacteria","Deltaproteobacteria","Bradymonadales","uncultured",NA
"HM057801.1.1519",176,25,0.144508670520231,4.54216903884213e-05,"Bacteria","Bacteroidetes","Bacteroidetes",NA,NA,NA
"HM057812.1.1468",627,80,0.46242774566474,0.000147700192188376,"Bacteria","Proteobacteria","Alphaproteobacteria","Rhizobiales","OCS116",NA
"HM103793.1.1011",75,29,0.167630057803468,1.65300821058132e-05,"Archaea","Euryarchaeota","Thermoplasmata","Thermoplasmatales","Marine",NA
"HM103818.1.933",115,25,0.144508670520231,2.24195577917175e-05,"Archaea","Euryarchaeota","Thermoplasmata","Thermoplasmatales","Marine",NA
"HM117554.1.1400",758,60,0.346820809248555,0.000202455698541704,"Bacteria","Bacteroidetes","Flavobacteriia","Flavobacteriales","Flavobacteriaceae","NS5"
"HM127539.1.1447",110,19,0.109826589595376,3.11604734120619e-05,"Bacteria","Bacteroidetes","Sphingobacteriia","Sphingobacteriales","NS11-12",NA
"HM127595.1.1404",1010,77,0.445086705202312,0.000277957078464675,"Bacteria","Cyanobacteria","Chloroplast","uncultured",NA,NA
"HM127614.1.1479",78,27,0.15606936416185,1.95851481950909e-05,"Bacteria","Verrucomicrobia","Opitutae","Puniceicoccales","Puniceicoccaceae","marine"
"HM142476.1.1504",257,38,0.219653179190751,5.44690318301229e-05,"Bacteria","Proteobacteria","Gammaproteobacteria","Oceanospirillales","SS1-B-06-26","uncultured"
"HM161878.1.1423",223,47,0.271676300578035,6.64614321146314e-05,"Bacteria","Bacteroidetes","Cytophagia","Cytophagales","Flammeovirgaceae","Marinoscillum"
"HM262380.1.1344",55,29,0.167630057803468,1.22627771952413e-05,"Bacteria","Actinobacteria","Acidimicrobiia","Acidimicrobiales","uncultured",NA
"HM483394.1.1603",172,70,0.404624277456647,4.28906404723554e-05,"Eukaryota","SAR","Alveolata","Protalveolata","Syndiniales","Amoebophrya"
"HM565910.2287.3749",342,71,0.410404624277457,8.0305203442922e-05,"Bacteria","Cyanobacteria","Chloroplast","uncultured",NA,NA
"HM565911.2962.4423",116,48,0.277456647398844,2.71343655627656e-05,"Bacteria","Cyanobacteria","Chloroplast","uncultured",NA,NA
"HM581603.1.1799",672,94,0.543352601156069,0.000158655296754248,"Eukaryota","Haptophyta","Prymnesiophyceae","Prymnesiales","OLI16029","uncultured"
"HM581632.1.1797",525,85,0.491329479768786,0.000142793804582613,"Eukaryota","Haptophyta","Prymnesiophyceae","Prymnesiales","Chrysochromulina","uncultured"
"HM581633.1.1797",1999,110,0.635838150289017,0.000500184363915187,"Eukaryota","Haptophyta","Prymnesiophyceae","OLI16010","uncultured",NA
"HM581635.1.1795",142,57,0.329479768786127,3.79744410836168e-05,"Eukaryota","Haptophyta","Prymnesiophyceae","Prymnesiales","Chrysochromulina","uncultured"
"HM581713.1.1778",129,33,0.190751445086705,3.51742727638437e-05,"Eukaryota","SAR","Alveolata","Ciliophora","Intramacronucleata","Spirotrichea"
"HM581715.1.1787",110,29,0.167630057803468,3.44148816540666e-05,"Eukaryota","uncultured",NA,NA,NA,NA
"HM581726.1.1776",1390,25,0.144508670520231,0.000313147232687852,"Eukaryota","Archaeplastida","Chloroplastida","Chlorophyta","Mamiellophyceae","Mamiellales"
"HM581742.1.1780",72,20,0.115606936416185,1.82281581861507e-05,"Eukaryota","Archaeplastida","Chloroplastida","Chlorophyta","Mamiellophyceae","uncultured"
"HM581748.1.1811",331,30,0.173410404624277,8.59311385130453e-05,"Eukaryota","SAR","Stramenopiles","MAST-3","MAST-3B","uncultured"
"HM581781.1.1786",682,73,0.421965317919075,0.000168303155733926,"Eukaryota","SAR","Stramenopiles","MAST-1","MAST-1A","uncultured"
"HM581783.1.1776",771,33,0.190751445086705,0.000204829040745985,"Eukaryota","Opisthokonta","Holozoa","Choanoflagellida","Acanthoecida","Stephanoecidae"
"HM591399.1.1495",127,18,0.104046242774566,2.57045214157452e-05,"Bacteria","Proteobacteria","Gammaproteobacteria","Alteromonadales","Alteromonadaceae","uncultured"
"HM798598.1.1416",902,66,0.38150289017341,0.00018343018284675,"Bacteria","Proteobacteria","Alphaproteobacteria","SAR11",NA,NA
"HM798599.1.1491",2481,80,0.46242774566474,0.000472567028982825,"Bacteria","Proteobacteria","Gammaproteobacteria","Oceanospirillales","SAR86",NA
"HM798600.1.1468",86,18,0.104046242774566,1.75364700609819e-05,"Bacteria","Proteobacteria","Deltaproteobacteria","Desulfurellales","Desulfurellaceae","H16"
"HM798617.1.1456",408,33,0.190751445086705,8.36275168760803e-05,"Bacteria","Verrucomicrobia","Arctic97B-4",NA,NA,NA
"HM798842.1.1404",77,34,0.196531791907514,1.59797018407802e-05,"Bacteria","Proteobacteria","Deltaproteobacteria","Myxococcales","Haliangiaceae","Haliangium"
"HM798856.1.1369",61,26,0.15028901734104,1.25080673687346e-05,"Bacteria","Proteobacteria","Alphaproteobacteria","Rhodobacterales","Rhodobacteraceae","uncultured"
"HM798927.1.1439",53,24,0.138728323699422,1.27890803245384e-05,"Bacteria","Proteobacteria","Alphaproteobacteria","Rhodospirillales","Rhodospirillaceae","uncultured"
"HM798965.1.1440",93,33,0.190751445086705,2.01241020978268e-05,"Bacteria","Proteobacteria","Alphaproteobacteria","Rhodospirillales","Rhodospirillaceae","uncultured"
"HM798970.1.1476",116,51,0.294797687861272,2.54558170916697e-05,"Bacteria","Proteobacteria","Deltaproteobacteria","Bradymonadales","uncultured",NA
"HM798991.1.1385",277,55,0.317919075144509,7.21914904988081e-05,"Bacteria","Cyanobacteria","Chloroplast","uncultured",NA,NA
"HM799062.1.1404",139,28,0.161849710982659,2.85779261631148e-05,"Bacteria","Planctomycetes","Planctomycetacia","Planctomycetales","Planctomycetaceae","Pir4"
"HM799094.1.1444",53,29,0.167630057803468,1.19157373330527e-05,"Bacteria","Lentisphaerae","Lentisphaeria","Lentisphaerales","Lentisphaeraceae","Lentisphaera"
"HM799100.1.1392",210,33,0.190751445086705,4.49976156116224e-05,"Bacteria","Bacteroidetes","Sphingobacteriia","Sphingobacteriales","Lentimicrobiaceae","uncultured"
"HM856564.1.1425",617,86,0.497109826589595,0.000143532155755243,"Bacteria","Proteobacteria","Betaproteobacteria","Methylophilales","Methylophilaceae","OM43"
"HQ111510.1.1803",67,27,0.15606936416185,1.62255041358975e-05,"Eukaryota","Archaeplastida","Chloroplastida","Chlorophyta","Prasinophytae","Pyramimonadales"
"HQ153895.1.1391",130,45,0.260115606936416,3.458726081049e-05,"Bacteria","Bacteroidetes","Flavobacteriia","Flavobacteriales","NS9",NA
"HQ153905.1.1385",339,75,0.433526011560694,7.41721482233435e-05,"Bacteria","Bacteroidetes","Flavobacteriia","Flavobacteriales","NS9",NA
"HQ156843.1.1213",203,40,0.23121387283237,4.86980097622747e-05,"Eukaryota","SAR","Alveolata","Protalveolata","Syndiniales","Syndiniales"
"HQ163152.1.1395",81,27,0.15606936416185,2.54685402469863e-05,"Bacteria","Verrucomicrobia","Arctic97B-4",NA,NA,NA
"HQ163173.1.1371",498,45,0.260115606936416,0.000103474036529113,"Bacteria","Marinimicrobia",NA,NA,NA,NA
"HQ163183.1.1331",248,34,0.196531791907514,7.11948552288671e-05,"Bacteria","Proteobacteria","Alphaproteobacteria","Rhodospirillales","Rhodospirillaceae","OM75"
"HQ163185.1.1365",212,50,0.289017341040462,5.31220427015383e-05,"Bacteria","Bacteroidetes","Cytophagia","Cytophagales","Flammeovirgaceae","uncultured"
"HQ163188.1.1360",183,23,0.132947976878613,5.07800234746955e-05,"Bacteria","Fibrobacteres","Fibrobacteria","Fibrobacterales","Fibrobacteraceae","uncultured"
"HQ163189.1.1389",76,37,0.213872832369942,1.97980106522379e-05,"Bacteria","Proteobacteria","Deltaproteobacteria","Myxococcales","Sandaracinaceae","uncultured"
"HQ163226.1.1273",378,100,0.578034682080925,9.21887970484012e-05,"Bacteria","Bacteroidetes","Flavobacteriia","Flavobacteriales","Flavobacteriaceae","NS4"
"HQ163230.1.1352",180,56,0.323699421965318,4.33237888729986e-05,"Bacteria","Actinobacteria","Acidimicrobiia","Acidimicrobiales","Sva0996",NA
"HQ163232.1.1392",511,63,0.364161849710983,0.000135696104486377,"Bacteria","Marinimicrobia",NA,NA,NA,NA
"HQ163246.1.1367",70,28,0.161849710982659,1.46750552464764e-05,"Bacteria","Bacteroidetes","Flavobacteriia","Flavobacteriales","Flavobacteriaceae","NS2b"
"HQ163248.1.1375",131,37,0.213872832369942,3.61789212377137e-05,"Bacteria","Proteobacteria","Gammaproteobacteria","Xanthomonadales","Xanthomonadaceae","Stenotrophomonas"
"HQ163250.1.1363",204,37,0.213872832369942,6.24028554423227e-05,"Bacteria","Bacteroidetes","Flavobacteriia","Flavobacteriales","Cryomorphaceae","uncultured"
"HQ163255.1.1374",95,33,0.190751445086705,2.83878854889302e-05,"Bacteria","Proteobacteria","Gammaproteobacteria","Oceanospirillales","JL-ETNP-Y6","uncultured"
"HQ163260.1.1400",359,42,0.242774566473988,8.18333233970111e-05,"Bacteria","Verrucomicrobia","Arctic97B-4",NA,NA,NA
"HQ163261.1.1369",417,57,0.329479768786127,0.000117247260796863,"Bacteria","Verrucomicrobia","Opitutae","MB11C04",NA,NA
"HQ163424.1.1365",277,46,0.265895953757225,7.66134500639184e-05,"Bacteria","Bacteroidetes","Flavobacteriia","Flavobacteriales","Cryomorphaceae","NS10"
"HQ163443.1.1344",895,141,0.815028901734104,0.000233848484136093,"Bacteria","Proteobacteria","Alphaproteobacteria","SAR11",NA,NA
"HQ163538.1.1338",122,43,0.248554913294798,2.66798589289589e-05,"Bacteria","Proteobacteria","Alphaproteobacteria","Rhodospirillales","Rhodospirillaceae","uncultured"
"HQ163657.1.1395",104,22,0.127167630057803,2.69718004578055e-05,"Bacteria","PAUC34f","uncultured",NA,NA,NA
"HQ163677.1.1351",99,40,0.23121387283237,2.48860753071166e-05,"Bacteria","Proteobacteria","Alphaproteobacteria","Rhodospirillales","Rhodospirillaceae","uncultured"
"HQ163685.1.1352",135,31,0.179190751445087,2.63196536929724e-05,"Bacteria","Nitrospinae","Nitrospinia","Nitrospinales","Nitrospinaceae","uncultured"
"HQ166782.1.1220",8954,171,0.988439306358382,0.00227943024659266,"Bacteria","Proteobacteria","Gammaproteobacteria","Thiotrichales","Piscirickettsiaceae","Methylophaga"
"HQ166818.1.1285",236,32,0.184971098265896,6.23280951559578e-05,"Bacteria","Proteobacteria","Alphaproteobacteria","Rhodobacterales","Rhodobacteraceae","uncultured"
"HQ183822.1.1503",177,36,0.208092485549133,4.24917649467937e-05,"Bacteria","Proteobacteria","Gammaproteobacteria","Oceanospirillales","Oceanospirillaceae","Oceanobacter"
"HQ183948.1.1478",199,20,0.115606936416185,4.06841559940924e-05,"Bacteria","Bacteroidetes","Flavobacteriia","Flavobacteriales","Flavobacteriaceae","Flavobacterium"
"HQ190511.1.1542",54,28,0.161849710982659,1.45123573329841e-05,"Bacteria","Proteobacteria","Gammaproteobacteria","Oceanospirillales","OM182",NA
"HQ190551.1.1468",226,22,0.127167630057803,5.65777611795519e-05,"Bacteria","Proteobacteria","Alphaproteobacteria","Rhodospirillales","Rhodospirillaceae","uncultured"
"HQ203962.1.1486",225,24,0.138728323699422,5.81593345619812e-05,"Bacteria","Proteobacteria","Epsilonproteobacteria","Campylobacterales","Campylobacteraceae","Arcobacter"
"HQ224976.1.1496",175,36,0.208092485549133,3.9638007494867e-05,"Bacteria","Proteobacteria","Gammaproteobacteria","Cellvibrionales","Porticoccaceae","SAR92"
"HQ225161.1.1480",71,25,0.144508670520231,2.2487577250095e-05,"Bacteria","Bacteroidetes","Flavobacteriia","Flavobacteriales","Flavobacteriaceae","Polaribacter"
"HQ226069.1.1799",74,31,0.179190751445087,1.62605844903889e-05,"Eukaryota","SAR","Alveolata","Dinoflagellata","Incertae",NA
"HQ241803.1.1443",78,29,0.167630057803468,1.92165970424979e-05,"Bacteria","Bacteroidetes","Flavobacteriia","Flavobacteriales","Flavobacteriaceae","Aquibacter"
"HQ241942.1.1447",3118,122,0.705202312138728,0.000786656018522505,"Bacteria","Proteobacteria","Alphaproteobacteria","SAR11",NA,NA
"HQ241962.1.1433",979,107,0.61849710982659,0.000246118954713097,"Bacteria","Cyanobacteria","Chloroplast","uncultured",NA,NA
"HQ241973.1.1404",545,51,0.294797687861272,0.000172580272501705,"Bacteria","Proteobacteria","Gammaproteobacteria","Oceanospirillales","Oceanospirillaceae","Marinobacterium"
"HQ241995.1.1360",3037,107,0.61849710982659,0.00075407741312511,"Bacteria","Bacteroidetes","Flavobacteriia","Flavobacteriales","Flavobacteriaceae","NS5"
"HQ242006.1.1324",3918,149,0.861271676300578,0.00111474941247679,"Bacteria","Proteobacteria","Alphaproteobacteria","SAR11",NA,NA
"HQ242021.1.1311",134,54,0.312138728323699,4.0302432675261e-05,"Bacteria","Proteobacteria","Alphaproteobacteria","Rhodobacterales","Rhodobacteraceae","Ascidiaceihabitans"
"HQ242075.1.1337",385,73,0.421965317919075,9.50963124511202e-05,"Bacteria","Cyanobacteria","Chloroplast","uncultured",NA,NA
"HQ242138.1.1445",172,37,0.213872832369942,4.8338341637162e-05,"Bacteria","Cyanobacteria","Chloroplast","uncultured",NA,NA
"HQ242141.1.1519",548,44,0.254335260115607,0.000121839384837859,"Bacteria","Proteobacteria","Gammaproteobacteria","Xanthomonadales","uncultured","uncultured"
"HQ242148.1.1447",1418,83,0.479768786127168,0.000418268768475216,"Bacteria","Proteobacteria","Alphaproteobacteria","SAR11",NA,NA
"HQ242234.1.1447",354,87,0.502890173410405,8.90833246211352e-05,"Bacteria","Proteobacteria","Alphaproteobacteria","Rickettsiales","SAR116",NA
"HQ242249.1.1518",1450,88,0.508670520231214,0.000407846529811655,"Bacteria","Proteobacteria","Gammaproteobacteria","Oceanospirillales","SAR86",NA
"HQ242261.1.1500",757,91,0.526011560693642,0.000180944871426482,"Bacteria","Proteobacteria","Gammaproteobacteria","Oceanospirillales","Oceanospirillaceae","Pseudohongiella"
"HQ242304.1.1424",383,76,0.439306358381503,9.22763483131548e-05,"Bacteria","Proteobacteria","Alphaproteobacteria","Rhodobacterales","Rhodobacteraceae","uncultured"
"HQ242342.1.1484",383,85,0.491329479768786,7.91406575591592e-05,"Bacteria","Proteobacteria","Deltaproteobacteria","Bdellovibrionales","Bdellovibrionaceae","OM27"
"HQ242346.1.1324",292,96,0.554913294797688,7.904849404775e-05,"Bacteria","Proteobacteria","Alphaproteobacteria","SAR11",NA,NA
"HQ242348.1.1434",145,37,0.213872832369942,4.0770940393263e-05,"Bacteria","Proteobacteria","Alphaproteobacteria","SAR11",NA,NA
"HQ242373.1.1521",4442,92,0.531791907514451,0.00102795060898605,"Bacteria","Marinimicrobia",NA,NA,NA,NA
"HQ242404.1.1491",544,72,0.416184971098266,0.000167689355247417,"Bacteria","Bacteroidetes","Flavobacteriia","Flavobacteriales","Flavobacteriaceae","NS4"
"HQ242533.1.1497",167,32,0.184971098265896,4.42295811082816e-05,"Bacteria","Proteobacteria","Gammaproteobacteria","Cellvibrionales","Cellvibrionaceae","Candidatus"
"HQ242576.1.1497",1167,29,0.167630057803468,0.000323177205726971,"Bacteria","Bacteroidetes","Flavobacteriia","Flavobacteriales","Cryomorphaceae","Fluviicola"
"HQ242598.1.1472",703,120,0.69364161849711,0.000156102459348353,"Bacteria","Proteobacteria","Gammaproteobacteria","Thiotrichales","Thiotrichales",NA
"HQ242620.1.1275",306,78,0.450867052023121,7.63299391121356e-05,"Bacteria","Proteobacteria","Alphaproteobacteria","SAR11",NA,NA
"HQ242621.1.1446",1553,97,0.560693641618497,0.000434606994691246,"Bacteria","Cyanobacteria","Chloroplast","uncultured",NA,NA
"HQ242622.1.1516",499,41,0.236994219653179,0.000139151225562256,"Bacteria","Marinimicrobia",NA,NA,NA,NA
"HQ242629.1.1447",527,94,0.543352601156069,0.000150608078692036,"Bacteria","Proteobacteria","Alphaproteobacteria","SAR11",NA,NA
"HQ242637.1.1436",779,119,0.687861271676301,0.00021233271109399,"Bacteria","Proteobacteria","Alphaproteobacteria","SAR11",NA,NA
"HQ242644.1.1436",545,107,0.61849710982659,0.000126947028112406,"Bacteria","Proteobacteria","Alphaproteobacteria","SAR11",NA,NA
"HQ270322.1.1523",72,23,0.132947976878613,1.46742041004087e-05,"Bacteria","PAUC34f","uncultured",NA,NA,NA
"HQ326317.1.1454",72,31,0.179190751445087,1.8764851516197e-05,"Bacteria","Proteobacteria","Alphaproteobacteria","Alphaproteobacteria",NA,NA
"HQ326350.1.1495",63,23,0.132947976878613,1.31110236475248e-05,"Bacteria","Proteobacteria","Gammaproteobacteria","KI89A",NA,NA
"HQ326404.1.1460",60,27,0.15606936416185,1.3118660356138e-05,"Bacteria","Proteobacteria","Alphaproteobacteria","Rhodospirillales","Rhodospirillaceae","uncultured"
"HQ340609.1.1457",155,21,0.121387283236994,3.67875257070067e-05,"Bacteria","Proteobacteria","Gammaproteobacteria","Alteromonadales","Alteromonadaceae","Salinimonas"
"HQ396999.1.1375",50,26,0.15028901734104,1.56293123336848e-05,"Bacteria","Bacteroidetes","Cytophagia","Cytophagales","Flammeovirgaceae","Marinoscillum"
"HQ433365.1.1391",101,22,0.127167630057803,4.07484156550863e-05,"Bacteria","Bacteroidetes","Flavobacteriia","Flavobacteriales","Cryomorphaceae","Fluviicola"
"HQ433388.1.1359",126,24,0.138728323699422,2.53776176230404e-05,"Bacteria","Proteobacteria","Alphaproteobacteria","Rhodospirillales","Rhodospirillaceae","uncultured"
"HQ433428.1.1391",116,20,0.115606936416185,3.12953468212878e-05,"Bacteria","Proteobacteria","Gammaproteobacteria","Cellvibrionales","Porticoccaceae","SAR92"
"HQ438139.1.1611",74,20,0.115606936416185,1.92314615473283e-05,"Eukaryota","SAR","Alveolata","Dinoflagellata","Dinophyceae","Peridiniphycidae"
"HQ438146.1.1610",79,30,0.173410404624277,1.72438091919586e-05,"Eukaryota","SAR","Alveolata","Protalveolata","Syndiniales","Syndiniales"
"HQ441223.1.1411",752,59,0.341040462427746,0.000155390689157793,"Bacteria","Proteobacteria","Gammaproteobacteria","Oceanospirillales","Halomonadaceae","Halomonas"
"HQ446969.1.1731",105,18,0.104046242774566,2.0326657449685e-05,"Eukaryota","SAR","Alveolata","Protalveolata","Syndiniales","Syndiniales"
"HQ449708.1.1374",106,22,0.127167630057803,2.04668745404044e-05,"Bacteria","Proteobacteria","Alphaproteobacteria","Sphingomonadales","Erythrobacteraceae","Erythrobacter"
"HQ529790.1.904",1806,99,0.572254335260116,0.00046652747831645,"Archaea","Euryarchaeota","Thermoplasmata","Thermoplasmatales","Marine",NA
"HQ529791.1.905",166,41,0.236994219653179,4.36494992455641e-05,"Archaea","Euryarchaeota","Thermoplasmata","Thermoplasmatales","Marine",NA
"HQ529792.1.914",472,65,0.375722543352601,0.00011273004861718,"Archaea","Euryarchaeota","Thermoplasmata","Thermoplasmatales","Marine",NA
"HQ529794.1.915",478,80,0.46242774566474,0.00011070471828032,"Archaea","Euryarchaeota","Thermoplasmata","Thermoplasmatales","Marine",NA
"HQ529808.1.914",185,45,0.260115606936416,4.56261214713705e-05,"Archaea","Euryarchaeota","Thermoplasmata","Thermoplasmatales","Marine",NA
"HQ529809.1.906",1027,90,0.520231213872832,0.000264601752780434,"Archaea","Euryarchaeota","Thermoplasmata","Thermoplasmatales","Marine",NA
"HQ529812.1.912",1094,79,0.456647398843931,0.000263152040577323,"Archaea","Euryarchaeota","Thermoplasmata","Thermoplasmatales","Marine",NA
"HQ529849.1.917",1525,77,0.445086705202312,0.000304075723516758,"Archaea","Euryarchaeota","Thermoplasmata","Thermoplasmatales","Marine",NA
"HQ529851.1.915",53,22,0.127167630057803,1.05683330644086e-05,"Archaea","Euryarchaeota","Thermoplasmata","Thermoplasmatales","Marine",NA
"HQ529856.1.915",71,26,0.15028901734104,1.39390172247339e-05,"Archaea","Thaumarchaeota","Marine",NA,NA,NA
"HQ529859.1.914",163,25,0.144508670520231,2.90673098223572e-05,"Archaea","Thaumarchaeota","Marine",NA,NA,NA
"HQ529869.1.916",140,30,0.173410404624277,2.84244303819738e-05,"Archaea","Thaumarchaeota","Marine",NA,NA,NA
"HQ529877.1.911",71,24,0.138728323699422,1.52754663423106e-05,"Archaea","Thaumarchaeota","Marine",NA,NA,NA
"HQ529887.1.906",584,42,0.242774566473988,0.000117548004029891,"Archaea","Thaumarchaeota","Marine",NA,NA,NA
"HQ529888.1.911",353,30,0.173410404624277,7.46206358460404e-05,"Archaea","Thaumarchaeota","Marine",NA,NA,NA
"HQ529890.1.917",425,32,0.184971098265896,8.66901000580563e-05,"Archaea","Thaumarchaeota","Marine",NA,NA,NA
"HQ529898.1.916",379,29,0.167630057803468,7.56137251569888e-05,"Archaea","Thaumarchaeota","Marine",NA,NA,NA
"HQ529899.1.915",191,28,0.161849710982659,3.41221178299941e-05,"Archaea","Thaumarchaeota","Marine",NA,NA,NA
"HQ541865.1.1460",73,22,0.127167630057803,1.94687573392679e-05,"Archaea","Euryarchaeota","Thermoplasmata","Thermoplasmatales","Marine",NA
"HQ588361.1.1392",74,28,0.161849710982659,2.56271335079273e-05,"Bacteria","Proteobacteria","Gammaproteobacteria","Xanthomonadales","JTB255",NA
"HQ622550.1.1449",195,33,0.190751445086705,3.94076346258784e-05,"Bacteria","Proteobacteria","Alphaproteobacteria","Rhizobiales","Aurantimonadaceae","Fulvimarina"
"HQ651802.1.1793",537,70,0.404624277456647,0.000123698409231459,"Eukaryota","SAR","Rhizaria","Retaria","Polycystinea","Nassellaria"
"HQ652521.1.1356",173,30,0.173410404624277,3.74154614966254e-05,"Bacteria","Proteobacteria","Alphaproteobacteria","Rhodospirillales","AT-s3-44","uncultured"
"HQ652529.1.1378",114,34,0.196531791907514,2.4108483427845e-05,"Bacteria","Proteobacteria","Deltaproteobacteria","Bdellovibrionales","Bdellovibrionaceae","OM27"
"HQ664692.1.1350",532,25,0.144508670520231,0.000118989386055016,"Bacteria","Bacteroidetes","Flavobacteriia","Flavobacteriales","Flavobacteriaceae","uncultured"
"HQ671746.1.1414",276,57,0.329479768786127,7.25043450083669e-05,"Bacteria","Cyanobacteria","Chloroplast","uncultured",NA,NA
"HQ671747.1.1440",572,40,0.23121387283237,0.0001481398601973,"Bacteria","Cyanobacteria","Chloroplast","uncultured",NA,NA
"HQ671759.1.1515",140,44,0.254335260115607,3.18502860809038e-05,"Bacteria","Proteobacteria","Deltaproteobacteria","Oligoflexales","053A03-B-DI-P58","uncultured"
"HQ671769.1.1436",628,80,0.46242774566474,0.000152293416458384,"Bacteria","Cyanobacteria","Cyanobacteria","SubsectionI","FamilyI","Prochlorococcus"
"HQ671780.1.1479",2797,97,0.560693641618497,0.000636593814309585,"Bacteria","Bacteroidetes","Cytophagia","Cytophagales","Flammeovirgaceae","Marinoscillum"
"HQ671782.1.1436",142,52,0.300578034682081,3.69543033452437e-05,"Bacteria","Cyanobacteria","Cyanobacteria","SubsectionI","FamilyI","Synechococcus"
"HQ671784.1.1284",415,30,0.173410404624277,0.000109021331255561,"Bacteria","Proteobacteria","Alphaproteobacteria","Rhodobacterales","Rhodobacteraceae","uncultured"
"HQ671787.1.1443",596,65,0.375722543352601,0.000161195287658674,"Bacteria","Cyanobacteria","Chloroplast","uncultured",NA,NA
"HQ671810.1.1467",52,28,0.161849710982659,1.53809054082719e-05,"Bacteria","Proteobacteria","Alphaproteobacteria","Rhodospirillales","Rhodospirillaceae","OM75"
"HQ671822.1.1485",437,30,0.173410404624277,0.000133177207910476,"Bacteria","Nitrospinae","Nitrospinia","Nitrospinales","Nitrospinaceae","Nitrospina"
"HQ671828.1.1447",253,73,0.421965317919075,5.54212606036649e-05,"Bacteria","Proteobacteria","Alphaproteobacteria","Rhodospirillales","Rhodospirillaceae","uncultured"
"HQ671832.1.1452",1371,89,0.514450867052023,0.000351282935977346,"Bacteria","Cyanobacteria","Chloroplast","uncultured",NA,NA
"HQ671842.1.1493",331,57,0.329479768786127,8.6658476659684e-05,"Bacteria","Proteobacteria","Gammaproteobacteria","Oceanospirillales","Oceanospirillaceae","Balneatrix"
"HQ671843.1.1485",2330,106,0.61271676300578,0.000519024770387051,"Bacteria","Bacteroidetes","Flavobacteriia","Flavobacteriales","Cryomorphaceae","Fluviicola"
"HQ671844.1.1443",466,60,0.346820809248555,0.000148258604192977,"Bacteria","Cyanobacteria","Cyanobacteria","SubsectionI","FamilyI","Prochlorococcus"
"HQ671886.1.1437",107,39,0.225433526011561,2.37435868698231e-05,"Bacteria","Cyanobacteria","Cyanobacteria","SubsectionI","FamilyI","Synechococcus"
"HQ671898.1.1431",921,91,0.526011560693642,0.000244481424499332,"Bacteria","Cyanobacteria","Chloroplast","uncultured",NA,NA
"HQ671902.1.1460",332,62,0.358381502890173,7.88555064392195e-05,"Bacteria","Proteobacteria","Alphaproteobacteria","Rhodospirillales","Rhodospirillaceae","uncultured"
"HQ671903.1.1485",952,121,0.699421965317919,0.000235601062795002,"Bacteria","Bacteroidetes","Flavobacteriia","Flavobacteriales","NS9",NA
"HQ671907.1.1399",958,97,0.560693641618497,0.000265806942497069,"Bacteria","Proteobacteria","Gammaproteobacteria","Gammaproteobacteria",NA,NA
"HQ671908.1.1429",1886,88,0.508670520231214,0.000442528433659144,"Bacteria","Chloroflexi","SAR202",NA,NA,NA
"HQ671930.1.1504",3183,107,0.61849710982659,0.000807986510085719,"Bacteria","Proteobacteria","Gammaproteobacteria","Salinisphaerales","Salinisphaeraceae","ZD0417"
"HQ671933.1.1447",58,31,0.179190751445087,1.62286508913983e-05,"Bacteria","Cyanobacteria","Chloroplast","uncultured",NA,NA
"HQ671943.1.1369",2469,97,0.560693641618497,0.000696843107441514,"Bacteria","Bacteroidetes","Flavobacteriia","Flavobacteriales","Flavobacteriaceae","Flavobacterium"
"HQ671966.1.1464",223,38,0.219653179190751,5.60350537892307e-05,"Bacteria","SBR1093","uncultured",NA,NA,NA
"HQ671967.1.1514",1916,133,0.76878612716763,0.000562046853022414,"Bacteria","Marinimicrobia",NA,NA,NA,NA
"HQ671971.1.1458",950,57,0.329479768786127,0.000237523363636176,"Bacteria","Cyanobacteria","Chloroplast","uncultured",NA,NA
"HQ671974.1.1451",730,101,0.583815028901734,0.000203179145030448,"Bacteria","Proteobacteria","Alphaproteobacteria","Rickettsiales","SAR116",NA
"HQ671977.1.1462",345,46,0.265895953757225,9.66600874338487e-05,"Bacteria","Proteobacteria","Alphaproteobacteria","Rhodospirillales","Rhodospirillaceae","Magnetospira"
"HQ671978.1.1421",253,65,0.375722543352601,6.69313764945964e-05,"Bacteria","Cyanobacteria","Chloroplast","uncultured",NA,NA
"HQ671986.1.1448",2411,105,0.606936416184971,0.000630083799743388,"Bacteria","Cyanobacteria","Chloroplast","uncultured",NA,NA
"HQ671990.1.1465",344,98,0.566473988439306,9.32695223356189e-05,"Bacteria","Proteobacteria","Alphaproteobacteria","Rhodospirillales","Rhodospirillaceae","uncultured"
"HQ672006.1.1457",632,39,0.225433526011561,0.000180379541170632,"Bacteria","Proteobacteria","Alphaproteobacteria","Rhodospirillales","Rhodospirillaceae","uncultured"
"HQ672009.1.1443",71,36,0.208092485549133,1.73024959285857e-05,"Bacteria","Cyanobacteria","Chloroplast","uncultured",NA,NA
"HQ672017.1.1436",769,101,0.583815028901734,0.000173746170617179,"Bacteria","Proteobacteria","Alphaproteobacteria","SAR11",NA,NA
"HQ672019.1.1489",2088,66,0.38150289017341,0.000535025030196783,"Bacteria","Proteobacteria","Gammaproteobacteria","Cellvibrionales","Porticoccaceae","SAR92"
"HQ672023.1.1447",650,46,0.265895953757225,0.000183995300609236,"Bacteria","Cyanobacteria","Chloroplast","uncultured",NA,NA
"HQ672035.1.1484",652,129,0.745664739884393,0.00016529683954802,"Bacteria","Bacteroidetes","Flavobacteriia","Flavobacteriales","NS9",NA
"HQ672055.1.1504",466,96,0.554913294797688,0.000128152848334126,"Bacteria","Proteobacteria","Gammaproteobacteria","Oceanospirillales","Oceanospirillaceae","Balneatrix"
"HQ672057.1.1491",228,33,0.190751445086705,6.67807583591693e-05,"Bacteria","Bacteroidetes","Flavobacteriia","Flavobacteriales","Flavobacteriaceae","NS5"
"HQ672062.1.1463",1667,119,0.687861271676301,0.000401808682966985,"Bacteria","Cyanobacteria","Chloroplast","uncultured",NA,NA
"HQ672064.1.1462",618,41,0.236994219653179,0.000177468717716635,"Bacteria","Bacteroidetes","Flavobacteriia","Flavobacteriales","Cryomorphaceae","NS10"
"HQ672066.1.1484",139,59,0.341040462427746,4.01415043139896e-05,"Bacteria","Bacteroidetes","Flavobacteriia","Flavobacteriales","NS7",NA
"HQ672070.1.1444",2056,123,0.710982658959538,0.000513414561522752,"Bacteria","Cyanobacteria","Chloroplast","uncultured",NA,NA
"HQ672081.1.1435",482,51,0.294797687861272,0.000136034820510547,"Bacteria","Proteobacteria","Alphaproteobacteria","SAR11",NA,NA
"HQ672090.1.1464",510,71,0.410404624277457,0.000108336666969999,"Bacteria","Proteobacteria","Alphaproteobacteria","Rhodospirillales","Rhodospirillaceae","uncultured"
"HQ672111.1.1426",341,64,0.369942196531792,7.50669569150938e-05,"Bacteria","Proteobacteria","Alphaproteobacteria","Rhodospirillales","Rhodospirillaceae","uncultured"
"HQ672112.1.1419",393,45,0.260115606936416,0.00010728092109103,"Bacteria","Cyanobacteria","Chloroplast","uncultured",NA,NA
"HQ672119.1.1506",485,66,0.38150289017341,0.000137284063302496,"Bacteria","Verrucomicrobia","Verrucomicrobiae","Verrucomicrobiales","Verrucomicrobiaceae","Roseibacillus"
"HQ672155.1.1438",221,20,0.115606936416185,6.87860645318035e-05,"Bacteria","Cyanobacteria","Cyanobacteria","SubsectionI","FamilyI","Synechococcus"
"HQ672162.1.1483",282,82,0.473988439306358,8.7968063191512e-05,"Bacteria","Bacteroidetes","Flavobacteriia","Flavobacteriales","NS7",NA
"HQ672169.1.1454",353,50,0.289017341040462,0.000117701487212554,"Bacteria","Actinobacteria","Acidimicrobiia","Acidimicrobiales","OM1",NA
"HQ672176.1.1481",188,25,0.144508670520231,6.56783353102114e-05,"Bacteria","Proteobacteria","Alphaproteobacteria","Rhodospirillales","Rhodospirillaceae","OM75"
"HQ672177.1.1449",157,53,0.30635838150289,4.19103052558466e-05,"Bacteria","Proteobacteria","Alphaproteobacteria","Rhodospirillales","Rhodospirillaceae","uncultured"
"HQ672178.1.1432",1563,70,0.404624277456647,0.000451721062490689,"Bacteria","Cyanobacteria","Chloroplast","uncultured",NA,NA
"HQ672204.1.1459",1550,59,0.341040462427746,0.000381022567730075,"Bacteria","Cyanobacteria","Chloroplast","uncultured",NA,NA
"HQ672205.1.1461",128,26,0.15028901734104,3.60999479394134e-05,"Bacteria","Proteobacteria","Alphaproteobacteria","Rhodobacterales","Rhodobacteraceae","Planktomarina"
"HQ672210.1.1440",895,112,0.647398843930636,0.000246433483280367,"Bacteria","Cyanobacteria","Chloroplast","uncultured",NA,NA
"HQ672215.1.1448",2774,69,0.398843930635838,0.000808269988689672,"Bacteria","Proteobacteria","Alphaproteobacteria","Rhodobacterales","Rhodobacteraceae","uncultured"
"HQ672216.1.1434",113,50,0.289017341040462,2.84984656276893e-05,"Bacteria","Cyanobacteria","Chloroplast","uncultured",NA,NA
"HQ672217.1.1433",135,44,0.254335260115607,3.58528306032925e-05,"Bacteria","Cyanobacteria","Chloroplast","uncultured",NA,NA
"HQ672240.1.1504",1331,98,0.566473988439306,0.000309749398195157,"Bacteria","Proteobacteria","Deltaproteobacteria","SAR324",NA,NA
"HQ672244.1.1446",890,77,0.445086705202312,0.00018499351466375,"Bacteria","Proteobacteria","Alphaproteobacteria","SAR11",NA,NA
"HQ672252.1.1448",307,97,0.560693641618497,7.35717129020498e-05,"Bacteria","Proteobacteria","Alphaproteobacteria","SAR11",NA,NA
"HQ672257.1.1503",489,48,0.277456647398844,0.000104401357166483,"Bacteria","Proteobacteria","Gammaproteobacteria","Oceanospirillales","JL-ETNP-Y6","uncultured"
"HQ672258.1.1436",553,86,0.497109826589595,0.000116181181662715,"Bacteria","Proteobacteria","Alphaproteobacteria","SAR11",NA,NA
"HQ672273.1.1437",2859,139,0.803468208092486,0.000643164178250028,"Bacteria","Proteobacteria","Alphaproteobacteria","SAR11",NA,NA
"HQ672275.1.1501",1787,34,0.196531791907514,0.00036087386747603,"Bacteria","Actinobacteria","Acidimicrobiia","Acidimicrobiales","uncultured","uncultured"
"HQ672277.1.1436",245,60,0.346820809248555,5.25389530411996e-05,"Bacteria","Proteobacteria","Alphaproteobacteria","SAR11",NA,NA
"HQ672279.1.1435",2294,115,0.664739884393064,0.000497347214922101,"Bacteria","Proteobacteria","Alphaproteobacteria","SAR11",NA,NA
"HQ672288.1.1494",1630,94,0.543352601156069,0.000341787366769141,"Bacteria","Bacteroidetes","Flavobacteriia","Flavobacteriales","NS9",NA
"HQ672296.1.1466",512,72,0.416184971098266,0.000109167700833493,"Bacteria","Proteobacteria","Alphaproteobacteria","SAR11",NA,NA
"HQ672307.1.1520",376,51,0.294797687861272,0.000109707302286098,"Bacteria","Marinimicrobia",NA,NA,NA,NA
"HQ672313.1.1513",331,34,0.196531791907514,6.74792275675404e-05,"Bacteria","Marinimicrobia",NA,NA,NA,NA
"HQ672318.1.1519",201,34,0.196531791907514,3.95542354756109e-05,"Bacteria","Proteobacteria","Deltaproteobacteria","Myxococcales","P3OB-42","uncultured"
"HQ672322.1.1517",1163,68,0.393063583815029,0.000237557404268949,"Bacteria","Planctomycetes","Pla3",NA,NA,NA
"HQ672324.1.1525",135,29,0.167630057803468,2.93388834249982e-05,"Bacteria","Marinimicrobia",NA,NA,NA,NA
"HQ672326.1.1437",1857,51,0.294797687861272,0.000402447746862906,"Bacteria","Proteobacteria","Alphaproteobacteria","SAR11",NA,NA
"HQ672328.1.1435",1021,120,0.69364161849711,0.000229775640519913,"Bacteria","Proteobacteria","Alphaproteobacteria","SAR11",NA,NA
"HQ672330.1.1478",502,67,0.38728323699422,0.000100265377902481,"Bacteria","Actinobacteria","Acidimicrobiia","Acidimicrobiales","Sva0996",NA
"HQ672331.1.1435",1199,100,0.578034682080925,0.000266898742656165,"Bacteria","Proteobacteria","Alphaproteobacteria","SAR11",NA,NA
"HQ672334.1.1461",998,88,0.508670520231214,0.00021992127183975,"Bacteria","Proteobacteria","Deltaproteobacteria","SAR324",NA,NA
"HQ672337.1.1435",817,114,0.658959537572254,0.00019094281841677,"Bacteria","Proteobacteria","Alphaproteobacteria","SAR11",NA,NA
"HQ672339.1.1453",229,74,0.427745664739884,5.04739311678339e-05,"Bacteria","Proteobacteria","Deltaproteobacteria","Bdellovibrionales","Bdellovibrionaceae","OM27"
"HQ672362.1.1464",835,72,0.416184971098266,0.000172554938724779,"Bacteria","Proteobacteria","Alphaproteobacteria","Rhodospirillales","Rhodospirillaceae","uncultured"
"HQ672376.1.1517",54,22,0.127167630057803,1.16375030431507e-05,"Bacteria","Proteobacteria","ARKICE-90","uncultured",NA,NA
"HQ672383.1.1501",222,18,0.104046242774566,5.39143139832369e-05,"Bacteria","Proteobacteria","Gammaproteobacteria","Salinisphaerales","Salinisphaeraceae","ZD0417"
"HQ672387.1.1509",135,38,0.219653179190751,2.86762576899185e-05,"Bacteria","Proteobacteria","Gammaproteobacteria","Oceanospirillales","ZD0405","uncultured"
"HQ672391.1.1306",459,53,0.30635838150289,0.000101829522093713,"Bacteria","Actinobacteria","Acidimicrobiia","Acidimicrobiales","Sva0996",NA
"HQ672402.1.1435",1490,120,0.69364161849711,0.000339806037901174,"Bacteria","Proteobacteria","Alphaproteobacteria","SAR11",NA,NA
"HQ672404.1.1510",50,27,0.15606936416185,1.02146822895259e-05,"Bacteria","Proteobacteria","Gammaproteobacteria","Legionellales","Coxiellaceae","Coxiella"
"HQ672405.1.1502",97,37,0.213872832369942,1.96365445341663e-05,"Bacteria","Marinimicrobia",NA,NA,NA,NA
"HQ672413.1.1435",961,100,0.578034682080925,0.000228594639221293,"Bacteria","Proteobacteria","Alphaproteobacteria","SAR11",NA,NA
"HQ672419.1.1520",336,72,0.416184971098266,6.8764865725006e-05,"Bacteria","Marinimicrobia",NA,NA,NA,NA
"HQ672422.1.1506",560,31,0.179190751445087,0.000117174623622146,"Bacteria","Proteobacteria","Gammaproteobacteria","Salinisphaerales","Salinisphaeraceae","ZD0417"
"HQ672424.1.1466",422,72,0.416184971098266,8.98684429213422e-05,"Bacteria","Proteobacteria","Alphaproteobacteria","SAR11",NA,NA
"HQ672427.1.1475",651,51,0.294797687861272,0.000132565334876998,"Bacteria","Chloroflexi","S085","uncultured",NA,NA
"HQ672435.1.1446",324,46,0.265895953757225,6.46051313273425e-05,"Bacteria","Proteobacteria","Alphaproteobacteria","SAR11",NA,NA
"HQ672441.1.1436",464,65,0.375722543352601,9.89493029493207e-05,"Bacteria","Proteobacteria","Alphaproteobacteria","SAR11",NA,NA
"HQ672443.1.1436",6653,118,0.682080924855491,0.0015044639887781,"Bacteria","Proteobacteria","Alphaproteobacteria","SAR11",NA,NA
"HQ672445.1.1436",646,89,0.514450867052023,0.000135353490289987,"Bacteria","Proteobacteria","Alphaproteobacteria","SAR11",NA,NA
"HQ672448.1.1487",252,30,0.173410404624277,5.12332499365298e-05,"Bacteria","Proteobacteria","Gammaproteobacteria","Oceanospirillales","ZD0405","uncultured"
"HQ672455.1.1483",491,76,0.439306358381503,0.000102882909437778,"Bacteria","Actinobacteria","Acidimicrobiia","Acidimicrobiales","OM1",NA
"HQ672456.1.1497",111,57,0.329479768786127,2.81739978438542e-05,"Bacteria","Proteobacteria","Deltaproteobacteria","Bdellovibrionales","Bdellovibrionaceae","OM27"
"HQ672464.1.1524",521,83,0.479768786127168,0.000116570352665676,"Bacteria","Marinimicrobia",NA,NA,NA,NA
"HQ672473.1.1494",208,69,0.398843930635838,5.05929627366561e-05,"Bacteria","Cyanobacteria","ML635J-21","uncultured",NA,NA
"HQ672474.1.1438",357,43,0.248554913294798,7.25184876553322e-05,"Bacteria","Proteobacteria","Alphaproteobacteria","SAR11",NA,NA
"HQ672479.1.1504",3505,26,0.15028901734104,0.000732294163549602,"Bacteria","Proteobacteria","Gammaproteobacteria","Salinisphaerales","Salinisphaeraceae","ZD0417"
"HQ672481.1.1520",2150,116,0.670520231213873,0.000459809175438815,"Bacteria","Marinimicrobia",NA,NA,NA,NA
"HQ672484.1.1502",942,84,0.485549132947977,0.000194019223166374,"Bacteria","Proteobacteria","AEGEAN-245","uncultured",NA,NA
"HQ672486.1.1447",293,49,0.283236994219653,6.04259471654727e-05,"Bacteria","Proteobacteria","Alphaproteobacteria","SAR11",NA,NA
"HQ672491.1.1437",444,76,0.439306358381503,9.35889224510949e-05,"Bacteria","Proteobacteria","Alphaproteobacteria","SAR11",NA,NA
"HQ672500.1.1485",63,40,0.23121387283237,1.34885496503748e-05,"Bacteria","Actinobacteria","Acidimicrobiia","Acidimicrobiales","Sva0996",NA
"HQ672501.1.1434",236,60,0.346820809248555,5.02972462976126e-05,"Bacteria","Proteobacteria","Alphaproteobacteria","SAR11",NA,NA
"HQ672505.1.1447",845,108,0.624277456647399,0.000203633296443495,"Bacteria","Proteobacteria","Alphaproteobacteria","SAR11",NA,NA
"HQ672508.1.1434",194,47,0.271676300578035,4.25099740202519e-05,"Bacteria","Proteobacteria","Alphaproteobacteria","SAR11",NA,NA
"HQ672509.1.1501",296,30,0.173410404624277,6.0259098622895e-05,"Bacteria","Proteobacteria","Gammaproteobacteria","Methylococcales","Milano-WF1B-03","uncultured"
"HQ672515.1.1436",790,101,0.583815028901734,0.000177582149955556,"Bacteria","Proteobacteria","Alphaproteobacteria","SAR11",NA,NA
"HQ672545.1.1447",825,103,0.595375722543353,0.000193954040653219,"Bacteria","Proteobacteria","Alphaproteobacteria","SAR11",NA,NA
"HQ672568.1.1430",358,22,0.127167630057803,7.03959653280216e-05,"Bacteria","Marinimicrobia",NA,NA,NA,NA
"HQ672571.1.1452",328,40,0.23121387283237,6.54756949699127e-05,"Bacteria","Proteobacteria","Alphaproteobacteria","Rhodospirillales","Rhodospirillaceae","uncultured"
"HQ672574.1.1497",776,85,0.491329479768786,0.000167357241733104,"Bacteria","Marinimicrobia",NA,NA,NA,NA
"HQ672575.1.1509",463,36,0.208092485549133,9.63470683907284e-05,"Bacteria","Proteobacteria","Betaproteobacteria","Methylophilales","Methylophilaceae","OM43"
"HQ672579.1.1288",1836,135,0.780346820809249,0.000430803048498133,"Bacteria","Bacteroidetes","Flavobacteriia","Flavobacteriales","NS9",NA
"HQ672580.1.1485",1714,32,0.184971098265896,0.000363299248702145,"Bacteria","Nitrospinae","Nitrospinia","Nitrospinales","Nitrospinaceae","Nitrospina"
"HQ672584.1.1445",1466,99,0.572254335260116,0.000314810088405425,"Bacteria","Proteobacteria","Alphaproteobacteria","SAR11",NA,NA
"HQ672585.1.1501",523,34,0.196531791907514,0.000110627480642344,"Bacteria","Proteobacteria","Gammaproteobacteria","E01-9C-26",NA,NA
"HQ672590.1.1446",2411,95,0.549132947976879,0.000498676110686215,"Bacteria","Proteobacteria","Alphaproteobacteria","SAR11",NA,NA
"HQ672594.1.1294",61,39,0.225433526011561,1.54272430243281e-05,"Bacteria","Proteobacteria","Gammaproteobacteria","Oceanospirillales","ZD0405","uncultured"
"HQ672616.1.1480",795,121,0.699421965317919,0.000180476021853655,"Bacteria","Nitrospinae","Nitrospinia","Nitrospinales","Nitrospinaceae","Nitrospina"
"HQ672629.1.1436",816,83,0.479768786127168,0.000165720792953134,"Bacteria","Proteobacteria","Alphaproteobacteria","SAR11",NA,NA
"HQ672634.1.1523",936,87,0.502890173410405,0.000194716056014133,"Bacteria","Marinimicrobia",NA,NA,NA,NA
"HQ672635.1.1436",5255,130,0.751445086705202,0.00114236689346631,"Bacteria","Proteobacteria","Alphaproteobacteria","SAR11",NA,NA
"HQ672643.1.1480",94,26,0.15028901734104,2.05374880402945e-05,"Bacteria","Nitrospinae","Nitrospinia","Nitrospinales","Nitrospinaceae","Nitrospina"
"HQ672644.1.1447",349,73,0.421965317919075,7.6004282443733e-05,"Bacteria","Proteobacteria","Gammaproteobacteria","Oceanospirillales","ZD0405","uncultured"
"HQ672651.1.1436",1097,97,0.560693641618497,0.000240788767945929,"Bacteria","Proteobacteria","Alphaproteobacteria","SAR11",NA,NA
"HQ672652.1.1524",299,36,0.208092485549133,6.69870821951095e-05,"Bacteria","Proteobacteria","Gammaproteobacteria","Xanthomonadales","JTB255",NA
"HQ672664.1.1517",148,32,0.184971098265896,4.14968397957384e-05,"Bacteria","Planctomycetes","Planctomycetacia","Planctomycetales","Planctomycetaceae","uncultured"
"HQ672684.1.1504",950,48,0.277456647398844,0.000204345731833614,"Bacteria","Proteobacteria","Gammaproteobacteria","Oceanospirillales","JL-ETNP-Y6","uncultured"
"HQ672690.1.1435",902,81,0.468208092485549,0.000181621683614275,"Bacteria","Proteobacteria","Alphaproteobacteria","SAR11",NA,NA
"HQ672692.1.1502",665,40,0.23121387283237,0.000136931617216083,"Bacteria","Marinimicrobia",NA,NA,NA,NA
"HQ672693.1.1437",60,27,0.15606936416185,1.23750017127982e-05,"Bacteria","Proteobacteria","Alphaproteobacteria","SAR11",NA,NA
"HQ672697.1.1481",169,49,0.283236994219653,3.8155279208444e-05,"Bacteria","Nitrospinae","Nitrospinia","Nitrospinales","Nitrospinaceae","Nitrospina"
"HQ672701.1.1507",973,84,0.485549132947977,0.000240784336947253,"Bacteria","Verrucomicrobia","Arctic97B-4",NA,NA,NA
"HQ672705.1.1451",374,102,0.589595375722543,8.16398609598093e-05,"Bacteria","Proteobacteria","Alphaproteobacteria","SAR11",NA,NA
"HQ672714.1.1481",75,20,0.115606936416185,1.63941052359691e-05,"Bacteria","Proteobacteria","Deltaproteobacteria","SAR324",NA,NA
"HQ672720.1.1447",9884,131,0.757225433526012,0.00213290125928455,"Bacteria","Proteobacteria","Alphaproteobacteria","SAR11",NA,NA
"HQ672724.1.1498",428,118,0.682080924855491,0.000111533352921818,"Bacteria","Proteobacteria","Alphaproteobacteria","SAR11",NA,NA
"HQ672727.1.1522",155,28,0.161849710982659,3.0998891986768e-05,"Bacteria","Marinimicrobia",NA,NA,NA,NA
"HQ672736.1.1447",267,27,0.15606936416185,5.38200209176612e-05,"Bacteria","Proteobacteria","Alphaproteobacteria","Rhodobacterales","Rhodobacteraceae","uncultured"
"HQ672745.1.1495",378,46,0.265895953757225,0.000105602141250173,"Bacteria","Nitrospinae","Nitrospinia","Nitrospinales","Nitrospinaceae","Nitrospina"
"HQ672748.1.1471",463,91,0.526011560693642,0.00010741560133327,"Bacteria","Proteobacteria","Gammaproteobacteria","Gammaproteobacteria",NA,NA
"HQ672761.1.1499",59,20,0.115606936416185,1.18503426018438e-05,"Bacteria","Proteobacteria","SPOTSOCT00m83","uncultured",NA,NA
"HQ672775.1.1495",1017,36,0.208092485549133,0.000210322680165943,"Bacteria","Proteobacteria","Alphaproteobacteria","Rhodospirillales","AT-s3-44","uncultured"
"HQ672778.1.1523",835,92,0.531791907514451,0.000173326621692597,"Bacteria","Marinimicrobia",NA,NA,NA,NA
"HQ672805.1.1482",359,31,0.179190751445087,8.36644064933205e-05,"Bacteria","Chloroflexi","SAR202",NA,NA,NA
"HQ672825.1.1447",83,25,0.144508670520231,1.52215393499723e-05,"Bacteria","Proteobacteria","Alphaproteobacteria","SAR11",NA,NA
"HQ672847.1.1483",206,34,0.196531791907514,4.38054038687253e-05,"Bacteria","Nitrospinae","Nitrospinia","Nitrospinales","Nitrospinaceae","Nitrospina"
"HQ672849.1.1437",782,82,0.473988439306358,0.000170423873829696,"Bacteria","Proteobacteria","Alphaproteobacteria","SAR11",NA,NA
"HQ672858.1.1436",676,80,0.46242774566474,0.000143241300368056,"Bacteria","Proteobacteria","Alphaproteobacteria","SAR11",NA,NA
"HQ672866.1.1499",312,60,0.346820809248555,6.4124007641074e-05,"Bacteria","Proteobacteria","Deltaproteobacteria","Myxococcales","Blfdi19","uncultured"
"HQ672867.1.1465",123,40,0.23121387283237,2.48435562708194e-05,"Bacteria","Proteobacteria","Deltaproteobacteria","Bdellovibrionales","Bdellovibrionaceae","OM27"
"HQ672875.1.1501",354,40,0.23121387283237,7.33318268394438e-05,"Bacteria","Nitrospirae","Nitrospira","Nitrospirales","Nitrospiraceae","Leptospirillum"
"HQ672881.1.1504",71,24,0.138728323699422,1.769720759528e-05,"Bacteria","Actinobacteria","Acidimicrobiia","Acidimicrobiales","uncultured","uncultured"
"HQ672885.1.1523",947,35,0.202312138728324,0.000192829062515148,"Bacteria","Gemmatimonadetes","BD2-11",NA,NA,NA
"HQ672886.1.1496",210,65,0.375722543352601,4.87685028734099e-05,"Bacteria","Proteobacteria","Deltaproteobacteria","Oligoflexales","Oligoflexaceae","uncultured"
"HQ672887.1.1498",113,28,0.161849710982659,2.49045882882455e-05,"Bacteria","Nitrospinae","Nitrospinia","Nitrospinales","Nitrospinaceae","Nitrospina"
"HQ672889.1.1533",2700,113,0.653179190751445,0.000584560819232838,"Bacteria","Marinimicrobia",NA,NA,NA,NA
"HQ672898.1.1519",106,30,0.173410404624277,2.22705564880124e-05,"Bacteria","Actinobacteria","Acidimicrobiia","Acidimicrobiales","uncultured","uncultured"
"HQ672899.1.1518",163,39,0.225433526011561,3.45612190744804e-05,"Bacteria","Proteobacteria","Deltaproteobacteria","NB1-j","uncultured",NA
"HQ672911.1.1447",280,53,0.30635838150289,6.04879051537177e-05,"Bacteria","Proteobacteria","Alphaproteobacteria","SAR11",NA,NA
"HQ672916.1.1503",478,35,0.202312138728324,0.00010415355608265,"Bacteria","Proteobacteria","Gammaproteobacteria","Oceanospirillales","SAR86",NA
"HQ672922.1.1437",95,38,0.219653179190751,2.22159524169627e-05,"Bacteria","Proteobacteria","Alphaproteobacteria","SAR11",NA,NA
"HQ672927.1.1511",404,60,0.346820809248555,8.80702620518321e-05,"Bacteria","Proteobacteria","Deltaproteobacteria","Bradymonadales","uncultured",NA
"HQ672929.1.1437",638,124,0.716763005780347,0.000157171145959256,"Bacteria","Proteobacteria","Alphaproteobacteria","SAR11",NA,NA
"HQ672935.1.1501",1404,110,0.635838150289017,0.000318061220596127,"Bacteria","Proteobacteria","Gammaproteobacteria","Oceanospirillales","SAR86",NA
"HQ672972.1.1520",1325,58,0.335260115606936,0.000273101178238807,"Bacteria","Marinimicrobia",NA,NA,NA,NA
"HQ672974.1.1494",98,41,0.236994219653179,2.02353964660848e-05,"Bacteria","Proteobacteria","Gammaproteobacteria","EC3","uncultured",NA
"HQ672984.1.1473",274,78,0.450867052023121,6.40933977170602e-05,"Bacteria","Proteobacteria","Alphaproteobacteria","SAR11",NA,NA
"HQ672998.1.1425",392,72,0.416184971098266,9.565589861746e-05,"Bacteria","Gracilibacteria","uncultured",NA,NA,NA
"HQ672999.1.1436",447,64,0.369942196531792,9.17991695183011e-05,"Bacteria","Proteobacteria","Alphaproteobacteria","SAR11",NA,NA
"HQ673008.1.1462",104,47,0.271676300578035,2.45564807284628e-05,"Bacteria","Cyanobacteria","ML635J-21","uncultured",NA,NA
"HQ673013.1.1462",660,86,0.497109826589595,0.000140670958736331,"Bacteria","Proteobacteria","Alphaproteobacteria","SAR11",NA,NA
"HQ673020.1.1518",778,46,0.265895953757225,0.000157976961880174,"Bacteria","Proteobacteria","Gammaproteobacteria","Xanthomonadales","uncultured","uncultured"
"HQ673022.1.1510",741,43,0.248554913294798,0.00014970901865799,"Bacteria","Marinimicrobia",NA,NA,NA,NA
"HQ673025.1.1502",183,49,0.283236994219653,4.33828367537511e-05,"Bacteria","Proteobacteria","Gammaproteobacteria","Oceanospirillales","JL-ETNP-Y6","uncultured"
"HQ673031.1.1480",391,35,0.202312138728324,8.4237508100621e-05,"Bacteria","Nitrospinae","Nitrospinia","Nitrospinales","Nitrospinaceae","Nitrospina"
"HQ673051.1.1470",226,32,0.184971098265896,4.69688366344429e-05,"Bacteria","Proteobacteria","Deltaproteobacteria","Oligoflexales","053A03-B-DI-P58","uncultured"
"HQ673054.1.1483",109,18,0.104046242774566,4.15541165309516e-05,"Bacteria","Bacteroidetes","Flavobacteriia","Flavobacteriales","Cryomorphaceae","Fluviicola"
"HQ673060.1.1447",568,67,0.38728323699422,0.000116611060427937,"Bacteria","Proteobacteria","Alphaproteobacteria","SAR11",NA,NA
"HQ673064.1.1522",4958,108,0.624277456647399,0.00107811173195402,"Bacteria","Marinimicrobia",NA,NA,NA,NA
"HQ673066.1.1473",833,81,0.468208092485549,0.000193235719891722,"Bacteria","Planctomycetes","Phycisphaerae","Phycisphaerales","Phycisphaeraceae","JL-ETNP-F27"
"HQ673071.1.1436",476,36,0.208092485549133,0.000113658142003401,"Bacteria","Proteobacteria","Alphaproteobacteria","SAR11",NA,NA
"HQ673078.1.1511",3690,137,0.791907514450867,0.000831830403511638,"Bacteria","Marinimicrobia",NA,NA,NA,NA
"HQ673080.1.1300",170,49,0.283236994219653,3.64224528461783e-05,"Bacteria","Proteobacteria","Deltaproteobacteria","Myxococcales","P3OB-42","uncultured"
"HQ673091.1.1450",10670,136,0.786127167630058,0.00238753433225556,"Bacteria","Proteobacteria","Alphaproteobacteria","SAR11",NA,NA
"HQ673098.1.1447",1719,120,0.69364161849711,0.00038612682922136,"Bacteria","Proteobacteria","Alphaproteobacteria","SAR11",NA,NA
"HQ673103.1.1463",110,22,0.127167630057803,2.31278796338001e-05,"Bacteria","Proteobacteria","Alphaproteobacteria","Rhodospirillales","AT-s3-44","uncultured"
"HQ673104.1.1520",455,57,0.329479768786127,9.17344145434787e-05,"Bacteria","Marinimicrobia",NA,NA,NA,NA
"HQ673105.1.1482",380,49,0.283236994219653,7.68755694936419e-05,"Bacteria","Proteobacteria","Gammaproteobacteria","Methylococcales","Milano-WF1B-03","uncultured"
"HQ673109.1.1480",237,18,0.104046242774566,5.2700169373936e-05,"Bacteria","Actinobacteria","Acidimicrobiia","Acidimicrobiales","uncultured","uncultured"
"HQ673111.1.1466",189,61,0.352601156069364,3.96492696929739e-05,"Bacteria","Proteobacteria","Alphaproteobacteria","SAR11",NA,NA
"HQ673115.1.1376",448,73,0.421965317919075,0.000103587764648928,"Bacteria","Proteobacteria","Alphaproteobacteria","SAR11",NA,NA
"HQ673123.1.1523",417,38,0.219653179190751,8.3986770147994e-05,"Bacteria","Proteobacteria","Deltaproteobacteria","Myxococcales","P3OB-42","uncultured"
"HQ673131.1.1525",187,22,0.127167630057803,4.17929794415298e-05,"Bacteria","Planctomycetes","Planctomycetacia","Planctomycetales","Planctomycetaceae","Planctomyces"
"HQ673140.1.1515",533,44,0.254335260115607,0.000109360904292926,"Bacteria","Proteobacteria","Gammaproteobacteria","Oceanospirillales","SAR86",NA
"HQ673150.1.1516",465,74,0.427745664739884,9.91784579913102e-05,"Bacteria","Marinimicrobia",NA,NA,NA,NA
"HQ673159.1.1516",168,33,0.190751445086705,3.61508102328271e-05,"Bacteria","Proteobacteria","Alphaproteobacteria","Rhodospirillales","Rhodospirillaceae","uncultured"
"HQ673170.1.1505",640,26,0.15028901734104,0.000134120198875281,"Bacteria","Proteobacteria","Gammaproteobacteria","Oceanospirillales","JL-ETNP-Y6","uncultured"
"HQ673175.1.1518",794,63,0.364161849710983,0.000187945725436072,"Bacteria","Proteobacteria","ARKICE-90","uncultured",NA,NA
"HQ673189.1.1515",434,27,0.15606936416185,9.23769750329142e-05,"Bacteria","Proteobacteria","Deltaproteobacteria","Desulfurellales","Desulfurellaceae","G55"
"HQ673190.1.1521",815,40,0.23121387283237,0.000171672147819705,"Bacteria","PAUC34f","uncultured",NA,NA,NA
"HQ673191.1.1521",153,56,0.323699421965318,3.79746921664084e-05,"Bacteria","Proteobacteria","Deltaproteobacteria","Bdellovibrionales","Bacteriovoracaceae","uncultured"
"HQ673198.1.1517",424,53,0.30635838150289,8.86350906336347e-05,"Bacteria","Proteobacteria","Deltaproteobacteria","Myxococcales","P3OB-42","uncultured"
"HQ673214.1.1515",1181,97,0.560693641618497,0.000246506513315962,"Bacteria","Marinimicrobia",NA,NA,NA,NA
"HQ673217.1.1523",289,45,0.260115606936416,6.14901480305628e-05,"Bacteria","Hydrogenedentes","uncultured",NA,NA,NA
"HQ673237.1.1510",106,48,0.277456647398844,2.81269358653481e-05,"Bacteria","Marinimicrobia",NA,NA,NA,NA
"HQ673241.1.1522",2155,43,0.248554913294798,0.000492661473873533,"Bacteria","Marinimicrobia",NA,NA,NA,NA
"HQ673245.1.1487",840,98,0.566473988439306,0.000186361701255794,"Bacteria","Marinimicrobia",NA,NA,NA,NA
"HQ673248.1.1512",1286,61,0.352601156069364,0.000275839057258993,"Bacteria","Marinimicrobia",NA,NA,NA,NA
"HQ673249.1.1460",844,83,0.479768786127168,0.000172377831539288,"Bacteria","Proteobacteria","Alphaproteobacteria","SAR11",NA,NA
"HQ673260.1.1524",140,33,0.190751445086705,3.12726091652221e-05,"Bacteria","Planctomycetes","Planctomycetacia","Planctomycetales","Planctomycetaceae","Planctomyces"
"HQ673263.1.1445",387,90,0.520231213872832,8.4297174063996e-05,"Bacteria","Proteobacteria","Alphaproteobacteria","SAR11",NA,NA
"HQ673268.1.1507",491,35,0.202312138728324,9.95521949129391e-05,"Bacteria","Planctomycetes","Planctomycetacia","Planctomycetales","Planctomycetaceae","Planctomyces"
"HQ673270.1.1522",3086,37,0.213872832369942,0.000685773578505695,"Bacteria","Marinimicrobia",NA,NA,NA,NA
"HQ673280.1.1519",923,27,0.15606936416185,0.000192357553758946,"Bacteria","Planctomycetes","Pla3",NA,NA,NA
"HQ673282.1.1505",205,38,0.219653179190751,4.63609326255121e-05,"Bacteria","Verrucomicrobia","Arctic97B-4",NA,NA,NA
"HQ673287.1.1447",399,61,0.352601156069364,8.72170849244019e-05,"Bacteria","Proteobacteria","Alphaproteobacteria","SAR11",NA,NA
"HQ673291.1.1436",95,23,0.132947976878613,1.99729181538235e-05,"Bacteria","Proteobacteria","Alphaproteobacteria","SAR11",NA,NA
"HQ673294.1.1450",305,70,0.404624277456647,8.04412879905548e-05,"Bacteria","Proteobacteria","Alphaproteobacteria","SAR11",NA,NA
"HQ673298.1.1451",67,26,0.15028901734104,1.34075097879591e-05,"Bacteria","Proteobacteria","Deltaproteobacteria","SAR324",NA,NA
"HQ673304.1.1431",898,79,0.456647398843931,0.000188081746048876,"Bacteria","Proteobacteria","Alphaproteobacteria","SAR11",NA,NA
"HQ673309.1.1505",253,30,0.173410404624277,5.38319250455084e-05,"Bacteria","Gemmatimonadetes","BD2-11",NA,NA,NA
"HQ673316.1.1520",586,67,0.38728323699422,0.000120672603875511,"Bacteria","Marinimicrobia",NA,NA,NA,NA
"HQ673322.1.1521",1216,74,0.427745664739884,0.000257085817513111,"Bacteria","Marinimicrobia",NA,NA,NA,NA
"HQ673330.1.1509",86,36,0.208092485549133,1.83108715180272e-05,"Bacteria","Planctomycetes","Planctomycetacia","Planctomycetales","Planctomycetaceae","uncultured"
"HQ673336.1.1463",873,35,0.202312138728324,0.00017642533321273,"Bacteria","Proteobacteria","Alphaproteobacteria","Rhodospirillales","Rhodospirillaceae","uncultured"
"HQ673338.1.1513",114,19,0.109826589595376,2.42973218766599e-05,"Bacteria","Proteobacteria","Gammaproteobacteria","Oceanospirillales","ZD0405","uncultured"
"HQ673345.1.1528",968,35,0.202312138728324,0.00020297293449039,"Bacteria","Marinimicrobia",NA,NA,NA,NA
"HQ673346.1.1399",489,89,0.514450867052023,0.000129475775827478,"Bacteria","Proteobacteria","Alphaproteobacteria","Rhodospirillales","Rhodospirillaceae","uncultured"
"HQ673348.1.1446",510,102,0.589595375722543,0.000109908152091888,"Bacteria","Proteobacteria","Alphaproteobacteria","SAR11",NA,NA
"HQ673355.1.1480",2011,41,0.236994219653179,0.000410586893268725,"Bacteria","Proteobacteria","Deltaproteobacteria","SAR324",NA,NA
"HQ673364.1.1501",636,48,0.277456647398844,0.000131647051719404,"Bacteria","Proteobacteria","Gammaproteobacteria","Arenicellales","Arenicellaceae","uncultured"
"HQ673384.1.1484",126,22,0.127167630057803,2.57650858830987e-05,"Bacteria","Actinobacteria","Acidimicrobiia","Acidimicrobiales","uncultured","uncultured"
"HQ673392.1.1462",913,30,0.173410404624277,0.000189505116058622,"Bacteria","Proteobacteria","Alphaproteobacteria","Rhodospirillales","Rhodospirillaceae","Magnetospira"
"HQ673398.1.1508",843,111,0.641618497109827,0.000192597858511731,"Bacteria","Actinobacteria","Acidimicrobiia","Acidimicrobiales","Sva0996",NA
"HQ673401.1.1377",852,80,0.46242774566474,0.00018104991151657,"Bacteria","Proteobacteria","Alphaproteobacteria","SAR11",NA,NA
"HQ673413.1.1484",77,24,0.138728323699422,1.66234730373635e-05,"Bacteria","Nitrospinae","Nitrospinia","Nitrospinales","Nitrospinaceae","Nitrospina"
"HQ673417.1.1437",277,38,0.219653179190751,5.73494841648224e-05,"Bacteria","Proteobacteria","Alphaproteobacteria","SAR11",NA,NA
"HQ673419.1.1446",318,49,0.283236994219653,6.82080721218619e-05,"Bacteria","Proteobacteria","Alphaproteobacteria","SAR11",NA,NA
"HQ673423.1.1447",198,59,0.341040462427746,4.04382431806509e-05,"Bacteria","Proteobacteria","Gammaproteobacteria","Oceanospirillales","ZD0405","uncultured"
"HQ673425.1.1437",180,54,0.312138728323699,4.19330651869909e-05,"Bacteria","Proteobacteria","Alphaproteobacteria","SAR11",NA,NA
"HQ673429.1.1524",832,35,0.202312138728324,0.000173700336590388,"Bacteria","PAUC34f","uncultured",NA,NA,NA
"HQ673438.1.1490",50,33,0.190751445086705,1.23823638813831e-05,"Bacteria","Proteobacteria","Gammaproteobacteria","Oceanospirillales","JL-ETNP-Y6","uncultured"
"HQ673442.1.1509",106,25,0.144508670520231,2.20254744120511e-05,"Bacteria","Marinimicrobia",NA,NA,NA,NA
"HQ673460.1.1515",306,39,0.225433526011561,6.28374991059651e-05,"Bacteria","Marinimicrobia",NA,NA,NA,NA
"HQ673470.1.1488",57,23,0.132947976878613,1.50564390114202e-05,"Bacteria","Proteobacteria","Gammaproteobacteria","Methylococcales","IheB2-23","uncultured"
"HQ673479.1.1511",661,42,0.242774566473988,0.000140350766650883,"Bacteria","Proteobacteria","Gammaproteobacteria","KI89A",NA,NA
"HQ673492.1.1502",165,29,0.167630057803468,3.42304957481074e-05,"Bacteria","Proteobacteria","Gammaproteobacteria","Oceanospirillales","JL-ETNP-Y6","uncultured"
"HQ673502.1.1489",557,62,0.358381502890173,0.000114073562581994,"Bacteria","Marinimicrobia",NA,NA,NA,NA
"HQ673503.1.1499",86,19,0.109826589595376,1.69510342104173e-05,"Bacteria","Proteobacteria","Gammaproteobacteria","Xanthomonadales","JTB255",NA
"HQ673514.1.1438",281,75,0.433526011560694,6.0140843167222e-05,"Bacteria","Proteobacteria","Alphaproteobacteria","SAR11",NA,NA
"HQ673516.1.1518",1612,79,0.456647398843931,0.000330318057469379,"Bacteria","Marinimicrobia",NA,NA,NA,NA
"HQ673523.1.1504",145,31,0.179190751445087,3.03408215444515e-05,"Bacteria","Proteobacteria","Gammaproteobacteria","Salinisphaerales","Salinisphaeraceae","ZD0417"
"HQ673528.1.1465",328,32,0.184971098265896,6.93818884154422e-05,"Bacteria","Proteobacteria","Alphaproteobacteria","Rickettsiales","SAR116",NA
"HQ673536.1.1466",154,76,0.439306358381503,3.48511023565438e-05,"Bacteria","Proteobacteria","Deltaproteobacteria","SAR324",NA,NA
"HQ673550.1.1502",455,35,0.202312138728324,9.44068055936759e-05,"Bacteria","Proteobacteria","Gammaproteobacteria","Cellvibrionales","Cellvibrionaceae","uncultured"
"HQ673561.1.1467",82,33,0.190751445086705,1.66956262810461e-05,"Bacteria","Cyanobacteria","ML635J-21","uncultured",NA,NA
"HQ673581.1.1458",344,27,0.15606936416185,7.206695697468e-05,"Bacteria","Proteobacteria","Gammaproteobacteria","Oceanospirillales","ZD0405","uncultured"
"HQ673582.1.1452",266,34,0.196531791907514,5.68909770203302e-05,"Bacteria","Proteobacteria","Alphaproteobacteria","SAR11",NA,NA
"HQ673599.1.1527",442,30,0.173410404624277,8.95027802349293e-05,"Bacteria","Marinimicrobia",NA,NA,NA,NA
"HQ673603.1.1499",135,51,0.294797687861272,3.27467745301686e-05,"Bacteria","Proteobacteria","Gammaproteobacteria","Legionellales","Coxiellaceae","Coxiella"
"HQ673612.1.1520",824,52,0.300578034682081,0.000167896784532658,"Bacteria","Marinimicrobia",NA,NA,NA,NA
"HQ673618.1.1427",1150,47,0.271676300578035,0.000232112060484823,"Bacteria","Acidobacteria","Subgroup",NA,NA,NA
"HQ673625.1.1258",934,93,0.53757225433526,0.000201606782209899,"Bacteria","Proteobacteria","Alphaproteobacteria","SAR11",NA,NA
"HQ673626.1.1434",953,83,0.479768786127168,0.000199228035539378,"Bacteria","Proteobacteria","Alphaproteobacteria","SAR11",NA,NA
"HQ673633.1.1513",90,26,0.15028901734104,2.0109717156414e-05,"Bacteria","Marinimicrobia",NA,NA,NA,NA
"HQ673637.1.1401",728,47,0.271676300578035,0.000150800734750702,"Bacteria","Planctomycetes","Planctomycetacia","Planctomycetales","Planctomycetaceae","Rhodopirellula"
"HQ673640.1.1501",255,38,0.219653179190751,5.12304927572561e-05,"Bacteria","Verrucomicrobia","Opitutae","MB11C04",NA,NA
"HQ673642.1.1465",950,91,0.526011560693642,0.000197787535870353,"Bacteria","Proteobacteria","Alphaproteobacteria","SAR11",NA,NA
"HQ673644.1.1523",432,48,0.277456647398844,9.53065274754145e-05,"Bacteria","Marinimicrobia",NA,NA,NA,NA
"HQ673647.1.1492",215,31,0.179190751445087,4.5983321907795e-05,"Bacteria","Bacteroidetes","Flavobacteriia","Flavobacteriales","Flavobacteriaceae","NS2b"
"HQ673648.1.1464",1475,34,0.196531791907514,0.000299176380312918,"Bacteria","Proteobacteria","Alphaproteobacteria","Rickettsiales","uncultured",NA
"HQ673657.1.1518",271,64,0.369942196531792,5.71315186037856e-05,"Bacteria","Proteobacteria","Alphaproteobacteria","Rhodospirillales","Rhodospirillaceae","uncultured"
"HQ673669.1.1435",2269,132,0.763005780346821,0.000502794328346058,"Bacteria","Proteobacteria","Alphaproteobacteria","SAR11",NA,NA
"HQ673674.1.1475",260,48,0.277456647398844,5.43656911966346e-05,"Bacteria","Marinimicrobia",NA,NA,NA,NA
"HQ673679.1.1448",122,27,0.15606936416185,2.39291947896534e-05,"Bacteria","Actinobacteria","Acidimicrobiia","Acidimicrobiales","Sva0996",NA
"HQ673682.1.1487",1863,119,0.687861271676301,0.000487247007397202,"Bacteria","Bacteroidetes","Flavobacteriia","Flavobacteriales","NS9",NA
"HQ673685.1.1461",525,31,0.179190751445087,0.000110069760312866,"Bacteria","Proteobacteria","Gammaproteobacteria","Salinisphaerales","Salinisphaeraceae","ZD0417"
"HQ673686.1.1458",71,20,0.115606936416185,1.60219577867628e-05,"Bacteria","Acidobacteria","Solibacteres","Solibacterales","Solibacteraceae",NA
"HQ673707.1.1277",340,43,0.248554913294798,6.66264981114039e-05,"Bacteria","Chloroflexi","SAR202",NA,NA,NA
"HQ673710.1.1445",491,74,0.427745664739884,0.000103854772533178,"Bacteria","Proteobacteria","Alphaproteobacteria","SAR11",NA,NA
"HQ673719.1.1437",1450,79,0.456647398843931,0.000304494134232513,"Bacteria","Proteobacteria","Alphaproteobacteria","SAR11",NA,NA
"HQ673722.1.1451",113,26,0.15028901734104,2.37981388578838e-05,"Bacteria","Proteobacteria","Alphaproteobacteria","SAR11",NA,NA
"HQ673726.1.1522",531,64,0.369942196531792,0.000106636876804983,"Bacteria","Marinimicrobia",NA,NA,NA,NA
"HQ673728.1.1445",109,28,0.161849710982659,2.20420524247122e-05,"Bacteria","Proteobacteria","Alphaproteobacteria","Rhizobiales","PS1",NA
"HQ673729.1.1504",121,27,0.15606936416185,2.5163823745135e-05,"Bacteria","Proteobacteria","Gammaproteobacteria","Oceanospirillales","JL-ETNP-Y6","uncultured"
"HQ673734.1.1524",1723,40,0.23121387283237,0.000340465198799829,"Bacteria","Marinimicrobia",NA,NA,NA,NA
"HQ673737.1.1489",446,44,0.254335260115607,0.000122012119014557,"Bacteria","Marinimicrobia",NA,NA,NA,NA
"HQ673759.1.1491",663,102,0.589595375722543,0.00016389026660383,"Bacteria","Bacteroidetes","Flavobacteriia","Flavobacteriales","NS9",NA
"HQ673764.1.1437",2422,91,0.526011560693642,0.000504592673920259,"Bacteria","Proteobacteria","Alphaproteobacteria","SAR11",NA,NA
"HQ673767.1.1523",163,31,0.179190751445087,3.39922465403003e-05,"Bacteria","Marinimicrobia",NA,NA,NA,NA
"HQ673768.1.1485",119,38,0.219653179190751,2.6819380598352e-05,"Bacteria","Nitrospinae","Nitrospinia","Nitrospinales","Nitrospinaceae","Nitrospina"
"HQ673776.1.1505",530,70,0.404624277456647,0.000111408018832753,"Bacteria","Proteobacteria","AEGEAN-245","uncultured",NA,NA
"HQ673783.1.1490",62,30,0.173410404624277,1.3064016215e-05,"Bacteria","Proteobacteria","Deltaproteobacteria","Bdellovibrionales","Bdellovibrionaceae","OM27"
"HQ673788.1.1405",805,63,0.364161849710983,0.000212145885797242,"Bacteria","Proteobacteria","Alphaproteobacteria","SAR11",NA,NA
"HQ673789.1.1528",3528,39,0.225433526011561,0.000733201175260622,"Bacteria","Marinimicrobia",NA,NA,NA,NA
"HQ673800.1.1486",72,18,0.104046242774566,1.77551451151241e-05,"Bacteria","Nitrospinae","Nitrospinia","Nitrospinales","Nitrospinaceae","uncultured"
"HQ673801.1.1443",796,97,0.560693641618497,0.000166259803574151,"Bacteria","Proteobacteria","Alphaproteobacteria","SAR11",NA,NA
"HQ673814.1.1447",921,102,0.589595375722543,0.000196064837829763,"Bacteria","Proteobacteria","Alphaproteobacteria","SAR11",NA,NA
"HQ673817.1.1452",1168,122,0.705202312138728,0.000258019593245412,"Bacteria","Nitrospinae","Nitrospinia","Nitrospinales","Nitrospinaceae","Nitrospina"
"HQ673826.1.1508",2350,105,0.606936416184971,0.000507404706264102,"Bacteria","Marinimicrobia",NA,NA,NA,NA
"HQ673831.1.1519",114,26,0.15028901734104,2.22560445562425e-05,"Bacteria","Planctomycetes","BD7-11","uncultured",NA,NA
"HQ673832.1.1521",921,95,0.549132947976879,0.000193292584034898,"Bacteria","Marinimicrobia",NA,NA,NA,NA
"HQ673841.1.1523",166,38,0.219653179190751,3.30565884254114e-05,"Bacteria","Marinimicrobia",NA,NA,NA,NA
"HQ673842.1.1462",226,34,0.196531791907514,4.94058603225522e-05,"Bacteria","Nitrospinae","Nitrospinia","Nitrospinales","Nitrospinaceae","Nitrospina"
"HQ673846.1.1521",1357,51,0.294797687861272,0.000292688979953877,"Bacteria","Marinimicrobia",NA,NA,NA,NA
"HQ673850.1.1513",708,65,0.375722543352601,0.000148176542254755,"Bacteria","Marinimicrobia",NA,NA,NA,NA
"HQ673852.1.1461",333,102,0.589595375722543,7.96669313228579e-05,"Bacteria","Proteobacteria","Deltaproteobacteria","Bdellovibrionales","Bdellovibrionaceae","OM27"
"HQ673863.1.1457",567,84,0.485549132947977,0.000119648248818796,"Bacteria","Marinimicrobia",NA,NA,NA,NA
"HQ673864.1.1444",482,66,0.38150289017341,9.9945183353215e-05,"Bacteria","Proteobacteria","Alphaproteobacteria","SAR11",NA,NA
"HQ673868.1.1495",123,28,0.161849710982659,2.72656955152688e-05,"Bacteria","Nitrospinae","Nitrospinia","Nitrospinales","Nitrospinaceae","uncultured"
"HQ673871.1.1511",729,82,0.473988439306358,0.000152234292657837,"Bacteria","Marinimicrobia",NA,NA,NA,NA
"HQ673877.1.1507",3107,114,0.658959537572254,0.000696683526223964,"Bacteria","Marinimicrobia",NA,NA,NA,NA
"HQ673891.1.1502",96,47,0.271676300578035,2.29302527363207e-05,"Bacteria","Proteobacteria","Gammaproteobacteria","Oceanospirillales","JL-ETNP-Y6","uncultured"
"HQ673907.1.1519",135,33,0.190751445086705,3.99267275411108e-05,"Bacteria","Marinimicrobia",NA,NA,NA,NA
"HQ673908.1.1463",1692,104,0.601156069364162,0.00037153344609293,"Bacteria","Proteobacteria","Deltaproteobacteria","SAR324",NA,NA
"HQ673914.1.1446",210,84,0.485549132947977,4.79110628457523e-05,"Bacteria","Proteobacteria","Alphaproteobacteria","SAR11",NA,NA
"HQ673917.1.1512",901,45,0.260115606936416,0.000194726148428879,"Bacteria","Marinimicrobia",NA,NA,NA,NA
"HQ673921.1.1487",142,34,0.196531791907514,3.11609048646749e-05,"Bacteria","Proteobacteria","Deltaproteobacteria","SAR324",NA,NA
"HQ673922.1.1510",78,27,0.15606936416185,1.65196883684625e-05,"Bacteria","Acidobacteria","Subgroup",NA,NA,NA
"HQ673928.1.1502",217,51,0.294797687861272,5.1142059272513e-05,"Bacteria","Proteobacteria","Alphaproteobacteria","Rickettsiales","Rickettsiaceae","uncultured"
"HQ673932.1.1438",719,85,0.491329479768786,0.000160501995953936,"Bacteria","Proteobacteria","Alphaproteobacteria","SAR11",NA,NA
"HQ673933.1.1491",504,34,0.196531791907514,9.80701742501643e-05,"Bacteria","Planctomycetes","Pla4",NA,NA,NA
"HQ673936.1.1513",413,48,0.277456647398844,8.51700766417178e-05,"Bacteria","Marinimicrobia",NA,NA,NA,NA
"HQ673940.1.1483",351,50,0.289017341040462,7.74058570392468e-05,"Bacteria","Planctomycetes","Planctomycetacia","Planctomycetales","Planctomycetaceae","uncultured"
"HQ673946.1.1447",1796,102,0.589595375722543,0.000379684161028106,"Bacteria","Proteobacteria","Alphaproteobacteria","SAR11",NA,NA
"HQ673958.1.1430",1436,90,0.520231213872832,0.000297666530841107,"Bacteria","Proteobacteria","Gammaproteobacteria","E01-9C-26",NA,NA
"HQ673966.1.1436",446,65,0.375722543352601,9.44277653728243e-05,"Bacteria","Proteobacteria","Alphaproteobacteria","SAR11",NA,NA
"HQ673968.1.1448",524,85,0.491329479768786,0.000119293757487272,"Bacteria","Proteobacteria","Alphaproteobacteria","SAR11",NA,NA
"HQ673977.1.1436",619,151,0.872832369942196,0.000150407070022778,"Bacteria","Proteobacteria","Alphaproteobacteria","SAR11",NA,NA
"HQ673981.1.1518",56,18,0.104046242774566,1.16892030981268e-05,"Bacteria","Proteobacteria","Deltaproteobacteria","Myxococcales","P3OB-42","uncultured"
"HQ673984.1.1259",662,82,0.473988439306358,0.000147439845756152,"Bacteria","Proteobacteria","Alphaproteobacteria","SAR11",NA,NA
"HQ673986.1.1506",73,25,0.144508670520231,1.54300850928902e-05,"Bacteria","Proteobacteria","Gammaproteobacteria","Oceanospirillales","JL-ETNP-Y6","uncultured"
"HQ673990.1.1462",95,24,0.138728323699422,2.09360163272444e-05,"Bacteria","Proteobacteria","Alphaproteobacteria","Rhodospirillales","Rhodospirillaceae","uncultured"
"HQ673994.1.1476",389,36,0.208092485549133,9.1341911423881e-05,"Bacteria","Proteobacteria","Deltaproteobacteria","SAR324",NA,NA
"HQ674015.1.1522",1067,34,0.196531791907514,0.000212246123534679,"Bacteria","Marinimicrobia",NA,NA,NA,NA
"HQ674021.1.1520",67,29,0.167630057803468,1.3753369624003e-05,"Bacteria","Marinimicrobia",NA,NA,NA,NA
"HQ674022.1.1509",414,40,0.23121387283237,8.3873851917533e-05,"Bacteria","Marinimicrobia",NA,NA,NA,NA
"HQ674024.1.1511",137,41,0.236994219653179,3.04261069081483e-05,"Bacteria","Marinimicrobia",NA,NA,NA,NA
"HQ674029.1.1449",136,33,0.190751445086705,2.89878707992479e-05,"Bacteria","Proteobacteria","Deltaproteobacteria","SAR324",NA,NA
"HQ674034.1.1517",963,73,0.421965317919075,0.000199348958504998,"Bacteria","Proteobacteria","AEGEAN-245","uncultured",NA,NA
"HQ674035.1.1522",493,66,0.38150289017341,0.00010230048623245,"Bacteria","Marinimicrobia",NA,NA,NA,NA
"HQ674039.1.1470",678,55,0.317919075144509,0.000143851909337296,"Bacteria","Verrucomicrobia","Arctic97B-4",NA,NA,NA
"HQ674045.1.1445",911,58,0.335260115606936,0.000188511437605232,"Bacteria","Proteobacteria","Gammaproteobacteria","Oceanospirillales","ZD0405","uncultured"
"HQ674047.1.1445",729,78,0.450867052023121,0.000155661369796584,"Bacteria","Proteobacteria","Alphaproteobacteria","SAR11",NA,NA
"HQ674058.1.1501",1150,121,0.699421965317919,0.000273023320280119,"Bacteria","Proteobacteria","Gammaproteobacteria","Gammaproteobacteria",NA,NA
"HQ674065.1.1483",195,48,0.277456647398844,4.15015293309006e-05,"Bacteria","Bacteroidetes","Sphingobacteriia","Sphingobacteriales","Lentimicrobiaceae","uncultured"
"HQ674077.1.1446",1809,130,0.751445086705202,0.000421527468676012,"Bacteria","Proteobacteria","Alphaproteobacteria","SAR11",NA,NA
"HQ674084.1.1465",397,36,0.208092485549133,9.30769780549798e-05,"Bacteria","Proteobacteria","Alphaproteobacteria","Rhodospirillales","Rhodospirillaceae","uncultured"
"HQ674089.1.1437",226,71,0.410404624277457,5.80613572181706e-05,"Bacteria","Proteobacteria","Alphaproteobacteria","SAR11",NA,NA
"HQ674104.1.1522",1723,66,0.38150289017341,0.000354162029975061,"Bacteria","Marinimicrobia",NA,NA,NA,NA
"HQ674106.1.1463",162,35,0.202312138728324,3.55517056073655e-05,"Bacteria","Proteobacteria","Alphaproteobacteria","Rhodospirillales","Rhodospirillaceae","uncultured"
"HQ674118.1.1512",246,32,0.184971098265896,6.6738634615774e-05,"Bacteria","Marinimicrobia",NA,NA,NA,NA
"HQ674119.1.1519",862,98,0.566473988439306,0.000191510238534839,"Bacteria","Proteobacteria","Deltaproteobacteria","Myxococcales","P3OB-42","uncultured"
"HQ674120.1.1448",527,78,0.450867052023121,0.000118112456480391,"Bacteria","Proteobacteria","Alphaproteobacteria","SAR11",NA,NA
"HQ674127.1.1481",477,62,0.358381502890173,9.78563683442638e-05,"Bacteria","Bacteroidetes","Flavobacteriia","Flavobacteriales","NS9",NA
"HQ674131.1.1447",770,71,0.410404624277457,0.000155843066541703,"Bacteria","Proteobacteria","Alphaproteobacteria","SAR11",NA,NA
"HQ674158.1.1489",726,35,0.202312138728324,0.00014461463555136,"Bacteria","Planctomycetes","Pla4",NA,NA,NA
"HQ674163.1.1495",2429,57,0.329479768786127,0.000486937087366837,"Bacteria","Proteobacteria","Deltaproteobacteria","SAR324",NA,NA
"HQ674170.1.1504",1188,132,0.763005780346821,0.000315496911873066,"Bacteria","Verrucomicrobia","Opitutae","MB11C04",NA,NA
"HQ674171.1.1513",445,57,0.329479768786127,9.3453953530909e-05,"Bacteria","Acidobacteria","Subgroup",NA,NA,NA
"HQ674175.1.1527",613,43,0.248554913294798,0.000127178611021872,"Bacteria","Proteobacteria","Deltaproteobacteria","Bdellovibrionales","Bdellovibrionaceae","OM27"
"HQ674182.1.1517",1185,68,0.393063583815029,0.000259706821086035,"Bacteria","Proteobacteria","Gammaproteobacteria","E01-9C-26",NA,NA
"HQ674186.1.1519",913,93,0.53757225433526,0.00019640358158171,"Bacteria","Marinimicrobia",NA,NA,NA,NA
"HQ674189.1.1476",1353,67,0.38728323699422,0.00028339003556092,"Bacteria","Actinobacteria","Acidimicrobiia","Acidimicrobiales","Sva0996",NA
"HQ674190.1.1453",143,32,0.184971098265896,3.3703974443123e-05,"Bacteria","Proteobacteria","Alphaproteobacteria","Rhodospirillales","Rhodospirillaceae","uncultured"
"HQ674196.1.1512",811,85,0.491329479768786,0.000177791929068502,"Bacteria","Marinimicrobia",NA,NA,NA,NA
"HQ674203.1.1520",109,58,0.335260115606936,2.60091435602738e-05,"Bacteria","Marinimicrobia",NA,NA,NA,NA
"HQ674206.1.1463",100,29,0.167630057803468,2.10295374893853e-05,"Bacteria","Proteobacteria","Alphaproteobacteria","Rhodospirillales","Rhodospirillaceae","uncultured"
"HQ674207.1.1447",930,66,0.38150289017341,0.000194935913138475,"Bacteria","Proteobacteria","Alphaproteobacteria","SAR11",NA,NA
"HQ674211.1.1482",147,31,0.179190751445087,3.13821392467997e-05,"Bacteria","Nitrospinae","Nitrospinia","Nitrospinales","Nitrospinaceae","Nitrospina"
"HQ674219.1.1452",541,86,0.497109826589595,0.000111961728720317,"Bacteria","Proteobacteria","Alphaproteobacteria","SAR11",NA,NA
"HQ674222.1.1525",3148,45,0.260115606936416,0.000643013921038449,"Bacteria","Gemmatimonadetes","BD2-11",NA,NA,NA
"HQ674232.1.1463",4119,84,0.485549132947977,0.000822092660738846,"Bacteria","Chloroflexi","SAR202",NA,NA,NA
"HQ674234.1.1446",647,71,0.410404624277457,0.000140381711997625,"Bacteria","Proteobacteria","Alphaproteobacteria","SAR11",NA,NA
"HQ674237.1.1523",149,27,0.15606936416185,3.30593060439583e-05,"Bacteria","Gemmatimonadetes","BD2-11",NA,NA,NA
"HQ674244.1.1436",598,45,0.260115606936416,0.00012598525963972,"Bacteria","Proteobacteria","Alphaproteobacteria","SAR11",NA,NA
"HQ674247.1.1492",54,25,0.144508670520231,1.11484950468939e-05,"Bacteria","Bacteroidetes","Flavobacteriia","Flavobacteriales","NS7",NA
"HQ674255.1.1433",1338,102,0.589595375722543,0.000287323925777271,"Bacteria","Proteobacteria","Alphaproteobacteria","SAR11",NA,NA
"HQ674261.1.1518",562,32,0.184971098265896,0.000118005189912857,"Bacteria","Proteobacteria","Gammaproteobacteria","E01-9C-26",NA,NA
"HQ674271.1.1518",335,32,0.184971098265896,6.88290742212942e-05,"Bacteria","Proteobacteria","Gammaproteobacteria","E01-9C-26",NA,NA
"HQ674275.1.1513",107,21,0.121387283236994,2.21532881584381e-05,"Bacteria","Marinimicrobia",NA,NA,NA,NA
"HQ674277.1.1464",53,24,0.138728323699422,1.1094638490503e-05,"Bacteria","Proteobacteria","Alphaproteobacteria","Rhodospirillales","Rhodospirillaceae","uncultured"
"HQ674279.1.1515",152,27,0.15606936416185,3.24667800280091e-05,"Bacteria","Proteobacteria","Gammaproteobacteria","Oceanospirillales","JL-ETNP-Y6","uncultured"
"HQ674293.1.1495",824,41,0.236994219653179,0.000174481395122565,"Bacteria","Nitrospinae","Nitrospinia","Nitrospinales","Nitrospinaceae","Nitrospina"
"HQ674297.1.1437",2066,124,0.716763005780347,0.000435710255936281,"Bacteria","Proteobacteria","Alphaproteobacteria","SAR11",NA,NA
"HQ674301.1.1476",1210,44,0.254335260115607,0.000254927888239444,"Bacteria","Chloroflexi","SAR202",NA,NA,NA
"HQ674321.1.1438",1370,115,0.664739884393064,0.000301680186751826,"Bacteria","Proteobacteria","Alphaproteobacteria","SAR11",NA,NA
"HQ674324.1.1485",2321,142,0.820809248554913,0.000542703433645425,"Bacteria","Bacteroidetes","Flavobacteriia","Flavobacteriales","NS9",NA
"HQ674331.1.1495",86,45,0.260115606936416,1.83052120193465e-05,"Bacteria","Cyanobacteria","ML635J-21","uncultured",NA,NA
"HQ674334.1.1520",594,87,0.502890173410405,0.000123331804081984,"Bacteria","Marinimicrobia",NA,NA,NA,NA
"HQ674338.1.1510",488,44,0.254335260115607,0.000105828204852914,"Bacteria","Verrucomicrobia","Arctic97B-4",NA,NA,NA
"HQ674351.1.1457",320,82,0.473988439306358,7.54145859903002e-05,"Bacteria","Planctomycetes","Phycisphaerae","Phycisphaerales","Phycisphaeraceae","CL500-3"
"HQ674362.1.1486",168,29,0.167630057803468,3.52399518461206e-05,"Bacteria","Chloroflexi","TK10","uncultured",NA,NA
"HQ674392.1.1465",139,31,0.179190751445087,3.00406461343035e-05,"Bacteria","Proteobacteria","SPOTSOCT00m83","uncultured",NA,NA
"HQ674432.1.1463",248,28,0.161849710982659,5.07663959965081e-05,"Bacteria","Proteobacteria","Alphaproteobacteria","Rhodospirillales","AT-s3-44","uncultured"
"HQ674437.1.1436",933,97,0.560693641618497,0.000200715189359119,"Bacteria","Proteobacteria","Alphaproteobacteria","SAR11",NA,NA
"HQ674443.1.1456",720,80,0.46242774566474,0.000213377199782331,"Bacteria","Planctomycetes","Phycisphaerae","Phycisphaerales","Phycisphaeraceae","CL500-3"
"HQ674446.1.1499",361,20,0.115606936416185,7.44860891120432e-05,"Bacteria","Acidobacteria","Subgroup",NA,NA,NA
"HQ674471.1.1528",161,30,0.173410404624277,3.20529449788469e-05,"Bacteria","Proteobacteria","Deltaproteobacteria","NB1-j","uncultured",NA
"HQ674473.1.1523",154,34,0.196531791907514,3.33719668090076e-05,"Bacteria","Marinimicrobia",NA,NA,NA,NA
"HQ674477.1.1519",113,27,0.15606936416185,2.45886528071075e-05,"Bacteria","Proteobacteria","Deltaproteobacteria","NB1-j","uncultured",NA
"HQ674478.1.1448",1472,132,0.763005780346821,0.000317906854771257,"Bacteria","Proteobacteria","Alphaproteobacteria","Rhodospirillales","Rhodospirillaceae","AEGEAN-169"
"HQ674482.1.1462",755,30,0.173410404624277,0.000171216818101738,"Bacteria","Proteobacteria","Alphaproteobacteria","Rhodospirillales","Rhodospirillaceae","uncultured"
"HQ674485.1.1499",891,63,0.364161849710983,0.000178089801716475,"Bacteria","Verrucomicrobia","Opitutae","MB11C04",NA,NA
"HQ674497.1.1485",1503,50,0.289017341040462,0.000329301024339274,"Bacteria","Nitrospinae","Nitrospinia","Nitrospinales","Nitrospinaceae","Nitrospina"
"HQ674538.1.1512",90,27,0.15606936416185,2.19918101345453e-05,"Bacteria","Acidobacteria","Subgroup",NA,NA,NA
"HQ674556.1.1522",278,53,0.30635838150289,5.78697636602183e-05,"Bacteria","Proteobacteria","Deltaproteobacteria","Myxococcales","P3OB-42","uncultured"
"HQ674579.1.1521",1764,47,0.271676300578035,0.000364826480950174,"Bacteria","Marinimicrobia",NA,NA,NA,NA
"HQ674580.1.1507",75,36,0.208092485549133,1.64527161001433e-05,"Bacteria","Actinobacteria","Acidimicrobiia","Acidimicrobiales","uncultured","uncultured"
"HQ674589.1.1519",175,47,0.271676300578035,3.65044380177392e-05,"Bacteria","Marinimicrobia",NA,NA,NA,NA
"HQ674591.1.1522",79,21,0.121387283236994,1.70476361840098e-05,"Bacteria","Proteobacteria","Deltaproteobacteria","NB1-j","uncultured",NA
"HQ674599.1.1508",230,40,0.23121387283237,4.81257278524615e-05,"Bacteria","Proteobacteria","Deltaproteobacteria","Bradymonadales","uncultured",NA
"HQ674602.1.1513",172,30,0.173410404624277,3.90655658642707e-05,"Bacteria","Planctomycetes","OM190","uncultured",NA,NA
"HQ674603.1.1520",2753,123,0.710982658959538,0.000657731653627844,"Bacteria","Marinimicrobia",NA,NA,NA,NA
"HQ674611.1.1447",171,40,0.23121387283237,3.33584096459197e-05,"Bacteria","Proteobacteria","Alphaproteobacteria","SAR11",NA,NA
"HQ674619.1.1540",517,40,0.23121387283237,0.000109003140544129,"Bacteria","Marinimicrobia",NA,NA,NA,NA
"HQ686042.108.1520",56,18,0.104046242774566,1.08781816862805e-05,"Bacteria","Proteobacteria","Alphaproteobacteria","Rhizobiales","Phyllobacteriaceae","Mesorhizobium"
"HQ687828.1.1216",771,63,0.364161849710983,0.000161064218209415,"Bacteria","Proteobacteria","Alphaproteobacteria","Rhodospirillales","Rhodospirillaceae","AEGEAN-169"
"HQ687838.1.1203",55,28,0.161849710982659,1.65495640336368e-05,"Bacteria","Proteobacteria","Gammaproteobacteria","Alteromonadales","Pseudoalteromonadaceae","Pseudoalteromonas"
"HQ687841.1.1216",214,61,0.352601156069364,4.89324209721488e-05,"Bacteria","Proteobacteria","Gammaproteobacteria","E01-9C-26",NA,NA
"HQ687843.1.1251",1465,94,0.543352601156069,0.000317820410342532,"Bacteria","Proteobacteria","Deltaproteobacteria","SAR324",NA,NA
"HQ687851.1.1224",279,30,0.173410404624277,7.34273017672967e-05,"Bacteria","Proteobacteria","Gammaproteobacteria","Alteromonadales","Alteromonadaceae","Alteromonas"
"HQ687877.1.1204",110,26,0.15028901734104,2.81020186261595e-05,"Bacteria","Proteobacteria","Gammaproteobacteria","Alteromonadales","Alteromonadaceae","Alteromonas"
"HQ691997.1.1360",101,34,0.196531791907514,3.01125452854562e-05,"Bacteria","Proteobacteria","Alphaproteobacteria","Rickettsiales","Rickettsiaceae","uncultured"
"HQ692013.1.1382",79,44,0.254335260115607,1.90768941152319e-05,"Bacteria","Bacteroidetes","Flavobacteriia","Flavobacteriales","NS9",NA
"HQ697790.1.1470",61,35,0.202312138728324,1.26677601341012e-05,"Bacteria","Proteobacteria","SPOTSOCT00m83","uncultured",NA,NA
"HQ721393.1.1411",253,50,0.289017341040462,5.22140575659593e-05,"Bacteria","PAUC34f","uncultured",NA,NA,NA
"HQ721422.1.1452",76,21,0.121387283236994,1.63052207885786e-05,"Bacteria","Chloroflexi","SAR202",NA,NA,NA
"HQ727616.1.1520",148,31,0.179190751445087,3.00259283304075e-05,"Bacteria","Proteobacteria","Gammaproteobacteria","Xanthomonadales","uncultured","uncultured"
"HQ729977.1.1375",421,85,0.491329479768786,9.60750651675785e-05,"Bacteria","Bacteroidetes","Flavobacteriia","Flavobacteriales","NS9",NA
"HQ730000.1.1340",139,25,0.144508670520231,3.91922405235668e-05,"Bacteria","Proteobacteria","Alphaproteobacteria","Rhodospirillales","Rhodospirillaceae","uncultured"
"HQ730063.1.1357",528,37,0.213872832369942,0.000125239466546937,"Bacteria","Bacteroidetes","Flavobacteriia","Flavobacteriales","Cryomorphaceae","NS10"
"HQ857673.1.1427",67,29,0.167630057803468,1.8030491499678e-05,"Bacteria","Proteobacteria","Alphaproteobacteria","Parvularculales","Parvularculaceae","uncultured"
"JENA01000091.1052.2515",411,46,0.265895953757225,9.16629223933224e-05,"Bacteria","Cyanobacteria","Cyanobacteria","SubsectionI","FamilyI","uncultured"
"JF261520.1.1433",76,22,0.127167630057803,1.67028686276306e-05,"Bacteria","Planctomycetes","Phycisphaerae","Phycisphaerales","Phycisphaeraceae","uncultured"
"JF266048.1.1321",71,18,0.104046242774566,1.32881820737985e-05,"Bacteria","Proteobacteria","Alphaproteobacteria","Sphingomonadales","Sphingomonadaceae","Parasphingopyxis"
"JF272073.1.1512",165,32,0.184971098265896,4.54730632709138e-05,"Bacteria","Proteobacteria","Deltaproteobacteria","Bradymonadales","uncultured",NA
"JF272187.1.1495",416,84,0.485549132947977,0.0001062560224777,"Bacteria","Proteobacteria","Gammaproteobacteria","KI89A",NA,NA
"JF272219.1.1501",142,20,0.115606936416185,2.77093638508228e-05,"Bacteria","Proteobacteria","Gammaproteobacteria","uncultured","uncultured",NA
"JF272231.1.1496",565,69,0.398843930635838,0.000139083223163605,"Bacteria","Proteobacteria","Gammaproteobacteria","Alteromonadales","Alteromonadaceae","Agaribacter"
"JF313015.1.1403",98,23,0.132947976878613,2.13891832933564e-05,"Bacteria","Bacteroidetes","Flavobacteriia","Flavobacteriales","Flavobacteriaceae","Jejudonia"
"JF344195.1.1499",84,19,0.109826589595376,1.5749692232357e-05,"Bacteria","Proteobacteria","Gammaproteobacteria","uncultured","uncultured",NA
"JF344264.1.1506",53,31,0.179190751445087,1.16854347569895e-05,"Bacteria","Proteobacteria","Deltaproteobacteria","Bdellovibrionales","Bacteriovoracaceae","uncultured"
"JF421185.1.1456",58,21,0.121387283236994,1.36760739048008e-05,"Bacteria","Proteobacteria","Alphaproteobacteria","Rickettsiales","T9d","uncultured"
"JF421214.1.1484",1103,62,0.358381502890173,0.000301710562517915,"Bacteria","Bacteroidetes","Flavobacteriia","Flavobacteriales","Cryomorphaceae","uncultured"
"JF451306.1.1461",63,28,0.161849710982659,1.82003109414901e-05,"Bacteria","Proteobacteria","Alphaproteobacteria","Rhodospirillales","Rhodospirillaceae","uncultured"
"JF451312.1.1484",383,54,0.312138728323699,9.51889276634026e-05,"Bacteria","Bacteroidetes","Flavobacteriia","Flavobacteriales","Cryomorphaceae","NS10"
"JF698761.1.1613",372,20,0.115606936416185,9.5995009067365e-05,"Eukaryota","SAR","Stramenopiles","Ochrophyta","Diatomea","Bacillariophytina"
"JF698777.1.1620",347,22,0.127167630057803,9.27549849566578e-05,"Eukaryota","SAR","Stramenopiles","Ochrophyta","Diatomea","Bacillariophytina"
"JF703353.1.1412",69,35,0.202312138728324,1.3817086117553e-05,"Bacteria","Proteobacteria","SPOTSOCT00m83","uncultured",NA,NA
"JF703443.1.1438",59,33,0.190751445086705,1.23076895230148e-05,"Bacteria","Proteobacteria","Betaproteobacteria","Hydrogenophilales","Hydrogenophilaceae","uncultured"
"JF715311.1.918",414,47,0.271676300578035,8.6547442249975e-05,"Archaea","Euryarchaeota","Thermoplasmata","Thermoplasmatales","Marine",NA
"JF715324.1.914",152,28,0.161849710982659,3.3492334162387e-05,"Archaea","Euryarchaeota","Thermoplasmata","Thermoplasmatales","Marine",NA
"JF715374.1.917",450,54,0.312138728323699,9.34664470975467e-05,"Archaea","Euryarchaeota","Thermoplasmata","Thermoplasmatales","Marine",NA
"JF727667.1.1493",57,22,0.127167630057803,1.30189737567304e-05,"Bacteria","Proteobacteria","Gammaproteobacteria","Oceanospirillales","SS1-B-06-26","uncultured"
"JF727692.1.1507",222,38,0.219653179190751,4.9645476199807e-05,"Bacteria","Proteobacteria","Deltaproteobacteria","Bdellovibrionales","Bacteriovoracaceae","Peredibacter"
"JF730845.1.1701",151,55,0.317919075144509,3.8948788412158e-05,"Eukaryota","Incertae",NA,NA,NA,NA
"JF747634.1.1509",50,20,0.115606936416185,1.07518786025952e-05,"Bacteria","Acidobacteria","Subgroup",NA,NA,NA
"JF747659.1.1515",182,24,0.138728323699422,3.92456478211045e-05,"Bacteria","Acidobacteria","Subgroup",NA,NA,NA
"JF790987.1.1777",87,19,0.109826589595376,2.10772775036445e-05,"Eukaryota","SAR","Stramenopiles","Ochrophyta","Diatomea","Bacillariophytina"
"JF790995.1.1777",51,27,0.15606936416185,1.18630881344245e-05,"Eukaryota","SAR","Alveolata","Protalveolata","Syndiniales","Syndiniales"
"JF791011.1.1777",142,36,0.208092485549133,3.2835993976298e-05,"Eukaryota","SAR","Alveolata","Protalveolata","Syndiniales","Syndiniales"
"JF791013.1.1777",161,53,0.30635838150289,3.66628051249974e-05,"Eukaryota","SAR","Alveolata","Protalveolata","Syndiniales","Syndiniales"
"JF791017.1.1777",53,29,0.167630057803468,1.45200990536388e-05,"Eukaryota","SAR","Alveolata","Dinoflagellata","Incertae",NA
"JF791018.1.1777",129,39,0.225433526011561,3.70893591735596e-05,"Eukaryota","SAR","Alveolata","Protalveolata","Syndiniales","Syndiniales"
"JF791021.1.1777",72,30,0.173410404624277,1.61953041992889e-05,"Eukaryota","SAR","Alveolata","Protalveolata","Syndiniales","Syndiniales"
"JF791030.1.1777",161,27,0.15606936416185,3.83028610384142e-05,"Eukaryota","Cryptophyceae","Cryptomonadales","Geminigera","Geminigera",NA
"JF791036.1.1777",86,51,0.294797687861272,2.37149171370869e-05,"Eukaryota","SAR","Alveolata","Protalveolata","Syndiniales","Syndiniales"
"JF791041.1.1777",388,84,0.485549132947977,0.000107522667601422,"Eukaryota","Picozoa","Picomonadida","Picomonadidae","Picomonas","uncultured"
"JF791043.1.1777",89,51,0.294797687861272,2.35413477991158e-05,"Eukaryota","SAR","Stramenopiles","Pirsonia",NA,NA
"JF791054.1.1777",61,25,0.144508670520231,1.5432840714818e-05,"Eukaryota","SAR","Alveolata","Protalveolata","Syndiniales","Syndiniales"
"JF791055.1.1777",95,41,0.236994219653179,2.65187108674729e-05,"Eukaryota","SAR","Alveolata","Dinoflagellata","Incertae",NA
"JF791064.1.1777",151,67,0.38728323699422,3.9185433340347e-05,"Eukaryota","Cryptophyceae","P1-31","uncultured",NA,NA
"JF791065.1.1777",165,37,0.213872832369942,3.78226490549602e-05,"Eukaryota","Cryptophyceae","P1-31","uncultured",NA,NA
"JF791074.1.1777",127,57,0.329479768786127,3.19769051220845e-05,"Eukaryota","SAR","Stramenopiles","MAST-3","MAST-3E","uncultured"
"JF791078.1.1777",70,30,0.173410404624277,1.63888041500899e-05,"Eukaryota","SAR","Alveolata","Ciliophora","Intramacronucleata","Litostomatea"
"JF791083.1.1777",51,19,0.109826589595376,1.04657777946168e-05,"Eukaryota","SAR","Alveolata","Protalveolata","Syndiniales","Syndiniales"
"JF791090.1.1777",152,28,0.161849710982659,3.63763924763616e-05,"Eukaryota","Archaeplastida","Chloroplastida","Chlorophyta","Mamiellophyceae","Mamiellales"
"JF791091.1.1777",151,36,0.208092485549133,3.46314756532988e-05,"Eukaryota","Archaeplastida","Chloroplastida","Chlorophyta","Mamiellophyceae","Mamiellales"
"JF791092.1.1777",210,54,0.312138728323699,5.64615320555836e-05,"Eukaryota","Haptophyta","Prymnesiophyceae","Prymnesiales","Chrysochromulina","uncultured"
"JF791094.1.1777",66,34,0.196531791907514,1.51089888976231e-05,"Eukaryota","Cryptophyceae","Kathablepharidae","Leucocryptos","Leucocryptos",NA
"JF809732.1.1370",178,25,0.144508670520231,4.1457088282596e-05,"Bacteria","Chloroflexi","SAR202",NA,NA,NA
"JF809737.1.1377",87,20,0.115606936416185,1.81901704055113e-05,"Bacteria","Chloroflexi","SAR202",NA,NA,NA
"JF809742.1.1368",52,19,0.109826589595376,1.20358754370034e-05,"Bacteria","Chloroflexi","SAR202",NA,NA,NA
"JF809773.1.1368",147,24,0.138728323699422,3.24123289429909e-05,"Bacteria","Chloroflexi","SAR202",NA,NA,NA
"JF824774.1.1447",164,20,0.115606936416185,3.52260046664082e-05,"Bacteria","Proteobacteria","Alphaproteobacteria","Rickettsiales","SAR116",NA
"JF826371.1.1600",265,38,0.219653179190751,6.65598659395719e-05,"Eukaryota","SAR","Alveolata","Protalveolata","Syndiniales","Syndiniales"
"JF826386.1.1609",111,36,0.208092485549133,3.06913954280222e-05,"Eukaryota","SAR","Alveolata","Dinoflagellata","Dinophyceae","uncultured"
"JF826393.1.1617",78,28,0.161849710982659,2.4415697444593e-05,"Eukaryota","SAR","Alveolata","Dinoflagellata","Dinophyceae","Gymnodiniphycidae"
"JF899875.1.1393",99,42,0.242774566473988,2.38551744747962e-05,"Bacteria","Proteobacteria","Alphaproteobacteria","Rhodobacterales","Rhodobacteraceae","Stappia"
"JF901752.1.1405",371,49,0.283236994219653,9.58304026444507e-05,"Bacteria","Cyanobacteria","Chloroplast","uncultured",NA,NA
"JF917228.1.1431",51,20,0.115606936416185,1.38229248109564e-05,"Bacteria","Cyanobacteria","Chloroplast","uncultured",NA,NA
"JF925023.1.1496",105,49,0.283236994219653,2.38185286112023e-05,"Bacteria","Proteobacteria","Gammaproteobacteria","Cellvibrionales","Spongiibacteraceae","BD1-7"
"JF927220.1.1452",4830,62,0.358381502890173,0.00129712893939685,"Bacteria","Proteobacteria","Gammaproteobacteria","Thiotrichales","Thiotrichaceae","Thiothrix"
"JF927224.1.1452",701,35,0.202312138728324,0.00018030344026039,"Bacteria","Proteobacteria","Alphaproteobacteria","Rhodobacterales","Rhodobacteraceae","Planktomarina"
"JF927250.1.1497",128,41,0.236994219653179,3.29472943725954e-05,"Bacteria","Proteobacteria","Alphaproteobacteria","Rhodospirillales","Rhodospirillaceae","OM75"
"JF927252.1.1417",219,25,0.144508670520231,5.49252616043251e-05,"Bacteria","Proteobacteria","Alphaproteobacteria","Rhodobacterales","Rhodobacteraceae","Planktomarina"
"JF927254.1.1428",227,56,0.323699421965318,5.89377976705526e-05,"Bacteria","Proteobacteria","Alphaproteobacteria","Rhodobacterales","Rhodobacteraceae","Rhodovulum"
"JF927258.1.1473",111,18,0.104046242774566,4.26473426371624e-05,"Bacteria","Proteobacteria","ARKICE-90","uncultured",NA,NA
"JF927259.1.1500",403,43,0.248554913294798,0.000110078800505835,"Bacteria","Proteobacteria","Gammaproteobacteria","Oceanospirillales","Oceanospirillaceae","Balneatrix"
"JF927260.1.1439",380,67,0.38728323699422,0.000106660446693116,"Bacteria","Proteobacteria","Gammaproteobacteria","Oceanospirillales","Oceanospirillaceae","Balneatrix"
"JF927272.1.1487",2339,23,0.132947976878613,0.000575091270350737,"Bacteria","Proteobacteria","Gammaproteobacteria","Cellvibrionales","Porticoccaceae","SAR92"
"JN015204.1.1476",363,30,0.173410404624277,7.56026779864137e-05,"Bacteria","Proteobacteria","Gammaproteobacteria","E01-9C-26",NA,NA
"JN018457.1.1392",776,57,0.329479768786127,0.000194596325739863,"Bacteria","Proteobacteria","Gammaproteobacteria","Cellvibrionales","Halieaceae","OM60(NOR5)"
"JN018523.1.931",241,41,0.236994219653179,5.2811636032941e-05,"Archaea","Euryarchaeota","Thermoplasmata","Thermoplasmatales","Marine",NA
"JN018767.1.1353",865,47,0.271676300578035,0.000174259979952089,"Bacteria","Chloroflexi","SAR202",NA,NA,NA
"JN018772.1.1342",2280,141,0.815028901734104,0.000507459862292444,"Bacteria","Proteobacteria","Alphaproteobacteria","SAR11",NA,NA
"JN018781.1.1357",63,22,0.127167630057803,1.29191809932145e-05,"Bacteria","Proteobacteria","Alphaproteobacteria","Rhodospirillales","Rhodospirillaceae","uncultured"
"JN018803.1.1343",950,120,0.69364161849711,0.000201368948422745,"Bacteria","Proteobacteria","Alphaproteobacteria","Rhodospirillales","Rhodospirillaceae","AEGEAN-169"
"JN018836.1.1368",119,28,0.161849710982659,2.38223334705739e-05,"Bacteria","Proteobacteria","Deltaproteobacteria","Bdellovibrionales","Bdellovibrionaceae","OM27"
"JN018888.1.1414",554,40,0.23121387283237,0.000114279334460812,"Bacteria","Proteobacteria","Gammaproteobacteria","E01-9C-26",NA,NA
"JN018908.1.1363",446,30,0.173410404624277,9.62687933077333e-05,"Bacteria","Chloroflexi","SAR202",NA,NA,NA
"JN018915.1.1419",1996,50,0.289017341040462,0.000398246116020177,"Bacteria","Marinimicrobia",NA,NA,NA,NA
"JN018921.1.1369",990,34,0.196531791907514,0.00020597823018132,"Bacteria","Chloroflexi","SAR202",NA,NA,NA
"JN018922.1.1342",1689,77,0.445086705202312,0.000397415039711072,"Bacteria","Proteobacteria","Alphaproteobacteria","SAR11",NA,NA
"JN018926.1.1363",162,43,0.248554913294798,3.47715259704149e-05,"Bacteria","Lentisphaerae","Lentisphaeria","Lentisphaerales","Lentisphaeraceae","Lentisphaera"
"JN018940.1.1341",1078,104,0.601156069364162,0.000227153816081338,"Bacteria","Proteobacteria","Alphaproteobacteria","SAR11",NA,NA
"JN018941.1.1391",211,50,0.289017341040462,5.30412526033616e-05,"Bacteria","Proteobacteria","Gammaproteobacteria","Cellvibrionales","Porticoccaceae","SAR92"
"JN018970.1.1370",239,25,0.144508670520231,4.85035571362354e-05,"Bacteria","Chloroflexi","SAR202",NA,NA,NA
"JN018973.1.1384",184,63,0.364161849710983,3.6668160184919e-05,"Bacteria","Proteobacteria","Gammaproteobacteria","Gammaproteobacteria",NA,NA
"JN018991.1.1360",648,71,0.410404624277457,0.000136757216230065,"Bacteria","Proteobacteria","Alphaproteobacteria","Rhodospirillales","Rhodospirillaceae","uncultured"
"JN020587.1.1530",216,36,0.208092485549133,4.68835744943702e-05,"Bacteria","Proteobacteria","Gammaproteobacteria","Salinisphaerales","Salinisphaeraceae","Salinisphaera"
"JN022705.19324.20807",396,76,0.439306358381503,0.000101727706161913,"Bacteria","Cyanobacteria","Chloroplast","Emiliania",NA,NA
"JN023433.1.1479",71,30,0.173410404624277,1.50614129772811e-05,"Bacteria","Actinobacteria","Acidimicrobiia","Acidimicrobiales","uncultured","uncultured"
"JN039300.49660.51190",101,22,0.127167630057803,3.20854519417355e-05,"Bacteria","Cyanobacteria","Chloroplast","Karlodinium",NA,NA
"JN090886.1.1796",433,59,0.341040462427746,0.00011712659395424,"Eukaryota","SAR","Stramenopiles","MAST-2","uncultured",NA
"JN098209.1.1536",50,27,0.15606936416185,1.36687927060748e-05,"Eukaryota","SAR","Alveolata","Protalveolata","Syndiniales","Syndiniales"
"JN113083.1.1450",209,49,0.283236994219653,6.07578067984747e-05,"Bacteria","Cyanobacteria","Cyanobacteria","SubsectionI","FamilyI","Prochlorococcus"
"JN117275.103960.105442",58,21,0.121387283236994,1.35804206402321e-05,"Bacteria","Cyanobacteria","Chloroplast","Phaeocystis",NA,NA
"JN119083.1.1496",264,48,0.277456647398844,6.82126664165583e-05,"Bacteria","Proteobacteria","Gammaproteobacteria","Oceanospirillales","SAR86",NA
"JN119088.1.1496",1466,97,0.560693641618497,0.000366103393400223,"Bacteria","Proteobacteria","Gammaproteobacteria","Oceanospirillales","SAR86",NA
"JN119099.1.1514",299,36,0.208092485549133,9.64602961289192e-05,"Bacteria","Proteobacteria","Gammaproteobacteria","Oceanospirillales","SAR86",NA
"JN119108.1.1255",66,27,0.15606936416185,1.8304941666546e-05,"Bacteria","Actinobacteria","Acidimicrobiia","Acidimicrobiales","Sva0996",NA
"JN166192.1.1464",651,95,0.549132947976879,0.000143355938669824,"Bacteria","Proteobacteria","Alphaproteobacteria","Rickettsiales","S25-593","uncultured"
"JN166197.1.1454",16288,75,0.433526011560694,0.00402173363399754,"Bacteria","Cyanobacteria","Chloroplast","uncultured",NA,NA
"JN166217.1.1521",2411,116,0.670520231213873,0.000518685770765945,"Bacteria","Marinimicrobia",NA,NA,NA,NA
"JN166233.1.1526",1738,67,0.38728323699422,0.000335197358250626,"Bacteria","Gemmatimonadetes","BD2-11",NA,NA,NA
"JN166234.1.1473",361,27,0.15606936416185,7.0675116684849e-05,"Bacteria","Planctomycetes","Planctomycetacia","Planctomycetales","Planctomycetaceae","Rhodopirellula"
"JN166240.1.1487",147,23,0.132947976878613,2.84438227303745e-05,"Bacteria","Deinococcus-Thermus","Deinococci","Deinococcales","Trueperaceae","Truepera"
"JN166242.1.1516",166,46,0.265895953757225,3.48426545365901e-05,"Bacteria","Proteobacteria","SPOTSOCT00m83","uncultured",NA,NA
"JN166243.1.1480",984,45,0.260115606936416,0.000198985042903503,"Bacteria","Planctomycetes","Planctomycetacia","Planctomycetales","Planctomycetaceae","Rhodopirellula"
"JN166245.1.1484",399,42,0.242774566473988,8.10011470070278e-05,"Bacteria","Planctomycetes","Planctomycetacia","Planctomycetales","Planctomycetaceae","uncultured"
"JN166254.1.1500",1253,63,0.364161849710983,0.000237927581126356,"Bacteria","Proteobacteria","Gammaproteobacteria","Oceanospirillales","OM182",NA
"JN166266.1.1436",763,82,0.473988439306358,0.000158551150616551,"Bacteria","Proteobacteria","Alphaproteobacteria","SAR11",NA,NA
"JN166271.1.1481",2409,105,0.606936416184971,0.000596676173268108,"Bacteria","Verrucomicrobia","Arctic97B-4",NA,NA,NA
"JN166279.1.1485",620,31,0.179190751445087,0.000133823205912438,"Bacteria","Chloroflexi","SAR202",NA,NA,NA
"JN166296.1.1463",787,70,0.404624277456647,0.000157781075467361,"Bacteria","Proteobacteria","Alphaproteobacteria","Rhodospirillales","Rhodospirillaceae","uncultured"
"JN166299.1.1437",1639,95,0.549132947976879,0.000334104694076547,"Bacteria","Proteobacteria","Alphaproteobacteria","SAR11",NA,NA
"JN166309.1.1461",770,52,0.300578034682081,0.000133848624005402,"Bacteria","Proteobacteria","Alphaproteobacteria","Rhodospirillales","Rhodospirillaceae","Magnetospira"
"JN166310.1.1517",622,39,0.225433526011561,0.000126255923787762,"Bacteria","Proteobacteria","Gammaproteobacteria","E01-9C-26",NA,NA
"JN166312.1.1437",660,49,0.283236994219653,0.000138942553748498,"Bacteria","Proteobacteria","Alphaproteobacteria","SAR11",NA,NA
"JN166320.1.1500",240,41,0.236994219653179,4.82205903330755e-05,"Bacteria","Verrucomicrobia","Opitutae","MB11C04",NA,NA
"JN166321.1.1503",719,71,0.410404624277457,0.000139023162363211,"Bacteria","Verrucomicrobia","Opitutae","MB11C04",NA,NA
"JN166331.1.1517",761,36,0.208092485549133,0.000147451266344193,"Bacteria","Acidobacteria","Subgroup",NA,NA,NA
"JN166332.1.1438",931,75,0.433526011560694,0.000194357157642367,"Bacteria","Proteobacteria","Alphaproteobacteria","SAR11",NA,NA
"JN166337.1.1461",1059,46,0.265895953757225,0.000191348112090707,"Bacteria","Chloroflexi","SAR202",NA,NA,NA
"JN166352.1.1461",160,35,0.202312138728324,3.50180791727664e-05,"Bacteria","Proteobacteria","Alphaproteobacteria","Sneathiellales","Sneathiellaceae","uncultured"
"JN166353.1.1462",262,37,0.213872832369942,5.4904411508618e-05,"Bacteria","Proteobacteria","Alphaproteobacteria","Rhodospirillales","Rhodospirillaceae","uncultured"
"JN166355.1.1445",230,50,0.289017341040462,4.54718592898939e-05,"Bacteria","Proteobacteria","Alphaproteobacteria","SAR11",NA,NA
"JN166364.1.1484",2382,68,0.393063583815029,0.000477014077294282,"Bacteria","Nitrospinae","Nitrospinia","Nitrospinales","Nitrospinaceae","uncultured"
"JN177586.1.1440",99,59,0.341040462427746,2.70316546941407e-05,"Bacteria","Proteobacteria","Alphaproteobacteria","SAR11",NA,NA
"JN177587.1.1446",429,116,0.670520231213873,0.000120685602398635,"Bacteria","Proteobacteria","Alphaproteobacteria","SAR11",NA,NA
"JN177589.1.1443",742,37,0.213872832369942,0.000205326916905697,"Bacteria","Proteobacteria","Alphaproteobacteria","Rhodobacterales","Rhodobacteraceae","Planktomarina"
"JN177592.1.1446",1199,37,0.213872832369942,0.000305353753241582,"Bacteria","Proteobacteria","Alphaproteobacteria","Rhodobacterales","Rhodobacteraceae","Planktomarina"
"JN177608.1.1503",1644,33,0.190751445086705,0.000422477997002752,"Bacteria","Proteobacteria","Gammaproteobacteria","BD7-8",NA,NA
"JN177618.1.1495",3686,36,0.208092485549133,0.000952929446719151,"Bacteria","Proteobacteria","Gammaproteobacteria","Cellvibrionales","Porticoccaceae","SAR92"
"JN177660.1.1446",1370,156,0.901734104046243,0.000376472042566106,"Bacteria","Proteobacteria","Alphaproteobacteria","SAR11",NA,NA
"JN177682.1.1481",211,20,0.115606936416185,5.72996630358424e-05,"Bacteria","Bacteroidetes","Flavobacteriia","Flavobacteriales","Flavobacteriaceae","uncultured"
"JN177688.1.1445",3421,151,0.872832369942196,0.000853585483718971,"Bacteria","Proteobacteria","Gammaproteobacteria","Gammaproteobacteria",NA,NA
"JN177689.1.1428",74,18,0.104046242774566,2.02924639730307e-05,"Bacteria","Proteobacteria","Alphaproteobacteria","Rhodobacterales","Rhodobacteraceae","Planktomarina"
"JN177704.1.1454",174,25,0.144508670520231,5.19004963702941e-05,"Bacteria","Cyanobacteria","Chloroplast","uncultured",NA,NA
"JN177706.1.1481",239,23,0.132947976878613,5.90806572054111e-05,"Bacteria","Bacteroidetes","Flavobacteriia","Flavobacteriales","Flavobacteriaceae","Polaribacter"
"JN177708.1.1509",484,47,0.271676300578035,0.000129804828469213,"Bacteria","Proteobacteria","Betaproteobacteria","Methylophilales","Methylophilaceae","OM43"
"JN207221.1.1447",251,31,0.179190751445087,5.94136551850083e-05,"Bacteria","Cyanobacteria","Chloroplast","Virgulinella",NA,NA
"JN230230.1.1473",153,23,0.132947976878613,3.9024137092517e-05,"Bacteria","Bacteroidetes","Sphingobacteriia","Sphingobacteriales","Saprospiraceae","uncultured"
"JN233008.1.1443",69,25,0.144508670520231,1.73655479257235e-05,"Bacteria","Bacteroidetes","Flavobacteriia","Flavobacteriales","Cryomorphaceae","Crocinitomix"
"JN233012.1.1386",173,62,0.358381502890173,4.38792143966212e-05,"Bacteria","Proteobacteria","Alphaproteobacteria","Rhodobacterales","Rhodobacteraceae","uncultured"
"JN233037.1.1468",415,22,0.127167630057803,8.1007201016216e-05,"Bacteria","Planctomycetes","Planctomycetacia","Planctomycetales","Planctomycetaceae","uncultured"
"JN233054.1.1435",1666,33,0.190751445086705,0.000334312359899694,"Bacteria","Chloroflexi","SAR202",NA,NA,NA
"JN233072.1.1476",100,26,0.15028901734104,2.00833710935153e-05,"Bacteria","Proteobacteria","Deltaproteobacteria","Myxococcales","VHS-B3-70","uncultured"
"JN233086.1.1389",77,30,0.173410404624277,1.650873351009e-05,"Bacteria","Proteobacteria","Alphaproteobacteria","Rhodobacterales","Rhodobacteraceae","Halovulum"
"JN233109.1.1434",161,20,0.115606936416185,3.33114425704072e-05,"Bacteria","Planctomycetes","Planctomycetacia","Planctomycetales","Planctomycetaceae","Planctomyces"
"JN233132.1.1477",1825,101,0.583815028901734,0.000437582835610388,"Bacteria","Proteobacteria","Deltaproteobacteria","Bdellovibrionales","Bacteriovoracaceae","uncultured"
"JN233133.1.1417",306,64,0.369942196531792,7.16332384775065e-05,"Bacteria","Proteobacteria","Alphaproteobacteria","Rhodospirillales","Rhodospirillaceae","Thalassospira"
"JN233527.1.1440",8528,110,0.635838150289017,0.00177870174598069,"Bacteria","Bacteroidetes","Cytophagia","Cytophagales","Flammeovirgaceae","Marinoscillum"
"JN233626.1.1420",423,86,0.497109826589595,0.000105097839770513,"Bacteria","Cyanobacteria","ML635J-21","uncultured",NA,NA
"JN427672.1.1392",71,32,0.184971098265896,1.93339306163476e-05,"Bacteria","Proteobacteria","Gammaproteobacteria","Cellvibrionales","Halieaceae","Pseudohaliea"
"JN428253.1.1347",90,27,0.15606936416185,2.72112500115625e-05,"Bacteria","Cyanobacteria","Cyanobacteria","SubsectionIII","FamilyI","Leptolyngbya"
"JN430216.1.1259",146,32,0.184971098265896,3.345423266378e-05,"Bacteria","Proteobacteria","Alphaproteobacteria","Rhodobacterales","Rhodobacteraceae","Thalassobius"
"JN430435.1.1385",155,33,0.190751445086705,4.20239411741276e-05,"Bacteria","Proteobacteria","Alphaproteobacteria","Alphaproteobacteria",NA,NA
"JN430440.1.1428",50,21,0.121387283236994,1.18191248366334e-05,"Bacteria","Verrucomicrobia","Opitutae","Puniceicoccales","Puniceicoccaceae","uncultured"
"JN440459.1.1425",132,31,0.179190751445087,3.60798141588964e-05,"Bacteria","Proteobacteria","Alphaproteobacteria","Alphaproteobacteria",NA,NA
"JN457994.1.1390",1258,48,0.277456647398844,0.000311142541368733,"Bacteria","Cyanobacteria","Chloroplast","uncultured",NA,NA
"JN459589.1.1448",205,42,0.242774566473988,4.83051652050202e-05,"Bacteria","Proteobacteria","Deltaproteobacteria","Myxococcales","Sandaracinaceae","uncultured"
"JN483548.1.1364",202,21,0.121387283236994,4.85493825513533e-05,"Bacteria","Proteobacteria","Deltaproteobacteria","Bdellovibrionales","Bdellovibrionaceae","Bdellovibrio"
"JN523299.1.1385",76,22,0.127167630057803,1.46430314034626e-05,"Bacteria","Proteobacteria","Alphaproteobacteria","Rhodobacterales","Rhodobacteraceae","uncultured"
"JN529086.1.1273",72,19,0.109826589595376,1.75640092977172e-05,"Bacteria","Verrucomicrobia","Opitutae","Puniceicoccales","Puniceicoccaceae","marine"
"JN535069.1.1369",78,35,0.202312138728324,1.5945312358891e-05,"Bacteria","Proteobacteria","Alphaproteobacteria","Caulobacterales","Hyphomonadaceae","uncultured"
"JN547438.1.1447",113,42,0.242774566473988,2.9518089971906e-05,"Bacteria","Cyanobacteria","Cyanobacteria","SubsectionI","FamilyI","Prochlorococcus"
"JN547476.1.1428",5213,130,0.751445086705202,0.00124899450336691,"Bacteria","Proteobacteria","Alphaproteobacteria","SAR11",NA,NA
"JN563796.1.901",524,31,0.179190751445087,0.000110653197784867,"Archaea","Thaumarchaeota","Marine",NA,NA,NA
"JN591805.1.1459",169,22,0.127167630057803,5.42014171272132e-05,"Bacteria","Proteobacteria","Alphaproteobacteria","Rhizobiales","OCS116",NA
"JN591809.1.1446",613,60,0.346820809248555,0.000186600654196134,"Bacteria","Proteobacteria","Alphaproteobacteria","Rickettsiales","SAR116",NA
"JN591868.1.1483",3214,102,0.589595375722543,0.000730701007512264,"Bacteria","Proteobacteria","Deltaproteobacteria","SAR324",NA,NA
"JN591869.1.1500",84,44,0.254335260115607,1.82229242023687e-05,"Bacteria","Proteobacteria","Deltaproteobacteria","Oligoflexales","Oligoflexaceae","uncultured"
"JN591874.1.1503",125,27,0.15606936416185,4.39208335076306e-05,"Bacteria","Verrucomicrobia","Opitutae","MB11C04",NA,NA
"JN591877.1.1479",3346,75,0.433526011560694,0.000917647379152216,"Bacteria","Bacteroidetes","Flavobacteriia","Flavobacteriales","Cryomorphaceae","uncultured"
"JN591884.1.1486",901,46,0.265895953757225,0.000265958420229617,"Bacteria","Proteobacteria","Gammaproteobacteria","Oceanospirillales","SAR86",NA
"JN591915.1.1461",328,35,0.202312138728324,8.52899140320983e-05,"Bacteria","Proteobacteria","Alphaproteobacteria","Rhizobiales","PS1",NA
"JN591986.1.1424",2369,101,0.583815028901734,0.000660178127493784,"Archaea","Euryarchaeota","Thermoplasmata","Thermoplasmatales","Marine",NA
"JN592010.1.1444",1308,31,0.179190751445087,0.000474130081685882,"Archaea","Thaumarchaeota","Marine",NA,NA,NA
"JN594639.1.1424",95,21,0.121387283236994,2.36838086519342e-05,"Bacteria","Proteobacteria","Deltaproteobacteria","Bdellovibrionales","Bacteriovoracaceae","Peredibacter"
"JN596636.1.1396",78,20,0.115606936416185,1.7120780674539e-05,"Bacteria","Chloroflexi","SAR202",NA,NA,NA
"JN596675.1.1382",110,26,0.15028901734104,2.32865925715445e-05,"Bacteria","Chloroflexi","SAR202",NA,NA,NA
"JN606971.1.1365",52,18,0.104046242774566,1.00688936825796e-05,"Bacteria","Proteobacteria","Gammaproteobacteria","Alteromonadales","Pseudoalteromonadaceae","Pseudoalteromonas"
"JN625572.1.1406",247,43,0.248554913294798,6.52348434875765e-05,"Bacteria","Bacteroidetes","Flavobacteriia","Flavobacteriales","Cryomorphaceae","uncultured"
"JN625651.1.1326",85,31,0.179190751445087,2.73878340563347e-05,"Bacteria","Proteobacteria","Alphaproteobacteria","Rhodobacterales","Rhodobacteraceae","uncultured"
"JN625682.1.1376",132,29,0.167630057803468,3.32128897472895e-05,"Bacteria","Proteobacteria","Alphaproteobacteria","Rickettsiales","SAR116",NA
"JN625710.1.1348",56,18,0.104046242774566,1.36863222267381e-05,"Bacteria","Proteobacteria","Alphaproteobacteria","Rhodobacterales","Rhodobacteraceae","Lentibacter"
"JN672654.1.1484",85,29,0.167630057803468,1.90626058133434e-05,"Bacteria","Proteobacteria","Deltaproteobacteria","Desulfuromonadales","Desulfuromonadaceae","Desulfuromonas"
"JN680740.1.1801",130,31,0.179190751445087,3.4696485758588e-05,"Eukaryota","SAR","Stramenopiles","Ochrophyta","Chrysophyceae","Chromulinales"
"JN680741.1.1801",69,33,0.190751445086705,1.68893378752741e-05,"Eukaryota","SAR","Stramenopiles","Ochrophyta","Dictyochophyceae","Pedinellales"
"JN683985.1.1502",484,47,0.271676300578035,0.000110023789594256,"Bacteria","Proteobacteria","Gammaproteobacteria","Legionellales","Legionellaceae","Legionella"
"JN717172.1.1453",115,32,0.184971098265896,3.35267097364479e-05,"Bacteria","Bacteroidetes","Flavobacteriia","Flavobacteriales","Flavobacteriaceae","Maritimimonas"
"JN791399.1.1378",754,35,0.202312138728324,0.000209578573315589,"Bacteria","Bacteroidetes","Flavobacteriia","Flavobacteriales","Flavobacteriaceae","Mesoflavibacter"
"JN811202.1.1706",67,27,0.15606936416185,1.38866300654081e-05,"Eukaryota","SAR","Rhizaria","Retaria","Acantharia","Holocanthida"
"JN811206.1.1718",67,23,0.132947976878613,1.30735518730124e-05,"Eukaryota","SAR","Rhizaria","Retaria","Acantharia","Acantharea"
"JN832726.1.1705",61,21,0.121387283236994,1.46202069380938e-05,"Eukaryota","SAR","Alveolata","Protalveolata","Syndiniales","Syndiniales"
"JN832825.1.1702",171,53,0.30635838150289,4.492973546748e-05,"Eukaryota","SAR","Alveolata","Protalveolata","Syndiniales","Syndiniales"
"JN832826.1.1689",188,37,0.213872832369942,3.79482200935719e-05,"Eukaryota","SAR","Rhizaria","Retaria","RAD",NA
"JN832827.1.1714",61,24,0.138728323699422,1.20000732026371e-05,"Eukaryota","SAR","Alveolata","Protalveolata","Syndiniales","Syndiniales"
"JN832831.1.1719",222,58,0.335260115606936,5.18174998412257e-05,"Eukaryota","SAR","Alveolata","Protalveolata","Syndiniales","Syndiniales"
"JN832835.1.1706",264,79,0.456647398843931,6.57661635360704e-05,"Eukaryota","SAR","Alveolata","NIF-4C10","uncultured",NA
"JN832930.1.1413",4039,150,0.867052023121387,0.000970761523101466,"Bacteria","Proteobacteria","Gammaproteobacteria","Oceanospirillales","Oceanospirillaceae","Pseudohongiella"
"JN832933.1.1399",2394,124,0.716763005780347,0.000618082141113496,"Bacteria","Bacteroidetes","Flavobacteriia","Flavobacteriales","Flavobacteriaceae","NS4"
"JN832934.1.1425",2144,63,0.364161849710983,0.000625731065226698,"Bacteria","Proteobacteria","Gammaproteobacteria","Oceanospirillales","SAR86",NA
"JN832936.1.1411",6752,48,0.277456647398844,0.00185069507673447,"Bacteria","Proteobacteria","Gammaproteobacteria","Oceanospirillales","ZD0405","uncultured"
"JN832937.1.1407",298,67,0.38728323699422,8.0345631044883e-05,"Bacteria","Proteobacteria","Gammaproteobacteria","Oceanospirillales","SAR86",NA
"JN832941.1.1347",454,90,0.520231213872832,0.000123627082733687,"Bacteria","Proteobacteria","Alphaproteobacteria","SAR11",NA,NA
"JN833081.1.1440",75,31,0.179190751445087,2.07250135370713e-05,"Bacteria","Verrucomicrobia","OPB35",NA,NA,NA
"JN833084.1.1427",495,81,0.468208092485549,0.000138990331576376,"Bacteria","Proteobacteria","Gammaproteobacteria","E01-9C-26",NA,NA
"JN833086.1.1361",152,68,0.393063583815029,3.70998027660952e-05,"Bacteria","Proteobacteria","Alphaproteobacteria","Rhodospirillales","Rhodospirillaceae","uncultured"
"JN833331.1.1017",509,64,0.369942196531792,0.000136210795769602,"Archaea","Euryarchaeota","Thermoplasmata","Thermoplasmatales","Marine",NA
"JN837486.1.1427",526,54,0.312138728323699,0.000121218605851009,"Bacteria","Proteobacteria","Alphaproteobacteria","Rhodobacterales","Rhodobacteraceae","Albimonas"
"JN860348.1.1461",52,24,0.138728323699422,1.1011430637306e-05,"Bacteria","Proteobacteria","Alphaproteobacteria","Rhodospirillales","Rhodospirillaceae","uncultured"
"JN860366.1.1501",108,52,0.300578034682081,2.52802307623334e-05,"Bacteria","Proteobacteria","Gammaproteobacteria","Legionellales","Coxiellaceae","Coxiella"
"JN860371.1.1464",226,34,0.196531791907514,5.12338715589701e-05,"Bacteria","Proteobacteria","Alphaproteobacteria","Rhodospirillales","Rhodospirillaceae","uncultured"
"JN868910.1.1478",151,46,0.265895953757225,3.91831270457698e-05,"Bacteria","Proteobacteria","Alphaproteobacteria","Sphingomonadales","Sphingomonadaceae","Sphingopyxis"
"JN874005.1.1488",89,50,0.289017341040462,2.01340485613872e-05,"Bacteria","Proteobacteria","Gammaproteobacteria","Cellvibrionales","Spongiibacteraceae","BD1-7"
"JN874014.1.1494",87,51,0.294797687861272,2.16994956231144e-05,"Bacteria","Proteobacteria","Gammaproteobacteria","Cellvibrionales","Spongiibacteraceae","BD1-7"
"JN874222.1.1511",233,33,0.190751445086705,4.55038594461908e-05,"Bacteria","Planctomycetes","Planctomycetacia","Planctomycetales","Planctomycetaceae","Planctomyces"
"JN874316.1.1443",499,48,0.277456647398844,0.000137704715855326,"Bacteria","Cyanobacteria","Cyanobacteria","SubsectionI","FamilyI","Synechococcus"
"JN874344.1.1467",195,61,0.352601156069364,4.69904085080832e-05,"Bacteria","Bacteroidetes","Flavobacteriia","Flavobacteriales","Flavobacteriaceae","uncultured"
"JN874348.1.1526",3088,81,0.468208092485549,0.00070616081654711,"Bacteria","Verrucomicrobia","Arctic97B-4",NA,NA,NA
"JN874356.1.1254",136,28,0.161849710982659,2.58315125396343e-05,"Bacteria","Proteobacteria","Alphaproteobacteria","Sphingomonadales","Erythrobacteraceae","Erythrobacter"
"JN881604.1.1489",93,18,0.104046242774566,2.28139617507533e-05,"Bacteria","Bacteroidetes","Flavobacteriia","Flavobacteriales","Cryomorphaceae","uncultured"
"JN934689.1.1639",753,20,0.115606936416185,0.00017416698437171,"Eukaryota","Archaeplastida","Chloroplastida","Chlorophyta","Prasinophytae","Pyramimonas"
"JN974455.1.1636",89,20,0.115606936416185,2.59869912346308e-05,"Eukaryota","SAR","Alveolata","Ciliophora","Intramacronucleata","Litostomatea"
"JN976032.1.1403",395,40,0.23121387283237,0.000112116809043243,"Bacteria","Bacteroidetes","Flavobacteriia","Flavobacteriales","NS9",NA
"JN976461.1.1448",1708,26,0.15028901734104,0.000376475925740587,"Bacteria","Proteobacteria","Betaproteobacteria","Methylophilales","Methylophilaceae","Methylotenera"
"JN977150.1.1548",5455,49,0.283236994219653,0.00116690266037305,"Bacteria","Verrucomicrobia","Opitutae","Puniceicoccales","Puniceicoccaceae","Lentimonas"
"JN977184.1.1526",61,18,0.104046242774566,1.82216137262582e-05,"Bacteria","Proteobacteria","Gammaproteobacteria","Cellvibrionales","Halieaceae","OM60(NOR5)"
"JN977196.1.1552",176,49,0.283236994219653,4.03267854509213e-05,"Bacteria","Proteobacteria","Gammaproteobacteria","Oceanospirillales","OM182",NA
"JN977229.1.1493",58,31,0.179190751445087,1.54371373867858e-05,"Bacteria","Proteobacteria","Alphaproteobacteria","S26-47","uncultured",NA
"JN977301.1.1476",909,44,0.254335260115607,0.000212919358301428,"Bacteria","Cyanobacteria","Chloroplast","uncultured",NA,NA
"JN985930.1.1439",567,91,0.526011560693642,0.000139827462793657,"Bacteria","Cyanobacteria","Chloroplast","uncultured",NA,NA
"JN985934.1.1448",3456,111,0.641618497109827,0.000892063869202732,"Bacteria","Cyanobacteria","Chloroplast","uncultured",NA,NA
"JN985986.1.1465",567,62,0.358381502890173,0.000133773924650201,"Bacteria","Proteobacteria","Alphaproteobacteria","Rickettsiales","S25-593","uncultured"
"JN986003.1.1444",1846,111,0.641618497109827,0.00048175612176348,"Bacteria","Cyanobacteria","Chloroplast","uncultured",NA,NA
"JN986027.1.1447",584,77,0.445086705202312,0.000166609327069623,"Bacteria","Cyanobacteria","Chloroplast","uncultured",NA,NA
"JN986052.1.1466",1404,49,0.283236994219653,0.000290692338453711,"Bacteria","Proteobacteria","Alphaproteobacteria","Rickettsiales","S25-593","uncultured"
"JN986111.1.1485",3001,112,0.647398843930636,0.000736001107474107,"Bacteria","Bacteroidetes","Flavobacteriia","Flavobacteriales","NS9",NA
"JN986119.1.1466",1665,114,0.658959537572254,0.000395684530026925,"Bacteria","Proteobacteria","Alphaproteobacteria","Rhodospirillales","Rhodospirillaceae","uncultured"
"JN986126.1.1497",1278,105,0.606936416184971,0.000306433621319144,"Bacteria","Proteobacteria","Deltaproteobacteria","Oligoflexales","Oligoflexaceae","uncultured"
"JN986134.1.1461",208,41,0.236994219653179,4.85697262970478e-05,"Bacteria","Cyanobacteria","Chloroplast","uncultured",NA,NA
"JN986145.1.1474",258,30,0.173410404624277,5.49213660944165e-05,"Bacteria","Cyanobacteria","Chloroplast","uncultured",NA,NA
"JN986153.1.1516",506,83,0.479768786127168,0.000128667314037864,"Bacteria","Proteobacteria","Deltaproteobacteria","Bradymonadales","uncultured",NA
"JN986160.1.1465",3811,82,0.473988439306358,0.000895503311450206,"Bacteria","Cyanobacteria","Chloroplast","uncultured",NA,NA
"JN986232.1.1444",772,89,0.514450867052023,0.000199804906057845,"Bacteria","Cyanobacteria","Chloroplast","uncultured",NA,NA
"JN986249.1.1425",516,85,0.491329479768786,0.000122771071890279,"Bacteria","Proteobacteria","Alphaproteobacteria","Rhodobacterales","Rhodobacteraceae","uncultured"
"JN986261.1.1445",892,104,0.601156069364162,0.000250623336026313,"Bacteria","Cyanobacteria","Chloroplast","uncultured",NA,NA
"JN986291.1.1551",191,32,0.184971098265896,4.55311349100191e-05,"Bacteria","Proteobacteria","Alphaproteobacteria","Rickettsiales","Mitochondria","uncultured"
"JN986359.1.1485",2300,63,0.364161849710983,0.000653970406959007,"Bacteria","Proteobacteria","Gammaproteobacteria","Oceanospirillales","SAR86",NA
"JN986376.1.1448",272,45,0.260115606936416,7.30050087254732e-05,"Bacteria","Cyanobacteria","Chloroplast","uncultured",NA,NA
"JN986416.1.1450",590,24,0.138728323699422,0.00017615526257573,"Bacteria","Cyanobacteria","Chloroplast","uncultured",NA,NA
"JN986428.1.1438",1347,115,0.664739884393064,0.000328096186352623,"Bacteria","Proteobacteria","Alphaproteobacteria","SAR11",NA,NA
"JN986478.1.1488",103,33,0.190751445086705,2.56221841935301e-05,"Bacteria","Bacteroidetes","Cytophagia","Cytophagales","Flammeovirgaceae","uncultured"
"JN986494.1.1487",793,64,0.369942196531792,0.000183800380256264,"Bacteria","Bacteroidetes","Flavobacteriia","Flavobacteriales","Cryomorphaceae","NS10"
"JN986495.1.1452",3989,123,0.710982658959538,0.000991862634720343,"Bacteria","Proteobacteria","Alphaproteobacteria","SAR11",NA,NA
"JN986498.1.1448",5509,158,0.913294797687861,0.00143787973964342,"Bacteria","Proteobacteria","Alphaproteobacteria","SAR11",NA,NA
"JN986504.1.1507",3338,107,0.61849710982659,0.000760365989681154,"Bacteria","Verrucomicrobia","Verrucomicrobiae","Verrucomicrobiales","Verrucomicrobiaceae","Roseibacillus"
"JN986506.1.1446",770,89,0.514450867052023,0.000195475174846833,"Bacteria","Cyanobacteria","Chloroplast","uncultured",NA,NA
"JN986512.1.1449",1120,54,0.312138728323699,0.000267939015984074,"Bacteria","Cyanobacteria","Chloroplast","uncultured",NA,NA
"JN986514.1.1487",2123,70,0.404624277456647,0.000578920725901909,"Bacteria","Bacteroidetes","Flavobacteriia","Flavobacteriales","Flavobacteriaceae","Formosa"
"JNCK01000001.1085127.1086664",487,51,0.294797687861272,0.000111113760837524,"Bacteria","Proteobacteria","Gammaproteobacteria","Oceanospirillales","Halomonadaceae","Halomonas"
"JOTB01000002.66971.68440",220,31,0.179190751445087,4.20662587999082e-05,"Archaea","Thaumarchaeota","Marine",NA,NA,NA
"JPOL01000002.1056712.1058218",75,21,0.121387283236994,1.64336839350806e-05,"Bacteria","Bacteroidetes","Flavobacteriia","Flavobacteriales","Flavobacteriaceae","Flavimarina"
"JPUP01000073.42302.43784",3020,126,0.728323699421965,0.00072023313853763,"Bacteria","Proteobacteria","Alphaproteobacteria","SAR11",NA,NA
"JQ062667.1.1511",88,30,0.173410404624277,2.19084944595259e-05,"Bacteria","Proteobacteria","Gammaproteobacteria","Oceanospirillales","Litoricolaceae","Litoricola"
"JQ062702.1.1447",65,34,0.196531791907514,1.7615788354353e-05,"Bacteria","Cyanobacteria","Cyanobacteria","SubsectionI","FamilyI","Prochlorococcus"
"JQ062717.1.1448",661,93,0.53757225433526,0.000169472775160018,"Bacteria","Cyanobacteria","Cyanobacteria","SubsectionI","FamilyI","Prochlorococcus"
"JQ062718.1.1486",1068,53,0.30635838150289,0.000251019352025311,"Bacteria","Bacteroidetes","Flavobacteriia","Flavobacteriales","Flavobacteriaceae","NS4"
"JQ062789.1.1447",225,32,0.184971098265896,5.53845351051762e-05,"Bacteria","Proteobacteria","Alphaproteobacteria","Rhodobacterales","Rhodobacteraceae","uncultured"
"JQ062856.1.1462",3549,94,0.543352601156069,0.000808949797974984,"Bacteria","Proteobacteria","Alphaproteobacteria","Rhizobiales","PS1",NA
"JQ062860.1.1445",145,26,0.15028901734104,3.66450894747361e-05,"Bacteria","Cyanobacteria","Cyanobacteria","SubsectionI","FamilyI","Synechococcus"
"JQ181836.1.915",700,66,0.38150289017341,0.000161494842794901,"Archaea","Euryarchaeota","Thermoplasmata","Thermoplasmatales","Marine",NA
"JQ181848.1.912",381,50,0.289017341040462,8.60815689761192e-05,"Archaea","Euryarchaeota","Thermoplasmata","Thermoplasmatales","Marine",NA
"JQ181858.1.901",806,78,0.450867052023121,0.000229825913937765,"Archaea","Euryarchaeota","Thermoplasmata","Thermoplasmatales","Marine",NA
"JQ181886.1.902",287,35,0.202312138728324,6.45791193098527e-05,"Archaea","Euryarchaeota","Thermoplasmata","Thermoplasmatales","Marine",NA
"JQ181887.1.914",828,50,0.289017341040462,0.000202756628802467,"Archaea","Euryarchaeota","Thermoplasmata","Thermoplasmatales","Marine",NA
"JQ181913.1.917",158,37,0.213872832369942,4.00967967094921e-05,"Archaea","Euryarchaeota","Thermoplasmata","Thermoplasmatales","Marine",NA
"JQ181942.1.913",260,74,0.427745664739884,5.95780040964688e-05,"Archaea","Euryarchaeota","Thermoplasmata","Thermoplasmatales","Marine",NA
"JQ181962.1.911",866,79,0.456647398843931,0.00022561843558267,"Archaea","Euryarchaeota","Thermoplasmata","Thermoplasmatales","Marine",NA
"JQ194817.1.1304",822,37,0.213872832369942,0.000236959012693195,"Bacteria","Cyanobacteria","Chloroplast","uncultured",NA,NA
"JQ194818.1.1348",2537,81,0.468208092485549,0.000583803315265387,"Bacteria","Proteobacteria","Gammaproteobacteria","Gammaproteobacteria",NA,NA
"JQ194830.1.1358",2442,43,0.248554913294798,0.00068169162048438,"Bacteria","Proteobacteria","Gammaproteobacteria","Oceanospirillales","Oceanospirillaceae","Oleispira"
"JQ194884.1.1309",285,74,0.427745664739884,7.2555475613574e-05,"Bacteria","Cyanobacteria","Chloroplast","uncultured",NA,NA
"JQ195213.1.1291",243,33,0.190751445086705,6.42680904576503e-05,"Bacteria","Cyanobacteria","Chloroplast","uncultured",NA,NA
"JQ195641.1.1327",58,26,0.15028901734104,1.43061095020508e-05,"Bacteria","Lentisphaerae","Lentisphaeria","Lentisphaerales","Lentisphaeraceae","Lentisphaera"
"JQ195654.1.1359",90,28,0.161849710982659,2.20958850929108e-05,"Bacteria","Planctomycetes","BD7-11","uncultured",NA,NA
"JQ195750.1.1303",526,40,0.23121387283237,0.000182387003437356,"Bacteria","Cyanobacteria","Chloroplast","uncultured",NA,NA
"JQ195775.1.1352",73,21,0.121387283236994,1.93077843136597e-05,"Bacteria","Bacteroidetes","Flavobacteriia","Flavobacteriales","Flavobacteriaceae","Flavicella"
"JQ195782.1.1320",1922,119,0.687861271676301,0.00047675719278425,"Bacteria","Proteobacteria","Gammaproteobacteria","Thiotrichales","Thiotrichaceae","Thiothrix"
"JQ195811.1.1320",85,33,0.190751445086705,2.4805348546097e-05,"Bacteria","Proteobacteria","Gammaproteobacteria","Thiotrichales","Thiotrichaceae","Thiothrix"
"JQ195820.1.1306",571,57,0.329479768786127,0.00015939031925964,"Bacteria","Cyanobacteria","Chloroplast","uncultured",NA,NA
"JQ196009.1.1364",388,31,0.179190751445087,0.000109784121105852,"Bacteria","Bacteroidetes","Sphingobacteriia","Sphingobacteriales","NS11-12",NA
"JQ196251.1.1376",352,30,0.173410404624277,0.000118677646684809,"Bacteria","Bacteroidetes","Flavobacteriia","Flavobacteriales","Flavobacteriaceae","NS5"
"JQ196373.1.1381",216,45,0.260115606936416,5.3021699204258e-05,"Bacteria","Verrucomicrobia","Opitutae","Puniceicoccales","Puniceicoccaceae","marine"
"JQ196427.1.1321",235,35,0.202312138728324,7.2677065277055e-05,"Bacteria","Cyanobacteria","Chloroplast","uncultured",NA,NA
"JQ196429.1.1318",137,34,0.196531791907514,3.9386736120014e-05,"Bacteria","Proteobacteria","Alphaproteobacteria","Rickettsiales","SAR116",NA
"JQ196539.1.1377",1834,80,0.46242774566474,0.000473237088431612,"Bacteria","Proteobacteria","Gammaproteobacteria","KI89A",NA,NA
"JQ196749.1.1360",1929,79,0.456647398843931,0.00050145005772577,"Bacteria","Bacteroidetes","Flavobacteriia","Flavobacteriales","Flavobacteriaceae","NS5"
"JQ196780.1.1352",1485,31,0.179190751445087,0.000417698468234317,"Bacteria","Bacteroidetes","Flavobacteriia","Flavobacteriales","Flavobacteriaceae","Formosa"
"JQ196866.1.1318",7330,108,0.624277456647399,0.00193732833614875,"Bacteria","Proteobacteria","Alphaproteobacteria","SAR11",NA,NA
"JQ197822.1.1301",111,27,0.15606936416185,3.32379536945993e-05,"Bacteria","Cyanobacteria","Chloroplast","uncultured",NA,NA
"JQ197847.1.1302",169,66,0.38150289017341,4.41563738010223e-05,"Bacteria","Cyanobacteria","Chloroplast","uncultured",NA,NA
"JQ197883.1.1353",1157,43,0.248554913294798,0.000268335966369629,"Bacteria","Bacteroidetes","Flavobacteriia","Flavobacteriales","Flavobacteriaceae","NS4"
"JQ198300.1.1289",982,58,0.335260115606936,0.000293616505260111,"Bacteria","Proteobacteria","Alphaproteobacteria","Rickettsiales","Mitochondria","uncultured"
"JQ198412.1.1324",676,41,0.236994219653179,0.000179337873350825,"Bacteria","Cyanobacteria","Chloroplast","uncultured",NA,NA
"JQ198482.1.1333",3914,95,0.549132947976879,0.00105460044714694,"Bacteria","Proteobacteria","Alphaproteobacteria","Rhodospirillales","Rhodospirillaceae","AEGEAN-169"
"JQ198562.1.1305",150,39,0.225433526011561,4.20442573828821e-05,"Bacteria","Cyanobacteria","Chloroplast","uncultured",NA,NA
"JQ198603.1.1304",205,44,0.254335260115607,5.32677212695276e-05,"Bacteria","Cyanobacteria","Chloroplast","uncultured",NA,NA
"JQ199426.1.1351",94,29,0.167630057803468,2.41090337228855e-05,"Bacteria","Bacteroidetes","Flavobacteriia","Flavobacteriales","Cryomorphaceae","uncultured"
"JQ199439.1.1350",947,86,0.497109826589595,0.000243150037005261,"Bacteria","Bacteroidetes","Flavobacteriia","Flavobacteriales","NS9",NA
"JQ199440.1.1360",4556,108,0.624277456647399,0.00111787424733312,"Bacteria","Bacteroidetes","Flavobacteriia","Flavobacteriales","Flavobacteriaceae","NS5"
"JQ200113.1.1352",1567,58,0.335260115606936,0.000361588288820496,"Bacteria","Proteobacteria","Betaproteobacteria","Burkholderiales","Alcaligenaceae","MWH-UniP1"
"JQ208616.1.1449",83,24,0.138728323699422,1.94277670065234e-05,"Bacteria","Proteobacteria","Gammaproteobacteria","Pseudomonadales","Moraxellaceae","Psychrobacter"
"JQ211666.1.1283",142,22,0.127167630057803,3.60239467912384e-05,"Bacteria","Proteobacteria","Alphaproteobacteria","Rhodobacterales","Rhodobacteraceae","uncultured"
"JQ214458.1.1354",95,21,0.121387283236994,2.85337777248457e-05,"Bacteria","Bacteroidetes","Flavobacteriia","Flavobacteriales","Cryomorphaceae","Crocinitomix"
"JQ220569.1.914",2488,39,0.225433526011561,0.000532849415543802,"Archaea","Thaumarchaeota","Marine",NA,NA,NA
"JQ220570.1.915",83,19,0.109826589595376,1.70372611916638e-05,"Archaea","Euryarchaeota","Thermoplasmata","Thermoplasmatales","Marine",NA
"JQ220648.1.914",492,30,0.173410404624277,0.000104962895324218,"Archaea","Thaumarchaeota","Marine",NA,NA,NA
"JQ220653.1.915",1195,32,0.184971098265896,0.000255509897298636,"Archaea","Thaumarchaeota","Marine",NA,NA,NA
"JQ220882.1.916",281,34,0.196531791907514,8.03635062143631e-05,"Archaea","Euryarchaeota","Thermoplasmata","Thermoplasmatales","Marine",NA
"JQ220924.1.916",111,33,0.190751445086705,2.3988671337168e-05,"Archaea","Thaumarchaeota","Marine",NA,NA,NA
"JQ221004.1.915",2045,42,0.242774566473988,0.000427927433273413,"Archaea","Thaumarchaeota","Marine",NA,NA,NA
"JQ221038.1.914",329,28,0.161849710982659,7.06036413604595e-05,"Archaea","Thaumarchaeota","Marine",NA,NA,NA
"JQ221072.1.914",1328,37,0.213872832369942,0.000283231299780677,"Archaea","Thaumarchaeota","Marine",NA,NA,NA
"JQ221090.1.914",369,33,0.190751445086705,7.44183538657883e-05,"Archaea","Thaumarchaeota","Marine",NA,NA,NA
"JQ221124.1.915",1072,77,0.445086705202312,0.000226501862164809,"Archaea","Euryarchaeota","Thermoplasmata","Thermoplasmatales","Marine",NA
"JQ221308.1.914",1646,33,0.190751445086705,0.000344529413286401,"Archaea","Thaumarchaeota","Marine",NA,NA,NA
"JQ221323.1.914",1008,31,0.179190751445087,0.000210174166900562,"Archaea","Thaumarchaeota","Marine",NA,NA,NA
"JQ221386.1.913",586,34,0.196531791907514,0.000123130200741284,"Archaea","Thaumarchaeota","Marine",NA,NA,NA
"JQ221475.1.913",255,53,0.30635838150289,6.16612147341229e-05,"Archaea","Euryarchaeota","Thermoplasmata","Thermoplasmatales","Marine",NA
"JQ221713.1.913",271,26,0.15028901734104,5.54861243530436e-05,"Archaea","Thaumarchaeota","Marine",NA,NA,NA
"JQ221892.1.914",1289,37,0.213872832369942,0.000273074007098822,"Archaea","Thaumarchaeota","Marine",NA,NA,NA
"JQ221900.1.914",53,22,0.127167630057803,1.06901226525248e-05,"Archaea","Thaumarchaeota","Marine",NA,NA,NA
"JQ221919.1.916",652,64,0.369942196531792,0.000131200947300444,"Archaea","Thaumarchaeota","Marine",NA,NA,NA
"JQ221930.1.913",526,28,0.161849710982659,0.000108353902177134,"Archaea","Euryarchaeota","Thermoplasmata","Thermoplasmatales","Marine",NA
"JQ221992.1.914",189,31,0.179190751445087,4.24926261375731e-05,"Archaea","Thaumarchaeota","Marine",NA,NA,NA
"JQ222041.1.915",400,27,0.15606936416185,8.44248395452956e-05,"Archaea","Euryarchaeota","Thermoplasmata","Thermoplasmatales","Marine",NA
"JQ222210.1.914",491,36,0.208092485549133,0.000119155414533654,"Archaea","Euryarchaeota","Thermoplasmata","Thermoplasmatales","Marine",NA
"JQ222238.1.915",209,35,0.202312138728324,4.11840629334285e-05,"Archaea","Euryarchaeota","Thermoplasmata","Thermoplasmatales","Marine",NA
"JQ222277.1.915",284,29,0.167630057803468,5.95805986293795e-05,"Archaea","Thaumarchaeota","Marine",NA,NA,NA
"JQ222279.1.913",1575,39,0.225433526011561,0.000330059011755086,"Archaea","Euryarchaeota","Thermoplasmata","Thermoplasmatales","Marine",NA
"JQ222285.1.913",860,33,0.190751445086705,0.000187507946945096,"Archaea","Thaumarchaeota","Marine",NA,NA,NA
"JQ222379.1.911",142,40,0.23121387283237,2.81375312614179e-05,"Archaea","Euryarchaeota","Thermoplasmata","Thermoplasmatales","Marine",NA
"JQ222402.1.914",495,99,0.572254335260116,0.000105474993989052,"Archaea","Euryarchaeota","Thermoplasmata","Thermoplasmatales","Marine",NA
"JQ222467.1.914",1099,35,0.202312138728324,0.000231240633221369,"Archaea","Thaumarchaeota","Marine",NA,NA,NA
"JQ222470.1.914",3826,52,0.300578034682081,0.000942242816594054,"Archaea","Thaumarchaeota","Marine",NA,NA,NA
"JQ222516.1.905",356,39,0.225433526011561,9.487895218105e-05,"Archaea","Euryarchaeota","Thermoplasmata","Thermoplasmatales","Marine",NA
"JQ222627.1.1637",130,48,0.277456647398844,2.95538553584307e-05,"Eukaryota","SAR","Alveolata","Protalveolata","Syndiniales","Syndiniales"
"JQ222648.1.1336",485,21,0.121387283236994,0.000143556506884429,"Archaea","Euryarchaeota","Thermoplasmata","Thermoplasmatales","Marine",NA
"JQ222650.1.1623",432,111,0.641618497109827,0.000113506123286816,"Eukaryota","SAR","Alveolata","Protalveolata","Syndiniales","Syndiniales"
"JQ222667.1.1344",2525,118,0.682080924855491,0.000543890966208217,"Archaea","Euryarchaeota","Thermoplasmata","Thermoplasmatales","Marine",NA
"JQ222785.1.1347",159,51,0.294797687861272,4.0861758492872e-05,"Archaea","Euryarchaeota","Thermoplasmata","Thermoplasmatales","Marine",NA
"JQ222947.1.1614",601,93,0.53757225433526,0.000164695941674566,"Eukaryota","Haptophyta","Prymnesiophyceae","Prymnesiales","Chrysochromulina","uncultured"
"JQ222988.1.1609",66,23,0.132947976878613,1.91165907042977e-05,"Eukaryota","SAR","Alveolata","Protalveolata","Syndiniales","Syndiniales"
"JQ223005.1.1649",523,76,0.439306358381503,0.000136219824561044,"Eukaryota","SAR","Stramenopiles","MAST-3","MAST-3G","uncultured"
"JQ223050.1.1626",58,19,0.109826589595376,1.92282585978904e-05,"Eukaryota","Opisthokonta","Holozoa","Filasterea","Ministeriida","Capsasporidae"
"JQ223131.1.1652",151,30,0.173410404624277,4.11964819743179e-05,"Eukaryota","SAR","Alveolata","Protalveolata","Syndiniales","Syndiniales"
"JQ223211.1.1636",113,24,0.138728323699422,2.58460312694589e-05,"Eukaryota","BW-dinoclone28","uncultured",NA,NA,NA
"JQ224996.1.1347",5343,103,0.595375722543353,0.0011935202710518,"Archaea","Thaumarchaeota","Marine",NA,NA,NA
"JQ225124.1.1348",1019,56,0.323699421965318,0.000312345391233598,"Archaea","Euryarchaeota","Thermoplasmata","Thermoplasmatales","Marine",NA
"JQ225258.1.1347",613,46,0.265895953757225,0.000174271132456811,"Archaea","Euryarchaeota","Thermoplasmata","Thermoplasmatales","Marine",NA
"JQ225306.1.1339",850,86,0.497109826589595,0.000216828618310425,"Archaea","Euryarchaeota","Thermoplasmata","Thermoplasmatales","Marine",NA
"JQ226349.1.1312",376,36,0.208092485549133,8.62616498203958e-05,"Archaea","Euryarchaeota","Thermoplasmata","Thermoplasmatales","Marine",NA
"JQ226401.1.1306",2396,120,0.69364161849711,0.000608202246419989,"Archaea","Euryarchaeota","Thermoplasmata","Thermoplasmatales","Marine",NA
"JQ226459.1.1612",85,33,0.190751445086705,2.36441304546094e-05,"Eukaryota","SAR","Alveolata","Protalveolata","Syndiniales","Syndiniales"
"JQ226471.1.1301",262,18,0.104046242774566,8.28876647180439e-05,"Archaea","Euryarchaeota","Thermoplasmata","Thermoplasmatales","Marine",NA
"JQ226502.1.1602",272,40,0.23121387283237,7.09869560349034e-05,"Eukaryota","Incertae",NA,NA,NA,NA
"JQ226512.1.1599",349,63,0.364161849710983,8.43844623579194e-05,"Eukaryota","Opisthokonta","Holozoa","Metazoa",NA,NA
"JQ226588.1.1611",440,76,0.439306358381503,0.000109946204529929,"Eukaryota","SAR","Stramenopiles","Labyrinthulomycetes","D52","uncultured"
"JQ226602.1.1297",431,36,0.208092485549133,0.000124175620456301,"Archaea","Euryarchaeota","Thermoplasmata","Thermoplasmatales","Marine",NA
"JQ226616.1.1299",1139,95,0.549132947976879,0.000300144560131654,"Archaea","Euryarchaeota","Thermoplasmata","Thermoplasmatales","Marine",NA
"JQ226627.1.1609",131,25,0.144508670520231,3.09279221186169e-05,"Eukaryota","SAR","Alveolata","Protalveolata","Syndiniales","Syndiniales"
"JQ226631.1.1609",153,66,0.38150289017341,4.05044006199415e-05,"Eukaryota","DH147-EKD10","uncultured",NA,NA,NA
"JQ226757.1.1346",197,51,0.294797687861272,3.98924244497243e-05,"Archaea","Euryarchaeota","Thermoplasmata","Thermoplasmatales","Marine",NA
"JQ226764.1.1625",101,44,0.254335260115607,2.36275348681475e-05,"Eukaryota","SAR","Alveolata","Protalveolata","Syndiniales","Amoebophrya"
"JQ227077.1.1367",1472,110,0.635838150289017,0.000386153338183521,"Archaea","Euryarchaeota","Thermoplasmata","Thermoplasmatales","Marine",NA
"JQ227337.1.1307",393,48,0.277456647398844,9.86618780531846e-05,"Archaea","Euryarchaeota","Thermoplasmata","Thermoplasmatales","Marine",NA
"JQ227464.1.1308",143,45,0.260115606936416,3.47427111910576e-05,"Archaea","Euryarchaeota","Thermoplasmata","Thermoplasmatales","Marine",NA
"JQ227606.1.1308",213,23,0.132947976878613,6.49442752650478e-05,"Archaea","Euryarchaeota","Thermoplasmata","Thermoplasmatales","Marine",NA
"JQ227632.1.1309",1377,100,0.578034682080925,0.000340037326862494,"Archaea","Euryarchaeota","Thermoplasmata","Thermoplasmatales","Marine",NA
"JQ269258.1.1521",830,67,0.38728323699422,0.000225126287958871,"Bacteria","Verrucomicrobia","OPB35",NA,NA,NA
"JQ269294.1.1489",1346,64,0.369942196531792,0.000364112329959466,"Bacteria","Proteobacteria","Gammaproteobacteria","Oceanospirillales","SAR86",NA
"JQ271761.1.1955",172,31,0.179190751445087,4.46771514392949e-05,"Eukaryota","Amoebozoa","Discosea","Flabellinia","Vannellida","Platyamoeba"
"JQ271763.1.1976",103,27,0.15606936416185,2.46387465276175e-05,"Eukaryota","Amoebozoa","Discosea","Flabellinia","Vannellida","Platyamoeba"
"JQ287040.1.1457",58,26,0.15028901734104,1.25139577066348e-05,"Bacteria","Proteobacteria","Alphaproteobacteria","Rhodospirillales","Rhodospirillaceae","Magnetovibrio"
"JQ287452.1.1501",82,21,0.121387283236994,2.47642170394283e-05,"Bacteria","Bacteroidetes","Flavobacteriia","Flavobacteriales","NS7",NA
"JQ347328.1.1490",100,35,0.202312138728324,2.17087061691383e-05,"Bacteria","Proteobacteria","Gammaproteobacteria","Cellvibrionales","Halieaceae","Haliea"
"JQ347414.1.1492",20778,135,0.780346820809249,0.00566136465716022,"Bacteria","Proteobacteria","Gammaproteobacteria","Gammaproteobacteria",NA,NA
"JQ347443.1.1350",149,57,0.329479768786127,3.96579858851082e-05,"Bacteria","Bacteroidetes","Flavobacteriia","Flavobacteriales","Cryomorphaceae","uncultured"
"JQ347444.1.1436",330,71,0.410404624277457,9.70004808661607e-05,"Bacteria","Cyanobacteria","Cyanobacteria","SubsectionI","FamilyI","Prochlorococcus"
"JQ347465.1.1300",50,26,0.15028901734104,1.42227253122197e-05,"Bacteria","Bacteroidetes","Flavobacteriia","Flavobacteriales","Cryomorphaceae","Crocinitomix"
"JQ420125.1.1769",59,28,0.161849710982659,1.37858097000686e-05,"Eukaryota","SAR","Alveolata","Protalveolata","Syndiniales","Amoebophrya"
"JQ427076.1.1475",68,30,0.173410404624277,1.4219043889246e-05,"Bacteria","Actinobacteria","Acidimicrobiia","Acidimicrobiales","Acidimicrobiales",NA
"JQ427593.1.1490",74,18,0.104046242774566,1.68326260673405e-05,"Bacteria","Proteobacteria","Gammaproteobacteria","KI89A",NA,NA
"JQ515012.1.1495",220,41,0.236994219653179,5.64970264971868e-05,"Bacteria","Proteobacteria","Gammaproteobacteria","Cellvibrionales","Porticoccaceae","SAR92"
"JQ515016.1.1443",98,27,0.15606936416185,2.8504539259758e-05,"Bacteria","Proteobacteria","Alphaproteobacteria","Rickettsiales","SAR116",NA
"JQ515027.1.1444",2063,116,0.670520231213873,0.000556609375189396,"Bacteria","Cyanobacteria","Chloroplast","uncultured",NA,NA
"JQ515088.1.1491",177,45,0.260115606936416,4.41934024614993e-05,"Bacteria","Bacteroidetes","Flavobacteriia","Flavobacteriales","Flavobacteriaceae","NS5"
"JQ515093.1.1431",130,49,0.283236994219653,3.44939142372745e-05,"Bacteria","Cyanobacteria","Chloroplast","uncultured",NA,NA
"JQ515115.1.1490",68,34,0.196531791907514,1.57644938560059e-05,"Bacteria","Cyanobacteria","ML635J-21","uncultured",NA,NA
"JQ515118.1.1447",412,71,0.410404624277457,0.000117112340424699,"Bacteria","Proteobacteria","Alphaproteobacteria","Rickettsiales","SAR116",NA
"JQ515133.1.1481",213,39,0.225433526011561,5.77365070149361e-05,"Bacteria","Bacteroidetes","Flavobacteriia","Flavobacteriales","Flavobacteriaceae","Tenacibaculum"
"JQ515449.1.1505",2591,95,0.549132947976879,0.000724040403167368,"Bacteria","Bacteroidetes","Flavobacteriia","Flavobacteriales","Flavobacteriaceae","NS5"
"JQ515454.1.1494",789,67,0.38728323699422,0.000221985161264945,"Bacteria","Bacteroidetes","Flavobacteriia","Flavobacteriales","Flavobacteriaceae","NS4"
"JQ515634.1.1504",147,44,0.254335260115607,4.31198772141191e-05,"Bacteria","Proteobacteria","Gammaproteobacteria","Oceanospirillales","Litoricolaceae","Litoricola"
"JQ515645.1.1504",1336,87,0.502890173410405,0.000357970663010259,"Bacteria","Proteobacteria","Gammaproteobacteria","Oceanospirillales","Oceanospirillaceae","Pseudohongiella"
"JQ516340.1.1414",504,43,0.248554913294798,0.000146286061551027,"Bacteria","Bacteroidetes","Cytophagia","Cytophagales","Flammeovirgaceae","Reichenbachiella"
"JQ516656.1.1462",81,36,0.208092485549133,2.23345468263112e-05,"Bacteria","Cyanobacteria","Cyanobacteria","SubsectionI","FamilyI","Synechococcus"
"JQ516687.1.1456",95,47,0.271676300578035,2.45723986439146e-05,"Bacteria","Cyanobacteria","Cyanobacteria","SubsectionI","FamilyI","Prochlorococcus"
"JQ516690.1.1461",70,32,0.184971098265896,1.9053884217597e-05,"Bacteria","Proteobacteria","Alphaproteobacteria","Rickettsiales","SAR116",NA
"JQ516700.1.1506",840,96,0.554913294797688,0.000225419747171125,"Bacteria","Proteobacteria","Gammaproteobacteria","Oceanospirillales","SAR86",NA
"JQ516703.1.1464",76,41,0.236994219653179,1.9516518555444e-05,"Bacteria","Proteobacteria","Alphaproteobacteria","Rickettsiales","SAR116",NA
"JQ516715.1.1456",58,35,0.202312138728324,1.5732414204192e-05,"Bacteria","Proteobacteria","Alphaproteobacteria","Rickettsiales","SAR116",NA
"JQ516716.1.1503",422,61,0.352601156069364,0.000115546580224957,"Bacteria","Proteobacteria","Gammaproteobacteria","Oceanospirillales","SAR86",NA
"JQ579681.1.1497",87,29,0.167630057803468,1.97644076904638e-05,"Bacteria","Proteobacteria","Gammaproteobacteria","Oceanospirillales","OM182",NA
"JQ579693.1.1456",69,29,0.167630057803468,2.09756969969432e-05,"Bacteria","Proteobacteria","Deltaproteobacteria","Bdellovibrionales","Bdellovibrionaceae","OM27"
"JQ579830.1.1481",111,22,0.127167630057803,3.65077771809157e-05,"Bacteria","Bacteroidetes","Cytophagia","Cytophagales","Flammeovirgaceae","uncultured"
"JQ580130.1.1504",73,30,0.173410404624277,1.59253369863913e-05,"Bacteria","Proteobacteria","Gammaproteobacteria","Cellvibrionales","BD2-7","uncultured"
"JQ580336.1.1496",128,24,0.138728323699422,2.98619370197862e-05,"Bacteria","Lentisphaerae","Oligosphaeria","P.palmC41","uncultured",NA
"JQ586274.1.1514",743,20,0.115606936416185,0.000183093894691217,"Bacteria","Cyanobacteria","Chloroplast","uncultured",NA,NA
"JQ611080.1.910",456,55,0.317919075144509,0.000129104827099698,"Archaea","Euryarchaeota","Thermoplasmata","Thermoplasmatales","Marine",NA
"JQ612197.1.1482",160,23,0.132947976878613,3.47066914890945e-05,"Bacteria","Chloroflexi","SAR202",NA,NA,NA
"JQ612207.1.1482",259,71,0.410404624277457,5.40733750865024e-05,"Bacteria","Actinobacteria","Acidimicrobiia","Acidimicrobiales","Sva0996",NA
"JQ612212.1.1485",127,19,0.109826589595376,2.63016024370857e-05,"Bacteria","Acidobacteria","Subgroup",NA,NA,NA
"JQ612229.1.1484",93,24,0.138728323699422,1.98502123923453e-05,"Bacteria","Chloroflexi","SAR202",NA,NA,NA
"JQ612260.1.1498",277,27,0.15606936416185,5.73286619739987e-05,"Bacteria","Acidobacteria","Subgroup",NA,NA,NA
"JQ612281.1.1518",109,28,0.161849710982659,2.26531520271169e-05,"Bacteria","Acidobacteria","Subgroup",NA,NA,NA
"JQ612283.1.1522",314,33,0.190751445086705,6.73077562437743e-05,"Bacteria","Gemmatimonadetes","BD2-11",NA,NA,NA
"JQ612292.1.1520",144,25,0.144508670520231,3.08761846913426e-05,"Bacteria","PAUC34f","uncultured",NA,NA,NA
"JQ612349.1.1462",257,42,0.242774566473988,5.61773163348119e-05,"Bacteria","Proteobacteria","Alphaproteobacteria","Rickettsiales","SAR116",NA
"JQ612369.1.1487",91,20,0.115606936416185,1.98497416113174e-05,"Bacteria","Acidobacteria","Subgroup",NA,NA,NA
"JQ612370.1.1516",55,25,0.144508670520231,1.31735003608345e-05,"Bacteria","Acidobacteria","Subgroup",NA,NA,NA
"JQ612375.1.1500",100,23,0.132947976878613,2.04263938523753e-05,"Bacteria","Acidobacteria","Subgroup",NA,NA,NA
"JQ678338.1.1425",488,101,0.583815028901734,0.000120343288450922,"Bacteria","Proteobacteria","Alphaproteobacteria","SAR11",NA,NA
"JQ678339.1.1491",569,87,0.502890173410405,0.000142068454732512,"Bacteria","Proteobacteria","Deltaproteobacteria","Bdellovibrionales","Bdellovibrionaceae","OM27"
"JQ678346.1.1338",91,48,0.277456647398844,2.45799792695065e-05,"Bacteria","Proteobacteria","JdFBHP3","uncultured",NA,NA
"JQ678356.1.1516",154,33,0.190751445086705,3.16789731790987e-05,"Bacteria","Proteobacteria","Gammaproteobacteria","Xanthomonadales","uncultured","uncultured"
"JQ678376.1.1527",382,79,0.456647398843931,8.92102860615649e-05,"Bacteria","Proteobacteria","Deltaproteobacteria","Bradymonadales","uncultured",NA
"JQ678388.1.1461",384,75,0.433526011560694,8.70931420959057e-05,"Bacteria","Proteobacteria","Alphaproteobacteria","SAR11",NA,NA
"JQ678417.1.1486",204,39,0.225433526011561,4.56960051115429e-05,"Bacteria","Actinobacteria","Acidimicrobiia","Acidimicrobiales","Sva0996",NA
"JQ678431.1.1528",3128,42,0.242774566473988,0.00068178437184629,"Bacteria","Marinimicrobia",NA,NA,NA,NA
"JQ678434.1.1542",358,61,0.352601156069364,7.54564049420431e-05,"Bacteria","Proteobacteria","Deltaproteobacteria","Bdellovibrionales","Bdellovibrionaceae","OM27"
"JQ678442.1.1571",1129,59,0.341040462427746,0.000249162148712075,"Bacteria","Proteobacteria","Gammaproteobacteria","E01-9C-26",NA,NA
"JQ678445.1.1523",246,40,0.23121387283237,5.42800058466224e-05,"Bacteria","Proteobacteria","Deltaproteobacteria","NB1-j","uncultured",NA
"JQ678447.1.1507",107,27,0.15606936416185,2.1972241382525e-05,"Bacteria","Proteobacteria","Gammaproteobacteria","Xanthomonadales","JTB255",NA
"JQ678450.1.1514",409,85,0.491329479768786,9.11402010264859e-05,"Bacteria","Proteobacteria","Deltaproteobacteria","Bradymonadales","uncultured",NA
"JQ678457.1.1524",94,27,0.15606936416185,1.84626577021558e-05,"Bacteria","Proteobacteria","Deltaproteobacteria","Myxococcales","P3OB-42","uncultured"
"JQ678459.1.1487",74,22,0.127167630057803,1.77667131047402e-05,"Bacteria","Bacteroidetes","Sphingobacteriia","Sphingobacteriales","Lentimicrobiaceae","uncultured"
"JQ678468.1.1495",3176,100,0.578034682080925,0.000680162467977805,"Bacteria","Bacteroidetes","Flavobacteriia","Flavobacteriales","NS9",NA
"JQ678471.1.1492",317,26,0.15028901734104,7.18185637278487e-05,"Bacteria","Chloroflexi","SAR202",NA,NA,NA
"JQ678472.1.1522",81,40,0.23121387283237,1.92046888314283e-05,"Bacteria","Proteobacteria","Deltaproteobacteria","Bradymonadales","uncultured",NA
"JQ678487.1.1474",105,24,0.138728323699422,2.44493459285154e-05,"Bacteria","Proteobacteria","Alphaproteobacteria","Sneathiellales","Sneathiellaceae","uncultured"
"JQ678491.1.1486",705,96,0.554913294797688,0.000161188200084418,"Bacteria","Bacteroidetes","Flavobacteriia","Flavobacteriales","NS9",NA
"JQ678498.1.1506",706,18,0.104046242774566,0.000153921801463416,"Bacteria","Proteobacteria","Gammaproteobacteria","Oceanospirillales","Oceanospirillaceae","Pseudohongiella"
"JQ678501.1.1494",564,76,0.439306358381503,0.000134262671210906,"Bacteria","Proteobacteria","Gammaproteobacteria","Gammaproteobacteria",NA,NA
"JQ678506.1.1414",1055,100,0.578034682080925,0.000221266559589602,"Bacteria","Proteobacteria","Alphaproteobacteria","Rhodospirillales","Rhodospirillaceae","AEGEAN-169"
"JQ678566.1.1505",328,18,0.104046242774566,0.000176646340181804,"Bacteria","Proteobacteria","Gammaproteobacteria","Oceanospirillales","Oceanospirillaceae","uncultured"
"JQ678583.1.1495",867,56,0.323699421965318,0.000257620661408883,"Bacteria","Cyanobacteria","Chloroplast","uncultured",NA,NA
"JQ692034.1.1638",187,42,0.242774566473988,4.59254546828152e-05,"Eukaryota","SAR","Stramenopiles","Bicosoecida","uncultured",NA
"JQ712061.1.1488",1541,31,0.179190751445087,0.000386479621290056,"Bacteria","Bacteroidetes","Flavobacteriia","Flavobacteriales","Cryomorphaceae","uncultured"
"JQ712062.1.1490",920,34,0.196531791907514,0.000225686198967878,"Bacteria","Bacteroidetes","Flavobacteriia","Flavobacteriales","Flavobacteriaceae","NS5"
"JQ716266.1.1485",62,29,0.167630057803468,1.89993456656329e-05,"Bacteria","Bacteroidetes","Cytophagia","Cytophagales","Flammeovirgaceae","Marinoscillum"
"JQ716273.1.1493",259,36,0.208092485549133,5.39461266732e-05,"Bacteria","Bacteroidetes","Flavobacteriia","Flavobacteriales","Flavobacteriaceae","Marixanthomonas"
"JQ731971.1.1397",1280,125,0.722543352601156,0.000319473813640027,"Bacteria","Proteobacteria","Alphaproteobacteria","SAR11",NA,NA
"JQ732001.1.1424",75,39,0.225433526011561,2.0480322366453e-05,"Bacteria","Proteobacteria","Deltaproteobacteria","Bdellovibrionales","Bdellovibrionaceae","OM27"
"JQ753144.1.1496",215,20,0.115606936416185,5.325210293426e-05,"Bacteria","Proteobacteria","Gammaproteobacteria","Oceanospirillales","Oceanospirillaceae","Oceanobacter"
"JQ753157.1.1489",3925,34,0.196531791907514,0.00097799267062415,"Bacteria","Bacteroidetes","Flavobacteriia","Flavobacteriales","Flavobacteriaceae","Polaribacter"
"JQ753180.1.1488",123,36,0.208092485549133,3.0252598409634e-05,"Bacteria","Proteobacteria","Deltaproteobacteria","Bdellovibrionales","Bdellovibrionaceae","OM27"
"JQ753183.1.1445",252,40,0.23121387283237,7.414093255943e-05,"Bacteria","Proteobacteria","Alphaproteobacteria","Rhizobiales","OCS116",NA
"JQ753197.1.1445",148,32,0.184971098265896,3.91156744159475e-05,"Bacteria","Cyanobacteria","Chloroplast","uncultured",NA,NA
"JQ753203.1.1485",2318,138,0.797687861271676,0.000599303988929167,"Bacteria","Bacteroidetes","Flavobacteriia","Flavobacteriales","NS9",NA
"JQ753214.1.1530",738,63,0.364161849710983,0.00022000728863912,"Bacteria","Verrucomicrobia","Arctic97B-4",NA,NA,NA
"JQ753222.1.1466",1058,38,0.219653179190751,0.000348020122614289,"Bacteria","Proteobacteria","SPOTSOCT00m83","uncultured",NA,NA
"JQ781903.1.1808",1031,47,0.271676300578035,0.000282174919789221,"Eukaryota","SAR","Stramenopiles","MAST-7","MAST-7A","uncultured"
"JQ781904.1.1813",79,29,0.167630057803468,2.50730281117604e-05,"Eukaryota","SAR","Stramenopiles","MAST-3","MAST-3C","uncultured"
"JQ781934.1.1805",116,24,0.138728323699422,3.50918469973115e-05,"Eukaryota","SAR","Stramenopiles","MAST-3","MAST-3F","uncultured"
"JQ781935.1.1793",60,22,0.127167630057803,1.39251690344146e-05,"Eukaryota","SAR","Stramenopiles","MAST-7","MAST-7D","uncultured"
"JQ781940.1.1785",664,94,0.543352601156069,0.000170985306013539,"Eukaryota","SAR","Stramenopiles","MAST-1","MAST-1D","uncultured"
"JQ781958.1.1803",121,35,0.202312138728324,3.41689146572539e-05,"Eukaryota","SAR","Stramenopiles","MAST-3","MAST-3F","uncultured"
"JQ781971.1.1807",78,28,0.161849710982659,1.6919146420294e-05,"Eukaryota","SAR","Stramenopiles","MAST-3","MAST-3E","uncultured"
"JQ781972.1.1807",396,106,0.61271676300578,0.000106392283553218,"Eukaryota","SAR","Stramenopiles","MAST-8","uncultured",NA
"JQ781985.1.1807",375,76,0.439306358381503,9.38667489838865e-05,"Eukaryota","SAR","Stramenopiles","MAST-11","uncultured",NA
"JQ781994.1.1806",1066,107,0.61849710982659,0.000274072058806372,"Eukaryota","SAR","Stramenopiles","MAST-4","uncultured",NA
"JQ782000.1.1797",192,56,0.323699421965318,4.48801232074814e-05,"Eukaryota","SAR","Stramenopiles","MAST-3","MAST-3K","uncultured"
"JQ782001.1.1776",317,69,0.398843930635838,8.08971294505588e-05,"Eukaryota","SAR","Stramenopiles","MAST-1","MAST-1B","uncultured"
"JQ782009.1.1814",180,57,0.329479768786127,4.04605495644615e-05,"Eukaryota","SAR","Stramenopiles","MAST-8","MAST-8D","uncultured"
"JQ782026.1.1809",99,33,0.190751445086705,2.93462427835663e-05,"Eukaryota","SAR","Stramenopiles","MAST-3","MAST-3F","uncultured"
"JQ782028.1.1806",474,96,0.554913294797688,0.000121936499370103,"Eukaryota","SAR","Stramenopiles","MAST-4","MAST-4D","uncultured"
"JQ782032.1.1812",543,60,0.346820809248555,0.000148180910256748,"Eukaryota","SAR","Stramenopiles","MAST-3","MAST-3E","uncultured"
"JQ782039.1.1804",58,34,0.196531791907514,1.6013680305429e-05,"Eukaryota","SAR","Stramenopiles","MAST-3","MAST-3F","uncultured"
"JQ782049.1.1807",520,91,0.526011560693642,0.000129810927741515,"Eukaryota","SAR","Stramenopiles","MAST-4","uncultured",NA
"JQ782066.1.1779",167,25,0.144508670520231,4.59790543103298e-05,"Eukaryota","SAR","Stramenopiles","MAST-1","MAST-1C","uncultured"
"JQ800172.1.1501",224,27,0.15606936416185,5.92865437905849e-05,"Bacteria","Bacteroidetes","Flavobacteriia","Flavobacteriales","Flavobacteriaceae","Polaribacter"
"JQ800816.1.1460",64,20,0.115606936416185,1.43966597106309e-05,"Bacteria","Proteobacteria","Alphaproteobacteria","Rhodospirillales","Rhodospirillaceae","uncultured"
"JQ800970.1.1505",93,22,0.127167630057803,1.76612599354319e-05,"Bacteria","Proteobacteria","Gammaproteobacteria","Xanthomonadales","JTB255",NA
"JQ956270.1.1617",51,18,0.104046242774566,1.528422312854e-05,"Eukaryota","SAR","Alveolata","Ciliophora","Intramacronucleata","Conthreep"
"JQ956276.1.1687",756,49,0.283236994219653,0.000212998959917424,"Eukaryota","Haptophyta","Prymnesiophyceae","Prymnesiales","OLI51059","uncultured"
"JQ956295.1.1620",91,50,0.289017341040462,2.29896377062186e-05,"Eukaryota","SAR","Alveolata","Protalveolata","Syndiniales","Syndiniales"
"JQ956297.1.1696",160,57,0.329479768786127,4.6292988002153e-05,"Eukaryota","SAR","Alveolata","Protalveolata","Syndiniales","Syndiniales"
"JQFW01000019.64.1576",254,44,0.254335260115607,7.78664585870422e-05,"Bacteria","Proteobacteria","Gammaproteobacteria","Alteromonadales","Alteromonadaceae","Alteromonas"
"JRWG01000018.269.1799",169,33,0.190751445086705,3.56932582754341e-05,"Bacteria","Bacteroidetes","Flavobacteriia","Flavobacteriales","Flavobacteriaceae","Vitellibacter"
"JWZX01002756.31323.32785",355,90,0.520231213872832,9.45286555338356e-05,"Bacteria","Cyanobacteria","Chloroplast","Chrysochromulina",NA,NA
"JX015566.1.1438",394,73,0.421965317919075,0.000103307920505275,"Bacteria","Proteobacteria","Alphaproteobacteria","Rickettsiales","Mitochondria","uncultured"
"JX015685.1.1503",202,30,0.173410404624277,4.77256024591439e-05,"Bacteria","Proteobacteria","Gammaproteobacteria","Cellvibrionales","Porticoccaceae","SAR92"
"JX015817.1.1438",1433,56,0.323699421965318,0.000368594426041816,"Bacteria","Cyanobacteria","Chloroplast","uncultured",NA,NA
"JX015865.1.1490",134,24,0.138728323699422,3.04513133669094e-05,"Bacteria","Proteobacteria","Gammaproteobacteria","Cellvibrionales","Porticoccaceae","SAR92"
"JX015995.1.1489",83,22,0.127167630057803,2.05069364488006e-05,"Bacteria","Proteobacteria","Betaproteobacteria","Burkholderiales","Oxalobacteraceae","Collimonas"
"JX016062.1.1487",584,56,0.323699421965318,0.000179672581411811,"Bacteria","Bacteroidetes","Flavobacteriia","Flavobacteriales","Cryomorphaceae","Fluviicola"
"JX016104.1.1480",1824,24,0.138728323699422,0.000446096568882897,"Bacteria","Bacteroidetes","Flavobacteriia","Flavobacteriales","Flavobacteriaceae","Flavicella"
"JX016173.1.1429",3049,51,0.294797687861272,0.000788999002107331,"Bacteria","Cyanobacteria","Chloroplast","uncultured",NA,NA
"JX016464.1.1424",136,19,0.109826589595376,4.06178203116041e-05,"Bacteria","Proteobacteria","Alphaproteobacteria","Rickettsiales","Mitochondria","uncultured"
"JX016468.1.1482",55,28,0.161849710982659,1.2693231836401e-05,"Bacteria","Bacteroidetes","Flavobacteriia","Flavobacteriales","Cryomorphaceae","Crocinitomix"
"JX016737.1.1496",351,40,0.23121387283237,0.000101307693462798,"Bacteria","Proteobacteria","Gammaproteobacteria","Oceanospirillales","OM182",NA
"JX016834.1.1507",94,27,0.15606936416185,2.50050651798801e-05,"Bacteria","Planctomycetes","Pla3",NA,NA,NA
"JX016989.1.1444",1448,136,0.786127167630058,0.000396604345401388,"Bacteria","Proteobacteria","Alphaproteobacteria","SAR11",NA,NA
"JX017056.1.1464",154,68,0.393063583815029,3.34733375419754e-05,"Bacteria","Proteobacteria","SPOTSOCT00m83","uncultured",NA,NA
"JX017217.1.1476",267,24,0.138728323699422,7.09460540425842e-05,"Bacteria","Lentisphaerae","Lentisphaeria","Lentisphaerales","Lentisphaeraceae","Lentisphaera"
"JX017231.1.1442",289,35,0.202312138728324,8.69993835697584e-05,"Bacteria","Cyanobacteria","Chloroplast","uncultured",NA,NA
"JX047148.1.1460",142,20,0.115606936416185,2.94532940776255e-05,"Bacteria","Proteobacteria","Alphaproteobacteria","Rhodospirillales","Rhodospirillaceae","uncultured"
"JX138745.1.1519",123,29,0.167630057803468,2.54604009668627e-05,"Bacteria","Proteobacteria","Gammaproteobacteria","Xanthomonadales","uncultured","uncultured"
"JX170295.1.1428",369,42,0.242774566473988,9.8862403466908e-05,"Bacteria","Proteobacteria","Gammaproteobacteria","Thiotrichales","Francisellaceae","Francisella"
"JX173590.1.1438",52,19,0.109826589595376,1.28906511763439e-05,"Bacteria","Proteobacteria","Gammaproteobacteria","Alteromonadales","Alteromonadaceae","Alteromonas"
"JX188288.1.1757",70,43,0.248554913294798,1.8292426987682e-05,"Eukaryota","SAR","Alveolata","Protalveolata","Syndiniales","Syndiniales"
"JX188292.1.1770",1166,34,0.196531791907514,0.000222679842538889,"Eukaryota","SAR","Rhizaria","Retaria","Polycystinea","Spumellaria"
"JX188303.1.1756",163,75,0.433526011560694,4.04359386258182e-05,"Eukaryota","SAR","Alveolata","Protalveolata","Syndiniales","Amoebophrya"
"JX188309.1.1760",64,21,0.121387283236994,1.43557247260297e-05,"Eukaryota","SAR","Alveolata","Dinoflagellata","Dinophyceae","Gymnodiniphycidae"
"JX188314.1.1758",251,70,0.404624277456647,5.97771096179193e-05,"Eukaryota","SAR","Alveolata","Protalveolata","Syndiniales","Syndiniales"
"JX188322.1.1754",77,34,0.196531791907514,2.00157994645489e-05,"Eukaryota","SAR","Stramenopiles","MAST-9","uncultured",NA
"JX188333.1.1759",76,27,0.15606936416185,2.21728608796751e-05,"Eukaryota","SAR","Alveolata","Protalveolata","Syndiniales","Syndiniales"
"JX188345.1.1757",153,60,0.346820809248555,4.67347609983127e-05,"Eukaryota","SAR","Alveolata","Protalveolata","Syndiniales","Amoebophrya"
"JX188347.1.1757",115,35,0.202312138728324,2.53941662660956e-05,"Eukaryota","SAR","Alveolata","Protalveolata","Syndiniales","Syndiniales"
"JX188355.1.1756",65,36,0.208092485549133,1.43689056527502e-05,"Eukaryota","SAR","Alveolata","Protalveolata","Syndiniales","Syndiniales"
"JX188371.1.1777",83,47,0.271676300578035,2.07561302652502e-05,"Eukaryota","Haptophyta","uncultured",NA,NA,NA
"JX206777.1.1466",1179,65,0.375722543352601,0.000324383327214025,"Bacteria","Actinobacteria","Acidimicrobiia","Acidimicrobiales","OM1",NA
"JX226809.1.1504",165,35,0.202312138728324,3.56834389959501e-05,"Bacteria","Proteobacteria","Gammaproteobacteria","P0X4b2H11","uncultured",NA
"JX226818.1.1511",154,48,0.277456647398844,3.65889979906897e-05,"Bacteria","Proteobacteria","Gammaproteobacteria","Oceanospirillales","OM182",NA
"JX226838.1.1501",72,20,0.115606936416185,1.47216615188666e-05,"Bacteria","Chloroflexi","SAR202",NA,NA,NA
"JX226912.1.1464",54,20,0.115606936416185,1.39672421307741e-05,"Bacteria","Proteobacteria","Alphaproteobacteria","Rhodospirillales","Rhodospirillaceae","uncultured"
"JX227024.1.1479",192,26,0.15028901734104,4.50759605682632e-05,"Bacteria","Proteobacteria","Alphaproteobacteria","Rickettsiales","TK34","uncultured"
"JX227061.1.1476",240,24,0.138728323699422,5.23725907835286e-05,"Bacteria","Chloroflexi","SAR202",NA,NA,NA
"JX227192.1.1450",118,27,0.15606936416185,2.57388191439169e-05,"Bacteria","Proteobacteria","Alphaproteobacteria","Rhizobiales","Hyphomicrobiaceae","uncultured"
"JX227311.1.1446",102,28,0.161849710982659,2.17798681486567e-05,"Bacteria","Proteobacteria","Alphaproteobacteria","Rhodospirillales","Rhodospirillaceae","uncultured"
"JX227351.1.1504",180,30,0.173410404624277,4.06911157517105e-05,"Bacteria","Acidobacteria","Subgroup",NA,NA,NA
"JX227385.1.1517",82,19,0.109826589595376,1.59823167972892e-05,"Bacteria","Proteobacteria","Gammaproteobacteria","Xanthomonadales","uncultured","uncultured"
"JX227415.1.1461",71,35,0.202312138728324,1.46208117885427e-05,"Bacteria","Proteobacteria","Alphaproteobacteria","Rhodospirillales","Rhodospirillaceae","uncultured"
"JX227430.1.1461",438,31,0.179190751445087,9.34375503425172e-05,"Bacteria","Chloroflexi","SAR202",NA,NA,NA
"JX227451.1.1519",184,43,0.248554913294798,4.193764076099e-05,"Bacteria","Proteobacteria","Gammaproteobacteria","Xanthomonadales","uncultured","uncultured"
"JX262882.1.914",654,32,0.184971098265896,0.000191084920829009,"Archaea","Thaumarchaeota","Marine",NA,NA,NA
"JX310218.1.1535",880,51,0.294797687861272,0.000224360508282619,"Bacteria","Proteobacteria","Gammaproteobacteria","Oceanospirillales","Halomonadaceae","Cobetia"
"JX391682.1.1486",258,28,0.161849710982659,6.20595161462094e-05,"Bacteria","Bacteroidetes","Flavobacteriia","Flavobacteriales","Cryomorphaceae","uncultured"
"JX391777.1.1460",250,45,0.260115606936416,6.47263260720586e-05,"Bacteria","Proteobacteria","Alphaproteobacteria","Rhodospirillales","Rhodospirillaceae","Magnetospira"
"JX434190.1.1471",335,55,0.317919075144509,7.93329411889283e-05,"Bacteria","Proteobacteria","Alphaproteobacteria","Rhodospirillales","Rhodospirillaceae","Magnetospira"
"JX441399.1.1495",176,22,0.127167630057803,3.76202390290931e-05,"Bacteria","Planctomycetes","Planctomycetacia","Planctomycetales","Planctomycetaceae","Rhodopirellula"
"JX441402.1.1456",287,83,0.479768786127168,7.25623611784267e-05,"Bacteria","Planctomycetes","Phycisphaerae","Phycisphaerales","Phycisphaeraceae","CL500-3"
"JX441403.1.1510",617,78,0.450867052023121,0.000144758960941917,"Bacteria","Verrucomicrobia","Verrucomicrobiae","Verrucomicrobiales","DEV007","uncultured"
"JX441408.1.1499",202,55,0.317919075144509,4.92786687228236e-05,"Bacteria","Proteobacteria","Gammaproteobacteria","Legionellales","Coxiellaceae","Coxiella"
"JX441415.1.1499",189,74,0.427745664739884,4.28643360596288e-05,"Bacteria","Proteobacteria","Gammaproteobacteria","Thiotrichales","Thiotrichales",NA
"JX441419.1.1487",1848,117,0.676300578034682,0.000449485728376689,"Bacteria","Proteobacteria","Gammaproteobacteria","Gammaproteobacteria",NA,NA
"JX441460.1.1442",58,23,0.132947976878613,1.24053947784549e-05,"Bacteria","Proteobacteria","Alphaproteobacteria","Rhodobacterales","Rhodobacteraceae","uncultured"
"JX441492.1.1446",229,40,0.23121387283237,4.84372133986972e-05,"Bacteria","Proteobacteria","Alphaproteobacteria","SAR11",NA,NA
"JX441498.1.1445",374,43,0.248554913294798,7.76505764666592e-05,"Bacteria","Proteobacteria","Alphaproteobacteria","SAR11",NA,NA
"JX441501.1.1444",496,62,0.358381502890173,0.000119923176925276,"Bacteria","Proteobacteria","Alphaproteobacteria","SAR11",NA,NA
"JX441504.1.1446",19533,168,0.971098265895954,0.00450186661380351,"Bacteria","Proteobacteria","Alphaproteobacteria","Rhodospirillales","Rhodospirillaceae","AEGEAN-169"
"JX441505.1.1448",1088,97,0.560693641618497,0.000227968747561692,"Bacteria","Proteobacteria","Alphaproteobacteria","Rhodospirillales","Rhodospirillaceae","AEGEAN-169"
"JX441506.1.1446",532,62,0.358381502890173,0.000107672601146296,"Bacteria","Proteobacteria","Alphaproteobacteria","Rhodospirillales","Rhodospirillaceae","AEGEAN-169"
"JX441507.1.1521",107,29,0.167630057803468,2.78308759637087e-05,"Bacteria","Proteobacteria","Deltaproteobacteria","NB1-j","uncultured",NA
"JX441510.1.1475",2195,46,0.265895953757225,0.00042349460666483,"Bacteria","Proteobacteria","Deltaproteobacteria","SAR324",NA,NA
"JX441512.1.1477",7507,72,0.416184971098266,0.00146523656895104,"Bacteria","Proteobacteria","Deltaproteobacteria","SAR324",NA,NA
"JX441514.1.1498",418,82,0.473988439306358,9.0939362860185e-05,"Bacteria","Proteobacteria","Deltaproteobacteria","Oligoflexales","Oligoflexaceae","uncultured"
"JX441518.1.1519",405,45,0.260115606936416,8.16961018059872e-05,"Bacteria","Marinimicrobia",NA,NA,NA,NA
"JX441524.1.1478",2757,120,0.69364161849711,0.00059172220671359,"Bacteria","Bacteroidetes","Flavobacteriia","Flavobacteriales","NS9",NA
"JX441532.1.1472",424,22,0.127167630057803,9.47294939720049e-05,"Bacteria","Nitrospirae","Nitrospira","Nitrospirales","Nitrospiraceae","Leptospirillum"
"JX441537.1.1428",74,29,0.167630057803468,1.79749379967033e-05,"Bacteria","Proteobacteria","Alphaproteobacteria","Rhodobacterales","Rhodobacteraceae","uncultured"
"JX441539.1.1427",118,37,0.213872832369942,2.90535613002348e-05,"Bacteria","Proteobacteria","Alphaproteobacteria","Sphingomonadales","Erythrobacteraceae","Altererythrobacter"
"JX441547.1.1449",3334,140,0.809248554913295,0.000746623436719382,"Bacteria","Proteobacteria","Deltaproteobacteria","SAR324",NA,NA
"JX441548.1.1451",2281,106,0.61271676300578,0.000478019444552877,"Bacteria","Proteobacteria","Alphaproteobacteria","Rhodospirillales","Rhodospirillaceae","AEGEAN-169"
"JX441550.1.1474",250,45,0.260115606936416,5.13739954225131e-05,"Bacteria","Proteobacteria","Alphaproteobacteria","Rhodospirillales","AT-s3-44","uncultured"
"JX441553.1.1428",226,33,0.190751445086705,4.64944714716778e-05,"Bacteria","Proteobacteria","Alphaproteobacteria","Caulobacterales","Hyphomonadaceae","Hyphomonas"
"JX441554.1.1446",497,85,0.491329479768786,0.00010562683722694,"Bacteria","Proteobacteria","Alphaproteobacteria","Rhodospirillales","Rhodospirillaceae","AEGEAN-169"
"JX441556.1.1462",855,87,0.502890173410405,0.000179062317534754,"Bacteria","Proteobacteria","Alphaproteobacteria","SAR11",NA,NA
"JX441558.1.1442",377,79,0.456647398843931,8.26703280181298e-05,"Bacteria","Proteobacteria","Alphaproteobacteria","SAR11",NA,NA
"JX441560.1.1479",947,113,0.653179190751445,0.000202332238454997,"Bacteria","Proteobacteria","Gammaproteobacteria","Xanthomonadales","Solimonadaceae","Fontimonas"
"JX441563.1.1495",66,22,0.127167630057803,1.45381015728451e-05,"Bacteria","Proteobacteria","Gammaproteobacteria","Alteromonadales","Idiomarinaceae","Idiomarina"
"JX441570.1.1481",10317,93,0.53757225433526,0.00216674675186398,"Bacteria","Actinobacteria","Acidimicrobiia","Acidimicrobiales","OM1",NA
"JX441572.1.1514",753,45,0.260115606936416,0.000154032922370852,"Bacteria","Proteobacteria","Gammaproteobacteria","Oceanospirillales","SAR86",NA
"JX441584.1.1503",768,83,0.479768786127168,0.000178407262192887,"Bacteria","Proteobacteria","Gammaproteobacteria","E01-9C-26",NA,NA
"JX441585.1.1504",480,30,0.173410404624277,9.83484708096492e-05,"Bacteria","Proteobacteria","Gammaproteobacteria","E01-9C-26",NA,NA
"JX441586.1.1515",280,32,0.184971098265896,5.92603216018253e-05,"Bacteria","Proteobacteria","Gammaproteobacteria","uncultured","uncultured",NA
"JX441588.1.1465",1142,122,0.705202312138728,0.000246396700947109,"Bacteria","Proteobacteria","Deltaproteobacteria","SAR324",NA,NA
"JX441591.1.1474",921,35,0.202312138728324,0.000206792800198278,"Bacteria","Proteobacteria","Gammaproteobacteria","E01-9C-26",NA,NA
"JX441592.1.1444",429,60,0.346820809248555,8.79032298871927e-05,"Bacteria","Cyanobacteria","Cyanobacteria","SubsectionI","FamilyI","Prochlorococcus"
"JX441593.1.1515",345,38,0.219653179190751,7.75728250039396e-05,"Bacteria","Acidobacteria","Subgroup",NA,NA,NA
"JX441594.1.1509",343,32,0.184971098265896,7.34944371821992e-05,"Bacteria","Nitrospinae","Nitrospinia","Nitrospinales","Nitrospinaceae","Nitrospina"
"JX441595.1.1480",121,25,0.144508670520231,2.55198947472404e-05,"Bacteria","Nitrospinae","Nitrospinia","Nitrospinales","Nitrospinaceae","Nitrospina"
"JX441596.1.1495",436,79,0.456647398843931,9.37242889671131e-05,"Bacteria","Proteobacteria","Deltaproteobacteria","Myxococcales","P3OB-42","uncultured"
"JX441598.1.1511",942,96,0.554913294797688,0.00022360669916964,"Bacteria","Verrucomicrobia","Verrucomicrobiae","Verrucomicrobiales","DEV007","uncultured"
"JX441599.1.1497",267,33,0.190751445086705,5.96311971507741e-05,"Bacteria","Verrucomicrobia","Arctic97B-4",NA,NA,NA
"JX461231.1.1447",53,18,0.104046242774566,1.4594201334084e-05,"Bacteria","Proteobacteria","Gammaproteobacteria","Alteromonadales","Colwelliaceae","uncultured"
"JX504350.1.1545",75,22,0.127167630057803,1.80642047230398e-05,"Bacteria","Proteobacteria","Gammaproteobacteria","KI89A",NA,NA
"JX504410.1.1537",118,31,0.179190751445087,2.71092971718316e-05,"Bacteria","PAUC34f","uncultured",NA,NA,NA
"JX505266.1.1446",89,40,0.23121387283237,1.9014004796769e-05,"Bacteria","Actinobacteria","Acidimicrobiia","Acidimicrobiales","Iamiaceae","Iamia"
"JX524899.1.1387",78,56,0.323699421965318,2.09854959970792e-05,"Bacteria","Proteobacteria","Alphaproteobacteria","SAR11",NA,NA
"JX525018.1.1382",115,24,0.138728323699422,3.2570814182056e-05,"Bacteria","Proteobacteria","Alphaproteobacteria","Alphaproteobacteria",NA,NA
"JX525285.1.1381",76,46,0.265895953757225,2.03253871200631e-05,"Bacteria","Proteobacteria","Alphaproteobacteria","SAR11",NA,NA
"JX525436.1.1433",726,66,0.38150289017341,0.000193909601010316,"Bacteria","Bacteroidetes","Flavobacteriia","Flavobacteriales","Flavobacteriaceae","NS5"
"JX525460.1.1424",219,28,0.161849710982659,5.86057237475529e-05,"Bacteria","Bacteroidetes","Flavobacteriia","Flavobacteriales","Flavobacteriaceae","Flavicella"
"JX525492.1.1384",812,35,0.202312138728324,0.00023898980261169,"Bacteria","Proteobacteria","Alphaproteobacteria","Rhodobacterales","Rhodobacteraceae","Planktomarina"
"JX525522.1.1435",3786,96,0.554913294797688,0.00086697590381626,"Bacteria","Proteobacteria","Gammaproteobacteria","Oceanospirillales","SAR86",NA
"JX525565.1.1440",90,24,0.138728323699422,2.74260096094608e-05,"Bacteria","Proteobacteria","Gammaproteobacteria","Oceanospirillales","Oceanospirillaceae","Pseudohongiella"
"JX525569.1.1440",893,41,0.236994219653179,0.000267608290566878,"Bacteria","Proteobacteria","Gammaproteobacteria","Oceanospirillales","SAR86",NA
"JX525608.1.1421",310,53,0.30635838150289,7.53450942513181e-05,"Bacteria","Bacteroidetes","Flavobacteriia","Flavobacteriales","Cryomorphaceae","uncultured"
"JX525614.1.1422",459,29,0.167630057803468,0.000114476581554481,"Bacteria","Bacteroidetes","Flavobacteriia","Flavobacteriales","Flavobacteriaceae","uncultured"
"JX525617.1.1358",3174,171,0.988439306358382,0.000862834669434718,"Bacteria","Proteobacteria","Alphaproteobacteria","SAR11",NA,NA
"JX525623.1.1394",814,82,0.473988439306358,0.000227718549065252,"Bacteria","Proteobacteria","Alphaproteobacteria","SAR11",NA,NA
"JX525634.1.1426",731,26,0.15028901734104,0.000221467606147331,"Bacteria","Bacteroidetes","Flavobacteriia","Flavobacteriales","Flavobacteriaceae","Formosa"
"JX525709.1.1391",153,84,0.485549132947977,3.70050126692047e-05,"Bacteria","Proteobacteria","Alphaproteobacteria","SAR11",NA,NA
"JX525752.1.1453",64,27,0.15606936416185,1.76254562260358e-05,"Bacteria","Proteobacteria","Gammaproteobacteria","Oceanospirillales","JL-ETNP-Y6","uncultured"
"JX526034.1.1374",1060,95,0.549132947976879,0.000292321047692211,"Bacteria","Proteobacteria","Alphaproteobacteria","SAR11",NA,NA
"JX526230.1.1446",2362,63,0.364161849710983,0.000677276500161215,"Bacteria","Proteobacteria","Gammaproteobacteria","Oceanospirillales","SAR86",NA
"JX526683.1.1428",64,25,0.144508670520231,1.8539308067057e-05,"Bacteria","Bacteroidetes","Flavobacteriia","Flavobacteriales","Cryomorphaceae","Crocinitomix"
"JX526700.1.1378",284,39,0.225433526011561,5.87317622658652e-05,"Bacteria","Proteobacteria","Alphaproteobacteria","SAR11",NA,NA
"JX526710.1.1380",924,135,0.780346820809249,0.000251044786459362,"Bacteria","Proteobacteria","Alphaproteobacteria","SAR11",NA,NA
"JX526829.1.1370",89,59,0.341040462427746,2.44639533229463e-05,"Bacteria","Proteobacteria","Alphaproteobacteria","SAR11",NA,NA
"JX526837.1.1427",81,21,0.121387283236994,2.22713488934012e-05,"Bacteria","Bacteroidetes","Flavobacteriia","Flavobacteriales","Cryomorphaceae","Crocinitomix"
"JX526853.1.1379",669,116,0.670520231213873,0.000173301265361319,"Bacteria","Proteobacteria","Alphaproteobacteria","SAR11",NA,NA
"JX527116.1.1386",235,46,0.265895953757225,6.5081156689761e-05,"Bacteria","Proteobacteria","Alphaproteobacteria","SAR11",NA,NA
"JX528115.1.1443",402,29,0.167630057803468,0.000135431665883825,"Bacteria","Proteobacteria","Betaproteobacteria","Nitrosomonadales","Nitrosomonadaceae","Nitrosomonas"
"JX528223.1.1415",1640,98,0.566473988439306,0.000384157894765431,"Bacteria","Proteobacteria","Deltaproteobacteria","SAR324",NA,NA
"JX528542.1.1431",4883,117,0.676300578034682,0.00103798453407023,"Bacteria","Bacteroidetes","Flavobacteriia","Flavobacteriales","Flavobacteriaceae","NS5"
"JX528793.1.1439",65,30,0.173410404624277,1.46362587495593e-05,"Bacteria","Proteobacteria","Deltaproteobacteria","Oligoflexales","Oligoflexaceae","uncultured"
"JX529159.1.1422",484,31,0.179190751445087,0.000103943922415347,"Bacteria","Nitrospinae","Nitrospinia","Nitrospinales","Nitrospinaceae","uncultured"
"JX529301.1.1437",119,39,0.225433526011561,3.15808799320963e-05,"Bacteria","Proteobacteria","Deltaproteobacteria","Bdellovibrionales","Bacteriovoracaceae","Peredibacter"
"JX529830.1.1396",159,23,0.132947976878613,3.37671120264646e-05,"Bacteria","Proteobacteria","Alphaproteobacteria","Alphaproteobacteria",NA,NA
"JX530112.1.1429",2313,113,0.653179190751445,0.00064120960239523,"Bacteria","Bacteroidetes","Flavobacteriia","Flavobacteriales","Flavobacteriaceae","NS4"
"JX530724.1.1399",276,41,0.236994219653179,6.37389992014077e-05,"Bacteria","Planctomycetes","Phycisphaerae","Phycisphaerales","Phycisphaeraceae","FS140-16B-02"
"JX530745.1.1373",670,101,0.583815028901734,0.000154025367121525,"Bacteria","Proteobacteria","Alphaproteobacteria","SAR11",NA,NA
"JX530772.1.1459",1526,54,0.312138728323699,0.000313998048472619,"Bacteria","Proteobacteria","Gammaproteobacteria","Oceanospirillales","SAR86",NA
"JX530773.1.1458",78,38,0.219653179190751,1.97552894086487e-05,"Bacteria","Proteobacteria","Deltaproteobacteria","Bdellovibrionales","Bdellovibrionaceae","OM27"
"JX530815.1.1462",1114,104,0.601156069364162,0.000266564496804513,"Bacteria","Verrucomicrobia","Verrucomicrobiae","Verrucomicrobiales","DEV007","uncultured"
"JX530861.1.1389",180,37,0.213872832369942,3.87357203466059e-05,"Bacteria","Proteobacteria","Alphaproteobacteria","SAR11",NA,NA
"JX530866.1.1407",198,30,0.173410404624277,4.81153112304041e-05,"Bacteria","Chloroflexi","SAR202",NA,NA,NA
"JX530887.1.1456",413,31,0.179190751445087,8.44181116555962e-05,"Bacteria","Acidobacteria","Subgroup",NA,NA,NA
"JX531146.1.1374",1702,98,0.566473988439306,0.000353242817298158,"Bacteria","Proteobacteria","Alphaproteobacteria","SAR11",NA,NA
"JX537801.1.1283",112,21,0.121387283236994,2.88951046756252e-05,"Bacteria","Proteobacteria","Gammaproteobacteria","Alteromonadales","Alteromonadaceae","Paraglaciecola"
"JX537830.1.1321",676,98,0.566473988439306,0.000163423378111771,"Bacteria","Cyanobacteria","Chloroplast","uncultured",NA,NA
"JX537858.1.1224",177,44,0.254335260115607,4.51627143446424e-05,"Bacteria","Cyanobacteria","Chloroplast","uncultured",NA,NA
"JX537901.1.1315",152,43,0.248554913294798,3.27318229246661e-05,"Bacteria","Proteobacteria","Alphaproteobacteria","Rhodobacterales","Rhodobacteraceae","Ascidiaceihabitans"
"JX559194.1.1489",630,26,0.15028901734104,0.000167857150836985,"Bacteria","Proteobacteria","Gammaproteobacteria","Cellvibrionales","Spongiibacteraceae","BD1-7"
"JX567433.1.1479",153,66,0.38150289017341,3.80522564508505e-05,"Eukaryota","SAR","Stramenopiles","MAST-3","MAST-3B","uncultured"
"JX668725.1.1474",1102,37,0.213872832369942,0.000261790806059657,"Bacteria","Cyanobacteria","Chloroplast","uncultured",NA,NA
"JX840919.1.1232",61,21,0.121387283236994,1.61806435220368e-05,"Eukaryota","SAR","Alveolata","Dinoflagellata","uncultured",NA
"JX840923.1.1235",140,29,0.167630057803468,3.79893969022124e-05,"Eukaryota","SAR","Stramenopiles","Ochrophyta","Bolidomonas","uncultured"
"JX840926.1.1236",302,69,0.398843930635838,8.59723325310893e-05,"Eukaryota","SAR","Alveolata","Protalveolata","Syndiniales","Syndiniales"
"JX840937.1.1271",769,73,0.421965317919075,0.000206061960665375,"Eukaryota","Picozoa","uncultured",NA,NA,NA
"JX840940.1.1392",141,23,0.132947976878613,3.3739975702846e-05,"Eukaryota","Cryptophyceae","Cryptomonadales","Teleaulax","uncultured",NA
"JX878927.1.1404",1296,61,0.352601156069364,0.000261808315513723,"Bacteria","Proteobacteria","Alphaproteobacteria","Rhodospirillales","Rhodospirillaceae","AEGEAN-169"
"JX878950.1.1396",283,60,0.346820809248555,5.9126243329873e-05,"Bacteria","Proteobacteria","Alphaproteobacteria","SAR11",NA,NA
"JX878991.1.1406",845,75,0.433526011560694,0.000183804956035771,"Bacteria","Proteobacteria","Alphaproteobacteria","SAR11",NA,NA
"JX879012.1.1393",907,49,0.283236994219653,0.000188378127780055,"Bacteria","Proteobacteria","Alphaproteobacteria","Rickettsiales","S25-593","uncultured"
"JX879028.1.1406",861,40,0.23121387283237,0.000236117991471777,"Bacteria","Proteobacteria","Alphaproteobacteria","SAR11",NA,NA
"JX879030.1.1395",1613,122,0.705202312138728,0.000348530932510636,"Bacteria","Proteobacteria","Alphaproteobacteria","SAR11",NA,NA
"JX879031.1.1407",2161,111,0.641618497109827,0.000457149731440562,"Bacteria","Proteobacteria","Alphaproteobacteria","Rhodospirillales","Rhodospirillaceae","AEGEAN-169"
"JX879038.1.1458",219,27,0.15606936416185,5.97796212733363e-05,"Bacteria","Proteobacteria","Gammaproteobacteria","Oceanospirillales","Oceanospirillaceae","Pseudohongiella"
"JX879045.1.1449",7346,153,0.884393063583815,0.00155546167230085,"Bacteria","Proteobacteria","Alphaproteobacteria","Rhodospirillales","Rhodospirillaceae","AEGEAN-169"
"JX879052.1.1448",3240,132,0.763005780346821,0.000679185906913056,"Bacteria","Proteobacteria","Alphaproteobacteria","Rhodospirillales","Rhodospirillaceae","AEGEAN-169"
"JX879053.1.1463",467,28,0.161849710982659,9.36710496468426e-05,"Bacteria","Proteobacteria","Alphaproteobacteria","Rhodospirillales","Rhodospirillaceae","uncultured"
"JX879059.1.1438",641,75,0.433526011560694,0.000131729451423644,"Bacteria","Proteobacteria","Alphaproteobacteria","SAR11",NA,NA
"JX879080.1.1461",745,84,0.485549132947977,0.000162022402565505,"Bacteria","Proteobacteria","Alphaproteobacteria","Rhodospirillales","AT-s3-44","uncultured"
"JX945328.1.1445",63,31,0.179190751445087,1.59150637583187e-05,"Bacteria","Proteobacteria","Alphaproteobacteria","Rhodobacterales","Rhodobacteraceae","uncultured"
"JX945335.1.1426",614,90,0.520231213872832,0.000142877976652231,"Bacteria","Cyanobacteria","Cyanobacteria","SubsectionI","FamilyI","Prochlorococcus"
"JX945336.1.1450",88,28,0.161849710982659,2.29030946302169e-05,"Bacteria","Cyanobacteria","Chloroplast","uncultured",NA,NA
"JX945341.1.1455",361,70,0.404624277456647,8.27510602152796e-05,"Bacteria","Cyanobacteria","Cyanobacteria","SubsectionI","FamilyI","Prochlorococcus"
"JX945350.1.1481",73,29,0.167630057803468,2.35512831037557e-05,"Bacteria","Actinobacteria","Acidimicrobiia","Acidimicrobiales","Acidimicrobiaceae","uncultured"
"JX945354.1.1385",709,69,0.398843930635838,0.000178544867197542,"Bacteria","Cyanobacteria","Cyanobacteria","SubsectionI","FamilyI","Prochlorococcus"
"JX945357.1.1423",101,48,0.277456647398844,2.66553566845606e-05,"Bacteria","Proteobacteria","Alphaproteobacteria","Rhodobacterales","Rhodobacteraceae","uncultured"
"JX945359.1.1444",1955,87,0.502890173410405,0.000413375971293907,"Bacteria","Cyanobacteria","Cyanobacteria","SubsectionI","FamilyI","Synechococcus"
"JX945367.1.1372",998,114,0.658959537572254,0.000253019469320788,"Bacteria","Cyanobacteria","Cyanobacteria","SubsectionI","FamilyI","Prochlorococcus"
"JX945371.1.1498",619,68,0.393063583815029,0.000165967282456857,"Bacteria","Proteobacteria","Gammaproteobacteria","Oceanospirillales","SAR86",NA
"JX945376.1.1495",1036,79,0.456647398843931,0.000255027338213801,"Bacteria","Verrucomicrobia","Verrucomicrobiae","Verrucomicrobiales","DEV007","uncultured"
"JX945378.1.1437",131,24,0.138728323699422,3.06844990046789e-05,"Bacteria","Cyanobacteria","Chloroplast","uncultured",NA,NA
"JX981922.1.1412",118,28,0.161849710982659,2.68410278018996e-05,"Bacteria","Proteobacteria","Gammaproteobacteria","Oceanospirillales","Oceanospirillaceae","Thalassolituus"
"JX984032.1.1298",140,38,0.219653179190751,3.2263405859218e-05,"Bacteria","Proteobacteria","Deltaproteobacteria","Bdellovibrionales","Bacteriovoracaceae","Peredibacter"
"JX984134.1.1286",54,36,0.208092485549133,1.30166943437101e-05,"Bacteria","Proteobacteria","Gammaproteobacteria","Thiotrichales","Thiotrichales",NA
"JX988630.1.1355",422,63,0.364161849710983,9.82934337863657e-05,"Bacteria","Proteobacteria","Alphaproteobacteria","Rhodospirillales","AT-s3-44","uncultured"
"JX988638.1.1434",52,24,0.138728323699422,1.05771462243077e-05,"Bacteria","Nitrospirae","Nitrospira","Nitrospirales","Nitrospiraceae","Leptospirillum"
"JXXY01000032.9.1550",1375,47,0.271676300578035,0.000272288030083894,"Bacteria","Proteobacteria","Gammaproteobacteria","Alteromonadales","Pseudoalteromonadaceae","Pseudoalteromonas"
"JYMV01006032.33334.34873",245,44,0.254335260115607,5.32079452693951e-05,"Bacteria","Marinimicrobia",NA,NA,NA,NA
"JYMV01012503.1203.3406",63,32,0.184971098265896,1.52976638227053e-05,"Eukaryota","Excavata","Discoba","Discicristata","Euglenozoa","Kinetoplastea"
"JYMV01012758.1039.2521",486,68,0.393063583815029,0.00010399448475654,"Bacteria","Firmicutes","Clostridia","Halanaerobiales","ODP1230B8.23","hydrothermal"
"JYMV01029648.2615.4070",170,54,0.312138728323699,4.5823926314052e-05,"Bacteria","Bacteroidetes","Flavobacteriia","Flavobacteriales","NS9",NA
"JYMV01042177.15539.17066",299,32,0.184971098265896,6.32185282848728e-05,"Bacteria","Poribacteria","hydrothermal",NA,NA,NA
"JYMV01043872.92.1647",192,28,0.161849710982659,4.04417668306631e-05,"Bacteria","Verrucomicrobia","Arctic97B-4",NA,NA,NA
"JYMV01050280.9882.11393",63,30,0.173410404624277,1.29864722108006e-05,"Bacteria","Proteobacteria","Gammaproteobacteria","E01-9C-26",NA,NA
"JYMV01052913.620.2100",1770,31,0.179190751445087,0.000394245301879993,"Bacteria","Chloroflexi","SAR202",NA,NA,NA
"JZKI01000029.13283.14810",1408,31,0.179190751445087,0.000317118159017761,"Bacteria","Nitrospinae","Nitrospinia","Nitrospinales","Nitrospinaceae","Nitrospina"
"KC000347.1.1363",254,51,0.294797687861272,6.9745823296393e-05,"Bacteria","Bacteroidetes","Flavobacteriia","Flavobacteriales","Flavobacteriaceae","NS4"
"KC000546.1.1315",2742,122,0.705202312138728,0.00068640038160137,"Bacteria","Proteobacteria","Alphaproteobacteria","SAR11",NA,NA
"KC000607.1.1249",541,57,0.329479768786127,0.000145004781435484,"Bacteria","Cyanobacteria","Chloroplast","unidentified",NA,NA
"KC001633.1.1313",198,35,0.202312138728324,4.41836016249825e-05,"Bacteria","Proteobacteria","Alphaproteobacteria","Alphaproteobacteria",NA,NA
"KC001771.1.1349",60,18,0.104046242774566,1.21173000910565e-05,"Bacteria","Proteobacteria","Deltaproteobacteria","Bradymonadales","unidentified",NA
"KC001823.1.1305",586,75,0.433526011560694,0.000142016868047118,"Bacteria","Proteobacteria","Deltaproteobacteria","Bdellovibrionales","Bdellovibrionaceae","OM27"
"KC002117.1.1316",6869,134,0.774566473988439,0.00164141012825899,"Bacteria","Proteobacteria","Alphaproteobacteria","Rhodospirillales","Rhodospirillaceae","AEGEAN-169"
"KC002150.1.1312",846,81,0.468208092485549,0.000224305927521224,"Bacteria","Proteobacteria","Alphaproteobacteria","Rickettsiales","SAR116",NA
"KC002190.1.1313",2113,117,0.676300578034682,0.000535301013666961,"Bacteria","Proteobacteria","Alphaproteobacteria","SAR11",NA,NA
"KC003135.1.1344",572,99,0.572254335260116,0.000140355694013779,"Bacteria","Proteobacteria","Alphaproteobacteria","SAR11",NA,NA
"KC003147.1.1338",223,68,0.393063583815029,5.87194293914136e-05,"Bacteria","Proteobacteria","Alphaproteobacteria","Rhodospirillales","Rhodospirillaceae","uncultured"
"KC003394.1.1366",147,43,0.248554913294798,4.12269875789379e-05,"Bacteria","Proteobacteria","Gammaproteobacteria","Alteromonadales","Alteromonadaceae","Alteromonas"
"KC018453.1.1424",319,57,0.329479768786127,7.01069995226674e-05,"Bacteria","Proteobacteria","Alphaproteobacteria","Rhodobacterales","Rhodobacteraceae","Roseivivax"
"KC119151.1.1424",235,36,0.208092485549133,5.3128292371316e-05,"Bacteria","Proteobacteria","Alphaproteobacteria","Rhodospirillales","Rhodospirillaceae","Tistrella"
"KC120668.1.1394",113,48,0.277456647398844,2.96064932033197e-05,"Bacteria","Proteobacteria","Gammaproteobacteria","Alteromonadales","Alteromonadaceae","Aestuariibacter"
"KC120669.1.1460",78,21,0.121387283236994,1.58839179965995e-05,"Bacteria","Proteobacteria","Alphaproteobacteria","Rhodospirillales","Rhodospirillaceae","uncultured"
"KC169795.1.1494",424,27,0.15606936416185,8.94727524812548e-05,"Bacteria","Bacteroidetes","Flavobacteriia","Flavobacteriales","Flavobacteriaceae","Gramella"
"KC169805.1.1455",68,21,0.121387283236994,1.50458746177619e-05,"Bacteria","Proteobacteria","Alphaproteobacteria","Sphingomonadales","Erythrobacteraceae","Erythrobacter"
"KC172861.1.1707",192,22,0.127167630057803,4.05348789610798e-05,"Eukaryota","SAR","Rhizaria","Retaria","Acantharia","Chaunocanthida"
"KC238385.1.1463",339,28,0.161849710982659,0.000111375670112274,"Bacteria","Proteobacteria","Alphaproteobacteria","Rhodospirillales","Rhodospirillaceae","uncultured"
"KC238397.1.1463",134,36,0.208092485549133,2.93535912207304e-05,"Bacteria","Proteobacteria","Alphaproteobacteria","Rhodospirillales","Rhodospirillaceae","uncultured"
"KC260230.1.1350",136,26,0.15028901734104,3.83533939102622e-05,"Bacteria","Bacteroidetes","Flavobacteriia","Flavobacteriales","Flavobacteriaceae","Tenacibaculum"
"KC294649.1.1432",204,31,0.179190751445087,6.67788390570868e-05,"Bacteria","Proteobacteria","Alphaproteobacteria","Rhizobiales","Rhodobiaceae","Rhodobium"
"KC294660.1.1444",164,42,0.242774566473988,4.42063717062251e-05,"Bacteria","Cyanobacteria","Cyanobacteria","SubsectionI","FamilyI","Synechococcus"
"KC294670.1.1401",123,49,0.283236994219653,3.21859217748538e-05,"Bacteria","Cyanobacteria","Cyanobacteria","SubsectionI","FamilyI","Prochlorococcus"
"KC294680.1.1456",59,33,0.190751445086705,1.64229637105529e-05,"Bacteria","Actinobacteria","Acidimicrobiia","Acidimicrobiales","OM1",NA
"KC294686.1.1479",169,38,0.219653179190751,4.18639624891482e-05,"Bacteria","Planctomycetes","OM190","uncultured",NA,NA
"KC294731.1.1446",277,52,0.300578034682081,7.89569481095691e-05,"Bacteria","Actinobacteria","Acidimicrobiia","Acidimicrobiales","OM1",NA
"KC294763.1.1318",65,24,0.138728323699422,2.10496679324588e-05,"Bacteria","Actinobacteria","Acidimicrobiia","Acidimicrobiales","Sva0996",NA
"KC294818.1.1410",336,46,0.265895953757225,8.01315771436709e-05,"Bacteria","Cyanobacteria","Cyanobacteria","SubsectionI","FamilyI","Prochlorococcus"
"KC294826.1.1398",411,80,0.46242774566474,0.000109851569138727,"Bacteria","Proteobacteria","Alphaproteobacteria","SAR11",NA,NA
"KC294855.1.1471",129,52,0.300578034682081,3.35341483347984e-05,"Bacteria","Proteobacteria","Gammaproteobacteria","Legionellales","Coxiellaceae","Coxiella"
"KC294856.1.1368",94,61,0.352601156069364,2.43551611384332e-05,"Bacteria","Proteobacteria","Gammaproteobacteria","Legionellales","Coxiellaceae","Coxiella"
"KC294911.1.1470",509,72,0.416184971098266,0.000143502714318886,"Bacteria","Proteobacteria","Gammaproteobacteria","Oceanospirillales","Litoricolaceae","Litoricola"
"KC294916.1.1411",324,40,0.23121387283237,7.18255662128206e-05,"Bacteria","Proteobacteria","Alphaproteobacteria","Rhodospirillales","Rhodospirillaceae","AEGEAN-169"
"KC294917.1.1374",4279,122,0.705202312138728,0.00109636005788718,"Bacteria","Proteobacteria","Gammaproteobacteria","uncultured","uncultured",NA
"KC294933.1.1415",84,30,0.173410404624277,2.5243669343104e-05,"Bacteria","Cyanobacteria","Cyanobacteria","SubsectionI","FamilyI","Synechococcus"
"KC294941.1.1427",361,74,0.427745664739884,9.45734319685074e-05,"Bacteria","Cyanobacteria","Chloroplast","uncultured",NA,NA
"KC330842.1.918",659,88,0.508670520231214,0.00016891228797347,"Archaea","Euryarchaeota","Thermoplasmata","Thermoplasmatales","Marine",NA
"KC331332.1.1483",586,86,0.497109826589595,0.000156837020760006,"Bacteria","Bacteroidetes","Flavobacteriia","Flavobacteriales","Flavobacteriaceae","Citreitalea"
"KC425504.1.1444",75,32,0.184971098265896,1.81435177702402e-05,"Bacteria","Proteobacteria","Deltaproteobacteria","Bdellovibrionales","Bdellovibrionaceae","OM27"
"KC425508.1.1452",342,63,0.364161849710983,8.60566498114458e-05,"Bacteria","Proteobacteria","Deltaproteobacteria","Bdellovibrionales","Bdellovibrionaceae","OM27"
"KC425531.1.1445",411,67,0.38728323699422,0.000101352542213516,"Bacteria","Proteobacteria","Deltaproteobacteria","Bdellovibrionales","Bdellovibrionaceae","OM27"
"KC425556.1.1517",192,53,0.30635838150289,5.34512788532145e-05,"Bacteria","Proteobacteria","Deltaproteobacteria","Myxococcales","P3OB-42","uncultured"
"KC425590.1.1484",88,32,0.184971098265896,2.18622570526984e-05,"Bacteria","Bacteroidetes","Sphingobacteriia","Sphingobacteriales","Saprospiraceae","uncultured"
"KC442859.1.1491",67,19,0.109826589595376,1.57841298319862e-05,"Bacteria","Chloroflexi","Anaerolineae","Anaerolineales","Anaerolineaceae","uncultured"
"KC488339.1.1675",840,123,0.710982658959538,0.000200947883264374,"Eukaryota","Picozoa","Picomonadida","uncultured",NA,NA
"KC488342.1.1710",209,30,0.173410404624277,5.57842286250261e-05,"Eukaryota","Picozoa","uncultured",NA,NA,NA
"KC488356.1.1627",124,33,0.190751445086705,3.62334862579867e-05,"Eukaryota","Opisthokonta","Holozoa","Choanoflagellida","Acanthoecida","Stephanoecidae"
"KC488357.1.1681",1402,56,0.323699421965318,0.000312248101507274,"Eukaryota","Opisthokonta","Holozoa","Choanoflagellida","Acanthoecida","Stephanoecidae"
"KC488358.1.1607",114,28,0.161849710982659,3.06999399065572e-05,"Eukaryota","Opisthokonta","Holozoa","Choanoflagellida","Acanthoecida","Stephanoecidae"
"KC488363.1.1629",332,32,0.184971098265896,0.000102182332830046,"Eukaryota","SAR","Alveolata","Ciliophora","Intramacronucleata","Conthreep"
"KC488369.1.1660",591,41,0.236994219653179,0.000176298882221506,"Eukaryota","SAR","Alveolata","Ciliophora","Intramacronucleata","Conthreep"
"KC488384.1.1665",1361,53,0.30635838150289,0.000377470960503317,"Eukaryota","SAR","Alveolata","Ciliophora","Intramacronucleata","Spirotrichea"
"KC488414.1.1683",115,40,0.23121387283237,3.35753953787089e-05,"Eukaryota","SAR","Alveolata","Protalveolata","Syndiniales","uncultured"
"KC488421.1.1698",87,41,0.236994219653179,2.32416770405807e-05,"Eukaryota","SAR","Alveolata","Dinoflagellata","Dinophyceae","Gymnodiniphycidae"
"KC488435.1.1695",60,37,0.213872832369942,1.45199728616169e-05,"Eukaryota","SAR","Alveolata","Dinoflagellata","Dinophyceae","Gymnodiniphycidae"
"KC488448.1.1676",81,28,0.161849710982659,2.42251201142639e-05,"Eukaryota","SAR","Alveolata","Protalveolata","Syndiniales","Syndiniales"
"KC488463.1.1696",189,69,0.398843930635838,4.97732779893379e-05,"Eukaryota","SAR","Alveolata","Protalveolata","Syndiniales","uncultured"
"KC488464.1.1700",92,39,0.225433526011561,2.25025560114096e-05,"Eukaryota","SAR","Alveolata","Protalveolata","Syndiniales","Syndiniales"
"KC488466.1.1698",128,25,0.144508670520231,4.35165908115605e-05,"Eukaryota","SAR","Alveolata","Protalveolata","Syndiniales","Syndiniales"
"KC488495.1.1696",56,25,0.144508670520231,1.59803703402964e-05,"Eukaryota","SAR","Alveolata","Protalveolata","Syndiniales","Amoebophrya"
"KC488503.1.1685",583,71,0.410404624277457,0.000158934669597741,"Eukaryota","SAR","Alveolata","Protalveolata","Syndiniales","Syndiniales"
"KC488505.1.1701",51,35,0.202312138728324,1.24045930446952e-05,"Eukaryota","SAR","Alveolata","Protalveolata","Syndiniales","Amoebophrya"
"KC488509.1.1708",91,49,0.283236994219653,2.34130438347705e-05,"Eukaryota","SAR","Alveolata","Protalveolata","Syndiniales","Syndiniales"
"KC488515.1.1677",69,25,0.144508670520231,1.90857167900572e-05,"Eukaryota","SAR","Alveolata","Protalveolata","Syndiniales","Amoebophrya"
"KC488523.1.1689",273,59,0.341040462427746,7.01379175239702e-05,"Eukaryota","SAR","Stramenopiles","MAST-3","MAST-3C","uncultured"
"KC488527.1.1607",215,46,0.265895953757225,6.42603389398208e-05,"Eukaryota","SAR","Stramenopiles","MAST-3","MAST-3F","uncultured"
"KC488535.1.1251",293,82,0.473988439306358,7.11163055440876e-05,"Eukaryota","SAR","Stramenopiles","MAST-3","MAST-3E","uncultured"
"KC488544.1.1581",1722,67,0.38728323699422,0.00043750332110073,"Eukaryota","SAR","Stramenopiles","MAST-7","MAST-7A","uncultured"
"KC488563.1.1684",50,19,0.109826589595376,1.42600520814885e-05,"Eukaryota","SAR","Rhizaria","Cercozoa","Thecofilosea","uncultured"
"KC488573.1.1694",59,18,0.104046242774566,1.68621079633161e-05,"Eukaryota","SAR","Rhizaria","Cercozoa","Metromonadea","Metopion"
"KC488576.1.1719",313,20,0.115606936416185,6.83546975917392e-05,"Eukaryota","SAR","Rhizaria","Cercozoa","Thecofilosea","Cryomonadida"
"KC488590.1.1716",253,48,0.277456647398844,6.80305736348202e-05,"Eukaryota","SAR","Rhizaria","Retaria","RAD",NA
"KC488594.1.1687",1269,44,0.254335260115607,0.000310347431445436,"Eukaryota","SAR","Rhizaria","Cercozoa","Thecofilosea","Ebriacea"
"KC488602.1.1648",137,21,0.121387283236994,3.53415217596338e-05,"Eukaryota","SAR","Stramenopiles","Ochrophyta","Diatomea","Bacillariophytina"
"KC488614.1.1700",233,64,0.369942196531792,6.12275223615174e-05,"Eukaryota","Incertae",NA,NA,NA,NA
"KC488619.1.1713",1198,123,0.710982658959538,0.000300368175957693,"Eukaryota","Incertae",NA,NA,NA,NA
"KC488620.1.1685",134,59,0.341040462427746,3.81134452481864e-05,"Eukaryota","Incertae",NA,NA,NA,NA
"KC492840.1.1386",228,60,0.346820809248555,5.89413464320566e-05,"Bacteria","Proteobacteria","Gammaproteobacteria","Oceanospirillales","OM182",NA
"KC509520.76682.78167",90,25,0.144508670520231,2.27588952401668e-05,"Bacteria","Cyanobacteria","Chloroplast","Asterionellopsis",NA,NA
"KC509524.69486.70970",338,24,0.138728323699422,8.35629396237443e-05,"Bacteria","Cyanobacteria","Chloroplast","Leptocylindrus",NA,NA
"KC522849.1.1342",104,25,0.144508670520231,2.37236209762206e-05,"Bacteria","Marinimicrobia",NA,NA,NA,NA
"KC522886.1.1355",364,74,0.427745664739884,8.35509320703956e-05,"Bacteria","Proteobacteria","Gammaproteobacteria","Oceanospirillales","SUP05",NA
"KC545235.1.1525",60,26,0.15028901734104,1.5210668130011e-05,"Bacteria","Proteobacteria","Gammaproteobacteria","Alteromonadales","Alteromonadaceae","Aestuariibacter"
"KC545236.1.1528",84,46,0.265895953757225,2.01411769655773e-05,"Bacteria","Proteobacteria","Gammaproteobacteria","Alteromonadales","Alteromonadaceae","uncultured"
"KC545719.1.1421",305,54,0.312138728323699,8.18859316658137e-05,"Bacteria","Proteobacteria","Alphaproteobacteria","SAR11",NA,NA
"KC545743.1.1428",171,31,0.179190751445087,5.90105646326377e-05,"Bacteria","Cyanobacteria","Chloroplast","uncultured",NA,NA
"KC545753.1.1443",120,21,0.121387283236994,2.90511044372421e-05,"Bacteria","Verrucomicrobia","Verrucomicrobiae","Verrucomicrobiales","Verrucomicrobiaceae","Roseibacillus"
"KC577611.1.1313",51,22,0.127167630057803,1.17016675055138e-05,"Bacteria","Proteobacteria","Betaproteobacteria","Methylophilales","Methylophilaceae","uncultured"
"KC582881.1.1799",325,64,0.369942196531792,7.79048774886672e-05,"Eukaryota","SAR","Alveolata","Protalveolata","Syndiniales","Syndiniales"
"KC582883.1.1799",91,37,0.213872832369942,2.70922050793705e-05,"Eukaryota","SAR","Alveolata","Protalveolata","Syndiniales","Syndiniales"
"KC582897.1.1794",76,35,0.202312138728324,1.89490390975636e-05,"Eukaryota","SAR","Alveolata","Protalveolata","Syndiniales","Syndiniales"
"KC582900.1.1793",51,25,0.144508670520231,1.3303754452957e-05,"Eukaryota","SAR","Alveolata","Protalveolata","Syndiniales","Syndiniales"
"KC582906.1.1788",165,59,0.341040462427746,4.57027865036488e-05,"Eukaryota","SAR","Alveolata","Protalveolata","Syndiniales","Syndiniales"
"KC582914.1.1802",330,25,0.144508670520231,6.83384748762621e-05,"Eukaryota","SAR","Alveolata","Protalveolata","Syndiniales","Syndiniales"
"KC582915.1.1798",65,23,0.132947976878613,1.67301344385689e-05,"Eukaryota","SAR","Alveolata","Dinoflagellata","Dinophyceae","Peridiniphycidae"
"KC582928.1.1796",196,31,0.179190751445087,3.78204108984346e-05,"Eukaryota","SAR","Alveolata","Protalveolata","Syndiniales","Syndiniales"
"KC582929.1.1796",53,33,0.190751445086705,1.34515379940559e-05,"Eukaryota","SAR","Alveolata","Protalveolata","Syndiniales","Amoebophrya"
"KC582938.1.1795",76,39,0.225433526011561,1.82367256435655e-05,"Eukaryota","SAR","Alveolata","Protalveolata","Syndiniales","Syndiniales"
"KC582953.1.1788",161,46,0.265895953757225,3.39621755537576e-05,"Eukaryota","SAR","Alveolata","Protalveolata","Syndiniales","Syndiniales"
"KC582963.1.1799",66,21,0.121387283236994,1.49532499139841e-05,"Eukaryota","Opisthokonta","Holozoa","Metazoa",NA,NA
"KC582966.1.1813",1089,63,0.364161849710983,0.000282602137411301,"Eukaryota","Opisthokonta","Holozoa","Metazoa",NA,NA
"KC582976.1.1793",558,53,0.30635838150289,0.000136876600472225,"Eukaryota","Opisthokonta","Holozoa","Metazoa",NA,NA
"KC582977.1.1798",179,56,0.323699421965318,5.1689331793387e-05,"Eukaryota","SAR","Stramenopiles","Ochrophyta","Bolidomonas","uncultured"
"KC582978.1.1823",749,112,0.647398843930636,0.000186784846230092,"Eukaryota","SAR","Stramenopiles","Ochrophyta","Raphidophyceae","uncultured"
"KC582987.1.1801",177,71,0.410404624277457,4.61398243643551e-05,"Eukaryota","SAR","Stramenopiles","Ochrophyta","Dictyochophyceae","uncultured"
"KC582988.1.1798",197,45,0.260115606936416,5.13878534369355e-05,"Eukaryota","SAR","Stramenopiles","Ochrophyta","Dictyochophyceae","uncultured"
"KC582992.1.1792",2088,76,0.439306358381503,0.000529763200143431,"Eukaryota","SAR","Stramenopiles","MAST-3","MAST-3L","uncultured"
"KC582993.1.1780",267,54,0.312138728323699,7.64421188170558e-05,"Eukaryota","SAR","Stramenopiles","Ochrophyta","Chrysophyceae","E222"
"KC583000.1.2021",107,33,0.190751445086705,2.86389562663853e-05,"Eukaryota","SAR","Stramenopiles","Ochrophyta","Chrysophyceae","E222"
"KC583010.1.1802",123,30,0.173410404624277,3.62852149988934e-05,"Eukaryota","SAR","Stramenopiles","MAST-3","MAST-3C","uncultured"
"KC583012.1.1800",105,41,0.236994219653179,3.13912055707858e-05,"Eukaryota","SAR","Stramenopiles","MAST-4","uncultured",NA
"KC583022.1.1786",516,75,0.433526011560694,0.000131807000285553,"Eukaryota","SAR","Stramenopiles","RM2-SGM51","uncultured",NA
"KC583027.1.1771",73,30,0.173410404624277,1.74272123488578e-05,"Eukaryota","SAR","Stramenopiles","Ochrophyta","Chrysophyceae","E222"
"KC583038.1.1788",120,35,0.202312138728324,3.04603829099138e-05,"Eukaryota","SAR","Rhizaria","Retaria","RAD",NA
"KC583048.1.1775",130,32,0.184971098265896,4.06549827731705e-05,"Eukaryota","SAR","Rhizaria","Cercozoa","Chlorarachniophyta","Minorisa"
"KC583129.1.1754",974,51,0.294797687861272,0.000244370169678008,"Eukaryota","Archaeplastida","Chloroplastida","Chlorophyta","Mamiellophyceae","Mamiellales"
"KC608868.1.1503",184,74,0.427745664739884,4.41040402611937e-05,"Bacteria","Chlamydiae","Chlamydiae","Chlamydiales","Simkaniaceae","Candidatus"
"KC620376.1.1455",54,19,0.109826589595376,1.21350305241133e-05,"Bacteria","Proteobacteria","Gammaproteobacteria","Oceanospirillales","Halomonadaceae","Halomonas"
"KC682743.1.1434",2885,76,0.439306358381503,0.000598893461942013,"Bacteria","Proteobacteria","Alphaproteobacteria","SAR11",NA,NA
"KC682751.1.1501",71,23,0.132947976878613,1.49930863581966e-05,"Bacteria","Proteobacteria","Gammaproteobacteria","Oceanospirillales","J8P41000-1F04","uncultured"
"KC682757.1.1482",59,26,0.15028901734104,1.37259885220615e-05,"Bacteria","Proteobacteria","Deltaproteobacteria","Bdellovibrionales","Bdellovibrionaceae","OM27"
"KC682767.1.1478",60,25,0.144508670520231,1.23653315805597e-05,"Bacteria","Proteobacteria","Deltaproteobacteria","Bdellovibrionales","Bdellovibrionaceae","OM27"
"KC682789.1.1464",192,66,0.38150289017341,5.3585645979673e-05,"Bacteria","Proteobacteria","Alphaproteobacteria","Rickettsiales","MD3-55","uncultured"
"KC682854.1.1503",128,30,0.173410404624277,3.64156495430793e-05,"Bacteria","Proteobacteria","Gammaproteobacteria","Oceanospirillales","Oceanospirillaceae","Pseudohongiella"
"KC762311.1.1454",100,31,0.179190751445087,2.19253046802982e-05,"Bacteria","Proteobacteria","Gammaproteobacteria","Alteromonadales","Idiomarinaceae","Idiomarina"
"KC771205.1.1794",245,18,0.104046242774566,6.73526339956027e-05,"Eukaryota","SAR","Stramenopiles","Ochrophyta","Diatomea","Bacillariophytina"
"KC771207.1.1763",154,30,0.173410404624277,3.70957309530481e-05,"Eukaryota","SAR","Alveolata","Ciliophora","Intramacronucleata","Spirotrichea"
"KC811143.18830.20338",3307,71,0.410404624277457,0.000766355879820985,"Bacteria","Actinobacteria","Acidimicrobiia","Acidimicrobiales","OM1",NA
"KC872396.1.1343",2048,118,0.682080924855491,0.000526938152926964,"Bacteria","Proteobacteria","Alphaproteobacteria","SAR11",NA,NA
"KC872403.1.1310",1062,115,0.664739884393064,0.000264053375980231,"Bacteria","Proteobacteria","Alphaproteobacteria","SAR11",NA,NA
"KC872791.1.1339",3442,102,0.589595375722543,0.00105084842005683,"Bacteria","Proteobacteria","Alphaproteobacteria","Rhodospirillales","Rhodospirillaceae","AEGEAN-169"
"KC872798.1.1339",2134,136,0.786127167630058,0.000517542306675969,"Bacteria","Proteobacteria","Alphaproteobacteria","SAR11",NA,NA
"KC872811.1.1340",1257,128,0.739884393063584,0.000326821623961276,"Bacteria","Proteobacteria","Alphaproteobacteria","SAR11",NA,NA
"KC872817.1.1406",609,74,0.427745664739884,0.000135526967841987,"Bacteria","Cyanobacteria","Chloroplast","uncultured",NA,NA
"KC872822.1.1407",2044,108,0.624277456647399,0.000526059514943532,"Bacteria","Proteobacteria","Alphaproteobacteria","Rhodospirillales","Rhodospirillaceae","AEGEAN-169"
"KC872856.1.1340",1608,133,0.76878612716763,0.000353619026839662,"Bacteria","Proteobacteria","Alphaproteobacteria","SAR11",NA,NA
"KC873384.1.1387",96,39,0.225433526011561,2.45864281736254e-05,"Bacteria","Proteobacteria","Alphaproteobacteria","Rickettsiales","SAR116",NA
"KC873389.1.1351",2556,110,0.635838150289017,0.000656855706197429,"Bacteria","Proteobacteria","Alphaproteobacteria","SAR11",NA,NA
"KC873503.1.1334",2683,133,0.76878612716763,0.000624956899789956,"Bacteria","Proteobacteria","Alphaproteobacteria","SAR11",NA,NA
"KC873550.1.1367",57,36,0.208092485549133,1.52683823055189e-05,"Bacteria","Actinobacteria","Acidimicrobiia","Acidimicrobiales","OM1",NA
"KC873583.1.1346",365,100,0.578034682080925,9.46537775756052e-05,"Bacteria","Proteobacteria","Alphaproteobacteria","SAR11",NA,NA
"KC873759.1.1319",104,49,0.283236994219653,2.28588652037587e-05,"Bacteria","Proteobacteria","Alphaproteobacteria","SAR11",NA,NA
"KC873780.1.1391",1924,91,0.526011560693642,0.000494307020770373,"Bacteria","Proteobacteria","Gammaproteobacteria","KI89A",NA,NA
"KC873985.1.1365",1159,99,0.572254335260116,0.000281459262730294,"Bacteria","Proteobacteria","Alphaproteobacteria","Rhodospirillales","Rhodospirillaceae","uncultured"
"KC873991.1.1319",684,84,0.485549132947977,0.000181904432244111,"Bacteria","Proteobacteria","Alphaproteobacteria","SAR11",NA,NA
"KC874108.1.1409",3843,107,0.61849710982659,0.000910526275351985,"Bacteria","Proteobacteria","Gammaproteobacteria","Oceanospirillales","SAR86",NA
"KC874150.1.1367",266,49,0.283236994219653,7.05774349645853e-05,"Bacteria","Proteobacteria","Gammaproteobacteria","Oceanospirillales","OM182",NA
"KC874165.1.1373",284,46,0.265895953757225,7.02002092133199e-05,"Bacteria","Proteobacteria","Gammaproteobacteria","Cellvibrionales","Porticoccaceae","SAR92"
"KC878360.1.1458",448,37,0.213872832369942,0.000133494616998197,"Bacteria","Cyanobacteria","Cyanobacteria","SubsectionI","FamilyI","Synechococcus"
"KC887938.1.1436",137,30,0.173410404624277,2.97189675055285e-05,"Bacteria","Proteobacteria","Alphaproteobacteria","Rhodospirillales","Rhodospirillaceae","Tistrella"
"KC899252.1.1328",135,22,0.127167630057803,3.36055438294058e-05,"Bacteria","Bacteroidetes","Flavobacteriia","Flavobacteriales","Cryomorphaceae","Fluviicola"
"KF031625.1.1775",260,35,0.202312138728324,6.4215285383374e-05,"Eukaryota","Opisthokonta","Holozoa","Metazoa",NA,NA
"KF031906.1.1773",271,48,0.277456647398844,6.52728928089574e-05,"Eukaryota","Opisthokonta","Holozoa","Metazoa",NA,NA
"KF129621.1.1772",300,83,0.479768786127168,8.23536273889376e-05,"Eukaryota","SAR","Stramenopiles","MAST-4","uncultured",NA
"KF129638.1.1759",100,44,0.254335260115607,2.87045363872456e-05,"Eukaryota","SAR","Alveolata","Protalveolata","Syndiniales","Syndiniales"
"KF129640.1.1760",81,44,0.254335260115607,2.21576136043066e-05,"Eukaryota","SAR","Alveolata","Protalveolata","Syndiniales","Syndiniales"
"KF129657.1.1752",131,50,0.289017341040462,3.54947838389277e-05,"Eukaryota","SAR","Alveolata","Protalveolata","Syndiniales","Syndiniales"
"KF129677.1.1759",633,46,0.265895953757225,0.000162846251973524,"Eukaryota","Opisthokonta","Holozoa","Metazoa",NA,NA
"KF129684.1.1759",84,38,0.219653179190751,2.47112056804981e-05,"Eukaryota","SAR","Alveolata","Protalveolata","Syndiniales","Syndiniales"
"KF129700.1.1758",74,38,0.219653179190751,1.76203167475815e-05,"Eukaryota","SAR","Alveolata","Protalveolata","Syndiniales","Amoebophrya"
"KF129701.1.1755",53,21,0.121387283236994,1.22246233146573e-05,"Eukaryota","SAR","Alveolata","Protalveolata","Syndiniales","Amoebophrya"
"KF129710.1.1750",51,23,0.132947976878613,1.30864049159608e-05,"Eukaryota","SAR","Alveolata","Protalveolata","Syndiniales","Syndiniales"
"KF129712.1.1758",187,39,0.225433526011561,4.58054195961895e-05,"Eukaryota","Opisthokonta","Holozoa","Metazoa",NA,NA
"KF129714.1.1748",141,56,0.323699421965318,3.4797147885112e-05,"Eukaryota","Incertae",NA,NA,NA,NA
"KF129724.1.1775",117,39,0.225433526011561,3.41120514508365e-05,"Eukaryota","SAR","Stramenopiles","MAST-3","MAST-3A","uncultured"
"KF129733.1.1760",74,46,0.265895953757225,1.95312497552795e-05,"Eukaryota","SAR","Alveolata","Protalveolata","Syndiniales","Syndiniales"
"KF129735.1.1757",71,38,0.219653179190751,1.8506426401515e-05,"Eukaryota","Cryptophyceae","Kathablepharidae","Leucocryptos","uncultured",NA
"KF129740.1.1760",124,54,0.312138728323699,3.27659997986389e-05,"Eukaryota","SAR","Alveolata","Protalveolata","Syndiniales","Syndiniales"
"KF129751.1.1759",136,40,0.23121387283237,3.53689127024527e-05,"Eukaryota","SAR","Alveolata","Protalveolata","Syndiniales","Syndiniales"
"KF129758.1.1746",88,39,0.225433526011561,1.89529592607747e-05,"Eukaryota","SAR","Alveolata","Protalveolata","Syndiniales","Syndiniales"
"KF129763.1.1766",84,19,0.109826589595376,1.5685019662796e-05,"Eukaryota","SAR","Rhizaria","Retaria","Polycystinea","Spumellaria"
"KF129769.1.1755",76,31,0.179190751445087,2.02483301445025e-05,"Eukaryota","SAR","Alveolata","Protalveolata","Syndiniales","Syndiniales"
"KF129783.1.1747",192,68,0.393063583815029,4.5116244380959e-05,"Eukaryota","SAR","Alveolata","Protalveolata","Syndiniales","Syndiniales"
"KF129784.1.1754",53,29,0.167630057803468,1.31828702933916e-05,"Eukaryota","SAR","Alveolata","Protalveolata","Syndiniales","Syndiniales"
"KF129785.1.1750",113,50,0.289017341040462,2.88497385192219e-05,"Eukaryota","SAR","Alveolata","Protalveolata","Syndiniales","Syndiniales"
"KF129787.1.1759",165,44,0.254335260115607,4.04149852113166e-05,"Eukaryota","SAR","Alveolata","Protalveolata","Syndiniales","Syndiniales"
"KF129798.1.1760",204,70,0.404624277456647,5.87901284999286e-05,"Eukaryota","SAR","Alveolata","Protalveolata","Syndiniales","Syndiniales"
"KF129805.1.1756",90,47,0.271676300578035,2.14898727848105e-05,"Eukaryota","SAR","Alveolata","Protalveolata","Syndiniales","Syndiniales"
"KF129814.1.1748",75,30,0.173410404624277,2.11164356017453e-05,"Eukaryota","SAR","Alveolata","Protalveolata","Syndiniales","Syndiniales"
"KF129820.1.1756",258,70,0.404624277456647,7.31159631029685e-05,"Eukaryota","SAR","Alveolata","Protalveolata","Syndiniales","Syndiniales"
"KF129830.1.1759",55,25,0.144508670520231,1.5939296340309e-05,"Eukaryota","SAR","Alveolata","Protalveolata","Syndiniales","Amoebophrya"
"KF129842.1.1759",104,49,0.283236994219653,2.87890627077668e-05,"Eukaryota","SAR","Alveolata","Protalveolata","Syndiniales","Syndiniales"
"KF129845.1.1752",90,47,0.271676300578035,2.28258770613723e-05,"Eukaryota","SAR","Alveolata","Protalveolata","Syndiniales","Syndiniales"
"KF129846.1.1761",67,32,0.184971098265896,2.06321627495641e-05,"Eukaryota","SAR","Alveolata","Protalveolata","Syndiniales","Syndiniales"
"KF129849.1.1758",99,47,0.271676300578035,2.21060611623395e-05,"Eukaryota","SAR","Alveolata","Protalveolata","Syndiniales","Syndiniales"
"KF129860.1.1745",62,32,0.184971098265896,1.60174575959999e-05,"Eukaryota","SAR","Alveolata","Protalveolata","Syndiniales","Syndiniales"
"KF129869.1.1762",104,47,0.271676300578035,2.9406565461557e-05,"Eukaryota","SAR","Stramenopiles","MAST-3","MAST-3B","uncultured"
"KF129882.1.1776",215,51,0.294797687861272,5.29027215478518e-05,"Eukaryota","Opisthokonta","Holozoa","Metazoa",NA,NA
"KF129887.1.1756",102,31,0.179190751445087,2.18887007295999e-05,"Eukaryota","SAR","Alveolata","Protalveolata","Syndiniales","Syndiniales"
"KF129892.1.1759",71,26,0.15028901734104,1.74866693333596e-05,"Eukaryota","SAR","Alveolata","Protalveolata","Syndiniales","Syndiniales"
"KF129896.1.1760",92,44,0.254335260115607,2.23696278850874e-05,"Eukaryota","SAR","Alveolata","Protalveolata","Syndiniales","Amoebophrya"
"KF129897.1.1763",327,54,0.312138728323699,7.85092955343294e-05,"Eukaryota","SAR","Rhizaria","Retaria","Polycystinea","Spumellaria"
"KF129899.1.1737",82,37,0.213872832369942,1.75145543532951e-05,"Eukaryota","SAR","Rhizaria","Retaria","Acantharia","Acantharea"
"KF129900.1.1755",89,36,0.208092485549133,1.85229389172438e-05,"Eukaryota","SAR","Alveolata","Protalveolata","Syndiniales","Syndiniales"
"KF129909.1.1758",186,31,0.179190751445087,3.88599130286644e-05,"Eukaryota","SAR","Rhizaria","Retaria","RAD",NA
"KF129913.1.1744",293,78,0.450867052023121,5.91531794397092e-05,"Eukaryota","SAR","Rhizaria","Retaria","Acantharia","Acantharea"
"KF129920.1.1743",66,28,0.161849710982659,1.57775538832699e-05,"Eukaryota","SAR","Rhizaria","Retaria","Acantharia","Acantharea"
"KF129922.1.1756",128,35,0.202312138728324,3.44503232803455e-05,"Eukaryota","SAR","Alveolata","Protalveolata","Syndiniales","Syndiniales"
"KF129925.1.1760",97,52,0.300578034682081,2.66270861747736e-05,"Eukaryota","SAR","Alveolata","Protalveolata","Syndiniales","Syndiniales"
"KF129937.1.1759",114,57,0.329479768786127,2.69462913710946e-05,"Eukaryota","SAR","Alveolata","Protalveolata","Syndiniales","Syndiniales"
"KF129950.1.1739",73,30,0.173410404624277,2.07870182011172e-05,"Eukaryota","SA1-3C06","uncultured",NA,NA,NA
"KF129965.1.1757",67,38,0.219653179190751,1.64185718908809e-05,"Eukaryota","SAR","Alveolata","Dinoflagellata","Dinophyceae","Peridiniphycidae"
"KF129967.1.1739",155,49,0.283236994219653,3.88200801915194e-05,"Eukaryota","SAR","Stramenopiles","MAST-9","MAST-9A","uncultured"
"KF129973.1.1754",73,35,0.202312138728324,1.89114778871966e-05,"Eukaryota","Incertae",NA,NA,NA,NA
"KF129974.1.1755",57,26,0.15028901734104,1.44520501856854e-05,"Eukaryota","SAR","Alveolata","Protalveolata","Syndiniales","Syndiniales"
"KF129975.1.1773",230,73,0.421965317919075,6.05948251929771e-05,"Eukaryota","SAR","Stramenopiles","MAST-4","uncultured",NA
"KF129978.1.1757",74,38,0.219653179190751,2.15743810236241e-05,"Eukaryota","SAR","Alveolata","Protalveolata","Syndiniales","Amoebophrya"
"KF129987.1.1743",123,45,0.260115606936416,3.52438819451456e-05,"Eukaryota","SAR","Stramenopiles","Ochrophyta","Chrysophyceae","E222"
"KF130007.1.1756",111,59,0.341040462427746,3.11720837700176e-05,"Eukaryota","SAR","Alveolata","Protalveolata","Syndiniales","Syndiniales"
"KF130008.1.1760",399,85,0.491329479768786,0.000103003317673302,"Eukaryota","SAR","Stramenopiles","MAST-1","uncultured",NA
"KF130014.1.1756",119,48,0.277456647398844,3.32842104065924e-05,"Eukaryota","SAR","Alveolata","Protalveolata","Syndiniales","Amoebophrya"
"KF130019.1.1748",76,26,0.15028901734104,1.96089586566125e-05,"Eukaryota","SAR","Alveolata","Protalveolata","Syndiniales","Duboscquella"
"KF130020.1.1773",199,60,0.346820809248555,4.39029654744032e-05,"Eukaryota","SAR","Stramenopiles","Labyrinthulomycetes","HE001005.112","uncultured"
"KF130028.1.1748",77,23,0.132947976878613,2.05969810683521e-05,"Eukaryota","SAR","Alveolata","Protalveolata","Syndiniales","Syndiniales"
"KF130052.1.1757",202,51,0.294797687861272,5.42281527690537e-05,"Eukaryota","SAR","Alveolata","Protalveolata","Syndiniales","Syndiniales"
"KF130076.1.1758",247,51,0.294797687861272,5.46285733171881e-05,"Eukaryota","SAR","Alveolata","Protalveolata","Syndiniales","Syndiniales"
"KF130083.1.1757",84,34,0.196531791907514,2.27675598395028e-05,"Eukaryota","SAR","Alveolata","Protalveolata","Syndiniales","Syndiniales"
"KF130094.1.1756",72,29,0.167630057803468,1.73370653911249e-05,"Eukaryota","SAR","Alveolata","Protalveolata","Syndiniales","Syndiniales"
"KF130096.1.1768",155,25,0.144508670520231,3.78092791489588e-05,"Eukaryota","SAR","Rhizaria","Retaria","Polycystinea","Spumellaria"
"KF130109.1.1755",532,71,0.410404624277457,0.00015466884555154,"Eukaryota","SAR","Alveolata","Protalveolata","Syndiniales","Syndiniales"
"KF130112.1.1763",157,51,0.294797687861272,4.04460317332841e-05,"Eukaryota","SAR","Alveolata","Protalveolata","Syndiniales","Syndiniales"
"KF130136.1.1755",158,48,0.277456647398844,3.81841793761353e-05,"Eukaryota","SAR","Alveolata","Protalveolata","Syndiniales","Syndiniales"
"KF130138.1.1751",92,49,0.283236994219653,2.18588283326579e-05,"Eukaryota","SAR","Alveolata","Protalveolata","Syndiniales","Amoebophrya"
"KF130142.1.1757",61,21,0.121387283236994,1.21233199155956e-05,"Eukaryota","SAR","Rhizaria","Retaria","Polycystinea","Nassellaria"
"KF130145.1.1771",67,41,0.236994219653179,1.75173044137796e-05,"Eukaryota","Incertae",NA,NA,NA,NA
"KF130152.1.1736",123,50,0.289017341040462,2.98398907337774e-05,"Eukaryota","SAR","Rhizaria","Retaria","Acantharia","Acantharea"
"KF130154.1.1755",187,61,0.352601156069364,4.61174312450758e-05,"Eukaryota","SAR","Alveolata","Protalveolata","Syndiniales","Syndiniales"
"KF130164.1.1753",190,82,0.473988439306358,4.7316116356548e-05,"Eukaryota","SAR","Alveolata","Protalveolata","Syndiniales","Duboscquella"
"KF130175.1.1772",425,85,0.491329479768786,9.87089970255337e-05,"Eukaryota","Haptophyta","Pav3","uncultured",NA,NA
"KF130176.1.1759",124,43,0.248554913294798,3.21818215596816e-05,"Eukaryota","SAR","Alveolata","Protalveolata","Syndiniales","Syndiniales"
"KF130177.1.1757",55,26,0.15028901734104,1.5618105269522e-05,"Eukaryota","SAR","Alveolata","Protalveolata","Syndiniales","Syndiniales"
"KF130184.1.1758",93,43,0.248554913294798,2.596815729025e-05,"Eukaryota","SAR","Alveolata","Protalveolata","Syndiniales","Syndiniales"
"KF130194.1.1764",168,23,0.132947976878613,4.01938704046617e-05,"Eukaryota","SAR","Alveolata","Protalveolata","Syndiniales","Syndiniales"
"KF130201.1.1744",58,38,0.219653179190751,1.51292470100878e-05,"Eukaryota","SAR","Alveolata","Protalveolata","Syndiniales","Syndiniales"
"KF130203.1.1759",159,56,0.323699421965318,4.29900535693819e-05,"Eukaryota","SAR","Alveolata","Protalveolata","Syndiniales","Amoebophrya"
"KF130204.1.1765",238,55,0.317919075144509,6.03253141719803e-05,"Eukaryota","Picozoa","uncultured",NA,NA,NA
"KF130209.1.1754",71,37,0.213872832369942,1.79798665118064e-05,"Eukaryota","SAR","Alveolata","Protalveolata","Syndiniales","Syndiniales"
"KF130228.1.1763",163,53,0.30635838150289,4.30255625950571e-05,"Eukaryota","SAR","Rhizaria","Cercozoa","Novel",NA
"KF130229.1.1762",226,79,0.456647398843931,5.59219450273365e-05,"Eukaryota","Haptophyta","Prymnesiophyceae","Prymnesiales","Chrysochromulina","uncultured"
"KF130231.1.1758",58,30,0.173410404624277,1.38928555346581e-05,"Eukaryota","SAR","Alveolata","Dinoflagellata","Dinophyceae","Gymnodiniphycidae"
"KF130232.1.1747",166,37,0.213872832369942,3.84986804225646e-05,"Eukaryota","SAR","Alveolata","Protalveolata","Syndiniales","Syndiniales"
"KF130236.1.1764",87,49,0.283236994219653,2.27135798394247e-05,"Eukaryota","SAR","Alveolata","Dinoflagellata","Dinophyceae","Gymnodiniphycidae"
"KF130259.1.1750",467,25,0.144508670520231,0.000108574376222543,"Eukaryota","SAR","Stramenopiles","Ochrophyta","Chrysophyceae","Chromulinales"
"KF130270.1.1754",74,21,0.121387283236994,1.67542392938251e-05,"Eukaryota","SAR","Alveolata","Protalveolata","Syndiniales","Syndiniales"
"KF130285.1.1754",122,36,0.208092485549133,2.84790702532526e-05,"Eukaryota","SAR","Alveolata","Protalveolata","Syndiniales","Syndiniales"
"KF130321.1.1751",86,33,0.190751445086705,2.445267114936e-05,"Eukaryota","SAR","Alveolata","Protalveolata","Syndiniales","Syndiniales"
"KF130322.1.1752",81,36,0.208092485549133,2.05602459501285e-05,"Eukaryota","SAR","Alveolata","Protalveolata","Syndiniales","Syndiniales"
"KF130326.1.1755",241,57,0.329479768786127,6.48810435627187e-05,"Eukaryota","SAR","Stramenopiles","MAST-3","MAST-3A","uncultured"
"KF130332.1.1770",892,48,0.277456647398844,0.00016981537667954,"Eukaryota","SAR","Rhizaria","Retaria","Polycystinea","Spumellaria"
"KF130336.1.1764",52,33,0.190751445086705,1.37417003547827e-05,"Eukaryota","SAR","Alveolata","SCM37C52","uncultured",NA
"KF130338.1.1751",194,47,0.271676300578035,5.45290609477497e-05,"Eukaryota","SAR","Stramenopiles","Ochrophyta","Chrysophyceae","E222"
"KF130347.1.1751",272,45,0.260115606936416,6.27829776508578e-05,"Eukaryota","SAR","Alveolata","Protalveolata","Syndiniales","Syndiniales"
"KF130378.1.1753",103,24,0.138728323699422,2.38418774860317e-05,"Eukaryota","SAR","Alveolata","Protalveolata","Syndiniales","Syndiniales"
"KF130396.1.1761",321,96,0.554913294797688,7.99428763578111e-05,"Eukaryota","Haptophyta","Prymnesiophyceae","Prymnesiales","Chrysoculter","uncultured"
"KF130430.1.1756",81,33,0.190751445086705,2.53527005634613e-05,"Eukaryota","SAR","Rhizaria","Retaria","Polycystinea","Nassellaria"
"KF130443.1.1770",188,30,0.173410404624277,3.88717084353268e-05,"Eukaryota","SAR","Rhizaria","Retaria","Polycystinea","Spumellaria"
"KF130453.1.1760",55,21,0.121387283236994,1.21956577106708e-05,"Eukaryota","SAR","Alveolata","Protalveolata","Syndiniales","Syndiniales"
"KF130455.1.1747",55,30,0.173410404624277,1.30250816956001e-05,"Eukaryota","SAR","Alveolata","Protalveolata","Syndiniales","Syndiniales"
"KF130483.1.1769",103,32,0.184971098265896,2.13586862928745e-05,"Eukaryota","SAR","Rhizaria","Retaria","RAD",NA
"KF130498.1.1767",365,28,0.161849710982659,7.88175509177338e-05,"Eukaryota","SAR","Rhizaria","Retaria","Polycystinea","Spumellaria"
"KF130500.1.1748",66,32,0.184971098265896,1.75229604059029e-05,"Eukaryota","Opisthokonta","Holozoa","Choanoflagellida","Craspedida","uncultured"
"KF130501.1.1757",80,37,0.213872832369942,1.61259256717436e-05,"Eukaryota","SAR","Alveolata","Protalveolata","Syndiniales","Syndiniales"
"KF130502.1.1763",122,38,0.219653179190751,3.49480981006362e-05,"Eukaryota","SAR","Alveolata","Protalveolata","Syndiniales","Syndiniales"
"KF130534.1.1762",95,33,0.190751445086705,2.17725373153006e-05,"Eukaryota","Opisthokonta","Holozoa","Metazoa",NA,NA
"KF130539.1.1759",240,86,0.497109826589595,6.08404010145645e-05,"Eukaryota","Haptophyta","Prymnesiophyceae","Prymnesiales","AI5F14RJ2A07","uncultured"
"KF130552.1.1759",176,70,0.404624277456647,4.52633325591427e-05,"Eukaryota","SAR","Alveolata","Protalveolata","Syndiniales","Amoebophrya"
"KF130564.1.1762",271,70,0.404624277456647,6.32069453507053e-05,"Eukaryota","Haptophyta","Prymnesiophyceae","Prymnesiales","OLI51059","uncultured"
"KF130570.1.1768",123,47,0.271676300578035,2.71491137153371e-05,"Eukaryota","SAR","Alveolata","Protalveolata","Syndiniales","Syndiniales"
"KF130582.1.1754",86,38,0.219653179190751,2.24782355234676e-05,"Eukaryota","SAR","Rhizaria","Retaria","Acantharia","Arthracanthida"
"KF130595.1.1743",90,37,0.213872832369942,2.62254532144673e-05,"Eukaryota","SAR","Alveolata","Protalveolata","Syndiniales","Syndiniales"
"KF130611.1.1755",83,40,0.23121387283237,2.45887374256479e-05,"Eukaryota","SAR","Alveolata","Protalveolata","Syndiniales","Syndiniales"
"KF169905.2054.3849",223,35,0.202312138728324,4.52662995281306e-05,"Bacteria","Proteobacteria","Alphaproteobacteria","Rickettsiales","Mitochondria","Glarea"
"KF170419.508.2049",108,46,0.265895953757225,2.44010819177058e-05,"Bacteria","Marinimicrobia",NA,NA,NA,NA
"KF170424.460.2002",119,40,0.23121387283237,2.57879842544841e-05,"Bacteria","Marinimicrobia",NA,NA,NA,NA
"KF227616.1.1341",597,23,0.132947976878613,0.000138583650090415,"Bacteria","Nitrospinae","Nitrospinia","Nitrospinales","Nitrospinaceae","uncultured"
"KF227662.1.1345",258,74,0.427745664739884,5.58573891639902e-05,"Bacteria","Proteobacteria","Alphaproteobacteria","SAR11",NA,NA
"KF227664.1.1249",6832,148,0.855491329479769,0.00147427449630214,"Bacteria","Proteobacteria","Alphaproteobacteria","Rhodospirillales","Rhodospirillaceae","AEGEAN-169"
"KF227728.1.1316",955,125,0.722543352601156,0.000219096689869933,"Bacteria","Proteobacteria","Alphaproteobacteria","Rhodospirillales","Rhodospirillaceae","AEGEAN-169"
"KF271013.1.1460",571,70,0.404624277456647,0.000150628855768716,"Bacteria","Proteobacteria","Gammaproteobacteria","Legionellales","Coxiellaceae","Coxiella"
"KF271044.1.1462",92,40,0.23121387283237,2.24339865530217e-05,"Bacteria","Proteobacteria","Deltaproteobacteria","Bradymonadales","uncultured",NA
"KF271137.1.1457",156,35,0.202312138728324,3.84607403290208e-05,"Bacteria","Proteobacteria","Gammaproteobacteria","Alteromonadales","Alteromonadaceae","Alteromonas"
"KF271146.1.1435",860,109,0.630057803468208,0.000215149297518366,"Bacteria","Proteobacteria","Deltaproteobacteria","Bdellovibrionales","Bdellovibrionaceae","OM27"
"KF271167.1.1447",207,52,0.300578034682081,6.46692046396277e-05,"Bacteria","Proteobacteria","Gammaproteobacteria","Alteromonadales","Alteromonadaceae","Alteromonas"
"KF271245.1.1426",241,59,0.341040462427746,6.34703212611382e-05,"Bacteria","Proteobacteria","Deltaproteobacteria","Bdellovibrionales","Bdellovibrionaceae","OM27"
"KF285522.66013.67582",3566,54,0.312138728323699,0.000864927201162334,"Bacteria","Cyanobacteria","Chloroplast","Ostreococcus",NA,NA
"KF286059.1.1375",303,30,0.173410404624277,6.45509264596433e-05,"Bacteria","Chloroflexi","SAR202",NA,NA,NA
"KF417672.1.1575",105,52,0.300578034682081,2.66807947995748e-05,"Eukaryota","SAR","Stramenopiles","Ochrophyta","Diatomea","Bacillariophytina"
"KF463714.1.1258",58,22,0.127167630057803,1.24578738514778e-05,"Bacteria","Proteobacteria","Gammaproteobacteria","Aeromonadales","Aeromonadaceae","Aeromonas"
"KF464574.1.1230",68,32,0.184971098265896,2.01537536889141e-05,"Bacteria","Proteobacteria","Gammaproteobacteria","Alteromonadales","Alteromonadaceae","Lacimicrobium"
"KF465462.1.1370",91,21,0.121387283236994,2.74796395040795e-05,"Bacteria","Proteobacteria","Gammaproteobacteria","Alteromonadales","Pseudoalteromonadaceae","Pseudoalteromonas"
"KF500904.1.1489",54,18,0.104046242774566,1.1090631813337e-05,"Bacteria","Proteobacteria","Betaproteobacteria","Burkholderiales","Alcaligenaceae","Achromobacter"
"KF501031.582.2283",203,27,0.15606936416185,4.7448634083047e-05,"Eukaryota","Archaeplastida","Chloroplastida","Chlorophyta","Mamiellophyceae","Mamiellales"
"KF545008.1.1494",99,30,0.173410404624277,2.21966600642373e-05,"Bacteria","Proteobacteria","Gammaproteobacteria","Oceanospirillales","Halomonadaceae","Halomonas"
"KF560378.1.1388",283,29,0.167630057803468,5.31735017444555e-05,"Bacteria","Bacteroidetes","Flavobacteriia","Flavobacteriales","Flavobacteriaceae","Aquimarina"
"KF560379.1.1388",5121,75,0.433526011560694,0.00105634391138101,"Bacteria","Bacteroidetes","Flavobacteriia","Flavobacteriales","Flavobacteriaceae","Mesonia"
"KF596518.1.1448",281,72,0.416184971098266,7.44494341224352e-05,"Bacteria","Cyanobacteria","Chloroplast","uncultured",NA,NA
"KF596522.1.1448",55,25,0.144508670520231,1.44604450603175e-05,"Bacteria","Cyanobacteria","Chloroplast","uncultured",NA,NA
"KF596542.1.1464",219,49,0.283236994219653,6.04934350967042e-05,"Bacteria","Bacteroidetes","Flavobacteriia","Flavobacteriales","NS9",NA
"KF596582.1.1456",2491,24,0.138728323699422,0.000608607782313276,"Bacteria","Cyanobacteria","Chloroplast","uncultured",NA,NA
"KF597116.1.1421",87,26,0.15028901734104,1.83176639722613e-05,"Bacteria","Gemmatimonadetes","BD2-11",NA,NA,NA
"KF597122.1.1392",128,22,0.127167630057803,2.79621671634515e-05,"Bacteria","Chloroflexi","SAR202",NA,NA,NA
"KF616639.1.1447",282,53,0.30635838150289,7.15039134997412e-05,"Bacteria","Bacteroidetes","Cytophagia","Cytophagales","Flammeovirgaceae","uncultured"
"KF616746.1.1482",86,23,0.132947976878613,1.81030215075361e-05,"Bacteria","Nitrospinae","MD2896-B214","uncultured",NA,NA
"KF620986.1.1798",384,77,0.445086705202312,8.94699119423755e-05,"Eukaryota","Haptophyta","Prymnesiophyceae","Phaeocystis","uncultured",NA
"KF620990.1.1809",4762,98,0.566473988439306,0.00105344639818106,"Eukaryota","Haptophyta","Prymnesiophyceae","Phaeocystis","uncultured",NA
"KF620996.1.1754",12035,103,0.595375722543353,0.00267616487501049,"Eukaryota","Haptophyta","Prymnesiophyceae","Phaeocystis","uncultured",NA
"KF621002.1.1752",90,50,0.289017341040462,2.17025367753981e-05,"Eukaryota","Haptophyta","Prymnesiophyceae","Prymnesiales","OLI16029","uncultured"
"KF621006.1.1798",279,71,0.410404624277457,8.0936080444434e-05,"Eukaryota","Haptophyta","Prymnesiophyceae","Prymnesiales","uncultured",NA
"KF650575.28495.30147",2738,56,0.323699421965318,0.000568908418281231,"Bacteria","Proteobacteria","Alphaproteobacteria","Rickettsiales","Mitochondria","Rhynchosporium"
"KF721572.1.1233",404,51,0.294797687861272,9.13796442859809e-05,"Bacteria","Proteobacteria","Gammaproteobacteria","Alteromonadales","Alteromonadaceae","Aestuariibacter"
"KF755567.1.1232",83,35,0.202312138728324,2.18851877141284e-05,"Bacteria","Proteobacteria","Gammaproteobacteria","Alteromonadales","Alteromonadaceae","Aestuariibacter"
"KF758646.1.1510",174,32,0.184971098265896,5.72773759043922e-05,"Bacteria","Proteobacteria","Gammaproteobacteria","Alteromonadales","Colwelliaceae","uncultured"
"KF758697.1.1498",250,39,0.225433526011561,6.16949298433805e-05,"Bacteria","Proteobacteria","Gammaproteobacteria","Vibrionales","Vibrionaceae","Vibrio"
"KF758743.1.1505",490,64,0.369942196531792,0.000107103456466716,"Bacteria","Proteobacteria","Gammaproteobacteria","Alteromonadales","Alteromonadaceae","Marinobacter"
"KF771466.1.1460",73,26,0.15028901734104,1.52757633099482e-05,"Bacteria","Proteobacteria","Alphaproteobacteria","Rhodospirillales","Rhodospirillaceae","Magnetospira"
"KF771488.1.1529",112,24,0.138728323699422,2.07135822946717e-05,"Bacteria","Verrucomicrobia","OPB35",NA,NA,NA
"KF771496.1.1432",118,48,0.277456647398844,2.71215192127304e-05,"Bacteria","Planctomycetes","Phycisphaerae","Phycisphaerales","Phycisphaeraceae","SM1A02"
"KF771565.1.1469",105,39,0.225433526011561,2.68004372208163e-05,"Bacteria","Lentisphaerae","Lentisphaeria","Lentisphaerales","Lentisphaeraceae","Lentisphaera"
"KF786355.1.1342",549,55,0.317919075144509,0.000128226848277696,"Bacteria","Proteobacteria","Alphaproteobacteria","Rickettsiales","SAR116",NA
"KF786358.1.1342",242,57,0.329479768786127,5.71615598046134e-05,"Bacteria","Proteobacteria","Deltaproteobacteria","Bdellovibrionales","Bdellovibrionaceae","OM27"
"KF786377.1.1390",3001,100,0.578034682080925,0.000736667512330069,"Bacteria","Proteobacteria","Gammaproteobacteria","Cellvibrionales","Halieaceae","Parahaliea"
"KF786393.1.1392",69,30,0.173410404624277,1.86239320204685e-05,"Bacteria","Planctomycetes","Pla3",NA,NA,NA
"KF786409.1.1353",2112,85,0.491329479768786,0.000537699920904322,"Bacteria","Proteobacteria","Alphaproteobacteria","Rhodospirillales","Rhodospirillaceae","OM75"
"KF786419.1.1408",55,26,0.15028901734104,1.19108921358538e-05,"Bacteria","Proteobacteria","Deltaproteobacteria","Bradymonadales","uncultured",NA
"KF786434.1.1359",434,70,0.404624277456647,0.000110088618419169,"Bacteria","Proteobacteria","Deltaproteobacteria","Bdellovibrionales","Bdellovibrionaceae","OM27"
"KF786441.1.1406",428,85,0.491329479768786,9.23931028609648e-05,"Bacteria","Planctomycetes","Planctomycetacia","Planctomycetales","Planctomycetaceae","uncultured"
"KF786450.1.1357",70,21,0.121387283236994,1.94218224435252e-05,"Bacteria","Proteobacteria","Alphaproteobacteria","Rhodospirillales","Rhodospirillaceae","uncultured"
"KF786460.1.1387",57,18,0.104046242774566,1.75723495391907e-05,"Bacteria","Proteobacteria","Deltaproteobacteria","Bradymonadales","uncultured",NA
"KF786473.1.1396",61,39,0.225433526011561,1.69079596998058e-05,"Bacteria","Proteobacteria","Gammaproteobacteria","Legionellales","Coxiellaceae","Coxiella"
"KF786478.1.1403",199,59,0.341040462427746,5.13420184349909e-05,"Bacteria","Proteobacteria","Gammaproteobacteria","Legionellales","Coxiellaceae","Coxiella"
"KF786479.1.1406",696,92,0.531791907514451,0.00016568707723747,"Bacteria","Proteobacteria","Deltaproteobacteria","Bradymonadales","uncultured",NA
"KF786489.1.1386",91,49,0.283236994219653,2.28424635938669e-05,"Bacteria","Proteobacteria","Gammaproteobacteria","Legionellales","Coxiellaceae","Coxiella"
"KF786502.1.1393",166,55,0.317919075144509,3.90595791488976e-05,"Bacteria","Proteobacteria","Gammaproteobacteria","HTA4","uncultured",NA
"KF786509.1.1394",696,102,0.589595375722543,0.00016910417298776,"Bacteria","Proteobacteria","Deltaproteobacteria","Bradymonadales","uncultured",NA
"KF786515.1.1397",152,61,0.352601156069364,3.69225622941443e-05,"Bacteria","Proteobacteria","Gammaproteobacteria","Legionellales","Coxiellaceae","Coxiella"
"KF786524.1.1340",363,57,0.329479768786127,0.000102511707964463,"Bacteria","Proteobacteria","Deltaproteobacteria","Bdellovibrionales","Bdellovibrionaceae","OM27"
"KF786525.1.1366",755,88,0.508670520231214,0.000163270631718234,"Bacteria","Proteobacteria","Deltaproteobacteria","Bdellovibrionales","Bdellovibrionaceae","OM27"
"KF786572.1.1319",147,40,0.23121387283237,3.36882079101741e-05,"Bacteria","Proteobacteria","Alphaproteobacteria","Rhodobacterales","Rhodobacteraceae","uncultured"
"KF786576.1.1343",501,88,0.508670520231214,0.000128722915515423,"Bacteria","Proteobacteria","Alphaproteobacteria","Rickettsiales","SAR116",NA
"KF786593.1.1406",523,79,0.456647398843931,0.000128621140250486,"Bacteria","Proteobacteria","Deltaproteobacteria","Bradymonadales","uncultured",NA
"KF786604.1.1394",81,25,0.144508670520231,2.0880697021274e-05,"Bacteria","Proteobacteria","Gammaproteobacteria","Oceanospirillales","OM182",NA
"KF786609.1.1342",112,43,0.248554913294798,2.72626299859801e-05,"Bacteria","Proteobacteria","Deltaproteobacteria","Bdellovibrionales","Bdellovibrionaceae","OM27"
"KF786617.1.1415",153,30,0.173410404624277,3.08404157280836e-05,"Bacteria","Proteobacteria","Deltaproteobacteria","NB1-j","uncultured",NA
"KF786629.1.1356",82,33,0.190751445086705,1.87756813236809e-05,"Bacteria","Proteobacteria","Deltaproteobacteria","Bdellovibrionales","Bdellovibrionaceae","OM27"
"KF786635.1.1361",156,67,0.38728323699422,3.64414209303835e-05,"Bacteria","Proteobacteria","Deltaproteobacteria","Bdellovibrionales","Bdellovibrionaceae","OM27"
"KF786643.1.1392",75,35,0.202312138728324,1.970676801639e-05,"Bacteria","Bacteroidetes","Bacteroidetes",NA,NA,NA
"KF786659.1.1389",416,46,0.265895953757225,0.000101643251458636,"Bacteria","Proteobacteria","Gammaproteobacteria","Cellvibrionales","Spongiibacteraceae","BD1-7"
"KF786714.1.1409",563,74,0.427745664739884,0.000137091759565566,"Bacteria","Proteobacteria","Deltaproteobacteria","Bdellovibrionales","Bacteriovoracaceae","uncultured"
"KF786784.1.1376",84,35,0.202312138728324,2.2739704856179e-05,"Bacteria","Planctomycetes","Planctomycetacia","Planctomycetales","Planctomycetaceae","Blastopirellula"
"KF786788.1.1378",66,30,0.173410404624277,1.7901763377157e-05,"Bacteria","Proteobacteria","Deltaproteobacteria","Bradymonadales","uncultured",NA
"KF786801.1.1393",313,28,0.161849710982659,5.07917982214256e-05,"Bacteria","Proteobacteria","Gammaproteobacteria","KI89A",NA,NA
"KF786812.1.1407",101,29,0.167630057803468,2.35673881859999e-05,"Bacteria","Proteobacteria","Deltaproteobacteria","Bradymonadales","uncultured",NA
"KF786823.1.1391",103,39,0.225433526011561,2.27574687003987e-05,"Bacteria","Proteobacteria","Deltaproteobacteria","Myxococcales","Nannocystaceae","uncultured"
"KF786836.1.1390",135,72,0.416184971098266,3.2291514877566e-05,"Bacteria","Bacteroidetes","Sphingobacteriia","Sphingobacteriales","Saprospiraceae","uncultured"
"KF786841.1.1390",1246,78,0.450867052023121,0.000281227632238439,"Bacteria","Bacteroidetes","Flavobacteriia","Flavobacteriales","NS9",NA
"KF786843.1.1390",430,71,0.410404624277457,0.000116123345535162,"Bacteria","Bacteroidetes","Flavobacteriia","Flavobacteriales","NS9",NA
"KF786861.1.1397",510,77,0.445086705202312,0.000112142927458501,"Bacteria","Verrucomicrobia","Verrucomicrobiae","Verrucomicrobiales","Verrucomicrobiaceae","Roseibacillus"
"KF786887.1.1318",514,91,0.526011560693642,0.000118415596915014,"Bacteria","Proteobacteria","Alphaproteobacteria","Rhodobacterales","Rhodobacteraceae","uncultured"
"KF786896.1.1391",129,46,0.265895953757225,3.2297963872604e-05,"Bacteria","Bacteroidetes","Cytophagia","Cytophagales","Flammeovirgaceae","uncultured"
"KF786904.1.1403",58,28,0.161849710982659,1.35819519066875e-05,"Bacteria","Planctomycetes","Planctomycetacia","Planctomycetales","Planctomycetaceae","Planctomyces"
"KF786923.1.1415",613,62,0.358381502890173,0.000141269849273777,"Bacteria","Verrucomicrobia","Opitutae","Puniceicoccales","Puniceicoccaceae","Pelagicoccus"
"KF786935.1.1363",364,90,0.520231213872832,9.4949424254478e-05,"Bacteria","Planctomycetes","Phycisphaerae","Phycisphaerales","Phycisphaeraceae","CL500-3"
"KF786939.1.1392",114,41,0.236994219653179,2.43421743753247e-05,"Bacteria","Proteobacteria","Deltaproteobacteria","Myxococcales","Nannocystaceae","uncultured"
"KF786952.1.1362",284,57,0.329479768786127,6.37197014315771e-05,"Bacteria","Planctomycetes","Phycisphaerae","Phycisphaerales","Phycisphaeraceae","CL500-3"
"KF786954.1.1401",598,95,0.549132947976879,0.00014992186525059,"Bacteria","Proteobacteria","Deltaproteobacteria","Bradymonadales","uncultured",NA
"KF786968.1.1417",167,51,0.294797687861272,3.78226345430971e-05,"Bacteria","Proteobacteria","Deltaproteobacteria","Myxococcales","Eel-36e1D6","uncultured"
"KF786972.1.1372",169,50,0.289017341040462,3.65802164061498e-05,"Bacteria","Proteobacteria","Deltaproteobacteria","Bdellovibrionales","Bdellovibrionaceae","OM27"
"KF786998.1.1392",1582,85,0.491329479768786,0.000342191088813718,"Bacteria","Proteobacteria","Gammaproteobacteria","Cellvibrionales","Halieaceae","Parahaliea"
"KF787005.1.1379",836,77,0.445086705202312,0.000210176876220404,"Bacteria","Proteobacteria","JdFBHP3","uncultured",NA,NA
"KF787009.1.1385",57,20,0.115606936416185,1.29245308430789e-05,"Bacteria","Bacteroidetes","Cytophagia","Cytophagales","Flammeovirgaceae","Fabibacter"
"KF787027.1.1410",50,29,0.167630057803468,1.15633014994141e-05,"Bacteria","Proteobacteria","Deltaproteobacteria","NB1-j","uncultured",NA
"KF787028.1.1378",175,47,0.271676300578035,4.31717794524841e-05,"Bacteria","Proteobacteria","Deltaproteobacteria","Bradymonadales","uncultured",NA
"KF787038.1.1390",186,49,0.283236994219653,4.03524257404115e-05,"Bacteria","Bacteroidetes","Flavobacteriia","Flavobacteriales","Cryomorphaceae","Salinirepens"
"KF787043.1.1391",384,86,0.497109826589595,9.9663181441277e-05,"Bacteria","Bacteroidetes","Sphingobacteriia","Sphingobacteriales","Saprospiraceae","Aureispira"
"KF787046.1.1416",236,55,0.317919075144509,5.37836944220795e-05,"Bacteria","Proteobacteria","Deltaproteobacteria","NB1-j","uncultured",NA
"KF787058.1.1358",319,50,0.289017341040462,7.65054970213664e-05,"Bacteria","Proteobacteria","Deltaproteobacteria","Bdellovibrionales","Bdellovibrionaceae","OM27"
"KF787060.1.1401",382,67,0.38728323699422,8.95664263414491e-05,"Bacteria","Proteobacteria","Deltaproteobacteria","Bradymonadales","uncultured",NA
"KF787067.1.1433",91,38,0.219653179190751,2.20661881085863e-05,"Bacteria","Planctomycetes","BD7-11","uncultured",NA,NA
"KF798737.1.1464",100,59,0.341040462427746,2.77244263658621e-05,"Bacteria","Proteobacteria","Alphaproteobacteria","Rickettsiales","Rickettsiaceae","uncultured"
"KF798983.1.1462",89,21,0.121387283236994,2.62084275258882e-05,"Bacteria","Proteobacteria","Alphaproteobacteria","Rickettsiales","LWSR-14","uncultured"
"KF799041.1.1486",353,37,0.213872832369942,9.96204259329276e-05,"Bacteria","Bacteroidetes","Flavobacteriia","Flavobacteriales","Cryomorphaceae","uncultured"
"KF799136.1.1481",928,36,0.208092485549133,0.00034443290715074,"Bacteria","Bacteroidetes","Flavobacteriia","Flavobacteriales","Flavobacteriaceae","Ulvibacter"
"KF799265.1.1489",411,22,0.127167630057803,0.000125446139041546,"Bacteria","Actinobacteria","Actinobacteria","Micrococcales","Microbacteriaceae","ML602J-51"
"KF799269.1.1464",145,28,0.161849710982659,4.33097814720653e-05,"Bacteria","Proteobacteria","Alphaproteobacteria","Rhodospirillales","Rhodospirillaceae","uncultured"
"KF799327.1.1456",51,25,0.144508670520231,1.54252203726018e-05,"Bacteria","Cyanobacteria","Cyanobacteria","SubsectionI","FamilyI","Synechococcus"
"KF799380.1.1487",1459,53,0.30635838150289,0.000375176026996627,"Bacteria","Bacteroidetes","Cytophagia","Cytophagales","Flammeovirgaceae","uncultured"
"KF799938.1.1449",1656,59,0.341040462427746,0.000392070761140635,"Bacteria","Cyanobacteria","Cyanobacteria","SubsectionI","FamilyI","Prochlorococcus"
"KF859631.1.1490",84,29,0.167630057803468,2.0218489310352e-05,"Bacteria","Bacteroidetes","Flavobacteriia","Flavobacteriales","Flavobacteriaceae","Salegentibacter"
"KF900591.20407.21874",557,29,0.167630057803468,0.000122969098250655,"Archaea","Euryarchaeota","Thermoplasmata","Thermoplasmatales","Marine",NA
"KF900929.32589.34054",432,47,0.271676300578035,9.685762829109e-05,"Archaea","Euryarchaeota","Thermoplasmata","Thermoplasmatales","Marine",NA
"KF901022.32876.34346",4723,41,0.236994219653179,0.000986588913475587,"Archaea","Thaumarchaeota","Marine",NA,NA,NA
"KF906593.1.1483",113,23,0.132947976878613,3.69047572878879e-05,"Bacteria","Bacteroidetes","Flavobacteriia","Flavobacteriales","Flavobacteriaceae","Winogradskyella"
"KF906598.1.1517",3502,94,0.543352601156069,0.000765107277436102,"Bacteria","Bacteroidetes","Flavobacteriia","Flavobacteriales","Flavobacteriaceae","Mesonia"
"KF934475.1.1411",216,18,0.104046242774566,7.19397229628572e-05,"Bacteria","Proteobacteria","Gammaproteobacteria","Alteromonadales","Colwelliaceae","Colwellia"
"KF954236.1.1472",410,22,0.127167630057803,8.38139065716579e-05,"Archaea","Thaumarchaeota","Marine",NA,NA,NA
"KF954237.1.1262",86,22,0.127167630057803,1.77098515938593e-05,"Archaea","Thaumarchaeota","Marine",NA,NA,NA
"KF954238.1.1443",1207,33,0.190751445086705,0.000246332855410076,"Archaea","Thaumarchaeota","Marine",NA,NA,NA
"KF954245.1.1473",312,24,0.138728323699422,6.22651232246523e-05,"Archaea","Thaumarchaeota","Marine",NA,NA,NA
"KF954246.1.1443",59,20,0.115606936416185,1.19720058706425e-05,"Archaea","Thaumarchaeota","Marine",NA,NA,NA
"KF954247.1.1442",269,27,0.15606936416185,5.53131339305364e-05,"Archaea","Thaumarchaeota","Marine",NA,NA,NA
"KF954252.1.1443",187,36,0.208092485549133,3.76876711760414e-05,"Archaea","Thaumarchaeota","Marine",NA,NA,NA
"KF954253.1.1443",536,34,0.196531791907514,0.000113454612179482,"Archaea","Thaumarchaeota","Marine",NA,NA,NA
"KF954254.1.1442",113,28,0.161849710982659,2.2800811516801e-05,"Archaea","Thaumarchaeota","Marine",NA,NA,NA
"KF954256.1.936",93,27,0.15606936416185,1.90231495263576e-05,"Archaea","Thaumarchaeota","Marine",NA,NA,NA
"KF954259.1.1262",493,44,0.254335260115607,9.75959132889665e-05,"Archaea","Thaumarchaeota","Marine",NA,NA,NA
"KF954260.1.1444",314,32,0.184971098265896,7.0364207869789e-05,"Archaea","Thaumarchaeota","Marine",NA,NA,NA
"KF954261.1.1442",99,29,0.167630057803468,2.06201867904839e-05,"Archaea","Thaumarchaeota","Marine",NA,NA,NA
"KF954263.1.1441",220,28,0.161849710982659,4.53875944466827e-05,"Archaea","Thaumarchaeota","Marine",NA,NA,NA
"KF954264.1.1263",137,33,0.190751445086705,2.79241916289902e-05,"Archaea","Thaumarchaeota","Marine",NA,NA,NA
"KF954270.1.1439",18605,114,0.658959537572254,0.00385709815765552,"Archaea","Thaumarchaeota","Marine",NA,NA,NA
"KF954274.1.1439",61,23,0.132947976878613,1.35860580686146e-05,"Archaea","Thaumarchaeota","Marine",NA,NA,NA
"KF995197.1.1448",78,44,0.254335260115607,1.89174101739904e-05,"Bacteria","Proteobacteria","Gammaproteobacteria","Thiotrichales","uncultured","uncultured"
"KJ094107.1.1387",64,22,0.127167630057803,1.71557863887426e-05,"Bacteria","Bacteroidetes","Flavobacteriia","Flavobacteriales","Flavobacteriaceae","Bizionia"
"KJ094197.1.1387",266,36,0.208092485549133,9.18883258107462e-05,"Bacteria","Bacteroidetes","Flavobacteriia","Flavobacteriales","Flavobacteriaceae","Polaribacter"
"KJ159063.1.1419",93,23,0.132947976878613,1.9528955281499e-05,"Bacteria","Proteobacteria","Alphaproteobacteria","Rhodobacterales","Rhodobacteraceae","uncultured"
"KJ176765.1.1466",79,18,0.104046242774566,2.01034780431792e-05,"Bacteria","Verrucomicrobia","Opitutae","Puniceicoccales","Puniceicoccaceae","Coraliomargarita"
"KJ176828.1.1465",1463,67,0.38728323699422,0.000390636707852593,"Bacteria","Verrucomicrobia","Opitutae","Puniceicoccales","Puniceicoccaceae","marine"
"KJ176837.1.1439",515,81,0.468208092485549,0.000137626317855262,"Bacteria","Bacteroidetes","Flavobacteriia","Flavobacteriales","NS7",NA
"KJ365320.1.1414",2072,63,0.364161849710983,0.000523967671577707,"Bacteria","Proteobacteria","Alphaproteobacteria","Rickettsiales","SHWN-night2","uncultured"
"KJ365357.1.1476",674,80,0.46242774566474,0.000177302357466495,"Bacteria","Marinimicrobia",NA,NA,NA,NA
"KJ365360.1.1406",443,61,0.352601156069364,0.000105598008947775,"Bacteria","Proteobacteria","Alphaproteobacteria","Rickettsiales","SAR116",NA
"KJ475509.1.1443",147,25,0.144508670520231,2.97350726807513e-05,"Bacteria","Proteobacteria","Deltaproteobacteria","Myxococcales","Nannocystaceae","uncultured"
"KJ475511.1.1408",735,76,0.439306358381503,0.000167361637002949,"Bacteria","Proteobacteria","Alphaproteobacteria","Rhodobacterales","Rhodobacteraceae","Roseovarius"
"KJ475522.1.1470",108,27,0.15606936416185,2.57242085186075e-05,"Bacteria","Proteobacteria","Gammaproteobacteria","X35","uncultured",NA
"KJ548908.1.1441",454,33,0.190751445086705,8.94099302359944e-05,"Bacteria","Proteobacteria","Alphaproteobacteria","Rhodobacterales","Rhodobacteraceae","Paracoccus"
"KJ548918.1.1407",452,42,0.242774566473988,0.000131492060565124,"Bacteria","Proteobacteria","Gammaproteobacteria","Alteromonadales","Alteromonadaceae","Marinobacter"
"KJ548929.1.1451",115,30,0.173410404624277,2.62930749947263e-05,"Bacteria","Proteobacteria","Alphaproteobacteria","Sphingomonadales","Sphingomonadaceae","Sphingobium"
"KJ549303.1.916",50,20,0.115606936416185,1.03650953166139e-05,"Archaea","Euryarchaeota","Thermoplasmata","Thermoplasmatales","Marine",NA
"KJ549334.1.915",937,40,0.23121387283237,0.000201538948261249,"Archaea","Thaumarchaeota","Marine",NA,NA,NA
"KJ549363.1.915",153,28,0.161849710982659,3.33141825245236e-05,"Archaea","Thaumarchaeota","Marine",NA,NA,NA
"KJ549472.1.916",738,42,0.242774566473988,0.000152581171114056,"Archaea","Thaumarchaeota","Marine",NA,NA,NA
"KJ566258.1.1491",1274,38,0.219653179190751,0.000387791449641445,"Bacteria","Actinobacteria","Acidimicrobiia","Acidimicrobiales","Acidimicrobiaceae","Ilumatobacter"
"KJ566297.1.1448",129,42,0.242774566473988,3.62884132598002e-05,"Bacteria","Proteobacteria","Deltaproteobacteria","Bdellovibrionales","Bdellovibrionaceae","OM27"
"KJ589655.1.1440",83,36,0.208092485549133,2.13886120435541e-05,"Bacteria","Proteobacteria","Alphaproteobacteria","Rickettsiales","SAR116",NA
"KJ589657.1.1459",583,85,0.491329479768786,0.000143597961575199,"Bacteria","Proteobacteria","Alphaproteobacteria","Rickettsiales","S25-593","uncultured"
"KJ589662.1.1437",100,54,0.312138728323699,2.61844625707298e-05,"Bacteria","Cyanobacteria","Cyanobacteria","SubsectionI","FamilyI","Prochlorococcus"
"KJ589666.1.1436",1368,70,0.404624277456647,0.000366946181843978,"Bacteria","Cyanobacteria","Cyanobacteria","SubsectionI","FamilyI","Prochlorococcus"
"KJ589675.1.1436",77,44,0.254335260115607,1.93369995761277e-05,"Bacteria","Cyanobacteria","Cyanobacteria","SubsectionI","FamilyI","Prochlorococcus"
"KJ589676.1.1414",375,78,0.450867052023121,8.25919294926599e-05,"Bacteria","Proteobacteria","Alphaproteobacteria","Rhodobacterales","Rhodobacteraceae","uncultured"
"KJ589695.1.1429",72,45,0.260115606936416,1.90602567600158e-05,"Bacteria","Cyanobacteria","Cyanobacteria","SubsectionI","FamilyI","Prochlorococcus"
"KJ589697.1.1445",1045,84,0.485549132947977,0.000293059418608196,"Bacteria","Proteobacteria","Alphaproteobacteria","Rickettsiales","S25-593","uncultured"
"KJ589701.1.1440",810,55,0.317919075144509,0.000215254290485719,"Bacteria","Cyanobacteria","Cyanobacteria","SubsectionI","FamilyI","Synechococcus"
"KJ589707.1.1436",128,48,0.277456647398844,3.53699474080784e-05,"Bacteria","Cyanobacteria","Cyanobacteria","SubsectionI","FamilyI","Prochlorococcus"
"KJ589708.1.1441",1092,96,0.554913294797688,0.000285740735527779,"Bacteria","Proteobacteria","Alphaproteobacteria","Rickettsiales","S25-593","uncultured"
"KJ589710.1.1502",441,72,0.416184971098266,0.000109185543978221,"Bacteria","Marinimicrobia",NA,NA,NA,NA
"KJ589744.1.1454",827,72,0.416184971098266,0.000176287589363186,"Bacteria","Cyanobacteria","Cyanobacteria","SubsectionI","FamilyI","Prochlorococcus"
"KJ589746.1.1476",14793,106,0.61271676300578,0.00320528987707997,"Bacteria","Cyanobacteria","Cyanobacteria","SubsectionI","FamilyI","Prochlorococcus"
"KJ589749.1.1436",461,64,0.369942196531792,9.86209217951168e-05,"Bacteria","Cyanobacteria","Cyanobacteria","SubsectionI","FamilyI","Prochlorococcus"
"KJ589750.1.1256",242,48,0.277456647398844,5.15836846721638e-05,"Bacteria","Cyanobacteria","Cyanobacteria","SubsectionI","FamilyI","Prochlorococcus"
"KJ589751.1.1419",140,39,0.225433526011561,3.21776040008605e-05,"Bacteria","Cyanobacteria","Cyanobacteria","SubsectionI","FamilyI","Prochlorococcus"
"KJ589753.1.1429",1170,113,0.653179190751445,0.000247567334579246,"Bacteria","Proteobacteria","Alphaproteobacteria","SAR11",NA,NA
"KJ589761.1.1488",78,34,0.196531791907514,1.9228884568344e-05,"Bacteria","Proteobacteria","Deltaproteobacteria","Bradymonadales","uncultured",NA
"KJ589762.1.1560",1895,135,0.780346820809249,0.000457944676657684,"Bacteria","Proteobacteria","Alphaproteobacteria","SAR11",NA,NA
"KJ589763.1.1439",1659,74,0.427745664739884,0.000376474486855072,"Bacteria","Cyanobacteria","Cyanobacteria","SubsectionI","FamilyI","Prochlorococcus"
"KJ589773.1.1500",138,37,0.213872832369942,3.46144389771862e-05,"Bacteria","Proteobacteria","Gammaproteobacteria","Alteromonadales","Alteromonadaceae","Alteromonas"
"KJ589778.1.1486",214,66,0.38150289017341,4.44983782902224e-05,"Bacteria","Proteobacteria","Alphaproteobacteria","SAR11",NA,NA
"KJ589793.1.1447",797,66,0.38150289017341,0.000173466256474151,"Bacteria","Cyanobacteria","Chloroplast","uncultured",NA,NA
"KJ589796.1.1574",983,56,0.323699421965318,0.000210779287587658,"Bacteria","Cyanobacteria","Chloroplast","uncultured",NA,NA
"KJ589804.1.1479",104,25,0.144508670520231,2.68388312910209e-05,"Bacteria","Proteobacteria","Gammaproteobacteria","Alteromonadales","Alteromonadaceae","Alteromonas"
"KJ589816.1.1479",116,27,0.15606936416185,2.99276580706353e-05,"Bacteria","Proteobacteria","Gammaproteobacteria","Alteromonadales","Alteromonadaceae","Alteromonas"
"KJ589824.1.1466",6399,95,0.549132947976879,0.00145251750407673,"Bacteria","Proteobacteria","Alphaproteobacteria","SAR11",NA,NA
"KJ589825.1.1455",183,35,0.202312138728324,4.03355167379536e-05,"Bacteria","Proteobacteria","Alphaproteobacteria","Rhodospirillales","Rhodospirillaceae","uncultured"
"KJ589828.1.1483",504,50,0.289017341040462,0.000107376572655523,"Bacteria","Marinimicrobia",NA,NA,NA,NA
"KJ589837.1.1488",119,25,0.144508670520231,2.57857034426328e-05,"Bacteria","Chloroflexi","SAR202",NA,NA,NA
"KJ589838.1.1433",3999,160,0.92485549132948,0.000875364112639346,"Bacteria","Proteobacteria","Alphaproteobacteria","SAR11",NA,NA
"KJ589841.1.1493",203,26,0.15028901734104,4.21158307560687e-05,"Bacteria","Proteobacteria","Gammaproteobacteria","E01-9C-26",NA,NA
"KJ589842.1.1316",516,77,0.445086705202312,0.000113468663307319,"Bacteria","Proteobacteria","Alphaproteobacteria","Rickettsiales","SAR116",NA
"KJ589845.1.1425",16823,101,0.583815028901734,0.00364532199873536,"Bacteria","Cyanobacteria","Cyanobacteria","SubsectionI","FamilyI","Prochlorococcus"
"KJ589846.1.1434",589,62,0.358381502890173,0.000133582236719308,"Bacteria","Cyanobacteria","Cyanobacteria","SubsectionI","FamilyI","Prochlorococcus"
"KJ589849.1.1438",9313,67,0.38728323699422,0.00213369035913721,"Bacteria","Cyanobacteria","Cyanobacteria","SubsectionI","FamilyI","Prochlorococcus"
"KJ589852.1.1429",3167,136,0.786127167630058,0.000704487372143039,"Bacteria","Proteobacteria","Alphaproteobacteria","SAR11",NA,NA
"KJ589857.1.1446",1085,90,0.520231213872832,0.000242087232811062,"Bacteria","Proteobacteria","Alphaproteobacteria","Rhodospirillales","Rhodospirillaceae","OM75"
"KJ589859.1.1447",1435,90,0.520231213872832,0.000370544737560499,"Bacteria","Proteobacteria","Alphaproteobacteria","Rickettsiales","S25-593","uncultured"
"KJ589861.1.1441",79,23,0.132947976878613,1.71274137378519e-05,"Bacteria","Cyanobacteria","Cyanobacteria","SubsectionI","FamilyI","Prochlorococcus"
"KJ589871.1.1509",1850,36,0.208092485549133,0.000489432812549054,"Bacteria","Marinimicrobia",NA,NA,NA,NA
"KJ589873.1.1455",2152,79,0.456647398843931,0.000408816959932986,"Bacteria","Proteobacteria","Deltaproteobacteria","SAR324",NA,NA
"KJ589878.1.1468",339,30,0.173410404624277,7.90017948690993e-05,"Bacteria","Proteobacteria","Alphaproteobacteria","Rhodospirillales","Rhodospirillaceae","uncultured"
"KJ589882.1.1427",127,24,0.138728323699422,3.07331654332349e-05,"Bacteria","Proteobacteria","Alphaproteobacteria","SAR11",NA,NA
"KJ589883.1.1539",478,52,0.300578034682081,0.000116575706247837,"Bacteria","Proteobacteria","Alphaproteobacteria","SAR11",NA,NA
"KJ589885.1.1495",161,18,0.104046242774566,4.11214842726481e-05,"Bacteria","Acidobacteria","Subgroup",NA,NA,NA
"KJ589886.1.1315",1388,38,0.219653179190751,0.000302952148455898,"Bacteria","Proteobacteria","Alphaproteobacteria","SAR11",NA,NA
"KJ589888.1.1430",3416,108,0.624277456647399,0.000769564774538329,"Bacteria","Proteobacteria","Alphaproteobacteria","SAR11",NA,NA
"KJ589892.1.1427",84,42,0.242774566473988,1.77857351981167e-05,"Bacteria","Proteobacteria","Alphaproteobacteria","SAR11",NA,NA
"KJ589894.1.1424",1956,82,0.473988439306358,0.000422250535205633,"Bacteria","Proteobacteria","Alphaproteobacteria","SAR11",NA,NA
"KJ589896.1.1506",370,36,0.208092485549133,7.64977994111303e-05,"Bacteria","Acidobacteria","Subgroup",NA,NA,NA
"KJ589907.1.1276",88,23,0.132947976878613,1.68609814027171e-05,"Bacteria","Planctomycetes","OM190","uncultured",NA,NA
"KJ589921.1.1438",1664,81,0.468208092485549,0.000378648093900482,"Bacteria","Proteobacteria","Deltaproteobacteria","SAR324",NA,NA
"KJ589926.1.1512",660,23,0.132947976878613,0.000134551529760148,"Bacteria","Proteobacteria","Gammaproteobacteria","Salinisphaerales","Salinisphaeraceae","ZD0417"
"KJ589927.1.1424",1863,23,0.132947976878613,0.000483290680276448,"Bacteria","Proteobacteria","Alphaproteobacteria","SAR11",NA,NA
"KJ589929.1.1534",188,28,0.161849710982659,3.79671371524545e-05,"Bacteria","Proteobacteria","Gammaproteobacteria","Alteromonadales","Alteromonadaceae","Alteromonas"
"KJ589932.1.1480",424,35,0.202312138728324,8.13767371956339e-05,"Bacteria","Proteobacteria","Gammaproteobacteria","Oceanospirillales","Oceanospirillaceae","Oleibacter"
"KJ589945.1.1504",2081,34,0.196531791907514,0.000477591634362992,"Bacteria","Marinimicrobia",NA,NA,NA,NA
"KJ589957.1.1453",65,25,0.144508670520231,1.45387580333819e-05,"Bacteria","Proteobacteria","Alphaproteobacteria","Rhodospirillales","Rhodospirillaceae","uncultured"
"KJ589966.1.1503",405,27,0.15606936416185,8.06195214106402e-05,"Bacteria","Proteobacteria","Gammaproteobacteria","E01-9C-26",NA,NA
"KJ589967.1.1431",498,23,0.132947976878613,0.000117474723838887,"Bacteria","Proteobacteria","Alphaproteobacteria","Rhodospirillales","AT-s3-44","uncultured"
"KJ589968.1.1458",96,27,0.15606936416185,1.89627599065801e-05,"Bacteria","Proteobacteria","Deltaproteobacteria","SAR324",NA,NA
"KJ589970.1.1296",915,89,0.514450867052023,0.000201405410059351,"Bacteria","Proteobacteria","Alphaproteobacteria","SAR11",NA,NA
"KJ589972.1.1484",247,59,0.341040462427746,6.28331838013521e-05,"Bacteria","Proteobacteria","Gammaproteobacteria","Alteromonadales","Alteromonadaceae","Alteromonas"
"KJ589979.1.1237",100,31,0.179190751445087,2.47472066059338e-05,"Bacteria","Proteobacteria","Gammaproteobacteria","Oceanospirillales","Oceanospirillaceae","Oleibacter"
"KJ589995.1.1532",118,44,0.254335260115607,2.50970121214578e-05,"Bacteria","Proteobacteria","Alphaproteobacteria","SAR11",NA,NA
"KJ590026.1.1422",243,33,0.190751445086705,5.12739284251359e-05,"Bacteria","Proteobacteria","Alphaproteobacteria","SAR11",NA,NA
"KJ590553.1.1518",320,68,0.393063583815029,7.34777375166098e-05,"Bacteria","PAUC34f","uncultured",NA,NA,NA
"KJ590621.1.1482",222,37,0.213872832369942,6.10685971563998e-05,"Bacteria","Bacteroidetes","Flavobacteriia","Flavobacteriales","Cryomorphaceae","uncultured"
"KJ590655.1.1451",63,21,0.121387283236994,1.55513144772998e-05,"Bacteria","Proteobacteria","Alphaproteobacteria","Alphaproteobacteria",NA,NA
"KJ590661.1.1500",202,23,0.132947976878613,5.42181030805768e-05,"Bacteria","Proteobacteria","Gammaproteobacteria","Thiotrichales","Piscirickettsiaceae","Methylophaga"
"KJ591595.1.1476",65,21,0.121387283236994,1.40444687813895e-05,"Bacteria","Proteobacteria","Alphaproteobacteria","Magnetococcales","Magnetococcaceae","Magnetococcus"
"KJ608304.1.906",151,47,0.271676300578035,3.67864172509661e-05,"Archaea","Euryarchaeota","Thermoplasmata","Thermoplasmatales","Marine",NA
"KJ608311.1.902",615,94,0.543352601156069,0.000135725230330612,"Archaea","Euryarchaeota","Thermoplasmata","Thermoplasmatales","Marine",NA
"KJ608347.1.959",174,48,0.277456647398844,4.96014154166524e-05,"Archaea","Euryarchaeota","Thermoplasmata","Thermoplasmatales","Marine",NA
"KJ620984.1.1445",193,36,0.208092485549133,4.02991059574298e-05,"Bacteria","Proteobacteria","Alphaproteobacteria","Rhizobiales","Aurantimonadaceae","Aurantimonas"
"KJ685394.1.1466",89,40,0.23121387283237,2.17202804843935e-05,"Bacteria","Proteobacteria","Deltaproteobacteria","Oligoflexales","Oligoflexaceae","Pseudobacteriovorax"
"KJ746598.377.1887",772,29,0.167630057803468,0.000149949126774184,"Bacteria","Cyanobacteria","Chloroplast","Prasinoderma",NA,NA
"KJ746601.174.1661",143,35,0.202312138728324,3.8322714840123e-05,"Bacteria","Cyanobacteria","Chloroplast","Prasinophyceae",NA,NA
"KJ752776.1.1445",181,19,0.109826589595376,3.80730068942129e-05,"Bacteria","Bacteroidetes","Flavobacteriia","Flavobacteriales","Cryomorphaceae","uncultured"
"KJ754674.1.1370",372,69,0.398843930635838,8.84453076777983e-05,"Bacteria","Bacteroidetes","Flavobacteriia","Flavobacteriales","Cryomorphaceae","Owenweeksia"
"KJ757044.1.1801",127,44,0.254335260115607,3.01267475412225e-05,"Eukaryota","SAR","Alveolata","Dinoflagellata","Dinophyceae","Peridiniphycidae"
"KJ757055.1.1798",62,27,0.15606936416185,1.47323230328526e-05,"Eukaryota","SAR","Alveolata","Protalveolata","Syndiniales","Syndiniales"
"KJ757061.1.1806",120,26,0.15028901734104,2.37076896798262e-05,"Eukaryota","SAR","Rhizaria","Retaria","Polycystinea","Nassellaria"
"KJ757065.1.1799",84,28,0.161849710982659,1.85979287982166e-05,"Eukaryota","SAR","Alveolata","Protalveolata","Syndiniales","Amoebophrya"
"KJ757067.1.1792",139,33,0.190751445086705,3.39211448338257e-05,"Eukaryota","SAR","Alveolata","Protalveolata","Syndiniales","Syndiniales"
"KJ757072.1.1797",483,22,0.127167630057803,0.00010487845877415,"Eukaryota","SAR","Alveolata","Protalveolata","Syndiniales","uncultured"
"KJ757077.1.1786",247,20,0.115606936416185,5.22579995580445e-05,"Eukaryota","SAR","Rhizaria","Retaria","Acantharia","Acantharea"
"KJ757089.1.1799",122,25,0.144508670520231,2.78043886694114e-05,"Eukaryota","SAR","Rhizaria","Retaria","RAD",NA
"KJ757111.1.1792",79,28,0.161849710982659,1.66829129158961e-05,"Eukaryota","SAR","Alveolata","Protalveolata","Syndiniales","Syndiniales"
"KJ757130.1.1808",1451,26,0.15028901734104,0.000323486935395209,"Eukaryota","SAR","Rhizaria","Retaria","Polycystinea","Spumellaria"
"KJ757145.1.1797",144,37,0.213872832369942,2.80021015334873e-05,"Eukaryota","SAR","Alveolata","Protalveolata","Syndiniales","Syndiniales"
"KJ757149.1.1798",87,30,0.173410404624277,2.31544348750303e-05,"Eukaryota","SAR","Alveolata","Dinoflagellata","Dinophyceae","Gymnodiniphycidae"
"KJ757178.1.1803",189,52,0.300578034682081,4.5872106408243e-05,"Eukaryota","SAR","Alveolata","Protalveolata","Syndiniales","Syndiniales"
"KJ757195.1.1804",347,37,0.213872832369942,7.24182715585621e-05,"Eukaryota","SAR","Alveolata","Protalveolata","Syndiniales","Syndiniales"
"KJ757199.1.1801",142,49,0.283236994219653,3.22279448169169e-05,"Eukaryota","SAR","Alveolata","Protalveolata","Syndiniales","Syndiniales"
"KJ757215.1.1802",67,22,0.127167630057803,1.4610978906733e-05,"Eukaryota","SAR","Alveolata","Protalveolata","Syndiniales","Syndiniales"
"KJ757221.1.1747",55,20,0.115606936416185,1.36916614134567e-05,"Eukaryota","SAR","Alveolata","Ciliophora","Intramacronucleata","Spirotrichea"
"KJ757230.1.1805",76,21,0.121387283236994,1.6656043329289e-05,"Eukaryota","SAR","Rhizaria","Retaria","RAD",NA
"KJ757278.1.1795",61,20,0.115606936416185,1.17827086619469e-05,"Eukaryota","SAR","Alveolata","Protalveolata","Syndiniales","Syndiniales"
"KJ757279.1.1802",247,38,0.219653179190751,5.08803960822546e-05,"Eukaryota","SAR","Rhizaria","Retaria","RAD",NA
"KJ757308.1.2055",72,37,0.213872832369942,1.52543736738674e-05,"Eukaryota","Excavata","Discoba","Discicristata","Euglenozoa","Diplonemea"
"KJ757312.1.1791",155,52,0.300578034682081,4.87098223050638e-05,"Eukaryota","SAR","Alveolata","Protalveolata","Syndiniales","Syndiniales"
"KJ757336.1.1795",358,21,0.121387283236994,7.01726950555733e-05,"Eukaryota","SAR","Alveolata","Protalveolata","Syndiniales","uncultured"
"KJ757337.1.1789",87,31,0.179190751445087,1.93234277620911e-05,"Eukaryota","SAR","Alveolata","Protalveolata","Syndiniales","Syndiniales"
"KJ757345.1.1802",107,18,0.104046242774566,2.13058179081174e-05,"Eukaryota","SAR","Alveolata","Protalveolata","Syndiniales","Syndiniales"
"KJ757358.1.1798",57,27,0.15606936416185,1.20763622265237e-05,"Eukaryota","SAR","Alveolata","Protalveolata","Syndiniales","Syndiniales"
"KJ757367.1.1801",59,37,0.213872832369942,1.43821987053086e-05,"Eukaryota","Centrohelida","uncultured",NA,NA,NA
"KJ757373.1.1804",54,25,0.144508670520231,1.2598140133252e-05,"Eukaryota","SAR","Alveolata","Protalveolata","Syndiniales","uncultured"
"KJ757374.1.1796",81,22,0.127167630057803,1.72377573987578e-05,"Eukaryota","SAR","Alveolata","Protalveolata","Syndiniales","Syndiniales"
"KJ757375.1.1767",1404,59,0.341040462427746,0.000365686311929684,"Eukaryota","SAR","Alveolata","Ciliophora","Intramacronucleata","Spirotrichea"
"KJ757378.1.1803",102,29,0.167630057803468,2.22112253586139e-05,"Eukaryota","SAR","Rhizaria","Retaria","RAD",NA
"KJ757407.1.1798",64,19,0.109826589595376,1.29263929181406e-05,"Eukaryota","SAR","Alveolata","Protalveolata","Syndiniales","Syndiniales"
"KJ757417.1.1776",633,20,0.115606936416185,0.000129256948766764,"Eukaryota","SAR","Rhizaria","Retaria","Acantharia","Acantharea"
"KJ757437.1.1802",118,35,0.202312138728324,2.69691712033776e-05,"Eukaryota","SAR","Rhizaria","Retaria","RAD",NA
"KJ757441.1.1801",253,52,0.300578034682081,6.46611779969516e-05,"Eukaryota","SAR","Alveolata","Dinoflagellata","Dinophyceae","Gymnodiniphycidae"
"KJ757445.1.1806",522,64,0.369942196531792,0.000123954150319957,"Eukaryota","SAR","Alveolata","Protalveolata","Syndiniales","Syndiniales"
"KJ757457.1.1800",185,68,0.393063583815029,4.85468397536624e-05,"Eukaryota","SAR","Alveolata","Protalveolata","Syndiniales","Syndiniales"
"KJ757461.1.1796",56,27,0.15606936416185,1.64721467034685e-05,"Eukaryota","SAR","Alveolata","Dinoflagellata","Dinophyceae","B36"
"KJ757468.1.1794",117,21,0.121387283236994,3.04858242417001e-05,"Eukaryota","SAR","Rhizaria","Retaria","RAD",NA
"KJ757488.1.1800",171,36,0.208092485549133,3.64888349185817e-05,"Eukaryota","SAR","Alveolata","Protalveolata","Syndiniales","Syndiniales"
"KJ757489.1.1795",53,33,0.190751445086705,1.187477095402e-05,"Eukaryota","SAR","Alveolata","Protalveolata","Syndiniales","Syndiniales"
"KJ757501.1.1800",93,51,0.294797687861272,2.20354170216214e-05,"Eukaryota","SAR","Alveolata","Dinoflagellata","Dinophyceae","Gymnodiniphycidae"
"KJ757504.1.1801",61,22,0.127167630057803,1.31460304288272e-05,"Eukaryota","SAR","Alveolata","Protalveolata","Syndiniales","Syndiniales"
"KJ757508.1.2066",65,23,0.132947976878613,1.42343223334453e-05,"Eukaryota","Excavata","Discoba","Discicristata","Euglenozoa","Diplonemea"
"KJ757547.1.1795",308,73,0.421965317919075,8.45236182976361e-05,"Eukaryota","SAR","Alveolata","Dinoflagellata","Dinophyceae","Gymnodiniphycidae"
"KJ757562.1.1782",88,42,0.242774566473988,2.33605666142354e-05,"Eukaryota","SAR","Alveolata","Ciliophora","Intramacronucleata","Spirotrichea"
"KJ757595.1.1794",61,28,0.161849710982659,1.58256319627878e-05,"Eukaryota","SAR","Alveolata","Protalveolata","Syndiniales","Syndiniales"
"KJ757604.1.1799",55,18,0.104046242774566,1.23195380757428e-05,"Eukaryota","SAR","Rhizaria","Retaria","RAD",NA
"KJ757615.1.1807",58,18,0.104046242774566,1.29638603545352e-05,"Eukaryota","SAR","Alveolata","Protalveolata","Syndiniales","Syndiniales"
"KJ757616.1.1803",105,22,0.127167630057803,2.18805765973481e-05,"Eukaryota","SAR","Alveolata","Protalveolata","Syndiniales","Syndiniales"
"KJ757618.1.1784",81,26,0.15028901734104,2.4735951183795e-05,"Eukaryota","SAR","Alveolata","Ciliophora","Intramacronucleata","Spirotrichea"
"KJ757619.1.2061",80,28,0.161849710982659,1.86908018201484e-05,"Eukaryota","Excavata","Discoba","Discicristata","Euglenozoa","Diplonemea"
"KJ757622.1.1799",53,20,0.115606936416185,1.15319321044819e-05,"Eukaryota","SAR","Rhizaria","Retaria","RAD",NA
"KJ757626.1.1797",89,59,0.341040462427746,2.21540649426038e-05,"Eukaryota","SAR","Alveolata","Protalveolata","Syndiniales","Amoebophrya"
"KJ757629.1.1796",165,65,0.375722543352601,4.57126478516294e-05,"Eukaryota","SAR","Alveolata","Protalveolata","Syndiniales","Syndiniales"
"KJ757641.1.1803",259,31,0.179190751445087,6.31903756034063e-05,"Eukaryota","Excavata","Discoba","Jakobida","uncultured",NA
"KJ757643.1.1805",101,39,0.225433526011561,2.4198474617122e-05,"Eukaryota","SAR","Stramenopiles","MAST-8","uncultured",NA
"KJ757664.1.1798",75,28,0.161849710982659,1.56930444371155e-05,"Eukaryota","SAR","Alveolata","Protalveolata","Syndiniales","Syndiniales"
"KJ757665.1.1789",56,23,0.132947976878613,1.22738480981476e-05,"Eukaryota","SAR","Alveolata","Protalveolata","Syndiniales","Duboscquella"
"KJ757676.1.1800",150,25,0.144508670520231,3.14447323399282e-05,"Eukaryota","SAR","Alveolata","Protalveolata","Syndiniales","Syndiniales"
"KJ757677.1.1825",399,32,0.184971098265896,7.74701820664956e-05,"Eukaryota","SAR","Rhizaria","Retaria","Polycystinea","Spumellaria"
"KJ757684.1.2043",72,33,0.190751445086705,1.57203831232922e-05,"Eukaryota","Excavata","Discoba","Discicristata","Euglenozoa","Diplonemea"
"KJ757685.1.1775",283,23,0.132947976878613,5.64736070829512e-05,"Eukaryota","SAR","Rhizaria","Retaria","Acantharia","Acantharea"
"KJ757689.1.1787",94,42,0.242774566473988,2.23441210896718e-05,"Eukaryota","SAR","Alveolata","Protalveolata","Syndiniales","Syndiniales"
"KJ757690.1.1807",389,32,0.184971098265896,8.52812271355701e-05,"Eukaryota","SAR","Rhizaria","Retaria","Polycystinea","Spumellaria"
"KJ757695.1.1799",161,40,0.23121387283237,3.88450572172819e-05,"Eukaryota","SAR","Alveolata","Protalveolata","Syndiniales","Syndiniales"
"KJ757698.1.1802",114,20,0.115606936416185,2.23950541927413e-05,"Eukaryota","SAR","Rhizaria","Retaria","RAD",NA
"KJ757709.1.1780",210,25,0.144508670520231,4.15825067327701e-05,"Eukaryota","SAR","Rhizaria","Retaria","Acantharia","Acantharea"
"KJ757714.1.1799",55,20,0.115606936416185,1.24024419367803e-05,"Eukaryota","SAR","Rhizaria","Retaria","RAD",NA
"KJ757729.1.1804",180,45,0.260115606936416,4.0746554646374e-05,"Eukaryota","SAR","Rhizaria","Retaria","RAD",NA
"KJ757730.1.2063",414,41,0.236994219653179,9.37248944991567e-05,"Eukaryota","Excavata","Discoba","Discicristata","Euglenozoa","Diplonemea"
"KJ757731.1.1779",73,21,0.121387283236994,1.61871238773167e-05,"Eukaryota","SAR","Rhizaria","Retaria","Acantharia","Acantharea"
"KJ757734.1.1799",184,41,0.236994219653179,3.99101045053265e-05,"Eukaryota","SAR","Rhizaria","Retaria","RAD",NA
"KJ757742.1.1597",632,52,0.300578034682081,0.000166362901750633,"Eukaryota","SAR","Alveolata","Ciliophora","Intramacronucleata","Litostomatea"
"KJ757749.1.1802",51,28,0.161849710982659,1.60281173771409e-05,"Eukaryota","SAR","Alveolata","FV18-2D11","uncultured",NA
"KJ757941.1.1794",69,18,0.104046242774566,2.31069028239584e-05,"Eukaryota","SAR","Alveolata","Protalveolata","Syndiniales","uncultured"
"KJ757953.1.1800",116,43,0.248554913294798,3.16758463787073e-05,"Eukaryota","SAR","Alveolata","Dinoflagellata","Dinophyceae","B7"
"KJ757962.1.1799",85,51,0.294797687861272,2.14492973898622e-05,"Eukaryota","SAR","Alveolata","Protalveolata","Syndiniales","Syndiniales"
"KJ757985.1.1803",55,23,0.132947976878613,1.56307279131656e-05,"Eukaryota","SAR","Alveolata","Dinoflagellata","Dinophyceae","Incertae"
"KJ758005.1.1792",138,30,0.173410404624277,3.93221653093952e-05,"Eukaryota","SAR","Alveolata","Ciliophora","Intramacronucleata","Spirotrichea"
"KJ758085.1.1791",68,22,0.127167630057803,1.71342930563041e-05,"Eukaryota","Incertae",NA,NA,NA,NA
"KJ758101.1.1793",68,26,0.15028901734104,1.86221469752302e-05,"Eukaryota","SAR","Alveolata","Dinoflagellata","Dinophyceae","Gymnodiniphycidae"
"KJ758134.1.1782",61,22,0.127167630057803,1.72173368378272e-05,"Eukaryota","SAR","Alveolata","NIF-4C10","uncultured",NA
"KJ758208.1.1799",55,28,0.161849710982659,1.59149967142379e-05,"Eukaryota","SAR","Alveolata","Dinoflagellata","Dinophyceae","Gymnodiniphycidae"
"KJ758244.1.1799",58,23,0.132947976878613,1.47220002718699e-05,"Eukaryota","SAR","Alveolata","Dinoflagellata","Dinophyceae","Gymnodiniphycidae"
"KJ758310.1.1802",111,44,0.254335260115607,3.03575160882149e-05,"Eukaryota","SAR","Alveolata","Protalveolata","Syndiniales","Amoebophrya"
"KJ758317.1.1799",253,61,0.352601156069364,8.09014012424233e-05,"Eukaryota","SAR","Alveolata","Protalveolata","Syndiniales","Syndiniales"
"KJ758380.1.1780",231,26,0.15028901734104,5.97662246347005e-05,"Eukaryota","SAR","Alveolata","Dinoflagellata","Dinophyceae","Gymnodiniphycidae"
"KJ758507.1.1775",135,21,0.121387283236994,3.62247410769771e-05,"Eukaryota","SAR","Alveolata","Ciliophora","Intramacronucleata","Spirotrichea"
"KJ758508.1.1789",220,27,0.15606936416185,6.14350954535985e-05,"Eukaryota","SAR","Stramenopiles","MAST-1","MAST-1C","uncultured"
"KJ758516.1.1789",84,45,0.260115606936416,2.25417783863999e-05,"Eukaryota","SAR","Alveolata","Protalveolata","Syndiniales","Syndiniales"
"KJ758519.1.1801",105,24,0.138728323699422,2.18377414554301e-05,"Eukaryota","SAR","Rhizaria","Retaria","RAD",NA
"KJ758522.1.1796",85,23,0.132947976878613,2.00578889733569e-05,"Eukaryota","SAR","Alveolata","Dinoflagellata","Dinophyceae","Gymnodiniphycidae"
"KJ758537.1.1813",181,53,0.30635838150289,4.21084823045209e-05,"Eukaryota","Haptophyta","Pavlovophyceae","AA5F1","uncultured",NA
"KJ758548.1.1797",200,32,0.184971098265896,4.21732053519935e-05,"Eukaryota","SAR","Alveolata","Protalveolata","Syndiniales","Syndiniales"
"KJ758591.1.1801",65,35,0.202312138728324,1.75477889729386e-05,"Eukaryota","SAR","Alveolata","Protalveolata","Syndiniales","Syndiniales"
"KJ758646.1.1799",224,53,0.30635838150289,4.99859943239296e-05,"Eukaryota","SAR","Rhizaria","Retaria","RAD",NA
"KJ758675.1.1792",60,32,0.184971098265896,1.47178253048007e-05,"Eukaryota","SAR","Alveolata","Protalveolata","Syndiniales","Syndiniales"
"KJ758731.1.1801",90,44,0.254335260115607,1.98948382069412e-05,"Eukaryota","SAR","Alveolata","Protalveolata","Syndiniales","Syndiniales"
"KJ758741.1.1802",188,45,0.260115606936416,5.32676291673722e-05,"Eukaryota","SAR","Alveolata","Protalveolata","Syndiniales","Syndiniales"
"KJ758825.1.1776",169,24,0.138728323699422,4.03262226528864e-05,"Eukaryota","SAR","Rhizaria","Retaria","Acantharia","Acantharea"
"KJ758831.1.1790",490,75,0.433526011560694,0.000130590468922883,"Eukaryota","Incertae",NA,NA,NA,NA
"KJ758857.1.1794",89,40,0.23121387283237,2.00944533147783e-05,"Eukaryota","SAR","Rhizaria","Retaria","RAD",NA
"KJ758913.1.1823",55,29,0.167630057803468,1.2137925561043e-05,"Eukaryota","SAR","Stramenopiles","Labyrinthulomycetes","AI5F15RM1E10","uncultured"
"KJ758919.1.1802",98,38,0.219653179190751,2.88888651452e-05,"Eukaryota","SAR","Alveolata","Protalveolata","Syndiniales","Syndiniales"
"KJ758938.1.1800",163,60,0.346820809248555,4.31599682192342e-05,"Eukaryota","SAR","Alveolata","Protalveolata","Syndiniales","Amoebophrya"
"KJ758948.1.1786",62,24,0.138728323699422,1.5450041897686e-05,"Eukaryota","SAR","Alveolata","Protalveolata","Syndiniales","Syndiniales"
"KJ758963.1.1797",110,23,0.132947976878613,2.17031623153842e-05,"Eukaryota","Opisthokonta","Holozoa","Metazoa",NA,NA
"KJ758971.1.1800",56,27,0.15606936416185,1.2637998511042e-05,"Eukaryota","SAR","Alveolata","Protalveolata","Syndiniales","Syndiniales"
"KJ759032.1.1799",95,27,0.15606936416185,1.92134798914051e-05,"Eukaryota","SAR","Alveolata","Protalveolata","Syndiniales","Syndiniales"
"KJ759041.1.1796",135,69,0.398843930635838,3.33239246910934e-05,"Eukaryota","SAR","Alveolata","Protalveolata","Syndiniales","Amoebophrya"
"KJ759045.1.1800",212,19,0.109826589595376,6.77806967167799e-05,"Eukaryota","SAR","Alveolata","Protalveolata","Syndiniales","uncultured"
"KJ759187.1.1752",1904,55,0.317919075144509,0.000497374789247492,"Eukaryota","SAR","Alveolata","Ciliophora","Intramacronucleata","Spirotrichea"
"KJ759195.1.1797",193,30,0.173410404624277,5.13953924158424e-05,"Eukaryota","SAR","Stramenopiles","MAST-1","MAST-1C","uncultured"
"KJ759259.1.1623",252,28,0.161849710982659,6.47286790057392e-05,"Eukaryota","SAR","Alveolata","Ciliophora","Intramacronucleata","Litostomatea"
"KJ759269.1.1802",95,41,0.236994219653179,2.22329768706873e-05,"Eukaryota","SAR","Alveolata","Dinoflagellata","Dinophyceae","SGYI905"
"KJ759272.1.1797",59,33,0.190751445086705,1.45082630686165e-05,"Eukaryota","SAR","Alveolata","Protalveolata","Syndiniales","Syndiniales"
"KJ759275.1.1806",158,58,0.335260115606936,3.8229891362637e-05,"Eukaryota","Picozoa","Picomonadida","uncultured",NA,NA
"KJ759280.1.1798",51,29,0.167630057803468,1.18957672380205e-05,"Eukaryota","SAR","Alveolata","Protalveolata","Syndiniales","Syndiniales"
"KJ759298.1.1797",100,44,0.254335260115607,2.40439754593295e-05,"Eukaryota","SAR","Alveolata","Protalveolata","Syndiniales","Amoebophrya"
"KJ759303.1.1801",88,46,0.265895953757225,2.04690051460955e-05,"Eukaryota","SAR","Alveolata","Protalveolata","Syndiniales","uncultured"
"KJ759310.1.1792",56,28,0.161849710982659,1.34590781282472e-05,"Eukaryota","SAR","Alveolata","Protalveolata","Syndiniales","Syndiniales"
"KJ759313.1.1792",125,46,0.265895953757225,3.03452590534278e-05,"Eukaryota","SAR","Alveolata","Protalveolata","Syndiniales","Syndiniales"
"KJ759316.1.1799",68,18,0.104046242774566,1.54782764827199e-05,"Eukaryota","Opisthokonta","Holozoa","Metazoa",NA,NA
"KJ759338.1.1784",98,42,0.242774566473988,2.37430111287231e-05,"Eukaryota","SAR","Alveolata","Protalveolata","Syndiniales","Syndiniales"
"KJ759356.1.1798",143,59,0.341040462427746,3.56128828112578e-05,"Eukaryota","SAR","Alveolata","Protalveolata","Syndiniales","Amoebophrya"
"KJ759365.1.1802",137,43,0.248554913294798,3.32343584212385e-05,"Eukaryota","SAR","Alveolata","Protalveolata","Syndiniales","Syndiniales"
"KJ759385.1.1788",63,28,0.161849710982659,1.44708687313275e-05,"Eukaryota","SAR","Alveolata","Protalveolata","Syndiniales","Syndiniales"
"KJ759393.1.1795",93,37,0.213872832369942,2.18149260988012e-05,"Eukaryota","SAR","Alveolata","Dinoflagellata","Dinophyceae","B7"
"KJ759401.1.1800",56,25,0.144508670520231,1.34262253068671e-05,"Eukaryota","SAR","Alveolata","Protalveolata","Syndiniales","Syndiniales"
"KJ759404.1.1799",145,55,0.317919075144509,3.37636200067527e-05,"Eukaryota","SAR","Alveolata","Protalveolata","Syndiniales","Amoebophrya"
"KJ759409.1.1787",191,48,0.277456647398844,4.60201302627024e-05,"Eukaryota","SAR","Alveolata","Protalveolata","Syndiniales","Syndiniales"
"KJ759417.1.1743",52,23,0.132947976878613,1.4075993467064e-05,"Eukaryota","SAR","Alveolata","Ciliophora","Intramacronucleata","Spirotrichea"
"KJ759419.1.1798",78,32,0.184971098265896,1.99679077020955e-05,"Eukaryota","SAR","Alveolata","Protalveolata","Syndiniales","Syndiniales"
"KJ759423.1.1800",50,31,0.179190751445087,1.29092210883993e-05,"Eukaryota","SAR","Alveolata","Protalveolata","Syndiniales","Syndiniales"
"KJ759425.1.1808",152,24,0.138728323699422,3.32679126001726e-05,"Eukaryota","SAR","Alveolata","Protalveolata","Syndiniales","Syndiniales"
"KJ759430.1.1795",95,33,0.190751445086705,2.72993070990298e-05,"Eukaryota","SAR","Stramenopiles","Ochrophyta","Diatomea","Bacillariophytina"
"KJ759432.1.1798",233,67,0.38728323699422,5.93243286278672e-05,"Eukaryota","SAR","Alveolata","Protalveolata","Syndiniales","Syndiniales"
"KJ759434.1.1797",80,25,0.144508670520231,1.60234541199647e-05,"Eukaryota","SAR","Alveolata","Protalveolata","Syndiniales","Syndiniales"
"KJ759441.1.1803",133,52,0.300578034682081,3.4291999720478e-05,"Eukaryota","SAR","Alveolata","Protalveolata","Syndiniales","Syndiniales"
"KJ759450.1.1797",77,35,0.202312138728324,2.18308243084169e-05,"Eukaryota","SAR","Stramenopiles","Ochrophyta","Dictyochophyceae","uncultured"
"KJ759456.1.1789",106,55,0.317919075144509,2.63953722434596e-05,"Eukaryota","SAR","Alveolata","Protalveolata","Syndiniales","Syndiniales"
"KJ759457.1.1792",53,27,0.15606936416185,1.38900680107775e-05,"Eukaryota","Opisthokonta","Holozoa","Choanoflagellida","Acanthoecida","Stephanoecidae"
"KJ759469.1.1798",73,40,0.23121387283237,1.74222963317689e-05,"Eukaryota","SAR","Alveolata","SGUH942","uncultured",NA
"KJ759482.1.1801",498,77,0.445086705202312,0.000128221516824843,"Eukaryota","SAR","Stramenopiles","Ochrophyta","MOCH-2","uncultured"
"KJ759483.1.1783",60,34,0.196531791907514,1.80779045476439e-05,"Eukaryota","SAR","Alveolata","Protalveolata","Syndiniales","Syndiniales"
"KJ759492.1.1752",217,66,0.38150289017341,5.67608268442523e-05,"Eukaryota","SAR","Alveolata","Ciliophora","Intramacronucleata","Conthreep"
"KJ759496.1.1802",75,28,0.161849710982659,1.89204165916754e-05,"Eukaryota","SAR","Stramenopiles","Ochrophyta","Bolidomonas","uncultured"
"KJ759508.1.1795",89,49,0.283236994219653,2.17834285985552e-05,"Eukaryota","SAR","Alveolata","Protalveolata","Syndiniales","Amoebophrya"
"KJ759515.1.1801",69,31,0.179190751445087,1.90709920327715e-05,"Eukaryota","SAR","Alveolata","Dinoflagellata","Dinophyceae","Gymnodiniphycidae"
"KJ759516.1.1803",385,68,0.393063583815029,9.32840953145474e-05,"Eukaryota","SAR","Stramenopiles","Ochrophyta","MOCH-2","uncultured"
"KJ759526.1.1796",72,31,0.179190751445087,1.72644147585219e-05,"Eukaryota","SAR","Alveolata","Protalveolata","Syndiniales","Syndiniales"
"KJ759527.1.1799",149,58,0.335260115606936,4.06917327314769e-05,"Eukaryota","SAR","Alveolata","Protalveolata","Syndiniales","Syndiniales"
"KJ759538.1.1811",80,23,0.132947976878613,1.91267777918191e-05,"Eukaryota","SAR","Rhizaria","Retaria","Polycystinea","Spumellaria"
"KJ759544.1.1724",142,45,0.260115606936416,3.73473757718274e-05,"Eukaryota","SAR","Alveolata","Ciliophora","Intramacronucleata","Conthreep"
"KJ759548.1.1799",56,34,0.196531791907514,1.33098419407687e-05,"Eukaryota","SAR","Alveolata","Protalveolata","Syndiniales","Syndiniales"
"KJ759549.1.1797",121,46,0.265895953757225,2.8949801925066e-05,"Eukaryota","SAR","Alveolata","Protalveolata","Syndiniales","Syndiniales"
"KJ759553.1.1802",159,35,0.202312138728324,4.59211419608383e-05,"Eukaryota","Opisthokonta","Holozoa","Metazoa",NA,NA
"KJ759581.1.1802",66,23,0.132947976878613,1.61643334167963e-05,"Eukaryota","SAR","Alveolata","Protalveolata","Syndiniales","Syndiniales"
"KJ759586.1.1798",130,61,0.352601156069364,3.40934416894854e-05,"Eukaryota","SAR","Alveolata","Dinoflagellata","Dinophyceae","Gymnodiniphycidae"
"KJ759592.1.1801",300,61,0.352601156069364,8.33136006378803e-05,"Eukaryota","SAR","Alveolata","Protalveolata","Syndiniales","Syndiniales"
"KJ759602.1.1800",53,27,0.15606936416185,1.54315348874294e-05,"Eukaryota","SAR","Alveolata","Protalveolata","Syndiniales","Syndiniales"
"KJ759612.1.1802",100,53,0.30635838150289,2.55138328351184e-05,"Eukaryota","SAR","Alveolata","Protalveolata","Syndiniales","Syndiniales"
"KJ759613.1.1802",258,54,0.312138728323699,7.11832439245778e-05,"Eukaryota","SAR","Alveolata","Protalveolata","Syndiniales","Syndiniales"
"KJ759615.1.1800",68,34,0.196531791907514,1.72635547318877e-05,"Eukaryota","SAR","Alveolata","Protalveolata","Syndiniales","Syndiniales"
"KJ759616.1.1766",59,39,0.225433526011561,1.60091844062164e-05,"Eukaryota","SAR","Alveolata","Ciliophora","Intramacronucleata","Conthreep"
"KJ759620.1.1801",53,33,0.190751445086705,1.33184816139609e-05,"Eukaryota","SAR","Alveolata","Dinoflagellata","Dinophyceae","Gymnodiniphycidae"
"KJ759622.1.1795",158,62,0.358381502890173,3.78211140699089e-05,"Eukaryota","SAR","Alveolata","Protalveolata","Syndiniales","uncultured"
"KJ759634.1.1797",58,34,0.196531791907514,1.5058298536554e-05,"Eukaryota","SAR","Alveolata","Dinoflagellata","Dinophyceae","Gymnodiniphycidae"
"KJ759640.1.1798",70,24,0.138728323699422,1.78462463396247e-05,"Eukaryota","SAR","Alveolata","Protalveolata","Syndiniales","Syndiniales"
"KJ759641.1.1788",96,42,0.242774566473988,2.49539930376744e-05,"Eukaryota","Picozoa","uncultured",NA,NA,NA
"KJ759681.1.1800",122,57,0.329479768786127,2.98688050452615e-05,"Eukaryota","SAR","Alveolata","Protalveolata","Syndiniales","Amoebophrya"
"KJ759687.1.1788",81,44,0.254335260115607,1.91805950702582e-05,"Eukaryota","SAR","Alveolata","Protalveolata","Syndiniales","Syndiniales"
"KJ759689.1.1806",54,27,0.15606936416185,1.33022057517603e-05,"Eukaryota","SAR","Alveolata","Protalveolata","Syndiniales","Syndiniales"
"KJ759692.1.1799",66,33,0.190751445086705,1.61487067013406e-05,"Eukaryota","SAR","Alveolata","Protalveolata","Syndiniales","Syndiniales"
"KJ759700.1.1787",178,65,0.375722543352601,4.69307704280838e-05,"Eukaryota","SAR","Alveolata","Protalveolata","Syndiniales","Syndiniales"
"KJ759702.1.1796",166,61,0.352601156069364,3.81401430845361e-05,"Eukaryota","SAR","Alveolata","Protalveolata","Syndiniales","Syndiniales"
"KJ759705.1.1779",99,38,0.219653179190751,2.3521734196501e-05,"Eukaryota","SAR","Alveolata","Ciliophora","Intramacronucleata","Spirotrichea"
"KJ759712.1.1795",54,30,0.173410404624277,1.47272243693949e-05,"Eukaryota","SAR","Alveolata","Protalveolata","Syndiniales","Syndiniales"
"KJ759721.1.1800",131,39,0.225433526011561,2.7655429688953e-05,"Eukaryota","SAR","Alveolata","Protalveolata","Syndiniales","Syndiniales"
"KJ759725.1.1793",137,56,0.323699421965318,3.85531668893671e-05,"Eukaryota","SAR","Alveolata","Protalveolata","Syndiniales","Syndiniales"
"KJ759732.1.1797",110,37,0.213872832369942,4.86681980362368e-05,"Eukaryota","SAR","Alveolata","Protalveolata","Syndiniales","Syndiniales"
"KJ759736.1.1807",75,27,0.15606936416185,1.87706777037879e-05,"Eukaryota","SAR","Stramenopiles","MAST-3","MAST-3B","uncultured"
"KJ759741.1.1784",120,39,0.225433526011561,2.53032117678297e-05,"Eukaryota","SAR","Alveolata","Protalveolata","Syndiniales","Syndiniales"
"KJ759761.1.1788",57,19,0.109826589595376,1.29826723063668e-05,"Eukaryota","SAR","Alveolata","Protalveolata","Syndiniales","uncultured"
"KJ759767.1.1796",57,22,0.127167630057803,1.24705025269282e-05,"Eukaryota","SAR","Alveolata","Protalveolata","Syndiniales","Syndiniales"
"KJ759840.1.1743",374,56,0.323699421965318,9.74378606958112e-05,"Eukaryota","SAR","Alveolata","Ciliophora","Intramacronucleata","Spirotrichea"
"KJ759845.1.1800",173,55,0.317919075144509,4.03106143613739e-05,"Eukaryota","SAR","Alveolata","Protalveolata","Syndiniales","Syndiniales"
"KJ759887.1.1805",423,19,0.109826589595376,9.3163546564419e-05,"Eukaryota","SAR","Rhizaria","Retaria","Polycystinea","Spumellaria"
"KJ759931.1.1814",364,21,0.121387283236994,7.9847832956347e-05,"Eukaryota","SAR","Rhizaria","Retaria","Polycystinea","Spumellaria"
"KJ759957.1.1818",56,25,0.144508670520231,1.16400901255667e-05,"Eukaryota","SAR","Rhizaria","Retaria","Polycystinea","Spumellaria"
"KJ759975.1.1805",81,20,0.115606936416185,1.65395879189613e-05,"Eukaryota","SAR","Rhizaria","Retaria","Polycystinea","Spumellaria"
"KJ759983.1.1797",56,34,0.196531791907514,1.52737289264935e-05,"Eukaryota","SAR","Rhizaria","Retaria","Polycystinea","Nassellaria"
"KJ760021.1.1815",789,52,0.300578034682081,0.000210491554339318,"Eukaryota","Opisthokonta","Holozoa","Metazoa",NA,NA
"KJ760038.1.1806",645,63,0.364161849710983,0.000153627357233272,"Eukaryota","SAR","Stramenopiles","MAST-1","MAST-1A","uncultured"
"KJ760048.1.2060",87,34,0.196531791907514,2.01347157082816e-05,"Eukaryota","Excavata","Discoba","Discicristata","Euglenozoa","Diplonemea"
"KJ760085.1.1817",68,18,0.104046242774566,1.29824408313895e-05,"Eukaryota","SAR","Rhizaria","Retaria","Polycystinea","Spumellaria"
"KJ760089.1.1802",61,20,0.115606936416185,1.16095973011964e-05,"Eukaryota","SAR","Alveolata","Protalveolata","Syndiniales","Syndiniales"
"KJ760127.1.1748",634,50,0.289017341040462,0.000166721639863,"Eukaryota","SAR","Alveolata","Ciliophora","Intramacronucleata","Spirotrichea"
"KJ760210.1.1800",71,32,0.184971098265896,1.91427913315292e-05,"Eukaryota","SAR","Alveolata","Protalveolata","Syndiniales","Amoebophrya"
"KJ760231.1.1799",446,35,0.202312138728324,9.44804679561887e-05,"Eukaryota","SAR","Alveolata","Protalveolata","Syndiniales","Syndiniales"
"KJ760258.1.1801",95,22,0.127167630057803,1.81113158238078e-05,"Eukaryota","SAR","Rhizaria","Retaria","Polycystinea","Nassellaria"
"KJ760262.1.1798",194,28,0.161849710982659,3.77149003717111e-05,"Eukaryota","SAR","Alveolata","Protalveolata","Syndiniales","Syndiniales"
"KJ760275.1.1798",54,33,0.190751445086705,1.35754289834575e-05,"Eukaryota","SAR","Alveolata","Protalveolata","Syndiniales","Syndiniales"
"KJ760281.1.1796",100,40,0.23121387283237,2.28441140599758e-05,"Eukaryota","SAR","Rhizaria","Retaria","RAD",NA
"KJ760322.1.1799",366,52,0.300578034682081,8.38734929885669e-05,"Eukaryota","Opisthokonta","Holozoa","Metazoa",NA,NA
"KJ760339.1.1776",187,24,0.138728323699422,3.98909743317085e-05,"Eukaryota","SAR","Rhizaria","Retaria","Acantharia","Acantharea"
"KJ760349.1.1798",96,51,0.294797687861272,2.57323796863862e-05,"Eukaryota","SAR","Alveolata","Protalveolata","Syndiniales","Amoebophrya"
"KJ760369.1.1799",134,19,0.109826589595376,2.76490562191406e-05,"Eukaryota","SAR","Rhizaria","Retaria","RAD",NA
"KJ760404.1.1796",230,48,0.277456647398844,6.69860632797111e-05,"Eukaryota","SAR","Alveolata","Protalveolata","Syndiniales","Syndiniales"
"KJ760407.1.1804",264,72,0.416184971098266,6.67353383206405e-05,"Eukaryota","Haptophyta","Prymnesiophyceae","Phaeocystis","uncultured",NA
"KJ760411.1.1796",58,29,0.167630057803468,1.28304676950491e-05,"Eukaryota","SAR","Alveolata","Protalveolata","Syndiniales","Syndiniales"
"KJ760425.1.1799",235,51,0.294797687861272,5.66414844014222e-05,"Eukaryota","SAR","Alveolata","Protalveolata","Syndiniales","Syndiniales"
"KJ760432.1.1795",204,68,0.393063583815029,5.41468971175029e-05,"Eukaryota","SAR","Alveolata","Protalveolata","Syndiniales","Syndiniales"
"KJ760437.1.1800",90,43,0.248554913294798,2.17476309369239e-05,"Eukaryota","SAR","Alveolata","Protalveolata","Syndiniales","Syndiniales"
"KJ760483.1.1795",120,42,0.242774566473988,3.2317131916206e-05,"Eukaryota","SAR","Alveolata","Protalveolata","Syndiniales","Syndiniales"
"KJ760518.1.1794",82,33,0.190751445086705,1.9437025927827e-05,"Eukaryota","SAR","Alveolata","Protalveolata","Syndiniales","Syndiniales"
"KJ760553.1.1771",562,38,0.219653179190751,0.000151332165932893,"Eukaryota","SAR","Alveolata","Ciliophora","Intramacronucleata","Spirotrichea"
"KJ760591.1.1800",140,36,0.208092485549133,4.05782149469219e-05,"Eukaryota","SAR","Alveolata","Protalveolata","Syndiniales","Syndiniales"
"KJ760597.1.1794",60,32,0.184971098265896,1.62307399819459e-05,"Eukaryota","SAR","Alveolata","Protalveolata","Syndiniales","Syndiniales"
"KJ760603.1.1795",53,27,0.15606936416185,1.37093621669814e-05,"Eukaryota","SAR","Alveolata","Protalveolata","Syndiniales","Syndiniales"
"KJ760645.1.1797",159,48,0.277456647398844,4.03501495474766e-05,"Eukaryota","SAR","Alveolata","Protalveolata","Syndiniales","Syndiniales"
"KJ760651.1.1788",76,23,0.132947976878613,2.00947905013001e-05,"Eukaryota","SAR","Alveolata","Protalveolata","Syndiniales","Syndiniales"
"KJ760652.1.1793",88,33,0.190751445086705,2.57528266091471e-05,"Eukaryota","Opisthokonta","Holozoa","Filasterea","Ministeriida","Capsasporidae"
"KJ760665.1.1800",79,27,0.15606936416185,2.32151085101767e-05,"Eukaryota","Opisthokonta","Holozoa","Metazoa",NA,NA
"KJ760678.1.1800",447,90,0.520231213872832,0.000132301769143164,"Eukaryota","SAR","Alveolata","Protalveolata","Syndiniales","Syndiniales"
"KJ760687.1.1798",1529,39,0.225433526011561,0.000397340900918032,"Eukaryota","SAR","Stramenopiles","Ochrophyta","Diatomea","Bacillariophytina"
"KJ760688.1.1793",86,49,0.283236994219653,1.89086119829634e-05,"Eukaryota","SAR","Alveolata","Protalveolata","Syndiniales","Syndiniales"
"KJ760732.1.1804",243,80,0.46242774566474,6.50371304733994e-05,"Eukaryota","SAR","Alveolata","Protalveolata","Syndiniales","Syndiniales"
"KJ760736.1.1790",218,35,0.202312138728324,5.3141509299553e-05,"Eukaryota","SAR","Stramenopiles","Ochrophyta","Diatomea","Bacillariophytina"
"KJ760737.1.1798",112,51,0.294797687861272,2.78237546650579e-05,"Eukaryota","SAR","Alveolata","Protalveolata","Syndiniales","uncultured"
"KJ760742.1.1793",74,27,0.15606936416185,2.00832434990747e-05,"Eukaryota","SAR","Alveolata","Protalveolata","Syndiniales","Amoebophrya"
"KJ760757.1.1727",246,50,0.289017341040462,7.64178381564954e-05,"Eukaryota","SAR","Alveolata","Protalveolata","Incertae",NA
"KJ760760.1.1803",148,65,0.375722543352601,3.66734611725814e-05,"Eukaryota","SAR","Alveolata","Protalveolata","Syndiniales","Syndiniales"
"KJ760830.1.1792",264,48,0.277456647398844,6.5632208102984e-05,"Eukaryota","SAR","Alveolata","Protalveolata","Syndiniales","Syndiniales"
"KJ760840.1.1786",5687,82,0.473988439306358,0.00130100400753126,"Eukaryota","Archaeplastida","Chloroplastida","Chlorophyta","Clade",NA
"KJ760852.1.1803",138,25,0.144508670520231,3.26744172128104e-05,"Eukaryota","SAR","Alveolata","Protalveolata","Syndiniales","Syndiniales"
"KJ760877.1.1784",73,24,0.138728323699422,1.75387416595644e-05,"Eukaryota","SAR","Alveolata","Ciliophora","Intramacronucleata","Spirotrichea"
"KJ760891.1.1801",61,36,0.208092485549133,1.44688405704293e-05,"Eukaryota","SAR","Alveolata","Protalveolata","Syndiniales","Syndiniales"
"KJ760909.1.1796",75,25,0.144508670520231,1.5813701670561e-05,"Eukaryota","SAR","Alveolata","Protalveolata","Syndiniales","Syndiniales"
"KJ760937.1.1792",72,31,0.179190751445087,1.6701349498772e-05,"Eukaryota","SAR","Alveolata","Dinoflagellata","Dinophyceae","Peridiniphycidae"
"KJ760946.1.1785",66,19,0.109826589595376,1.39434012742259e-05,"Eukaryota","SAR","Rhizaria","Retaria","Acantharia","Acantharea"
"KJ760958.1.1786",124,41,0.236994219653179,2.8338146709185e-05,"Eukaryota","SAR","Rhizaria","Retaria","RAD",NA
"KJ760964.1.1782",54,28,0.161849710982659,1.23400209569829e-05,"Eukaryota","SAR","Rhizaria","Retaria","Acantharia","uncultured"
"KJ760988.1.1803",205,43,0.248554913294798,4.93399821800017e-05,"Eukaryota","SAR","Alveolata","Protalveolata","Syndiniales","Syndiniales"
"KJ761015.1.1796",71,24,0.138728323699422,1.52605171727056e-05,"Eukaryota","SAR","Rhizaria","Retaria","RAD",NA
"KJ761028.1.1797",214,27,0.15606936416185,4.38842740002042e-05,"Eukaryota","SAR","Alveolata","Protalveolata","Syndiniales","Syndiniales"
"KJ761044.1.1802",73,45,0.260115606936416,1.92725396947015e-05,"Eukaryota","SAR","Alveolata","Protalveolata","Syndiniales","Syndiniales"
"KJ761046.1.1798",143,29,0.167630057803468,2.86497773025235e-05,"Eukaryota","SAR","Alveolata","Protalveolata","Syndiniales","Syndiniales"
"KJ761067.1.1800",208,63,0.364161849710983,5.1796404110407e-05,"Eukaryota","SAR","Alveolata","Dinoflagellata","Dinophyceae","Peridiniphycidae"
"KJ761081.1.1802",103,23,0.132947976878613,2.38178765359611e-05,"Eukaryota","SAR","Rhizaria","Retaria","RAD",NA
"KJ761090.1.1801",402,31,0.179190751445087,7.48177659047693e-05,"Eukaryota","SAR","Alveolata","Protalveolata","Syndiniales","Syndiniales"
"KJ761102.1.1798",155,22,0.127167630057803,3.14948718922033e-05,"Eukaryota","SAR","Alveolata","Protalveolata","Syndiniales","Syndiniales"
"KJ761112.1.1799",446,43,0.248554913294798,8.66252749085855e-05,"Eukaryota","SAR","Alveolata","Protalveolata","Syndiniales","Syndiniales"
"KJ761125.1.1789",92,44,0.254335260115607,1.96343919121018e-05,"Eukaryota","SAR","Alveolata","Protalveolata","Syndiniales","Syndiniales"
"KJ761145.1.1797",132,28,0.161849710982659,2.66184110534557e-05,"Eukaryota","SAR","Alveolata","Protalveolata","Syndiniales","Syndiniales"
"KJ761159.1.1798",60,26,0.15028901734104,1.46000380311452e-05,"Eukaryota","SAR","Alveolata","Protalveolata","Syndiniales","Syndiniales"
"KJ761177.1.1799",141,51,0.294797687861272,3.2422933720723e-05,"Eukaryota","SAR","Alveolata","Protalveolata","Syndiniales","Syndiniales"
"KJ761195.1.1797",80,23,0.132947976878613,2.17070695262513e-05,"Eukaryota","SAR","Alveolata","Protalveolata","Syndiniales","Syndiniales"
"KJ761230.1.1793",93,47,0.271676300578035,2.46919616154998e-05,"Eukaryota","SAR","Alveolata","Protalveolata","Syndiniales","Amoebophrya"
"KJ761269.1.1800",81,31,0.179190751445087,1.66440840519388e-05,"Eukaryota","SAR","Alveolata","Dinoflagellata","Dinophyceae","Gymnodiniphycidae"
"KJ761359.1.1805",305,90,0.520231213872832,8.2151403986206e-05,"Eukaryota","SAR","Alveolata","Dinoflagellata","Dinophyceae","SCM16C67"
"KJ761362.1.1800",96,27,0.15606936416185,2.02633704660943e-05,"Eukaryota","SAR","Alveolata","Protalveolata","Syndiniales","Syndiniales"
"KJ761373.1.1799",73,18,0.104046242774566,1.7761166017305e-05,"Eukaryota","SAR","Alveolata","Protalveolata","Syndiniales","Syndiniales"
"KJ761384.1.1794",55,29,0.167630057803468,1.22530815894768e-05,"Eukaryota","SAR","Alveolata","Dinoflagellata","Dinophyceae","Peridiniphycidae"
"KJ761403.1.1797",144,24,0.138728323699422,3.09515607365283e-05,"Eukaryota","SAR","Rhizaria","Retaria","RAD",NA
"KJ761415.1.1806",252,34,0.196531791907514,5.87815874694277e-05,"Eukaryota","SAR","Alveolata","Protalveolata","Syndiniales","Syndiniales"
"KJ761438.1.1800",116,20,0.115606936416185,2.47417939655183e-05,"Eukaryota","SAR","Alveolata","Protalveolata","Syndiniales","Syndiniales"
"KJ761469.1.1792",108,36,0.208092485549133,2.58633230370367e-05,"Eukaryota","SAR","Alveolata","Protalveolata","Syndiniales","Syndiniales"
"KJ761476.1.1793",106,38,0.219653179190751,2.41778959480575e-05,"Eukaryota","SAR","Alveolata","Protalveolata","Syndiniales","Syndiniales"
"KJ761501.1.1810",1175,26,0.15028901734104,0.000255326067803589,"Eukaryota","SAR","Rhizaria","Retaria","Polycystinea","Spumellaria"
"KJ761505.1.1778",278,25,0.144508670520231,5.61285053510494e-05,"Eukaryota","SAR","Rhizaria","Retaria","Acantharia","Acantharea"
"KJ761545.1.1802",50,32,0.184971098265896,1.21700446563449e-05,"Eukaryota","SAR","Alveolata","Dinoflagellata","Dinophyceae","Gymnodiniphycidae"
"KJ761576.1.1795",118,23,0.132947976878613,2.25344488045107e-05,"Eukaryota","SAR","Alveolata","Protalveolata","Syndiniales","Syndiniales"
"KJ761599.1.1798",54,20,0.115606936416185,1.08672344464893e-05,"Eukaryota","SAR","Rhizaria","Retaria","RAD",NA
"KJ761602.1.1800",320,44,0.254335260115607,6.02768780052634e-05,"Eukaryota","SAR","Alveolata","Protalveolata","Syndiniales","Syndiniales"
"KJ761608.1.1799",60,35,0.202312138728324,1.52090241489964e-05,"Eukaryota","SAR","Alveolata","Protalveolata","Syndiniales","Syndiniales"
"KJ761653.1.1798",142,36,0.208092485549133,3.23967133159261e-05,"Eukaryota","SAR","Alveolata","Protalveolata","Syndiniales","Syndiniales"
"KJ761658.1.1796",670,37,0.213872832369942,0.000138540160186467,"Eukaryota","SAR","Alveolata","Protalveolata","Syndiniales","Syndiniales"
"KJ761664.1.1800",65,23,0.132947976878613,1.24548906982322e-05,"Eukaryota","SAR","Alveolata","Protalveolata","Syndiniales","Syndiniales"
"KJ761713.1.1795",65,29,0.167630057803468,1.378853084527e-05,"Eukaryota","SAR","Rhizaria","Retaria","RAD",NA
"KJ761726.1.1788",52,19,0.109826589595376,1.38693115010121e-05,"Eukaryota","SAR","Alveolata","Ciliophora","Intramacronucleata","Spirotrichea"
"KJ761781.1.1790",108,29,0.167630057803468,2.85123187379078e-05,"Eukaryota","SAR","Alveolata","Ciliophora","Intramacronucleata","Spirotrichea"
"KJ761829.1.1797",77,24,0.138728323699422,1.95728535811258e-05,"Eukaryota","SAR","Stramenopiles","Ochrophyta","Bolidomonas","uncultured"
"KJ761866.1.1804",381,38,0.219653179190751,0.000110194334038019,"Eukaryota","Opisthokonta","Holozoa","Metazoa",NA,NA
"KJ761894.1.1780",56,21,0.121387283236994,1.53277060429888e-05,"Eukaryota","SAR","Alveolata","Ciliophora","Intramacronucleata","Spirotrichea"
"KJ761978.1.1778",61,23,0.132947976878613,1.68296726634159e-05,"Eukaryota","SAR","Alveolata","Ciliophora","Intramacronucleata","Spirotrichea"
"KJ761985.1.1806",435,20,0.115606936416185,0.000128541194357145,"Eukaryota","Opisthokonta","Holozoa","Metazoa",NA,NA
"KJ762089.1.1799",93,25,0.144508670520231,2.01886739285205e-05,"Eukaryota","SAR","Alveolata","Protalveolata","Syndiniales","Syndinium"
"KJ762093.1.1803",60,26,0.15028901734104,1.28939738816114e-05,"Eukaryota","SAR","Alveolata","Protalveolata","Syndiniales","Syndiniales"
"KJ762184.1.1795",51,30,0.173410404624277,1.21327511378144e-05,"Eukaryota","SAR","Alveolata","Protalveolata","Syndiniales","Syndiniales"
"KJ762198.1.1798",169,34,0.196531791907514,3.80252972050885e-05,"Eukaryota","SAR","Alveolata","Protalveolata","Syndiniales","Syndiniales"
"KJ762211.1.1797",70,33,0.190751445086705,1.66757544961848e-05,"Eukaryota","SAR","Alveolata","Protalveolata","Syndiniales","Syndiniales"
"KJ762264.1.1801",50,36,0.208092485549133,1.32756512894438e-05,"Eukaryota","SAR","Alveolata","Protalveolata","Syndiniales","Syndiniales"
"KJ762302.1.1797",198,26,0.15028901734104,6.15027606768329e-05,"Eukaryota","SAR","Rhizaria","Retaria","Polycystinea","Nassellaria"
"KJ762325.1.1765",194,33,0.190751445086705,5.72302741543844e-05,"Eukaryota","SAR","Alveolata","Ciliophora","Intramacronucleata","Spirotrichea"
"KJ762361.1.1772",101,27,0.15606936416185,2.92002710024254e-05,"Eukaryota","SAR","Alveolata","Ciliophora","Intramacronucleata","Spirotrichea"
"KJ762389.1.1777",485,34,0.196531791907514,0.000127202675389253,"Eukaryota","SAR","Alveolata","Ciliophora","Intramacronucleata","Spirotrichea"
"KJ762435.1.1785",144,27,0.15606936416185,4.12359787616896e-05,"Eukaryota","Opisthokonta","Holozoa","Choanoflagellida","Acanthoecida","Stephanoecidae"
"KJ762454.1.1596",149,23,0.132947976878613,3.94353867942242e-05,"Eukaryota","SAR","Alveolata","Ciliophora","Intramacronucleata","Litostomatea"
"KJ762455.1.1745",640,34,0.196531791907514,0.000172385238714638,"Eukaryota","SAR","Alveolata","Ciliophora","Intramacronucleata","Spirotrichea"
"KJ762468.1.1829",268,23,0.132947976878613,4.97690862653248e-05,"Eukaryota","SAR","Rhizaria","Retaria","Polycystinea","Spumellaria"
"KJ762470.1.1800",1548,59,0.341040462427746,0.00038008077160742,"Eukaryota","Picozoa","uncultured",NA,NA,NA
"KJ762472.1.1797",68,31,0.179190751445087,1.92453776362889e-05,"Eukaryota","SAR","Alveolata","Protalveolata","Syndiniales","Syndiniales"
"KJ762479.1.1805",1029,48,0.277456647398844,0.000282590961224834,"Eukaryota","Picozoa","Picomonadida","uncultured",NA,NA
"KJ762482.1.1790",253,44,0.254335260115607,4.84333257784553e-05,"Eukaryota","SAR","Rhizaria","Retaria","Acantharia","Acantharea"
"KJ762486.1.2062",257,42,0.242774566473988,5.47128909429803e-05,"Eukaryota","Excavata","Discoba","Discicristata","Euglenozoa","Diplonemea"
"KJ762492.1.1800",382,33,0.190751445086705,7.57781816024368e-05,"Eukaryota","SAR","Alveolata","Protalveolata","Syndiniales","Syndiniales"
"KJ762509.1.1797",75,34,0.196531791907514,1.47859526313292e-05,"Eukaryota","SAR","Alveolata","Protalveolata","Syndiniales","Syndiniales"
"KJ762510.1.1806",60,22,0.127167630057803,1.2055740628009e-05,"Eukaryota","SAR","Rhizaria","Retaria","Acantharia","SSRPB68"
"KJ762514.1.1777",1404,109,0.630057803468208,0.00037796582135105,"Eukaryota","SAR","Stramenopiles","MAST-1","MAST-1B","uncultured"
"KJ762517.1.1793",151,40,0.23121387283237,3.99876740283741e-05,"Eukaryota","SAR","Alveolata","Protalveolata","Syndiniales","Syndiniales"
"KJ762520.1.1803",81,26,0.15028901734104,1.6360373578908e-05,"Eukaryota","SAR","Rhizaria","Retaria","Polycystinea","Spumellaria"
"KJ762526.1.1797",75,31,0.179190751445087,1.76392464389647e-05,"Eukaryota","SAR","Alveolata","Protalveolata","Syndiniales","uncultured"
"KJ762561.1.1798",83,41,0.236994219653179,2.03902837735299e-05,"Eukaryota","SAR","Alveolata","Protalveolata","Syndiniales","Amoebophrya"
"KJ762563.1.1782",63,22,0.127167630057803,1.25213216580544e-05,"Eukaryota","SAR","Rhizaria","Retaria","RAD",NA
"KJ762569.1.1762",53,30,0.173410404624277,1.19411502891916e-05,"Eukaryota","SAR","Alveolata","Ciliophora","Intramacronucleata","Conthreep"
"KJ762586.1.1800",1148,38,0.219653179190751,0.000228980916432934,"Eukaryota","SAR","Rhizaria","Retaria","Polycystinea","Spumellaria"
"KJ762608.1.1818",139,49,0.283236994219653,3.73460237720883e-05,"Eukaryota","SAR","Stramenopiles","Labyrinthulomycetes","D52","uncultured"
"KJ762610.1.1763",55,23,0.132947976878613,1.29050758741748e-05,"Eukaryota","SAR","Alveolata","Ciliophora","Intramacronucleata","Conthreep"
"KJ762616.1.1797",64,25,0.144508670520231,1.33508465199812e-05,"Eukaryota","SAR","Alveolata","Protalveolata","Syndiniales","Syndiniales"
"KJ762618.1.1776",99,37,0.213872832369942,2.46908703630247e-05,"Eukaryota","SAR","Alveolata","Ciliophora","Intramacronucleata","Conthreep"
"KJ762628.1.1804",333,25,0.144508670520231,7.21715245295868e-05,"Eukaryota","SAR","Rhizaria","Retaria","Acantharia","SSRPB68"
"KJ762633.1.1801",64,28,0.161849710982659,1.32569878534386e-05,"Eukaryota","SAR","Alveolata","Protalveolata","Syndiniales","Syndiniales"
"KJ762635.1.1880",55,21,0.121387283236994,1.07254545753975e-05,"Eukaryota","SAR","Rhizaria","Retaria","Polycystinea","Spumellaria"
"KJ762645.1.1800",652,52,0.300578034682081,0.00012209459823587,"Eukaryota","SAR","Rhizaria","Retaria","RAD",NA
"KJ762647.1.1790",104,24,0.138728323699422,2.23274514140286e-05,"Eukaryota","SAR","Alveolata","Protalveolata","Syndiniales","Syndiniales"
"KJ762671.1.2064",57,23,0.132947976878613,1.33228817855831e-05,"Eukaryota","Excavata","Discoba","Discicristata","Euglenozoa","Diplonemea"
"KJ762680.1.1797",59,30,0.173410404624277,1.31952362849552e-05,"Eukaryota","SAR","Alveolata","Protalveolata","Syndiniales","Syndiniales"
"KJ762681.1.1797",113,43,0.248554913294798,2.4188411249194e-05,"Eukaryota","SAR","Alveolata","Protalveolata","Syndiniales","Syndiniales"
"KJ762686.1.1792",63,26,0.15028901734104,1.39020402796934e-05,"Eukaryota","SAR","Alveolata","Protalveolata","Syndiniales","Syndiniales"
"KJ762695.1.1802",199,29,0.167630057803468,3.96710370790617e-05,"Eukaryota","SAR","Alveolata","Protalveolata","Syndiniales","Syndiniales"
"KJ762697.1.1796",88,41,0.236994219653179,2.09086579237874e-05,"Eukaryota","SAR","Alveolata","Protalveolata","Syndiniales","Syndiniales"
"KJ762699.1.1803",136,62,0.358381502890173,3.3050173195068e-05,"Eukaryota","SAR","Alveolata","Protalveolata","Syndiniales","Syndiniales"
"KJ762709.1.1801",215,46,0.265895953757225,4.69841277874264e-05,"Eukaryota","SAR","Stramenopiles","Labyrinthulomycetes","D52","uncultured"
"KJ762718.1.2061",67,30,0.173410404624277,1.56652860590089e-05,"Eukaryota","Excavata","Discoba","Discicristata","Euglenozoa","Diplonemea"
"KJ762722.1.1799",95,26,0.15028901734104,2.39194970927096e-05,"Eukaryota","SAR","Alveolata","Protalveolata","Syndiniales","Syndiniales"
"KJ762733.1.1801",102,35,0.202312138728324,2.38989570266509e-05,"Eukaryota","SAR","Alveolata","Protalveolata","Syndiniales","Syndiniales"
"KJ762734.1.2065",106,35,0.202312138728324,2.49465772005619e-05,"Eukaryota","Excavata","Discoba","Discicristata","Euglenozoa","Diplonemea"
"KJ762735.1.1803",381,77,0.445086705202312,0.000102067380234583,"Eukaryota","SAR","Alveolata","Protalveolata","Syndiniales","Syndiniales"
"KJ762736.1.1796",160,22,0.127167630057803,3.1178086719561e-05,"Eukaryota","SAR","Alveolata","Protalveolata","Syndiniales","Syndiniales"
"KJ762742.1.2068",153,47,0.271676300578035,3.59577456473719e-05,"Eukaryota","Excavata","Discoba","Discicristata","Euglenozoa","Diplonemea"
"KJ762747.1.1800",89,25,0.144508670520231,1.83059073915725e-05,"Eukaryota","SAR","Alveolata","Protalveolata","Syndiniales","Syndiniales"
"KJ762748.1.1763",50,22,0.127167630057803,1.41014323787618e-05,"Eukaryota","SAR","Alveolata","Ciliophora","Intramacronucleata","Conthreep"
"KJ762753.1.1798",80,46,0.265895953757225,1.9751521931973e-05,"Eukaryota","SAR","Alveolata","Protalveolata","Syndiniales","Amoebophrya"
"KJ762764.1.1806",53,20,0.115606936416185,1.37814648568377e-05,"Eukaryota","SAR","Alveolata","Protalveolata","Syndiniales","Syndiniales"
"KJ762783.1.1802",183,26,0.15028901734104,5.07237027284249e-05,"Eukaryota","Opisthokonta","Holozoa","Metazoa",NA,NA
"KJ762790.1.1795",101,22,0.127167630057803,2.17868747526406e-05,"Eukaryota","SAR","Rhizaria","Retaria","Polycystinea","Nassellaria"
"KJ762797.1.1805",210,37,0.213872832369942,4.94214959307345e-05,"Eukaryota","SAR","Rhizaria","Retaria","Polycystinea","Spumellaria"
"KJ762806.1.1797",55,27,0.15606936416185,1.20468674448564e-05,"Eukaryota","SAR","Rhizaria","Retaria","Polycystinea","Nassellaria"
"KJ762813.1.1800",139,21,0.121387283236994,2.5549854083247e-05,"Eukaryota","SAR","Rhizaria","Retaria","RAD",NA
"KJ762839.1.1797",161,60,0.346820809248555,4.57129351543317e-05,"Eukaryota","Cryptophyceae","Kathablepharidae","Leucocryptos","uncultured",NA
"KJ762856.1.1793",102,31,0.179190751445087,2.42203152345232e-05,"Eukaryota","SAR","Alveolata","Protalveolata","Syndiniales","Syndiniales"
"KJ762860.1.1802",72,37,0.213872832369942,2.29902148184225e-05,"Eukaryota","SAR","Alveolata","H67","uncultured",NA
"KJ762863.1.1802",131,56,0.323699421965318,3.15475615929452e-05,"Eukaryota","SAR","Alveolata","Protalveolata","Syndiniales","Syndiniales"
"KJ762866.1.1798",71,37,0.213872832369942,2.01365097274664e-05,"Eukaryota","SAR","Alveolata","Dinoflagellata","Dinophyceae","Gymnodiniphycidae"
"KJ762877.1.1800",176,79,0.456647398843931,4.39458761622382e-05,"Eukaryota","SAR","Alveolata","Dinoflagellata","Dinophyceae","Gymnodiniphycidae"
"KJ762878.1.1787",55,32,0.184971098265896,1.30905103418699e-05,"Eukaryota","SAR","Alveolata","Protalveolata","Syndiniales","Syndiniales"
"KJ762883.1.1798",315,51,0.294797687861272,8.22202315948618e-05,"Eukaryota","SAR","Alveolata","Ciliophora","Intramacronucleata","Spirotrichea"
"KJ762915.1.1762",143,44,0.254335260115607,3.70992396082772e-05,"Eukaryota","SAR","Alveolata","Ciliophora","Intramacronucleata","Spirotrichea"
"KJ762930.1.1758",92,28,0.161849710982659,2.17275302403948e-05,"Eukaryota","SAR","Alveolata","Ciliophora","Intramacronucleata","Spirotrichea"
"KJ762931.1.1798",452,72,0.416184971098266,0.000122515356488471,"Eukaryota","SAR","Alveolata","Protalveolata","Syndiniales","Syndiniales"
"KJ762936.1.1789",325,71,0.410404624277457,7.81246376449234e-05,"Eukaryota","Opisthokonta","Holozoa","Choanoflagellida","Acanthoecida","Stephanoecidae"
"KJ762943.1.1796",93,44,0.254335260115607,2.31264234237962e-05,"Eukaryota","SAR","Alveolata","Protalveolata","Syndiniales","Syndiniales"
"KJ762945.1.1780",170,56,0.323699421965318,5.01012367949976e-05,"Eukaryota","SAR","Alveolata","Ciliophora","Intramacronucleata","Spirotrichea"
"KJ762946.1.1785",123,42,0.242774566473988,3.04378616468732e-05,"Eukaryota","SAR","Rhizaria","Retaria","Acantharia","uncultured"
"KJ762954.1.1780",201,43,0.248554913294798,4.97873022828259e-05,"Eukaryota","Cryptophyceae","Cryptomonadales","Teleaulax","uncultured",NA
"KJ762959.1.1793",443,85,0.491329479768786,0.000165739068392463,"Eukaryota","SAR","Alveolata","Protalveolata","Syndiniales","Syndiniales"
"KJ762963.1.1796",51,18,0.104046242774566,1.15966534423451e-05,"Eukaryota","SAR","Alveolata","Protalveolata","Syndiniales","Syndiniales"
"KJ762988.1.1804",988,111,0.641618497109827,0.000274552110975219,"Eukaryota","Opisthokonta","Holozoa","Metazoa",NA,NA
"KJ762992.1.1771",313,36,0.208092485549133,8.49863689429769e-05,"Eukaryota","SAR","Alveolata","Ciliophora","Intramacronucleata","Spirotrichea"
"KJ762999.1.1800",192,49,0.283236994219653,4.80318051861552e-05,"Eukaryota","Haptophyta","Prymnesiophyceae","Prymnesiales","uncultured",NA
"KJ763005.1.1802",89,47,0.271676300578035,2.1783266485587e-05,"Eukaryota","SAR","Alveolata","Dinoflagellata","Dinophyceae","Gymnodiniphycidae"
"KJ763007.1.1798",2136,80,0.46242774566474,0.000568145688861842,"Eukaryota","Haptophyta","Prymnesiophyceae","Phaeocystis","uncultured",NA
"KJ763010.1.1784",72,24,0.138728323699422,1.74624853789204e-05,"Eukaryota","SAR","Alveolata","Protalveolata","Syndiniales","uncultured"
"KJ763013.1.1799",82,50,0.289017341040462,2.01755074892957e-05,"Eukaryota","SAR","Alveolata","Protalveolata","Syndiniales","Syndiniales"
"KJ763014.1.1803",424,68,0.393063583815029,9.66517250916185e-05,"Eukaryota","SAR","Alveolata","Dinoflagellata","Dinophyceae","Gymnodiniphycidae"
"KJ763025.1.1799",265,78,0.450867052023121,6.87559481898944e-05,"Eukaryota","SAR","Alveolata","Protalveolata","Syndiniales","Syndiniales"
"KJ763027.1.1790",196,49,0.283236994219653,5.38003711558081e-05,"Eukaryota","SAR","Alveolata","NIF-4C10","uncultured",NA
"KJ763036.1.1796",55,19,0.109826589595376,1.42137571694917e-05,"Eukaryota","SAR","Alveolata","Protalveolata","Syndiniales","Syndiniales"
"KJ763045.1.1778",91,33,0.190751445086705,2.48827285882595e-05,"Eukaryota","SAR","Rhizaria","Retaria","Acantharia","uncultured"
"KJ763058.1.1799",82,42,0.242774566473988,2.25695378863556e-05,"Eukaryota","SAR","Alveolata","Dinoflagellata","Dinophyceae","SCM37C58"
"KJ763068.1.1800",92,27,0.15606936416185,2.66167023312307e-05,"Eukaryota","SAR","Alveolata","Protalveolata","Syndiniales","Syndiniales"
"KJ763077.1.1800",257,82,0.473988439306358,6.73198832959682e-05,"Eukaryota","SAR","Stramenopiles","MAST-3","MAST-3C","uncultured"
"KJ763088.1.1809",228,68,0.393063583815029,5.62082796922036e-05,"Eukaryota","SAR","Stramenopiles","uncultured",NA,NA
"KJ763101.1.1798",61,40,0.23121387283237,1.58020414434495e-05,"Eukaryota","SAR","Alveolata","Protalveolata","Syndiniales","Syndiniales"
"KJ763120.1.1790",84,40,0.23121387283237,2.14215329571234e-05,"Eukaryota","SAR","Alveolata","Protalveolata","Syndiniales","Syndiniales"
"KJ763122.1.1804",107,46,0.265895953757225,3.08718915548218e-05,"Eukaryota","Centrohelida","uncultured",NA,NA,NA
"KJ763124.1.1781",234,22,0.127167630057803,6.24439401903694e-05,"Eukaryota","SAR","Alveolata","Ciliophora","Intramacronucleata","Spirotrichea"
"KJ763131.1.1800",106,51,0.294797687861272,2.91722951710163e-05,"Eukaryota","SAR","Alveolata","Protalveolata","Syndiniales","Syndiniales"
"KJ763132.1.1756",212,63,0.364161849710983,5.72769503970797e-05,"Eukaryota","SAR","Alveolata","Ciliophora","Intramacronucleata","Conthreep"
"KJ763133.1.1789",120,46,0.265895953757225,2.83125110710139e-05,"Eukaryota","SAR","Alveolata","Dinoflagellata","Dinophyceae","Gymnodiniphycidae"
"KJ763135.1.1797",58,26,0.15028901734104,1.28380676085849e-05,"Eukaryota","SAR","Alveolata","Protalveolata","Syndiniales","Syndiniales"
"KJ763140.1.1770",113,19,0.109826589595376,3.17550163625962e-05,"Eukaryota","SAR","Alveolata","Ciliophora","Intramacronucleata","Conthreep"
"KJ763141.1.1812",468,67,0.38728323699422,0.000117847825430551,"Eukaryota","SAR","Stramenopiles","Ochrophyta","Pelagophyceae","uncultured"
"KJ763153.1.1801",52,30,0.173410404624277,1.30687982839351e-05,"Eukaryota","SAR","Alveolata","Protalveolata","Syndiniales","Syndiniales"
"KJ763160.1.1804",90,43,0.248554913294798,2.1763182350993e-05,"Eukaryota","SAR","Alveolata","Protalveolata","Syndiniales","Syndiniales"
"KJ763162.1.1755",70,33,0.190751445086705,1.85163489889865e-05,"Eukaryota","SAR","Alveolata","Ciliophora","Intramacronucleata","Conthreep"
"KJ763170.1.1795",66,30,0.173410404624277,1.84176678521648e-05,"Eukaryota","SAR","Alveolata","Protalveolata","Syndiniales","Amoebophrya"
"KJ763171.1.1799",65,36,0.208092485549133,1.44940839308324e-05,"Eukaryota","SAR","Alveolata","Dinoflagellata","Dinophyceae","Peridiniphycidae"
"KJ763179.1.1804",210,74,0.427745664739884,5.51760259560161e-05,"Eukaryota","SAR","Alveolata","Dinoflagellata","Dinophyceae","Gymnodiniphycidae"
"KJ763195.1.1798",76,37,0.213872832369942,1.93357036902721e-05,"Eukaryota","SAR","Alveolata","Protalveolata","Syndiniales","Syndiniales"
"KJ763206.1.1814",138,44,0.254335260115607,3.68231035546237e-05,"Eukaryota","SAR","Stramenopiles","Ochrophyta","Dictyochophyceae","Dictyochales"
"KJ763229.1.1798",166,37,0.213872832369942,3.59484300385181e-05,"Eukaryota","SAR","Alveolata","Dinoflagellata","Dinophyceae","Gymnodiniphycidae"
"KJ763233.1.1794",58,30,0.173410404624277,1.3996668565063e-05,"Eukaryota","SAR","Alveolata","Protalveolata","Syndiniales","Syndiniales"
"KJ763237.1.1781",65,33,0.190751445086705,1.80966350938237e-05,"Eukaryota","SAR","Stramenopiles","Ochrophyta","Chrysophyceae","LG01-09"
"KJ763259.1.1763",829,20,0.115606936416185,0.000219327183785195,"Eukaryota","Archaeplastida","Chloroplastida","Chlorophyta","Mamiellophyceae","Mamiellales"
"KJ763263.1.1797",186,51,0.294797687861272,4.5570296666218e-05,"Eukaryota","Cryptophyceae","Kathablepharidae","Leucocryptos","uncultured",NA
"KJ763281.1.1812",264,75,0.433526011560694,6.69337667740588e-05,"Eukaryota","SAR","Rhizaria","Cercozoa","Chlorarachniophyta","NOR26"
"KJ763286.1.1798",57,25,0.144508670520231,1.24514914227112e-05,"Eukaryota","SAR","Alveolata","Protalveolata","Syndiniales","Syndiniales"
"KJ763288.1.1800",253,50,0.289017341040462,7.10722910975406e-05,"Eukaryota","SAR","Alveolata","Protalveolata","Syndiniales","Syndiniales"
"KJ763291.1.1796",50,27,0.15606936416185,1.21168297833524e-05,"Eukaryota","SAR","Alveolata","Protalveolata","Syndiniales","Syndiniales"
"KJ763302.1.1799",96,30,0.173410404624277,2.48602678471306e-05,"Eukaryota","SAR","Alveolata","Protalveolata","Syndiniales","Syndiniales"
"KJ763310.1.1809",363,102,0.589595375722543,9.45602540986566e-05,"Eukaryota","SAR","Stramenopiles","Ochrophyta","Eustigmatophyceae","Eustigmatales"
"KJ763316.1.1790",54,23,0.132947976878613,1.35842886210363e-05,"Eukaryota","Opisthokonta","Holozoa","Choanoflagellida","Acanthoecida","Stephanoecidae"
"KJ763317.1.1766",132,51,0.294797687861272,3.66539868119942e-05,"Eukaryota","SAR","Alveolata","Ciliophora","Intramacronucleata","Spirotrichea"
"KJ763345.1.1791",172,63,0.364161849710983,4.24960822999115e-05,"Eukaryota","Incertae",NA,NA,NA,NA
"KJ763348.1.1800",188,58,0.335260115606936,5.30499125629111e-05,"Eukaryota","SAR","Alveolata","Protalveolata","Syndiniales","Syndiniales"
"KJ763357.1.1803",124,61,0.352601156069364,3.11584340788942e-05,"Eukaryota","SAR","Alveolata","Protalveolata","Syndiniales","Amoebophrya"
"KJ763363.1.1806",141,48,0.277456647398844,3.37777760478146e-05,"Eukaryota","SAR","Alveolata","Protalveolata","Syndiniales","Syndiniales"
"KJ763365.1.1797",68,20,0.115606936416185,1.58067642319588e-05,"Eukaryota","SAR","Alveolata","Protalveolata","Syndiniales","Syndiniales"
"KJ763374.1.1779",471,54,0.312138728323699,0.000140069733506231,"Eukaryota","SAR","Alveolata","Ciliophora","Intramacronucleata","Spirotrichea"
"KJ763406.1.1798",66,22,0.127167630057803,1.84944425224e-05,"Eukaryota","SAR","Alveolata","Protalveolata","Syndiniales","Syndiniales"
"KJ763412.1.1799",59,37,0.213872832369942,1.47186017486201e-05,"Eukaryota","SAR","Alveolata","Protalveolata","Syndiniales","Syndiniales"
"KJ763431.1.1634",443,45,0.260115606936416,0.00012299544771848,"Eukaryota","SAR","Alveolata","Ciliophora","Intramacronucleata","Litostomatea"
"KJ763435.1.1802",207,42,0.242774566473988,4.78505687766421e-05,"Eukaryota","Opisthokonta","Holozoa","Metazoa",NA,NA
"KJ763436.1.1799",52,25,0.144508670520231,1.19767157812768e-05,"Eukaryota","SAR","Alveolata","Protalveolata","Syndiniales","Syndiniales"
"KJ763451.1.1791",96,35,0.202312138728324,2.34203281390368e-05,"Eukaryota","SAR","Alveolata","Protalveolata","Syndiniales","Syndiniales"
"KJ763452.1.1795",83,42,0.242774566473988,2.02604131136351e-05,"Eukaryota","SAR","Alveolata","Protalveolata","Syndiniales","uncultured"
"KJ763454.1.1804",286,52,0.300578034682081,8.20264215205592e-05,"Eukaryota","SAR","Alveolata","Protalveolata","Syndiniales","Syndiniales"
"KJ763455.1.1798",220,71,0.410404624277457,5.68493188224323e-05,"Eukaryota","SAR","Alveolata","Protalveolata","Syndiniales","Amoebophrya"
"KJ763457.1.1761",84,36,0.208092485549133,1.98315372948735e-05,"Eukaryota","SAR","Alveolata","Ciliophora","Intramacronucleata","Conthreep"
"KJ763460.1.1800",86,45,0.260115606936416,1.9167756456812e-05,"Eukaryota","SAR","Alveolata","SCM37C52","uncultured",NA
"KJ763464.1.1800",242,82,0.473988439306358,6.74316723013681e-05,"Eukaryota","SAR","Alveolata","Protalveolata","Syndiniales","Syndiniales"
"KJ763480.1.1793",177,71,0.410404624277457,4.62744608297274e-05,"Eukaryota","Opisthokonta","Holozoa","Metazoa",NA,NA
"KJ763483.1.1801",114,32,0.184971098265896,2.53801195317739e-05,"Eukaryota","SAR","Alveolata","Protalveolata","Syndiniales","Syndiniales"
"KJ763489.1.1801",132,55,0.317919075144509,3.208440217099e-05,"Eukaryota","SAR","Alveolata","Protalveolata","Syndiniales","Amoebophrya"
"KJ763494.1.1791",89,43,0.248554913294798,2.32272096931933e-05,"Eukaryota","Incertae",NA,NA,NA,NA
"KJ763495.1.1796",216,58,0.335260115606936,5.21744789233364e-05,"Eukaryota","SAR","Alveolata","Protalveolata","Syndiniales","Amoebophrya"
"KJ763496.1.1796",67,38,0.219653179190751,1.71884919836595e-05,"Eukaryota","SAR","Alveolata","Protalveolata","Syndiniales","Syndiniales"
"KJ763497.1.1804",162,50,0.289017341040462,3.79484169801556e-05,"Eukaryota","SAR","Alveolata","Protalveolata","Syndiniales","Amoebophrya"
"KJ763498.1.1790",92,37,0.213872832369942,1.96850054538305e-05,"Eukaryota","SAR","Alveolata","Protalveolata","Syndiniales","Syndiniales"
"KJ763500.1.1801",144,56,0.323699421965318,3.47722805700156e-05,"Eukaryota","SAR","Alveolata","Protalveolata","Syndiniales","Syndiniales"
"KJ763501.1.1800",150,50,0.289017341040462,3.95749928729553e-05,"Eukaryota","SAR","Alveolata","Protalveolata","Syndiniales","Syndiniales"
"KJ763514.1.1790",289,58,0.335260115606936,6.82560452601446e-05,"Eukaryota","SAR","Rhizaria","Retaria","Acantharia","Arthracanthida"
"KJ763522.1.1764",100,28,0.161849710982659,2.35275131363399e-05,"Eukaryota","SAR","Rhizaria","Retaria","RAD",NA
"KJ763524.1.1790",207,42,0.242774566473988,4.95231747012253e-05,"Eukaryota","SAR","Alveolata","Protalveolata","Syndiniales","Syndiniales"
"KJ763533.1.1808",64,39,0.225433526011561,1.57619175772871e-05,"Eukaryota","SAR","Stramenopiles","Ochrophyta","ANT37-16","uncultured"
"KJ763550.1.1800",281,77,0.445086705202312,7.68329838137803e-05,"Eukaryota","SAR","Alveolata","Protalveolata","Syndiniales","Amoebophrya"
"KJ763551.1.1799",55,24,0.138728323699422,1.35943222108169e-05,"Eukaryota","SAR","Alveolata","Protalveolata","Syndiniales","Syndiniales"
"KJ763557.1.1804",326,44,0.254335260115607,8.49779029816421e-05,"Eukaryota","DH147-EKD10","uncultured",NA,NA,NA
"KJ763562.1.1796",153,45,0.260115606936416,3.86803837555127e-05,"Eukaryota","Picozoa","uncultured",NA,NA,NA
"KJ763564.1.1803",55,32,0.184971098265896,1.34971238534802e-05,"Eukaryota","SAR","Alveolata","Protalveolata","Syndiniales","Syndiniales"
"KJ763567.1.1799",126,23,0.132947976878613,2.653074980687e-05,"Eukaryota","SAR","Alveolata","Protalveolata","Syndiniales","Syndiniales"
"KJ763569.1.1806",53,23,0.132947976878613,1.35919495596917e-05,"Eukaryota","SAR","Rhizaria","Retaria","RAD",NA
"KJ763571.1.1802",74,37,0.213872832369942,1.7726058568282e-05,"Eukaryota","SAR","Alveolata","Protalveolata","Syndiniales","Amoebophrya"
"KJ763580.1.1800",67,40,0.23121387283237,1.44828323036201e-05,"Eukaryota","SAR","Alveolata","Protalveolata","Syndiniales","Syndiniales"
"KJ763584.1.1800",113,44,0.254335260115607,2.71016430977729e-05,"Eukaryota","SAR","Alveolata","Protalveolata","Syndiniales","Syndiniales"
"KJ763591.1.1792",90,40,0.23121387283237,2.0482019853768e-05,"Eukaryota","SAR","Alveolata","Protalveolata","Syndiniales","Syndiniales"
"KJ763598.1.1793",107,64,0.369942196531792,2.69482108015584e-05,"Eukaryota","SAR","Alveolata","Protalveolata","Syndiniales","Amoebophrya"
"KJ763601.1.1792",63,35,0.202312138728324,1.60575937006145e-05,"Eukaryota","SAR","Alveolata","Protalveolata","Syndiniales","Syndiniales"
"KJ763606.1.1804",72,41,0.236994219653179,1.89371795496133e-05,"Eukaryota","SAR","Alveolata","Protalveolata","Syndiniales","Syndiniales"
"KJ763609.1.1787",248,35,0.202312138728324,5.53438592979889e-05,"Eukaryota","SAR","Alveolata","Protalveolata","Syndiniales","Syndiniales"
"KJ763610.1.1797",78,46,0.265895953757225,2.0964841927564e-05,"Eukaryota","SAR","Alveolata","Protalveolata","Syndiniales","Syndiniales"
"KJ763611.1.1765",236,59,0.341040462427746,5.81235892511071e-05,"Eukaryota","SAR","Alveolata","Ciliophora","Intramacronucleata","Conthreep"
"KJ763617.1.1806",587,71,0.410404624277457,0.000167509088878257,"Eukaryota","Opisthokonta","Holozoa","Metazoa",NA,NA
"KJ763621.1.1797",76,31,0.179190751445087,1.60397039774352e-05,"Eukaryota","SAR","Alveolata","Protalveolata","Syndiniales","Syndiniales"
"KJ763629.1.1799",70,36,0.208092485549133,1.60768522973363e-05,"Eukaryota","SAR","Alveolata","Dinoflagellata","Dinophyceae","Peridiniphycidae"
"KJ763630.1.1795",58,25,0.144508670520231,1.43346291126555e-05,"Eukaryota","SAR","Alveolata","Protalveolata","Syndiniales","Syndiniales"
"KJ763631.1.1796",162,53,0.30635838150289,3.74761651350876e-05,"Eukaryota","SAR","Alveolata","Protalveolata","Syndiniales","Syndiniales"
"KJ763633.1.1797",101,58,0.335260115606936,2.57507208572556e-05,"Eukaryota","SAR","Alveolata","Protalveolata","Syndiniales","Amoebophrya"
"KJ763637.1.1803",125,56,0.323699421965318,3.1307686614657e-05,"Eukaryota","SAR","Stramenopiles","MAST-7","uncultured",NA
"KJ763642.1.1795",1015,97,0.560693641618497,0.000285932395777362,"Eukaryota","Cryptophyceae","Kathablepharidae","Leucocryptos","uncultured",NA
"KJ763643.1.1795",132,42,0.242774566473988,3.05688829983323e-05,"Eukaryota","Picozoa","uncultured",NA,NA,NA
"KJ763644.1.1801",250,75,0.433526011560694,7.0048604254712e-05,"Eukaryota","SAR","Alveolata","Dinoflagellata","Dinophyceae","Gymnodiniphycidae"
"KJ763647.1.1804",248,59,0.341040462427746,5.79609433911677e-05,"Eukaryota","SAR","Alveolata","Protalveolata","Syndiniales","Syndiniales"
"KJ763648.1.1765",306,42,0.242774566473988,8.43212426998184e-05,"Eukaryota","Cryptophyceae","Cryptomonadales","uncultured",NA,NA
"KJ763654.1.1797",160,60,0.346820809248555,3.84676812040595e-05,"Eukaryota","SAR","Alveolata","Protalveolata","Syndiniales","Syndiniales"
"KJ763665.1.1796",82,26,0.15028901734104,1.95221162531641e-05,"Eukaryota","SAR","Alveolata","Protalveolata","Syndiniales","Syndiniales"
"KJ763667.1.1784",325,79,0.456647398843931,7.42426496979672e-05,"Eukaryota","SAR","Alveolata","Protalveolata","Syndiniales","Syndiniales"
"KJ763673.1.1781",127,32,0.184971098265896,3.61508962216849e-05,"Eukaryota","SAR","Alveolata","Dinoflagellata","Dinophyceae","Gymnodiniphycidae"
"KJ763675.1.1798",83,45,0.260115606936416,2.16046169854157e-05,"Eukaryota","SAR","Alveolata","Protalveolata","Syndiniales","Amoebophrya"
"KJ763679.1.1810",58,18,0.104046242774566,1.1170484009068e-05,"Eukaryota","SAR","Rhizaria","Retaria","Polycystinea","Spumellaria"
"KJ763684.1.1796",297,50,0.289017341040462,7.95398226764912e-05,"Eukaryota","SAR","Alveolata","Dinoflagellata","Dinophyceae","Gymnodiniphycidae"
"KJ763686.1.1788",111,37,0.213872832369942,2.473056622628e-05,"Eukaryota","SAR","Alveolata","Protalveolata","Syndiniales","Syndiniales"
"KJ763689.1.1799",267,69,0.398843930635838,7.02154550492212e-05,"Eukaryota","SAR","Alveolata","Protalveolata","Syndiniales","Amoebophrya"
"KJ763691.1.1799",61,25,0.144508670520231,1.39136814979595e-05,"Eukaryota","SAR","Alveolata","Protalveolata","Syndiniales","Amoebophrya"
"KJ763692.1.1819",94,38,0.219653179190751,2.15995439738737e-05,"Eukaryota","SAR","Alveolata","Protalveolata","Syndiniales","Syndiniales"
"KJ763693.1.1802",579,63,0.364161849710983,0.000177850860211465,"Eukaryota","Opisthokonta","Holozoa","Metazoa",NA,NA
"KJ763696.1.1794",52,25,0.144508670520231,1.07180745935169e-05,"Eukaryota","SAR","Alveolata","Protalveolata","Syndiniales","Syndiniales"
"KJ763701.1.1754",259,65,0.375722543352601,6.5361166957948e-05,"Eukaryota","SAR","Alveolata","Ciliophora","Intramacronucleata","Conthreep"
"KJ763706.1.1765",82,27,0.15606936416185,2.16155286560899e-05,"Eukaryota","SAR","Alveolata","Ciliophora","Intramacronucleata","Conthreep"
"KJ763708.1.1799",108,44,0.254335260115607,2.79757238144314e-05,"Eukaryota","SAR","Stramenopiles","Ochrophyta","Chrysophyceae","E222"
"KJ763709.1.1827",244,28,0.161849710982659,4.67312123294165e-05,"Eukaryota","SAR","Rhizaria","Retaria","Polycystinea","Spumellaria"
"KJ763714.1.1794",89,37,0.213872832369942,3.30084272636074e-05,"Eukaryota","SAR","Alveolata","Protalveolata","Syndiniales","Syndiniales"
"KJ763718.1.1789",340,59,0.341040462427746,7.17732975726563e-05,"Eukaryota","SAR","Alveolata","Protalveolata","Syndiniales","Syndiniales"
"KJ763720.1.1803",51,24,0.138728323699422,1.01404853842725e-05,"Eukaryota","SAR","Alveolata","Protalveolata","Syndiniales","Syndiniales"
"KJ763722.1.1799",84,40,0.23121387283237,1.89286226927724e-05,"Eukaryota","SAR","Alveolata","Protalveolata","Syndiniales","uncultured"
"KJ763724.1.1811",62,41,0.236994219653179,1.52173316783398e-05,"Eukaryota","Incertae",NA,NA,NA,NA
"KJ763725.1.1817",945,71,0.410404624277457,0.000220046034569091,"Eukaryota","Opisthokonta","Holozoa","Metazoa",NA,NA
"KJ763729.1.1789",97,23,0.132947976878613,2.16194257423256e-05,"Eukaryota","SAR","Alveolata","Protalveolata","Syndiniales","Syndiniales"
"KJ763730.1.1797",214,63,0.364161849710983,5.57375695729185e-05,"Eukaryota","SAR","Alveolata","Dinoflagellata","Dinophyceae","Incertae"
"KJ763740.1.1794",142,37,0.213872832369942,3.46293988924361e-05,"Eukaryota","Haptophyta","Prymnesiophyceae","Prymnesiales","OLI51059","uncultured"
"KJ763744.1.1792",803,73,0.421965317919075,0.000176916371332926,"Eukaryota","SAR","Alveolata","Protalveolata","Syndiniales","Syndiniales"
"KJ763753.1.1803",142,39,0.225433526011561,3.8827106469234e-05,"Eukaryota","SAR","Alveolata","Dinoflagellata","Dinophyceae","Peridiniphycidae"
"KJ763759.1.1797",193,47,0.271676300578035,3.92093531116301e-05,"Eukaryota","SAR","Rhizaria","Retaria","RAD",NA
"KJ763774.1.1807",139,29,0.167630057803468,3.30923125138324e-05,"Eukaryota","SAR","Alveolata","Protalveolata","Syndiniales","Syndiniales"
"KJ763775.1.1799",102,21,0.121387283236994,2.04002671814138e-05,"Eukaryota","SAR","Alveolata","Protalveolata","Syndiniales","Syndiniales"
"KJ763779.1.1793",113,28,0.161849710982659,3.04423858050192e-05,"Eukaryota","SAR","Alveolata","Protalveolata","Syndiniales","Syndiniales"
"KJ763780.1.1795",66,30,0.173410404624277,1.43246639526147e-05,"Eukaryota","SAR","Alveolata","Protalveolata","Syndiniales","Syndiniales"
"KJ763784.1.1767",55,24,0.138728323699422,1.4682583091944e-05,"Eukaryota","SAR","Alveolata","Ciliophora","Intramacronucleata","Spirotrichea"
"KJ763789.1.1790",127,47,0.271676300578035,3.00131349657023e-05,"Eukaryota","SAR","Alveolata","Protalveolata","Syndiniales","Syndiniales"
"KJ763791.1.1794",120,22,0.127167630057803,2.15159469207597e-05,"Eukaryota","SAR","Alveolata","Protalveolata","Syndiniales","Syndiniales"
"KJ763793.1.1785",137,39,0.225433526011561,2.95598041157732e-05,"Eukaryota","SAR","Rhizaria","Retaria","RAD",NA
"KJ763794.1.1800",67,32,0.184971098265896,1.66315323229499e-05,"Eukaryota","SAR","Alveolata","Protalveolata","Syndiniales","Syndiniales"
"KJ763795.1.1805",99,35,0.202312138728324,2.30298797840367e-05,"Eukaryota","SAR","Alveolata","Dinoflagellata","Dinophyceae","Gymnodiniphycidae"
"KJ763800.1.1807",58,26,0.15028901734104,1.557297149179e-05,"Eukaryota","DH147-EKD10","uncultured",NA,NA,NA
"KJ763801.1.1811",208,69,0.398843930635838,4.89363375396763e-05,"Eukaryota","SAR","Stramenopiles","MAST-8","uncultured",NA
"KJ763812.1.1797",85,39,0.225433526011561,2.04419005569475e-05,"Eukaryota","SAR","Alveolata","Protalveolata","Syndiniales","Syndiniales"
"KJ763813.1.1806",91,36,0.208092485549133,1.93644864292278e-05,"Eukaryota","SAR","Rhizaria","Retaria","RAD",NA
"KJ763816.1.1800",63,23,0.132947976878613,1.79631481227564e-05,"Eukaryota","Opisthokonta","Holozoa","Metazoa",NA,NA
"KJ763828.1.1774",91,21,0.121387283236994,2.79586651595457e-05,"Eukaryota","Cryptophyceae","Cryptomonadales","FV18-2G7","uncultured",NA
"KJ763830.1.1794",50,29,0.167630057803468,1.20392670352003e-05,"Eukaryota","SAR","Alveolata","Protalveolata","Syndiniales","uncultured"
"KJ763831.1.1805",115,52,0.300578034682081,2.91781640403432e-05,"Eukaryota","SAR","Alveolata","Protalveolata","Syndiniales","Syndiniales"
"KJ763837.1.1763",52,29,0.167630057803468,1.44952216334036e-05,"Eukaryota","SAR","Alveolata","Ciliophora","Intramacronucleata","Conthreep"
"KJ763840.1.1792",63,30,0.173410404624277,1.49891079442282e-05,"Eukaryota","SAR","Rhizaria","Retaria","RAD",NA
"KJ763841.1.1769",1339,46,0.265895953757225,0.000335342733216846,"Eukaryota","Archaeplastida","Chloroplastida","Chlorophyta","Mamiellophyceae","Mamiellales"
"KJ763848.1.1803",63,18,0.104046242774566,1.74858082017403e-05,"Eukaryota","Opisthokonta","Holozoa","Metazoa",NA,NA
"KJ763855.1.1798",447,43,0.248554913294798,8.82316266575558e-05,"Eukaryota","SAR","Alveolata","Protalveolata","Syndiniales","Syndiniales"
"KJ763858.1.1812",880,40,0.23121387283237,0.000176252541972094,"Eukaryota","SAR","Rhizaria","Retaria","Polycystinea","Spumellaria"
"KJ763861.1.1804",78,32,0.184971098265896,1.57617417133579e-05,"Eukaryota","SAR","Alveolata","Protalveolata","Syndiniales","Syndiniales"
"KJ763862.1.1797",294,78,0.450867052023121,6.95944956377422e-05,"Eukaryota","SAR","Alveolata","Protalveolata","Syndiniales","Amoebophrya"
"KJ763864.1.1799",50,29,0.167630057803468,1.12440214756746e-05,"Eukaryota","SAR","Alveolata","Protalveolata","Syndiniales","Amoebophrya"
"KJ763866.1.1798",151,50,0.289017341040462,3.422308172604e-05,"Eukaryota","SAR","Alveolata","Protalveolata","Syndiniales","Syndiniales"
"KJ763868.1.1784",191,60,0.346820809248555,5.1837256267091e-05,"Eukaryota","SAR","Alveolata","Protalveolata","Syndiniales","Amoebophrya"
"KJ763869.1.1797",53,31,0.179190751445087,1.26826498550219e-05,"Eukaryota","SAR","Alveolata","Protalveolata","Syndiniales","Syndiniales"
"KJ763871.1.1794",70,25,0.144508670520231,1.45783521655971e-05,"Eukaryota","SAR","Alveolata","Protalveolata","Syndiniales","Syndiniales"
"KJ763873.1.1808",78,35,0.202312138728324,2.72657792260999e-05,"Eukaryota","SAR","Alveolata","Dinoflagellata","Dinophyceae","Gymnodiniphycidae"
"KJ763882.1.1802",53,23,0.132947976878613,1.40511237736972e-05,"Eukaryota","SAR","Alveolata","Dinoflagellata","Dinophyceae","SL163A10"
"KJ763888.1.1810",84,35,0.202312138728324,2.10826387495148e-05,"Eukaryota","SAR","Rhizaria","Retaria","RAD",NA
"KJ763892.1.1800",79,35,0.202312138728324,1.84183491939727e-05,"Eukaryota","SAR","Alveolata","Protalveolata","Syndiniales","Syndiniales"
"KJ763896.1.1795",74,31,0.179190751445087,1.80589118971586e-05,"Eukaryota","Opisthokonta","Holozoa","Metazoa",NA,NA
"KJ763898.1.1802",103,19,0.109826589595376,2.30897356852108e-05,"Eukaryota","Opisthokonta","Holozoa","Metazoa",NA,NA
"KJ763899.1.1804",163,58,0.335260115606936,3.63582500133897e-05,"Eukaryota","SAR","Alveolata","Protalveolata","Syndiniales","Syndiniales"
"KJ763902.1.1793",108,47,0.271676300578035,2.97720076932398e-05,"Eukaryota","SAR","Alveolata","Protalveolata","Syndiniales","Syndiniales"
"KJ763908.1.1800",55,36,0.208092485549133,1.55067796120048e-05,"Eukaryota","SAR","Alveolata","Protalveolata","Syndiniales","Amoebophrya"
"KJ763909.1.1801",119,38,0.219653179190751,2.57082720824495e-05,"Eukaryota","SAR","Alveolata","Protalveolata","Syndiniales","uncultured"
"KJ763910.1.1797",69,38,0.219653179190751,1.81446818373874e-05,"Eukaryota","SAR","Alveolata","Protalveolata","Syndiniales","Amoebophrya"
"KJ763911.1.1801",697,76,0.439306358381503,0.000166568251529358,"Eukaryota","SAR","Alveolata","SCM37C52","uncultured",NA
"KJ763917.1.1798",129,29,0.167630057803468,3.08510837655846e-05,"Eukaryota","SAR","Alveolata","Protalveolata","Syndiniales","Syndiniales"
"KJ763919.1.1798",52,18,0.104046242774566,1.37496180435525e-05,"Eukaryota","SAR","Rhizaria","Retaria","RAD",NA
"KJ763920.1.1791",189,71,0.410404624277457,4.77966907735694e-05,"Eukaryota","SAR","Alveolata","Protalveolata","Syndiniales","uncultured"
"KJ763926.1.1799",115,36,0.208092485549133,2.73527187500424e-05,"Eukaryota","SAR","Alveolata","Protalveolata","Syndiniales","Syndiniales"
"KJ763930.1.1802",169,67,0.38728323699422,4.25722228984163e-05,"Eukaryota","SAR","Alveolata","Protalveolata","Syndiniales","Syndiniales"
"KJ763933.1.1799",98,27,0.15606936416185,2.09527407567598e-05,"Eukaryota","SAR","Alveolata","Protalveolata","Syndiniales","Syndiniales"
"KJ763934.1.1796",193,62,0.358381502890173,4.93812798481166e-05,"Eukaryota","SAR","Alveolata","Protalveolata","Syndiniales","Syndiniales"
"KJ763936.1.1798",77,32,0.184971098265896,2.25474466887346e-05,"Eukaryota","SAR","Alveolata","Protalveolata","Syndiniales","Syndiniales"
"KJ763937.1.1804",125,35,0.202312138728324,3.30723518027692e-05,"Eukaryota","Opisthokonta","Holozoa","Metazoa",NA,NA
"KJ763942.1.1798",53,30,0.173410404624277,1.22433274712256e-05,"Eukaryota","SAR","Alveolata","Protalveolata","Syndiniales","Syndiniales"
"KJ763943.1.1800",141,65,0.375722543352601,3.66866435588028e-05,"Eukaryota","SAR","Alveolata","Protalveolata","Syndiniales","Syndiniales"
"KJ763944.1.1802",76,28,0.161849710982659,1.67780310402744e-05,"Eukaryota","SAR","Alveolata","Protalveolata","Syndiniales","Syndiniales"
"KJ764036.1.1797",128,30,0.173410404624277,3.44228755652717e-05,"Eukaryota","SAR","Alveolata","Dinoflagellata","Dinophyceae","Gymnodiniphycidae"
"KJ764228.1.1792",361,59,0.341040462427746,9.30508615595483e-05,"Eukaryota","Opisthokonta","Holozoa","Choanoflagellida","Acanthoecida","Stephanoecidae"
"KJ764339.1.1797",69,34,0.196531791907514,1.85247120222161e-05,"Eukaryota","SAR","Alveolata","Dinoflagellata","Dinophyceae","Gymnodiniphycidae"
"KJ782429.1.1448",179,23,0.132947976878613,4.17104180988437e-05,"Bacteria","Bacteroidetes","Flavobacteriia","Flavobacteriales","Flavobacteriaceae","Psychroflexus"
"KJ814126.1.1491",126,32,0.184971098265896,3.3504517882255e-05,"Bacteria","Bacteroidetes","Cytophagia","Cytophagales","Cyclobacteriaceae","Algoriphagus"
"KJ817713.1.1525",67,28,0.161849710982659,1.34822880422619e-05,"Bacteria","Proteobacteria","Gammaproteobacteria","KI89A",NA,NA
"KJ877675.61924.63393",82,27,0.15606936416185,2.19235013183589e-05,"Bacteria","Cyanobacteria","Chloroplast","Ochromonas",NA,NA
"KJ881892.1.1437",613,35,0.202312138728324,0.000128196519140784,"Archaea","Thaumarchaeota","Marine",NA,NA,NA
"KJ881953.1.1438",85,23,0.132947976878613,1.84134637133093e-05,"Archaea","Thaumarchaeota","Marine",NA,NA,NA
"KJ881973.1.1438",2745,96,0.554913294797688,0.000553499331523376,"Archaea","Thaumarchaeota","Marine",NA,NA,NA
"KJ882036.1.1071",297,34,0.196531791907514,6.575456756376e-05,"Archaea","Euryarchaeota","Thermoplasmata","Thermoplasmatales","Marine",NA
"KJ882120.1.1064",2396,109,0.630057803468208,0.00053771890698287,"Archaea","Euryarchaeota","Thermoplasmata","Thermoplasmatales","Marine",NA
"KJ925307.1.1499",96,29,0.167630057803468,2.60709253834389e-05,"Eukaryota","SAR","Stramenopiles","Ochrophyta","Diatomea","Bacillariophytina"
"KJ925407.1.1710",101,30,0.173410404624277,2.29983819326771e-05,"Eukaryota","SAR","Alveolata","Dinoflagellata","Dinophyceae","Peridiniphycidae"
"KJ925416.1.1680",118,37,0.213872832369942,3.04150229877704e-05,"Eukaryota","SAR","Alveolata","Ciliophora","Intramacronucleata","Spirotrichea"
"KJ925486.1.1368",330,21,0.121387283236994,9.61907272004354e-05,"Eukaryota","SAR","Alveolata","Ciliophora","Intramacronucleata","Litostomatea"
"KJ958482.63625.65100",170,40,0.23121387283237,4.19198849480178e-05,"Bacteria","Cyanobacteria","Chloroplast","Rhizosolenia",NA,NA
"KJ958484.67215.68703",402,29,0.167630057803468,9.30140150042016e-05,"Bacteria","Cyanobacteria","Chloroplast","Cerataulina",NA,NA
"KM018517.1.1517",120,28,0.161849710982659,2.65020890672317e-05,"Bacteria","Nitrospinae","MD2896-B214","uncultured",NA,NA
"KM018637.1.1529",440,57,0.329479768786127,0.000101402957228821,"Bacteria","Proteobacteria","Gammaproteobacteria","E01-9C-26",NA,NA
"KM018809.1.1529",384,58,0.335260115606936,8.47462863064169e-05,"Bacteria","Proteobacteria","Deltaproteobacteria","Desulfarculales","Desulfarculaceae","Desulfatiglans"
"KM018905.1.1506",273,30,0.173410404624277,5.61723040462097e-05,"Bacteria","Nitrospirae","Nitrospira","Nitrospirales","Nitrospiraceae","Nitrospira"
"KM018914.1.1494",314,52,0.300578034682081,6.60617284900737e-05,"Bacteria","Proteobacteria","Gammaproteobacteria","Oceanospirillales","Oceanospirillaceae","Pseudohongiella"
"KM018916.1.1494",508,73,0.421965317919075,0.000116187723688849,"Bacteria","Proteobacteria","Gammaproteobacteria","E01-9C-26",NA,NA
"KM018932.1.1487",429,54,0.312138728323699,8.30793183997518e-05,"Bacteria","Proteobacteria","Deltaproteobacteria","Desulfobacterales","Desulfobacteraceae","Desulfobacula"
"KM018951.1.1475",126,33,0.190751445086705,2.49584813585231e-05,"Bacteria","Proteobacteria","Deltaproteobacteria","SAR324",NA,NA
"KM018956.1.1470",60,28,0.161849710982659,1.31965749212944e-05,"Bacteria","Proteobacteria","Gammaproteobacteria","Chromatiales","Ectothiorhodospiraceae","Thioalkalispira"
"KM018962.1.1459",544,30,0.173410404624277,0.000109964355176735,"Bacteria","Proteobacteria","Alphaproteobacteria","Rhodospirillales","Rhodospirillaceae","uncultured"
"KM019038.1.1517",81,26,0.15028901734104,1.55686062344321e-05,"Bacteria","Proteobacteria","Deltaproteobacteria","Desulfobacterales","Desulfobacteraceae","uncultured"
"KM019064.1.1510",144,26,0.15028901734104,3.34355846252471e-05,"Bacteria","Proteobacteria","Deltaproteobacteria","Desulfobacterales","Desulfobulbaceae","uncultured"
"KM019082.1.1494",164,19,0.109826589595376,4.67141523504405e-05,"Bacteria","Actinobacteria","Acidimicrobiia","Acidimicrobiales","Sva0996",NA
"KM051588.1.1457",79,41,0.236994219653179,1.81374395304409e-05,"Bacteria","Proteobacteria","Alphaproteobacteria","Rhizobiales","OCS116",NA
"KM051652.1.1430",97,19,0.109826589595376,2.57463870005849e-05,"Bacteria","Proteobacteria","Alphaproteobacteria","Rhodobacterales","Rhodobacteraceae","uncultured"
"KM051660.1.1454",79,33,0.190751445086705,2.24272446422117e-05,"Bacteria","Proteobacteria","Alphaproteobacteria","Rickettsiales","Rickettsiaceae","uncultured"
"KM051698.1.1483",89,37,0.213872832369942,2.05558001322628e-05,"Bacteria","Firmicutes","Clostridia","Halanaerobiales","ODP1230B8.23","uncultured"
"KM051699.1.1452",51,21,0.121387283236994,1.04835282929711e-05,"Bacteria","Proteobacteria","Deltaproteobacteria","Bradymonadales","uncultured",NA
"KM071651.1.1502",82,33,0.190751445086705,2.04667595375346e-05,"Bacteria","Proteobacteria","JTB23","uncultured",NA,NA
"KM071693.1.1515",1194,74,0.427745664739884,0.000254152703019893,"Bacteria","Planctomycetes","OM190","uncultured",NA,NA
"KM114277.1.1296",56,18,0.104046242774566,1.70401517280758e-05,"Bacteria","Proteobacteria","Alphaproteobacteria","Rhodobacterales","Rhodobacteraceae","uncultured"
"KM203531.1.1200",399,28,0.161849710982659,0.000127173649766534,"Bacteria","Cyanobacteria","Chloroplast","uncultured",NA,NA
"KM222861.1.1369",175,36,0.208092485549133,4.50216487578402e-05,"Bacteria","Proteobacteria","Gammaproteobacteria","Thiotrichales","Thiotrichaceae","Thiothrix"
"KM222958.1.1425",1096,94,0.543352601156069,0.00022771625307223,"Bacteria","Proteobacteria","Gammaproteobacteria","Oceanospirillales","OM182",NA
"KM270150.1.1417",74,25,0.144508670520231,1.62411528506011e-05,"Bacteria","Proteobacteria","Alphaproteobacteria","Rhodobacterales","Rhodobacteraceae","Tropicibacter"
"KM270261.1.1497",104,29,0.167630057803468,2.41374380465989e-05,"Bacteria","Planctomycetes","OM190","uncultured",NA,NA
"KM389618.1.1479",124,31,0.179190751445087,2.63445076691543e-05,"Bacteria","Chloroflexi","SAR202",NA,NA,NA
"KM454331.1.1408",71,29,0.167630057803468,1.57857093117326e-05,"Bacteria","Proteobacteria","Gammaproteobacteria","KI89A",NA,NA
"KM454339.1.1420",61,25,0.144508670520231,1.23789879528554e-05,"Bacteria","Gemmatimonadetes","BD2-11",NA,NA,NA
"KM820491.1.1495",490,72,0.416184971098266,0.000128644082492815,"Bacteria","Proteobacteria","Gammaproteobacteria","Oceanospirillales","Oceanospirillaceae","Oleibacter"
"KM820500.1.1487",1033,35,0.202312138728324,0.000276431985015322,"Bacteria","Bacteroidetes","Flavobacteriia","Flavobacteriales","Flavobacteriaceae","uncultured"
"KM820510.1.1423",94,47,0.271676300578035,2.11625606635841e-05,"Bacteria","Proteobacteria","Alphaproteobacteria","Rhodobacterales","Rhodobacteraceae","uncultured"
"KM820540.1.1448",99,29,0.167630057803468,2.02060996821591e-05,"Bacteria","Proteobacteria","Alphaproteobacteria","Rhodospirillales","Rhodospirillaceae","Thalassospira"
"KM820556.1.1496",77,25,0.144508670520231,1.93364844278902e-05,"Bacteria","Proteobacteria","Gammaproteobacteria","Alteromonadales","Alteromonadaceae","Alteromonas"
"KM820573.1.1457",85,26,0.15028901734104,1.81305633609887e-05,"Bacteria","Bacteroidetes","Flavobacteriia","Flavobacteriales","Flavobacteriaceae","Muricauda"
"KM820593.1.1430",284,63,0.364161849710983,8.08096600190353e-05,"Bacteria","Proteobacteria","Alphaproteobacteria","Caulobacterales","Hyphomonadaceae","Maricaulis"
"KM820601.1.1480",511,38,0.219653179190751,0.000147326864786667,"Bacteria","Proteobacteria","Gammaproteobacteria","Oceanospirillales","Oceanospirillaceae","Oleibacter"
"KM820603.1.1470",97,33,0.190751445086705,2.12321246379812e-05,"Bacteria","Proteobacteria","Alphaproteobacteria","Caulobacterales","Hyphomonadaceae","Hyphomonas"
"KM820607.1.1481",993,70,0.404624277456647,0.000215359073129363,"Bacteria","Bacteroidetes","Flavobacteriia","Flavobacteriales","Flavobacteriaceae","uncultured"
"KM820615.1.1501",67,18,0.104046242774566,1.68705684169001e-05,"Bacteria","Proteobacteria","Gammaproteobacteria","Alteromonadales","Alteromonadaceae","Salinimonas"
"KM823698.1.1533",152,51,0.294797687861272,3.3031539630606e-05,"Bacteria","Proteobacteria","Gammaproteobacteria","Gammaproteobacteria",NA,NA
"KP005048.1.1401",365,32,0.184971098265896,7.84842341651403e-05,"Bacteria","Acidobacteria","Subgroup",NA,NA,NA
"KP005055.1.1295",257,51,0.294797687861272,5.51004864945801e-05,"Bacteria","Bacteroidetes","Flavobacteriia","Flavobacteriales","NS9",NA
"KP183026.1.1481",77,28,0.161849710982659,2.12617952972821e-05,"Bacteria","Proteobacteria","Alphaproteobacteria","Caulobacterales","Hyphomonadaceae","Robiginitomaculum"
"KP183063.1.1506",285,56,0.323699421965318,6.09772007220813e-05,"Bacteria","Proteobacteria","Gammaproteobacteria","Alteromonadales","Idiomarinaceae","Idiomarina"
"KP183067.1.1506",123,26,0.15028901734104,3.08661102895083e-05,"Bacteria","Proteobacteria","Gammaproteobacteria","Thiotrichales","Piscirickettsiaceae","Cycloclasticus"
"KP201135.1.1430",577,40,0.23121387283237,0.000111641484120992,"Bacteria","Proteobacteria","Alphaproteobacteria","Rhodobacterales","Rhodobacteraceae","Pseudoruegeria"
"KP204805.1.1397",112,27,0.15606936416185,1.92423486747271e-05,"Archaea","Thaumarchaeota","Marine",NA,NA,NA
"KP211789.2072.3514",2028,84,0.485549132947977,0.000505578734335852,"Archaea","Euryarchaeota","Thermoplasmata","Thermoplasmatales","Marine",NA
"KP216207.1.1505",109,39,0.225433526011561,2.79693781958898e-05,"Bacteria","Proteobacteria","Gammaproteobacteria","Vibrionales","Vibrionaceae","Grimontia"
"KP260511.1.1777",225,25,0.144508670520231,6.12767848380704e-05,"Eukaryota","SAR","Alveolata","Ciliophora","Intramacronucleata","Spirotrichea"
"KP299865.1.1518",215,27,0.15606936416185,4.46466324508195e-05,"Bacteria","Planctomycetes","OM190","uncultured",NA,NA
"KP301097.1.1448",145,25,0.144508670520231,3.17289349714533e-05,"Bacteria","Proteobacteria","Gammaproteobacteria","Alteromonadales","Pseudoalteromonadaceae","Pseudoalteromonas"
"KP309835.1.1442",133,25,0.144508670520231,3.39437608382616e-05,"Bacteria","Bacteroidetes","Flavobacteriia","Flavobacteriales","Flavobacteriaceae","Spongiivirga"
"KP404826.1.1688",116,33,0.190751445086705,3.65034633359214e-05,"Eukaryota","SAR","Stramenopiles","Ochrophyta","Chrysophyceae","LG01-09"
"KP404840.1.1682",79,27,0.15606936416185,2.06118131374306e-05,"Eukaryota","SAR","Stramenopiles","Ochrophyta","Chrysophyceae","LG01-09"
"KP404847.1.1699",77,35,0.202312138728324,2.1244984966196e-05,"Eukaryota","SAR","Alveolata","Protalveolata","Syndiniales","Amoebophrya"
"KP404848.1.1701",177,48,0.277456647398844,3.9910760181068e-05,"Eukaryota","SAR","Alveolata","Protalveolata","Syndiniales","Syndiniales"
"KP404851.1.1702",1233,110,0.635838150289017,0.000319208668072615,"Eukaryota","Haptophyta","Prymnesiophyceae","Prymnesiales","OLI16029","uncultured"
"KP404871.1.1804",414,18,0.104046242774566,0.000130865704482911,"Eukaryota","SAR","Stramenopiles","Ochrophyta","Dictyochophyceae","Pedinellales"
"KP404899.1.1787",471,67,0.38728323699422,0.000120198209615436,"Eukaryota","Haptophyta","Prymnesiophyceae","Prymnesiales","uncultured",NA
"KP410291.1.1504",340,19,0.109826589595376,0.000102565680213032,"Bacteria","Proteobacteria","Gammaproteobacteria","Oceanospirillales","Oceanospirillaceae","Marinomonas"
"KP410292.1.1502",378,51,0.294797687861272,8.90063912756187e-05,"Bacteria","Proteobacteria","Gammaproteobacteria","Oceanospirillales","Oceanospirillaceae","Thalassolituus"
"KP410293.1.1502",697,23,0.132947976878613,0.000206730018663075,"Bacteria","Proteobacteria","Gammaproteobacteria","Oceanospirillales","Oceanospirillaceae","Oleispira"
"KP410309.1.1493",513,63,0.364161849710983,0.000138874857400736,"Bacteria","Bacteroidetes","Flavobacteriia","Flavobacteriales","Flavobacteriaceae","NS5"
"KP410312.1.1485",124,23,0.132947976878613,3.80266917260518e-05,"Bacteria","Bacteroidetes","Flavobacteriia","Flavobacteriales","Cryomorphaceae","uncultured"
"KP745025.1.1459",98,20,0.115606936416185,3.07730960298647e-05,"Bacteria","Proteobacteria","Gammaproteobacteria","Pseudomonadales","Pseudomonadaceae","Pseudomonas"
"KP769512.1.913",2226,47,0.271676300578035,0.000517862819979104,"Archaea","Euryarchaeota","Thermoplasmata","Thermoplasmatales","Marine",NA
"KP770067.1.1534",393,66,0.38150289017341,0.000109115840022133,"Bacteria","Proteobacteria","Gammaproteobacteria","Cellvibrionales","Porticoccaceae","SAR92"
"KP843715.1.1402",140,39,0.225433526011561,3.3563674046635e-05,"Bacteria","Proteobacteria","Gammaproteobacteria","Alteromonadales","Alteromonadaceae","uncultured"
"KP896645.1.1339",81,19,0.109826589595376,1.82299650576564e-05,"Bacteria","Proteobacteria","Deltaproteobacteria","Bdellovibrionales","Bdellovibrionaceae","OM27"
"KP899713.18557.20045",6494,90,0.520231213872832,0.00182554581590639,"Bacteria","Cyanobacteria","Chloroplast","Teleaulax",NA,NA
"KP975277.1.1401",775,55,0.317919075144509,0.000229924334945047,"Bacteria","Proteobacteria","Alphaproteobacteria","Rhodobacterales","Rhodobacteraceae","Planktomarina"
"KP975357.1.1408",689,47,0.271676300578035,0.000202545522970021,"Bacteria","Proteobacteria","Gammaproteobacteria","Aeromonadales","Aeromonadaceae","Aeromonas"
"KR054195.1.1202",387,67,0.38728323699422,9.93037386723733e-05,"Bacteria","Proteobacteria","Alphaproteobacteria","SAR11",NA,NA
"KR054617.1.1414",133,20,0.115606936416185,2.59020684195461e-05,"Bacteria","Proteobacteria","Alphaproteobacteria","Sphingomonadales","Sphingomonadaceae","Stakelama"
"KR058224.1.1602",154,34,0.196531791907514,4.624926311509e-05,"Eukaryota","SAR","Rhizaria","Retaria","Polycystinea","Collodaria"
"KR058257.1.1619",58,19,0.109826589595376,1.6014653122114e-05,"Eukaryota","SAR","Rhizaria","Retaria","Polycystinea","Collodaria"
"KR088727.1.1444",357,45,0.260115606936416,8.01857298707902e-05,"Bacteria","Proteobacteria","Gammaproteobacteria","Salinisphaerales","Salinisphaeraceae","Salinisphaera"
"KR107394.1.1438",114,24,0.138728323699422,2.126249021549e-05,"Bacteria","Cyanobacteria","ML635J-21","uncultured",NA,NA
"KR108283.1.1462",638,42,0.242774566473988,0.000128916110695782,"Bacteria","Bacteroidetes","Bacteroidetes",NA,NA,NA
"KR108284.1.1456",983,38,0.219653179190751,0.000271587372968084,"Bacteria","Bacteroidetes","Flavobacteriia","Flavobacteriales","Flavobacteriaceae","Polaribacter"
"KR108286.1.1465",173,45,0.260115606936416,4.93504885390667e-05,"Bacteria","Lentisphaerae","Lentisphaeria","Lentisphaerales","Lentisphaeraceae","Lentisphaera"
"KR269611.1.1378",1509,76,0.439306358381503,0.000305426484764913,"Bacteria","Cyanobacteria","Cyanobacteria","SubsectionI","FamilyI","Prochlorococcus"
"KR269613.1.1355",2897,105,0.606936416184971,0.000658672192950179,"Bacteria","Proteobacteria","Alphaproteobacteria","Rhizobiales","PS1",NA
"KR269633.1.1359",1432,120,0.69364161849711,0.000322423907638609,"Bacteria","Proteobacteria","Alphaproteobacteria","SAR11",NA,NA
"KR269638.1.1426",638,30,0.173410404624277,0.000133643502292695,"Bacteria","Proteobacteria","Gammaproteobacteria","E01-9C-26",NA,NA
"KR269646.1.1417",3911,37,0.213872832369942,0.0010206249204884,"Bacteria","Marinimicrobia",NA,NA,NA,NA
"KR269693.1.1432",3425,23,0.132947976878613,0.000794826539840769,"Bacteria","Marinimicrobia",NA,NA,NA,NA
"KR296930.1.1487",212,36,0.208092485549133,4.45031414460507e-05,"Bacteria","Proteobacteria","Gammaproteobacteria","Oceanospirillales","Halomonadaceae","Halomonas"
"KR611617.1.1445",78,41,0.236994219653179,1.94191826863608e-05,"Bacteria","Bacteroidetes","Flavobacteriia","Flavobacteriales","Cryomorphaceae","Owenweeksia"
"KR737579.1.1474",181,18,0.104046242774566,3.52918658914364e-05,"Archaea","Thaumarchaeota","Marine",NA,NA,NA
"KR919910.1.1259",76,37,0.213872832369942,1.59331686455017e-05,"Bacteria","Verrucomicrobia","Arctic97B-4",NA,NA,NA
"KR919924.1.1235",472,71,0.410404624277457,0.000122997449453499,"Bacteria","Cyanobacteria","Chloroplast","uncultured",NA,NA
"KR998403.1.1739",248,65,0.375722543352601,7.21377911352429e-05,"Eukaryota","SAR","Stramenopiles","Ochrophyta","Bolidomonas","Triparma"
"KT185140.1.1391",136,33,0.190751445086705,4.17137195617559e-05,"Bacteria","Proteobacteria","Alphaproteobacteria","Rhodobacterales","Rhodobacteraceae","Pelagicola"
"KT265740.1.1464",311,22,0.127167630057803,6.75147350802894e-05,"Bacteria","Proteobacteria","Alphaproteobacteria","Rhodospirillales","Ferrovibrio",NA
"KT308350.1.1435",64,19,0.109826589595376,1.82952266396482e-05,"Bacteria","Bacteroidetes","Flavobacteriia","Flavobacteriales","Cryomorphaceae","uncultured"
"KT308403.1.1399",102,53,0.30635838150289,2.63113781641946e-05,"Bacteria","Bacteroidetes","Flavobacteriia","Flavobacteriales","Cryomorphaceae","uncultured"
"KT308404.1.1355",499,45,0.260115606936416,0.00011164682911517,"Bacteria","Bacteroidetes","Flavobacteriia","Flavobacteriales","Cryomorphaceae","uncultured"
"KT361226.1.1504",377,81,0.468208092485549,9.71903917898285e-05,"Bacteria","Proteobacteria","Alphaproteobacteria","SAR11",NA,NA
"KT361234.1.1431",74,28,0.161849710982659,2.37368672033455e-05,"Bacteria","Cyanobacteria","Cyanobacteria","SubsectionI","FamilyI","Synechococcus"
"KT361250.1.1415",7321,116,0.670520231213873,0.00188285527145994,"Bacteria","Proteobacteria","Alphaproteobacteria","SAR11",NA,NA
"KT361281.1.1413",747,129,0.745664739884393,0.000197532628254753,"Bacteria","Proteobacteria","Alphaproteobacteria","SAR11",NA,NA
"KT361389.1.1480",206,26,0.15028901734104,4.30489885397095e-05,"Bacteria","Acidobacteria","Subgroup",NA,NA,NA
"KT383846.1.1477",316,28,0.161849710982659,6.83147828805904e-05,"Bacteria","Proteobacteria","Alphaproteobacteria","Sphingomonadales","Erythrobacteraceae","Croceicoccus"
"KT384169.1.1446",87,25,0.144508670520231,1.81113642088066e-05,"Bacteria","Bacteroidetes","Flavobacteriia","Flavobacteriales","Flavobacteriaceae","Marixanthomonas"
"KT454134.1.916",54,31,0.179190751445087,1.40333546388637e-05,"Archaea","Euryarchaeota","Thermoplasmata","Thermoplasmatales","Marine",NA
"KT454136.1.915",818,76,0.439306358381503,0.000226981010231746,"Archaea","Euryarchaeota","Thermoplasmata","Thermoplasmatales","Marine",NA
"KT454165.1.913",491,67,0.38728323699422,0.000120751390504731,"Archaea","Euryarchaeota","Thermoplasmata","Thermoplasmatales","Marine",NA
"KT454169.1.912",613,87,0.502890173410405,0.000144987399128065,"Archaea","Euryarchaeota","Thermoplasmata","Thermoplasmatales","Marine",NA
"KT454200.1.915",764,80,0.46242774566474,0.000194635665779941,"Archaea","Euryarchaeota","Thermoplasmata","Thermoplasmatales","Marine",NA
"KT454206.1.915",147,39,0.225433526011561,3.2665593108574e-05,"Archaea","Euryarchaeota","Thermoplasmata","Thermoplasmatales","Marine",NA
"KT454224.1.915",3094,65,0.375722543352601,0.000593796913715903,"Archaea","Euryarchaeota","Thermoplasmata","Thermoplasmatales","Marine",NA
"KT454230.1.915",1302,101,0.583815028901734,0.000269372316733893,"Archaea","Euryarchaeota","Thermoplasmata","Thermoplasmatales","Marine",NA
"KT454231.1.915",375,67,0.38728323699422,8.48792718288226e-05,"Archaea","Euryarchaeota","Thermoplasmata","Thermoplasmatales","Marine",NA
"KT454240.1.915",1259,72,0.416184971098266,0.000250920448160429,"Archaea","Euryarchaeota","Thermoplasmata","Thermoplasmatales","Marine",NA
"KT454244.1.915",251,60,0.346820809248555,5.72831493216791e-05,"Archaea","Euryarchaeota","Thermoplasmata","Thermoplasmatales","Marine",NA
"KT454291.1.914",1386,44,0.254335260115607,0.000289705516625216,"Archaea","Thaumarchaeota","Marine",NA,NA,NA
"KT454296.1.914",98,23,0.132947976878613,1.85518700009171e-05,"Archaea","Thaumarchaeota","Marine",NA,NA,NA
"KT710822.1.1337",302,31,0.179190751445087,9.47211044376024e-05,"Bacteria","Proteobacteria","Gammaproteobacteria","Pseudomonadales","Pseudomonadaceae","Pseudomonas"
"KT748576.1.1503",178,46,0.265895953757225,3.97770146605073e-05,"Bacteria","Proteobacteria","Alphaproteobacteria","Rhodospirillales","Rhodospirillaceae","uncultured"
"KT860673.1.1749",85,35,0.202312138728324,2.00502386690636e-05,"Eukaryota","Archaeplastida","Chloroplastida","Chlorophyta","Clade",NA
"KT861006.1.1622",199,19,0.109826589595376,5.62227828408154e-05,"Eukaryota","SAR","Stramenopiles","Ochrophyta","Diatomea","Bacillariophytina"
"KT878670.1.1759",114,39,0.225433526011561,2.92585206618875e-05,"Eukaryota","Haptophyta","Prymnesiophyceae","Prymnesiales","Chrysochromulina","Chrysochromulina"
"KT880254.1.1490",66,42,0.242774566473988,1.39179546655508e-05,"Bacteria","Proteobacteria","Deltaproteobacteria","Oligoflexales","Oligoflexaceae","uncultured"
"KT880276.1.1433",248,44,0.254335260115607,6.23382980860165e-05,"Bacteria","Gracilibacteria","uncultured",NA,NA,NA
"KT880285.1.1489",131,19,0.109826589595376,3.86723411864455e-05,"Bacteria","Bacteroidetes","Flavobacteriia","Flavobacteriales","Cryomorphaceae","uncultured"
"KT880316.1.1435",2409,90,0.520231213872832,0.000636094567964695,"Bacteria","Cyanobacteria","Cyanobacteria","SubsectionI","FamilyI","Synechococcus"
"KT880376.1.1471",380,89,0.514450867052023,0.000108797552484633,"Bacteria","Planctomycetes","Planctomycetacia","Planctomycetales","Planctomycetaceae","uncultured"
"KT907016.1.1462",62,19,0.109826589595376,1.99608428971133e-05,"Bacteria","Proteobacteria","Gammaproteobacteria","Alteromonadales","Pseudoalteromonadaceae","Pseudoalteromonas"
"KT952686.1.1503",277,51,0.294797687861272,5.6981004267893e-05,"Bacteria","Verrucomicrobia","Verrucomicrobiae","Verrucomicrobiales","Verrucomicrobiaceae","Roseibacillus"
"KT952689.1.1492",103,19,0.109826589595376,2.31058755242992e-05,"Bacteria","Bacteroidetes","Flavobacteriia","Flavobacteriales","Flavobacteriaceae","Winogradskyella"
"KU140414.1.1539",571,101,0.583815028901734,0.000135543226951857,"Bacteria","Proteobacteria","Gammaproteobacteria","Vibrionales","Vibrionaceae","uncultured"
"KU174197.1.1489",1099,29,0.167630057803468,0.000198250058256761,"Bacteria","Bacteroidetes","Flavobacteriia","Flavobacteriales","Flavobacteriaceae","Euzebyella"
"KU243179.1.1272",1980,100,0.578034682080925,0.000522018822698372,"Bacteria","Proteobacteria","Alphaproteobacteria","SAR11",NA,NA
"KU243180.1.1263",860,110,0.635838150289017,0.00020691323228078,"Bacteria","Proteobacteria","Alphaproteobacteria","SAR11",NA,NA
"KU243194.1.1272",1016,102,0.589595375722543,0.000248642941908406,"Bacteria","Proteobacteria","SPOTSOCT00m83","uncultured",NA,NA
"KU243230.1.1307",2397,104,0.601156069364162,0.000612431246472042,"Bacteria","Proteobacteria","Gammaproteobacteria","Oceanospirillales","SAR86",NA
"KU243238.1.1310",903,72,0.416184971098266,0.000252038748737437,"Bacteria","Proteobacteria","Gammaproteobacteria","Gammaproteobacteria",NA,NA
"KU243239.1.1302",386,52,0.300578034682081,7.87341486213228e-05,"Bacteria","Proteobacteria","Gammaproteobacteria","Legionellales","Coxiellaceae","Coxiella"
"KU320874.1.1367",148,43,0.248554913294798,3.28663359818665e-05,"Bacteria","Proteobacteria","Gammaproteobacteria","Alteromonadales","Alteromonadaceae","Alteromonas"
"KU321283.1.1416",70,34,0.196531791907514,1.67673311608992e-05,"Bacteria","Proteobacteria","Alphaproteobacteria","Sphingomonadales","Erythrobacteraceae","Erythrobacter"
"KU898192.1.1445",1328,95,0.549132947976879,0.000259999898003296,"Bacteria","Proteobacteria","Alphaproteobacteria","SAR11",NA,NA
"KU898233.1.1480",1819,42,0.242774566473988,0.000360279524428742,"Bacteria","Verrucomicrobia","Arctic97B-4",NA,NA,NA
"KX097109.1.1501",165,31,0.179190751445087,3.3662890663928e-05,"Bacteria","Proteobacteria","Gammaproteobacteria","Oceanospirillales","OM182",NA
"KX097187.1.1514",173,27,0.15606936416185,3.51448169396386e-05,"Bacteria","Acidobacteria","Subgroup",NA,NA,NA
"KX097258.1.1498",223,47,0.271676300578035,4.85734579329482e-05,"Bacteria","Planctomycetes","Planctomycetacia","Planctomycetales","Planctomycetaceae","Blastopirellula"
"KX097291.1.1533",242,38,0.219653179190751,5.58146082722527e-05,"Bacteria","Proteobacteria","Deltaproteobacteria","Oligoflexales","Oligoflexaceae","uncultured"
"KX097590.1.1508",73,19,0.109826589595376,1.54950767191431e-05,"Bacteria","Acidobacteria","Subgroup",NA,NA,NA
"L10937.1.1297",198,29,0.167630057803468,6.6591954172256e-05,"Bacteria","Bacteroidetes","Flavobacteriia","Flavobacteriales","Flavobacteriaceae","uncultured"
"L10950.1.1429",64,18,0.104046242774566,1.61091550855319e-05,"Bacteria","Proteobacteria","Gammaproteobacteria","Alteromonadales","Colwelliaceae","Colwellia"
"L27633.3.1712",370,67,0.38728323699422,9.35105062013074e-05,"Eukaryota","SAR","Stramenopiles","Bicosoecida","Cafeteria","Cafeteria"
"L35460.1.1298",167,57,0.329479768786127,4.13545743821036e-05,"Bacteria","Proteobacteria","Alphaproteobacteria","Rhodobacterales","Rhodobacteraceae","uncultured"
"LADL02000502.18689.20166",631,73,0.421965317919075,0.000151061059348419,"Bacteria","Proteobacteria","Alphaproteobacteria","Rhodospirillales","Rhodospirillaceae","Magnetospira"
"LC075347.1.1480",998,26,0.15028901734104,0.000306687979934668,"Bacteria","Proteobacteria","Gammaproteobacteria","Oceanospirillales","OM182",NA
"LC081028.1.1465",125,18,0.104046242774566,2.75141675107087e-05,"Bacteria","Chloroflexi","SAR202",NA,NA,NA
"LC081037.1.1463",1423,46,0.265895953757225,0.000292207978433033,"Bacteria","Chloroflexi","SAR202",NA,NA,NA
"LC081098.1.1457",2188,67,0.38728323699422,0.000500069173595388,"Bacteria","Proteobacteria","Gammaproteobacteria","Thiotrichales","Thiotrichaceae","Thiothrix"
"LC081107.1.1647",50,19,0.109826589595376,1.07156402426907e-05,"Bacteria","Chloroflexi","SAR202",NA,NA,NA
"LC081114.1.1477",96,22,0.127167630057803,2.22608408777671e-05,"Bacteria","Chloroflexi","SAR202",NA,NA,NA
"LC081123.1.1488",103,22,0.127167630057803,2.30338351076951e-05,"Bacteria","Chloroflexi","SAR202",NA,NA,NA
"LDPE01000003.155196.156720",188,28,0.161849710982659,5.34132877749532e-05,"Bacteria","Bacteroidetes","Flavobacteriia","Flavobacteriales","Flavobacteriaceae","Maribacter"
"LFLA01000018.34905.36406",60,36,0.208092485549133,1.39168829138469e-05,"Bacteria","Nitrospinae","Nitrospinia","Nitrospinales","Nitrospinaceae","uncultured"
"LIDE01000026.44634.46173",374,43,0.248554913294798,9.57140127791792e-05,"Bacteria","Proteobacteria","Gammaproteobacteria","Cellvibrionales","Porticoccaceae","SAR92"
"LKTP01000016.3860.5394",177,42,0.242774566473988,4.36629847476474e-05,"Bacteria","Bacteroidetes","Flavobacteriia","Flavobacteriales","Flavobacteriaceae","Salegentibacter"
"LN561284.1.1354",53,22,0.127167630057803,1.12084380272808e-05,"Bacteria","Actinobacteria","Actinobacteria","Micrococcales","Microbacteriaceae","uncultured"
"LN565698.1.1377",120,29,0.167630057803468,2.82248943017728e-05,"Bacteria","Proteobacteria","Gammaproteobacteria","Oceanospirillales","Alcanivoracaceae","Alcanivorax"
"LRPC01000004.3825.5339",181,41,0.236994219653179,4.41424392940858e-05,"Bacteria","Bacteroidetes","Cytophagia","Cytophagales","Flammeovirgaceae","Roseivirga"
"LT009693.1.1402",183,26,0.15028901734104,3.90450592540551e-05,"Bacteria","Proteobacteria","Gammaproteobacteria","Salinisphaerales","Salinisphaeraceae","Salinisphaera"
"LUNM01000108.5034.6576",5574,100,0.578034682080925,0.00119997085491807,"Bacteria","Marinimicrobia",NA,NA,NA,NA
"LUPL01000009.561.2058",466,33,0.190751445086705,9.45443683387725e-05,"Bacteria","Actinobacteria","Actinobacteria","Propionibacteriales","Nocardioidaceae","Nocardioides"
"LUQB01000002.1564.3001",428,46,0.265895953757225,9.70237340025773e-05,"Bacteria","Proteobacteria","Gammaproteobacteria","Oceanospirillales","SAR86",NA
"LUQC01000010.1162.2580",3570,111,0.641618497109827,0.000865858784386746,"Bacteria","Bacteroidetes","Flavobacteriia","Flavobacteriales","Flavobacteriaceae","NS5"
"LURN01000019.4268.5790",5234,102,0.589595375722543,0.0011941521228704,"Bacteria","Proteobacteria","Gammaproteobacteria","Salinisphaerales","Salinisphaeraceae","ZD0417"
"LURP01000141.205.1647",1658,88,0.508670520231214,0.000392841236374919,"Archaea","Euryarchaeota","Thermoplasmata","Thermoplasmatales","Marine",NA
"LURS01000008.4011.5466",2936,98,0.566473988439306,0.000676052981207984,"Archaea","Euryarchaeota","Thermoplasmata","Thermoplasmatales","Marine",NA
"LWDU01000165.2419.3885",220,36,0.208092485549133,6.06745226017706e-05,"Bacteria","Proteobacteria","Alphaproteobacteria","Rhodospirillales","Rhodospirillaceae","uncultured"
"LWDU01000282.1768.3232",91,24,0.138728323699422,2.54079663395114e-05,"Bacteria","Proteobacteria","Alphaproteobacteria","Alphaproteobacteria",NA,NA
"LWDU01000886.2374.3872",304,41,0.236994219653179,8.15818518602516e-05,"Bacteria","Verrucomicrobia","Arctic97B-4",NA,NA,NA
"LWDU01003499.2479.4016",334,35,0.202312138728324,7.18329318403439e-05,"Bacteria","PAUC34f","hydrothermal",NA,NA,NA
"LWDU01004388.429.1913",600,37,0.213872832369942,0.000145703825887627,"Bacteria","Chloroflexi","SAR202",NA,NA,NA
"LWDU01009349.384.1885",128,60,0.346820809248555,2.87098954477235e-05,"Bacteria","Proteobacteria","Deltaproteobacteria","Bdellovibrionales","Bacteriovoracaceae","uncultured"
"LWDU01011584.2366.3568",293,55,0.317919075144509,7.3013455547535e-05,"Bacteria","Proteobacteria","Alphaproteobacteria","Rhodospirillales","Rhodospirillaceae","uncultured"
"LWDU01018477.765.2200",1093,49,0.283236994219653,0.000333458938238151,"Archaea","Euryarchaeota","Thermoplasmata","Thermoplasmatales","Marine",NA
"LWDU01029386.266.1986",75,24,0.138728323699422,2.20288492300774e-05,"Eukaryota","Opisthokonta","Holozoa","Metazoa",NA,NA
"LWDU01033394.28748.30240",366,40,0.23121387283237,0.000105461719756685,"Bacteria","Planctomycetes","Planctomycetacia","Planctomycetales","Planctomycetaceae","Rhodopirellula"
"LWDU01034400.8868.10368",3700,46,0.265895953757225,0.000745141698996163,"Bacteria","Bacteroidetes","Cytophagia","Cytophagales","Flammeovirgaceae","Marinoscillum"
"LWDU01034757.1891.3260",99,37,0.213872832369942,2.43844782863527e-05,"Bacteria","Proteobacteria","Gammaproteobacteria","Thiotrichales","Thiotrichaceae","Thiothrix"
"LWDU01034825.2806.4215",183,32,0.184971098265896,5.1869665692754e-05,"Bacteria","Bacteroidetes","Flavobacteriia","Flavobacteriales","Flavobacteriaceae","NS4"
"LWDU01034907.2867.4325",4259,102,0.589595375722543,0.000944053164752447,"Bacteria","Bacteroidetes","Flavobacteriia","Flavobacteriales","Flavobacteriaceae","NS5"
"LWDU01035486.22350.23747",2178,81,0.468208092485549,0.000638258058231136,"Bacteria","Proteobacteria","Gammaproteobacteria","Oceanospirillales","OM182",NA
"LWDU01039582.6136.7672",579,63,0.364161849710983,0.00012932273340943,"Bacteria","PAUC34f","hydrothermal",NA,NA,NA
"LWDU01040116.143208.144688",359,36,0.208092485549133,8.27038603950813e-05,"Bacteria","Chloroflexi","SAR202",NA,NA,NA
"LWDU01041134.18471.19972",690,100,0.578034682080925,0.000184845301601835,"Bacteria","Bacteroidetes","Flavobacteriia","Flavobacteriales","NS9",NA
"LWDU01041646.116616.118109",210,42,0.242774566473988,4.57256245717521e-05,"Bacteria","Chloroflexi","SAR202",NA,NA,NA
"LWDU01042499.49138.50666",339,31,0.179190751445087,7.45455666041841e-05,"Bacteria","Planctomycetes","Pla3",NA,NA,NA
"LWDU01043676.247.1705",142,33,0.190751445086705,4.01990406205557e-05,"Bacteria","Bacteroidetes","Flavobacteriia","Flavobacteriales","NS9",NA
"LWDU01044435.2029.3537",1283,43,0.248554913294798,0.000372884266136693,"Bacteria","Proteobacteria","Gammaproteobacteria","Oceanospirillales","SAR86",NA
"LWDU01044685.35589.37130",1110,86,0.497109826589595,0.000248819233135289,"Bacteria","Marinimicrobia",NA,NA,NA,NA
"LWFP01001472.3412.4949",2588,50,0.289017341040462,0.000691022933215949,"Bacteria","Proteobacteria","Gammaproteobacteria","Oceanospirillales","Oceanospirillaceae","Oleibacter"
"LWHM01000022.3698.5216",52,28,0.161849710982659,1.10439137253602e-05,"Bacteria","Proteobacteria","Gammaproteobacteria","Oceanospirillales","Oceanospirillaceae","Pseudohongiella"
"U14387.1.1810",159,24,0.138728323699422,4.9276882027873e-05,"Eukaryota","SAR","Stramenopiles","Ochrophyta","Dictyochophyceae","Pedinellales"
"U34043.1.1552",1412,117,0.676300578034682,0.000317173478869311,"Bacteria","Marinimicrobia",NA,NA,NA,NA
"U40238.31654.33126",7652,109,0.630057803468208,0.00173684958914211,"Archaea","Thaumarchaeota","Marine",NA,NA,NA
"U53123.1.1839",85,27,0.15606936416185,1.90017354727045e-05,"Eukaryota","Cryptophyceae","Cryptomonadales","Geminigera","Geminigera",NA
"U65915.1.1495",237,77,0.445086705202312,5.84251229017266e-05,"Bacteria","Proteobacteria","Deltaproteobacteria","SAR324",NA,NA
"U70717.1.1463",285,61,0.352601156069364,7.78023453744433e-05,"Bacteria","Cyanobacteria","Chloroplast","uncultured",NA,NA
"U70723.1.1475",757,81,0.468208092485549,0.00019253805534532,"Bacteria","Cyanobacteria","Chloroplast","uncultured",NA,NA
"U70724.1.1482",248,25,0.144508670520231,7.07730695871511e-05,"Bacteria","Cyanobacteria","Chloroplast","unidentified",NA,NA
"U71109.1.1350",1075,56,0.323699421965318,0.000214255690374991,"Archaea","Thaumarchaeota","Marine",NA,NA,NA
"U73726.1.1440",356,24,0.138728323699422,8.70322139515457e-05,"Bacteria","Bacteroidetes","Flavobacteriia","Flavobacteriales","Flavobacteriaceae","Polaribacter"
"U75254.1.1466",1312,108,0.624277456647399,0.000285380305554742,"Bacteria","Proteobacteria","Alphaproteobacteria","SAR11",NA,NA
"U75256.1.1466",1508,99,0.572254335260116,0.000321015539351116,"Bacteria","Proteobacteria","Alphaproteobacteria","SAR11",NA,NA
"U75257.1.1467",2000,93,0.53757225433526,0.000410181188607976,"Bacteria","Proteobacteria","Alphaproteobacteria","SAR11",NA,NA
"U75258.1.1467",445,74,0.427745664739884,9.27546479451902e-05,"Bacteria","Proteobacteria","Alphaproteobacteria","SAR11",NA,NA
"U75649.1.1471",1367,121,0.699421965317919,0.000301660144017351,"Bacteria","Proteobacteria","Alphaproteobacteria","SAR11",NA,NA
"X82155.1.1486",119,27,0.15606936416185,3.30409898544834e-05,"Bacteria","Cyanobacteria","Chloroplast","Skeletonema",NA,NA
"X85401.1.1800",122,27,0.15606936416185,3.50395201279145e-05,"Eukaryota","SAR","Stramenopiles","Ochrophyta","Diatomea","Coscinodiscophytina"
"X99077.1111.2593",105,47,0.271676300578035,2.57469904716327e-05,"Bacteria","Cyanobacteria","Chloroplast","Ochrosphaera",NA,NA
"Z19551.1.1914",206,41,0.236994219653179,5.6015897821989e-05,"Eukaryota","Opisthokonta","Holozoa","Metazoa",NA,NA
