"Panel","PanelLabel","Covariate","CovariateLabel","SampleID","Taxon","RelativeAbundance","SamplePlotID"
"a","Arctic Ocean","Depth.nominal","Depth (m)","TARA_B110000263","Chloroplast (class)",0.467710791675606,"S1"
"a","Arctic Ocean","Depth.nominal","Depth (m)","TARA_B110000263","NS9 (family)",2.77622827719374,"S1"
"a","Arctic Ocean","Depth.nominal","Depth (m)","TARA_B110000263","SAR11 (order)",8.75777730100837,"S1"
"a","Arctic Ocean","Depth.nominal","Depth (m)","TARA_B110000263","Cryomorphaceae (family)",0.493456339841236,"S1"
"a","Arctic Ocean","Depth.nominal","Depth (m)","TARA_B110000263","NS5 (genus)",2.42008152756919,"S1"
"a","Arctic Ocean","Depth.nominal","Depth (m)","TARA_B110000263","OM182 (family)",0.699420725166273,"S1"
"a","Arctic Ocean","Depth.nominal","Depth (m)","TARA_B110000263","Polaribacter (genus)",0.214546234713581,"S1"
"a","Arctic Ocean","Depth.nominal","Depth (m)","TARA_B110000263","Marinimicrobia (phylum)",11.1006221840807,"S1"
"a","Arctic Ocean","Depth.nominal","Depth (m)","TARA_B110000263","SAR92 (genus)",0.0986912679682471,"S1"
"a","Arctic Ocean","Depth.nominal","Depth (m)","TARA_B110000263","AEGEAN-169 (genus)",3.39841235786312,"S1"
"a","Arctic Ocean","Depth.nominal","Depth (m)","TARA_B110000263","Piscirickettsiaceae (family)",0.0386183222484445,"S1"
"a","Arctic Ocean","Depth.nominal","Depth (m)","TARA_B110000263","Marine (family)",5.91289422870629,"S1"
"a","Arctic Ocean","Depth.nominal","Depth (m)","TARA_B110000263","Marinoscillum (genus)",0.793821068440249,"S1"
"a","Arctic Ocean","Depth.nominal","Depth (m)","TARA_B110000263","NS7 (family)",0.141600514910963,"S1"
"a","Arctic Ocean","Depth.nominal","Depth (m)","TARA_B110000263","SAR86 (family)",7.06715297146535,"S1"
"a","Arctic Ocean","Depth.nominal","Depth (m)","TARA_B110000263","Formosa (genus)",0.00429092469427161,"S1"
"a","Arctic Ocean","Depth.nominal","Depth (m)","TARA_B110000263","NS11-12 (family)",0.00429092469427161,"S1"
"a","Arctic Ocean","Depth.nominal","Depth (m)","TARA_B110000263","Flavobacteriaceae (family)",0.10727311735679,"S1"
"a","Arctic Ocean","Depth.nominal","Depth (m)","TARA_B110000263","Phaeocystis (family)",0.0300364728599013,"S1"
"a","Arctic Ocean","Depth.nominal","Depth (m)","TARA_B110000263","Others",55.4730744475434,"S1"
"a","Arctic Ocean","Depth.nominal","Depth (m)","TARA_B110000116","Chloroplast (class)",4.12713662383411,"S2"
"a","Arctic Ocean","Depth.nominal","Depth (m)","TARA_B110000116","NS9 (family)",4.83567511308595,"S2"
"a","Arctic Ocean","Depth.nominal","Depth (m)","TARA_B110000116","SAR11 (order)",7.22549137344382,"S2"
"a","Arctic Ocean","Depth.nominal","Depth (m)","TARA_B110000116","Cryomorphaceae (family)",0.908690604859693,"S2"
"a","Arctic Ocean","Depth.nominal","Depth (m)","TARA_B110000116","NS5 (genus)",1.49713782474681,"S2"
"a","Arctic Ocean","Depth.nominal","Depth (m)","TARA_B110000116","OM182 (family)",0.744565870061247,"S2"
"a","Arctic Ocean","Depth.nominal","Depth (m)","TARA_B110000116","Polaribacter (genus)",1.33301308994836,"S2"
"a","Arctic Ocean","Depth.nominal","Depth (m)","TARA_B110000116","Marinimicrobia (phylum)",9.09090909090909,"S2"
"a","Arctic Ocean","Depth.nominal","Depth (m)","TARA_B110000116","SAR92 (genus)",0.588447219887114,"S2"
"a","Arctic Ocean","Depth.nominal","Depth (m)","TARA_B110000116","AEGEAN-169 (genus)",3.16240342660422,"S2"
"a","Arctic Ocean","Depth.nominal","Depth (m)","TARA_B110000116","Piscirickettsiaceae (family)",0.220167327168648,"S2"
"a","Arctic Ocean","Depth.nominal","Depth (m)","TARA_B110000116","Marine (family)",4.2872583163204,"S2"
"a","Arctic Ocean","Depth.nominal","Depth (m)","TARA_B110000116","Marinoscillum (genus)",0.636483727633001,"S2"
"a","Arctic Ocean","Depth.nominal","Depth (m)","TARA_B110000116","NS7 (family)",0.148112565549818,"S2"
"a","Arctic Ocean","Depth.nominal","Depth (m)","TARA_B110000116","SAR86 (family)",5.06785156719106,"S2"
"a","Arctic Ocean","Depth.nominal","Depth (m)","TARA_B110000116","Formosa (genus)",0.0880669308674593,"S2"
"a","Arctic Ocean","Depth.nominal","Depth (m)","TARA_B110000116","NS11-12 (family)",0.016012169248629,"S2"
"a","Arctic Ocean","Depth.nominal","Depth (m)","TARA_B110000116","Flavobacteriaceae (family)",0.224170369480805,"S2"
"a","Arctic Ocean","Depth.nominal","Depth (m)","TARA_B110000116","Phaeocystis (family)",0.432328569712982,"S2"
"a","Arctic Ocean","Depth.nominal","Depth (m)","TARA_B110000116","Others",55.3660782194468,"S2"
"a","Arctic Ocean","Depth.nominal","Depth (m)","TARA_B110000196","Chloroplast (class)",1.17777199375325,"S3"
"a","Arctic Ocean","Depth.nominal","Depth (m)","TARA_B110000196","NS9 (family)",3.20145757418011,"S3"
"a","Arctic Ocean","Depth.nominal","Depth (m)","TARA_B110000196","SAR11 (order)",7.50910983862572,"S3"
"a","Arctic Ocean","Depth.nominal","Depth (m)","TARA_B110000196","Cryomorphaceae (family)",0.49453409682457,"S3"
"a","Arctic Ocean","Depth.nominal","Depth (m)","TARA_B110000196","NS5 (genus)",1.25260281103592,"S3"
"a","Arctic Ocean","Depth.nominal","Depth (m)","TARA_B110000196","OM182 (family)",0.75481520041645,"S3"
"a","Arctic Ocean","Depth.nominal","Depth (m)","TARA_B110000196","Polaribacter (genus)",0.263534617386778,"S3"
"a","Arctic Ocean","Depth.nominal","Depth (m)","TARA_B110000196","Marinimicrobia (phylum)",7.64575741801145,"S3"
"a","Arctic Ocean","Depth.nominal","Depth (m)","TARA_B110000196","SAR92 (genus)",0.204971369078605,"S3"
"a","Arctic Ocean","Depth.nominal","Depth (m)","TARA_B110000196","AEGEAN-169 (genus)",2.27095262883915,"S3"
"a","Arctic Ocean","Depth.nominal","Depth (m)","TARA_B110000196","Piscirickettsiaceae (family)",0.406689224362311,"S3"
"a","Arctic Ocean","Depth.nominal","Depth (m)","TARA_B110000196","Marine (family)",3.63417490890161,"S3"
"a","Arctic Ocean","Depth.nominal","Depth (m)","TARA_B110000196","Marinoscillum (genus)",0.270041644976575,"S3"
"a","Arctic Ocean","Depth.nominal","Depth (m)","TARA_B110000196","NS7 (family)",0.17243623112962,"S3"
"a","Arctic Ocean","Depth.nominal","Depth (m)","TARA_B110000196","SAR86 (family)",4.50611660593441,"S3"
"a","Arctic Ocean","Depth.nominal","Depth (m)","TARA_B110000196","Formosa (genus)",0.00325351379489849,"S3"
"a","Arctic Ocean","Depth.nominal","Depth (m)","TARA_B110000196","NS11-12 (family)",0,"S3"
"a","Arctic Ocean","Depth.nominal","Depth (m)","TARA_B110000196","Flavobacteriaceae (family)",0.0585632483081728,"S3"
"a","Arctic Ocean","Depth.nominal","Depth (m)","TARA_B110000196","Phaeocystis (family)",5.09825611660593,"S3"
"a","Arctic Ocean","Depth.nominal","Depth (m)","TARA_B110000196","Others",61.0749609578345,"S3"
"a","Arctic Ocean","Depth.nominal","Depth (m)","TARA_B110000495","Chloroplast (class)",0.852462383813485,"S4"
"a","Arctic Ocean","Depth.nominal","Depth (m)","TARA_B110000495","NS9 (family)",4.66286653314846,"S4"
"a","Arctic Ocean","Depth.nominal","Depth (m)","TARA_B110000495","SAR11 (order)",8.07785138396754,"S4"
"a","Arctic Ocean","Depth.nominal","Depth (m)","TARA_B110000495","Cryomorphaceae (family)",2.34170389770451,"S4"
"a","Arctic Ocean","Depth.nominal","Depth (m)","TARA_B110000495","NS5 (genus)",3.42012016638422,"S4"
"a","Arctic Ocean","Depth.nominal","Depth (m)","TARA_B110000495","OM182 (family)",1.55600061623787,"S4"
"a","Arctic Ocean","Depth.nominal","Depth (m)","TARA_B110000495","Polaribacter (genus)",0.821650490422636,"S4"
"a","Arctic Ocean","Depth.nominal","Depth (m)","TARA_B110000495","Marinimicrobia (phylum)",5.67452369948133,"S4"
"a","Arctic Ocean","Depth.nominal","Depth (m)","TARA_B110000495","SAR92 (genus)",0.364607405125045,"S4"
"a","Arctic Ocean","Depth.nominal","Depth (m)","TARA_B110000495","AEGEAN-169 (genus)",2.61387562265701,"S4"
"a","Arctic Ocean","Depth.nominal","Depth (m)","TARA_B110000495","Piscirickettsiaceae (family)",0.780567965901505,"S4"
"a","Arctic Ocean","Depth.nominal","Depth (m)","TARA_B110000495","Marine (family)",5.67965901504647,"S4"
"a","Arctic Ocean","Depth.nominal","Depth (m)","TARA_B110000495","Marinoscillum (genus)",1.39167051815334,"S4"
"a","Arctic Ocean","Depth.nominal","Depth (m)","TARA_B110000495","NS7 (family)",0.682996970163817,"S4"
"a","Arctic Ocean","Depth.nominal","Depth (m)","TARA_B110000495","SAR86 (family)",3.85148667385611,"S4"
"a","Arctic Ocean","Depth.nominal","Depth (m)","TARA_B110000495","Formosa (genus)",0.164330098084527,"S4"
"a","Arctic Ocean","Depth.nominal","Depth (m)","TARA_B110000495","NS11-12 (family)",0.251630462691932,"S4"
"a","Arctic Ocean","Depth.nominal","Depth (m)","TARA_B110000495","Flavobacteriaceae (family)",0.811379859292354,"S4"
"a","Arctic Ocean","Depth.nominal","Depth (m)","TARA_B110000495","Phaeocystis (family)",0.154059466954244,"S4"
"a","Arctic Ocean","Depth.nominal","Depth (m)","TARA_B110000495","Others",55.8465567709136,"S4"
"a","Arctic Ocean","Depth.nominal","Depth (m)","TARA_B110000438","Chloroplast (class)",0.356104651162791,"S5"
"a","Arctic Ocean","Depth.nominal","Depth (m)","TARA_B110000438","NS9 (family)",2.39098837209302,"S5"
"a","Arctic Ocean","Depth.nominal","Depth (m)","TARA_B110000438","SAR11 (order)",12.7616279069767,"S5"
"a","Arctic Ocean","Depth.nominal","Depth (m)","TARA_B110000438","Cryomorphaceae (family)",0.864825581395349,"S5"
"a","Arctic Ocean","Depth.nominal","Depth (m)","TARA_B110000438","NS5 (genus)",1.2281976744186,"S5"
"a","Arctic Ocean","Depth.nominal","Depth (m)","TARA_B110000438","OM182 (family)",0.813953488372093,"S5"
"a","Arctic Ocean","Depth.nominal","Depth (m)","TARA_B110000438","Polaribacter (genus)",0.203488372093023,"S5"
"a","Arctic Ocean","Depth.nominal","Depth (m)","TARA_B110000438","Marinimicrobia (phylum)",8.20494186046512,"S5"
"a","Arctic Ocean","Depth.nominal","Depth (m)","TARA_B110000438","SAR92 (genus)",0.0726744186046512,"S5"
"a","Arctic Ocean","Depth.nominal","Depth (m)","TARA_B110000438","AEGEAN-169 (genus)",5.28343023255814,"S5"
"a","Arctic Ocean","Depth.nominal","Depth (m)","TARA_B110000438","Piscirickettsiaceae (family)",0.065406976744186,"S5"
"a","Arctic Ocean","Depth.nominal","Depth (m)","TARA_B110000438","Marine (family)",5.37790697674419,"S5"
"a","Arctic Ocean","Depth.nominal","Depth (m)","TARA_B110000438","Marinoscillum (genus)",1.73691860465116,"S5"
"a","Arctic Ocean","Depth.nominal","Depth (m)","TARA_B110000438","NS7 (family)",0.29796511627907,"S5"
"a","Arctic Ocean","Depth.nominal","Depth (m)","TARA_B110000438","SAR86 (family)",5.06540697674419,"S5"
"a","Arctic Ocean","Depth.nominal","Depth (m)","TARA_B110000438","Formosa (genus)",0.0145348837209302,"S5"
"a","Arctic Ocean","Depth.nominal","Depth (m)","TARA_B110000438","NS11-12 (family)",0,"S5"
"a","Arctic Ocean","Depth.nominal","Depth (m)","TARA_B110000438","Flavobacteriaceae (family)",0.0944767441860465,"S5"
"a","Arctic Ocean","Depth.nominal","Depth (m)","TARA_B110000438","Phaeocystis (family)",0.0363372093023256,"S5"
"a","Arctic Ocean","Depth.nominal","Depth (m)","TARA_B110000438","Others",55.1308139534884,"S5"
"a","Arctic Ocean","Depth.nominal","Depth (m)","TARA_B110001454","Chloroplast (class)",0.927027873473223,"S6"
"a","Arctic Ocean","Depth.nominal","Depth (m)","TARA_B110001454","NS9 (family)",1.81647353585969,"S6"
"a","Arctic Ocean","Depth.nominal","Depth (m)","TARA_B110001454","SAR11 (order)",9.58972752896962,"S6"
"a","Arctic Ocean","Depth.nominal","Depth (m)","TARA_B110001454","Cryomorphaceae (family)",0.206702160977138,"S6"
"a","Arctic Ocean","Depth.nominal","Depth (m)","TARA_B110001454","NS5 (genus)",2.46789852803007,"S6"
"a","Arctic Ocean","Depth.nominal","Depth (m)","TARA_B110001454","OM182 (family)",0.363294707171939,"S6"
"a","Arctic Ocean","Depth.nominal","Depth (m)","TARA_B110001454","Polaribacter (genus)",0.76417162543063,"S6"
"a","Arctic Ocean","Depth.nominal","Depth (m)","TARA_B110001454","Marinimicrobia (phylum)",7.96116504854369,"S6"
"a","Arctic Ocean","Depth.nominal","Depth (m)","TARA_B110001454","SAR92 (genus)",0.206702160977138,"S6"
"a","Arctic Ocean","Depth.nominal","Depth (m)","TARA_B110001454","AEGEAN-169 (genus)",2.25493266520514,"S6"
"a","Arctic Ocean","Depth.nominal","Depth (m)","TARA_B110001454","Piscirickettsiaceae (family)",0.0250548073911682,"S6"
"a","Arctic Ocean","Depth.nominal","Depth (m)","TARA_B110001454","Marine (family)",4.99843407453805,"S6"
"a","Arctic Ocean","Depth.nominal","Depth (m)","TARA_B110001454","Marinoscillum (genus)",0.350767303476354,"S6"
"a","Arctic Ocean","Depth.nominal","Depth (m)","TARA_B110001454","NS7 (family)",0.595051675540244,"S6"
"a","Arctic Ocean","Depth.nominal","Depth (m)","TARA_B110001454","SAR86 (family)",3.5389915440025,"S6"
"a","Arctic Ocean","Depth.nominal","Depth (m)","TARA_B110001454","Formosa (genus)",0.0438459129345443,"S6"
"a","Arctic Ocean","Depth.nominal","Depth (m)","TARA_B110001454","NS11-12 (family)",0.0313185092389602,"S6"
"a","Arctic Ocean","Depth.nominal","Depth (m)","TARA_B110001454","Flavobacteriaceae (family)",0.181647353585969,"S6"
"a","Arctic Ocean","Depth.nominal","Depth (m)","TARA_B110001454","Phaeocystis (family)",0.0187911055433761,"S6"
"a","Arctic Ocean","Depth.nominal","Depth (m)","TARA_B110001454","Others",63.6580018791106,"S6"
"a","Arctic Ocean","Depth.nominal","Depth (m)","TARA_B110000467","Chloroplast (class)",1.07885949139481,"S7"
"a","Arctic Ocean","Depth.nominal","Depth (m)","TARA_B110000467","NS9 (family)",4.77138453634729,"S7"
"a","Arctic Ocean","Depth.nominal","Depth (m)","TARA_B110000467","SAR11 (order)",9.87670177241202,"S7"
"a","Arctic Ocean","Depth.nominal","Depth (m)","TARA_B110000467","Cryomorphaceae (family)",1.5990238890316,"S7"
"a","Arctic Ocean","Depth.nominal","Depth (m)","TARA_B110000467","NS5 (genus)",4.04572309273054,"S7"
"a","Arctic Ocean","Depth.nominal","Depth (m)","TARA_B110000467","OM182 (family)",1.5733367582841,"S7"
"a","Arctic Ocean","Depth.nominal","Depth (m)","TARA_B110000467","Polaribacter (genus)",0.417415874646802,"S7"
"a","Arctic Ocean","Depth.nominal","Depth (m)","TARA_B110000467","Marinimicrobia (phylum)",5.4071410223478,"S7"
"a","Arctic Ocean","Depth.nominal","Depth (m)","TARA_B110000467","SAR92 (genus)",0.321089134343694,"S7"
"a","Arctic Ocean","Depth.nominal","Depth (m)","TARA_B110000467","AEGEAN-169 (genus)",3.2943745183663,"S7"
"a","Arctic Ocean","Depth.nominal","Depth (m)","TARA_B110000467","Piscirickettsiaceae (family)",0.263293090161829,"S7"
"a","Arctic Ocean","Depth.nominal","Depth (m)","TARA_B110000467","Marine (family)",3.64757256614436,"S7"
"a","Arctic Ocean","Depth.nominal","Depth (m)","TARA_B110000467","Marinoscillum (genus)",1.3036218854354,"S7"
"a","Arctic Ocean","Depth.nominal","Depth (m)","TARA_B110000467","NS7 (family)",0.603647572566144,"S7"
"a","Arctic Ocean","Depth.nominal","Depth (m)","TARA_B110000467","SAR86 (family)",2.94117647058824,"S7"
"a","Arctic Ocean","Depth.nominal","Depth (m)","TARA_B110000467","Formosa (genus)",0.128435653737478,"S7"
"a","Arctic Ocean","Depth.nominal","Depth (m)","TARA_B110000467","NS11-12 (family)",0.122013871050604,"S7"
"a","Arctic Ocean","Depth.nominal","Depth (m)","TARA_B110000467","Flavobacteriaceae (family)",0.571538659131775,"S7"
"a","Arctic Ocean","Depth.nominal","Depth (m)","TARA_B110000467","Phaeocystis (family)",0.0963267403031081,"S7"
"a","Arctic Ocean","Depth.nominal","Depth (m)","TARA_B110000467","Others",57.9373234009761,"S7"
"a","Arctic Ocean","Depth.nominal","Depth (m)","TARA_B110000914","Chloroplast (class)",0.872319146571841,"S8"
"a","Arctic Ocean","Depth.nominal","Depth (m)","TARA_B110000914","NS9 (family)",7.48972108012001,"S8"
"a","Arctic Ocean","Depth.nominal","Depth (m)","TARA_B110000914","SAR11 (order)",8.23424824980553,"S8"
"a","Arctic Ocean","Depth.nominal","Depth (m)","TARA_B110000914","Cryomorphaceae (family)",3.55039448827648,"S8"
"a","Arctic Ocean","Depth.nominal","Depth (m)","TARA_B110000914","NS5 (genus)",3.01700188909879,"S8"
"a","Arctic Ocean","Depth.nominal","Depth (m)","TARA_B110000914","OM182 (family)",2.98366485165018,"S8"
"a","Arctic Ocean","Depth.nominal","Depth (m)","TARA_B110000914","Polaribacter (genus)",2.21135681742416,"S8"
"a","Arctic Ocean","Depth.nominal","Depth (m)","TARA_B110000914","Marinimicrobia (phylum)",2.84476052894766,"S8"
"a","Arctic Ocean","Depth.nominal","Depth (m)","TARA_B110000914","SAR92 (genus)",1.89465496166241,"S8"
"a","Arctic Ocean","Depth.nominal","Depth (m)","TARA_B110000914","AEGEAN-169 (genus)",0.577841982442494,"S8"
"a","Arctic Ocean","Depth.nominal","Depth (m)","TARA_B110000914","Piscirickettsiaceae (family)",0.43338148683187,"S8"
"a","Arctic Ocean","Depth.nominal","Depth (m)","TARA_B110000914","Marine (family)",5.97288587620847,"S8"
"a","Arctic Ocean","Depth.nominal","Depth (m)","TARA_B110000914","Marinoscillum (genus)",0.700077786420713,"S8"
"a","Arctic Ocean","Depth.nominal","Depth (m)","TARA_B110000914","NS7 (family)",0.538948772085787,"S8"
"a","Arctic Ocean","Depth.nominal","Depth (m)","TARA_B110000914","SAR86 (family)",2.84476052894766,"S8"
"a","Arctic Ocean","Depth.nominal","Depth (m)","TARA_B110000914","Formosa (genus)",0.24447160795644,"S8"
"a","Arctic Ocean","Depth.nominal","Depth (m)","TARA_B110000914","NS11-12 (family)",0.43338148683187,"S8"
"a","Arctic Ocean","Depth.nominal","Depth (m)","TARA_B110000914","Flavobacteriaceae (family)",0.833425936215135,"S8"
"a","Arctic Ocean","Depth.nominal","Depth (m)","TARA_B110000914","Phaeocystis (family)",1.11123458162018,"S8"
"a","Arctic Ocean","Depth.nominal","Depth (m)","TARA_B110000914","Others",53.2114679408823,"S8"
"a","Arctic Ocean","Depth.nominal","Depth (m)","TARA_B110000881","Chloroplast (class)",0.893417684840875,"S9"
"a","Arctic Ocean","Depth.nominal","Depth (m)","TARA_B110000881","NS9 (family)",5.60197034819143,"S9"
"a","Arctic Ocean","Depth.nominal","Depth (m)","TARA_B110000881","SAR11 (order)",10.2863765876274,"S9"
"a","Arctic Ocean","Depth.nominal","Depth (m)","TARA_B110000881","Cryomorphaceae (family)",3.32737721543439,"S9"
"a","Arctic Ocean","Depth.nominal","Depth (m)","TARA_B110000881","NS5 (genus)",4.41396629159222,"S9"
"a","Arctic Ocean","Depth.nominal","Depth (m)","TARA_B110000881","OM182 (family)",2.48225237842276,"S9"
"a","Arctic Ocean","Depth.nominal","Depth (m)","TARA_B110000881","Polaribacter (genus)",2.21664171536195,"S9"
"a","Arctic Ocean","Depth.nominal","Depth (m)","TARA_B110000881","Marinimicrobia (phylum)",2.98932728062974,"S9"
"a","Arctic Ocean","Depth.nominal","Depth (m)","TARA_B110000881","SAR92 (genus)",1.1638576326846,"S9"
"a","Arctic Ocean","Depth.nominal","Depth (m)","TARA_B110000881","AEGEAN-169 (genus)",0.7147341478727,"S9"
"a","Arctic Ocean","Depth.nominal","Depth (m)","TARA_B110000881","Piscirickettsiaceae (family)",0.449123484811899,"S9"
"a","Arctic Ocean","Depth.nominal","Depth (m)","TARA_B110000881","Marine (family)",6.7803158352248,"S9"
"a","Arctic Ocean","Depth.nominal","Depth (m)","TARA_B110000881","Marinoscillum (genus)",1.13971120876998,"S9"
"a","Arctic Ocean","Depth.nominal","Depth (m)","TARA_B110000881","NS7 (family)",0.651953445694693,"S9"
"a","Arctic Ocean","Depth.nominal","Depth (m)","TARA_B110000881","SAR86 (family)",2.33737383493505,"S9"
"a","Arctic Ocean","Depth.nominal","Depth (m)","TARA_B110000881","Formosa (genus)",0.550538465253296,"S9"
"a","Arctic Ocean","Depth.nominal","Depth (m)","TARA_B110000881","NS11-12 (family)",0.415318491331434,"S9"
"a","Arctic Ocean","Depth.nominal","Depth (m)","TARA_B110000881","Flavobacteriaceae (family)",0.7147341478727,"S9"
"a","Arctic Ocean","Depth.nominal","Depth (m)","TARA_B110000881","Phaeocystis (family)",0.140049258704786,"S9"
"a","Arctic Ocean","Depth.nominal","Depth (m)","TARA_B110000881","Others",52.7309605447433,"S9"
"a","Arctic Ocean","Depth.nominal","Depth (m)","TARA_B110000285","Chloroplast (class)",4.73279776458261,"S10"
"a","Arctic Ocean","Depth.nominal","Depth (m)","TARA_B110000285","NS9 (family)",4.49412038654092,"S10"
"a","Arctic Ocean","Depth.nominal","Depth (m)","TARA_B110000285","SAR11 (order)",5.05879613459076,"S10"
"a","Arctic Ocean","Depth.nominal","Depth (m)","TARA_B110000285","Cryomorphaceae (family)",7.21271393643032,"S10"
"a","Arctic Ocean","Depth.nominal","Depth (m)","TARA_B110000285","NS5 (genus)",5.64093608103388,"S10"
"a","Arctic Ocean","Depth.nominal","Depth (m)","TARA_B110000285","OM182 (family)",4.62801257422284,"S10"
"a","Arctic Ocean","Depth.nominal","Depth (m)","TARA_B110000285","Polaribacter (genus)",2.42752357666783,"S10"
"a","Arctic Ocean","Depth.nominal","Depth (m)","TARA_B110000285","Marinimicrobia (phylum)",0.151356386075212,"S10"
"a","Arctic Ocean","Depth.nominal","Depth (m)","TARA_B110000285","SAR92 (genus)",1.08860169984864,"S10"
"a","Arctic Ocean","Depth.nominal","Depth (m)","TARA_B110000285","AEGEAN-169 (genus)",3.17848410757946,"S10"
"a","Arctic Ocean","Depth.nominal","Depth (m)","TARA_B110000285","Piscirickettsiaceae (family)",0.844102922342531,"S10"
"a","Arctic Ocean","Depth.nominal","Depth (m)","TARA_B110000285","Marine (family)",0.0523925951798812,"S10"
"a","Arctic Ocean","Depth.nominal","Depth (m)","TARA_B110000285","Marinoscillum (genus)",1.43788566771452,"S10"
"a","Arctic Ocean","Depth.nominal","Depth (m)","TARA_B110000285","NS7 (family)",1.96763301897776,"S10"
"a","Arctic Ocean","Depth.nominal","Depth (m)","TARA_B110000285","SAR86 (family)",0.0407497962510187,"S10"
"a","Arctic Ocean","Depth.nominal","Depth (m)","TARA_B110000285","Formosa (genus)",0.622889742694144,"S10"
"a","Arctic Ocean","Depth.nominal","Depth (m)","TARA_B110000285","NS11-12 (family)",1.74059843986494,"S10"
"a","Arctic Ocean","Depth.nominal","Depth (m)","TARA_B110000285","Flavobacteriaceae (family)",1.71149144254279,"S10"
"a","Arctic Ocean","Depth.nominal","Depth (m)","TARA_B110000285","Phaeocystis (family)",0.0931423914309,"S10"
"a","Arctic Ocean","Depth.nominal","Depth (m)","TARA_B110000285","Others",52.875771335429,"S10"
"a","Arctic Ocean","Depth.nominal","Depth (m)","TARA_B110000444","Chloroplast (class)",5.90583613205754,"S11"
"a","Arctic Ocean","Depth.nominal","Depth (m)","TARA_B110000444","NS9 (family)",5.98821367467207,"S11"
"a","Arctic Ocean","Depth.nominal","Depth (m)","TARA_B110000444","SAR11 (order)",13.6113047335403,"S11"
"a","Arctic Ocean","Depth.nominal","Depth (m)","TARA_B110000444","Cryomorphaceae (family)",2.20518344845067,"S11"
"a","Arctic Ocean","Depth.nominal","Depth (m)","TARA_B110000444","NS5 (genus)",6.29237690894113,"S11"
"a","Arctic Ocean","Depth.nominal","Depth (m)","TARA_B110000444","OM182 (family)",0.785755021861733,"S11"
"a","Arctic Ocean","Depth.nominal","Depth (m)","TARA_B110000444","Polaribacter (genus)",0.0633673404727204,"S11"
"a","Arctic Ocean","Depth.nominal","Depth (m)","TARA_B110000444","Marinimicrobia (phylum)",4.72086686521767,"S11"
"a","Arctic Ocean","Depth.nominal","Depth (m)","TARA_B110000444","SAR92 (genus)",0.297826500221786,"S11"
"a","Arctic Ocean","Depth.nominal","Depth (m)","TARA_B110000444","AEGEAN-169 (genus)",4.39135669475952,"S11"
"a","Arctic Ocean","Depth.nominal","Depth (m)","TARA_B110000444","Piscirickettsiaceae (family)",0.171091819276345,"S11"
"a","Arctic Ocean","Depth.nominal","Depth (m)","TARA_B110000444","Marine (family)",6.0515810151448,"S11"
"a","Arctic Ocean","Depth.nominal","Depth (m)","TARA_B110000444","Marinoscillum (genus)",0.71605094734174,"S11"
"a","Arctic Ocean","Depth.nominal","Depth (m)","TARA_B110000444","NS7 (family)",1.07724478803625,"S11"
"a","Arctic Ocean","Depth.nominal","Depth (m)","TARA_B110000444","SAR86 (family)",5.73474431278119,"S11"
"a","Arctic Ocean","Depth.nominal","Depth (m)","TARA_B110000444","Formosa (genus)",0.418224447119954,"S11"
"a","Arctic Ocean","Depth.nominal","Depth (m)","TARA_B110000444","NS11-12 (family)",0.00633673404727204,"S11"
"a","Arctic Ocean","Depth.nominal","Depth (m)","TARA_B110000444","Flavobacteriaceae (family)",0.304163234269058,"S11"
"a","Arctic Ocean","Depth.nominal","Depth (m)","TARA_B110000444","Phaeocystis (family)",0.329510170458146,"S11"
"a","Arctic Ocean","Depth.nominal","Depth (m)","TARA_B110000444","Others",40.9289652113301,"S11"
"a","Arctic Ocean","Depth.nominal","Depth (m)","TARA_B110000305","Chloroplast (class)",13.9827876852098,"S12"
"a","Arctic Ocean","Depth.nominal","Depth (m)","TARA_B110000305","NS9 (family)",5.06609883772513,"S12"
"a","Arctic Ocean","Depth.nominal","Depth (m)","TARA_B110000305","SAR11 (order)",5.31008783603939,"S12"
"a","Arctic Ocean","Depth.nominal","Depth (m)","TARA_B110000305","Cryomorphaceae (family)",3.08756986957679,"S12"
"a","Arctic Ocean","Depth.nominal","Depth (m)","TARA_B110000305","NS5 (genus)",7.38621240351344,"S12"
"a","Arctic Ocean","Depth.nominal","Depth (m)","TARA_B110000305","OM182 (family)",3.33599503149676,"S12"
"a","Arctic Ocean","Depth.nominal","Depth (m)","TARA_B110000305","Polaribacter (genus)",1.63694437050838,"S12"
"a","Arctic Ocean","Depth.nominal","Depth (m)","TARA_B110000305","Marinimicrobia (phylum)",0.186318871439979,"S12"
"a","Arctic Ocean","Depth.nominal","Depth (m)","TARA_B110000305","SAR92 (genus)",1.38851920858841,"S12"
"a","Arctic Ocean","Depth.nominal","Depth (m)","TARA_B110000305","AEGEAN-169 (genus)",4.28533404311951,"S12"
"a","Arctic Ocean","Depth.nominal","Depth (m)","TARA_B110000305","Piscirickettsiaceae (family)",0.913849702777038,"S12"
"a","Arctic Ocean","Depth.nominal","Depth (m)","TARA_B110000305","Marine (family)",0.96264750243989,"S12"
"a","Arctic Ocean","Depth.nominal","Depth (m)","TARA_B110000305","Marinoscillum (genus)",1.43288084464555,"S12"
"a","Arctic Ocean","Depth.nominal","Depth (m)","TARA_B110000305","NS7 (family)",1.57483808002839,"S12"
"a","Arctic Ocean","Depth.nominal","Depth (m)","TARA_B110000305","SAR86 (family)",1.37521071777127,"S12"
"a","Arctic Ocean","Depth.nominal","Depth (m)","TARA_B110000305","Formosa (genus)",1.65912518853695,"S12"
"a","Arctic Ocean","Depth.nominal","Depth (m)","TARA_B110000305","NS11-12 (family)",1.84100789637122,"S12"
"a","Arctic Ocean","Depth.nominal","Depth (m)","TARA_B110000305","Flavobacteriaceae (family)",0.802945612634194,"S12"
"a","Arctic Ocean","Depth.nominal","Depth (m)","TARA_B110000305","Phaeocystis (family)",0.696477686097063,"S12"
"a","Arctic Ocean","Depth.nominal","Depth (m)","TARA_B110000305","Others",43.0751486114808,"S12"
"a","Arctic Ocean","Depth.nominal","Depth (m)","TARA_B110000459","Chloroplast (class)",11.9098446110311,"S13"
"a","Arctic Ocean","Depth.nominal","Depth (m)","TARA_B110000459","NS9 (family)",13.0913965149183,"S13"
"a","Arctic Ocean","Depth.nominal","Depth (m)","TARA_B110000459","SAR11 (order)",5.67939234473514,"S13"
"a","Arctic Ocean","Depth.nominal","Depth (m)","TARA_B110000459","Cryomorphaceae (family)",2.34324579258303,"S13"
"a","Arctic Ocean","Depth.nominal","Depth (m)","TARA_B110000459","NS5 (genus)",7.2928560790349,"S13"
"a","Arctic Ocean","Depth.nominal","Depth (m)","TARA_B110000459","OM182 (family)",2.06026907610584,"S13"
"a","Arctic Ocean","Depth.nominal","Depth (m)","TARA_B110000459","Polaribacter (genus)",0.67020801270913,"S13"
"a","Arctic Ocean","Depth.nominal","Depth (m)","TARA_B110000459","Marinimicrobia (phylum)",0.888646179814328,"S13"
"a","Arctic Ocean","Depth.nominal","Depth (m)","TARA_B110000459","SAR92 (genus)",0.699995035496202,"S13"
"a","Arctic Ocean","Depth.nominal","Depth (m)","TARA_B110000459","AEGEAN-169 (genus)",2.77019311919774,"S13"
"a","Arctic Ocean","Depth.nominal","Depth (m)","TARA_B110000459","Piscirickettsiaceae (family)",0.397160303827632,"S13"
"a","Arctic Ocean","Depth.nominal","Depth (m)","TARA_B110000459","Marine (family)",2.63615151665591,"S13"
"a","Arctic Ocean","Depth.nominal","Depth (m)","TARA_B110000459","Marinoscillum (genus)",1.24112594946135,"S13"
"a","Arctic Ocean","Depth.nominal","Depth (m)","TARA_B110000459","NS7 (family)",1.69289579506528,"S13"
"a","Arctic Ocean","Depth.nominal","Depth (m)","TARA_B110000459","SAR86 (family)",2.36806831157226,"S13"
"a","Arctic Ocean","Depth.nominal","Depth (m)","TARA_B110000459","Formosa (genus)",1.35034503301395,"S13"
"a","Arctic Ocean","Depth.nominal","Depth (m)","TARA_B110000459","NS11-12 (family)",0.729782058283275,"S13"
"a","Arctic Ocean","Depth.nominal","Depth (m)","TARA_B110000459","Flavobacteriaceae (family)",0.953184729186318,"S13"
"a","Arctic Ocean","Depth.nominal","Depth (m)","TARA_B110000459","Phaeocystis (family)",0.496450379784541,"S13"
"a","Arctic Ocean","Depth.nominal","Depth (m)","TARA_B110000459","Others",40.7287891575237,"S13"
"a","Arctic Ocean","Depth.nominal","Depth (m)","TARA_B110000211","Chloroplast (class)",1.01960397990346,"S14"
"a","Arctic Ocean","Depth.nominal","Depth (m)","TARA_B110000211","NS9 (family)",13.1908186385578,"S14"
"a","Arctic Ocean","Depth.nominal","Depth (m)","TARA_B110000211","SAR11 (order)",6.52645059600039,"S14"
"a","Arctic Ocean","Depth.nominal","Depth (m)","TARA_B110000211","Cryomorphaceae (family)",3.56615111811644,"S14"
"a","Arctic Ocean","Depth.nominal","Depth (m)","TARA_B110000211","NS5 (genus)",3.80258102649985,"S14"
"a","Arctic Ocean","Depth.nominal","Depth (m)","TARA_B110000211","OM182 (family)",3.17702689390208,"S14"
"a","Arctic Ocean","Depth.nominal","Depth (m)","TARA_B110000211","Polaribacter (genus)",4.74830066003349,"S14"
"a","Arctic Ocean","Depth.nominal","Depth (m)","TARA_B110000211","Marinimicrobia (phylum)",0.403901093488326,"S14"
"a","Arctic Ocean","Depth.nominal","Depth (m)","TARA_B110000211","SAR92 (genus)",1.38410008866122,"S14"
"a","Arctic Ocean","Depth.nominal","Depth (m)","TARA_B110000211","AEGEAN-169 (genus)",0.448231701310216,"S14"
"a","Arctic Ocean","Depth.nominal","Depth (m)","TARA_B110000211","Piscirickettsiaceae (family)",0.246281154566053,"S14"
"a","Arctic Ocean","Depth.nominal","Depth (m)","TARA_B110000211","Marine (family)",1.8027780514235,"S14"
"a","Arctic Ocean","Depth.nominal","Depth (m)","TARA_B110000211","Marinoscillum (genus)",2.25100975273372,"S14"
"a","Arctic Ocean","Depth.nominal","Depth (m)","TARA_B110000211","NS7 (family)",0.088661215643779,"S14"
"a","Arctic Ocean","Depth.nominal","Depth (m)","TARA_B110000211","SAR86 (family)",0.679735986602305,"S14"
"a","Arctic Ocean","Depth.nominal","Depth (m)","TARA_B110000211","Formosa (genus)",0.394049847305684,"S14"
"a","Arctic Ocean","Depth.nominal","Depth (m)","TARA_B110000211","NS11-12 (family)",0.295537385479263,"S14"
"a","Arctic Ocean","Depth.nominal","Depth (m)","TARA_B110000211","Flavobacteriaceae (family)",1.17722391882573,"S14"
"a","Arctic Ocean","Depth.nominal","Depth (m)","TARA_B110000211","Phaeocystis (family)",1.26095951137819,"S14"
"a","Arctic Ocean","Depth.nominal","Depth (m)","TARA_B110000211","Others",53.5365973795685,"S14"
"a","Arctic Ocean","Depth.nominal","Depth (m)","TARA_B110000908","Chloroplast (class)",3.22095689104371,"S15"
"a","Arctic Ocean","Depth.nominal","Depth (m)","TARA_B110000908","NS9 (family)",12.3726838801819,"S15"
"a","Arctic Ocean","Depth.nominal","Depth (m)","TARA_B110000908","SAR11 (order)",0.804299620400647,"S15"
"a","Arctic Ocean","Depth.nominal","Depth (m)","TARA_B110000908","Cryomorphaceae (family)",7.94903596797835,"S15"
"a","Arctic Ocean","Depth.nominal","Depth (m)","TARA_B110000908","NS5 (genus)",2.22121997970459,"S15"
"a","Arctic Ocean","Depth.nominal","Depth (m)","TARA_B110000908","OM182 (family)",6.5922501597324,"S15"
"a","Arctic Ocean","Depth.nominal","Depth (m)","TARA_B110000908","Polaribacter (genus)",5.40835118577818,"S15"
"a","Arctic Ocean","Depth.nominal","Depth (m)","TARA_B110000908","Marinimicrobia (phylum)",0.0526177321757432,"S15"
"a","Arctic Ocean","Depth.nominal","Depth (m)","TARA_B110000908","SAR92 (genus)",3.79223512609464,"S15"
"a","Arctic Ocean","Depth.nominal","Depth (m)","TARA_B110000908","AEGEAN-169 (genus)",0.0638929604991168,"S15"
"a","Arctic Ocean","Depth.nominal","Depth (m)","TARA_B110000908","Piscirickettsiaceae (family)",0.928327131957756,"S15"
"a","Arctic Ocean","Depth.nominal","Depth (m)","TARA_B110000908","Marine (family)",0.511143683992934,"S15"
"a","Arctic Ocean","Depth.nominal","Depth (m)","TARA_B110000908","Marinoscillum (genus)",0.560003006727553,"S15"
"a","Arctic Ocean","Depth.nominal","Depth (m)","TARA_B110000908","NS7 (family)",0.184162062615101,"S15"
"a","Arctic Ocean","Depth.nominal","Depth (m)","TARA_B110000908","SAR86 (family)",0.492351636787312,"S15"
"a","Arctic Ocean","Depth.nominal","Depth (m)","TARA_B110000908","Formosa (genus)",1.84537903559214,"S15"
"a","Arctic Ocean","Depth.nominal","Depth (m)","TARA_B110000908","NS11-12 (family)",2.19491111361672,"S15"
"a","Arctic Ocean","Depth.nominal","Depth (m)","TARA_B110000908","Flavobacteriaceae (family)",2.66471229375728,"S15"
"a","Arctic Ocean","Depth.nominal","Depth (m)","TARA_B110000908","Phaeocystis (family)",0.326981621377833,"S15"
"a","Arctic Ocean","Depth.nominal","Depth (m)","TARA_B110000908","Others",47.8144849099861,"S15"
"a","Arctic Ocean","Depth.nominal","Depth (m)","TARA_B110000037","Chloroplast (class)",4.1951163059831,"S16"
"a","Arctic Ocean","Depth.nominal","Depth (m)","TARA_B110000037","NS9 (family)",1.51024187015392,"S16"
"a","Arctic Ocean","Depth.nominal","Depth (m)","TARA_B110000037","SAR11 (order)",5.71693091077422,"S16"
"a","Arctic Ocean","Depth.nominal","Depth (m)","TARA_B110000037","Cryomorphaceae (family)",13.6847587084828,"S16"
"a","Arctic Ocean","Depth.nominal","Depth (m)","TARA_B110000037","NS5 (genus)",7.28503645411411,"S16"
"a","Arctic Ocean","Depth.nominal","Depth (m)","TARA_B110000037","OM182 (family)",3.25772480037033,"S16"
"a","Arctic Ocean","Depth.nominal","Depth (m)","TARA_B110000037","Polaribacter (genus)",3.44288855456544,"S16"
"a","Arctic Ocean","Depth.nominal","Depth (m)","TARA_B110000037","Marinimicrobia (phylum)",1.38294178914477,"S16"
"a","Arctic Ocean","Depth.nominal","Depth (m)","TARA_B110000037","SAR92 (genus)",1.20935076958685,"S16"
"a","Arctic Ocean","Depth.nominal","Depth (m)","TARA_B110000037","AEGEAN-169 (genus)",0.590209466496933,"S16"
"a","Arctic Ocean","Depth.nominal","Depth (m)","TARA_B110000037","Piscirickettsiaceae (family)",5.82687188982757,"S16"
"a","Arctic Ocean","Depth.nominal","Depth (m)","TARA_B110000037","Marine (family)",0.35296840643444,"S16"
"a","Arctic Ocean","Depth.nominal","Depth (m)","TARA_B110000037","Marinoscillum (genus)",4.07360259229256,"S16"
"a","Arctic Ocean","Depth.nominal","Depth (m)","TARA_B110000037","NS7 (family)",1.5391737067469,"S16"
"a","Arctic Ocean","Depth.nominal","Depth (m)","TARA_B110000037","SAR86 (family)",0.648073139682907,"S16"
"a","Arctic Ocean","Depth.nominal","Depth (m)","TARA_B110000037","Formosa (genus)",2.60965166068742,"S16"
"a","Arctic Ocean","Depth.nominal","Depth (m)","TARA_B110000037","NS11-12 (family)",0.867955097789608,"S16"
"a","Arctic Ocean","Depth.nominal","Depth (m)","TARA_B110000037","Flavobacteriaceae (family)",4.50179377386877,"S16"
"a","Arctic Ocean","Depth.nominal","Depth (m)","TARA_B110000037","Phaeocystis (family)",0.0289318365929869,"S16"
"a","Arctic Ocean","Depth.nominal","Depth (m)","TARA_B110000037","Others",37.2757782664044,"S16"
"a","Arctic Ocean","Depth.nominal","Depth (m)","TARA_B110000091","Chloroplast (class)",3.83705284647149,"S17"
"a","Arctic Ocean","Depth.nominal","Depth (m)","TARA_B110000091","NS9 (family)",12.8520391592818,"S17"
"a","Arctic Ocean","Depth.nominal","Depth (m)","TARA_B110000091","SAR11 (order)",3.73497888924976,"S17"
"a","Arctic Ocean","Depth.nominal","Depth (m)","TARA_B110000091","Cryomorphaceae (family)",5.95276759615831,"S17"
"a","Arctic Ocean","Depth.nominal","Depth (m)","TARA_B110000091","NS5 (genus)",3.35452141233239,"S17"
"a","Arctic Ocean","Depth.nominal","Depth (m)","TARA_B110000091","OM182 (family)",4.4355774138171,"S17"
"a","Arctic Ocean","Depth.nominal","Depth (m)","TARA_B110000091","Polaribacter (genus)",4.83923351737577,"S17"
"a","Arctic Ocean","Depth.nominal","Depth (m)","TARA_B110000091","Marinimicrobia (phylum)",0.927945065652113,"S17"
"a","Arctic Ocean","Depth.nominal","Depth (m)","TARA_B110000091","SAR92 (genus)",3.76745696654758,"S17"
"a","Arctic Ocean","Depth.nominal","Depth (m)","TARA_B110000091","AEGEAN-169 (genus)",1.39655732380643,"S17"
"a","Arctic Ocean","Depth.nominal","Depth (m)","TARA_B110000091","Piscirickettsiaceae (family)",4.8717115946736,"S17"
"a","Arctic Ocean","Depth.nominal","Depth (m)","TARA_B110000091","Marine (family)",0.417575279543451,"S17"
"a","Arctic Ocean","Depth.nominal","Depth (m)","TARA_B110000091","Marinoscillum (genus)",2.34770101609985,"S17"
"a","Arctic Ocean","Depth.nominal","Depth (m)","TARA_B110000091","NS7 (family)",0.0927945065652113,"S17"
"a","Arctic Ocean","Depth.nominal","Depth (m)","TARA_B110000091","SAR86 (family)",1.05785737484341,"S17"
"a","Arctic Ocean","Depth.nominal","Depth (m)","TARA_B110000091","Formosa (genus)",0.436134180856493,"S17"
"a","Arctic Ocean","Depth.nominal","Depth (m)","TARA_B110000091","NS11-12 (family)",1.03001902287385,"S17"
"a","Arctic Ocean","Depth.nominal","Depth (m)","TARA_B110000091","Flavobacteriaceae (family)",2.25490650953464,"S17"
"a","Arctic Ocean","Depth.nominal","Depth (m)","TARA_B110000091","Phaeocystis (family)",0.482531434139099,"S17"
"a","Arctic Ocean","Depth.nominal","Depth (m)","TARA_B110000091","Others",41.9106388901777,"S17"
"a","Arctic Ocean","Depth.nominal","Depth (m)","TARA_B110000967","Chloroplast (class)",11.1025216270937,"S18"
"a","Arctic Ocean","Depth.nominal","Depth (m)","TARA_B110000967","NS9 (family)",8.82385422418553,"S18"
"a","Arctic Ocean","Depth.nominal","Depth (m)","TARA_B110000967","SAR11 (order)",7.77471010491441,"S18"
"a","Arctic Ocean","Depth.nominal","Depth (m)","TARA_B110000967","Cryomorphaceae (family)",4.6788146512056,"S18"
"a","Arctic Ocean","Depth.nominal","Depth (m)","TARA_B110000967","NS5 (genus)",3.68488864347506,"S18"
"a","Arctic Ocean","Depth.nominal","Depth (m)","TARA_B110000967","OM182 (family)",6.47524387999264,"S18"
"a","Arctic Ocean","Depth.nominal","Depth (m)","TARA_B110000967","Polaribacter (genus)",3.25418737345849,"S18"
"a","Arctic Ocean","Depth.nominal","Depth (m)","TARA_B110000967","Marinimicrobia (phylum)",0.577949567458126,"S18"
"a","Arctic Ocean","Depth.nominal","Depth (m)","TARA_B110000967","SAR92 (genus)",3.33149272961531,"S18"
"a","Arctic Ocean","Depth.nominal","Depth (m)","TARA_B110000967","AEGEAN-169 (genus)",0.813546843364623,"S18"
"a","Arctic Ocean","Depth.nominal","Depth (m)","TARA_B110000967","Piscirickettsiaceae (family)",1.09331860850359,"S18"
"a","Arctic Ocean","Depth.nominal","Depth (m)","TARA_B110000967","Marine (family)",1.2074360390208,"S18"
"a","Arctic Ocean","Depth.nominal","Depth (m)","TARA_B110000967","Marinoscillum (genus)",1.98417080802503,"S18"
"a","Arctic Ocean","Depth.nominal","Depth (m)","TARA_B110000967","NS7 (family)",0.504325418737346,"S18"
"a","Arctic Ocean","Depth.nominal","Depth (m)","TARA_B110000967","SAR86 (family)",0.430701270016565,"S18"
"a","Arctic Ocean","Depth.nominal","Depth (m)","TARA_B110000967","Formosa (genus)",3.18056322473771,"S18"
"a","Arctic Ocean","Depth.nominal","Depth (m)","TARA_B110000967","NS11-12 (family)",3.01122768267992,"S18"
"a","Arctic Ocean","Depth.nominal","Depth (m)","TARA_B110000967","Flavobacteriaceae (family)",1.19639241671268,"S18"
"a","Arctic Ocean","Depth.nominal","Depth (m)","TARA_B110000967","Phaeocystis (family)",0.176697956929873,"S18"
"a","Arctic Ocean","Depth.nominal","Depth (m)","TARA_B110000967","Others",36.697956929873,"S18"
"a","Arctic Ocean","Depth.nominal","Depth (m)","TARA_B110000483","Chloroplast (class)",7.89678221669517,"S19"
"a","Arctic Ocean","Depth.nominal","Depth (m)","TARA_B110000483","NS9 (family)",3.96911757085859,"S19"
"a","Arctic Ocean","Depth.nominal","Depth (m)","TARA_B110000483","SAR11 (order)",5.01580392766465,"S19"
"a","Arctic Ocean","Depth.nominal","Depth (m)","TARA_B110000483","Cryomorphaceae (family)",2.61671589201513,"S19"
"a","Arctic Ocean","Depth.nominal","Depth (m)","TARA_B110000483","NS5 (genus)",13.5654697134567,"S19"
"a","Arctic Ocean","Depth.nominal","Depth (m)","TARA_B110000483","OM182 (family)",1.54930307269807,"S19"
"a","Arctic Ocean","Depth.nominal","Depth (m)","TARA_B110000483","Polaribacter (genus)",1.38867298823773,"S19"
"a","Arctic Ocean","Depth.nominal","Depth (m)","TARA_B110000483","Marinimicrobia (phylum)",1.00005181615628,"S19"
"a","Arctic Ocean","Depth.nominal","Depth (m)","TARA_B110000483","SAR92 (genus)",0.595885797191564,"S19"
"a","Arctic Ocean","Depth.nominal","Depth (m)","TARA_B110000483","AEGEAN-169 (genus)",4.34219389605679,"S19"
"a","Arctic Ocean","Depth.nominal","Depth (m)","TARA_B110000483","Piscirickettsiaceae (family)",1.92237939789626,"S19"
"a","Arctic Ocean","Depth.nominal","Depth (m)","TARA_B110000483","Marine (family)",1.95346909166278,"S19"
"a","Arctic Ocean","Depth.nominal","Depth (m)","TARA_B110000483","Marinoscillum (genus)",2.7514378983367,"S19"
"a","Arctic Ocean","Depth.nominal","Depth (m)","TARA_B110000483","NS7 (family)",6.12985128763148,"S19"
"a","Arctic Ocean","Depth.nominal","Depth (m)","TARA_B110000483","SAR86 (family)",1.04668635680605,"S19"
"a","Arctic Ocean","Depth.nominal","Depth (m)","TARA_B110000483","Formosa (genus)",0.782423959790663,"S19"
"a","Arctic Ocean","Depth.nominal","Depth (m)","TARA_B110000483","NS11-12 (family)",0.2849888595264,"S19"
"a","Arctic Ocean","Depth.nominal","Depth (m)","TARA_B110000483","Flavobacteriaceae (family)",0.414529250220219,"S19"
"a","Arctic Ocean","Depth.nominal","Depth (m)","TARA_B110000483","Phaeocystis (family)",1.23322451940515,"S19"
"a","Arctic Ocean","Depth.nominal","Depth (m)","TARA_B110000483","Others",41.5410124876937,"S19"
"a","Arctic Ocean","Depth.nominal","Depth (m)","TARA_B110000093","Chloroplast (class)",9.39070016034206,"S20"
"a","Arctic Ocean","Depth.nominal","Depth (m)","TARA_B110000093","NS9 (family)",16.1143773383218,"S20"
"a","Arctic Ocean","Depth.nominal","Depth (m)","TARA_B110000093","SAR11 (order)",3.90165686798503,"S20"
"a","Arctic Ocean","Depth.nominal","Depth (m)","TARA_B110000093","Cryomorphaceae (family)",5.40352752538749,"S20"
"a","Arctic Ocean","Depth.nominal","Depth (m)","TARA_B110000093","NS5 (genus)",5.42490646712988,"S20"
"a","Arctic Ocean","Depth.nominal","Depth (m)","TARA_B110000093","OM182 (family)",1.64617851416355,"S20"
"a","Arctic Ocean","Depth.nominal","Depth (m)","TARA_B110000093","Polaribacter (genus)",3.30839123463389,"S20"
"a","Arctic Ocean","Depth.nominal","Depth (m)","TARA_B110000093","Marinimicrobia (phylum)",1.309460181721,"S20"
"a","Arctic Ocean","Depth.nominal","Depth (m)","TARA_B110000093","SAR92 (genus)",4.25440940673437,"S20"
"a","Arctic Ocean","Depth.nominal","Depth (m)","TARA_B110000093","AEGEAN-169 (genus)",2.33564938535542,"S20"
"a","Arctic Ocean","Depth.nominal","Depth (m)","TARA_B110000093","Piscirickettsiaceae (family)",5.32335649385355,"S20"
"a","Arctic Ocean","Depth.nominal","Depth (m)","TARA_B110000093","Marine (family)",0.662747194013896,"S20"
"a","Arctic Ocean","Depth.nominal","Depth (m)","TARA_B110000093","Marinoscillum (genus)",1.81721004810262,"S20"
"a","Arctic Ocean","Depth.nominal","Depth (m)","TARA_B110000093","NS7 (family)",0.432923570283271,"S20"
"a","Arctic Ocean","Depth.nominal","Depth (m)","TARA_B110000093","SAR86 (family)",1.19187600213789,"S20"
"a","Arctic Ocean","Depth.nominal","Depth (m)","TARA_B110000093","Formosa (genus)",1.46980224478888,"S20"
"a","Arctic Ocean","Depth.nominal","Depth (m)","TARA_B110000093","NS11-12 (family)",1.41635489043292,"S20"
"a","Arctic Ocean","Depth.nominal","Depth (m)","TARA_B110000093","Flavobacteriaceae (family)",2.27151256012827,"S20"
"a","Arctic Ocean","Depth.nominal","Depth (m)","TARA_B110000093","Phaeocystis (family)",3.47407803313736,"S20"
"a","Arctic Ocean","Depth.nominal","Depth (m)","TARA_B110000093","Others",28.8508818813469,"S20"
"a","Arctic Ocean","Depth.nominal","Depth (m)","TARA_B110000971","Chloroplast (class)",16.7491723159388,"S21"
"a","Arctic Ocean","Depth.nominal","Depth (m)","TARA_B110000971","NS9 (family)",1.17294655525776,"S21"
"a","Arctic Ocean","Depth.nominal","Depth (m)","TARA_B110000971","SAR11 (order)",6.15481633296547,"S21"
"a","Arctic Ocean","Depth.nominal","Depth (m)","TARA_B110000971","Cryomorphaceae (family)",10.4619265331862,"S21"
"a","Arctic Ocean","Depth.nominal","Depth (m)","TARA_B110000971","NS5 (genus)",7.58946870565978,"S21"
"a","Arctic Ocean","Depth.nominal","Depth (m)","TARA_B110000971","OM182 (family)",2.21031057859057,"S21"
"a","Arctic Ocean","Depth.nominal","Depth (m)","TARA_B110000971","Polaribacter (genus)",1.51978559041463,"S21"
"a","Arctic Ocean","Depth.nominal","Depth (m)","TARA_B110000971","Marinimicrobia (phylum)",0.00945924641336907,"S21"
"a","Arctic Ocean","Depth.nominal","Depth (m)","TARA_B110000971","SAR92 (genus)",2.74002837773924,"S21"
"a","Arctic Ocean","Depth.nominal","Depth (m)","TARA_B110000971","AEGEAN-169 (genus)",1.91707393977613,"S21"
"a","Arctic Ocean","Depth.nominal","Depth (m)","TARA_B110000971","Piscirickettsiaceae (family)",1.19501813022229,"S21"
"a","Arctic Ocean","Depth.nominal","Depth (m)","TARA_B110000971","Marine (family)",0.0252246571023175,"S21"
"a","Arctic Ocean","Depth.nominal","Depth (m)","TARA_B110000971","Marinoscillum (genus)",0.980608544852593,"S21"
"a","Arctic Ocean","Depth.nominal","Depth (m)","TARA_B110000971","NS7 (family)",2.61390509222765,"S21"
"a","Arctic Ocean","Depth.nominal","Depth (m)","TARA_B110000971","SAR86 (family)",0.293236638814441,"S21"
"a","Arctic Ocean","Depth.nominal","Depth (m)","TARA_B110000971","Formosa (genus)",2.12202427873246,"S21"
"a","Arctic Ocean","Depth.nominal","Depth (m)","TARA_B110000971","NS11-12 (family)",1.39996846917862,"S21"
"a","Arctic Ocean","Depth.nominal","Depth (m)","TARA_B110000971","Flavobacteriaceae (family)",0.245940406747596,"S21"
"a","Arctic Ocean","Depth.nominal","Depth (m)","TARA_B110000971","Phaeocystis (family)",1.52293867255242,"S21"
"a","Arctic Ocean","Depth.nominal","Depth (m)","TARA_B110000971","Others",39.0761469336276,"S21"
"a","Arctic Ocean","Depth.nominal","Depth (m)","TARA_B110000977","Chloroplast (class)",16.1840284641233,"S22"
"a","Arctic Ocean","Depth.nominal","Depth (m)","TARA_B110000977","NS9 (family)",2.95512947222771,"S22"
"a","Arctic Ocean","Depth.nominal","Depth (m)","TARA_B110000977","SAR11 (order)",1.93714172761415,"S22"
"a","Arctic Ocean","Depth.nominal","Depth (m)","TARA_B110000977","Cryomorphaceae (family)",7.63984977268235,"S22"
"a","Arctic Ocean","Depth.nominal","Depth (m)","TARA_B110000977","NS5 (genus)",6.24629373393951,"S22"
"a","Arctic Ocean","Depth.nominal","Depth (m)","TARA_B110000977","OM182 (family)",3.21703894050208,"S22"
"a","Arctic Ocean","Depth.nominal","Depth (m)","TARA_B110000977","Polaribacter (genus)",3.42953152796995,"S22"
"a","Arctic Ocean","Depth.nominal","Depth (m)","TARA_B110000977","Marinimicrobia (phylum)",0.0098833761612967,"S22"
"a","Arctic Ocean","Depth.nominal","Depth (m)","TARA_B110000977","SAR92 (genus)",1.58134018580747,"S22"
"a","Arctic Ocean","Depth.nominal","Depth (m)","TARA_B110000977","AEGEAN-169 (genus)",0.444751927258351,"S22"
"a","Arctic Ocean","Depth.nominal","Depth (m)","TARA_B110000977","Piscirickettsiaceae (family)",0.504052184226132,"S22"
"a","Arctic Ocean","Depth.nominal","Depth (m)","TARA_B110000977","Marine (family)",0.0098833761612967,"S22"
"a","Arctic Ocean","Depth.nominal","Depth (m)","TARA_B110000977","Marinoscillum (genus)",1.11682150622653,"S22"
"a","Arctic Ocean","Depth.nominal","Depth (m)","TARA_B110000977","NS7 (family)",1.16623838703301,"S22"
"a","Arctic Ocean","Depth.nominal","Depth (m)","TARA_B110000977","SAR86 (family)",0.252026092113066,"S22"
"a","Arctic Ocean","Depth.nominal","Depth (m)","TARA_B110000977","Formosa (genus)",2.90571259142123,"S22"
"a","Arctic Ocean","Depth.nominal","Depth (m)","TARA_B110000977","NS11-12 (family)",1.21071357975885,"S22"
"a","Arctic Ocean","Depth.nominal","Depth (m)","TARA_B110000977","Flavobacteriaceae (family)",0.415101798774461,"S22"
"a","Arctic Ocean","Depth.nominal","Depth (m)","TARA_B110000977","Phaeocystis (family)",0.830203597548923,"S22"
"a","Arctic Ocean","Depth.nominal","Depth (m)","TARA_B110000977","Others",47.9442577584503,"S22"
"a","Arctic Ocean","Depth.nominal","Depth (m)","TARA_B110000240","Chloroplast (class)",27.9893582127629,"S23"
"a","Arctic Ocean","Depth.nominal","Depth (m)","TARA_B110000240","NS9 (family)",13.6083676518824,"S23"
"a","Arctic Ocean","Depth.nominal","Depth (m)","TARA_B110000240","SAR11 (order)",3.52418091038303,"S23"
"a","Arctic Ocean","Depth.nominal","Depth (m)","TARA_B110000240","Cryomorphaceae (family)",1.35937898611465,"S23"
"a","Arctic Ocean","Depth.nominal","Depth (m)","TARA_B110000240","NS5 (genus)",3.77564780057582,"S23"
"a","Arctic Ocean","Depth.nominal","Depth (m)","TARA_B110000240","OM182 (family)",5.48489376435001,"S23"
"a","Arctic Ocean","Depth.nominal","Depth (m)","TARA_B110000240","Polaribacter (genus)",4.16560370275885,"S23"
"a","Arctic Ocean","Depth.nominal","Depth (m)","TARA_B110000240","Marinimicrobia (phylum)",1.26826779401582,"S23"
"a","Arctic Ocean","Depth.nominal","Depth (m)","TARA_B110000240","SAR92 (genus)",0.914756368672328,"S23"
"a","Arctic Ocean","Depth.nominal","Depth (m)","TARA_B110000240","AEGEAN-169 (genus)",1.33386785232698,"S23"
"a","Arctic Ocean","Depth.nominal","Depth (m)","TARA_B110000240","Piscirickettsiaceae (family)",3.09778053136047,"S23"
"a","Arctic Ocean","Depth.nominal","Depth (m)","TARA_B110000240","Marine (family)",1.01680090382303,"S23"
"a","Arctic Ocean","Depth.nominal","Depth (m)","TARA_B110000240","Marinoscillum (genus)",0.317066948503954,"S23"
"a","Arctic Ocean","Depth.nominal","Depth (m)","TARA_B110000240","NS7 (family)",0.0838222967309304,"S23"
"a","Arctic Ocean","Depth.nominal","Depth (m)","TARA_B110000240","SAR86 (family)",1.12977878202558,"S23"
"a","Arctic Ocean","Depth.nominal","Depth (m)","TARA_B110000240","Formosa (genus)",0.89653413025256,"S23"
"a","Arctic Ocean","Depth.nominal","Depth (m)","TARA_B110000240","NS11-12 (family)",4.86898210576187,"S23"
"a","Arctic Ocean","Depth.nominal","Depth (m)","TARA_B110000240","Flavobacteriaceae (family)",1.30471227085535,"S23"
"a","Arctic Ocean","Depth.nominal","Depth (m)","TARA_B110000240","Phaeocystis (family)",0.280622471664419,"S23"
"a","Arctic Ocean","Depth.nominal","Depth (m)","TARA_B110000240","Others",23.5795765151791,"S23"
"a","Arctic Ocean","Depth.nominal","Depth (m)","TARA_B110000902","Chloroplast (class)",13.5949959144572,"S24"
"a","Arctic Ocean","Depth.nominal","Depth (m)","TARA_B110000902","NS9 (family)",9.21642106449522,"S24"
"a","Arctic Ocean","Depth.nominal","Depth (m)","TARA_B110000902","SAR11 (order)",2.64574117381871,"S24"
"a","Arctic Ocean","Depth.nominal","Depth (m)","TARA_B110000902","Cryomorphaceae (family)",10.7689273336902,"S24"
"a","Arctic Ocean","Depth.nominal","Depth (m)","TARA_B110000902","NS5 (genus)",3.93902679552563,"S24"
"a","Arctic Ocean","Depth.nominal","Depth (m)","TARA_B110000902","OM182 (family)",3.69671184243893,"S24"
"a","Arctic Ocean","Depth.nominal","Depth (m)","TARA_B110000902","Polaribacter (genus)",4.71668873798991,"S24"
"a","Arctic Ocean","Depth.nominal","Depth (m)","TARA_B110000902","Marinimicrobia (phylum)",0.211321180017469,"S24"
"a","Arctic Ocean","Depth.nominal","Depth (m)","TARA_B110000902","SAR92 (genus)",4.98154461694514,"S24"
"a","Arctic Ocean","Depth.nominal","Depth (m)","TARA_B110000902","AEGEAN-169 (genus)",0.349384350962216,"S24"
"a","Arctic Ocean","Depth.nominal","Depth (m)","TARA_B110000902","Piscirickettsiaceae (family)",0.484629906173396,"S24"
"a","Arctic Ocean","Depth.nominal","Depth (m)","TARA_B110000902","Marine (family)",1.30173846890761,"S24"
"a","Arctic Ocean","Depth.nominal","Depth (m)","TARA_B110000902","Marinoscillum (genus)",0.870643261671973,"S24"
"a","Arctic Ocean","Depth.nominal","Depth (m)","TARA_B110000902","NS7 (family)",2.0794004113719,"S24"
"a","Arctic Ocean","Depth.nominal","Depth (m)","TARA_B110000902","SAR86 (family)",0.233862105885999,"S24"
"a","Arctic Ocean","Depth.nominal","Depth (m)","TARA_B110000902","Formosa (genus)",1.44261925558592,"S24"
"a","Arctic Ocean","Depth.nominal","Depth (m)","TARA_B110000902","NS11-12 (family)",3.51074920402356,"S24"
"a","Arctic Ocean","Depth.nominal","Depth (m)","TARA_B110000902","Flavobacteriaceae (family)",1.12986390916007,"S24"
"a","Arctic Ocean","Depth.nominal","Depth (m)","TARA_B110000902","Phaeocystis (family)",0.464906596038432,"S24"
"a","Arctic Ocean","Depth.nominal","Depth (m)","TARA_B110000902","Others",34.3608238708405,"S24"
"a","Arctic Ocean","Depth.nominal","Depth (m)","TARA_B110000046","Chloroplast (class)",8.7884015659213,"S25"
"a","Arctic Ocean","Depth.nominal","Depth (m)","TARA_B110000046","NS9 (family)",0.995288965563002,"S25"
"a","Arctic Ocean","Depth.nominal","Depth (m)","TARA_B110000046","SAR11 (order)",3.27118306681707,"S25"
"a","Arctic Ocean","Depth.nominal","Depth (m)","TARA_B110000046","Cryomorphaceae (family)",23.3262557229116,"S25"
"a","Arctic Ocean","Depth.nominal","Depth (m)","TARA_B110000046","NS5 (genus)",8.34383916130317,"S25"
"a","Arctic Ocean","Depth.nominal","Depth (m)","TARA_B110000046","OM182 (family)",0.504279742551921,"S25"
"a","Arctic Ocean","Depth.nominal","Depth (m)","TARA_B110000046","Polaribacter (genus)",3.02567845531153,"S25"
"a","Arctic Ocean","Depth.nominal","Depth (m)","TARA_B110000046","Marinimicrobia (phylum)",1.02514763452989,"S25"
"a","Arctic Ocean","Depth.nominal","Depth (m)","TARA_B110000046","SAR92 (genus)",0.729878574746201,"S25"
"a","Arctic Ocean","Depth.nominal","Depth (m)","TARA_B110000046","AEGEAN-169 (genus)",0.0563997080485701,"S25"
"a","Arctic Ocean","Depth.nominal","Depth (m)","TARA_B110000046","Piscirickettsiaceae (family)",0.812819321876451,"S25"
"a","Arctic Ocean","Depth.nominal","Depth (m)","TARA_B110000046","Marine (family)",0.0829407471302502,"S25"
"a","Arctic Ocean","Depth.nominal","Depth (m)","TARA_B110000046","Marinoscillum (genus)",9.06044721650852,"S25"
"a","Arctic Ocean","Depth.nominal","Depth (m)","TARA_B110000046","NS7 (family)",0.955477406940482,"S25"
"a","Arctic Ocean","Depth.nominal","Depth (m)","TARA_B110000046","SAR86 (family)",0.0696702275894101,"S25"
"a","Arctic Ocean","Depth.nominal","Depth (m)","TARA_B110000046","Formosa (genus)",2.76690332426515,"S25"
"a","Arctic Ocean","Depth.nominal","Depth (m)","TARA_B110000046","NS11-12 (family)",0.26872802070201,"S25"
"a","Arctic Ocean","Depth.nominal","Depth (m)","TARA_B110000046","Flavobacteriaceae (family)",3.6128989449937,"S25"
"a","Arctic Ocean","Depth.nominal","Depth (m)","TARA_B110000046","Phaeocystis (family)",0.0696702275894101,"S25"
"a","Arctic Ocean","Depth.nominal","Depth (m)","TARA_B110000046","Others",32.2340919647004,"S25"
"a","Arctic Ocean","Depth.nominal","Depth (m)","TARA_B110000879","Chloroplast (class)",4.05063291139241,"S26"
"a","Arctic Ocean","Depth.nominal","Depth (m)","TARA_B110000879","NS9 (family)",8.84329986905282,"S26"
"a","Arctic Ocean","Depth.nominal","Depth (m)","TARA_B110000879","SAR11 (order)",1.64993452640768,"S26"
"a","Arctic Ocean","Depth.nominal","Depth (m)","TARA_B110000879","Cryomorphaceae (family)",8.51593190746399,"S26"
"a","Arctic Ocean","Depth.nominal","Depth (m)","TARA_B110000879","NS5 (genus)",10.0742034046268,"S26"
"a","Arctic Ocean","Depth.nominal","Depth (m)","TARA_B110000879","OM182 (family)",4.90178961152335,"S26"
"a","Arctic Ocean","Depth.nominal","Depth (m)","TARA_B110000879","Polaribacter (genus)",4.29070274989088,"S26"
"a","Arctic Ocean","Depth.nominal","Depth (m)","TARA_B110000879","Marinimicrobia (phylum)",0.165866433871672,"S26"
"a","Arctic Ocean","Depth.nominal","Depth (m)","TARA_B110000879","SAR92 (genus)",5.27717154081187,"S26"
"a","Arctic Ocean","Depth.nominal","Depth (m)","TARA_B110000879","AEGEAN-169 (genus)",0.615451767786993,"S26"
"a","Arctic Ocean","Depth.nominal","Depth (m)","TARA_B110000879","Piscirickettsiaceae (family)",0.519423832387604,"S26"
"a","Arctic Ocean","Depth.nominal","Depth (m)","TARA_B110000879","Marine (family)",0.458315146224356,"S26"
"a","Arctic Ocean","Depth.nominal","Depth (m)","TARA_B110000879","Marinoscillum (genus)",1.89873417721519,"S26"
"a","Arctic Ocean","Depth.nominal","Depth (m)","TARA_B110000879","NS7 (family)",2.54910519423832,"S26"
"a","Arctic Ocean","Depth.nominal","Depth (m)","TARA_B110000879","SAR86 (family)",0.30117852466172,"S26"
"a","Arctic Ocean","Depth.nominal","Depth (m)","TARA_B110000879","Formosa (genus)",4.94107376691401,"S26"
"a","Arctic Ocean","Depth.nominal","Depth (m)","TARA_B110000879","NS11-12 (family)",3.58358795285901,"S26"
"a","Arctic Ocean","Depth.nominal","Depth (m)","TARA_B110000879","Flavobacteriaceae (family)",1.81143605412484,"S26"
"a","Arctic Ocean","Depth.nominal","Depth (m)","TARA_B110000879","Phaeocystis (family)",0.0829332169358359,"S26"
"a","Arctic Ocean","Depth.nominal","Depth (m)","TARA_B110000879","Others",35.4692274116106,"S26"
"a","Arctic Ocean","Depth.nominal","Depth (m)","TARA_B110001450","Chloroplast (class)",25.8463609069262,"S27"
"a","Arctic Ocean","Depth.nominal","Depth (m)","TARA_B110001450","NS9 (family)",3.15767677813438,"S27"
"a","Arctic Ocean","Depth.nominal","Depth (m)","TARA_B110001450","SAR11 (order)",9.47820685371156,"S27"
"a","Arctic Ocean","Depth.nominal","Depth (m)","TARA_B110001450","Cryomorphaceae (family)",3.08520550781654,"S27"
"a","Arctic Ocean","Depth.nominal","Depth (m)","TARA_B110001450","NS5 (genus)",1.70825137177762,"S27"
"a","Arctic Ocean","Depth.nominal","Depth (m)","TARA_B110001450","OM182 (family)",0.0207060772336681,"S27"
"a","Arctic Ocean","Depth.nominal","Depth (m)","TARA_B110001450","Polaribacter (genus)",0.471063257065949,"S27"
"a","Arctic Ocean","Depth.nominal","Depth (m)","TARA_B110001450","Marinimicrobia (phylum)",0.43482762190703,"S27"
"a","Arctic Ocean","Depth.nominal","Depth (m)","TARA_B110001450","SAR92 (genus)",2.68661352106843,"S27"
"a","Arctic Ocean","Depth.nominal","Depth (m)","TARA_B110001450","AEGEAN-169 (genus)",1.17506988301066,"S27"
"a","Arctic Ocean","Depth.nominal","Depth (m)","TARA_B110001450","Piscirickettsiaceae (family)",0.00517651930841702,"S27"
"a","Arctic Ocean","Depth.nominal","Depth (m)","TARA_B110001450","Marine (family)",0.517651930841702,"S27"
"a","Arctic Ocean","Depth.nominal","Depth (m)","TARA_B110001450","Marinoscillum (genus)",0.201884253028264,"S27"
"a","Arctic Ocean","Depth.nominal","Depth (m)","TARA_B110001450","NS7 (family)",7.67677813438244,"S27"
"a","Arctic Ocean","Depth.nominal","Depth (m)","TARA_B110001450","SAR86 (family)",1.59436794699244,"S27"
"a","Arctic Ocean","Depth.nominal","Depth (m)","TARA_B110001450","Formosa (genus)",1.7030748524692,"S27"
"a","Arctic Ocean","Depth.nominal","Depth (m)","TARA_B110001450","NS11-12 (family)",0,"S27"
"a","Arctic Ocean","Depth.nominal","Depth (m)","TARA_B110001450","Flavobacteriaceae (family)",0.201884253028264,"S27"
"a","Arctic Ocean","Depth.nominal","Depth (m)","TARA_B110001450","Phaeocystis (family)",0.465886737757532,"S27"
"a","Arctic Ocean","Depth.nominal","Depth (m)","TARA_B110001450","Others",39.5693135935397,"S27"
"a","Arctic Ocean","Depth.nominal","Depth (m)","TARA_B110000503","Chloroplast (class)",10.0443975559365,"S28"
"a","Arctic Ocean","Depth.nominal","Depth (m)","TARA_B110000503","NS9 (family)",1.1824695591015,"S28"
"a","Arctic Ocean","Depth.nominal","Depth (m)","TARA_B110000503","SAR11 (order)",2.43966767770012,"S28"
"a","Arctic Ocean","Depth.nominal","Depth (m)","TARA_B110000503","Cryomorphaceae (family)",7.45966855685964,"S28"
"a","Arctic Ocean","Depth.nominal","Depth (m)","TARA_B110000503","NS5 (genus)",1.35830146380061,"S28"
"a","Arctic Ocean","Depth.nominal","Depth (m)","TARA_B110000503","OM182 (family)",4.83537737922546,"S28"
"a","Arctic Ocean","Depth.nominal","Depth (m)","TARA_B110000503","Polaribacter (genus)",2.94078860609258,"S28"
"a","Arctic Ocean","Depth.nominal","Depth (m)","TARA_B110000503","Marinimicrobia (phylum)",0,"S28"
"a","Arctic Ocean","Depth.nominal","Depth (m)","TARA_B110000503","SAR92 (genus)",7.02888039034683,"S28"
"a","Arctic Ocean","Depth.nominal","Depth (m)","TARA_B110000503","AEGEAN-169 (genus)",0.619807464064354,"S28"
"a","Arctic Ocean","Depth.nominal","Depth (m)","TARA_B110000503","Piscirickettsiaceae (family)",0,"S28"
"a","Arctic Ocean","Depth.nominal","Depth (m)","TARA_B110000503","Marine (family)",0.00439579761747769,"S28"
"a","Arctic Ocean","Depth.nominal","Depth (m)","TARA_B110000503","Marinoscillum (genus)",5.12110422436151,"S28"
"a","Arctic Ocean","Depth.nominal","Depth (m)","TARA_B110000503","NS7 (family)",0.00439579761747769,"S28"
"a","Arctic Ocean","Depth.nominal","Depth (m)","TARA_B110000503","SAR86 (family)",0.17143610708163,"S28"
"a","Arctic Ocean","Depth.nominal","Depth (m)","TARA_B110000503","Formosa (genus)",0.180227702316585,"S28"
"a","Arctic Ocean","Depth.nominal","Depth (m)","TARA_B110000503","NS11-12 (family)",0.5714536902721,"S28"
"a","Arctic Ocean","Depth.nominal","Depth (m)","TARA_B110000503","Flavobacteriaceae (family)",1.44182161853268,"S28"
"a","Arctic Ocean","Depth.nominal","Depth (m)","TARA_B110000503","Phaeocystis (family)",0.259352059431184,"S28"
"a","Arctic Ocean","Depth.nominal","Depth (m)","TARA_B110000503","Others",54.3364543496417,"S28"
"a","Arctic Ocean","Depth.nominal","Depth (m)","TARA_B110000259","Chloroplast (class)",24.043339926047,"S29"
"a","Arctic Ocean","Depth.nominal","Depth (m)","TARA_B110000259","NS9 (family)",3.63315848310259,"S29"
"a","Arctic Ocean","Depth.nominal","Depth (m)","TARA_B110000259","SAR11 (order)",5.00902915125978,"S29"
"a","Arctic Ocean","Depth.nominal","Depth (m)","TARA_B110000259","Cryomorphaceae (family)",4.52747441740476,"S29"
"a","Arctic Ocean","Depth.nominal","Depth (m)","TARA_B110000259","NS5 (genus)",7.43400120388683,"S29"
"a","Arctic Ocean","Depth.nominal","Depth (m)","TARA_B110000259","OM182 (family)",3.22899647433141,"S29"
"a","Arctic Ocean","Depth.nominal","Depth (m)","TARA_B110000259","Polaribacter (genus)",3.0398142574598,"S29"
"a","Arctic Ocean","Depth.nominal","Depth (m)","TARA_B110000259","Marinimicrobia (phylum)",0.0171983833519649,"S29"
"a","Arctic Ocean","Depth.nominal","Depth (m)","TARA_B110000259","SAR92 (genus)",3.05271304497377,"S29"
"a","Arctic Ocean","Depth.nominal","Depth (m)","TARA_B110000259","AEGEAN-169 (genus)",4.74245420930433,"S29"
"a","Arctic Ocean","Depth.nominal","Depth (m)","TARA_B110000259","Piscirickettsiaceae (family)",1.79293146444234,"S29"
"a","Arctic Ocean","Depth.nominal","Depth (m)","TARA_B110000259","Marine (family)",0.0214979791899561,"S29"
"a","Arctic Ocean","Depth.nominal","Depth (m)","TARA_B110000259","Marinoscillum (genus)",1.21248602631353,"S29"
"a","Arctic Ocean","Depth.nominal","Depth (m)","TARA_B110000259","NS7 (family)",0.146186258491702,"S29"
"a","Arctic Ocean","Depth.nominal","Depth (m)","TARA_B110000259","SAR86 (family)",0.288072921145412,"S29"
"a","Arctic Ocean","Depth.nominal","Depth (m)","TARA_B110000259","Formosa (genus)",1.77143348525239,"S29"
"a","Arctic Ocean","Depth.nominal","Depth (m)","TARA_B110000259","NS11-12 (family)",4.07601685441568,"S29"
"a","Arctic Ocean","Depth.nominal","Depth (m)","TARA_B110000259","Flavobacteriaceae (family)",0.507352308882965,"S29"
"a","Arctic Ocean","Depth.nominal","Depth (m)","TARA_B110000259","Phaeocystis (family)",2.26158741078339,"S29"
"a","Arctic Ocean","Depth.nominal","Depth (m)","TARA_B110000259","Others",29.1942557399604,"S29"
"a","Arctic Ocean","Depth.nominal","Depth (m)","TARA_B110000090","Chloroplast (class)",13.3640319805688,"S30"
"a","Arctic Ocean","Depth.nominal","Depth (m)","TARA_B110000090","NS9 (family)",7.73707114664508,"S30"
"a","Arctic Ocean","Depth.nominal","Depth (m)","TARA_B110000090","SAR11 (order)",3.53709138751139,"S30"
"a","Arctic Ocean","Depth.nominal","Depth (m)","TARA_B110000090","Cryomorphaceae (family)",10.7732010930068,"S30"
"a","Arctic Ocean","Depth.nominal","Depth (m)","TARA_B110000090","NS5 (genus)",4.34672603987451,"S30"
"a","Arctic Ocean","Depth.nominal","Depth (m)","TARA_B110000090","OM182 (family)",1.40167999190365,"S30"
"a","Arctic Ocean","Depth.nominal","Depth (m)","TARA_B110000090","Polaribacter (genus)",5.92045339540532,"S30"
"a","Arctic Ocean","Depth.nominal","Depth (m)","TARA_B110000090","Marinimicrobia (phylum)",0.166987147049894,"S30"
"a","Arctic Ocean","Depth.nominal","Depth (m)","TARA_B110000090","SAR92 (genus)",6.55298046756401,"S30"
"a","Arctic Ocean","Depth.nominal","Depth (m)","TARA_B110000090","AEGEAN-169 (genus)",1.45734237425362,"S30"
"a","Arctic Ocean","Depth.nominal","Depth (m)","TARA_B110000090","Piscirickettsiaceae (family)",3.41058597307965,"S30"
"a","Arctic Ocean","Depth.nominal","Depth (m)","TARA_B110000090","Marine (family)",0,"S30"
"a","Arctic Ocean","Depth.nominal","Depth (m)","TARA_B110000090","Marinoscillum (genus)",1.83685861754883,"S30"
"a","Arctic Ocean","Depth.nominal","Depth (m)","TARA_B110000090","NS7 (family)",0.172047363627163,"S30"
"a","Arctic Ocean","Depth.nominal","Depth (m)","TARA_B110000090","SAR86 (family)",0.592045339540532,"S30"
"a","Arctic Ocean","Depth.nominal","Depth (m)","TARA_B110000090","Formosa (genus)",1.14866916304018,"S30"
"a","Arctic Ocean","Depth.nominal","Depth (m)","TARA_B110000090","NS11-12 (family)",3.44094727254326,"S30"
"a","Arctic Ocean","Depth.nominal","Depth (m)","TARA_B110000090","Flavobacteriaceae (family)",3.37010424046149,"S30"
"a","Arctic Ocean","Depth.nominal","Depth (m)","TARA_B110000090","Phaeocystis (family)",0.247950612286206,"S30"
"a","Arctic Ocean","Depth.nominal","Depth (m)","TARA_B110000090","Others",30.5232263940897,"S30"
"a","Arctic Ocean","Depth.nominal","Depth (m)","TARA_B110001469","Chloroplast (class)",8.11086754151527,"S31"
"a","Arctic Ocean","Depth.nominal","Depth (m)","TARA_B110001469","NS9 (family)",5.57640911684334,"S31"
"a","Arctic Ocean","Depth.nominal","Depth (m)","TARA_B110001469","SAR11 (order)",1.41136902795712,"S31"
"a","Arctic Ocean","Depth.nominal","Depth (m)","TARA_B110001469","Cryomorphaceae (family)",2.83775262004144,"S31"
"a","Arctic Ocean","Depth.nominal","Depth (m)","TARA_B110001469","NS5 (genus)",0.30930002102039,"S31"
"a","Arctic Ocean","Depth.nominal","Depth (m)","TARA_B110001469","OM182 (family)",0.579562175310051,"S31"
"a","Arctic Ocean","Depth.nominal","Depth (m)","TARA_B110001469","Polaribacter (genus)",3.04795651782229,"S31"
"a","Arctic Ocean","Depth.nominal","Depth (m)","TARA_B110001469","Marinimicrobia (phylum)",0.0960932104141017,"S31"
"a","Arctic Ocean","Depth.nominal","Depth (m)","TARA_B110001469","SAR92 (genus)",2.82273805591424,"S31"
"a","Arctic Ocean","Depth.nominal","Depth (m)","TARA_B110001469","AEGEAN-169 (genus)",0.189183508002763,"S31"
"a","Arctic Ocean","Depth.nominal","Depth (m)","TARA_B110001469","Piscirickettsiaceae (family)",11.3780366955947,"S31"
"a","Arctic Ocean","Depth.nominal","Depth (m)","TARA_B110001469","Marine (family)",0.0420407795561695,"S31"
"a","Arctic Ocean","Depth.nominal","Depth (m)","TARA_B110001469","Marinoscillum (genus)",0.177171856701,"S31"
"a","Arctic Ocean","Depth.nominal","Depth (m)","TARA_B110001469","NS7 (family)",0.0600582565088135,"S31"
"a","Arctic Ocean","Depth.nominal","Depth (m)","TARA_B110001469","SAR86 (family)",0.240233026035254,"S31"
"a","Arctic Ocean","Depth.nominal","Depth (m)","TARA_B110001469","Formosa (genus)",0.384372841656407,"S31"
"a","Arctic Ocean","Depth.nominal","Depth (m)","TARA_B110001469","NS11-12 (family)",0.0360349539052881,"S31"
"a","Arctic Ocean","Depth.nominal","Depth (m)","TARA_B110001469","Flavobacteriaceae (family)",0.315305846671271,"S31"
"a","Arctic Ocean","Depth.nominal","Depth (m)","TARA_B110001469","Phaeocystis (family)",16.8373322122459,"S31"
"a","Arctic Ocean","Depth.nominal","Depth (m)","TARA_B110001469","Others",45.5481817362842,"S31"
"a","Arctic Ocean","Depth.nominal","Depth (m)","TARA_B110001452","Chloroplast (class)",17.1929991439171,"S32"
"a","Arctic Ocean","Depth.nominal","Depth (m)","TARA_B110001452","NS9 (family)",0.57547797964425,"S32"
"a","Arctic Ocean","Depth.nominal","Depth (m)","TARA_B110001452","SAR11 (order)",12.6557595358128,"S32"
"a","Arctic Ocean","Depth.nominal","Depth (m)","TARA_B110001452","Cryomorphaceae (family)",2.92495006182821,"S32"
"a","Arctic Ocean","Depth.nominal","Depth (m)","TARA_B110001452","NS5 (genus)",3.319699419766,"S32"
"a","Arctic Ocean","Depth.nominal","Depth (m)","TARA_B110001452","OM182 (family)",0.00475601636069628,"S32"
"a","Arctic Ocean","Depth.nominal","Depth (m)","TARA_B110001452","Polaribacter (genus)",0.0523161799676591,"S32"
"a","Arctic Ocean","Depth.nominal","Depth (m)","TARA_B110001452","Marinimicrobia (phylum)",1.17949205745268,"S32"
"a","Arctic Ocean","Depth.nominal","Depth (m)","TARA_B110001452","SAR92 (genus)",0.580233996004946,"S32"
"a","Arctic Ocean","Depth.nominal","Depth (m)","TARA_B110001452","AEGEAN-169 (genus)",0.65157424141539,"S32"
"a","Arctic Ocean","Depth.nominal","Depth (m)","TARA_B110001452","Piscirickettsiaceae (family)",0,"S32"
"a","Arctic Ocean","Depth.nominal","Depth (m)","TARA_B110001452","Marine (family)",4.40407115000476,"S32"
"a","Arctic Ocean","Depth.nominal","Depth (m)","TARA_B110001452","Marinoscillum (genus)",0.57547797964425,"S32"
"a","Arctic Ocean","Depth.nominal","Depth (m)","TARA_B110001452","NS7 (family)",22.8811947113098,"S32"
"a","Arctic Ocean","Depth.nominal","Depth (m)","TARA_B110001452","SAR86 (family)",0.261580899838295,"S32"
"a","Arctic Ocean","Depth.nominal","Depth (m)","TARA_B110001452","Formosa (genus)",0.665842290497479,"S32"
"a","Arctic Ocean","Depth.nominal","Depth (m)","TARA_B110001452","NS11-12 (family)",0,"S32"
"a","Arctic Ocean","Depth.nominal","Depth (m)","TARA_B110001452","Flavobacteriaceae (family)",0.0998763435746219,"S32"
"a","Arctic Ocean","Depth.nominal","Depth (m)","TARA_B110001452","Phaeocystis (family)",0.237800818034814,"S32"
"a","Arctic Ocean","Depth.nominal","Depth (m)","TARA_B110001452","Others",31.7368971749263,"S32"
"a","Arctic Ocean","Depth.nominal","Depth (m)","TARA_B110000261","Chloroplast (class)",38.3819877040837,"S33"
"a","Arctic Ocean","Depth.nominal","Depth (m)","TARA_B110000261","NS9 (family)",4.19364032409104,"S33"
"a","Arctic Ocean","Depth.nominal","Depth (m)","TARA_B110000261","SAR11 (order)",4.05928097390171,"S33"
"a","Arctic Ocean","Depth.nominal","Depth (m)","TARA_B110000261","Cryomorphaceae (family)",2.13753511664834,"S33"
"a","Arctic Ocean","Depth.nominal","Depth (m)","TARA_B110000261","NS5 (genus)",3.85570620088759,"S33"
"a","Arctic Ocean","Depth.nominal","Depth (m)","TARA_B110000261","OM182 (family)",2.87040429949921,"S33"
"a","Arctic Ocean","Depth.nominal","Depth (m)","TARA_B110000261","Polaribacter (genus)",1.25809209722731,"S33"
"a","Arctic Ocean","Depth.nominal","Depth (m)","TARA_B110000261","Marinimicrobia (phylum)",0.0529294409836733,"S33"
"a","Arctic Ocean","Depth.nominal","Depth (m)","TARA_B110000261","SAR92 (genus)",1.54309677944709,"S33"
"a","Arctic Ocean","Depth.nominal","Depth (m)","TARA_B110000261","AEGEAN-169 (genus)",4.05520947844143,"S33"
"a","Arctic Ocean","Depth.nominal","Depth (m)","TARA_B110000261","Piscirickettsiaceae (family)",2.3573958715036,"S33"
"a","Arctic Ocean","Depth.nominal","Depth (m)","TARA_B110000261","Marine (family)",0,"S33"
"a","Arctic Ocean","Depth.nominal","Depth (m)","TARA_B110000261","Marinoscillum (genus)",1.31509303367127,"S33"
"a","Arctic Ocean","Depth.nominal","Depth (m)","TARA_B110000261","NS7 (family)",0.146573836570172,"S33"
"a","Arctic Ocean","Depth.nominal","Depth (m)","TARA_B110000261","SAR86 (family)",0.31757664590204,"S33"
"a","Arctic Ocean","Depth.nominal","Depth (m)","TARA_B110000261","Formosa (genus)",0.679939741867188,"S33"
"a","Arctic Ocean","Depth.nominal","Depth (m)","TARA_B110000261","NS11-12 (family)",1.88917389357111,"S33"
"a","Arctic Ocean","Depth.nominal","Depth (m)","TARA_B110000261","Flavobacteriaceae (family)",0.830585073897643,"S33"
"a","Arctic Ocean","Depth.nominal","Depth (m)","TARA_B110000261","Phaeocystis (family)",2.16603558487032,"S33"
"a","Arctic Ocean","Depth.nominal","Depth (m)","TARA_B110000261","Others",27.8897439029355,"S33"
"a","Arctic Ocean","Depth.nominal","Depth (m)","TARA_B110000858","Chloroplast (class)",0.671000209687566,"S34"
"a","Arctic Ocean","Depth.nominal","Depth (m)","TARA_B110000858","NS9 (family)",5.69301740406794,"S34"
"a","Arctic Ocean","Depth.nominal","Depth (m)","TARA_B110000858","SAR11 (order)",10.6626127070665,"S34"
"a","Arctic Ocean","Depth.nominal","Depth (m)","TARA_B110000858","Cryomorphaceae (family)",4.52925141539107,"S34"
"a","Arctic Ocean","Depth.nominal","Depth (m)","TARA_B110000858","NS5 (genus)",18.221849444328,"S34"
"a","Arctic Ocean","Depth.nominal","Depth (m)","TARA_B110000858","OM182 (family)",1.25812539316419,"S34"
"a","Arctic Ocean","Depth.nominal","Depth (m)","TARA_B110000858","Polaribacter (genus)",1.11134409729503,"S34"
"a","Arctic Ocean","Depth.nominal","Depth (m)","TARA_B110000858","Marinimicrobia (phylum)",9.81337806668065,"S34"
"a","Arctic Ocean","Depth.nominal","Depth (m)","TARA_B110000858","SAR92 (genus)",0.660515831411197,"S34"
"a","Arctic Ocean","Depth.nominal","Depth (m)","TARA_B110000858","AEGEAN-169 (genus)",6.12287691339904,"S34"
"a","Arctic Ocean","Depth.nominal","Depth (m)","TARA_B110000858","Piscirickettsiaceae (family)",1.49926609352065,"S34"
"a","Arctic Ocean","Depth.nominal","Depth (m)","TARA_B110000858","Marine (family)",0.345984483120151,"S34"
"a","Arctic Ocean","Depth.nominal","Depth (m)","TARA_B110000858","Marinoscillum (genus)",4.3195638498637,"S34"
"a","Arctic Ocean","Depth.nominal","Depth (m)","TARA_B110000858","NS7 (family)",3.17676661773957,"S34"
"a","Arctic Ocean","Depth.nominal","Depth (m)","TARA_B110000858","SAR86 (family)",0.733906479345775,"S34"
"a","Arctic Ocean","Depth.nominal","Depth (m)","TARA_B110000858","Formosa (genus)",2.12832879010275,"S34"
"a","Arctic Ocean","Depth.nominal","Depth (m)","TARA_B110000858","NS11-12 (family)",0.828265883833089,"S34"
"a","Arctic Ocean","Depth.nominal","Depth (m)","TARA_B110000858","Flavobacteriaceae (family)",0.754875235898511,"S34"
"a","Arctic Ocean","Depth.nominal","Depth (m)","TARA_B110000858","Phaeocystis (family)",0.0314531348291046,"S34"
"a","Arctic Ocean","Depth.nominal","Depth (m)","TARA_B110000858","Others",27.4376179492556,"S34"
"a","Arctic Ocean","Depth.nominal","Depth (m)","TARA_B110000027","Chloroplast (class)",4.65514967690887,"S35"
"a","Arctic Ocean","Depth.nominal","Depth (m)","TARA_B110000027","NS9 (family)",0.303310035605961,"S35"
"a","Arctic Ocean","Depth.nominal","Depth (m)","TARA_B110000027","SAR11 (order)",8.85533430040881,"S35"
"a","Arctic Ocean","Depth.nominal","Depth (m)","TARA_B110000027","Cryomorphaceae (family)",17.3546089938019,"S35"
"a","Arctic Ocean","Depth.nominal","Depth (m)","TARA_B110000027","NS5 (genus)",15.9303705657392,"S35"
"a","Arctic Ocean","Depth.nominal","Depth (m)","TARA_B110000027","OM182 (family)",0.448371356982725,"S35"
"a","Arctic Ocean","Depth.nominal","Depth (m)","TARA_B110000027","Polaribacter (genus)",3.46169062376368,"S35"
"a","Arctic Ocean","Depth.nominal","Depth (m)","TARA_B110000027","Marinimicrobia (phylum)",0.085718053540815,"S35"
"a","Arctic Ocean","Depth.nominal","Depth (m)","TARA_B110000027","SAR92 (genus)",1.48358169589872,"S35"
"a","Arctic Ocean","Depth.nominal","Depth (m)","TARA_B110000027","AEGEAN-169 (genus)",0.250560464196228,"S35"
"a","Arctic Ocean","Depth.nominal","Depth (m)","TARA_B110000027","Piscirickettsiaceae (family)",3.95621785572992,"S35"
"a","Arctic Ocean","Depth.nominal","Depth (m)","TARA_B110000027","Marine (family)",0,"S35"
"a","Arctic Ocean","Depth.nominal","Depth (m)","TARA_B110000027","Marinoscillum (genus)",9.55426612158776,"S35"
"a","Arctic Ocean","Depth.nominal","Depth (m)","TARA_B110000027","NS7 (family)",1.70776737439008,"S35"
"a","Arctic Ocean","Depth.nominal","Depth (m)","TARA_B110000027","SAR86 (family)",0.125280232098114,"S35"
"a","Arctic Ocean","Depth.nominal","Depth (m)","TARA_B110000027","Formosa (genus)",7.34537781880522,"S35"
"a","Arctic Ocean","Depth.nominal","Depth (m)","TARA_B110000027","NS11-12 (family)",0.270341553474878,"S35"
"a","Arctic Ocean","Depth.nominal","Depth (m)","TARA_B110000027","Flavobacteriaceae (family)",2.87485164183041,"S35"
"a","Arctic Ocean","Depth.nominal","Depth (m)","TARA_B110000027","Phaeocystis (family)",0,"S35"
"a","Arctic Ocean","Depth.nominal","Depth (m)","TARA_B110000027","Others",21.3372016352367,"S35"
"a","Arctic Ocean","Depth.nominal","Depth (m)","TARA_B110000238","Chloroplast (class)",32.1975250718433,"S36"
"a","Arctic Ocean","Depth.nominal","Depth (m)","TARA_B110000238","NS9 (family)",11.5594393290716,"S36"
"a","Arctic Ocean","Depth.nominal","Depth (m)","TARA_B110000238","SAR11 (order)",2.58929095067738,"S36"
"a","Arctic Ocean","Depth.nominal","Depth (m)","TARA_B110000238","Cryomorphaceae (family)",0.712568177819483,"S36"
"a","Arctic Ocean","Depth.nominal","Depth (m)","TARA_B110000238","NS5 (genus)",5.19324379801771,"S36"
"a","Arctic Ocean","Depth.nominal","Depth (m)","TARA_B110000238","OM182 (family)",8.1168259926104,"S36"
"a","Arctic Ocean","Depth.nominal","Depth (m)","TARA_B110000238","Polaribacter (genus)",3.86194358102164,"S36"
"a","Arctic Ocean","Depth.nominal","Depth (m)","TARA_B110000238","Marinimicrobia (phylum)",0.1231599319688,"S36"
"a","Arctic Ocean","Depth.nominal","Depth (m)","TARA_B110000238","SAR92 (genus)",1.20227552636209,"S36"
"a","Arctic Ocean","Depth.nominal","Depth (m)","TARA_B110000238","AEGEAN-169 (genus)",1.14362793971028,"S36"
"a","Arctic Ocean","Depth.nominal","Depth (m)","TARA_B110000238","Piscirickettsiaceae (family)",5.24016186733916,"S36"
"a","Arctic Ocean","Depth.nominal","Depth (m)","TARA_B110000238","Marine (family)",0.038120931323676,"S36"
"a","Arctic Ocean","Depth.nominal","Depth (m)","TARA_B110000238","Marinoscillum (genus)",0.173010380622837,"S36"
"a","Arctic Ocean","Depth.nominal","Depth (m)","TARA_B110000238","NS7 (family)",0.0879713799777139,"S36"
"a","Arctic Ocean","Depth.nominal","Depth (m)","TARA_B110000238","SAR86 (family)",0.331358864582722,"S36"
"a","Arctic Ocean","Depth.nominal","Depth (m)","TARA_B110000238","Formosa (genus)",1.21986980235763,"S36"
"a","Arctic Ocean","Depth.nominal","Depth (m)","TARA_B110000238","NS11-12 (family)",6.51574687701601,"S36"
"a","Arctic Ocean","Depth.nominal","Depth (m)","TARA_B110000238","Flavobacteriaceae (family)",1.32543545833089,"S36"
"a","Arctic Ocean","Depth.nominal","Depth (m)","TARA_B110000238","Phaeocystis (family)",0.284440795261275,"S36"
"a","Arctic Ocean","Depth.nominal","Depth (m)","TARA_B110000238","Others",18.0839833440854,"S36"
"a","Arctic Ocean","Depth.nominal","Depth (m)","TARA_B110000208","Chloroplast (class)",22.7104370540762,"S37"
"a","Arctic Ocean","Depth.nominal","Depth (m)","TARA_B110000208","NS9 (family)",4.05084018870131,"S37"
"a","Arctic Ocean","Depth.nominal","Depth (m)","TARA_B110000208","SAR11 (order)",1.46204530391048,"S37"
"a","Arctic Ocean","Depth.nominal","Depth (m)","TARA_B110000208","Cryomorphaceae (family)",9.39997660727514,"S37"
"a","Arctic Ocean","Depth.nominal","Depth (m)","TARA_B110000208","NS5 (genus)",4.67074739755936,"S37"
"a","Arctic Ocean","Depth.nominal","Depth (m)","TARA_B110000208","OM182 (family)",3.30617178057624,"S37"
"a","Arctic Ocean","Depth.nominal","Depth (m)","TARA_B110000208","Polaribacter (genus)",1.99228040079535,"S37"
"a","Arctic Ocean","Depth.nominal","Depth (m)","TARA_B110000208","Marinimicrobia (phylum)",0.0233927248625677,"S37"
"a","Arctic Ocean","Depth.nominal","Depth (m)","TARA_B110000208","SAR92 (genus)",4.88128192132247,"S37"
"a","Arctic Ocean","Depth.nominal","Depth (m)","TARA_B110000208","AEGEAN-169 (genus)",0.530235096884869,"S37"
"a","Arctic Ocean","Depth.nominal","Depth (m)","TARA_B110000208","Piscirickettsiaceae (family)",8.30441732621155,"S37"
"a","Arctic Ocean","Depth.nominal","Depth (m)","TARA_B110000208","Marine (family)",0,"S37"
"a","Arctic Ocean","Depth.nominal","Depth (m)","TARA_B110000208","Marinoscillum (genus)",1.21252290537643,"S37"
"a","Arctic Ocean","Depth.nominal","Depth (m)","TARA_B110000208","NS7 (family)",0.0584818121564194,"S37"
"a","Arctic Ocean","Depth.nominal","Depth (m)","TARA_B110000208","SAR86 (family)",0.148153924129596,"S37"
"a","Arctic Ocean","Depth.nominal","Depth (m)","TARA_B110000208","Formosa (genus)",0.959101719365277,"S37"
"a","Arctic Ocean","Depth.nominal","Depth (m)","TARA_B110000208","NS11-12 (family)",3.1892081562634,"S37"
"a","Arctic Ocean","Depth.nominal","Depth (m)","TARA_B110000208","Flavobacteriaceae (family)",1.14624351826582,"S37"
"a","Arctic Ocean","Depth.nominal","Depth (m)","TARA_B110000208","Phaeocystis (family)",0.853834457483723,"S37"
"a","Arctic Ocean","Depth.nominal","Depth (m)","TARA_B110000208","Others",31.1006277047838,"S37"
"a","Arctic Ocean","Depth.nominal","Depth (m)","TARA_B110000114","Chloroplast (class)",13.3707969533717,"S38"
"a","Arctic Ocean","Depth.nominal","Depth (m)","TARA_B110000114","NS9 (family)",19.8727475385473,"S38"
"a","Arctic Ocean","Depth.nominal","Depth (m)","TARA_B110000114","SAR11 (order)",3.15344603381014,"S38"
"a","Arctic Ocean","Depth.nominal","Depth (m)","TARA_B110000114","Cryomorphaceae (family)",7.77447519970277,"S38"
"a","Arctic Ocean","Depth.nominal","Depth (m)","TARA_B110000114","NS5 (genus)",5.51272524614527,"S38"
"a","Arctic Ocean","Depth.nominal","Depth (m)","TARA_B110000114","OM182 (family)",0.459780791380271,"S38"
"a","Arctic Ocean","Depth.nominal","Depth (m)","TARA_B110000114","Polaribacter (genus)",8.23890024150102,"S38"
"a","Arctic Ocean","Depth.nominal","Depth (m)","TARA_B110000114","Marinimicrobia (phylum)",0.0464425041798254,"S38"
"a","Arctic Ocean","Depth.nominal","Depth (m)","TARA_B110000114","SAR92 (genus)",4.80215493219394,"S38"
"a","Arctic Ocean","Depth.nominal","Depth (m)","TARA_B110000114","AEGEAN-169 (genus)",2.55898198030838,"S38"
"a","Arctic Ocean","Depth.nominal","Depth (m)","TARA_B110000114","Piscirickettsiaceae (family)",5.70778376370054,"S38"
"a","Arctic Ocean","Depth.nominal","Depth (m)","TARA_B110000114","Marine (family)",0.00464425041798254,"S38"
"a","Arctic Ocean","Depth.nominal","Depth (m)","TARA_B110000114","Marinoscillum (genus)",1.4629388816645,"S38"
"a","Arctic Ocean","Depth.nominal","Depth (m)","TARA_B110000114","NS7 (family)",0.334386030094743,"S38"
"a","Arctic Ocean","Depth.nominal","Depth (m)","TARA_B110000114","SAR86 (family)",0.25543377298904,"S38"
"a","Arctic Ocean","Depth.nominal","Depth (m)","TARA_B110000114","Formosa (genus)",3.38565855470927,"S38"
"a","Arctic Ocean","Depth.nominal","Depth (m)","TARA_B110000114","NS11-12 (family)",1.5418911387702,"S38"
"a","Arctic Ocean","Depth.nominal","Depth (m)","TARA_B110000114","Flavobacteriaceae (family)",2.50789522571057,"S38"
"a","Arctic Ocean","Depth.nominal","Depth (m)","TARA_B110000114","Phaeocystis (family)",1.20750510867546,"S38"
"a","Arctic Ocean","Depth.nominal","Depth (m)","TARA_B110000114","Others",17.8014118521271,"S38"
"a","Arctic Ocean","Temperature","Temperature (deg C)","TARA_B110000263","Chloroplast (class)",0.467710791675606,"S1"
"a","Arctic Ocean","Temperature","Temperature (deg C)","TARA_B110000263","NS9 (family)",2.77622827719374,"S1"
"a","Arctic Ocean","Temperature","Temperature (deg C)","TARA_B110000263","SAR11 (order)",8.75777730100837,"S1"
"a","Arctic Ocean","Temperature","Temperature (deg C)","TARA_B110000263","Cryomorphaceae (family)",0.493456339841236,"S1"
"a","Arctic Ocean","Temperature","Temperature (deg C)","TARA_B110000263","NS5 (genus)",2.42008152756919,"S1"
"a","Arctic Ocean","Temperature","Temperature (deg C)","TARA_B110000263","OM182 (family)",0.699420725166273,"S1"
"a","Arctic Ocean","Temperature","Temperature (deg C)","TARA_B110000263","Polaribacter (genus)",0.214546234713581,"S1"
"a","Arctic Ocean","Temperature","Temperature (deg C)","TARA_B110000263","Marinimicrobia (phylum)",11.1006221840807,"S1"
"a","Arctic Ocean","Temperature","Temperature (deg C)","TARA_B110000263","SAR92 (genus)",0.0986912679682471,"S1"
"a","Arctic Ocean","Temperature","Temperature (deg C)","TARA_B110000263","AEGEAN-169 (genus)",3.39841235786312,"S1"
"a","Arctic Ocean","Temperature","Temperature (deg C)","TARA_B110000263","Piscirickettsiaceae (family)",0.0386183222484445,"S1"
"a","Arctic Ocean","Temperature","Temperature (deg C)","TARA_B110000263","Marine (family)",5.91289422870629,"S1"
"a","Arctic Ocean","Temperature","Temperature (deg C)","TARA_B110000263","Marinoscillum (genus)",0.793821068440249,"S1"
"a","Arctic Ocean","Temperature","Temperature (deg C)","TARA_B110000263","NS7 (family)",0.141600514910963,"S1"
"a","Arctic Ocean","Temperature","Temperature (deg C)","TARA_B110000263","SAR86 (family)",7.06715297146535,"S1"
"a","Arctic Ocean","Temperature","Temperature (deg C)","TARA_B110000263","Formosa (genus)",0.00429092469427161,"S1"
"a","Arctic Ocean","Temperature","Temperature (deg C)","TARA_B110000263","NS11-12 (family)",0.00429092469427161,"S1"
"a","Arctic Ocean","Temperature","Temperature (deg C)","TARA_B110000263","Flavobacteriaceae (family)",0.10727311735679,"S1"
"a","Arctic Ocean","Temperature","Temperature (deg C)","TARA_B110000263","Phaeocystis (family)",0.0300364728599013,"S1"
"a","Arctic Ocean","Temperature","Temperature (deg C)","TARA_B110000263","Others",55.4730744475434,"S1"
"a","Arctic Ocean","Temperature","Temperature (deg C)","TARA_B110000116","Chloroplast (class)",4.12713662383411,"S2"
"a","Arctic Ocean","Temperature","Temperature (deg C)","TARA_B110000116","NS9 (family)",4.83567511308595,"S2"
"a","Arctic Ocean","Temperature","Temperature (deg C)","TARA_B110000116","SAR11 (order)",7.22549137344382,"S2"
"a","Arctic Ocean","Temperature","Temperature (deg C)","TARA_B110000116","Cryomorphaceae (family)",0.908690604859693,"S2"
"a","Arctic Ocean","Temperature","Temperature (deg C)","TARA_B110000116","NS5 (genus)",1.49713782474681,"S2"
"a","Arctic Ocean","Temperature","Temperature (deg C)","TARA_B110000116","OM182 (family)",0.744565870061247,"S2"
"a","Arctic Ocean","Temperature","Temperature (deg C)","TARA_B110000116","Polaribacter (genus)",1.33301308994836,"S2"
"a","Arctic Ocean","Temperature","Temperature (deg C)","TARA_B110000116","Marinimicrobia (phylum)",9.09090909090909,"S2"
"a","Arctic Ocean","Temperature","Temperature (deg C)","TARA_B110000116","SAR92 (genus)",0.588447219887114,"S2"
"a","Arctic Ocean","Temperature","Temperature (deg C)","TARA_B110000116","AEGEAN-169 (genus)",3.16240342660422,"S2"
"a","Arctic Ocean","Temperature","Temperature (deg C)","TARA_B110000116","Piscirickettsiaceae (family)",0.220167327168648,"S2"
"a","Arctic Ocean","Temperature","Temperature (deg C)","TARA_B110000116","Marine (family)",4.2872583163204,"S2"
"a","Arctic Ocean","Temperature","Temperature (deg C)","TARA_B110000116","Marinoscillum (genus)",0.636483727633001,"S2"
"a","Arctic Ocean","Temperature","Temperature (deg C)","TARA_B110000116","NS7 (family)",0.148112565549818,"S2"
"a","Arctic Ocean","Temperature","Temperature (deg C)","TARA_B110000116","SAR86 (family)",5.06785156719106,"S2"
"a","Arctic Ocean","Temperature","Temperature (deg C)","TARA_B110000116","Formosa (genus)",0.0880669308674593,"S2"
"a","Arctic Ocean","Temperature","Temperature (deg C)","TARA_B110000116","NS11-12 (family)",0.016012169248629,"S2"
"a","Arctic Ocean","Temperature","Temperature (deg C)","TARA_B110000116","Flavobacteriaceae (family)",0.224170369480805,"S2"
"a","Arctic Ocean","Temperature","Temperature (deg C)","TARA_B110000116","Phaeocystis (family)",0.432328569712982,"S2"
"a","Arctic Ocean","Temperature","Temperature (deg C)","TARA_B110000116","Others",55.3660782194468,"S2"
"a","Arctic Ocean","Temperature","Temperature (deg C)","TARA_B110000196","Chloroplast (class)",1.17777199375325,"S3"
"a","Arctic Ocean","Temperature","Temperature (deg C)","TARA_B110000196","NS9 (family)",3.20145757418011,"S3"
"a","Arctic Ocean","Temperature","Temperature (deg C)","TARA_B110000196","SAR11 (order)",7.50910983862572,"S3"
"a","Arctic Ocean","Temperature","Temperature (deg C)","TARA_B110000196","Cryomorphaceae (family)",0.49453409682457,"S3"
"a","Arctic Ocean","Temperature","Temperature (deg C)","TARA_B110000196","NS5 (genus)",1.25260281103592,"S3"
"a","Arctic Ocean","Temperature","Temperature (deg C)","TARA_B110000196","OM182 (family)",0.75481520041645,"S3"
"a","Arctic Ocean","Temperature","Temperature (deg C)","TARA_B110000196","Polaribacter (genus)",0.263534617386778,"S3"
"a","Arctic Ocean","Temperature","Temperature (deg C)","TARA_B110000196","Marinimicrobia (phylum)",7.64575741801145,"S3"
"a","Arctic Ocean","Temperature","Temperature (deg C)","TARA_B110000196","SAR92 (genus)",0.204971369078605,"S3"
"a","Arctic Ocean","Temperature","Temperature (deg C)","TARA_B110000196","AEGEAN-169 (genus)",2.27095262883915,"S3"
"a","Arctic Ocean","Temperature","Temperature (deg C)","TARA_B110000196","Piscirickettsiaceae (family)",0.406689224362311,"S3"
"a","Arctic Ocean","Temperature","Temperature (deg C)","TARA_B110000196","Marine (family)",3.63417490890161,"S3"
"a","Arctic Ocean","Temperature","Temperature (deg C)","TARA_B110000196","Marinoscillum (genus)",0.270041644976575,"S3"
"a","Arctic Ocean","Temperature","Temperature (deg C)","TARA_B110000196","NS7 (family)",0.17243623112962,"S3"
"a","Arctic Ocean","Temperature","Temperature (deg C)","TARA_B110000196","SAR86 (family)",4.50611660593441,"S3"
"a","Arctic Ocean","Temperature","Temperature (deg C)","TARA_B110000196","Formosa (genus)",0.00325351379489849,"S3"
"a","Arctic Ocean","Temperature","Temperature (deg C)","TARA_B110000196","NS11-12 (family)",0,"S3"
"a","Arctic Ocean","Temperature","Temperature (deg C)","TARA_B110000196","Flavobacteriaceae (family)",0.0585632483081728,"S3"
"a","Arctic Ocean","Temperature","Temperature (deg C)","TARA_B110000196","Phaeocystis (family)",5.09825611660593,"S3"
"a","Arctic Ocean","Temperature","Temperature (deg C)","TARA_B110000196","Others",61.0749609578345,"S3"
"a","Arctic Ocean","Temperature","Temperature (deg C)","TARA_B110000495","Chloroplast (class)",0.852462383813485,"S4"
"a","Arctic Ocean","Temperature","Temperature (deg C)","TARA_B110000495","NS9 (family)",4.66286653314846,"S4"
"a","Arctic Ocean","Temperature","Temperature (deg C)","TARA_B110000495","SAR11 (order)",8.07785138396754,"S4"
"a","Arctic Ocean","Temperature","Temperature (deg C)","TARA_B110000495","Cryomorphaceae (family)",2.34170389770451,"S4"
"a","Arctic Ocean","Temperature","Temperature (deg C)","TARA_B110000495","NS5 (genus)",3.42012016638422,"S4"
"a","Arctic Ocean","Temperature","Temperature (deg C)","TARA_B110000495","OM182 (family)",1.55600061623787,"S4"
"a","Arctic Ocean","Temperature","Temperature (deg C)","TARA_B110000495","Polaribacter (genus)",0.821650490422636,"S4"
"a","Arctic Ocean","Temperature","Temperature (deg C)","TARA_B110000495","Marinimicrobia (phylum)",5.67452369948133,"S4"
"a","Arctic Ocean","Temperature","Temperature (deg C)","TARA_B110000495","SAR92 (genus)",0.364607405125045,"S4"
"a","Arctic Ocean","Temperature","Temperature (deg C)","TARA_B110000495","AEGEAN-169 (genus)",2.61387562265701,"S4"
"a","Arctic Ocean","Temperature","Temperature (deg C)","TARA_B110000495","Piscirickettsiaceae (family)",0.780567965901505,"S4"
"a","Arctic Ocean","Temperature","Temperature (deg C)","TARA_B110000495","Marine (family)",5.67965901504647,"S4"
"a","Arctic Ocean","Temperature","Temperature (deg C)","TARA_B110000495","Marinoscillum (genus)",1.39167051815334,"S4"
"a","Arctic Ocean","Temperature","Temperature (deg C)","TARA_B110000495","NS7 (family)",0.682996970163817,"S4"
"a","Arctic Ocean","Temperature","Temperature (deg C)","TARA_B110000495","SAR86 (family)",3.85148667385611,"S4"
"a","Arctic Ocean","Temperature","Temperature (deg C)","TARA_B110000495","Formosa (genus)",0.164330098084527,"S4"
"a","Arctic Ocean","Temperature","Temperature (deg C)","TARA_B110000495","NS11-12 (family)",0.251630462691932,"S4"
"a","Arctic Ocean","Temperature","Temperature (deg C)","TARA_B110000495","Flavobacteriaceae (family)",0.811379859292354,"S4"
"a","Arctic Ocean","Temperature","Temperature (deg C)","TARA_B110000495","Phaeocystis (family)",0.154059466954244,"S4"
"a","Arctic Ocean","Temperature","Temperature (deg C)","TARA_B110000495","Others",55.8465567709136,"S4"
"a","Arctic Ocean","Temperature","Temperature (deg C)","TARA_B110000438","Chloroplast (class)",0.356104651162791,"S5"
"a","Arctic Ocean","Temperature","Temperature (deg C)","TARA_B110000438","NS9 (family)",2.39098837209302,"S5"
"a","Arctic Ocean","Temperature","Temperature (deg C)","TARA_B110000438","SAR11 (order)",12.7616279069767,"S5"
"a","Arctic Ocean","Temperature","Temperature (deg C)","TARA_B110000438","Cryomorphaceae (family)",0.864825581395349,"S5"
"a","Arctic Ocean","Temperature","Temperature (deg C)","TARA_B110000438","NS5 (genus)",1.2281976744186,"S5"
"a","Arctic Ocean","Temperature","Temperature (deg C)","TARA_B110000438","OM182 (family)",0.813953488372093,"S5"
"a","Arctic Ocean","Temperature","Temperature (deg C)","TARA_B110000438","Polaribacter (genus)",0.203488372093023,"S5"
"a","Arctic Ocean","Temperature","Temperature (deg C)","TARA_B110000438","Marinimicrobia (phylum)",8.20494186046512,"S5"
"a","Arctic Ocean","Temperature","Temperature (deg C)","TARA_B110000438","SAR92 (genus)",0.0726744186046512,"S5"
"a","Arctic Ocean","Temperature","Temperature (deg C)","TARA_B110000438","AEGEAN-169 (genus)",5.28343023255814,"S5"
"a","Arctic Ocean","Temperature","Temperature (deg C)","TARA_B110000438","Piscirickettsiaceae (family)",0.065406976744186,"S5"
"a","Arctic Ocean","Temperature","Temperature (deg C)","TARA_B110000438","Marine (family)",5.37790697674419,"S5"
"a","Arctic Ocean","Temperature","Temperature (deg C)","TARA_B110000438","Marinoscillum (genus)",1.73691860465116,"S5"
"a","Arctic Ocean","Temperature","Temperature (deg C)","TARA_B110000438","NS7 (family)",0.29796511627907,"S5"
"a","Arctic Ocean","Temperature","Temperature (deg C)","TARA_B110000438","SAR86 (family)",5.06540697674419,"S5"
"a","Arctic Ocean","Temperature","Temperature (deg C)","TARA_B110000438","Formosa (genus)",0.0145348837209302,"S5"
"a","Arctic Ocean","Temperature","Temperature (deg C)","TARA_B110000438","NS11-12 (family)",0,"S5"
"a","Arctic Ocean","Temperature","Temperature (deg C)","TARA_B110000438","Flavobacteriaceae (family)",0.0944767441860465,"S5"
"a","Arctic Ocean","Temperature","Temperature (deg C)","TARA_B110000438","Phaeocystis (family)",0.0363372093023256,"S5"
"a","Arctic Ocean","Temperature","Temperature (deg C)","TARA_B110000438","Others",55.1308139534884,"S5"
"a","Arctic Ocean","Temperature","Temperature (deg C)","TARA_B110001454","Chloroplast (class)",0.927027873473223,"S6"
"a","Arctic Ocean","Temperature","Temperature (deg C)","TARA_B110001454","NS9 (family)",1.81647353585969,"S6"
"a","Arctic Ocean","Temperature","Temperature (deg C)","TARA_B110001454","SAR11 (order)",9.58972752896962,"S6"
"a","Arctic Ocean","Temperature","Temperature (deg C)","TARA_B110001454","Cryomorphaceae (family)",0.206702160977138,"S6"
"a","Arctic Ocean","Temperature","Temperature (deg C)","TARA_B110001454","NS5 (genus)",2.46789852803007,"S6"
"a","Arctic Ocean","Temperature","Temperature (deg C)","TARA_B110001454","OM182 (family)",0.363294707171939,"S6"
"a","Arctic Ocean","Temperature","Temperature (deg C)","TARA_B110001454","Polaribacter (genus)",0.76417162543063,"S6"
"a","Arctic Ocean","Temperature","Temperature (deg C)","TARA_B110001454","Marinimicrobia (phylum)",7.96116504854369,"S6"
"a","Arctic Ocean","Temperature","Temperature (deg C)","TARA_B110001454","SAR92 (genus)",0.206702160977138,"S6"
"a","Arctic Ocean","Temperature","Temperature (deg C)","TARA_B110001454","AEGEAN-169 (genus)",2.25493266520514,"S6"
"a","Arctic Ocean","Temperature","Temperature (deg C)","TARA_B110001454","Piscirickettsiaceae (family)",0.0250548073911682,"S6"
"a","Arctic Ocean","Temperature","Temperature (deg C)","TARA_B110001454","Marine (family)",4.99843407453805,"S6"
"a","Arctic Ocean","Temperature","Temperature (deg C)","TARA_B110001454","Marinoscillum (genus)",0.350767303476354,"S6"
"a","Arctic Ocean","Temperature","Temperature (deg C)","TARA_B110001454","NS7 (family)",0.595051675540244,"S6"
"a","Arctic Ocean","Temperature","Temperature (deg C)","TARA_B110001454","SAR86 (family)",3.5389915440025,"S6"
"a","Arctic Ocean","Temperature","Temperature (deg C)","TARA_B110001454","Formosa (genus)",0.0438459129345443,"S6"
"a","Arctic Ocean","Temperature","Temperature (deg C)","TARA_B110001454","NS11-12 (family)",0.0313185092389602,"S6"
"a","Arctic Ocean","Temperature","Temperature (deg C)","TARA_B110001454","Flavobacteriaceae (family)",0.181647353585969,"S6"
"a","Arctic Ocean","Temperature","Temperature (deg C)","TARA_B110001454","Phaeocystis (family)",0.0187911055433761,"S6"
"a","Arctic Ocean","Temperature","Temperature (deg C)","TARA_B110001454","Others",63.6580018791106,"S6"
"a","Arctic Ocean","Temperature","Temperature (deg C)","TARA_B110000467","Chloroplast (class)",1.07885949139481,"S7"
"a","Arctic Ocean","Temperature","Temperature (deg C)","TARA_B110000467","NS9 (family)",4.77138453634729,"S7"
"a","Arctic Ocean","Temperature","Temperature (deg C)","TARA_B110000467","SAR11 (order)",9.87670177241202,"S7"
"a","Arctic Ocean","Temperature","Temperature (deg C)","TARA_B110000467","Cryomorphaceae (family)",1.5990238890316,"S7"
"a","Arctic Ocean","Temperature","Temperature (deg C)","TARA_B110000467","NS5 (genus)",4.04572309273054,"S7"
"a","Arctic Ocean","Temperature","Temperature (deg C)","TARA_B110000467","OM182 (family)",1.5733367582841,"S7"
"a","Arctic Ocean","Temperature","Temperature (deg C)","TARA_B110000467","Polaribacter (genus)",0.417415874646802,"S7"
"a","Arctic Ocean","Temperature","Temperature (deg C)","TARA_B110000467","Marinimicrobia (phylum)",5.4071410223478,"S7"
"a","Arctic Ocean","Temperature","Temperature (deg C)","TARA_B110000467","SAR92 (genus)",0.321089134343694,"S7"
"a","Arctic Ocean","Temperature","Temperature (deg C)","TARA_B110000467","AEGEAN-169 (genus)",3.2943745183663,"S7"
"a","Arctic Ocean","Temperature","Temperature (deg C)","TARA_B110000467","Piscirickettsiaceae (family)",0.263293090161829,"S7"
"a","Arctic Ocean","Temperature","Temperature (deg C)","TARA_B110000467","Marine (family)",3.64757256614436,"S7"
"a","Arctic Ocean","Temperature","Temperature (deg C)","TARA_B110000467","Marinoscillum (genus)",1.3036218854354,"S7"
"a","Arctic Ocean","Temperature","Temperature (deg C)","TARA_B110000467","NS7 (family)",0.603647572566144,"S7"
"a","Arctic Ocean","Temperature","Temperature (deg C)","TARA_B110000467","SAR86 (family)",2.94117647058824,"S7"
"a","Arctic Ocean","Temperature","Temperature (deg C)","TARA_B110000467","Formosa (genus)",0.128435653737478,"S7"
"a","Arctic Ocean","Temperature","Temperature (deg C)","TARA_B110000467","NS11-12 (family)",0.122013871050604,"S7"
"a","Arctic Ocean","Temperature","Temperature (deg C)","TARA_B110000467","Flavobacteriaceae (family)",0.571538659131775,"S7"
"a","Arctic Ocean","Temperature","Temperature (deg C)","TARA_B110000467","Phaeocystis (family)",0.0963267403031081,"S7"
"a","Arctic Ocean","Temperature","Temperature (deg C)","TARA_B110000467","Others",57.9373234009761,"S7"
"a","Arctic Ocean","Temperature","Temperature (deg C)","TARA_B110000914","Chloroplast (class)",0.872319146571841,"S8"
"a","Arctic Ocean","Temperature","Temperature (deg C)","TARA_B110000914","NS9 (family)",7.48972108012001,"S8"
"a","Arctic Ocean","Temperature","Temperature (deg C)","TARA_B110000914","SAR11 (order)",8.23424824980553,"S8"
"a","Arctic Ocean","Temperature","Temperature (deg C)","TARA_B110000914","Cryomorphaceae (family)",3.55039448827648,"S8"
"a","Arctic Ocean","Temperature","Temperature (deg C)","TARA_B110000914","NS5 (genus)",3.01700188909879,"S8"
"a","Arctic Ocean","Temperature","Temperature (deg C)","TARA_B110000914","OM182 (family)",2.98366485165018,"S8"
"a","Arctic Ocean","Temperature","Temperature (deg C)","TARA_B110000914","Polaribacter (genus)",2.21135681742416,"S8"
"a","Arctic Ocean","Temperature","Temperature (deg C)","TARA_B110000914","Marinimicrobia (phylum)",2.84476052894766,"S8"
"a","Arctic Ocean","Temperature","Temperature (deg C)","TARA_B110000914","SAR92 (genus)",1.89465496166241,"S8"
"a","Arctic Ocean","Temperature","Temperature (deg C)","TARA_B110000914","AEGEAN-169 (genus)",0.577841982442494,"S8"
"a","Arctic Ocean","Temperature","Temperature (deg C)","TARA_B110000914","Piscirickettsiaceae (family)",0.43338148683187,"S8"
"a","Arctic Ocean","Temperature","Temperature (deg C)","TARA_B110000914","Marine (family)",5.97288587620847,"S8"
"a","Arctic Ocean","Temperature","Temperature (deg C)","TARA_B110000914","Marinoscillum (genus)",0.700077786420713,"S8"
"a","Arctic Ocean","Temperature","Temperature (deg C)","TARA_B110000914","NS7 (family)",0.538948772085787,"S8"
"a","Arctic Ocean","Temperature","Temperature (deg C)","TARA_B110000914","SAR86 (family)",2.84476052894766,"S8"
"a","Arctic Ocean","Temperature","Temperature (deg C)","TARA_B110000914","Formosa (genus)",0.24447160795644,"S8"
"a","Arctic Ocean","Temperature","Temperature (deg C)","TARA_B110000914","NS11-12 (family)",0.43338148683187,"S8"
"a","Arctic Ocean","Temperature","Temperature (deg C)","TARA_B110000914","Flavobacteriaceae (family)",0.833425936215135,"S8"
"a","Arctic Ocean","Temperature","Temperature (deg C)","TARA_B110000914","Phaeocystis (family)",1.11123458162018,"S8"
"a","Arctic Ocean","Temperature","Temperature (deg C)","TARA_B110000914","Others",53.2114679408823,"S8"
"a","Arctic Ocean","Temperature","Temperature (deg C)","TARA_B110000881","Chloroplast (class)",0.893417684840875,"S9"
"a","Arctic Ocean","Temperature","Temperature (deg C)","TARA_B110000881","NS9 (family)",5.60197034819143,"S9"
"a","Arctic Ocean","Temperature","Temperature (deg C)","TARA_B110000881","SAR11 (order)",10.2863765876274,"S9"
"a","Arctic Ocean","Temperature","Temperature (deg C)","TARA_B110000881","Cryomorphaceae (family)",3.32737721543439,"S9"
"a","Arctic Ocean","Temperature","Temperature (deg C)","TARA_B110000881","NS5 (genus)",4.41396629159222,"S9"
"a","Arctic Ocean","Temperature","Temperature (deg C)","TARA_B110000881","OM182 (family)",2.48225237842276,"S9"
"a","Arctic Ocean","Temperature","Temperature (deg C)","TARA_B110000881","Polaribacter (genus)",2.21664171536195,"S9"
"a","Arctic Ocean","Temperature","Temperature (deg C)","TARA_B110000881","Marinimicrobia (phylum)",2.98932728062974,"S9"
"a","Arctic Ocean","Temperature","Temperature (deg C)","TARA_B110000881","SAR92 (genus)",1.1638576326846,"S9"
"a","Arctic Ocean","Temperature","Temperature (deg C)","TARA_B110000881","AEGEAN-169 (genus)",0.7147341478727,"S9"
"a","Arctic Ocean","Temperature","Temperature (deg C)","TARA_B110000881","Piscirickettsiaceae (family)",0.449123484811899,"S9"
"a","Arctic Ocean","Temperature","Temperature (deg C)","TARA_B110000881","Marine (family)",6.7803158352248,"S9"
"a","Arctic Ocean","Temperature","Temperature (deg C)","TARA_B110000881","Marinoscillum (genus)",1.13971120876998,"S9"
"a","Arctic Ocean","Temperature","Temperature (deg C)","TARA_B110000881","NS7 (family)",0.651953445694693,"S9"
"a","Arctic Ocean","Temperature","Temperature (deg C)","TARA_B110000881","SAR86 (family)",2.33737383493505,"S9"
"a","Arctic Ocean","Temperature","Temperature (deg C)","TARA_B110000881","Formosa (genus)",0.550538465253296,"S9"
"a","Arctic Ocean","Temperature","Temperature (deg C)","TARA_B110000881","NS11-12 (family)",0.415318491331434,"S9"
"a","Arctic Ocean","Temperature","Temperature (deg C)","TARA_B110000881","Flavobacteriaceae (family)",0.7147341478727,"S9"
"a","Arctic Ocean","Temperature","Temperature (deg C)","TARA_B110000881","Phaeocystis (family)",0.140049258704786,"S9"
"a","Arctic Ocean","Temperature","Temperature (deg C)","TARA_B110000881","Others",52.7309605447433,"S9"
"a","Arctic Ocean","Temperature","Temperature (deg C)","TARA_B110000285","Chloroplast (class)",4.73279776458261,"S10"
"a","Arctic Ocean","Temperature","Temperature (deg C)","TARA_B110000285","NS9 (family)",4.49412038654092,"S10"
"a","Arctic Ocean","Temperature","Temperature (deg C)","TARA_B110000285","SAR11 (order)",5.05879613459076,"S10"
"a","Arctic Ocean","Temperature","Temperature (deg C)","TARA_B110000285","Cryomorphaceae (family)",7.21271393643032,"S10"
"a","Arctic Ocean","Temperature","Temperature (deg C)","TARA_B110000285","NS5 (genus)",5.64093608103388,"S10"
"a","Arctic Ocean","Temperature","Temperature (deg C)","TARA_B110000285","OM182 (family)",4.62801257422284,"S10"
"a","Arctic Ocean","Temperature","Temperature (deg C)","TARA_B110000285","Polaribacter (genus)",2.42752357666783,"S10"
"a","Arctic Ocean","Temperature","Temperature (deg C)","TARA_B110000285","Marinimicrobia (phylum)",0.151356386075212,"S10"
"a","Arctic Ocean","Temperature","Temperature (deg C)","TARA_B110000285","SAR92 (genus)",1.08860169984864,"S10"
"a","Arctic Ocean","Temperature","Temperature (deg C)","TARA_B110000285","AEGEAN-169 (genus)",3.17848410757946,"S10"
"a","Arctic Ocean","Temperature","Temperature (deg C)","TARA_B110000285","Piscirickettsiaceae (family)",0.844102922342531,"S10"
"a","Arctic Ocean","Temperature","Temperature (deg C)","TARA_B110000285","Marine (family)",0.0523925951798812,"S10"
"a","Arctic Ocean","Temperature","Temperature (deg C)","TARA_B110000285","Marinoscillum (genus)",1.43788566771452,"S10"
"a","Arctic Ocean","Temperature","Temperature (deg C)","TARA_B110000285","NS7 (family)",1.96763301897776,"S10"
"a","Arctic Ocean","Temperature","Temperature (deg C)","TARA_B110000285","SAR86 (family)",0.0407497962510187,"S10"
"a","Arctic Ocean","Temperature","Temperature (deg C)","TARA_B110000285","Formosa (genus)",0.622889742694144,"S10"
"a","Arctic Ocean","Temperature","Temperature (deg C)","TARA_B110000285","NS11-12 (family)",1.74059843986494,"S10"
"a","Arctic Ocean","Temperature","Temperature (deg C)","TARA_B110000285","Flavobacteriaceae (family)",1.71149144254279,"S10"
"a","Arctic Ocean","Temperature","Temperature (deg C)","TARA_B110000285","Phaeocystis (family)",0.0931423914309,"S10"
"a","Arctic Ocean","Temperature","Temperature (deg C)","TARA_B110000285","Others",52.875771335429,"S10"
"a","Arctic Ocean","Temperature","Temperature (deg C)","TARA_B110000444","Chloroplast (class)",5.90583613205754,"S11"
"a","Arctic Ocean","Temperature","Temperature (deg C)","TARA_B110000444","NS9 (family)",5.98821367467207,"S11"
"a","Arctic Ocean","Temperature","Temperature (deg C)","TARA_B110000444","SAR11 (order)",13.6113047335403,"S11"
"a","Arctic Ocean","Temperature","Temperature (deg C)","TARA_B110000444","Cryomorphaceae (family)",2.20518344845067,"S11"
"a","Arctic Ocean","Temperature","Temperature (deg C)","TARA_B110000444","NS5 (genus)",6.29237690894113,"S11"
"a","Arctic Ocean","Temperature","Temperature (deg C)","TARA_B110000444","OM182 (family)",0.785755021861733,"S11"
"a","Arctic Ocean","Temperature","Temperature (deg C)","TARA_B110000444","Polaribacter (genus)",0.0633673404727204,"S11"
"a","Arctic Ocean","Temperature","Temperature (deg C)","TARA_B110000444","Marinimicrobia (phylum)",4.72086686521767,"S11"
"a","Arctic Ocean","Temperature","Temperature (deg C)","TARA_B110000444","SAR92 (genus)",0.297826500221786,"S11"
"a","Arctic Ocean","Temperature","Temperature (deg C)","TARA_B110000444","AEGEAN-169 (genus)",4.39135669475952,"S11"
"a","Arctic Ocean","Temperature","Temperature (deg C)","TARA_B110000444","Piscirickettsiaceae (family)",0.171091819276345,"S11"
"a","Arctic Ocean","Temperature","Temperature (deg C)","TARA_B110000444","Marine (family)",6.0515810151448,"S11"
"a","Arctic Ocean","Temperature","Temperature (deg C)","TARA_B110000444","Marinoscillum (genus)",0.71605094734174,"S11"
"a","Arctic Ocean","Temperature","Temperature (deg C)","TARA_B110000444","NS7 (family)",1.07724478803625,"S11"
"a","Arctic Ocean","Temperature","Temperature (deg C)","TARA_B110000444","SAR86 (family)",5.73474431278119,"S11"
"a","Arctic Ocean","Temperature","Temperature (deg C)","TARA_B110000444","Formosa (genus)",0.418224447119954,"S11"
"a","Arctic Ocean","Temperature","Temperature (deg C)","TARA_B110000444","NS11-12 (family)",0.00633673404727204,"S11"
"a","Arctic Ocean","Temperature","Temperature (deg C)","TARA_B110000444","Flavobacteriaceae (family)",0.304163234269058,"S11"
"a","Arctic Ocean","Temperature","Temperature (deg C)","TARA_B110000444","Phaeocystis (family)",0.329510170458146,"S11"
"a","Arctic Ocean","Temperature","Temperature (deg C)","TARA_B110000444","Others",40.9289652113301,"S11"
"a","Arctic Ocean","Temperature","Temperature (deg C)","TARA_B110000305","Chloroplast (class)",13.9827876852098,"S12"
"a","Arctic Ocean","Temperature","Temperature (deg C)","TARA_B110000305","NS9 (family)",5.06609883772513,"S12"
"a","Arctic Ocean","Temperature","Temperature (deg C)","TARA_B110000305","SAR11 (order)",5.31008783603939,"S12"
"a","Arctic Ocean","Temperature","Temperature (deg C)","TARA_B110000305","Cryomorphaceae (family)",3.08756986957679,"S12"
"a","Arctic Ocean","Temperature","Temperature (deg C)","TARA_B110000305","NS5 (genus)",7.38621240351344,"S12"
"a","Arctic Ocean","Temperature","Temperature (deg C)","TARA_B110000305","OM182 (family)",3.33599503149676,"S12"
"a","Arctic Ocean","Temperature","Temperature (deg C)","TARA_B110000305","Polaribacter (genus)",1.63694437050838,"S12"
"a","Arctic Ocean","Temperature","Temperature (deg C)","TARA_B110000305","Marinimicrobia (phylum)",0.186318871439979,"S12"
"a","Arctic Ocean","Temperature","Temperature (deg C)","TARA_B110000305","SAR92 (genus)",1.38851920858841,"S12"
"a","Arctic Ocean","Temperature","Temperature (deg C)","TARA_B110000305","AEGEAN-169 (genus)",4.28533404311951,"S12"
"a","Arctic Ocean","Temperature","Temperature (deg C)","TARA_B110000305","Piscirickettsiaceae (family)",0.913849702777038,"S12"
"a","Arctic Ocean","Temperature","Temperature (deg C)","TARA_B110000305","Marine (family)",0.96264750243989,"S12"
"a","Arctic Ocean","Temperature","Temperature (deg C)","TARA_B110000305","Marinoscillum (genus)",1.43288084464555,"S12"
"a","Arctic Ocean","Temperature","Temperature (deg C)","TARA_B110000305","NS7 (family)",1.57483808002839,"S12"
"a","Arctic Ocean","Temperature","Temperature (deg C)","TARA_B110000305","SAR86 (family)",1.37521071777127,"S12"
"a","Arctic Ocean","Temperature","Temperature (deg C)","TARA_B110000305","Formosa (genus)",1.65912518853695,"S12"
"a","Arctic Ocean","Temperature","Temperature (deg C)","TARA_B110000305","NS11-12 (family)",1.84100789637122,"S12"
"a","Arctic Ocean","Temperature","Temperature (deg C)","TARA_B110000305","Flavobacteriaceae (family)",0.802945612634194,"S12"
"a","Arctic Ocean","Temperature","Temperature (deg C)","TARA_B110000305","Phaeocystis (family)",0.696477686097063,"S12"
"a","Arctic Ocean","Temperature","Temperature (deg C)","TARA_B110000305","Others",43.0751486114808,"S12"
"a","Arctic Ocean","Temperature","Temperature (deg C)","TARA_B110000459","Chloroplast (class)",11.9098446110311,"S13"
"a","Arctic Ocean","Temperature","Temperature (deg C)","TARA_B110000459","NS9 (family)",13.0913965149183,"S13"
"a","Arctic Ocean","Temperature","Temperature (deg C)","TARA_B110000459","SAR11 (order)",5.67939234473514,"S13"
"a","Arctic Ocean","Temperature","Temperature (deg C)","TARA_B110000459","Cryomorphaceae (family)",2.34324579258303,"S13"
"a","Arctic Ocean","Temperature","Temperature (deg C)","TARA_B110000459","NS5 (genus)",7.2928560790349,"S13"
"a","Arctic Ocean","Temperature","Temperature (deg C)","TARA_B110000459","OM182 (family)",2.06026907610584,"S13"
"a","Arctic Ocean","Temperature","Temperature (deg C)","TARA_B110000459","Polaribacter (genus)",0.67020801270913,"S13"
"a","Arctic Ocean","Temperature","Temperature (deg C)","TARA_B110000459","Marinimicrobia (phylum)",0.888646179814328,"S13"
"a","Arctic Ocean","Temperature","Temperature (deg C)","TARA_B110000459","SAR92 (genus)",0.699995035496202,"S13"
"a","Arctic Ocean","Temperature","Temperature (deg C)","TARA_B110000459","AEGEAN-169 (genus)",2.77019311919774,"S13"
"a","Arctic Ocean","Temperature","Temperature (deg C)","TARA_B110000459","Piscirickettsiaceae (family)",0.397160303827632,"S13"
"a","Arctic Ocean","Temperature","Temperature (deg C)","TARA_B110000459","Marine (family)",2.63615151665591,"S13"
"a","Arctic Ocean","Temperature","Temperature (deg C)","TARA_B110000459","Marinoscillum (genus)",1.24112594946135,"S13"
"a","Arctic Ocean","Temperature","Temperature (deg C)","TARA_B110000459","NS7 (family)",1.69289579506528,"S13"
"a","Arctic Ocean","Temperature","Temperature (deg C)","TARA_B110000459","SAR86 (family)",2.36806831157226,"S13"
"a","Arctic Ocean","Temperature","Temperature (deg C)","TARA_B110000459","Formosa (genus)",1.35034503301395,"S13"
"a","Arctic Ocean","Temperature","Temperature (deg C)","TARA_B110000459","NS11-12 (family)",0.729782058283275,"S13"
"a","Arctic Ocean","Temperature","Temperature (deg C)","TARA_B110000459","Flavobacteriaceae (family)",0.953184729186318,"S13"
"a","Arctic Ocean","Temperature","Temperature (deg C)","TARA_B110000459","Phaeocystis (family)",0.496450379784541,"S13"
"a","Arctic Ocean","Temperature","Temperature (deg C)","TARA_B110000459","Others",40.7287891575237,"S13"
"a","Arctic Ocean","Temperature","Temperature (deg C)","TARA_B110000211","Chloroplast (class)",1.01960397990346,"S14"
"a","Arctic Ocean","Temperature","Temperature (deg C)","TARA_B110000211","NS9 (family)",13.1908186385578,"S14"
"a","Arctic Ocean","Temperature","Temperature (deg C)","TARA_B110000211","SAR11 (order)",6.52645059600039,"S14"
"a","Arctic Ocean","Temperature","Temperature (deg C)","TARA_B110000211","Cryomorphaceae (family)",3.56615111811644,"S14"
"a","Arctic Ocean","Temperature","Temperature (deg C)","TARA_B110000211","NS5 (genus)",3.80258102649985,"S14"
"a","Arctic Ocean","Temperature","Temperature (deg C)","TARA_B110000211","OM182 (family)",3.17702689390208,"S14"
"a","Arctic Ocean","Temperature","Temperature (deg C)","TARA_B110000211","Polaribacter (genus)",4.74830066003349,"S14"
"a","Arctic Ocean","Temperature","Temperature (deg C)","TARA_B110000211","Marinimicrobia (phylum)",0.403901093488326,"S14"
"a","Arctic Ocean","Temperature","Temperature (deg C)","TARA_B110000211","SAR92 (genus)",1.38410008866122,"S14"
"a","Arctic Ocean","Temperature","Temperature (deg C)","TARA_B110000211","AEGEAN-169 (genus)",0.448231701310216,"S14"
"a","Arctic Ocean","Temperature","Temperature (deg C)","TARA_B110000211","Piscirickettsiaceae (family)",0.246281154566053,"S14"
"a","Arctic Ocean","Temperature","Temperature (deg C)","TARA_B110000211","Marine (family)",1.8027780514235,"S14"
"a","Arctic Ocean","Temperature","Temperature (deg C)","TARA_B110000211","Marinoscillum (genus)",2.25100975273372,"S14"
"a","Arctic Ocean","Temperature","Temperature (deg C)","TARA_B110000211","NS7 (family)",0.088661215643779,"S14"
"a","Arctic Ocean","Temperature","Temperature (deg C)","TARA_B110000211","SAR86 (family)",0.679735986602305,"S14"
"a","Arctic Ocean","Temperature","Temperature (deg C)","TARA_B110000211","Formosa (genus)",0.394049847305684,"S14"
"a","Arctic Ocean","Temperature","Temperature (deg C)","TARA_B110000211","NS11-12 (family)",0.295537385479263,"S14"
"a","Arctic Ocean","Temperature","Temperature (deg C)","TARA_B110000211","Flavobacteriaceae (family)",1.17722391882573,"S14"
"a","Arctic Ocean","Temperature","Temperature (deg C)","TARA_B110000211","Phaeocystis (family)",1.26095951137819,"S14"
"a","Arctic Ocean","Temperature","Temperature (deg C)","TARA_B110000211","Others",53.5365973795685,"S14"
"a","Arctic Ocean","Temperature","Temperature (deg C)","TARA_B110000908","Chloroplast (class)",3.22095689104371,"S15"
"a","Arctic Ocean","Temperature","Temperature (deg C)","TARA_B110000908","NS9 (family)",12.3726838801819,"S15"
"a","Arctic Ocean","Temperature","Temperature (deg C)","TARA_B110000908","SAR11 (order)",0.804299620400647,"S15"
"a","Arctic Ocean","Temperature","Temperature (deg C)","TARA_B110000908","Cryomorphaceae (family)",7.94903596797835,"S15"
"a","Arctic Ocean","Temperature","Temperature (deg C)","TARA_B110000908","NS5 (genus)",2.22121997970459,"S15"
"a","Arctic Ocean","Temperature","Temperature (deg C)","TARA_B110000908","OM182 (family)",6.5922501597324,"S15"
"a","Arctic Ocean","Temperature","Temperature (deg C)","TARA_B110000908","Polaribacter (genus)",5.40835118577818,"S15"
"a","Arctic Ocean","Temperature","Temperature (deg C)","TARA_B110000908","Marinimicrobia (phylum)",0.0526177321757432,"S15"
"a","Arctic Ocean","Temperature","Temperature (deg C)","TARA_B110000908","SAR92 (genus)",3.79223512609464,"S15"
"a","Arctic Ocean","Temperature","Temperature (deg C)","TARA_B110000908","AEGEAN-169 (genus)",0.0638929604991168,"S15"
"a","Arctic Ocean","Temperature","Temperature (deg C)","TARA_B110000908","Piscirickettsiaceae (family)",0.928327131957756,"S15"
"a","Arctic Ocean","Temperature","Temperature (deg C)","TARA_B110000908","Marine (family)",0.511143683992934,"S15"
"a","Arctic Ocean","Temperature","Temperature (deg C)","TARA_B110000908","Marinoscillum (genus)",0.560003006727553,"S15"
"a","Arctic Ocean","Temperature","Temperature (deg C)","TARA_B110000908","NS7 (family)",0.184162062615101,"S15"
"a","Arctic Ocean","Temperature","Temperature (deg C)","TARA_B110000908","SAR86 (family)",0.492351636787312,"S15"
"a","Arctic Ocean","Temperature","Temperature (deg C)","TARA_B110000908","Formosa (genus)",1.84537903559214,"S15"
"a","Arctic Ocean","Temperature","Temperature (deg C)","TARA_B110000908","NS11-12 (family)",2.19491111361672,"S15"
"a","Arctic Ocean","Temperature","Temperature (deg C)","TARA_B110000908","Flavobacteriaceae (family)",2.66471229375728,"S15"
"a","Arctic Ocean","Temperature","Temperature (deg C)","TARA_B110000908","Phaeocystis (family)",0.326981621377833,"S15"
"a","Arctic Ocean","Temperature","Temperature (deg C)","TARA_B110000908","Others",47.8144849099861,"S15"
"a","Arctic Ocean","Temperature","Temperature (deg C)","TARA_B110000037","Chloroplast (class)",4.1951163059831,"S16"
"a","Arctic Ocean","Temperature","Temperature (deg C)","TARA_B110000037","NS9 (family)",1.51024187015392,"S16"
"a","Arctic Ocean","Temperature","Temperature (deg C)","TARA_B110000037","SAR11 (order)",5.71693091077422,"S16"
"a","Arctic Ocean","Temperature","Temperature (deg C)","TARA_B110000037","Cryomorphaceae (family)",13.6847587084828,"S16"
"a","Arctic Ocean","Temperature","Temperature (deg C)","TARA_B110000037","NS5 (genus)",7.28503645411411,"S16"
"a","Arctic Ocean","Temperature","Temperature (deg C)","TARA_B110000037","OM182 (family)",3.25772480037033,"S16"
"a","Arctic Ocean","Temperature","Temperature (deg C)","TARA_B110000037","Polaribacter (genus)",3.44288855456544,"S16"
"a","Arctic Ocean","Temperature","Temperature (deg C)","TARA_B110000037","Marinimicrobia (phylum)",1.38294178914477,"S16"
"a","Arctic Ocean","Temperature","Temperature (deg C)","TARA_B110000037","SAR92 (genus)",1.20935076958685,"S16"
"a","Arctic Ocean","Temperature","Temperature (deg C)","TARA_B110000037","AEGEAN-169 (genus)",0.590209466496933,"S16"
"a","Arctic Ocean","Temperature","Temperature (deg C)","TARA_B110000037","Piscirickettsiaceae (family)",5.82687188982757,"S16"
"a","Arctic Ocean","Temperature","Temperature (deg C)","TARA_B110000037","Marine (family)",0.35296840643444,"S16"
"a","Arctic Ocean","Temperature","Temperature (deg C)","TARA_B110000037","Marinoscillum (genus)",4.07360259229256,"S16"
"a","Arctic Ocean","Temperature","Temperature (deg C)","TARA_B110000037","NS7 (family)",1.5391737067469,"S16"
"a","Arctic Ocean","Temperature","Temperature (deg C)","TARA_B110000037","SAR86 (family)",0.648073139682907,"S16"
"a","Arctic Ocean","Temperature","Temperature (deg C)","TARA_B110000037","Formosa (genus)",2.60965166068742,"S16"
"a","Arctic Ocean","Temperature","Temperature (deg C)","TARA_B110000037","NS11-12 (family)",0.867955097789608,"S16"
"a","Arctic Ocean","Temperature","Temperature (deg C)","TARA_B110000037","Flavobacteriaceae (family)",4.50179377386877,"S16"
"a","Arctic Ocean","Temperature","Temperature (deg C)","TARA_B110000037","Phaeocystis (family)",0.0289318365929869,"S16"
"a","Arctic Ocean","Temperature","Temperature (deg C)","TARA_B110000037","Others",37.2757782664044,"S16"
"a","Arctic Ocean","Temperature","Temperature (deg C)","TARA_B110000091","Chloroplast (class)",3.83705284647149,"S17"
"a","Arctic Ocean","Temperature","Temperature (deg C)","TARA_B110000091","NS9 (family)",12.8520391592818,"S17"
"a","Arctic Ocean","Temperature","Temperature (deg C)","TARA_B110000091","SAR11 (order)",3.73497888924976,"S17"
"a","Arctic Ocean","Temperature","Temperature (deg C)","TARA_B110000091","Cryomorphaceae (family)",5.95276759615831,"S17"
"a","Arctic Ocean","Temperature","Temperature (deg C)","TARA_B110000091","NS5 (genus)",3.35452141233239,"S17"
"a","Arctic Ocean","Temperature","Temperature (deg C)","TARA_B110000091","OM182 (family)",4.4355774138171,"S17"
"a","Arctic Ocean","Temperature","Temperature (deg C)","TARA_B110000091","Polaribacter (genus)",4.83923351737577,"S17"
"a","Arctic Ocean","Temperature","Temperature (deg C)","TARA_B110000091","Marinimicrobia (phylum)",0.927945065652113,"S17"
"a","Arctic Ocean","Temperature","Temperature (deg C)","TARA_B110000091","SAR92 (genus)",3.76745696654758,"S17"
"a","Arctic Ocean","Temperature","Temperature (deg C)","TARA_B110000091","AEGEAN-169 (genus)",1.39655732380643,"S17"
"a","Arctic Ocean","Temperature","Temperature (deg C)","TARA_B110000091","Piscirickettsiaceae (family)",4.8717115946736,"S17"
"a","Arctic Ocean","Temperature","Temperature (deg C)","TARA_B110000091","Marine (family)",0.417575279543451,"S17"
"a","Arctic Ocean","Temperature","Temperature (deg C)","TARA_B110000091","Marinoscillum (genus)",2.34770101609985,"S17"
"a","Arctic Ocean","Temperature","Temperature (deg C)","TARA_B110000091","NS7 (family)",0.0927945065652113,"S17"
"a","Arctic Ocean","Temperature","Temperature (deg C)","TARA_B110000091","SAR86 (family)",1.05785737484341,"S17"
"a","Arctic Ocean","Temperature","Temperature (deg C)","TARA_B110000091","Formosa (genus)",0.436134180856493,"S17"
"a","Arctic Ocean","Temperature","Temperature (deg C)","TARA_B110000091","NS11-12 (family)",1.03001902287385,"S17"
"a","Arctic Ocean","Temperature","Temperature (deg C)","TARA_B110000091","Flavobacteriaceae (family)",2.25490650953464,"S17"
"a","Arctic Ocean","Temperature","Temperature (deg C)","TARA_B110000091","Phaeocystis (family)",0.482531434139099,"S17"
"a","Arctic Ocean","Temperature","Temperature (deg C)","TARA_B110000091","Others",41.9106388901777,"S17"
"a","Arctic Ocean","Temperature","Temperature (deg C)","TARA_B110000967","Chloroplast (class)",11.1025216270937,"S18"
"a","Arctic Ocean","Temperature","Temperature (deg C)","TARA_B110000967","NS9 (family)",8.82385422418553,"S18"
"a","Arctic Ocean","Temperature","Temperature (deg C)","TARA_B110000967","SAR11 (order)",7.77471010491441,"S18"
"a","Arctic Ocean","Temperature","Temperature (deg C)","TARA_B110000967","Cryomorphaceae (family)",4.6788146512056,"S18"
"a","Arctic Ocean","Temperature","Temperature (deg C)","TARA_B110000967","NS5 (genus)",3.68488864347506,"S18"
"a","Arctic Ocean","Temperature","Temperature (deg C)","TARA_B110000967","OM182 (family)",6.47524387999264,"S18"
"a","Arctic Ocean","Temperature","Temperature (deg C)","TARA_B110000967","Polaribacter (genus)",3.25418737345849,"S18"
"a","Arctic Ocean","Temperature","Temperature (deg C)","TARA_B110000967","Marinimicrobia (phylum)",0.577949567458126,"S18"
"a","Arctic Ocean","Temperature","Temperature (deg C)","TARA_B110000967","SAR92 (genus)",3.33149272961531,"S18"
"a","Arctic Ocean","Temperature","Temperature (deg C)","TARA_B110000967","AEGEAN-169 (genus)",0.813546843364623,"S18"
"a","Arctic Ocean","Temperature","Temperature (deg C)","TARA_B110000967","Piscirickettsiaceae (family)",1.09331860850359,"S18"
"a","Arctic Ocean","Temperature","Temperature (deg C)","TARA_B110000967","Marine (family)",1.2074360390208,"S18"
"a","Arctic Ocean","Temperature","Temperature (deg C)","TARA_B110000967","Marinoscillum (genus)",1.98417080802503,"S18"
"a","Arctic Ocean","Temperature","Temperature (deg C)","TARA_B110000967","NS7 (family)",0.504325418737346,"S18"
"a","Arctic Ocean","Temperature","Temperature (deg C)","TARA_B110000967","SAR86 (family)",0.430701270016565,"S18"
"a","Arctic Ocean","Temperature","Temperature (deg C)","TARA_B110000967","Formosa (genus)",3.18056322473771,"S18"
"a","Arctic Ocean","Temperature","Temperature (deg C)","TARA_B110000967","NS11-12 (family)",3.01122768267992,"S18"
"a","Arctic Ocean","Temperature","Temperature (deg C)","TARA_B110000967","Flavobacteriaceae (family)",1.19639241671268,"S18"
"a","Arctic Ocean","Temperature","Temperature (deg C)","TARA_B110000967","Phaeocystis (family)",0.176697956929873,"S18"
"a","Arctic Ocean","Temperature","Temperature (deg C)","TARA_B110000967","Others",36.697956929873,"S18"
"a","Arctic Ocean","Temperature","Temperature (deg C)","TARA_B110000483","Chloroplast (class)",7.89678221669517,"S19"
"a","Arctic Ocean","Temperature","Temperature (deg C)","TARA_B110000483","NS9 (family)",3.96911757085859,"S19"
"a","Arctic Ocean","Temperature","Temperature (deg C)","TARA_B110000483","SAR11 (order)",5.01580392766465,"S19"
"a","Arctic Ocean","Temperature","Temperature (deg C)","TARA_B110000483","Cryomorphaceae (family)",2.61671589201513,"S19"
"a","Arctic Ocean","Temperature","Temperature (deg C)","TARA_B110000483","NS5 (genus)",13.5654697134567,"S19"
"a","Arctic Ocean","Temperature","Temperature (deg C)","TARA_B110000483","OM182 (family)",1.54930307269807,"S19"
"a","Arctic Ocean","Temperature","Temperature (deg C)","TARA_B110000483","Polaribacter (genus)",1.38867298823773,"S19"
"a","Arctic Ocean","Temperature","Temperature (deg C)","TARA_B110000483","Marinimicrobia (phylum)",1.00005181615628,"S19"
"a","Arctic Ocean","Temperature","Temperature (deg C)","TARA_B110000483","SAR92 (genus)",0.595885797191564,"S19"
"a","Arctic Ocean","Temperature","Temperature (deg C)","TARA_B110000483","AEGEAN-169 (genus)",4.34219389605679,"S19"
"a","Arctic Ocean","Temperature","Temperature (deg C)","TARA_B110000483","Piscirickettsiaceae (family)",1.92237939789626,"S19"
"a","Arctic Ocean","Temperature","Temperature (deg C)","TARA_B110000483","Marine (family)",1.95346909166278,"S19"
"a","Arctic Ocean","Temperature","Temperature (deg C)","TARA_B110000483","Marinoscillum (genus)",2.7514378983367,"S19"
"a","Arctic Ocean","Temperature","Temperature (deg C)","TARA_B110000483","NS7 (family)",6.12985128763148,"S19"
"a","Arctic Ocean","Temperature","Temperature (deg C)","TARA_B110000483","SAR86 (family)",1.04668635680605,"S19"
"a","Arctic Ocean","Temperature","Temperature (deg C)","TARA_B110000483","Formosa (genus)",0.782423959790663,"S19"
"a","Arctic Ocean","Temperature","Temperature (deg C)","TARA_B110000483","NS11-12 (family)",0.2849888595264,"S19"
"a","Arctic Ocean","Temperature","Temperature (deg C)","TARA_B110000483","Flavobacteriaceae (family)",0.414529250220219,"S19"
"a","Arctic Ocean","Temperature","Temperature (deg C)","TARA_B110000483","Phaeocystis (family)",1.23322451940515,"S19"
"a","Arctic Ocean","Temperature","Temperature (deg C)","TARA_B110000483","Others",41.5410124876937,"S19"
"a","Arctic Ocean","Temperature","Temperature (deg C)","TARA_B110000093","Chloroplast (class)",9.39070016034206,"S20"
"a","Arctic Ocean","Temperature","Temperature (deg C)","TARA_B110000093","NS9 (family)",16.1143773383218,"S20"
"a","Arctic Ocean","Temperature","Temperature (deg C)","TARA_B110000093","SAR11 (order)",3.90165686798503,"S20"
"a","Arctic Ocean","Temperature","Temperature (deg C)","TARA_B110000093","Cryomorphaceae (family)",5.40352752538749,"S20"
"a","Arctic Ocean","Temperature","Temperature (deg C)","TARA_B110000093","NS5 (genus)",5.42490646712988,"S20"
"a","Arctic Ocean","Temperature","Temperature (deg C)","TARA_B110000093","OM182 (family)",1.64617851416355,"S20"
"a","Arctic Ocean","Temperature","Temperature (deg C)","TARA_B110000093","Polaribacter (genus)",3.30839123463389,"S20"
"a","Arctic Ocean","Temperature","Temperature (deg C)","TARA_B110000093","Marinimicrobia (phylum)",1.309460181721,"S20"
"a","Arctic Ocean","Temperature","Temperature (deg C)","TARA_B110000093","SAR92 (genus)",4.25440940673437,"S20"
"a","Arctic Ocean","Temperature","Temperature (deg C)","TARA_B110000093","AEGEAN-169 (genus)",2.33564938535542,"S20"
"a","Arctic Ocean","Temperature","Temperature (deg C)","TARA_B110000093","Piscirickettsiaceae (family)",5.32335649385355,"S20"
"a","Arctic Ocean","Temperature","Temperature (deg C)","TARA_B110000093","Marine (family)",0.662747194013896,"S20"
"a","Arctic Ocean","Temperature","Temperature (deg C)","TARA_B110000093","Marinoscillum (genus)",1.81721004810262,"S20"
"a","Arctic Ocean","Temperature","Temperature (deg C)","TARA_B110000093","NS7 (family)",0.432923570283271,"S20"
"a","Arctic Ocean","Temperature","Temperature (deg C)","TARA_B110000093","SAR86 (family)",1.19187600213789,"S20"
"a","Arctic Ocean","Temperature","Temperature (deg C)","TARA_B110000093","Formosa (genus)",1.46980224478888,"S20"
"a","Arctic Ocean","Temperature","Temperature (deg C)","TARA_B110000093","NS11-12 (family)",1.41635489043292,"S20"
"a","Arctic Ocean","Temperature","Temperature (deg C)","TARA_B110000093","Flavobacteriaceae (family)",2.27151256012827,"S20"
"a","Arctic Ocean","Temperature","Temperature (deg C)","TARA_B110000093","Phaeocystis (family)",3.47407803313736,"S20"
"a","Arctic Ocean","Temperature","Temperature (deg C)","TARA_B110000093","Others",28.8508818813469,"S20"
"a","Arctic Ocean","Temperature","Temperature (deg C)","TARA_B110000971","Chloroplast (class)",16.7491723159388,"S21"
"a","Arctic Ocean","Temperature","Temperature (deg C)","TARA_B110000971","NS9 (family)",1.17294655525776,"S21"
"a","Arctic Ocean","Temperature","Temperature (deg C)","TARA_B110000971","SAR11 (order)",6.15481633296547,"S21"
"a","Arctic Ocean","Temperature","Temperature (deg C)","TARA_B110000971","Cryomorphaceae (family)",10.4619265331862,"S21"
"a","Arctic Ocean","Temperature","Temperature (deg C)","TARA_B110000971","NS5 (genus)",7.58946870565978,"S21"
"a","Arctic Ocean","Temperature","Temperature (deg C)","TARA_B110000971","OM182 (family)",2.21031057859057,"S21"
"a","Arctic Ocean","Temperature","Temperature (deg C)","TARA_B110000971","Polaribacter (genus)",1.51978559041463,"S21"
"a","Arctic Ocean","Temperature","Temperature (deg C)","TARA_B110000971","Marinimicrobia (phylum)",0.00945924641336907,"S21"
"a","Arctic Ocean","Temperature","Temperature (deg C)","TARA_B110000971","SAR92 (genus)",2.74002837773924,"S21"
"a","Arctic Ocean","Temperature","Temperature (deg C)","TARA_B110000971","AEGEAN-169 (genus)",1.91707393977613,"S21"
"a","Arctic Ocean","Temperature","Temperature (deg C)","TARA_B110000971","Piscirickettsiaceae (family)",1.19501813022229,"S21"
"a","Arctic Ocean","Temperature","Temperature (deg C)","TARA_B110000971","Marine (family)",0.0252246571023175,"S21"
"a","Arctic Ocean","Temperature","Temperature (deg C)","TARA_B110000971","Marinoscillum (genus)",0.980608544852593,"S21"
"a","Arctic Ocean","Temperature","Temperature (deg C)","TARA_B110000971","NS7 (family)",2.61390509222765,"S21"
"a","Arctic Ocean","Temperature","Temperature (deg C)","TARA_B110000971","SAR86 (family)",0.293236638814441,"S21"
"a","Arctic Ocean","Temperature","Temperature (deg C)","TARA_B110000971","Formosa (genus)",2.12202427873246,"S21"
"a","Arctic Ocean","Temperature","Temperature (deg C)","TARA_B110000971","NS11-12 (family)",1.39996846917862,"S21"
"a","Arctic Ocean","Temperature","Temperature (deg C)","TARA_B110000971","Flavobacteriaceae (family)",0.245940406747596,"S21"
"a","Arctic Ocean","Temperature","Temperature (deg C)","TARA_B110000971","Phaeocystis (family)",1.52293867255242,"S21"
"a","Arctic Ocean","Temperature","Temperature (deg C)","TARA_B110000971","Others",39.0761469336276,"S21"
"a","Arctic Ocean","Temperature","Temperature (deg C)","TARA_B110000977","Chloroplast (class)",16.1840284641233,"S22"
"a","Arctic Ocean","Temperature","Temperature (deg C)","TARA_B110000977","NS9 (family)",2.95512947222771,"S22"
"a","Arctic Ocean","Temperature","Temperature (deg C)","TARA_B110000977","SAR11 (order)",1.93714172761415,"S22"
"a","Arctic Ocean","Temperature","Temperature (deg C)","TARA_B110000977","Cryomorphaceae (family)",7.63984977268235,"S22"
"a","Arctic Ocean","Temperature","Temperature (deg C)","TARA_B110000977","NS5 (genus)",6.24629373393951,"S22"
"a","Arctic Ocean","Temperature","Temperature (deg C)","TARA_B110000977","OM182 (family)",3.21703894050208,"S22"
"a","Arctic Ocean","Temperature","Temperature (deg C)","TARA_B110000977","Polaribacter (genus)",3.42953152796995,"S22"
"a","Arctic Ocean","Temperature","Temperature (deg C)","TARA_B110000977","Marinimicrobia (phylum)",0.0098833761612967,"S22"
"a","Arctic Ocean","Temperature","Temperature (deg C)","TARA_B110000977","SAR92 (genus)",1.58134018580747,"S22"
"a","Arctic Ocean","Temperature","Temperature (deg C)","TARA_B110000977","AEGEAN-169 (genus)",0.444751927258351,"S22"
"a","Arctic Ocean","Temperature","Temperature (deg C)","TARA_B110000977","Piscirickettsiaceae (family)",0.504052184226132,"S22"
"a","Arctic Ocean","Temperature","Temperature (deg C)","TARA_B110000977","Marine (family)",0.0098833761612967,"S22"
"a","Arctic Ocean","Temperature","Temperature (deg C)","TARA_B110000977","Marinoscillum (genus)",1.11682150622653,"S22"
"a","Arctic Ocean","Temperature","Temperature (deg C)","TARA_B110000977","NS7 (family)",1.16623838703301,"S22"
"a","Arctic Ocean","Temperature","Temperature (deg C)","TARA_B110000977","SAR86 (family)",0.252026092113066,"S22"
"a","Arctic Ocean","Temperature","Temperature (deg C)","TARA_B110000977","Formosa (genus)",2.90571259142123,"S22"
"a","Arctic Ocean","Temperature","Temperature (deg C)","TARA_B110000977","NS11-12 (family)",1.21071357975885,"S22"
"a","Arctic Ocean","Temperature","Temperature (deg C)","TARA_B110000977","Flavobacteriaceae (family)",0.415101798774461,"S22"
"a","Arctic Ocean","Temperature","Temperature (deg C)","TARA_B110000977","Phaeocystis (family)",0.830203597548923,"S22"
"a","Arctic Ocean","Temperature","Temperature (deg C)","TARA_B110000977","Others",47.9442577584503,"S22"
"a","Arctic Ocean","Temperature","Temperature (deg C)","TARA_B110000240","Chloroplast (class)",27.9893582127629,"S23"
"a","Arctic Ocean","Temperature","Temperature (deg C)","TARA_B110000240","NS9 (family)",13.6083676518824,"S23"
"a","Arctic Ocean","Temperature","Temperature (deg C)","TARA_B110000240","SAR11 (order)",3.52418091038303,"S23"
"a","Arctic Ocean","Temperature","Temperature (deg C)","TARA_B110000240","Cryomorphaceae (family)",1.35937898611465,"S23"
"a","Arctic Ocean","Temperature","Temperature (deg C)","TARA_B110000240","NS5 (genus)",3.77564780057582,"S23"
"a","Arctic Ocean","Temperature","Temperature (deg C)","TARA_B110000240","OM182 (family)",5.48489376435001,"S23"
"a","Arctic Ocean","Temperature","Temperature (deg C)","TARA_B110000240","Polaribacter (genus)",4.16560370275885,"S23"
"a","Arctic Ocean","Temperature","Temperature (deg C)","TARA_B110000240","Marinimicrobia (phylum)",1.26826779401582,"S23"
"a","Arctic Ocean","Temperature","Temperature (deg C)","TARA_B110000240","SAR92 (genus)",0.914756368672328,"S23"
"a","Arctic Ocean","Temperature","Temperature (deg C)","TARA_B110000240","AEGEAN-169 (genus)",1.33386785232698,"S23"
"a","Arctic Ocean","Temperature","Temperature (deg C)","TARA_B110000240","Piscirickettsiaceae (family)",3.09778053136047,"S23"
"a","Arctic Ocean","Temperature","Temperature (deg C)","TARA_B110000240","Marine (family)",1.01680090382303,"S23"
"a","Arctic Ocean","Temperature","Temperature (deg C)","TARA_B110000240","Marinoscillum (genus)",0.317066948503954,"S23"
"a","Arctic Ocean","Temperature","Temperature (deg C)","TARA_B110000240","NS7 (family)",0.0838222967309304,"S23"
"a","Arctic Ocean","Temperature","Temperature (deg C)","TARA_B110000240","SAR86 (family)",1.12977878202558,"S23"
"a","Arctic Ocean","Temperature","Temperature (deg C)","TARA_B110000240","Formosa (genus)",0.89653413025256,"S23"
"a","Arctic Ocean","Temperature","Temperature (deg C)","TARA_B110000240","NS11-12 (family)",4.86898210576187,"S23"
"a","Arctic Ocean","Temperature","Temperature (deg C)","TARA_B110000240","Flavobacteriaceae (family)",1.30471227085535,"S23"
"a","Arctic Ocean","Temperature","Temperature (deg C)","TARA_B110000240","Phaeocystis (family)",0.280622471664419,"S23"
"a","Arctic Ocean","Temperature","Temperature (deg C)","TARA_B110000240","Others",23.5795765151791,"S23"
"a","Arctic Ocean","Temperature","Temperature (deg C)","TARA_B110000902","Chloroplast (class)",13.5949959144572,"S24"
"a","Arctic Ocean","Temperature","Temperature (deg C)","TARA_B110000902","NS9 (family)",9.21642106449522,"S24"
"a","Arctic Ocean","Temperature","Temperature (deg C)","TARA_B110000902","SAR11 (order)",2.64574117381871,"S24"
"a","Arctic Ocean","Temperature","Temperature (deg C)","TARA_B110000902","Cryomorphaceae (family)",10.7689273336902,"S24"
"a","Arctic Ocean","Temperature","Temperature (deg C)","TARA_B110000902","NS5 (genus)",3.93902679552563,"S24"
"a","Arctic Ocean","Temperature","Temperature (deg C)","TARA_B110000902","OM182 (family)",3.69671184243893,"S24"
"a","Arctic Ocean","Temperature","Temperature (deg C)","TARA_B110000902","Polaribacter (genus)",4.71668873798991,"S24"
"a","Arctic Ocean","Temperature","Temperature (deg C)","TARA_B110000902","Marinimicrobia (phylum)",0.211321180017469,"S24"
"a","Arctic Ocean","Temperature","Temperature (deg C)","TARA_B110000902","SAR92 (genus)",4.98154461694514,"S24"
"a","Arctic Ocean","Temperature","Temperature (deg C)","TARA_B110000902","AEGEAN-169 (genus)",0.349384350962216,"S24"
"a","Arctic Ocean","Temperature","Temperature (deg C)","TARA_B110000902","Piscirickettsiaceae (family)",0.484629906173396,"S24"
"a","Arctic Ocean","Temperature","Temperature (deg C)","TARA_B110000902","Marine (family)",1.30173846890761,"S24"
"a","Arctic Ocean","Temperature","Temperature (deg C)","TARA_B110000902","Marinoscillum (genus)",0.870643261671973,"S24"
"a","Arctic Ocean","Temperature","Temperature (deg C)","TARA_B110000902","NS7 (family)",2.0794004113719,"S24"
"a","Arctic Ocean","Temperature","Temperature (deg C)","TARA_B110000902","SAR86 (family)",0.233862105885999,"S24"
"a","Arctic Ocean","Temperature","Temperature (deg C)","TARA_B110000902","Formosa (genus)",1.44261925558592,"S24"
"a","Arctic Ocean","Temperature","Temperature (deg C)","TARA_B110000902","NS11-12 (family)",3.51074920402356,"S24"
"a","Arctic Ocean","Temperature","Temperature (deg C)","TARA_B110000902","Flavobacteriaceae (family)",1.12986390916007,"S24"
"a","Arctic Ocean","Temperature","Temperature (deg C)","TARA_B110000902","Phaeocystis (family)",0.464906596038432,"S24"
"a","Arctic Ocean","Temperature","Temperature (deg C)","TARA_B110000902","Others",34.3608238708405,"S24"
"a","Arctic Ocean","Temperature","Temperature (deg C)","TARA_B110000046","Chloroplast (class)",8.7884015659213,"S25"
"a","Arctic Ocean","Temperature","Temperature (deg C)","TARA_B110000046","NS9 (family)",0.995288965563002,"S25"
"a","Arctic Ocean","Temperature","Temperature (deg C)","TARA_B110000046","SAR11 (order)",3.27118306681707,"S25"
"a","Arctic Ocean","Temperature","Temperature (deg C)","TARA_B110000046","Cryomorphaceae (family)",23.3262557229116,"S25"
"a","Arctic Ocean","Temperature","Temperature (deg C)","TARA_B110000046","NS5 (genus)",8.34383916130317,"S25"
"a","Arctic Ocean","Temperature","Temperature (deg C)","TARA_B110000046","OM182 (family)",0.504279742551921,"S25"
"a","Arctic Ocean","Temperature","Temperature (deg C)","TARA_B110000046","Polaribacter (genus)",3.02567845531153,"S25"
"a","Arctic Ocean","Temperature","Temperature (deg C)","TARA_B110000046","Marinimicrobia (phylum)",1.02514763452989,"S25"
"a","Arctic Ocean","Temperature","Temperature (deg C)","TARA_B110000046","SAR92 (genus)",0.729878574746201,"S25"
"a","Arctic Ocean","Temperature","Temperature (deg C)","TARA_B110000046","AEGEAN-169 (genus)",0.0563997080485701,"S25"
"a","Arctic Ocean","Temperature","Temperature (deg C)","TARA_B110000046","Piscirickettsiaceae (family)",0.812819321876451,"S25"
"a","Arctic Ocean","Temperature","Temperature (deg C)","TARA_B110000046","Marine (family)",0.0829407471302502,"S25"
"a","Arctic Ocean","Temperature","Temperature (deg C)","TARA_B110000046","Marinoscillum (genus)",9.06044721650852,"S25"
"a","Arctic Ocean","Temperature","Temperature (deg C)","TARA_B110000046","NS7 (family)",0.955477406940482,"S25"
"a","Arctic Ocean","Temperature","Temperature (deg C)","TARA_B110000046","SAR86 (family)",0.0696702275894101,"S25"
"a","Arctic Ocean","Temperature","Temperature (deg C)","TARA_B110000046","Formosa (genus)",2.76690332426515,"S25"
"a","Arctic Ocean","Temperature","Temperature (deg C)","TARA_B110000046","NS11-12 (family)",0.26872802070201,"S25"
"a","Arctic Ocean","Temperature","Temperature (deg C)","TARA_B110000046","Flavobacteriaceae (family)",3.6128989449937,"S25"
"a","Arctic Ocean","Temperature","Temperature (deg C)","TARA_B110000046","Phaeocystis (family)",0.0696702275894101,"S25"
"a","Arctic Ocean","Temperature","Temperature (deg C)","TARA_B110000046","Others",32.2340919647004,"S25"
"a","Arctic Ocean","Temperature","Temperature (deg C)","TARA_B110000879","Chloroplast (class)",4.05063291139241,"S26"
"a","Arctic Ocean","Temperature","Temperature (deg C)","TARA_B110000879","NS9 (family)",8.84329986905282,"S26"
"a","Arctic Ocean","Temperature","Temperature (deg C)","TARA_B110000879","SAR11 (order)",1.64993452640768,"S26"
"a","Arctic Ocean","Temperature","Temperature (deg C)","TARA_B110000879","Cryomorphaceae (family)",8.51593190746399,"S26"
"a","Arctic Ocean","Temperature","Temperature (deg C)","TARA_B110000879","NS5 (genus)",10.0742034046268,"S26"
"a","Arctic Ocean","Temperature","Temperature (deg C)","TARA_B110000879","OM182 (family)",4.90178961152335,"S26"
"a","Arctic Ocean","Temperature","Temperature (deg C)","TARA_B110000879","Polaribacter (genus)",4.29070274989088,"S26"
"a","Arctic Ocean","Temperature","Temperature (deg C)","TARA_B110000879","Marinimicrobia (phylum)",0.165866433871672,"S26"
"a","Arctic Ocean","Temperature","Temperature (deg C)","TARA_B110000879","SAR92 (genus)",5.27717154081187,"S26"
"a","Arctic Ocean","Temperature","Temperature (deg C)","TARA_B110000879","AEGEAN-169 (genus)",0.615451767786993,"S26"
"a","Arctic Ocean","Temperature","Temperature (deg C)","TARA_B110000879","Piscirickettsiaceae (family)",0.519423832387604,"S26"
"a","Arctic Ocean","Temperature","Temperature (deg C)","TARA_B110000879","Marine (family)",0.458315146224356,"S26"
"a","Arctic Ocean","Temperature","Temperature (deg C)","TARA_B110000879","Marinoscillum (genus)",1.89873417721519,"S26"
"a","Arctic Ocean","Temperature","Temperature (deg C)","TARA_B110000879","NS7 (family)",2.54910519423832,"S26"
"a","Arctic Ocean","Temperature","Temperature (deg C)","TARA_B110000879","SAR86 (family)",0.30117852466172,"S26"
"a","Arctic Ocean","Temperature","Temperature (deg C)","TARA_B110000879","Formosa (genus)",4.94107376691401,"S26"
"a","Arctic Ocean","Temperature","Temperature (deg C)","TARA_B110000879","NS11-12 (family)",3.58358795285901,"S26"
"a","Arctic Ocean","Temperature","Temperature (deg C)","TARA_B110000879","Flavobacteriaceae (family)",1.81143605412484,"S26"
"a","Arctic Ocean","Temperature","Temperature (deg C)","TARA_B110000879","Phaeocystis (family)",0.0829332169358359,"S26"
"a","Arctic Ocean","Temperature","Temperature (deg C)","TARA_B110000879","Others",35.4692274116106,"S26"
"a","Arctic Ocean","Temperature","Temperature (deg C)","TARA_B110001450","Chloroplast (class)",25.8463609069262,"S27"
"a","Arctic Ocean","Temperature","Temperature (deg C)","TARA_B110001450","NS9 (family)",3.15767677813438,"S27"
"a","Arctic Ocean","Temperature","Temperature (deg C)","TARA_B110001450","SAR11 (order)",9.47820685371156,"S27"
"a","Arctic Ocean","Temperature","Temperature (deg C)","TARA_B110001450","Cryomorphaceae (family)",3.08520550781654,"S27"
"a","Arctic Ocean","Temperature","Temperature (deg C)","TARA_B110001450","NS5 (genus)",1.70825137177762,"S27"
"a","Arctic Ocean","Temperature","Temperature (deg C)","TARA_B110001450","OM182 (family)",0.0207060772336681,"S27"
"a","Arctic Ocean","Temperature","Temperature (deg C)","TARA_B110001450","Polaribacter (genus)",0.471063257065949,"S27"
"a","Arctic Ocean","Temperature","Temperature (deg C)","TARA_B110001450","Marinimicrobia (phylum)",0.43482762190703,"S27"
"a","Arctic Ocean","Temperature","Temperature (deg C)","TARA_B110001450","SAR92 (genus)",2.68661352106843,"S27"
"a","Arctic Ocean","Temperature","Temperature (deg C)","TARA_B110001450","AEGEAN-169 (genus)",1.17506988301066,"S27"
"a","Arctic Ocean","Temperature","Temperature (deg C)","TARA_B110001450","Piscirickettsiaceae (family)",0.00517651930841702,"S27"
"a","Arctic Ocean","Temperature","Temperature (deg C)","TARA_B110001450","Marine (family)",0.517651930841702,"S27"
"a","Arctic Ocean","Temperature","Temperature (deg C)","TARA_B110001450","Marinoscillum (genus)",0.201884253028264,"S27"
"a","Arctic Ocean","Temperature","Temperature (deg C)","TARA_B110001450","NS7 (family)",7.67677813438244,"S27"
"a","Arctic Ocean","Temperature","Temperature (deg C)","TARA_B110001450","SAR86 (family)",1.59436794699244,"S27"
"a","Arctic Ocean","Temperature","Temperature (deg C)","TARA_B110001450","Formosa (genus)",1.7030748524692,"S27"
"a","Arctic Ocean","Temperature","Temperature (deg C)","TARA_B110001450","NS11-12 (family)",0,"S27"
"a","Arctic Ocean","Temperature","Temperature (deg C)","TARA_B110001450","Flavobacteriaceae (family)",0.201884253028264,"S27"
"a","Arctic Ocean","Temperature","Temperature (deg C)","TARA_B110001450","Phaeocystis (family)",0.465886737757532,"S27"
"a","Arctic Ocean","Temperature","Temperature (deg C)","TARA_B110001450","Others",39.5693135935397,"S27"
"a","Arctic Ocean","Temperature","Temperature (deg C)","TARA_B110000503","Chloroplast (class)",10.0443975559365,"S28"
"a","Arctic Ocean","Temperature","Temperature (deg C)","TARA_B110000503","NS9 (family)",1.1824695591015,"S28"
"a","Arctic Ocean","Temperature","Temperature (deg C)","TARA_B110000503","SAR11 (order)",2.43966767770012,"S28"
"a","Arctic Ocean","Temperature","Temperature (deg C)","TARA_B110000503","Cryomorphaceae (family)",7.45966855685964,"S28"
"a","Arctic Ocean","Temperature","Temperature (deg C)","TARA_B110000503","NS5 (genus)",1.35830146380061,"S28"
"a","Arctic Ocean","Temperature","Temperature (deg C)","TARA_B110000503","OM182 (family)",4.83537737922546,"S28"
"a","Arctic Ocean","Temperature","Temperature (deg C)","TARA_B110000503","Polaribacter (genus)",2.94078860609258,"S28"
"a","Arctic Ocean","Temperature","Temperature (deg C)","TARA_B110000503","Marinimicrobia (phylum)",0,"S28"
"a","Arctic Ocean","Temperature","Temperature (deg C)","TARA_B110000503","SAR92 (genus)",7.02888039034683,"S28"
"a","Arctic Ocean","Temperature","Temperature (deg C)","TARA_B110000503","AEGEAN-169 (genus)",0.619807464064354,"S28"
"a","Arctic Ocean","Temperature","Temperature (deg C)","TARA_B110000503","Piscirickettsiaceae (family)",0,"S28"
"a","Arctic Ocean","Temperature","Temperature (deg C)","TARA_B110000503","Marine (family)",0.00439579761747769,"S28"
"a","Arctic Ocean","Temperature","Temperature (deg C)","TARA_B110000503","Marinoscillum (genus)",5.12110422436151,"S28"
"a","Arctic Ocean","Temperature","Temperature (deg C)","TARA_B110000503","NS7 (family)",0.00439579761747769,"S28"
"a","Arctic Ocean","Temperature","Temperature (deg C)","TARA_B110000503","SAR86 (family)",0.17143610708163,"S28"
"a","Arctic Ocean","Temperature","Temperature (deg C)","TARA_B110000503","Formosa (genus)",0.180227702316585,"S28"
"a","Arctic Ocean","Temperature","Temperature (deg C)","TARA_B110000503","NS11-12 (family)",0.5714536902721,"S28"
"a","Arctic Ocean","Temperature","Temperature (deg C)","TARA_B110000503","Flavobacteriaceae (family)",1.44182161853268,"S28"
"a","Arctic Ocean","Temperature","Temperature (deg C)","TARA_B110000503","Phaeocystis (family)",0.259352059431184,"S28"
"a","Arctic Ocean","Temperature","Temperature (deg C)","TARA_B110000503","Others",54.3364543496417,"S28"
"a","Arctic Ocean","Temperature","Temperature (deg C)","TARA_B110000259","Chloroplast (class)",24.043339926047,"S29"
"a","Arctic Ocean","Temperature","Temperature (deg C)","TARA_B110000259","NS9 (family)",3.63315848310259,"S29"
"a","Arctic Ocean","Temperature","Temperature (deg C)","TARA_B110000259","SAR11 (order)",5.00902915125978,"S29"
"a","Arctic Ocean","Temperature","Temperature (deg C)","TARA_B110000259","Cryomorphaceae (family)",4.52747441740476,"S29"
"a","Arctic Ocean","Temperature","Temperature (deg C)","TARA_B110000259","NS5 (genus)",7.43400120388683,"S29"
"a","Arctic Ocean","Temperature","Temperature (deg C)","TARA_B110000259","OM182 (family)",3.22899647433141,"S29"
"a","Arctic Ocean","Temperature","Temperature (deg C)","TARA_B110000259","Polaribacter (genus)",3.0398142574598,"S29"
"a","Arctic Ocean","Temperature","Temperature (deg C)","TARA_B110000259","Marinimicrobia (phylum)",0.0171983833519649,"S29"
"a","Arctic Ocean","Temperature","Temperature (deg C)","TARA_B110000259","SAR92 (genus)",3.05271304497377,"S29"
"a","Arctic Ocean","Temperature","Temperature (deg C)","TARA_B110000259","AEGEAN-169 (genus)",4.74245420930433,"S29"
"a","Arctic Ocean","Temperature","Temperature (deg C)","TARA_B110000259","Piscirickettsiaceae (family)",1.79293146444234,"S29"
"a","Arctic Ocean","Temperature","Temperature (deg C)","TARA_B110000259","Marine (family)",0.0214979791899561,"S29"
"a","Arctic Ocean","Temperature","Temperature (deg C)","TARA_B110000259","Marinoscillum (genus)",1.21248602631353,"S29"
"a","Arctic Ocean","Temperature","Temperature (deg C)","TARA_B110000259","NS7 (family)",0.146186258491702,"S29"
"a","Arctic Ocean","Temperature","Temperature (deg C)","TARA_B110000259","SAR86 (family)",0.288072921145412,"S29"
"a","Arctic Ocean","Temperature","Temperature (deg C)","TARA_B110000259","Formosa (genus)",1.77143348525239,"S29"
"a","Arctic Ocean","Temperature","Temperature (deg C)","TARA_B110000259","NS11-12 (family)",4.07601685441568,"S29"
"a","Arctic Ocean","Temperature","Temperature (deg C)","TARA_B110000259","Flavobacteriaceae (family)",0.507352308882965,"S29"
"a","Arctic Ocean","Temperature","Temperature (deg C)","TARA_B110000259","Phaeocystis (family)",2.26158741078339,"S29"
"a","Arctic Ocean","Temperature","Temperature (deg C)","TARA_B110000259","Others",29.1942557399604,"S29"
"a","Arctic Ocean","Temperature","Temperature (deg C)","TARA_B110000090","Chloroplast (class)",13.3640319805688,"S30"
"a","Arctic Ocean","Temperature","Temperature (deg C)","TARA_B110000090","NS9 (family)",7.73707114664508,"S30"
"a","Arctic Ocean","Temperature","Temperature (deg C)","TARA_B110000090","SAR11 (order)",3.53709138751139,"S30"
"a","Arctic Ocean","Temperature","Temperature (deg C)","TARA_B110000090","Cryomorphaceae (family)",10.7732010930068,"S30"
"a","Arctic Ocean","Temperature","Temperature (deg C)","TARA_B110000090","NS5 (genus)",4.34672603987451,"S30"
"a","Arctic Ocean","Temperature","Temperature (deg C)","TARA_B110000090","OM182 (family)",1.40167999190365,"S30"
"a","Arctic Ocean","Temperature","Temperature (deg C)","TARA_B110000090","Polaribacter (genus)",5.92045339540532,"S30"
"a","Arctic Ocean","Temperature","Temperature (deg C)","TARA_B110000090","Marinimicrobia (phylum)",0.166987147049894,"S30"
"a","Arctic Ocean","Temperature","Temperature (deg C)","TARA_B110000090","SAR92 (genus)",6.55298046756401,"S30"
"a","Arctic Ocean","Temperature","Temperature (deg C)","TARA_B110000090","AEGEAN-169 (genus)",1.45734237425362,"S30"
"a","Arctic Ocean","Temperature","Temperature (deg C)","TARA_B110000090","Piscirickettsiaceae (family)",3.41058597307965,"S30"
"a","Arctic Ocean","Temperature","Temperature (deg C)","TARA_B110000090","Marine (family)",0,"S30"
"a","Arctic Ocean","Temperature","Temperature (deg C)","TARA_B110000090","Marinoscillum (genus)",1.83685861754883,"S30"
"a","Arctic Ocean","Temperature","Temperature (deg C)","TARA_B110000090","NS7 (family)",0.172047363627163,"S30"
"a","Arctic Ocean","Temperature","Temperature (deg C)","TARA_B110000090","SAR86 (family)",0.592045339540532,"S30"
"a","Arctic Ocean","Temperature","Temperature (deg C)","TARA_B110000090","Formosa (genus)",1.14866916304018,"S30"
"a","Arctic Ocean","Temperature","Temperature (deg C)","TARA_B110000090","NS11-12 (family)",3.44094727254326,"S30"
"a","Arctic Ocean","Temperature","Temperature (deg C)","TARA_B110000090","Flavobacteriaceae (family)",3.37010424046149,"S30"
"a","Arctic Ocean","Temperature","Temperature (deg C)","TARA_B110000090","Phaeocystis (family)",0.247950612286206,"S30"
"a","Arctic Ocean","Temperature","Temperature (deg C)","TARA_B110000090","Others",30.5232263940897,"S30"
"a","Arctic Ocean","Temperature","Temperature (deg C)","TARA_B110001469","Chloroplast (class)",8.11086754151527,"S31"
"a","Arctic Ocean","Temperature","Temperature (deg C)","TARA_B110001469","NS9 (family)",5.57640911684334,"S31"
"a","Arctic Ocean","Temperature","Temperature (deg C)","TARA_B110001469","SAR11 (order)",1.41136902795712,"S31"
"a","Arctic Ocean","Temperature","Temperature (deg C)","TARA_B110001469","Cryomorphaceae (family)",2.83775262004144,"S31"
"a","Arctic Ocean","Temperature","Temperature (deg C)","TARA_B110001469","NS5 (genus)",0.30930002102039,"S31"
"a","Arctic Ocean","Temperature","Temperature (deg C)","TARA_B110001469","OM182 (family)",0.579562175310051,"S31"
"a","Arctic Ocean","Temperature","Temperature (deg C)","TARA_B110001469","Polaribacter (genus)",3.04795651782229,"S31"
"a","Arctic Ocean","Temperature","Temperature (deg C)","TARA_B110001469","Marinimicrobia (phylum)",0.0960932104141017,"S31"
"a","Arctic Ocean","Temperature","Temperature (deg C)","TARA_B110001469","SAR92 (genus)",2.82273805591424,"S31"
"a","Arctic Ocean","Temperature","Temperature (deg C)","TARA_B110001469","AEGEAN-169 (genus)",0.189183508002763,"S31"
"a","Arctic Ocean","Temperature","Temperature (deg C)","TARA_B110001469","Piscirickettsiaceae (family)",11.3780366955947,"S31"
"a","Arctic Ocean","Temperature","Temperature (deg C)","TARA_B110001469","Marine (family)",0.0420407795561695,"S31"
"a","Arctic Ocean","Temperature","Temperature (deg C)","TARA_B110001469","Marinoscillum (genus)",0.177171856701,"S31"
"a","Arctic Ocean","Temperature","Temperature (deg C)","TARA_B110001469","NS7 (family)",0.0600582565088135,"S31"
"a","Arctic Ocean","Temperature","Temperature (deg C)","TARA_B110001469","SAR86 (family)",0.240233026035254,"S31"
"a","Arctic Ocean","Temperature","Temperature (deg C)","TARA_B110001469","Formosa (genus)",0.384372841656407,"S31"
"a","Arctic Ocean","Temperature","Temperature (deg C)","TARA_B110001469","NS11-12 (family)",0.0360349539052881,"S31"
"a","Arctic Ocean","Temperature","Temperature (deg C)","TARA_B110001469","Flavobacteriaceae (family)",0.315305846671271,"S31"
"a","Arctic Ocean","Temperature","Temperature (deg C)","TARA_B110001469","Phaeocystis (family)",16.8373322122459,"S31"
"a","Arctic Ocean","Temperature","Temperature (deg C)","TARA_B110001469","Others",45.5481817362842,"S31"
"a","Arctic Ocean","Temperature","Temperature (deg C)","TARA_B110001452","Chloroplast (class)",17.1929991439171,"S32"
"a","Arctic Ocean","Temperature","Temperature (deg C)","TARA_B110001452","NS9 (family)",0.57547797964425,"S32"
"a","Arctic Ocean","Temperature","Temperature (deg C)","TARA_B110001452","SAR11 (order)",12.6557595358128,"S32"
"a","Arctic Ocean","Temperature","Temperature (deg C)","TARA_B110001452","Cryomorphaceae (family)",2.92495006182821,"S32"
"a","Arctic Ocean","Temperature","Temperature (deg C)","TARA_B110001452","NS5 (genus)",3.319699419766,"S32"
"a","Arctic Ocean","Temperature","Temperature (deg C)","TARA_B110001452","OM182 (family)",0.00475601636069628,"S32"
"a","Arctic Ocean","Temperature","Temperature (deg C)","TARA_B110001452","Polaribacter (genus)",0.0523161799676591,"S32"
"a","Arctic Ocean","Temperature","Temperature (deg C)","TARA_B110001452","Marinimicrobia (phylum)",1.17949205745268,"S32"
"a","Arctic Ocean","Temperature","Temperature (deg C)","TARA_B110001452","SAR92 (genus)",0.580233996004946,"S32"
"a","Arctic Ocean","Temperature","Temperature (deg C)","TARA_B110001452","AEGEAN-169 (genus)",0.65157424141539,"S32"
"a","Arctic Ocean","Temperature","Temperature (deg C)","TARA_B110001452","Piscirickettsiaceae (family)",0,"S32"
"a","Arctic Ocean","Temperature","Temperature (deg C)","TARA_B110001452","Marine (family)",4.40407115000476,"S32"
"a","Arctic Ocean","Temperature","Temperature (deg C)","TARA_B110001452","Marinoscillum (genus)",0.57547797964425,"S32"
"a","Arctic Ocean","Temperature","Temperature (deg C)","TARA_B110001452","NS7 (family)",22.8811947113098,"S32"
"a","Arctic Ocean","Temperature","Temperature (deg C)","TARA_B110001452","SAR86 (family)",0.261580899838295,"S32"
"a","Arctic Ocean","Temperature","Temperature (deg C)","TARA_B110001452","Formosa (genus)",0.665842290497479,"S32"
"a","Arctic Ocean","Temperature","Temperature (deg C)","TARA_B110001452","NS11-12 (family)",0,"S32"
"a","Arctic Ocean","Temperature","Temperature (deg C)","TARA_B110001452","Flavobacteriaceae (family)",0.0998763435746219,"S32"
"a","Arctic Ocean","Temperature","Temperature (deg C)","TARA_B110001452","Phaeocystis (family)",0.237800818034814,"S32"
"a","Arctic Ocean","Temperature","Temperature (deg C)","TARA_B110001452","Others",31.7368971749263,"S32"
"a","Arctic Ocean","Temperature","Temperature (deg C)","TARA_B110000261","Chloroplast (class)",38.3819877040837,"S33"
"a","Arctic Ocean","Temperature","Temperature (deg C)","TARA_B110000261","NS9 (family)",4.19364032409104,"S33"
"a","Arctic Ocean","Temperature","Temperature (deg C)","TARA_B110000261","SAR11 (order)",4.05928097390171,"S33"
"a","Arctic Ocean","Temperature","Temperature (deg C)","TARA_B110000261","Cryomorphaceae (family)",2.13753511664834,"S33"
"a","Arctic Ocean","Temperature","Temperature (deg C)","TARA_B110000261","NS5 (genus)",3.85570620088759,"S33"
"a","Arctic Ocean","Temperature","Temperature (deg C)","TARA_B110000261","OM182 (family)",2.87040429949921,"S33"
"a","Arctic Ocean","Temperature","Temperature (deg C)","TARA_B110000261","Polaribacter (genus)",1.25809209722731,"S33"
"a","Arctic Ocean","Temperature","Temperature (deg C)","TARA_B110000261","Marinimicrobia (phylum)",0.0529294409836733,"S33"
"a","Arctic Ocean","Temperature","Temperature (deg C)","TARA_B110000261","SAR92 (genus)",1.54309677944709,"S33"
"a","Arctic Ocean","Temperature","Temperature (deg C)","TARA_B110000261","AEGEAN-169 (genus)",4.05520947844143,"S33"
"a","Arctic Ocean","Temperature","Temperature (deg C)","TARA_B110000261","Piscirickettsiaceae (family)",2.3573958715036,"S33"
"a","Arctic Ocean","Temperature","Temperature (deg C)","TARA_B110000261","Marine (family)",0,"S33"
"a","Arctic Ocean","Temperature","Temperature (deg C)","TARA_B110000261","Marinoscillum (genus)",1.31509303367127,"S33"
"a","Arctic Ocean","Temperature","Temperature (deg C)","TARA_B110000261","NS7 (family)",0.146573836570172,"S33"
"a","Arctic Ocean","Temperature","Temperature (deg C)","TARA_B110000261","SAR86 (family)",0.31757664590204,"S33"
"a","Arctic Ocean","Temperature","Temperature (deg C)","TARA_B110000261","Formosa (genus)",0.679939741867188,"S33"
"a","Arctic Ocean","Temperature","Temperature (deg C)","TARA_B110000261","NS11-12 (family)",1.88917389357111,"S33"
"a","Arctic Ocean","Temperature","Temperature (deg C)","TARA_B110000261","Flavobacteriaceae (family)",0.830585073897643,"S33"
"a","Arctic Ocean","Temperature","Temperature (deg C)","TARA_B110000261","Phaeocystis (family)",2.16603558487032,"S33"
"a","Arctic Ocean","Temperature","Temperature (deg C)","TARA_B110000261","Others",27.8897439029355,"S33"
"a","Arctic Ocean","Temperature","Temperature (deg C)","TARA_B110000858","Chloroplast (class)",0.671000209687566,"S34"
"a","Arctic Ocean","Temperature","Temperature (deg C)","TARA_B110000858","NS9 (family)",5.69301740406794,"S34"
"a","Arctic Ocean","Temperature","Temperature (deg C)","TARA_B110000858","SAR11 (order)",10.6626127070665,"S34"
"a","Arctic Ocean","Temperature","Temperature (deg C)","TARA_B110000858","Cryomorphaceae (family)",4.52925141539107,"S34"
"a","Arctic Ocean","Temperature","Temperature (deg C)","TARA_B110000858","NS5 (genus)",18.221849444328,"S34"
"a","Arctic Ocean","Temperature","Temperature (deg C)","TARA_B110000858","OM182 (family)",1.25812539316419,"S34"
"a","Arctic Ocean","Temperature","Temperature (deg C)","TARA_B110000858","Polaribacter (genus)",1.11134409729503,"S34"
"a","Arctic Ocean","Temperature","Temperature (deg C)","TARA_B110000858","Marinimicrobia (phylum)",9.81337806668065,"S34"
"a","Arctic Ocean","Temperature","Temperature (deg C)","TARA_B110000858","SAR92 (genus)",0.660515831411197,"S34"
"a","Arctic Ocean","Temperature","Temperature (deg C)","TARA_B110000858","AEGEAN-169 (genus)",6.12287691339904,"S34"
"a","Arctic Ocean","Temperature","Temperature (deg C)","TARA_B110000858","Piscirickettsiaceae (family)",1.49926609352065,"S34"
"a","Arctic Ocean","Temperature","Temperature (deg C)","TARA_B110000858","Marine (family)",0.345984483120151,"S34"
"a","Arctic Ocean","Temperature","Temperature (deg C)","TARA_B110000858","Marinoscillum (genus)",4.3195638498637,"S34"
"a","Arctic Ocean","Temperature","Temperature (deg C)","TARA_B110000858","NS7 (family)",3.17676661773957,"S34"
"a","Arctic Ocean","Temperature","Temperature (deg C)","TARA_B110000858","SAR86 (family)",0.733906479345775,"S34"
"a","Arctic Ocean","Temperature","Temperature (deg C)","TARA_B110000858","Formosa (genus)",2.12832879010275,"S34"
"a","Arctic Ocean","Temperature","Temperature (deg C)","TARA_B110000858","NS11-12 (family)",0.828265883833089,"S34"
"a","Arctic Ocean","Temperature","Temperature (deg C)","TARA_B110000858","Flavobacteriaceae (family)",0.754875235898511,"S34"
"a","Arctic Ocean","Temperature","Temperature (deg C)","TARA_B110000858","Phaeocystis (family)",0.0314531348291046,"S34"
"a","Arctic Ocean","Temperature","Temperature (deg C)","TARA_B110000858","Others",27.4376179492556,"S34"
"a","Arctic Ocean","Temperature","Temperature (deg C)","TARA_B110000027","Chloroplast (class)",4.65514967690887,"S35"
"a","Arctic Ocean","Temperature","Temperature (deg C)","TARA_B110000027","NS9 (family)",0.303310035605961,"S35"
"a","Arctic Ocean","Temperature","Temperature (deg C)","TARA_B110000027","SAR11 (order)",8.85533430040881,"S35"
"a","Arctic Ocean","Temperature","Temperature (deg C)","TARA_B110000027","Cryomorphaceae (family)",17.3546089938019,"S35"
"a","Arctic Ocean","Temperature","Temperature (deg C)","TARA_B110000027","NS5 (genus)",15.9303705657392,"S35"
"a","Arctic Ocean","Temperature","Temperature (deg C)","TARA_B110000027","OM182 (family)",0.448371356982725,"S35"
"a","Arctic Ocean","Temperature","Temperature (deg C)","TARA_B110000027","Polaribacter (genus)",3.46169062376368,"S35"
"a","Arctic Ocean","Temperature","Temperature (deg C)","TARA_B110000027","Marinimicrobia (phylum)",0.085718053540815,"S35"
"a","Arctic Ocean","Temperature","Temperature (deg C)","TARA_B110000027","SAR92 (genus)",1.48358169589872,"S35"
"a","Arctic Ocean","Temperature","Temperature (deg C)","TARA_B110000027","AEGEAN-169 (genus)",0.250560464196228,"S35"
"a","Arctic Ocean","Temperature","Temperature (deg C)","TARA_B110000027","Piscirickettsiaceae (family)",3.95621785572992,"S35"
"a","Arctic Ocean","Temperature","Temperature (deg C)","TARA_B110000027","Marine (family)",0,"S35"
"a","Arctic Ocean","Temperature","Temperature (deg C)","TARA_B110000027","Marinoscillum (genus)",9.55426612158776,"S35"
"a","Arctic Ocean","Temperature","Temperature (deg C)","TARA_B110000027","NS7 (family)",1.70776737439008,"S35"
"a","Arctic Ocean","Temperature","Temperature (deg C)","TARA_B110000027","SAR86 (family)",0.125280232098114,"S35"
"a","Arctic Ocean","Temperature","Temperature (deg C)","TARA_B110000027","Formosa (genus)",7.34537781880522,"S35"
"a","Arctic Ocean","Temperature","Temperature (deg C)","TARA_B110000027","NS11-12 (family)",0.270341553474878,"S35"
"a","Arctic Ocean","Temperature","Temperature (deg C)","TARA_B110000027","Flavobacteriaceae (family)",2.87485164183041,"S35"
"a","Arctic Ocean","Temperature","Temperature (deg C)","TARA_B110000027","Phaeocystis (family)",0,"S35"
"a","Arctic Ocean","Temperature","Temperature (deg C)","TARA_B110000027","Others",21.3372016352367,"S35"
"a","Arctic Ocean","Temperature","Temperature (deg C)","TARA_B110000238","Chloroplast (class)",32.1975250718433,"S36"
"a","Arctic Ocean","Temperature","Temperature (deg C)","TARA_B110000238","NS9 (family)",11.5594393290716,"S36"
"a","Arctic Ocean","Temperature","Temperature (deg C)","TARA_B110000238","SAR11 (order)",2.58929095067738,"S36"
"a","Arctic Ocean","Temperature","Temperature (deg C)","TARA_B110000238","Cryomorphaceae (family)",0.712568177819483,"S36"
"a","Arctic Ocean","Temperature","Temperature (deg C)","TARA_B110000238","NS5 (genus)",5.19324379801771,"S36"
"a","Arctic Ocean","Temperature","Temperature (deg C)","TARA_B110000238","OM182 (family)",8.1168259926104,"S36"
"a","Arctic Ocean","Temperature","Temperature (deg C)","TARA_B110000238","Polaribacter (genus)",3.86194358102164,"S36"
"a","Arctic Ocean","Temperature","Temperature (deg C)","TARA_B110000238","Marinimicrobia (phylum)",0.1231599319688,"S36"
"a","Arctic Ocean","Temperature","Temperature (deg C)","TARA_B110000238","SAR92 (genus)",1.20227552636209,"S36"
"a","Arctic Ocean","Temperature","Temperature (deg C)","TARA_B110000238","AEGEAN-169 (genus)",1.14362793971028,"S36"
"a","Arctic Ocean","Temperature","Temperature (deg C)","TARA_B110000238","Piscirickettsiaceae (family)",5.24016186733916,"S36"
"a","Arctic Ocean","Temperature","Temperature (deg C)","TARA_B110000238","Marine (family)",0.038120931323676,"S36"
"a","Arctic Ocean","Temperature","Temperature (deg C)","TARA_B110000238","Marinoscillum (genus)",0.173010380622837,"S36"
"a","Arctic Ocean","Temperature","Temperature (deg C)","TARA_B110000238","NS7 (family)",0.0879713799777139,"S36"
"a","Arctic Ocean","Temperature","Temperature (deg C)","TARA_B110000238","SAR86 (family)",0.331358864582722,"S36"
"a","Arctic Ocean","Temperature","Temperature (deg C)","TARA_B110000238","Formosa (genus)",1.21986980235763,"S36"
"a","Arctic Ocean","Temperature","Temperature (deg C)","TARA_B110000238","NS11-12 (family)",6.51574687701601,"S36"
"a","Arctic Ocean","Temperature","Temperature (deg C)","TARA_B110000238","Flavobacteriaceae (family)",1.32543545833089,"S36"
"a","Arctic Ocean","Temperature","Temperature (deg C)","TARA_B110000238","Phaeocystis (family)",0.284440795261275,"S36"
"a","Arctic Ocean","Temperature","Temperature (deg C)","TARA_B110000238","Others",18.0839833440854,"S36"
"a","Arctic Ocean","Temperature","Temperature (deg C)","TARA_B110000208","Chloroplast (class)",22.7104370540762,"S37"
"a","Arctic Ocean","Temperature","Temperature (deg C)","TARA_B110000208","NS9 (family)",4.05084018870131,"S37"
"a","Arctic Ocean","Temperature","Temperature (deg C)","TARA_B110000208","SAR11 (order)",1.46204530391048,"S37"
"a","Arctic Ocean","Temperature","Temperature (deg C)","TARA_B110000208","Cryomorphaceae (family)",9.39997660727514,"S37"
"a","Arctic Ocean","Temperature","Temperature (deg C)","TARA_B110000208","NS5 (genus)",4.67074739755936,"S37"
"a","Arctic Ocean","Temperature","Temperature (deg C)","TARA_B110000208","OM182 (family)",3.30617178057624,"S37"
"a","Arctic Ocean","Temperature","Temperature (deg C)","TARA_B110000208","Polaribacter (genus)",1.99228040079535,"S37"
"a","Arctic Ocean","Temperature","Temperature (deg C)","TARA_B110000208","Marinimicrobia (phylum)",0.0233927248625677,"S37"
"a","Arctic Ocean","Temperature","Temperature (deg C)","TARA_B110000208","SAR92 (genus)",4.88128192132247,"S37"
"a","Arctic Ocean","Temperature","Temperature (deg C)","TARA_B110000208","AEGEAN-169 (genus)",0.530235096884869,"S37"
"a","Arctic Ocean","Temperature","Temperature (deg C)","TARA_B110000208","Piscirickettsiaceae (family)",8.30441732621155,"S37"
"a","Arctic Ocean","Temperature","Temperature (deg C)","TARA_B110000208","Marine (family)",0,"S37"
"a","Arctic Ocean","Temperature","Temperature (deg C)","TARA_B110000208","Marinoscillum (genus)",1.21252290537643,"S37"
"a","Arctic Ocean","Temperature","Temperature (deg C)","TARA_B110000208","NS7 (family)",0.0584818121564194,"S37"
"a","Arctic Ocean","Temperature","Temperature (deg C)","TARA_B110000208","SAR86 (family)",0.148153924129596,"S37"
"a","Arctic Ocean","Temperature","Temperature (deg C)","TARA_B110000208","Formosa (genus)",0.959101719365277,"S37"
"a","Arctic Ocean","Temperature","Temperature (deg C)","TARA_B110000208","NS11-12 (family)",3.1892081562634,"S37"
"a","Arctic Ocean","Temperature","Temperature (deg C)","TARA_B110000208","Flavobacteriaceae (family)",1.14624351826582,"S37"
"a","Arctic Ocean","Temperature","Temperature (deg C)","TARA_B110000208","Phaeocystis (family)",0.853834457483723,"S37"
"a","Arctic Ocean","Temperature","Temperature (deg C)","TARA_B110000208","Others",31.1006277047838,"S37"
"a","Arctic Ocean","Temperature","Temperature (deg C)","TARA_B110000114","Chloroplast (class)",13.3707969533717,"S38"
"a","Arctic Ocean","Temperature","Temperature (deg C)","TARA_B110000114","NS9 (family)",19.8727475385473,"S38"
"a","Arctic Ocean","Temperature","Temperature (deg C)","TARA_B110000114","SAR11 (order)",3.15344603381014,"S38"
"a","Arctic Ocean","Temperature","Temperature (deg C)","TARA_B110000114","Cryomorphaceae (family)",7.77447519970277,"S38"
"a","Arctic Ocean","Temperature","Temperature (deg C)","TARA_B110000114","NS5 (genus)",5.51272524614527,"S38"
"a","Arctic Ocean","Temperature","Temperature (deg C)","TARA_B110000114","OM182 (family)",0.459780791380271,"S38"
"a","Arctic Ocean","Temperature","Temperature (deg C)","TARA_B110000114","Polaribacter (genus)",8.23890024150102,"S38"
"a","Arctic Ocean","Temperature","Temperature (deg C)","TARA_B110000114","Marinimicrobia (phylum)",0.0464425041798254,"S38"
"a","Arctic Ocean","Temperature","Temperature (deg C)","TARA_B110000114","SAR92 (genus)",4.80215493219394,"S38"
"a","Arctic Ocean","Temperature","Temperature (deg C)","TARA_B110000114","AEGEAN-169 (genus)",2.55898198030838,"S38"
"a","Arctic Ocean","Temperature","Temperature (deg C)","TARA_B110000114","Piscirickettsiaceae (family)",5.70778376370054,"S38"
"a","Arctic Ocean","Temperature","Temperature (deg C)","TARA_B110000114","Marine (family)",0.00464425041798254,"S38"
"a","Arctic Ocean","Temperature","Temperature (deg C)","TARA_B110000114","Marinoscillum (genus)",1.4629388816645,"S38"
"a","Arctic Ocean","Temperature","Temperature (deg C)","TARA_B110000114","NS7 (family)",0.334386030094743,"S38"
"a","Arctic Ocean","Temperature","Temperature (deg C)","TARA_B110000114","SAR86 (family)",0.25543377298904,"S38"
"a","Arctic Ocean","Temperature","Temperature (deg C)","TARA_B110000114","Formosa (genus)",3.38565855470927,"S38"
"a","Arctic Ocean","Temperature","Temperature (deg C)","TARA_B110000114","NS11-12 (family)",1.5418911387702,"S38"
"a","Arctic Ocean","Temperature","Temperature (deg C)","TARA_B110000114","Flavobacteriaceae (family)",2.50789522571057,"S38"
"a","Arctic Ocean","Temperature","Temperature (deg C)","TARA_B110000114","Phaeocystis (family)",1.20750510867546,"S38"
"a","Arctic Ocean","Temperature","Temperature (deg C)","TARA_B110000114","Others",17.8014118521271,"S38"
"a","Arctic Ocean","Oxygen","Oxygen","TARA_B110000263","Chloroplast (class)",0.467710791675606,"S1"
"a","Arctic Ocean","Oxygen","Oxygen","TARA_B110000263","NS9 (family)",2.77622827719374,"S1"
"a","Arctic Ocean","Oxygen","Oxygen","TARA_B110000263","SAR11 (order)",8.75777730100837,"S1"
"a","Arctic Ocean","Oxygen","Oxygen","TARA_B110000263","Cryomorphaceae (family)",0.493456339841236,"S1"
"a","Arctic Ocean","Oxygen","Oxygen","TARA_B110000263","NS5 (genus)",2.42008152756919,"S1"
"a","Arctic Ocean","Oxygen","Oxygen","TARA_B110000263","OM182 (family)",0.699420725166273,"S1"
"a","Arctic Ocean","Oxygen","Oxygen","TARA_B110000263","Polaribacter (genus)",0.214546234713581,"S1"
"a","Arctic Ocean","Oxygen","Oxygen","TARA_B110000263","Marinimicrobia (phylum)",11.1006221840807,"S1"
"a","Arctic Ocean","Oxygen","Oxygen","TARA_B110000263","SAR92 (genus)",0.0986912679682471,"S1"
"a","Arctic Ocean","Oxygen","Oxygen","TARA_B110000263","AEGEAN-169 (genus)",3.39841235786312,"S1"
"a","Arctic Ocean","Oxygen","Oxygen","TARA_B110000263","Piscirickettsiaceae (family)",0.0386183222484445,"S1"
"a","Arctic Ocean","Oxygen","Oxygen","TARA_B110000263","Marine (family)",5.91289422870629,"S1"
"a","Arctic Ocean","Oxygen","Oxygen","TARA_B110000263","Marinoscillum (genus)",0.793821068440249,"S1"
"a","Arctic Ocean","Oxygen","Oxygen","TARA_B110000263","NS7 (family)",0.141600514910963,"S1"
"a","Arctic Ocean","Oxygen","Oxygen","TARA_B110000263","SAR86 (family)",7.06715297146535,"S1"
"a","Arctic Ocean","Oxygen","Oxygen","TARA_B110000263","Formosa (genus)",0.00429092469427161,"S1"
"a","Arctic Ocean","Oxygen","Oxygen","TARA_B110000263","NS11-12 (family)",0.00429092469427161,"S1"
"a","Arctic Ocean","Oxygen","Oxygen","TARA_B110000263","Flavobacteriaceae (family)",0.10727311735679,"S1"
"a","Arctic Ocean","Oxygen","Oxygen","TARA_B110000263","Phaeocystis (family)",0.0300364728599013,"S1"
"a","Arctic Ocean","Oxygen","Oxygen","TARA_B110000263","Others",55.4730744475434,"S1"
"a","Arctic Ocean","Oxygen","Oxygen","TARA_B110000116","Chloroplast (class)",4.12713662383411,"S2"
"a","Arctic Ocean","Oxygen","Oxygen","TARA_B110000116","NS9 (family)",4.83567511308595,"S2"
"a","Arctic Ocean","Oxygen","Oxygen","TARA_B110000116","SAR11 (order)",7.22549137344382,"S2"
"a","Arctic Ocean","Oxygen","Oxygen","TARA_B110000116","Cryomorphaceae (family)",0.908690604859693,"S2"
"a","Arctic Ocean","Oxygen","Oxygen","TARA_B110000116","NS5 (genus)",1.49713782474681,"S2"
"a","Arctic Ocean","Oxygen","Oxygen","TARA_B110000116","OM182 (family)",0.744565870061247,"S2"
"a","Arctic Ocean","Oxygen","Oxygen","TARA_B110000116","Polaribacter (genus)",1.33301308994836,"S2"
"a","Arctic Ocean","Oxygen","Oxygen","TARA_B110000116","Marinimicrobia (phylum)",9.09090909090909,"S2"
"a","Arctic Ocean","Oxygen","Oxygen","TARA_B110000116","SAR92 (genus)",0.588447219887114,"S2"
"a","Arctic Ocean","Oxygen","Oxygen","TARA_B110000116","AEGEAN-169 (genus)",3.16240342660422,"S2"
"a","Arctic Ocean","Oxygen","Oxygen","TARA_B110000116","Piscirickettsiaceae (family)",0.220167327168648,"S2"
"a","Arctic Ocean","Oxygen","Oxygen","TARA_B110000116","Marine (family)",4.2872583163204,"S2"
"a","Arctic Ocean","Oxygen","Oxygen","TARA_B110000116","Marinoscillum (genus)",0.636483727633001,"S2"
"a","Arctic Ocean","Oxygen","Oxygen","TARA_B110000116","NS7 (family)",0.148112565549818,"S2"
"a","Arctic Ocean","Oxygen","Oxygen","TARA_B110000116","SAR86 (family)",5.06785156719106,"S2"
"a","Arctic Ocean","Oxygen","Oxygen","TARA_B110000116","Formosa (genus)",0.0880669308674593,"S2"
"a","Arctic Ocean","Oxygen","Oxygen","TARA_B110000116","NS11-12 (family)",0.016012169248629,"S2"
"a","Arctic Ocean","Oxygen","Oxygen","TARA_B110000116","Flavobacteriaceae (family)",0.224170369480805,"S2"
"a","Arctic Ocean","Oxygen","Oxygen","TARA_B110000116","Phaeocystis (family)",0.432328569712982,"S2"
"a","Arctic Ocean","Oxygen","Oxygen","TARA_B110000116","Others",55.3660782194468,"S2"
"a","Arctic Ocean","Oxygen","Oxygen","TARA_B110000196","Chloroplast (class)",1.17777199375325,"S3"
"a","Arctic Ocean","Oxygen","Oxygen","TARA_B110000196","NS9 (family)",3.20145757418011,"S3"
"a","Arctic Ocean","Oxygen","Oxygen","TARA_B110000196","SAR11 (order)",7.50910983862572,"S3"
"a","Arctic Ocean","Oxygen","Oxygen","TARA_B110000196","Cryomorphaceae (family)",0.49453409682457,"S3"
"a","Arctic Ocean","Oxygen","Oxygen","TARA_B110000196","NS5 (genus)",1.25260281103592,"S3"
"a","Arctic Ocean","Oxygen","Oxygen","TARA_B110000196","OM182 (family)",0.75481520041645,"S3"
"a","Arctic Ocean","Oxygen","Oxygen","TARA_B110000196","Polaribacter (genus)",0.263534617386778,"S3"
"a","Arctic Ocean","Oxygen","Oxygen","TARA_B110000196","Marinimicrobia (phylum)",7.64575741801145,"S3"
"a","Arctic Ocean","Oxygen","Oxygen","TARA_B110000196","SAR92 (genus)",0.204971369078605,"S3"
"a","Arctic Ocean","Oxygen","Oxygen","TARA_B110000196","AEGEAN-169 (genus)",2.27095262883915,"S3"
"a","Arctic Ocean","Oxygen","Oxygen","TARA_B110000196","Piscirickettsiaceae (family)",0.406689224362311,"S3"
"a","Arctic Ocean","Oxygen","Oxygen","TARA_B110000196","Marine (family)",3.63417490890161,"S3"
"a","Arctic Ocean","Oxygen","Oxygen","TARA_B110000196","Marinoscillum (genus)",0.270041644976575,"S3"
"a","Arctic Ocean","Oxygen","Oxygen","TARA_B110000196","NS7 (family)",0.17243623112962,"S3"
"a","Arctic Ocean","Oxygen","Oxygen","TARA_B110000196","SAR86 (family)",4.50611660593441,"S3"
"a","Arctic Ocean","Oxygen","Oxygen","TARA_B110000196","Formosa (genus)",0.00325351379489849,"S3"
"a","Arctic Ocean","Oxygen","Oxygen","TARA_B110000196","NS11-12 (family)",0,"S3"
"a","Arctic Ocean","Oxygen","Oxygen","TARA_B110000196","Flavobacteriaceae (family)",0.0585632483081728,"S3"
"a","Arctic Ocean","Oxygen","Oxygen","TARA_B110000196","Phaeocystis (family)",5.09825611660593,"S3"
"a","Arctic Ocean","Oxygen","Oxygen","TARA_B110000196","Others",61.0749609578345,"S3"
"a","Arctic Ocean","Oxygen","Oxygen","TARA_B110000495","Chloroplast (class)",0.852462383813485,"S4"
"a","Arctic Ocean","Oxygen","Oxygen","TARA_B110000495","NS9 (family)",4.66286653314846,"S4"
"a","Arctic Ocean","Oxygen","Oxygen","TARA_B110000495","SAR11 (order)",8.07785138396754,"S4"
"a","Arctic Ocean","Oxygen","Oxygen","TARA_B110000495","Cryomorphaceae (family)",2.34170389770451,"S4"
"a","Arctic Ocean","Oxygen","Oxygen","TARA_B110000495","NS5 (genus)",3.42012016638422,"S4"
"a","Arctic Ocean","Oxygen","Oxygen","TARA_B110000495","OM182 (family)",1.55600061623787,"S4"
"a","Arctic Ocean","Oxygen","Oxygen","TARA_B110000495","Polaribacter (genus)",0.821650490422636,"S4"
"a","Arctic Ocean","Oxygen","Oxygen","TARA_B110000495","Marinimicrobia (phylum)",5.67452369948133,"S4"
"a","Arctic Ocean","Oxygen","Oxygen","TARA_B110000495","SAR92 (genus)",0.364607405125045,"S4"
"a","Arctic Ocean","Oxygen","Oxygen","TARA_B110000495","AEGEAN-169 (genus)",2.61387562265701,"S4"
"a","Arctic Ocean","Oxygen","Oxygen","TARA_B110000495","Piscirickettsiaceae (family)",0.780567965901505,"S4"
"a","Arctic Ocean","Oxygen","Oxygen","TARA_B110000495","Marine (family)",5.67965901504647,"S4"
"a","Arctic Ocean","Oxygen","Oxygen","TARA_B110000495","Marinoscillum (genus)",1.39167051815334,"S4"
"a","Arctic Ocean","Oxygen","Oxygen","TARA_B110000495","NS7 (family)",0.682996970163817,"S4"
"a","Arctic Ocean","Oxygen","Oxygen","TARA_B110000495","SAR86 (family)",3.85148667385611,"S4"
"a","Arctic Ocean","Oxygen","Oxygen","TARA_B110000495","Formosa (genus)",0.164330098084527,"S4"
"a","Arctic Ocean","Oxygen","Oxygen","TARA_B110000495","NS11-12 (family)",0.251630462691932,"S4"
"a","Arctic Ocean","Oxygen","Oxygen","TARA_B110000495","Flavobacteriaceae (family)",0.811379859292354,"S4"
"a","Arctic Ocean","Oxygen","Oxygen","TARA_B110000495","Phaeocystis (family)",0.154059466954244,"S4"
"a","Arctic Ocean","Oxygen","Oxygen","TARA_B110000495","Others",55.8465567709136,"S4"
"a","Arctic Ocean","Oxygen","Oxygen","TARA_B110000438","Chloroplast (class)",0.356104651162791,"S5"
"a","Arctic Ocean","Oxygen","Oxygen","TARA_B110000438","NS9 (family)",2.39098837209302,"S5"
"a","Arctic Ocean","Oxygen","Oxygen","TARA_B110000438","SAR11 (order)",12.7616279069767,"S5"
"a","Arctic Ocean","Oxygen","Oxygen","TARA_B110000438","Cryomorphaceae (family)",0.864825581395349,"S5"
"a","Arctic Ocean","Oxygen","Oxygen","TARA_B110000438","NS5 (genus)",1.2281976744186,"S5"
"a","Arctic Ocean","Oxygen","Oxygen","TARA_B110000438","OM182 (family)",0.813953488372093,"S5"
"a","Arctic Ocean","Oxygen","Oxygen","TARA_B110000438","Polaribacter (genus)",0.203488372093023,"S5"
"a","Arctic Ocean","Oxygen","Oxygen","TARA_B110000438","Marinimicrobia (phylum)",8.20494186046512,"S5"
"a","Arctic Ocean","Oxygen","Oxygen","TARA_B110000438","SAR92 (genus)",0.0726744186046512,"S5"
"a","Arctic Ocean","Oxygen","Oxygen","TARA_B110000438","AEGEAN-169 (genus)",5.28343023255814,"S5"
"a","Arctic Ocean","Oxygen","Oxygen","TARA_B110000438","Piscirickettsiaceae (family)",0.065406976744186,"S5"
"a","Arctic Ocean","Oxygen","Oxygen","TARA_B110000438","Marine (family)",5.37790697674419,"S5"
"a","Arctic Ocean","Oxygen","Oxygen","TARA_B110000438","Marinoscillum (genus)",1.73691860465116,"S5"
"a","Arctic Ocean","Oxygen","Oxygen","TARA_B110000438","NS7 (family)",0.29796511627907,"S5"
"a","Arctic Ocean","Oxygen","Oxygen","TARA_B110000438","SAR86 (family)",5.06540697674419,"S5"
"a","Arctic Ocean","Oxygen","Oxygen","TARA_B110000438","Formosa (genus)",0.0145348837209302,"S5"
"a","Arctic Ocean","Oxygen","Oxygen","TARA_B110000438","NS11-12 (family)",0,"S5"
"a","Arctic Ocean","Oxygen","Oxygen","TARA_B110000438","Flavobacteriaceae (family)",0.0944767441860465,"S5"
"a","Arctic Ocean","Oxygen","Oxygen","TARA_B110000438","Phaeocystis (family)",0.0363372093023256,"S5"
"a","Arctic Ocean","Oxygen","Oxygen","TARA_B110000438","Others",55.1308139534884,"S5"
"a","Arctic Ocean","Oxygen","Oxygen","TARA_B110001454","Chloroplast (class)",0.927027873473223,"S6"
"a","Arctic Ocean","Oxygen","Oxygen","TARA_B110001454","NS9 (family)",1.81647353585969,"S6"
"a","Arctic Ocean","Oxygen","Oxygen","TARA_B110001454","SAR11 (order)",9.58972752896962,"S6"
"a","Arctic Ocean","Oxygen","Oxygen","TARA_B110001454","Cryomorphaceae (family)",0.206702160977138,"S6"
"a","Arctic Ocean","Oxygen","Oxygen","TARA_B110001454","NS5 (genus)",2.46789852803007,"S6"
"a","Arctic Ocean","Oxygen","Oxygen","TARA_B110001454","OM182 (family)",0.363294707171939,"S6"
"a","Arctic Ocean","Oxygen","Oxygen","TARA_B110001454","Polaribacter (genus)",0.76417162543063,"S6"
"a","Arctic Ocean","Oxygen","Oxygen","TARA_B110001454","Marinimicrobia (phylum)",7.96116504854369,"S6"
"a","Arctic Ocean","Oxygen","Oxygen","TARA_B110001454","SAR92 (genus)",0.206702160977138,"S6"
"a","Arctic Ocean","Oxygen","Oxygen","TARA_B110001454","AEGEAN-169 (genus)",2.25493266520514,"S6"
"a","Arctic Ocean","Oxygen","Oxygen","TARA_B110001454","Piscirickettsiaceae (family)",0.0250548073911682,"S6"
"a","Arctic Ocean","Oxygen","Oxygen","TARA_B110001454","Marine (family)",4.99843407453805,"S6"
"a","Arctic Ocean","Oxygen","Oxygen","TARA_B110001454","Marinoscillum (genus)",0.350767303476354,"S6"
"a","Arctic Ocean","Oxygen","Oxygen","TARA_B110001454","NS7 (family)",0.595051675540244,"S6"
"a","Arctic Ocean","Oxygen","Oxygen","TARA_B110001454","SAR86 (family)",3.5389915440025,"S6"
"a","Arctic Ocean","Oxygen","Oxygen","TARA_B110001454","Formosa (genus)",0.0438459129345443,"S6"
"a","Arctic Ocean","Oxygen","Oxygen","TARA_B110001454","NS11-12 (family)",0.0313185092389602,"S6"
"a","Arctic Ocean","Oxygen","Oxygen","TARA_B110001454","Flavobacteriaceae (family)",0.181647353585969,"S6"
"a","Arctic Ocean","Oxygen","Oxygen","TARA_B110001454","Phaeocystis (family)",0.0187911055433761,"S6"
"a","Arctic Ocean","Oxygen","Oxygen","TARA_B110001454","Others",63.6580018791106,"S6"
"a","Arctic Ocean","Oxygen","Oxygen","TARA_B110000467","Chloroplast (class)",1.07885949139481,"S7"
"a","Arctic Ocean","Oxygen","Oxygen","TARA_B110000467","NS9 (family)",4.77138453634729,"S7"
"a","Arctic Ocean","Oxygen","Oxygen","TARA_B110000467","SAR11 (order)",9.87670177241202,"S7"
"a","Arctic Ocean","Oxygen","Oxygen","TARA_B110000467","Cryomorphaceae (family)",1.5990238890316,"S7"
"a","Arctic Ocean","Oxygen","Oxygen","TARA_B110000467","NS5 (genus)",4.04572309273054,"S7"
"a","Arctic Ocean","Oxygen","Oxygen","TARA_B110000467","OM182 (family)",1.5733367582841,"S7"
"a","Arctic Ocean","Oxygen","Oxygen","TARA_B110000467","Polaribacter (genus)",0.417415874646802,"S7"
"a","Arctic Ocean","Oxygen","Oxygen","TARA_B110000467","Marinimicrobia (phylum)",5.4071410223478,"S7"
"a","Arctic Ocean","Oxygen","Oxygen","TARA_B110000467","SAR92 (genus)",0.321089134343694,"S7"
"a","Arctic Ocean","Oxygen","Oxygen","TARA_B110000467","AEGEAN-169 (genus)",3.2943745183663,"S7"
"a","Arctic Ocean","Oxygen","Oxygen","TARA_B110000467","Piscirickettsiaceae (family)",0.263293090161829,"S7"
"a","Arctic Ocean","Oxygen","Oxygen","TARA_B110000467","Marine (family)",3.64757256614436,"S7"
"a","Arctic Ocean","Oxygen","Oxygen","TARA_B110000467","Marinoscillum (genus)",1.3036218854354,"S7"
"a","Arctic Ocean","Oxygen","Oxygen","TARA_B110000467","NS7 (family)",0.603647572566144,"S7"
"a","Arctic Ocean","Oxygen","Oxygen","TARA_B110000467","SAR86 (family)",2.94117647058824,"S7"
"a","Arctic Ocean","Oxygen","Oxygen","TARA_B110000467","Formosa (genus)",0.128435653737478,"S7"
"a","Arctic Ocean","Oxygen","Oxygen","TARA_B110000467","NS11-12 (family)",0.122013871050604,"S7"
"a","Arctic Ocean","Oxygen","Oxygen","TARA_B110000467","Flavobacteriaceae (family)",0.571538659131775,"S7"
"a","Arctic Ocean","Oxygen","Oxygen","TARA_B110000467","Phaeocystis (family)",0.0963267403031081,"S7"
"a","Arctic Ocean","Oxygen","Oxygen","TARA_B110000467","Others",57.9373234009761,"S7"
"a","Arctic Ocean","Oxygen","Oxygen","TARA_B110000914","Chloroplast (class)",0.872319146571841,"S8"
"a","Arctic Ocean","Oxygen","Oxygen","TARA_B110000914","NS9 (family)",7.48972108012001,"S8"
"a","Arctic Ocean","Oxygen","Oxygen","TARA_B110000914","SAR11 (order)",8.23424824980553,"S8"
"a","Arctic Ocean","Oxygen","Oxygen","TARA_B110000914","Cryomorphaceae (family)",3.55039448827648,"S8"
"a","Arctic Ocean","Oxygen","Oxygen","TARA_B110000914","NS5 (genus)",3.01700188909879,"S8"
"a","Arctic Ocean","Oxygen","Oxygen","TARA_B110000914","OM182 (family)",2.98366485165018,"S8"
"a","Arctic Ocean","Oxygen","Oxygen","TARA_B110000914","Polaribacter (genus)",2.21135681742416,"S8"
"a","Arctic Ocean","Oxygen","Oxygen","TARA_B110000914","Marinimicrobia (phylum)",2.84476052894766,"S8"
"a","Arctic Ocean","Oxygen","Oxygen","TARA_B110000914","SAR92 (genus)",1.89465496166241,"S8"
"a","Arctic Ocean","Oxygen","Oxygen","TARA_B110000914","AEGEAN-169 (genus)",0.577841982442494,"S8"
"a","Arctic Ocean","Oxygen","Oxygen","TARA_B110000914","Piscirickettsiaceae (family)",0.43338148683187,"S8"
"a","Arctic Ocean","Oxygen","Oxygen","TARA_B110000914","Marine (family)",5.97288587620847,"S8"
"a","Arctic Ocean","Oxygen","Oxygen","TARA_B110000914","Marinoscillum (genus)",0.700077786420713,"S8"
"a","Arctic Ocean","Oxygen","Oxygen","TARA_B110000914","NS7 (family)",0.538948772085787,"S8"
"a","Arctic Ocean","Oxygen","Oxygen","TARA_B110000914","SAR86 (family)",2.84476052894766,"S8"
"a","Arctic Ocean","Oxygen","Oxygen","TARA_B110000914","Formosa (genus)",0.24447160795644,"S8"
"a","Arctic Ocean","Oxygen","Oxygen","TARA_B110000914","NS11-12 (family)",0.43338148683187,"S8"
"a","Arctic Ocean","Oxygen","Oxygen","TARA_B110000914","Flavobacteriaceae (family)",0.833425936215135,"S8"
"a","Arctic Ocean","Oxygen","Oxygen","TARA_B110000914","Phaeocystis (family)",1.11123458162018,"S8"
"a","Arctic Ocean","Oxygen","Oxygen","TARA_B110000914","Others",53.2114679408823,"S8"
"a","Arctic Ocean","Oxygen","Oxygen","TARA_B110000881","Chloroplast (class)",0.893417684840875,"S9"
"a","Arctic Ocean","Oxygen","Oxygen","TARA_B110000881","NS9 (family)",5.60197034819143,"S9"
"a","Arctic Ocean","Oxygen","Oxygen","TARA_B110000881","SAR11 (order)",10.2863765876274,"S9"
"a","Arctic Ocean","Oxygen","Oxygen","TARA_B110000881","Cryomorphaceae (family)",3.32737721543439,"S9"
"a","Arctic Ocean","Oxygen","Oxygen","TARA_B110000881","NS5 (genus)",4.41396629159222,"S9"
"a","Arctic Ocean","Oxygen","Oxygen","TARA_B110000881","OM182 (family)",2.48225237842276,"S9"
"a","Arctic Ocean","Oxygen","Oxygen","TARA_B110000881","Polaribacter (genus)",2.21664171536195,"S9"
"a","Arctic Ocean","Oxygen","Oxygen","TARA_B110000881","Marinimicrobia (phylum)",2.98932728062974,"S9"
"a","Arctic Ocean","Oxygen","Oxygen","TARA_B110000881","SAR92 (genus)",1.1638576326846,"S9"
"a","Arctic Ocean","Oxygen","Oxygen","TARA_B110000881","AEGEAN-169 (genus)",0.7147341478727,"S9"
"a","Arctic Ocean","Oxygen","Oxygen","TARA_B110000881","Piscirickettsiaceae (family)",0.449123484811899,"S9"
"a","Arctic Ocean","Oxygen","Oxygen","TARA_B110000881","Marine (family)",6.7803158352248,"S9"
"a","Arctic Ocean","Oxygen","Oxygen","TARA_B110000881","Marinoscillum (genus)",1.13971120876998,"S9"
"a","Arctic Ocean","Oxygen","Oxygen","TARA_B110000881","NS7 (family)",0.651953445694693,"S9"
"a","Arctic Ocean","Oxygen","Oxygen","TARA_B110000881","SAR86 (family)",2.33737383493505,"S9"
"a","Arctic Ocean","Oxygen","Oxygen","TARA_B110000881","Formosa (genus)",0.550538465253296,"S9"
"a","Arctic Ocean","Oxygen","Oxygen","TARA_B110000881","NS11-12 (family)",0.415318491331434,"S9"
"a","Arctic Ocean","Oxygen","Oxygen","TARA_B110000881","Flavobacteriaceae (family)",0.7147341478727,"S9"
"a","Arctic Ocean","Oxygen","Oxygen","TARA_B110000881","Phaeocystis (family)",0.140049258704786,"S9"
"a","Arctic Ocean","Oxygen","Oxygen","TARA_B110000881","Others",52.7309605447433,"S9"
"a","Arctic Ocean","Oxygen","Oxygen","TARA_B110000285","Chloroplast (class)",4.73279776458261,"S10"
"a","Arctic Ocean","Oxygen","Oxygen","TARA_B110000285","NS9 (family)",4.49412038654092,"S10"
"a","Arctic Ocean","Oxygen","Oxygen","TARA_B110000285","SAR11 (order)",5.05879613459076,"S10"
"a","Arctic Ocean","Oxygen","Oxygen","TARA_B110000285","Cryomorphaceae (family)",7.21271393643032,"S10"
"a","Arctic Ocean","Oxygen","Oxygen","TARA_B110000285","NS5 (genus)",5.64093608103388,"S10"
"a","Arctic Ocean","Oxygen","Oxygen","TARA_B110000285","OM182 (family)",4.62801257422284,"S10"
"a","Arctic Ocean","Oxygen","Oxygen","TARA_B110000285","Polaribacter (genus)",2.42752357666783,"S10"
"a","Arctic Ocean","Oxygen","Oxygen","TARA_B110000285","Marinimicrobia (phylum)",0.151356386075212,"S10"
"a","Arctic Ocean","Oxygen","Oxygen","TARA_B110000285","SAR92 (genus)",1.08860169984864,"S10"
"a","Arctic Ocean","Oxygen","Oxygen","TARA_B110000285","AEGEAN-169 (genus)",3.17848410757946,"S10"
"a","Arctic Ocean","Oxygen","Oxygen","TARA_B110000285","Piscirickettsiaceae (family)",0.844102922342531,"S10"
"a","Arctic Ocean","Oxygen","Oxygen","TARA_B110000285","Marine (family)",0.0523925951798812,"S10"
"a","Arctic Ocean","Oxygen","Oxygen","TARA_B110000285","Marinoscillum (genus)",1.43788566771452,"S10"
"a","Arctic Ocean","Oxygen","Oxygen","TARA_B110000285","NS7 (family)",1.96763301897776,"S10"
"a","Arctic Ocean","Oxygen","Oxygen","TARA_B110000285","SAR86 (family)",0.0407497962510187,"S10"
"a","Arctic Ocean","Oxygen","Oxygen","TARA_B110000285","Formosa (genus)",0.622889742694144,"S10"
"a","Arctic Ocean","Oxygen","Oxygen","TARA_B110000285","NS11-12 (family)",1.74059843986494,"S10"
"a","Arctic Ocean","Oxygen","Oxygen","TARA_B110000285","Flavobacteriaceae (family)",1.71149144254279,"S10"
"a","Arctic Ocean","Oxygen","Oxygen","TARA_B110000285","Phaeocystis (family)",0.0931423914309,"S10"
"a","Arctic Ocean","Oxygen","Oxygen","TARA_B110000285","Others",52.875771335429,"S10"
"a","Arctic Ocean","Oxygen","Oxygen","TARA_B110000444","Chloroplast (class)",5.90583613205754,"S11"
"a","Arctic Ocean","Oxygen","Oxygen","TARA_B110000444","NS9 (family)",5.98821367467207,"S11"
"a","Arctic Ocean","Oxygen","Oxygen","TARA_B110000444","SAR11 (order)",13.6113047335403,"S11"
"a","Arctic Ocean","Oxygen","Oxygen","TARA_B110000444","Cryomorphaceae (family)",2.20518344845067,"S11"
"a","Arctic Ocean","Oxygen","Oxygen","TARA_B110000444","NS5 (genus)",6.29237690894113,"S11"
"a","Arctic Ocean","Oxygen","Oxygen","TARA_B110000444","OM182 (family)",0.785755021861733,"S11"
"a","Arctic Ocean","Oxygen","Oxygen","TARA_B110000444","Polaribacter (genus)",0.0633673404727204,"S11"
"a","Arctic Ocean","Oxygen","Oxygen","TARA_B110000444","Marinimicrobia (phylum)",4.72086686521767,"S11"
"a","Arctic Ocean","Oxygen","Oxygen","TARA_B110000444","SAR92 (genus)",0.297826500221786,"S11"
"a","Arctic Ocean","Oxygen","Oxygen","TARA_B110000444","AEGEAN-169 (genus)",4.39135669475952,"S11"
"a","Arctic Ocean","Oxygen","Oxygen","TARA_B110000444","Piscirickettsiaceae (family)",0.171091819276345,"S11"
"a","Arctic Ocean","Oxygen","Oxygen","TARA_B110000444","Marine (family)",6.0515810151448,"S11"
"a","Arctic Ocean","Oxygen","Oxygen","TARA_B110000444","Marinoscillum (genus)",0.71605094734174,"S11"
"a","Arctic Ocean","Oxygen","Oxygen","TARA_B110000444","NS7 (family)",1.07724478803625,"S11"
"a","Arctic Ocean","Oxygen","Oxygen","TARA_B110000444","SAR86 (family)",5.73474431278119,"S11"
"a","Arctic Ocean","Oxygen","Oxygen","TARA_B110000444","Formosa (genus)",0.418224447119954,"S11"
"a","Arctic Ocean","Oxygen","Oxygen","TARA_B110000444","NS11-12 (family)",0.00633673404727204,"S11"
"a","Arctic Ocean","Oxygen","Oxygen","TARA_B110000444","Flavobacteriaceae (family)",0.304163234269058,"S11"
"a","Arctic Ocean","Oxygen","Oxygen","TARA_B110000444","Phaeocystis (family)",0.329510170458146,"S11"
"a","Arctic Ocean","Oxygen","Oxygen","TARA_B110000444","Others",40.9289652113301,"S11"
"a","Arctic Ocean","Oxygen","Oxygen","TARA_B110000305","Chloroplast (class)",13.9827876852098,"S12"
"a","Arctic Ocean","Oxygen","Oxygen","TARA_B110000305","NS9 (family)",5.06609883772513,"S12"
"a","Arctic Ocean","Oxygen","Oxygen","TARA_B110000305","SAR11 (order)",5.31008783603939,"S12"
"a","Arctic Ocean","Oxygen","Oxygen","TARA_B110000305","Cryomorphaceae (family)",3.08756986957679,"S12"
"a","Arctic Ocean","Oxygen","Oxygen","TARA_B110000305","NS5 (genus)",7.38621240351344,"S12"
"a","Arctic Ocean","Oxygen","Oxygen","TARA_B110000305","OM182 (family)",3.33599503149676,"S12"
"a","Arctic Ocean","Oxygen","Oxygen","TARA_B110000305","Polaribacter (genus)",1.63694437050838,"S12"
"a","Arctic Ocean","Oxygen","Oxygen","TARA_B110000305","Marinimicrobia (phylum)",0.186318871439979,"S12"
"a","Arctic Ocean","Oxygen","Oxygen","TARA_B110000305","SAR92 (genus)",1.38851920858841,"S12"
"a","Arctic Ocean","Oxygen","Oxygen","TARA_B110000305","AEGEAN-169 (genus)",4.28533404311951,"S12"
"a","Arctic Ocean","Oxygen","Oxygen","TARA_B110000305","Piscirickettsiaceae (family)",0.913849702777038,"S12"
"a","Arctic Ocean","Oxygen","Oxygen","TARA_B110000305","Marine (family)",0.96264750243989,"S12"
"a","Arctic Ocean","Oxygen","Oxygen","TARA_B110000305","Marinoscillum (genus)",1.43288084464555,"S12"
"a","Arctic Ocean","Oxygen","Oxygen","TARA_B110000305","NS7 (family)",1.57483808002839,"S12"
"a","Arctic Ocean","Oxygen","Oxygen","TARA_B110000305","SAR86 (family)",1.37521071777127,"S12"
"a","Arctic Ocean","Oxygen","Oxygen","TARA_B110000305","Formosa (genus)",1.65912518853695,"S12"
"a","Arctic Ocean","Oxygen","Oxygen","TARA_B110000305","NS11-12 (family)",1.84100789637122,"S12"
"a","Arctic Ocean","Oxygen","Oxygen","TARA_B110000305","Flavobacteriaceae (family)",0.802945612634194,"S12"
"a","Arctic Ocean","Oxygen","Oxygen","TARA_B110000305","Phaeocystis (family)",0.696477686097063,"S12"
"a","Arctic Ocean","Oxygen","Oxygen","TARA_B110000305","Others",43.0751486114808,"S12"
"a","Arctic Ocean","Oxygen","Oxygen","TARA_B110000459","Chloroplast (class)",11.9098446110311,"S13"
"a","Arctic Ocean","Oxygen","Oxygen","TARA_B110000459","NS9 (family)",13.0913965149183,"S13"
"a","Arctic Ocean","Oxygen","Oxygen","TARA_B110000459","SAR11 (order)",5.67939234473514,"S13"
"a","Arctic Ocean","Oxygen","Oxygen","TARA_B110000459","Cryomorphaceae (family)",2.34324579258303,"S13"
"a","Arctic Ocean","Oxygen","Oxygen","TARA_B110000459","NS5 (genus)",7.2928560790349,"S13"
"a","Arctic Ocean","Oxygen","Oxygen","TARA_B110000459","OM182 (family)",2.06026907610584,"S13"
"a","Arctic Ocean","Oxygen","Oxygen","TARA_B110000459","Polaribacter (genus)",0.67020801270913,"S13"
"a","Arctic Ocean","Oxygen","Oxygen","TARA_B110000459","Marinimicrobia (phylum)",0.888646179814328,"S13"
"a","Arctic Ocean","Oxygen","Oxygen","TARA_B110000459","SAR92 (genus)",0.699995035496202,"S13"
"a","Arctic Ocean","Oxygen","Oxygen","TARA_B110000459","AEGEAN-169 (genus)",2.77019311919774,"S13"
"a","Arctic Ocean","Oxygen","Oxygen","TARA_B110000459","Piscirickettsiaceae (family)",0.397160303827632,"S13"
"a","Arctic Ocean","Oxygen","Oxygen","TARA_B110000459","Marine (family)",2.63615151665591,"S13"
"a","Arctic Ocean","Oxygen","Oxygen","TARA_B110000459","Marinoscillum (genus)",1.24112594946135,"S13"
"a","Arctic Ocean","Oxygen","Oxygen","TARA_B110000459","NS7 (family)",1.69289579506528,"S13"
"a","Arctic Ocean","Oxygen","Oxygen","TARA_B110000459","SAR86 (family)",2.36806831157226,"S13"
"a","Arctic Ocean","Oxygen","Oxygen","TARA_B110000459","Formosa (genus)",1.35034503301395,"S13"
"a","Arctic Ocean","Oxygen","Oxygen","TARA_B110000459","NS11-12 (family)",0.729782058283275,"S13"
"a","Arctic Ocean","Oxygen","Oxygen","TARA_B110000459","Flavobacteriaceae (family)",0.953184729186318,"S13"
"a","Arctic Ocean","Oxygen","Oxygen","TARA_B110000459","Phaeocystis (family)",0.496450379784541,"S13"
"a","Arctic Ocean","Oxygen","Oxygen","TARA_B110000459","Others",40.7287891575237,"S13"
"a","Arctic Ocean","Oxygen","Oxygen","TARA_B110000211","Chloroplast (class)",1.01960397990346,"S14"
"a","Arctic Ocean","Oxygen","Oxygen","TARA_B110000211","NS9 (family)",13.1908186385578,"S14"
"a","Arctic Ocean","Oxygen","Oxygen","TARA_B110000211","SAR11 (order)",6.52645059600039,"S14"
"a","Arctic Ocean","Oxygen","Oxygen","TARA_B110000211","Cryomorphaceae (family)",3.56615111811644,"S14"
"a","Arctic Ocean","Oxygen","Oxygen","TARA_B110000211","NS5 (genus)",3.80258102649985,"S14"
"a","Arctic Ocean","Oxygen","Oxygen","TARA_B110000211","OM182 (family)",3.17702689390208,"S14"
"a","Arctic Ocean","Oxygen","Oxygen","TARA_B110000211","Polaribacter (genus)",4.74830066003349,"S14"
"a","Arctic Ocean","Oxygen","Oxygen","TARA_B110000211","Marinimicrobia (phylum)",0.403901093488326,"S14"
"a","Arctic Ocean","Oxygen","Oxygen","TARA_B110000211","SAR92 (genus)",1.38410008866122,"S14"
"a","Arctic Ocean","Oxygen","Oxygen","TARA_B110000211","AEGEAN-169 (genus)",0.448231701310216,"S14"
"a","Arctic Ocean","Oxygen","Oxygen","TARA_B110000211","Piscirickettsiaceae (family)",0.246281154566053,"S14"
"a","Arctic Ocean","Oxygen","Oxygen","TARA_B110000211","Marine (family)",1.8027780514235,"S14"
"a","Arctic Ocean","Oxygen","Oxygen","TARA_B110000211","Marinoscillum (genus)",2.25100975273372,"S14"
"a","Arctic Ocean","Oxygen","Oxygen","TARA_B110000211","NS7 (family)",0.088661215643779,"S14"
"a","Arctic Ocean","Oxygen","Oxygen","TARA_B110000211","SAR86 (family)",0.679735986602305,"S14"
"a","Arctic Ocean","Oxygen","Oxygen","TARA_B110000211","Formosa (genus)",0.394049847305684,"S14"
"a","Arctic Ocean","Oxygen","Oxygen","TARA_B110000211","NS11-12 (family)",0.295537385479263,"S14"
"a","Arctic Ocean","Oxygen","Oxygen","TARA_B110000211","Flavobacteriaceae (family)",1.17722391882573,"S14"
"a","Arctic Ocean","Oxygen","Oxygen","TARA_B110000211","Phaeocystis (family)",1.26095951137819,"S14"
"a","Arctic Ocean","Oxygen","Oxygen","TARA_B110000211","Others",53.5365973795685,"S14"
"a","Arctic Ocean","Oxygen","Oxygen","TARA_B110000908","Chloroplast (class)",3.22095689104371,"S15"
"a","Arctic Ocean","Oxygen","Oxygen","TARA_B110000908","NS9 (family)",12.3726838801819,"S15"
"a","Arctic Ocean","Oxygen","Oxygen","TARA_B110000908","SAR11 (order)",0.804299620400647,"S15"
"a","Arctic Ocean","Oxygen","Oxygen","TARA_B110000908","Cryomorphaceae (family)",7.94903596797835,"S15"
"a","Arctic Ocean","Oxygen","Oxygen","TARA_B110000908","NS5 (genus)",2.22121997970459,"S15"
"a","Arctic Ocean","Oxygen","Oxygen","TARA_B110000908","OM182 (family)",6.5922501597324,"S15"
"a","Arctic Ocean","Oxygen","Oxygen","TARA_B110000908","Polaribacter (genus)",5.40835118577818,"S15"
"a","Arctic Ocean","Oxygen","Oxygen","TARA_B110000908","Marinimicrobia (phylum)",0.0526177321757432,"S15"
"a","Arctic Ocean","Oxygen","Oxygen","TARA_B110000908","SAR92 (genus)",3.79223512609464,"S15"
"a","Arctic Ocean","Oxygen","Oxygen","TARA_B110000908","AEGEAN-169 (genus)",0.0638929604991168,"S15"
"a","Arctic Ocean","Oxygen","Oxygen","TARA_B110000908","Piscirickettsiaceae (family)",0.928327131957756,"S15"
"a","Arctic Ocean","Oxygen","Oxygen","TARA_B110000908","Marine (family)",0.511143683992934,"S15"
"a","Arctic Ocean","Oxygen","Oxygen","TARA_B110000908","Marinoscillum (genus)",0.560003006727553,"S15"
"a","Arctic Ocean","Oxygen","Oxygen","TARA_B110000908","NS7 (family)",0.184162062615101,"S15"
"a","Arctic Ocean","Oxygen","Oxygen","TARA_B110000908","SAR86 (family)",0.492351636787312,"S15"
"a","Arctic Ocean","Oxygen","Oxygen","TARA_B110000908","Formosa (genus)",1.84537903559214,"S15"
"a","Arctic Ocean","Oxygen","Oxygen","TARA_B110000908","NS11-12 (family)",2.19491111361672,"S15"
"a","Arctic Ocean","Oxygen","Oxygen","TARA_B110000908","Flavobacteriaceae (family)",2.66471229375728,"S15"
"a","Arctic Ocean","Oxygen","Oxygen","TARA_B110000908","Phaeocystis (family)",0.326981621377833,"S15"
"a","Arctic Ocean","Oxygen","Oxygen","TARA_B110000908","Others",47.8144849099861,"S15"
"a","Arctic Ocean","Oxygen","Oxygen","TARA_B110000037","Chloroplast (class)",4.1951163059831,"S16"
"a","Arctic Ocean","Oxygen","Oxygen","TARA_B110000037","NS9 (family)",1.51024187015392,"S16"
"a","Arctic Ocean","Oxygen","Oxygen","TARA_B110000037","SAR11 (order)",5.71693091077422,"S16"
"a","Arctic Ocean","Oxygen","Oxygen","TARA_B110000037","Cryomorphaceae (family)",13.6847587084828,"S16"
"a","Arctic Ocean","Oxygen","Oxygen","TARA_B110000037","NS5 (genus)",7.28503645411411,"S16"
"a","Arctic Ocean","Oxygen","Oxygen","TARA_B110000037","OM182 (family)",3.25772480037033,"S16"
"a","Arctic Ocean","Oxygen","Oxygen","TARA_B110000037","Polaribacter (genus)",3.44288855456544,"S16"
"a","Arctic Ocean","Oxygen","Oxygen","TARA_B110000037","Marinimicrobia (phylum)",1.38294178914477,"S16"
"a","Arctic Ocean","Oxygen","Oxygen","TARA_B110000037","SAR92 (genus)",1.20935076958685,"S16"
"a","Arctic Ocean","Oxygen","Oxygen","TARA_B110000037","AEGEAN-169 (genus)",0.590209466496933,"S16"
"a","Arctic Ocean","Oxygen","Oxygen","TARA_B110000037","Piscirickettsiaceae (family)",5.82687188982757,"S16"
"a","Arctic Ocean","Oxygen","Oxygen","TARA_B110000037","Marine (family)",0.35296840643444,"S16"
"a","Arctic Ocean","Oxygen","Oxygen","TARA_B110000037","Marinoscillum (genus)",4.07360259229256,"S16"
"a","Arctic Ocean","Oxygen","Oxygen","TARA_B110000037","NS7 (family)",1.5391737067469,"S16"
"a","Arctic Ocean","Oxygen","Oxygen","TARA_B110000037","SAR86 (family)",0.648073139682907,"S16"
"a","Arctic Ocean","Oxygen","Oxygen","TARA_B110000037","Formosa (genus)",2.60965166068742,"S16"
"a","Arctic Ocean","Oxygen","Oxygen","TARA_B110000037","NS11-12 (family)",0.867955097789608,"S16"
"a","Arctic Ocean","Oxygen","Oxygen","TARA_B110000037","Flavobacteriaceae (family)",4.50179377386877,"S16"
"a","Arctic Ocean","Oxygen","Oxygen","TARA_B110000037","Phaeocystis (family)",0.0289318365929869,"S16"
"a","Arctic Ocean","Oxygen","Oxygen","TARA_B110000037","Others",37.2757782664044,"S16"
"a","Arctic Ocean","Oxygen","Oxygen","TARA_B110000091","Chloroplast (class)",3.83705284647149,"S17"
"a","Arctic Ocean","Oxygen","Oxygen","TARA_B110000091","NS9 (family)",12.8520391592818,"S17"
"a","Arctic Ocean","Oxygen","Oxygen","TARA_B110000091","SAR11 (order)",3.73497888924976,"S17"
"a","Arctic Ocean","Oxygen","Oxygen","TARA_B110000091","Cryomorphaceae (family)",5.95276759615831,"S17"
"a","Arctic Ocean","Oxygen","Oxygen","TARA_B110000091","NS5 (genus)",3.35452141233239,"S17"
"a","Arctic Ocean","Oxygen","Oxygen","TARA_B110000091","OM182 (family)",4.4355774138171,"S17"
"a","Arctic Ocean","Oxygen","Oxygen","TARA_B110000091","Polaribacter (genus)",4.83923351737577,"S17"
"a","Arctic Ocean","Oxygen","Oxygen","TARA_B110000091","Marinimicrobia (phylum)",0.927945065652113,"S17"
"a","Arctic Ocean","Oxygen","Oxygen","TARA_B110000091","SAR92 (genus)",3.76745696654758,"S17"
"a","Arctic Ocean","Oxygen","Oxygen","TARA_B110000091","AEGEAN-169 (genus)",1.39655732380643,"S17"
"a","Arctic Ocean","Oxygen","Oxygen","TARA_B110000091","Piscirickettsiaceae (family)",4.8717115946736,"S17"
"a","Arctic Ocean","Oxygen","Oxygen","TARA_B110000091","Marine (family)",0.417575279543451,"S17"
"a","Arctic Ocean","Oxygen","Oxygen","TARA_B110000091","Marinoscillum (genus)",2.34770101609985,"S17"
"a","Arctic Ocean","Oxygen","Oxygen","TARA_B110000091","NS7 (family)",0.0927945065652113,"S17"
"a","Arctic Ocean","Oxygen","Oxygen","TARA_B110000091","SAR86 (family)",1.05785737484341,"S17"
"a","Arctic Ocean","Oxygen","Oxygen","TARA_B110000091","Formosa (genus)",0.436134180856493,"S17"
"a","Arctic Ocean","Oxygen","Oxygen","TARA_B110000091","NS11-12 (family)",1.03001902287385,"S17"
"a","Arctic Ocean","Oxygen","Oxygen","TARA_B110000091","Flavobacteriaceae (family)",2.25490650953464,"S17"
"a","Arctic Ocean","Oxygen","Oxygen","TARA_B110000091","Phaeocystis (family)",0.482531434139099,"S17"
"a","Arctic Ocean","Oxygen","Oxygen","TARA_B110000091","Others",41.9106388901777,"S17"
"a","Arctic Ocean","Oxygen","Oxygen","TARA_B110000967","Chloroplast (class)",11.1025216270937,"S18"
"a","Arctic Ocean","Oxygen","Oxygen","TARA_B110000967","NS9 (family)",8.82385422418553,"S18"
"a","Arctic Ocean","Oxygen","Oxygen","TARA_B110000967","SAR11 (order)",7.77471010491441,"S18"
"a","Arctic Ocean","Oxygen","Oxygen","TARA_B110000967","Cryomorphaceae (family)",4.6788146512056,"S18"
"a","Arctic Ocean","Oxygen","Oxygen","TARA_B110000967","NS5 (genus)",3.68488864347506,"S18"
"a","Arctic Ocean","Oxygen","Oxygen","TARA_B110000967","OM182 (family)",6.47524387999264,"S18"
"a","Arctic Ocean","Oxygen","Oxygen","TARA_B110000967","Polaribacter (genus)",3.25418737345849,"S18"
"a","Arctic Ocean","Oxygen","Oxygen","TARA_B110000967","Marinimicrobia (phylum)",0.577949567458126,"S18"
"a","Arctic Ocean","Oxygen","Oxygen","TARA_B110000967","SAR92 (genus)",3.33149272961531,"S18"
"a","Arctic Ocean","Oxygen","Oxygen","TARA_B110000967","AEGEAN-169 (genus)",0.813546843364623,"S18"
"a","Arctic Ocean","Oxygen","Oxygen","TARA_B110000967","Piscirickettsiaceae (family)",1.09331860850359,"S18"
"a","Arctic Ocean","Oxygen","Oxygen","TARA_B110000967","Marine (family)",1.2074360390208,"S18"
"a","Arctic Ocean","Oxygen","Oxygen","TARA_B110000967","Marinoscillum (genus)",1.98417080802503,"S18"
"a","Arctic Ocean","Oxygen","Oxygen","TARA_B110000967","NS7 (family)",0.504325418737346,"S18"
"a","Arctic Ocean","Oxygen","Oxygen","TARA_B110000967","SAR86 (family)",0.430701270016565,"S18"
"a","Arctic Ocean","Oxygen","Oxygen","TARA_B110000967","Formosa (genus)",3.18056322473771,"S18"
"a","Arctic Ocean","Oxygen","Oxygen","TARA_B110000967","NS11-12 (family)",3.01122768267992,"S18"
"a","Arctic Ocean","Oxygen","Oxygen","TARA_B110000967","Flavobacteriaceae (family)",1.19639241671268,"S18"
"a","Arctic Ocean","Oxygen","Oxygen","TARA_B110000967","Phaeocystis (family)",0.176697956929873,"S18"
"a","Arctic Ocean","Oxygen","Oxygen","TARA_B110000967","Others",36.697956929873,"S18"
"a","Arctic Ocean","Oxygen","Oxygen","TARA_B110000483","Chloroplast (class)",7.89678221669517,"S19"
"a","Arctic Ocean","Oxygen","Oxygen","TARA_B110000483","NS9 (family)",3.96911757085859,"S19"
"a","Arctic Ocean","Oxygen","Oxygen","TARA_B110000483","SAR11 (order)",5.01580392766465,"S19"
"a","Arctic Ocean","Oxygen","Oxygen","TARA_B110000483","Cryomorphaceae (family)",2.61671589201513,"S19"
"a","Arctic Ocean","Oxygen","Oxygen","TARA_B110000483","NS5 (genus)",13.5654697134567,"S19"
"a","Arctic Ocean","Oxygen","Oxygen","TARA_B110000483","OM182 (family)",1.54930307269807,"S19"
"a","Arctic Ocean","Oxygen","Oxygen","TARA_B110000483","Polaribacter (genus)",1.38867298823773,"S19"
"a","Arctic Ocean","Oxygen","Oxygen","TARA_B110000483","Marinimicrobia (phylum)",1.00005181615628,"S19"
"a","Arctic Ocean","Oxygen","Oxygen","TARA_B110000483","SAR92 (genus)",0.595885797191564,"S19"
"a","Arctic Ocean","Oxygen","Oxygen","TARA_B110000483","AEGEAN-169 (genus)",4.34219389605679,"S19"
"a","Arctic Ocean","Oxygen","Oxygen","TARA_B110000483","Piscirickettsiaceae (family)",1.92237939789626,"S19"
"a","Arctic Ocean","Oxygen","Oxygen","TARA_B110000483","Marine (family)",1.95346909166278,"S19"
"a","Arctic Ocean","Oxygen","Oxygen","TARA_B110000483","Marinoscillum (genus)",2.7514378983367,"S19"
"a","Arctic Ocean","Oxygen","Oxygen","TARA_B110000483","NS7 (family)",6.12985128763148,"S19"
"a","Arctic Ocean","Oxygen","Oxygen","TARA_B110000483","SAR86 (family)",1.04668635680605,"S19"
"a","Arctic Ocean","Oxygen","Oxygen","TARA_B110000483","Formosa (genus)",0.782423959790663,"S19"
"a","Arctic Ocean","Oxygen","Oxygen","TARA_B110000483","NS11-12 (family)",0.2849888595264,"S19"
"a","Arctic Ocean","Oxygen","Oxygen","TARA_B110000483","Flavobacteriaceae (family)",0.414529250220219,"S19"
"a","Arctic Ocean","Oxygen","Oxygen","TARA_B110000483","Phaeocystis (family)",1.23322451940515,"S19"
"a","Arctic Ocean","Oxygen","Oxygen","TARA_B110000483","Others",41.5410124876937,"S19"
"a","Arctic Ocean","Oxygen","Oxygen","TARA_B110000093","Chloroplast (class)",9.39070016034206,"S20"
"a","Arctic Ocean","Oxygen","Oxygen","TARA_B110000093","NS9 (family)",16.1143773383218,"S20"
"a","Arctic Ocean","Oxygen","Oxygen","TARA_B110000093","SAR11 (order)",3.90165686798503,"S20"
"a","Arctic Ocean","Oxygen","Oxygen","TARA_B110000093","Cryomorphaceae (family)",5.40352752538749,"S20"
"a","Arctic Ocean","Oxygen","Oxygen","TARA_B110000093","NS5 (genus)",5.42490646712988,"S20"
"a","Arctic Ocean","Oxygen","Oxygen","TARA_B110000093","OM182 (family)",1.64617851416355,"S20"
"a","Arctic Ocean","Oxygen","Oxygen","TARA_B110000093","Polaribacter (genus)",3.30839123463389,"S20"
"a","Arctic Ocean","Oxygen","Oxygen","TARA_B110000093","Marinimicrobia (phylum)",1.309460181721,"S20"
"a","Arctic Ocean","Oxygen","Oxygen","TARA_B110000093","SAR92 (genus)",4.25440940673437,"S20"
"a","Arctic Ocean","Oxygen","Oxygen","TARA_B110000093","AEGEAN-169 (genus)",2.33564938535542,"S20"
"a","Arctic Ocean","Oxygen","Oxygen","TARA_B110000093","Piscirickettsiaceae (family)",5.32335649385355,"S20"
"a","Arctic Ocean","Oxygen","Oxygen","TARA_B110000093","Marine (family)",0.662747194013896,"S20"
"a","Arctic Ocean","Oxygen","Oxygen","TARA_B110000093","Marinoscillum (genus)",1.81721004810262,"S20"
"a","Arctic Ocean","Oxygen","Oxygen","TARA_B110000093","NS7 (family)",0.432923570283271,"S20"
"a","Arctic Ocean","Oxygen","Oxygen","TARA_B110000093","SAR86 (family)",1.19187600213789,"S20"
"a","Arctic Ocean","Oxygen","Oxygen","TARA_B110000093","Formosa (genus)",1.46980224478888,"S20"
"a","Arctic Ocean","Oxygen","Oxygen","TARA_B110000093","NS11-12 (family)",1.41635489043292,"S20"
"a","Arctic Ocean","Oxygen","Oxygen","TARA_B110000093","Flavobacteriaceae (family)",2.27151256012827,"S20"
"a","Arctic Ocean","Oxygen","Oxygen","TARA_B110000093","Phaeocystis (family)",3.47407803313736,"S20"
"a","Arctic Ocean","Oxygen","Oxygen","TARA_B110000093","Others",28.8508818813469,"S20"
"a","Arctic Ocean","Oxygen","Oxygen","TARA_B110000971","Chloroplast (class)",16.7491723159388,"S21"
"a","Arctic Ocean","Oxygen","Oxygen","TARA_B110000971","NS9 (family)",1.17294655525776,"S21"
"a","Arctic Ocean","Oxygen","Oxygen","TARA_B110000971","SAR11 (order)",6.15481633296547,"S21"
"a","Arctic Ocean","Oxygen","Oxygen","TARA_B110000971","Cryomorphaceae (family)",10.4619265331862,"S21"
"a","Arctic Ocean","Oxygen","Oxygen","TARA_B110000971","NS5 (genus)",7.58946870565978,"S21"
"a","Arctic Ocean","Oxygen","Oxygen","TARA_B110000971","OM182 (family)",2.21031057859057,"S21"
"a","Arctic Ocean","Oxygen","Oxygen","TARA_B110000971","Polaribacter (genus)",1.51978559041463,"S21"
"a","Arctic Ocean","Oxygen","Oxygen","TARA_B110000971","Marinimicrobia (phylum)",0.00945924641336907,"S21"
"a","Arctic Ocean","Oxygen","Oxygen","TARA_B110000971","SAR92 (genus)",2.74002837773924,"S21"
"a","Arctic Ocean","Oxygen","Oxygen","TARA_B110000971","AEGEAN-169 (genus)",1.91707393977613,"S21"
"a","Arctic Ocean","Oxygen","Oxygen","TARA_B110000971","Piscirickettsiaceae (family)",1.19501813022229,"S21"
"a","Arctic Ocean","Oxygen","Oxygen","TARA_B110000971","Marine (family)",0.0252246571023175,"S21"
"a","Arctic Ocean","Oxygen","Oxygen","TARA_B110000971","Marinoscillum (genus)",0.980608544852593,"S21"
"a","Arctic Ocean","Oxygen","Oxygen","TARA_B110000971","NS7 (family)",2.61390509222765,"S21"
"a","Arctic Ocean","Oxygen","Oxygen","TARA_B110000971","SAR86 (family)",0.293236638814441,"S21"
"a","Arctic Ocean","Oxygen","Oxygen","TARA_B110000971","Formosa (genus)",2.12202427873246,"S21"
"a","Arctic Ocean","Oxygen","Oxygen","TARA_B110000971","NS11-12 (family)",1.39996846917862,"S21"
"a","Arctic Ocean","Oxygen","Oxygen","TARA_B110000971","Flavobacteriaceae (family)",0.245940406747596,"S21"
"a","Arctic Ocean","Oxygen","Oxygen","TARA_B110000971","Phaeocystis (family)",1.52293867255242,"S21"
"a","Arctic Ocean","Oxygen","Oxygen","TARA_B110000971","Others",39.0761469336276,"S21"
"a","Arctic Ocean","Oxygen","Oxygen","TARA_B110000977","Chloroplast (class)",16.1840284641233,"S22"
"a","Arctic Ocean","Oxygen","Oxygen","TARA_B110000977","NS9 (family)",2.95512947222771,"S22"
"a","Arctic Ocean","Oxygen","Oxygen","TARA_B110000977","SAR11 (order)",1.93714172761415,"S22"
"a","Arctic Ocean","Oxygen","Oxygen","TARA_B110000977","Cryomorphaceae (family)",7.63984977268235,"S22"
"a","Arctic Ocean","Oxygen","Oxygen","TARA_B110000977","NS5 (genus)",6.24629373393951,"S22"
"a","Arctic Ocean","Oxygen","Oxygen","TARA_B110000977","OM182 (family)",3.21703894050208,"S22"
"a","Arctic Ocean","Oxygen","Oxygen","TARA_B110000977","Polaribacter (genus)",3.42953152796995,"S22"
"a","Arctic Ocean","Oxygen","Oxygen","TARA_B110000977","Marinimicrobia (phylum)",0.0098833761612967,"S22"
"a","Arctic Ocean","Oxygen","Oxygen","TARA_B110000977","SAR92 (genus)",1.58134018580747,"S22"
"a","Arctic Ocean","Oxygen","Oxygen","TARA_B110000977","AEGEAN-169 (genus)",0.444751927258351,"S22"
"a","Arctic Ocean","Oxygen","Oxygen","TARA_B110000977","Piscirickettsiaceae (family)",0.504052184226132,"S22"
"a","Arctic Ocean","Oxygen","Oxygen","TARA_B110000977","Marine (family)",0.0098833761612967,"S22"
"a","Arctic Ocean","Oxygen","Oxygen","TARA_B110000977","Marinoscillum (genus)",1.11682150622653,"S22"
"a","Arctic Ocean","Oxygen","Oxygen","TARA_B110000977","NS7 (family)",1.16623838703301,"S22"
"a","Arctic Ocean","Oxygen","Oxygen","TARA_B110000977","SAR86 (family)",0.252026092113066,"S22"
"a","Arctic Ocean","Oxygen","Oxygen","TARA_B110000977","Formosa (genus)",2.90571259142123,"S22"
"a","Arctic Ocean","Oxygen","Oxygen","TARA_B110000977","NS11-12 (family)",1.21071357975885,"S22"
"a","Arctic Ocean","Oxygen","Oxygen","TARA_B110000977","Flavobacteriaceae (family)",0.415101798774461,"S22"
"a","Arctic Ocean","Oxygen","Oxygen","TARA_B110000977","Phaeocystis (family)",0.830203597548923,"S22"
"a","Arctic Ocean","Oxygen","Oxygen","TARA_B110000977","Others",47.9442577584503,"S22"
"a","Arctic Ocean","Oxygen","Oxygen","TARA_B110000240","Chloroplast (class)",27.9893582127629,"S23"
"a","Arctic Ocean","Oxygen","Oxygen","TARA_B110000240","NS9 (family)",13.6083676518824,"S23"
"a","Arctic Ocean","Oxygen","Oxygen","TARA_B110000240","SAR11 (order)",3.52418091038303,"S23"
"a","Arctic Ocean","Oxygen","Oxygen","TARA_B110000240","Cryomorphaceae (family)",1.35937898611465,"S23"
"a","Arctic Ocean","Oxygen","Oxygen","TARA_B110000240","NS5 (genus)",3.77564780057582,"S23"
"a","Arctic Ocean","Oxygen","Oxygen","TARA_B110000240","OM182 (family)",5.48489376435001,"S23"
"a","Arctic Ocean","Oxygen","Oxygen","TARA_B110000240","Polaribacter (genus)",4.16560370275885,"S23"
"a","Arctic Ocean","Oxygen","Oxygen","TARA_B110000240","Marinimicrobia (phylum)",1.26826779401582,"S23"
"a","Arctic Ocean","Oxygen","Oxygen","TARA_B110000240","SAR92 (genus)",0.914756368672328,"S23"
"a","Arctic Ocean","Oxygen","Oxygen","TARA_B110000240","AEGEAN-169 (genus)",1.33386785232698,"S23"
"a","Arctic Ocean","Oxygen","Oxygen","TARA_B110000240","Piscirickettsiaceae (family)",3.09778053136047,"S23"
"a","Arctic Ocean","Oxygen","Oxygen","TARA_B110000240","Marine (family)",1.01680090382303,"S23"
"a","Arctic Ocean","Oxygen","Oxygen","TARA_B110000240","Marinoscillum (genus)",0.317066948503954,"S23"
"a","Arctic Ocean","Oxygen","Oxygen","TARA_B110000240","NS7 (family)",0.0838222967309304,"S23"
"a","Arctic Ocean","Oxygen","Oxygen","TARA_B110000240","SAR86 (family)",1.12977878202558,"S23"
"a","Arctic Ocean","Oxygen","Oxygen","TARA_B110000240","Formosa (genus)",0.89653413025256,"S23"
"a","Arctic Ocean","Oxygen","Oxygen","TARA_B110000240","NS11-12 (family)",4.86898210576187,"S23"
"a","Arctic Ocean","Oxygen","Oxygen","TARA_B110000240","Flavobacteriaceae (family)",1.30471227085535,"S23"
"a","Arctic Ocean","Oxygen","Oxygen","TARA_B110000240","Phaeocystis (family)",0.280622471664419,"S23"
"a","Arctic Ocean","Oxygen","Oxygen","TARA_B110000240","Others",23.5795765151791,"S23"
"a","Arctic Ocean","Oxygen","Oxygen","TARA_B110000902","Chloroplast (class)",13.5949959144572,"S24"
"a","Arctic Ocean","Oxygen","Oxygen","TARA_B110000902","NS9 (family)",9.21642106449522,"S24"
"a","Arctic Ocean","Oxygen","Oxygen","TARA_B110000902","SAR11 (order)",2.64574117381871,"S24"
"a","Arctic Ocean","Oxygen","Oxygen","TARA_B110000902","Cryomorphaceae (family)",10.7689273336902,"S24"
"a","Arctic Ocean","Oxygen","Oxygen","TARA_B110000902","NS5 (genus)",3.93902679552563,"S24"
"a","Arctic Ocean","Oxygen","Oxygen","TARA_B110000902","OM182 (family)",3.69671184243893,"S24"
"a","Arctic Ocean","Oxygen","Oxygen","TARA_B110000902","Polaribacter (genus)",4.71668873798991,"S24"
"a","Arctic Ocean","Oxygen","Oxygen","TARA_B110000902","Marinimicrobia (phylum)",0.211321180017469,"S24"
"a","Arctic Ocean","Oxygen","Oxygen","TARA_B110000902","SAR92 (genus)",4.98154461694514,"S24"
"a","Arctic Ocean","Oxygen","Oxygen","TARA_B110000902","AEGEAN-169 (genus)",0.349384350962216,"S24"
"a","Arctic Ocean","Oxygen","Oxygen","TARA_B110000902","Piscirickettsiaceae (family)",0.484629906173396,"S24"
"a","Arctic Ocean","Oxygen","Oxygen","TARA_B110000902","Marine (family)",1.30173846890761,"S24"
"a","Arctic Ocean","Oxygen","Oxygen","TARA_B110000902","Marinoscillum (genus)",0.870643261671973,"S24"
"a","Arctic Ocean","Oxygen","Oxygen","TARA_B110000902","NS7 (family)",2.0794004113719,"S24"
"a","Arctic Ocean","Oxygen","Oxygen","TARA_B110000902","SAR86 (family)",0.233862105885999,"S24"
"a","Arctic Ocean","Oxygen","Oxygen","TARA_B110000902","Formosa (genus)",1.44261925558592,"S24"
"a","Arctic Ocean","Oxygen","Oxygen","TARA_B110000902","NS11-12 (family)",3.51074920402356,"S24"
"a","Arctic Ocean","Oxygen","Oxygen","TARA_B110000902","Flavobacteriaceae (family)",1.12986390916007,"S24"
"a","Arctic Ocean","Oxygen","Oxygen","TARA_B110000902","Phaeocystis (family)",0.464906596038432,"S24"
"a","Arctic Ocean","Oxygen","Oxygen","TARA_B110000902","Others",34.3608238708405,"S24"
"a","Arctic Ocean","Oxygen","Oxygen","TARA_B110000046","Chloroplast (class)",8.7884015659213,"S25"
"a","Arctic Ocean","Oxygen","Oxygen","TARA_B110000046","NS9 (family)",0.995288965563002,"S25"
"a","Arctic Ocean","Oxygen","Oxygen","TARA_B110000046","SAR11 (order)",3.27118306681707,"S25"
"a","Arctic Ocean","Oxygen","Oxygen","TARA_B110000046","Cryomorphaceae (family)",23.3262557229116,"S25"
"a","Arctic Ocean","Oxygen","Oxygen","TARA_B110000046","NS5 (genus)",8.34383916130317,"S25"
"a","Arctic Ocean","Oxygen","Oxygen","TARA_B110000046","OM182 (family)",0.504279742551921,"S25"
"a","Arctic Ocean","Oxygen","Oxygen","TARA_B110000046","Polaribacter (genus)",3.02567845531153,"S25"
"a","Arctic Ocean","Oxygen","Oxygen","TARA_B110000046","Marinimicrobia (phylum)",1.02514763452989,"S25"
"a","Arctic Ocean","Oxygen","Oxygen","TARA_B110000046","SAR92 (genus)",0.729878574746201,"S25"
"a","Arctic Ocean","Oxygen","Oxygen","TARA_B110000046","AEGEAN-169 (genus)",0.0563997080485701,"S25"
"a","Arctic Ocean","Oxygen","Oxygen","TARA_B110000046","Piscirickettsiaceae (family)",0.812819321876451,"S25"
"a","Arctic Ocean","Oxygen","Oxygen","TARA_B110000046","Marine (family)",0.0829407471302502,"S25"
"a","Arctic Ocean","Oxygen","Oxygen","TARA_B110000046","Marinoscillum (genus)",9.06044721650852,"S25"
"a","Arctic Ocean","Oxygen","Oxygen","TARA_B110000046","NS7 (family)",0.955477406940482,"S25"
"a","Arctic Ocean","Oxygen","Oxygen","TARA_B110000046","SAR86 (family)",0.0696702275894101,"S25"
"a","Arctic Ocean","Oxygen","Oxygen","TARA_B110000046","Formosa (genus)",2.76690332426515,"S25"
"a","Arctic Ocean","Oxygen","Oxygen","TARA_B110000046","NS11-12 (family)",0.26872802070201,"S25"
"a","Arctic Ocean","Oxygen","Oxygen","TARA_B110000046","Flavobacteriaceae (family)",3.6128989449937,"S25"
"a","Arctic Ocean","Oxygen","Oxygen","TARA_B110000046","Phaeocystis (family)",0.0696702275894101,"S25"
"a","Arctic Ocean","Oxygen","Oxygen","TARA_B110000046","Others",32.2340919647004,"S25"
"a","Arctic Ocean","Oxygen","Oxygen","TARA_B110000879","Chloroplast (class)",4.05063291139241,"S26"
"a","Arctic Ocean","Oxygen","Oxygen","TARA_B110000879","NS9 (family)",8.84329986905282,"S26"
"a","Arctic Ocean","Oxygen","Oxygen","TARA_B110000879","SAR11 (order)",1.64993452640768,"S26"
"a","Arctic Ocean","Oxygen","Oxygen","TARA_B110000879","Cryomorphaceae (family)",8.51593190746399,"S26"
"a","Arctic Ocean","Oxygen","Oxygen","TARA_B110000879","NS5 (genus)",10.0742034046268,"S26"
"a","Arctic Ocean","Oxygen","Oxygen","TARA_B110000879","OM182 (family)",4.90178961152335,"S26"
"a","Arctic Ocean","Oxygen","Oxygen","TARA_B110000879","Polaribacter (genus)",4.29070274989088,"S26"
"a","Arctic Ocean","Oxygen","Oxygen","TARA_B110000879","Marinimicrobia (phylum)",0.165866433871672,"S26"
"a","Arctic Ocean","Oxygen","Oxygen","TARA_B110000879","SAR92 (genus)",5.27717154081187,"S26"
"a","Arctic Ocean","Oxygen","Oxygen","TARA_B110000879","AEGEAN-169 (genus)",0.615451767786993,"S26"
"a","Arctic Ocean","Oxygen","Oxygen","TARA_B110000879","Piscirickettsiaceae (family)",0.519423832387604,"S26"
"a","Arctic Ocean","Oxygen","Oxygen","TARA_B110000879","Marine (family)",0.458315146224356,"S26"
"a","Arctic Ocean","Oxygen","Oxygen","TARA_B110000879","Marinoscillum (genus)",1.89873417721519,"S26"
"a","Arctic Ocean","Oxygen","Oxygen","TARA_B110000879","NS7 (family)",2.54910519423832,"S26"
"a","Arctic Ocean","Oxygen","Oxygen","TARA_B110000879","SAR86 (family)",0.30117852466172,"S26"
"a","Arctic Ocean","Oxygen","Oxygen","TARA_B110000879","Formosa (genus)",4.94107376691401,"S26"
"a","Arctic Ocean","Oxygen","Oxygen","TARA_B110000879","NS11-12 (family)",3.58358795285901,"S26"
"a","Arctic Ocean","Oxygen","Oxygen","TARA_B110000879","Flavobacteriaceae (family)",1.81143605412484,"S26"
"a","Arctic Ocean","Oxygen","Oxygen","TARA_B110000879","Phaeocystis (family)",0.0829332169358359,"S26"
"a","Arctic Ocean","Oxygen","Oxygen","TARA_B110000879","Others",35.4692274116106,"S26"
"a","Arctic Ocean","Oxygen","Oxygen","TARA_B110001450","Chloroplast (class)",25.8463609069262,"S27"
"a","Arctic Ocean","Oxygen","Oxygen","TARA_B110001450","NS9 (family)",3.15767677813438,"S27"
"a","Arctic Ocean","Oxygen","Oxygen","TARA_B110001450","SAR11 (order)",9.47820685371156,"S27"
"a","Arctic Ocean","Oxygen","Oxygen","TARA_B110001450","Cryomorphaceae (family)",3.08520550781654,"S27"
"a","Arctic Ocean","Oxygen","Oxygen","TARA_B110001450","NS5 (genus)",1.70825137177762,"S27"
"a","Arctic Ocean","Oxygen","Oxygen","TARA_B110001450","OM182 (family)",0.0207060772336681,"S27"
"a","Arctic Ocean","Oxygen","Oxygen","TARA_B110001450","Polaribacter (genus)",0.471063257065949,"S27"
"a","Arctic Ocean","Oxygen","Oxygen","TARA_B110001450","Marinimicrobia (phylum)",0.43482762190703,"S27"
"a","Arctic Ocean","Oxygen","Oxygen","TARA_B110001450","SAR92 (genus)",2.68661352106843,"S27"
"a","Arctic Ocean","Oxygen","Oxygen","TARA_B110001450","AEGEAN-169 (genus)",1.17506988301066,"S27"
"a","Arctic Ocean","Oxygen","Oxygen","TARA_B110001450","Piscirickettsiaceae (family)",0.00517651930841702,"S27"
"a","Arctic Ocean","Oxygen","Oxygen","TARA_B110001450","Marine (family)",0.517651930841702,"S27"
"a","Arctic Ocean","Oxygen","Oxygen","TARA_B110001450","Marinoscillum (genus)",0.201884253028264,"S27"
"a","Arctic Ocean","Oxygen","Oxygen","TARA_B110001450","NS7 (family)",7.67677813438244,"S27"
"a","Arctic Ocean","Oxygen","Oxygen","TARA_B110001450","SAR86 (family)",1.59436794699244,"S27"
"a","Arctic Ocean","Oxygen","Oxygen","TARA_B110001450","Formosa (genus)",1.7030748524692,"S27"
"a","Arctic Ocean","Oxygen","Oxygen","TARA_B110001450","NS11-12 (family)",0,"S27"
"a","Arctic Ocean","Oxygen","Oxygen","TARA_B110001450","Flavobacteriaceae (family)",0.201884253028264,"S27"
"a","Arctic Ocean","Oxygen","Oxygen","TARA_B110001450","Phaeocystis (family)",0.465886737757532,"S27"
"a","Arctic Ocean","Oxygen","Oxygen","TARA_B110001450","Others",39.5693135935397,"S27"
"a","Arctic Ocean","Oxygen","Oxygen","TARA_B110000503","Chloroplast (class)",10.0443975559365,"S28"
"a","Arctic Ocean","Oxygen","Oxygen","TARA_B110000503","NS9 (family)",1.1824695591015,"S28"
"a","Arctic Ocean","Oxygen","Oxygen","TARA_B110000503","SAR11 (order)",2.43966767770012,"S28"
"a","Arctic Ocean","Oxygen","Oxygen","TARA_B110000503","Cryomorphaceae (family)",7.45966855685964,"S28"
"a","Arctic Ocean","Oxygen","Oxygen","TARA_B110000503","NS5 (genus)",1.35830146380061,"S28"
"a","Arctic Ocean","Oxygen","Oxygen","TARA_B110000503","OM182 (family)",4.83537737922546,"S28"
"a","Arctic Ocean","Oxygen","Oxygen","TARA_B110000503","Polaribacter (genus)",2.94078860609258,"S28"
"a","Arctic Ocean","Oxygen","Oxygen","TARA_B110000503","Marinimicrobia (phylum)",0,"S28"
"a","Arctic Ocean","Oxygen","Oxygen","TARA_B110000503","SAR92 (genus)",7.02888039034683,"S28"
"a","Arctic Ocean","Oxygen","Oxygen","TARA_B110000503","AEGEAN-169 (genus)",0.619807464064354,"S28"
"a","Arctic Ocean","Oxygen","Oxygen","TARA_B110000503","Piscirickettsiaceae (family)",0,"S28"
"a","Arctic Ocean","Oxygen","Oxygen","TARA_B110000503","Marine (family)",0.00439579761747769,"S28"
"a","Arctic Ocean","Oxygen","Oxygen","TARA_B110000503","Marinoscillum (genus)",5.12110422436151,"S28"
"a","Arctic Ocean","Oxygen","Oxygen","TARA_B110000503","NS7 (family)",0.00439579761747769,"S28"
"a","Arctic Ocean","Oxygen","Oxygen","TARA_B110000503","SAR86 (family)",0.17143610708163,"S28"
"a","Arctic Ocean","Oxygen","Oxygen","TARA_B110000503","Formosa (genus)",0.180227702316585,"S28"
"a","Arctic Ocean","Oxygen","Oxygen","TARA_B110000503","NS11-12 (family)",0.5714536902721,"S28"
"a","Arctic Ocean","Oxygen","Oxygen","TARA_B110000503","Flavobacteriaceae (family)",1.44182161853268,"S28"
"a","Arctic Ocean","Oxygen","Oxygen","TARA_B110000503","Phaeocystis (family)",0.259352059431184,"S28"
"a","Arctic Ocean","Oxygen","Oxygen","TARA_B110000503","Others",54.3364543496417,"S28"
"a","Arctic Ocean","Oxygen","Oxygen","TARA_B110000259","Chloroplast (class)",24.043339926047,"S29"
"a","Arctic Ocean","Oxygen","Oxygen","TARA_B110000259","NS9 (family)",3.63315848310259,"S29"
"a","Arctic Ocean","Oxygen","Oxygen","TARA_B110000259","SAR11 (order)",5.00902915125978,"S29"
"a","Arctic Ocean","Oxygen","Oxygen","TARA_B110000259","Cryomorphaceae (family)",4.52747441740476,"S29"
"a","Arctic Ocean","Oxygen","Oxygen","TARA_B110000259","NS5 (genus)",7.43400120388683,"S29"
"a","Arctic Ocean","Oxygen","Oxygen","TARA_B110000259","OM182 (family)",3.22899647433141,"S29"
"a","Arctic Ocean","Oxygen","Oxygen","TARA_B110000259","Polaribacter (genus)",3.0398142574598,"S29"
"a","Arctic Ocean","Oxygen","Oxygen","TARA_B110000259","Marinimicrobia (phylum)",0.0171983833519649,"S29"
"a","Arctic Ocean","Oxygen","Oxygen","TARA_B110000259","SAR92 (genus)",3.05271304497377,"S29"
"a","Arctic Ocean","Oxygen","Oxygen","TARA_B110000259","AEGEAN-169 (genus)",4.74245420930433,"S29"
"a","Arctic Ocean","Oxygen","Oxygen","TARA_B110000259","Piscirickettsiaceae (family)",1.79293146444234,"S29"
"a","Arctic Ocean","Oxygen","Oxygen","TARA_B110000259","Marine (family)",0.0214979791899561,"S29"
"a","Arctic Ocean","Oxygen","Oxygen","TARA_B110000259","Marinoscillum (genus)",1.21248602631353,"S29"
"a","Arctic Ocean","Oxygen","Oxygen","TARA_B110000259","NS7 (family)",0.146186258491702,"S29"
"a","Arctic Ocean","Oxygen","Oxygen","TARA_B110000259","SAR86 (family)",0.288072921145412,"S29"
"a","Arctic Ocean","Oxygen","Oxygen","TARA_B110000259","Formosa (genus)",1.77143348525239,"S29"
"a","Arctic Ocean","Oxygen","Oxygen","TARA_B110000259","NS11-12 (family)",4.07601685441568,"S29"
"a","Arctic Ocean","Oxygen","Oxygen","TARA_B110000259","Flavobacteriaceae (family)",0.507352308882965,"S29"
"a","Arctic Ocean","Oxygen","Oxygen","TARA_B110000259","Phaeocystis (family)",2.26158741078339,"S29"
"a","Arctic Ocean","Oxygen","Oxygen","TARA_B110000259","Others",29.1942557399604,"S29"
"a","Arctic Ocean","Oxygen","Oxygen","TARA_B110000090","Chloroplast (class)",13.3640319805688,"S30"
"a","Arctic Ocean","Oxygen","Oxygen","TARA_B110000090","NS9 (family)",7.73707114664508,"S30"
"a","Arctic Ocean","Oxygen","Oxygen","TARA_B110000090","SAR11 (order)",3.53709138751139,"S30"
"a","Arctic Ocean","Oxygen","Oxygen","TARA_B110000090","Cryomorphaceae (family)",10.7732010930068,"S30"
"a","Arctic Ocean","Oxygen","Oxygen","TARA_B110000090","NS5 (genus)",4.34672603987451,"S30"
"a","Arctic Ocean","Oxygen","Oxygen","TARA_B110000090","OM182 (family)",1.40167999190365,"S30"
"a","Arctic Ocean","Oxygen","Oxygen","TARA_B110000090","Polaribacter (genus)",5.92045339540532,"S30"
"a","Arctic Ocean","Oxygen","Oxygen","TARA_B110000090","Marinimicrobia (phylum)",0.166987147049894,"S30"
"a","Arctic Ocean","Oxygen","Oxygen","TARA_B110000090","SAR92 (genus)",6.55298046756401,"S30"
"a","Arctic Ocean","Oxygen","Oxygen","TARA_B110000090","AEGEAN-169 (genus)",1.45734237425362,"S30"
"a","Arctic Ocean","Oxygen","Oxygen","TARA_B110000090","Piscirickettsiaceae (family)",3.41058597307965,"S30"
"a","Arctic Ocean","Oxygen","Oxygen","TARA_B110000090","Marine (family)",0,"S30"
"a","Arctic Ocean","Oxygen","Oxygen","TARA_B110000090","Marinoscillum (genus)",1.83685861754883,"S30"
"a","Arctic Ocean","Oxygen","Oxygen","TARA_B110000090","NS7 (family)",0.172047363627163,"S30"
"a","Arctic Ocean","Oxygen","Oxygen","TARA_B110000090","SAR86 (family)",0.592045339540532,"S30"
"a","Arctic Ocean","Oxygen","Oxygen","TARA_B110000090","Formosa (genus)",1.14866916304018,"S30"
"a","Arctic Ocean","Oxygen","Oxygen","TARA_B110000090","NS11-12 (family)",3.44094727254326,"S30"
"a","Arctic Ocean","Oxygen","Oxygen","TARA_B110000090","Flavobacteriaceae (family)",3.37010424046149,"S30"
"a","Arctic Ocean","Oxygen","Oxygen","TARA_B110000090","Phaeocystis (family)",0.247950612286206,"S30"
"a","Arctic Ocean","Oxygen","Oxygen","TARA_B110000090","Others",30.5232263940897,"S30"
"a","Arctic Ocean","Oxygen","Oxygen","TARA_B110001469","Chloroplast (class)",8.11086754151527,"S31"
"a","Arctic Ocean","Oxygen","Oxygen","TARA_B110001469","NS9 (family)",5.57640911684334,"S31"
"a","Arctic Ocean","Oxygen","Oxygen","TARA_B110001469","SAR11 (order)",1.41136902795712,"S31"
"a","Arctic Ocean","Oxygen","Oxygen","TARA_B110001469","Cryomorphaceae (family)",2.83775262004144,"S31"
"a","Arctic Ocean","Oxygen","Oxygen","TARA_B110001469","NS5 (genus)",0.30930002102039,"S31"
"a","Arctic Ocean","Oxygen","Oxygen","TARA_B110001469","OM182 (family)",0.579562175310051,"S31"
"a","Arctic Ocean","Oxygen","Oxygen","TARA_B110001469","Polaribacter (genus)",3.04795651782229,"S31"
"a","Arctic Ocean","Oxygen","Oxygen","TARA_B110001469","Marinimicrobia (phylum)",0.0960932104141017,"S31"
"a","Arctic Ocean","Oxygen","Oxygen","TARA_B110001469","SAR92 (genus)",2.82273805591424,"S31"
"a","Arctic Ocean","Oxygen","Oxygen","TARA_B110001469","AEGEAN-169 (genus)",0.189183508002763,"S31"
"a","Arctic Ocean","Oxygen","Oxygen","TARA_B110001469","Piscirickettsiaceae (family)",11.3780366955947,"S31"
"a","Arctic Ocean","Oxygen","Oxygen","TARA_B110001469","Marine (family)",0.0420407795561695,"S31"
"a","Arctic Ocean","Oxygen","Oxygen","TARA_B110001469","Marinoscillum (genus)",0.177171856701,"S31"
"a","Arctic Ocean","Oxygen","Oxygen","TARA_B110001469","NS7 (family)",0.0600582565088135,"S31"
"a","Arctic Ocean","Oxygen","Oxygen","TARA_B110001469","SAR86 (family)",0.240233026035254,"S31"
"a","Arctic Ocean","Oxygen","Oxygen","TARA_B110001469","Formosa (genus)",0.384372841656407,"S31"
"a","Arctic Ocean","Oxygen","Oxygen","TARA_B110001469","NS11-12 (family)",0.0360349539052881,"S31"
"a","Arctic Ocean","Oxygen","Oxygen","TARA_B110001469","Flavobacteriaceae (family)",0.315305846671271,"S31"
"a","Arctic Ocean","Oxygen","Oxygen","TARA_B110001469","Phaeocystis (family)",16.8373322122459,"S31"
"a","Arctic Ocean","Oxygen","Oxygen","TARA_B110001469","Others",45.5481817362842,"S31"
"a","Arctic Ocean","Oxygen","Oxygen","TARA_B110001452","Chloroplast (class)",17.1929991439171,"S32"
"a","Arctic Ocean","Oxygen","Oxygen","TARA_B110001452","NS9 (family)",0.57547797964425,"S32"
"a","Arctic Ocean","Oxygen","Oxygen","TARA_B110001452","SAR11 (order)",12.6557595358128,"S32"
"a","Arctic Ocean","Oxygen","Oxygen","TARA_B110001452","Cryomorphaceae (family)",2.92495006182821,"S32"
"a","Arctic Ocean","Oxygen","Oxygen","TARA_B110001452","NS5 (genus)",3.319699419766,"S32"
"a","Arctic Ocean","Oxygen","Oxygen","TARA_B110001452","OM182 (family)",0.00475601636069628,"S32"
"a","Arctic Ocean","Oxygen","Oxygen","TARA_B110001452","Polaribacter (genus)",0.0523161799676591,"S32"
"a","Arctic Ocean","Oxygen","Oxygen","TARA_B110001452","Marinimicrobia (phylum)",1.17949205745268,"S32"
"a","Arctic Ocean","Oxygen","Oxygen","TARA_B110001452","SAR92 (genus)",0.580233996004946,"S32"
"a","Arctic Ocean","Oxygen","Oxygen","TARA_B110001452","AEGEAN-169 (genus)",0.65157424141539,"S32"
"a","Arctic Ocean","Oxygen","Oxygen","TARA_B110001452","Piscirickettsiaceae (family)",0,"S32"
"a","Arctic Ocean","Oxygen","Oxygen","TARA_B110001452","Marine (family)",4.40407115000476,"S32"
"a","Arctic Ocean","Oxygen","Oxygen","TARA_B110001452","Marinoscillum (genus)",0.57547797964425,"S32"
"a","Arctic Ocean","Oxygen","Oxygen","TARA_B110001452","NS7 (family)",22.8811947113098,"S32"
"a","Arctic Ocean","Oxygen","Oxygen","TARA_B110001452","SAR86 (family)",0.261580899838295,"S32"
"a","Arctic Ocean","Oxygen","Oxygen","TARA_B110001452","Formosa (genus)",0.665842290497479,"S32"
"a","Arctic Ocean","Oxygen","Oxygen","TARA_B110001452","NS11-12 (family)",0,"S32"
"a","Arctic Ocean","Oxygen","Oxygen","TARA_B110001452","Flavobacteriaceae (family)",0.0998763435746219,"S32"
"a","Arctic Ocean","Oxygen","Oxygen","TARA_B110001452","Phaeocystis (family)",0.237800818034814,"S32"
"a","Arctic Ocean","Oxygen","Oxygen","TARA_B110001452","Others",31.7368971749263,"S32"
"a","Arctic Ocean","Oxygen","Oxygen","TARA_B110000261","Chloroplast (class)",38.3819877040837,"S33"
"a","Arctic Ocean","Oxygen","Oxygen","TARA_B110000261","NS9 (family)",4.19364032409104,"S33"
"a","Arctic Ocean","Oxygen","Oxygen","TARA_B110000261","SAR11 (order)",4.05928097390171,"S33"
"a","Arctic Ocean","Oxygen","Oxygen","TARA_B110000261","Cryomorphaceae (family)",2.13753511664834,"S33"
"a","Arctic Ocean","Oxygen","Oxygen","TARA_B110000261","NS5 (genus)",3.85570620088759,"S33"
"a","Arctic Ocean","Oxygen","Oxygen","TARA_B110000261","OM182 (family)",2.87040429949921,"S33"
"a","Arctic Ocean","Oxygen","Oxygen","TARA_B110000261","Polaribacter (genus)",1.25809209722731,"S33"
"a","Arctic Ocean","Oxygen","Oxygen","TARA_B110000261","Marinimicrobia (phylum)",0.0529294409836733,"S33"
"a","Arctic Ocean","Oxygen","Oxygen","TARA_B110000261","SAR92 (genus)",1.54309677944709,"S33"
"a","Arctic Ocean","Oxygen","Oxygen","TARA_B110000261","AEGEAN-169 (genus)",4.05520947844143,"S33"
"a","Arctic Ocean","Oxygen","Oxygen","TARA_B110000261","Piscirickettsiaceae (family)",2.3573958715036,"S33"
"a","Arctic Ocean","Oxygen","Oxygen","TARA_B110000261","Marine (family)",0,"S33"
"a","Arctic Ocean","Oxygen","Oxygen","TARA_B110000261","Marinoscillum (genus)",1.31509303367127,"S33"
"a","Arctic Ocean","Oxygen","Oxygen","TARA_B110000261","NS7 (family)",0.146573836570172,"S33"
"a","Arctic Ocean","Oxygen","Oxygen","TARA_B110000261","SAR86 (family)",0.31757664590204,"S33"
"a","Arctic Ocean","Oxygen","Oxygen","TARA_B110000261","Formosa (genus)",0.679939741867188,"S33"
"a","Arctic Ocean","Oxygen","Oxygen","TARA_B110000261","NS11-12 (family)",1.88917389357111,"S33"
"a","Arctic Ocean","Oxygen","Oxygen","TARA_B110000261","Flavobacteriaceae (family)",0.830585073897643,"S33"
"a","Arctic Ocean","Oxygen","Oxygen","TARA_B110000261","Phaeocystis (family)",2.16603558487032,"S33"
"a","Arctic Ocean","Oxygen","Oxygen","TARA_B110000261","Others",27.8897439029355,"S33"
"a","Arctic Ocean","Oxygen","Oxygen","TARA_B110000858","Chloroplast (class)",0.671000209687566,"S34"
"a","Arctic Ocean","Oxygen","Oxygen","TARA_B110000858","NS9 (family)",5.69301740406794,"S34"
"a","Arctic Ocean","Oxygen","Oxygen","TARA_B110000858","SAR11 (order)",10.6626127070665,"S34"
"a","Arctic Ocean","Oxygen","Oxygen","TARA_B110000858","Cryomorphaceae (family)",4.52925141539107,"S34"
"a","Arctic Ocean","Oxygen","Oxygen","TARA_B110000858","NS5 (genus)",18.221849444328,"S34"
"a","Arctic Ocean","Oxygen","Oxygen","TARA_B110000858","OM182 (family)",1.25812539316419,"S34"
"a","Arctic Ocean","Oxygen","Oxygen","TARA_B110000858","Polaribacter (genus)",1.11134409729503,"S34"
"a","Arctic Ocean","Oxygen","Oxygen","TARA_B110000858","Marinimicrobia (phylum)",9.81337806668065,"S34"
"a","Arctic Ocean","Oxygen","Oxygen","TARA_B110000858","SAR92 (genus)",0.660515831411197,"S34"
"a","Arctic Ocean","Oxygen","Oxygen","TARA_B110000858","AEGEAN-169 (genus)",6.12287691339904,"S34"
"a","Arctic Ocean","Oxygen","Oxygen","TARA_B110000858","Piscirickettsiaceae (family)",1.49926609352065,"S34"
"a","Arctic Ocean","Oxygen","Oxygen","TARA_B110000858","Marine (family)",0.345984483120151,"S34"
"a","Arctic Ocean","Oxygen","Oxygen","TARA_B110000858","Marinoscillum (genus)",4.3195638498637,"S34"
"a","Arctic Ocean","Oxygen","Oxygen","TARA_B110000858","NS7 (family)",3.17676661773957,"S34"
"a","Arctic Ocean","Oxygen","Oxygen","TARA_B110000858","SAR86 (family)",0.733906479345775,"S34"
"a","Arctic Ocean","Oxygen","Oxygen","TARA_B110000858","Formosa (genus)",2.12832879010275,"S34"
"a","Arctic Ocean","Oxygen","Oxygen","TARA_B110000858","NS11-12 (family)",0.828265883833089,"S34"
"a","Arctic Ocean","Oxygen","Oxygen","TARA_B110000858","Flavobacteriaceae (family)",0.754875235898511,"S34"
"a","Arctic Ocean","Oxygen","Oxygen","TARA_B110000858","Phaeocystis (family)",0.0314531348291046,"S34"
"a","Arctic Ocean","Oxygen","Oxygen","TARA_B110000858","Others",27.4376179492556,"S34"
"a","Arctic Ocean","Oxygen","Oxygen","TARA_B110000027","Chloroplast (class)",4.65514967690887,"S35"
"a","Arctic Ocean","Oxygen","Oxygen","TARA_B110000027","NS9 (family)",0.303310035605961,"S35"
"a","Arctic Ocean","Oxygen","Oxygen","TARA_B110000027","SAR11 (order)",8.85533430040881,"S35"
"a","Arctic Ocean","Oxygen","Oxygen","TARA_B110000027","Cryomorphaceae (family)",17.3546089938019,"S35"
"a","Arctic Ocean","Oxygen","Oxygen","TARA_B110000027","NS5 (genus)",15.9303705657392,"S35"
"a","Arctic Ocean","Oxygen","Oxygen","TARA_B110000027","OM182 (family)",0.448371356982725,"S35"
"a","Arctic Ocean","Oxygen","Oxygen","TARA_B110000027","Polaribacter (genus)",3.46169062376368,"S35"
"a","Arctic Ocean","Oxygen","Oxygen","TARA_B110000027","Marinimicrobia (phylum)",0.085718053540815,"S35"
"a","Arctic Ocean","Oxygen","Oxygen","TARA_B110000027","SAR92 (genus)",1.48358169589872,"S35"
"a","Arctic Ocean","Oxygen","Oxygen","TARA_B110000027","AEGEAN-169 (genus)",0.250560464196228,"S35"
"a","Arctic Ocean","Oxygen","Oxygen","TARA_B110000027","Piscirickettsiaceae (family)",3.95621785572992,"S35"
"a","Arctic Ocean","Oxygen","Oxygen","TARA_B110000027","Marine (family)",0,"S35"
"a","Arctic Ocean","Oxygen","Oxygen","TARA_B110000027","Marinoscillum (genus)",9.55426612158776,"S35"
"a","Arctic Ocean","Oxygen","Oxygen","TARA_B110000027","NS7 (family)",1.70776737439008,"S35"
"a","Arctic Ocean","Oxygen","Oxygen","TARA_B110000027","SAR86 (family)",0.125280232098114,"S35"
"a","Arctic Ocean","Oxygen","Oxygen","TARA_B110000027","Formosa (genus)",7.34537781880522,"S35"
"a","Arctic Ocean","Oxygen","Oxygen","TARA_B110000027","NS11-12 (family)",0.270341553474878,"S35"
"a","Arctic Ocean","Oxygen","Oxygen","TARA_B110000027","Flavobacteriaceae (family)",2.87485164183041,"S35"
"a","Arctic Ocean","Oxygen","Oxygen","TARA_B110000027","Phaeocystis (family)",0,"S35"
"a","Arctic Ocean","Oxygen","Oxygen","TARA_B110000027","Others",21.3372016352367,"S35"
"a","Arctic Ocean","Oxygen","Oxygen","TARA_B110000238","Chloroplast (class)",32.1975250718433,"S36"
"a","Arctic Ocean","Oxygen","Oxygen","TARA_B110000238","NS9 (family)",11.5594393290716,"S36"
"a","Arctic Ocean","Oxygen","Oxygen","TARA_B110000238","SAR11 (order)",2.58929095067738,"S36"
"a","Arctic Ocean","Oxygen","Oxygen","TARA_B110000238","Cryomorphaceae (family)",0.712568177819483,"S36"
"a","Arctic Ocean","Oxygen","Oxygen","TARA_B110000238","NS5 (genus)",5.19324379801771,"S36"
"a","Arctic Ocean","Oxygen","Oxygen","TARA_B110000238","OM182 (family)",8.1168259926104,"S36"
"a","Arctic Ocean","Oxygen","Oxygen","TARA_B110000238","Polaribacter (genus)",3.86194358102164,"S36"
"a","Arctic Ocean","Oxygen","Oxygen","TARA_B110000238","Marinimicrobia (phylum)",0.1231599319688,"S36"
"a","Arctic Ocean","Oxygen","Oxygen","TARA_B110000238","SAR92 (genus)",1.20227552636209,"S36"
"a","Arctic Ocean","Oxygen","Oxygen","TARA_B110000238","AEGEAN-169 (genus)",1.14362793971028,"S36"
"a","Arctic Ocean","Oxygen","Oxygen","TARA_B110000238","Piscirickettsiaceae (family)",5.24016186733916,"S36"
"a","Arctic Ocean","Oxygen","Oxygen","TARA_B110000238","Marine (family)",0.038120931323676,"S36"
"a","Arctic Ocean","Oxygen","Oxygen","TARA_B110000238","Marinoscillum (genus)",0.173010380622837,"S36"
"a","Arctic Ocean","Oxygen","Oxygen","TARA_B110000238","NS7 (family)",0.0879713799777139,"S36"
"a","Arctic Ocean","Oxygen","Oxygen","TARA_B110000238","SAR86 (family)",0.331358864582722,"S36"
"a","Arctic Ocean","Oxygen","Oxygen","TARA_B110000238","Formosa (genus)",1.21986980235763,"S36"
"a","Arctic Ocean","Oxygen","Oxygen","TARA_B110000238","NS11-12 (family)",6.51574687701601,"S36"
"a","Arctic Ocean","Oxygen","Oxygen","TARA_B110000238","Flavobacteriaceae (family)",1.32543545833089,"S36"
"a","Arctic Ocean","Oxygen","Oxygen","TARA_B110000238","Phaeocystis (family)",0.284440795261275,"S36"
"a","Arctic Ocean","Oxygen","Oxygen","TARA_B110000238","Others",18.0839833440854,"S36"
"a","Arctic Ocean","Oxygen","Oxygen","TARA_B110000208","Chloroplast (class)",22.7104370540762,"S37"
"a","Arctic Ocean","Oxygen","Oxygen","TARA_B110000208","NS9 (family)",4.05084018870131,"S37"
"a","Arctic Ocean","Oxygen","Oxygen","TARA_B110000208","SAR11 (order)",1.46204530391048,"S37"
"a","Arctic Ocean","Oxygen","Oxygen","TARA_B110000208","Cryomorphaceae (family)",9.39997660727514,"S37"
"a","Arctic Ocean","Oxygen","Oxygen","TARA_B110000208","NS5 (genus)",4.67074739755936,"S37"
"a","Arctic Ocean","Oxygen","Oxygen","TARA_B110000208","OM182 (family)",3.30617178057624,"S37"
"a","Arctic Ocean","Oxygen","Oxygen","TARA_B110000208","Polaribacter (genus)",1.99228040079535,"S37"
"a","Arctic Ocean","Oxygen","Oxygen","TARA_B110000208","Marinimicrobia (phylum)",0.0233927248625677,"S37"
"a","Arctic Ocean","Oxygen","Oxygen","TARA_B110000208","SAR92 (genus)",4.88128192132247,"S37"
"a","Arctic Ocean","Oxygen","Oxygen","TARA_B110000208","AEGEAN-169 (genus)",0.530235096884869,"S37"
"a","Arctic Ocean","Oxygen","Oxygen","TARA_B110000208","Piscirickettsiaceae (family)",8.30441732621155,"S37"
"a","Arctic Ocean","Oxygen","Oxygen","TARA_B110000208","Marine (family)",0,"S37"
"a","Arctic Ocean","Oxygen","Oxygen","TARA_B110000208","Marinoscillum (genus)",1.21252290537643,"S37"
"a","Arctic Ocean","Oxygen","Oxygen","TARA_B110000208","NS7 (family)",0.0584818121564194,"S37"
"a","Arctic Ocean","Oxygen","Oxygen","TARA_B110000208","SAR86 (family)",0.148153924129596,"S37"
"a","Arctic Ocean","Oxygen","Oxygen","TARA_B110000208","Formosa (genus)",0.959101719365277,"S37"
"a","Arctic Ocean","Oxygen","Oxygen","TARA_B110000208","NS11-12 (family)",3.1892081562634,"S37"
"a","Arctic Ocean","Oxygen","Oxygen","TARA_B110000208","Flavobacteriaceae (family)",1.14624351826582,"S37"
"a","Arctic Ocean","Oxygen","Oxygen","TARA_B110000208","Phaeocystis (family)",0.853834457483723,"S37"
"a","Arctic Ocean","Oxygen","Oxygen","TARA_B110000208","Others",31.1006277047838,"S37"
"a","Arctic Ocean","Oxygen","Oxygen","TARA_B110000114","Chloroplast (class)",13.3707969533717,"S38"
"a","Arctic Ocean","Oxygen","Oxygen","TARA_B110000114","NS9 (family)",19.8727475385473,"S38"
"a","Arctic Ocean","Oxygen","Oxygen","TARA_B110000114","SAR11 (order)",3.15344603381014,"S38"
"a","Arctic Ocean","Oxygen","Oxygen","TARA_B110000114","Cryomorphaceae (family)",7.77447519970277,"S38"
"a","Arctic Ocean","Oxygen","Oxygen","TARA_B110000114","NS5 (genus)",5.51272524614527,"S38"
"a","Arctic Ocean","Oxygen","Oxygen","TARA_B110000114","OM182 (family)",0.459780791380271,"S38"
"a","Arctic Ocean","Oxygen","Oxygen","TARA_B110000114","Polaribacter (genus)",8.23890024150102,"S38"
"a","Arctic Ocean","Oxygen","Oxygen","TARA_B110000114","Marinimicrobia (phylum)",0.0464425041798254,"S38"
"a","Arctic Ocean","Oxygen","Oxygen","TARA_B110000114","SAR92 (genus)",4.80215493219394,"S38"
"a","Arctic Ocean","Oxygen","Oxygen","TARA_B110000114","AEGEAN-169 (genus)",2.55898198030838,"S38"
"a","Arctic Ocean","Oxygen","Oxygen","TARA_B110000114","Piscirickettsiaceae (family)",5.70778376370054,"S38"
"a","Arctic Ocean","Oxygen","Oxygen","TARA_B110000114","Marine (family)",0.00464425041798254,"S38"
"a","Arctic Ocean","Oxygen","Oxygen","TARA_B110000114","Marinoscillum (genus)",1.4629388816645,"S38"
"a","Arctic Ocean","Oxygen","Oxygen","TARA_B110000114","NS7 (family)",0.334386030094743,"S38"
"a","Arctic Ocean","Oxygen","Oxygen","TARA_B110000114","SAR86 (family)",0.25543377298904,"S38"
"a","Arctic Ocean","Oxygen","Oxygen","TARA_B110000114","Formosa (genus)",3.38565855470927,"S38"
"a","Arctic Ocean","Oxygen","Oxygen","TARA_B110000114","NS11-12 (family)",1.5418911387702,"S38"
"a","Arctic Ocean","Oxygen","Oxygen","TARA_B110000114","Flavobacteriaceae (family)",2.50789522571057,"S38"
"a","Arctic Ocean","Oxygen","Oxygen","TARA_B110000114","Phaeocystis (family)",1.20750510867546,"S38"
"a","Arctic Ocean","Oxygen","Oxygen","TARA_B110000114","Others",17.8014118521271,"S38"
"a","Arctic Ocean","ChlorophyllA","Chlorophyll a","TARA_B110000263","Chloroplast (class)",0.467710791675606,"S1"
"a","Arctic Ocean","ChlorophyllA","Chlorophyll a","TARA_B110000263","NS9 (family)",2.77622827719374,"S1"
"a","Arctic Ocean","ChlorophyllA","Chlorophyll a","TARA_B110000263","SAR11 (order)",8.75777730100837,"S1"
"a","Arctic Ocean","ChlorophyllA","Chlorophyll a","TARA_B110000263","Cryomorphaceae (family)",0.493456339841236,"S1"
"a","Arctic Ocean","ChlorophyllA","Chlorophyll a","TARA_B110000263","NS5 (genus)",2.42008152756919,"S1"
"a","Arctic Ocean","ChlorophyllA","Chlorophyll a","TARA_B110000263","OM182 (family)",0.699420725166273,"S1"
"a","Arctic Ocean","ChlorophyllA","Chlorophyll a","TARA_B110000263","Polaribacter (genus)",0.214546234713581,"S1"
"a","Arctic Ocean","ChlorophyllA","Chlorophyll a","TARA_B110000263","Marinimicrobia (phylum)",11.1006221840807,"S1"
"a","Arctic Ocean","ChlorophyllA","Chlorophyll a","TARA_B110000263","SAR92 (genus)",0.0986912679682471,"S1"
"a","Arctic Ocean","ChlorophyllA","Chlorophyll a","TARA_B110000263","AEGEAN-169 (genus)",3.39841235786312,"S1"
"a","Arctic Ocean","ChlorophyllA","Chlorophyll a","TARA_B110000263","Piscirickettsiaceae (family)",0.0386183222484445,"S1"
"a","Arctic Ocean","ChlorophyllA","Chlorophyll a","TARA_B110000263","Marine (family)",5.91289422870629,"S1"
"a","Arctic Ocean","ChlorophyllA","Chlorophyll a","TARA_B110000263","Marinoscillum (genus)",0.793821068440249,"S1"
"a","Arctic Ocean","ChlorophyllA","Chlorophyll a","TARA_B110000263","NS7 (family)",0.141600514910963,"S1"
"a","Arctic Ocean","ChlorophyllA","Chlorophyll a","TARA_B110000263","SAR86 (family)",7.06715297146535,"S1"
"a","Arctic Ocean","ChlorophyllA","Chlorophyll a","TARA_B110000263","Formosa (genus)",0.00429092469427161,"S1"
"a","Arctic Ocean","ChlorophyllA","Chlorophyll a","TARA_B110000263","NS11-12 (family)",0.00429092469427161,"S1"
"a","Arctic Ocean","ChlorophyllA","Chlorophyll a","TARA_B110000263","Flavobacteriaceae (family)",0.10727311735679,"S1"
"a","Arctic Ocean","ChlorophyllA","Chlorophyll a","TARA_B110000263","Phaeocystis (family)",0.0300364728599013,"S1"
"a","Arctic Ocean","ChlorophyllA","Chlorophyll a","TARA_B110000263","Others",55.4730744475434,"S1"
"a","Arctic Ocean","ChlorophyllA","Chlorophyll a","TARA_B110000116","Chloroplast (class)",4.12713662383411,"S2"
"a","Arctic Ocean","ChlorophyllA","Chlorophyll a","TARA_B110000116","NS9 (family)",4.83567511308595,"S2"
"a","Arctic Ocean","ChlorophyllA","Chlorophyll a","TARA_B110000116","SAR11 (order)",7.22549137344382,"S2"
"a","Arctic Ocean","ChlorophyllA","Chlorophyll a","TARA_B110000116","Cryomorphaceae (family)",0.908690604859693,"S2"
"a","Arctic Ocean","ChlorophyllA","Chlorophyll a","TARA_B110000116","NS5 (genus)",1.49713782474681,"S2"
"a","Arctic Ocean","ChlorophyllA","Chlorophyll a","TARA_B110000116","OM182 (family)",0.744565870061247,"S2"
"a","Arctic Ocean","ChlorophyllA","Chlorophyll a","TARA_B110000116","Polaribacter (genus)",1.33301308994836,"S2"
"a","Arctic Ocean","ChlorophyllA","Chlorophyll a","TARA_B110000116","Marinimicrobia (phylum)",9.09090909090909,"S2"
"a","Arctic Ocean","ChlorophyllA","Chlorophyll a","TARA_B110000116","SAR92 (genus)",0.588447219887114,"S2"
"a","Arctic Ocean","ChlorophyllA","Chlorophyll a","TARA_B110000116","AEGEAN-169 (genus)",3.16240342660422,"S2"
"a","Arctic Ocean","ChlorophyllA","Chlorophyll a","TARA_B110000116","Piscirickettsiaceae (family)",0.220167327168648,"S2"
"a","Arctic Ocean","ChlorophyllA","Chlorophyll a","TARA_B110000116","Marine (family)",4.2872583163204,"S2"
"a","Arctic Ocean","ChlorophyllA","Chlorophyll a","TARA_B110000116","Marinoscillum (genus)",0.636483727633001,"S2"
"a","Arctic Ocean","ChlorophyllA","Chlorophyll a","TARA_B110000116","NS7 (family)",0.148112565549818,"S2"
"a","Arctic Ocean","ChlorophyllA","Chlorophyll a","TARA_B110000116","SAR86 (family)",5.06785156719106,"S2"
"a","Arctic Ocean","ChlorophyllA","Chlorophyll a","TARA_B110000116","Formosa (genus)",0.0880669308674593,"S2"
"a","Arctic Ocean","ChlorophyllA","Chlorophyll a","TARA_B110000116","NS11-12 (family)",0.016012169248629,"S2"
"a","Arctic Ocean","ChlorophyllA","Chlorophyll a","TARA_B110000116","Flavobacteriaceae (family)",0.224170369480805,"S2"
"a","Arctic Ocean","ChlorophyllA","Chlorophyll a","TARA_B110000116","Phaeocystis (family)",0.432328569712982,"S2"
"a","Arctic Ocean","ChlorophyllA","Chlorophyll a","TARA_B110000116","Others",55.3660782194468,"S2"
"a","Arctic Ocean","ChlorophyllA","Chlorophyll a","TARA_B110000196","Chloroplast (class)",1.17777199375325,"S3"
"a","Arctic Ocean","ChlorophyllA","Chlorophyll a","TARA_B110000196","NS9 (family)",3.20145757418011,"S3"
"a","Arctic Ocean","ChlorophyllA","Chlorophyll a","TARA_B110000196","SAR11 (order)",7.50910983862572,"S3"
"a","Arctic Ocean","ChlorophyllA","Chlorophyll a","TARA_B110000196","Cryomorphaceae (family)",0.49453409682457,"S3"
"a","Arctic Ocean","ChlorophyllA","Chlorophyll a","TARA_B110000196","NS5 (genus)",1.25260281103592,"S3"
"a","Arctic Ocean","ChlorophyllA","Chlorophyll a","TARA_B110000196","OM182 (family)",0.75481520041645,"S3"
"a","Arctic Ocean","ChlorophyllA","Chlorophyll a","TARA_B110000196","Polaribacter (genus)",0.263534617386778,"S3"
"a","Arctic Ocean","ChlorophyllA","Chlorophyll a","TARA_B110000196","Marinimicrobia (phylum)",7.64575741801145,"S3"
"a","Arctic Ocean","ChlorophyllA","Chlorophyll a","TARA_B110000196","SAR92 (genus)",0.204971369078605,"S3"
"a","Arctic Ocean","ChlorophyllA","Chlorophyll a","TARA_B110000196","AEGEAN-169 (genus)",2.27095262883915,"S3"
"a","Arctic Ocean","ChlorophyllA","Chlorophyll a","TARA_B110000196","Piscirickettsiaceae (family)",0.406689224362311,"S3"
"a","Arctic Ocean","ChlorophyllA","Chlorophyll a","TARA_B110000196","Marine (family)",3.63417490890161,"S3"
"a","Arctic Ocean","ChlorophyllA","Chlorophyll a","TARA_B110000196","Marinoscillum (genus)",0.270041644976575,"S3"
"a","Arctic Ocean","ChlorophyllA","Chlorophyll a","TARA_B110000196","NS7 (family)",0.17243623112962,"S3"
"a","Arctic Ocean","ChlorophyllA","Chlorophyll a","TARA_B110000196","SAR86 (family)",4.50611660593441,"S3"
"a","Arctic Ocean","ChlorophyllA","Chlorophyll a","TARA_B110000196","Formosa (genus)",0.00325351379489849,"S3"
"a","Arctic Ocean","ChlorophyllA","Chlorophyll a","TARA_B110000196","NS11-12 (family)",0,"S3"
"a","Arctic Ocean","ChlorophyllA","Chlorophyll a","TARA_B110000196","Flavobacteriaceae (family)",0.0585632483081728,"S3"
"a","Arctic Ocean","ChlorophyllA","Chlorophyll a","TARA_B110000196","Phaeocystis (family)",5.09825611660593,"S3"
"a","Arctic Ocean","ChlorophyllA","Chlorophyll a","TARA_B110000196","Others",61.0749609578345,"S3"
"a","Arctic Ocean","ChlorophyllA","Chlorophyll a","TARA_B110000495","Chloroplast (class)",0.852462383813485,"S4"
"a","Arctic Ocean","ChlorophyllA","Chlorophyll a","TARA_B110000495","NS9 (family)",4.66286653314846,"S4"
"a","Arctic Ocean","ChlorophyllA","Chlorophyll a","TARA_B110000495","SAR11 (order)",8.07785138396754,"S4"
"a","Arctic Ocean","ChlorophyllA","Chlorophyll a","TARA_B110000495","Cryomorphaceae (family)",2.34170389770451,"S4"
"a","Arctic Ocean","ChlorophyllA","Chlorophyll a","TARA_B110000495","NS5 (genus)",3.42012016638422,"S4"
"a","Arctic Ocean","ChlorophyllA","Chlorophyll a","TARA_B110000495","OM182 (family)",1.55600061623787,"S4"
"a","Arctic Ocean","ChlorophyllA","Chlorophyll a","TARA_B110000495","Polaribacter (genus)",0.821650490422636,"S4"
"a","Arctic Ocean","ChlorophyllA","Chlorophyll a","TARA_B110000495","Marinimicrobia (phylum)",5.67452369948133,"S4"
"a","Arctic Ocean","ChlorophyllA","Chlorophyll a","TARA_B110000495","SAR92 (genus)",0.364607405125045,"S4"
"a","Arctic Ocean","ChlorophyllA","Chlorophyll a","TARA_B110000495","AEGEAN-169 (genus)",2.61387562265701,"S4"
"a","Arctic Ocean","ChlorophyllA","Chlorophyll a","TARA_B110000495","Piscirickettsiaceae (family)",0.780567965901505,"S4"
"a","Arctic Ocean","ChlorophyllA","Chlorophyll a","TARA_B110000495","Marine (family)",5.67965901504647,"S4"
"a","Arctic Ocean","ChlorophyllA","Chlorophyll a","TARA_B110000495","Marinoscillum (genus)",1.39167051815334,"S4"
"a","Arctic Ocean","ChlorophyllA","Chlorophyll a","TARA_B110000495","NS7 (family)",0.682996970163817,"S4"
"a","Arctic Ocean","ChlorophyllA","Chlorophyll a","TARA_B110000495","SAR86 (family)",3.85148667385611,"S4"
"a","Arctic Ocean","ChlorophyllA","Chlorophyll a","TARA_B110000495","Formosa (genus)",0.164330098084527,"S4"
"a","Arctic Ocean","ChlorophyllA","Chlorophyll a","TARA_B110000495","NS11-12 (family)",0.251630462691932,"S4"
"a","Arctic Ocean","ChlorophyllA","Chlorophyll a","TARA_B110000495","Flavobacteriaceae (family)",0.811379859292354,"S4"
"a","Arctic Ocean","ChlorophyllA","Chlorophyll a","TARA_B110000495","Phaeocystis (family)",0.154059466954244,"S4"
"a","Arctic Ocean","ChlorophyllA","Chlorophyll a","TARA_B110000495","Others",55.8465567709136,"S4"
"a","Arctic Ocean","ChlorophyllA","Chlorophyll a","TARA_B110000438","Chloroplast (class)",0.356104651162791,"S5"
"a","Arctic Ocean","ChlorophyllA","Chlorophyll a","TARA_B110000438","NS9 (family)",2.39098837209302,"S5"
"a","Arctic Ocean","ChlorophyllA","Chlorophyll a","TARA_B110000438","SAR11 (order)",12.7616279069767,"S5"
"a","Arctic Ocean","ChlorophyllA","Chlorophyll a","TARA_B110000438","Cryomorphaceae (family)",0.864825581395349,"S5"
"a","Arctic Ocean","ChlorophyllA","Chlorophyll a","TARA_B110000438","NS5 (genus)",1.2281976744186,"S5"
"a","Arctic Ocean","ChlorophyllA","Chlorophyll a","TARA_B110000438","OM182 (family)",0.813953488372093,"S5"
"a","Arctic Ocean","ChlorophyllA","Chlorophyll a","TARA_B110000438","Polaribacter (genus)",0.203488372093023,"S5"
"a","Arctic Ocean","ChlorophyllA","Chlorophyll a","TARA_B110000438","Marinimicrobia (phylum)",8.20494186046512,"S5"
"a","Arctic Ocean","ChlorophyllA","Chlorophyll a","TARA_B110000438","SAR92 (genus)",0.0726744186046512,"S5"
"a","Arctic Ocean","ChlorophyllA","Chlorophyll a","TARA_B110000438","AEGEAN-169 (genus)",5.28343023255814,"S5"
"a","Arctic Ocean","ChlorophyllA","Chlorophyll a","TARA_B110000438","Piscirickettsiaceae (family)",0.065406976744186,"S5"
"a","Arctic Ocean","ChlorophyllA","Chlorophyll a","TARA_B110000438","Marine (family)",5.37790697674419,"S5"
"a","Arctic Ocean","ChlorophyllA","Chlorophyll a","TARA_B110000438","Marinoscillum (genus)",1.73691860465116,"S5"
"a","Arctic Ocean","ChlorophyllA","Chlorophyll a","TARA_B110000438","NS7 (family)",0.29796511627907,"S5"
"a","Arctic Ocean","ChlorophyllA","Chlorophyll a","TARA_B110000438","SAR86 (family)",5.06540697674419,"S5"
"a","Arctic Ocean","ChlorophyllA","Chlorophyll a","TARA_B110000438","Formosa (genus)",0.0145348837209302,"S5"
"a","Arctic Ocean","ChlorophyllA","Chlorophyll a","TARA_B110000438","NS11-12 (family)",0,"S5"
"a","Arctic Ocean","ChlorophyllA","Chlorophyll a","TARA_B110000438","Flavobacteriaceae (family)",0.0944767441860465,"S5"
"a","Arctic Ocean","ChlorophyllA","Chlorophyll a","TARA_B110000438","Phaeocystis (family)",0.0363372093023256,"S5"
"a","Arctic Ocean","ChlorophyllA","Chlorophyll a","TARA_B110000438","Others",55.1308139534884,"S5"
"a","Arctic Ocean","ChlorophyllA","Chlorophyll a","TARA_B110001454","Chloroplast (class)",0.927027873473223,"S6"
"a","Arctic Ocean","ChlorophyllA","Chlorophyll a","TARA_B110001454","NS9 (family)",1.81647353585969,"S6"
"a","Arctic Ocean","ChlorophyllA","Chlorophyll a","TARA_B110001454","SAR11 (order)",9.58972752896962,"S6"
"a","Arctic Ocean","ChlorophyllA","Chlorophyll a","TARA_B110001454","Cryomorphaceae (family)",0.206702160977138,"S6"
"a","Arctic Ocean","ChlorophyllA","Chlorophyll a","TARA_B110001454","NS5 (genus)",2.46789852803007,"S6"
"a","Arctic Ocean","ChlorophyllA","Chlorophyll a","TARA_B110001454","OM182 (family)",0.363294707171939,"S6"
"a","Arctic Ocean","ChlorophyllA","Chlorophyll a","TARA_B110001454","Polaribacter (genus)",0.76417162543063,"S6"
"a","Arctic Ocean","ChlorophyllA","Chlorophyll a","TARA_B110001454","Marinimicrobia (phylum)",7.96116504854369,"S6"
"a","Arctic Ocean","ChlorophyllA","Chlorophyll a","TARA_B110001454","SAR92 (genus)",0.206702160977138,"S6"
"a","Arctic Ocean","ChlorophyllA","Chlorophyll a","TARA_B110001454","AEGEAN-169 (genus)",2.25493266520514,"S6"
"a","Arctic Ocean","ChlorophyllA","Chlorophyll a","TARA_B110001454","Piscirickettsiaceae (family)",0.0250548073911682,"S6"
"a","Arctic Ocean","ChlorophyllA","Chlorophyll a","TARA_B110001454","Marine (family)",4.99843407453805,"S6"
"a","Arctic Ocean","ChlorophyllA","Chlorophyll a","TARA_B110001454","Marinoscillum (genus)",0.350767303476354,"S6"
"a","Arctic Ocean","ChlorophyllA","Chlorophyll a","TARA_B110001454","NS7 (family)",0.595051675540244,"S6"
"a","Arctic Ocean","ChlorophyllA","Chlorophyll a","TARA_B110001454","SAR86 (family)",3.5389915440025,"S6"
"a","Arctic Ocean","ChlorophyllA","Chlorophyll a","TARA_B110001454","Formosa (genus)",0.0438459129345443,"S6"
"a","Arctic Ocean","ChlorophyllA","Chlorophyll a","TARA_B110001454","NS11-12 (family)",0.0313185092389602,"S6"
"a","Arctic Ocean","ChlorophyllA","Chlorophyll a","TARA_B110001454","Flavobacteriaceae (family)",0.181647353585969,"S6"
"a","Arctic Ocean","ChlorophyllA","Chlorophyll a","TARA_B110001454","Phaeocystis (family)",0.0187911055433761,"S6"
"a","Arctic Ocean","ChlorophyllA","Chlorophyll a","TARA_B110001454","Others",63.6580018791106,"S6"
"a","Arctic Ocean","ChlorophyllA","Chlorophyll a","TARA_B110000467","Chloroplast (class)",1.07885949139481,"S7"
"a","Arctic Ocean","ChlorophyllA","Chlorophyll a","TARA_B110000467","NS9 (family)",4.77138453634729,"S7"
"a","Arctic Ocean","ChlorophyllA","Chlorophyll a","TARA_B110000467","SAR11 (order)",9.87670177241202,"S7"
"a","Arctic Ocean","ChlorophyllA","Chlorophyll a","TARA_B110000467","Cryomorphaceae (family)",1.5990238890316,"S7"
"a","Arctic Ocean","ChlorophyllA","Chlorophyll a","TARA_B110000467","NS5 (genus)",4.04572309273054,"S7"
"a","Arctic Ocean","ChlorophyllA","Chlorophyll a","TARA_B110000467","OM182 (family)",1.5733367582841,"S7"
"a","Arctic Ocean","ChlorophyllA","Chlorophyll a","TARA_B110000467","Polaribacter (genus)",0.417415874646802,"S7"
"a","Arctic Ocean","ChlorophyllA","Chlorophyll a","TARA_B110000467","Marinimicrobia (phylum)",5.4071410223478,"S7"
"a","Arctic Ocean","ChlorophyllA","Chlorophyll a","TARA_B110000467","SAR92 (genus)",0.321089134343694,"S7"
"a","Arctic Ocean","ChlorophyllA","Chlorophyll a","TARA_B110000467","AEGEAN-169 (genus)",3.2943745183663,"S7"
"a","Arctic Ocean","ChlorophyllA","Chlorophyll a","TARA_B110000467","Piscirickettsiaceae (family)",0.263293090161829,"S7"
"a","Arctic Ocean","ChlorophyllA","Chlorophyll a","TARA_B110000467","Marine (family)",3.64757256614436,"S7"
"a","Arctic Ocean","ChlorophyllA","Chlorophyll a","TARA_B110000467","Marinoscillum (genus)",1.3036218854354,"S7"
"a","Arctic Ocean","ChlorophyllA","Chlorophyll a","TARA_B110000467","NS7 (family)",0.603647572566144,"S7"
"a","Arctic Ocean","ChlorophyllA","Chlorophyll a","TARA_B110000467","SAR86 (family)",2.94117647058824,"S7"
"a","Arctic Ocean","ChlorophyllA","Chlorophyll a","TARA_B110000467","Formosa (genus)",0.128435653737478,"S7"
"a","Arctic Ocean","ChlorophyllA","Chlorophyll a","TARA_B110000467","NS11-12 (family)",0.122013871050604,"S7"
"a","Arctic Ocean","ChlorophyllA","Chlorophyll a","TARA_B110000467","Flavobacteriaceae (family)",0.571538659131775,"S7"
"a","Arctic Ocean","ChlorophyllA","Chlorophyll a","TARA_B110000467","Phaeocystis (family)",0.0963267403031081,"S7"
"a","Arctic Ocean","ChlorophyllA","Chlorophyll a","TARA_B110000467","Others",57.9373234009761,"S7"
"a","Arctic Ocean","ChlorophyllA","Chlorophyll a","TARA_B110000914","Chloroplast (class)",0.872319146571841,"S8"
"a","Arctic Ocean","ChlorophyllA","Chlorophyll a","TARA_B110000914","NS9 (family)",7.48972108012001,"S8"
"a","Arctic Ocean","ChlorophyllA","Chlorophyll a","TARA_B110000914","SAR11 (order)",8.23424824980553,"S8"
"a","Arctic Ocean","ChlorophyllA","Chlorophyll a","TARA_B110000914","Cryomorphaceae (family)",3.55039448827648,"S8"
"a","Arctic Ocean","ChlorophyllA","Chlorophyll a","TARA_B110000914","NS5 (genus)",3.01700188909879,"S8"
"a","Arctic Ocean","ChlorophyllA","Chlorophyll a","TARA_B110000914","OM182 (family)",2.98366485165018,"S8"
"a","Arctic Ocean","ChlorophyllA","Chlorophyll a","TARA_B110000914","Polaribacter (genus)",2.21135681742416,"S8"
"a","Arctic Ocean","ChlorophyllA","Chlorophyll a","TARA_B110000914","Marinimicrobia (phylum)",2.84476052894766,"S8"
"a","Arctic Ocean","ChlorophyllA","Chlorophyll a","TARA_B110000914","SAR92 (genus)",1.89465496166241,"S8"
"a","Arctic Ocean","ChlorophyllA","Chlorophyll a","TARA_B110000914","AEGEAN-169 (genus)",0.577841982442494,"S8"
"a","Arctic Ocean","ChlorophyllA","Chlorophyll a","TARA_B110000914","Piscirickettsiaceae (family)",0.43338148683187,"S8"
"a","Arctic Ocean","ChlorophyllA","Chlorophyll a","TARA_B110000914","Marine (family)",5.97288587620847,"S8"
"a","Arctic Ocean","ChlorophyllA","Chlorophyll a","TARA_B110000914","Marinoscillum (genus)",0.700077786420713,"S8"
"a","Arctic Ocean","ChlorophyllA","Chlorophyll a","TARA_B110000914","NS7 (family)",0.538948772085787,"S8"
"a","Arctic Ocean","ChlorophyllA","Chlorophyll a","TARA_B110000914","SAR86 (family)",2.84476052894766,"S8"
"a","Arctic Ocean","ChlorophyllA","Chlorophyll a","TARA_B110000914","Formosa (genus)",0.24447160795644,"S8"
"a","Arctic Ocean","ChlorophyllA","Chlorophyll a","TARA_B110000914","NS11-12 (family)",0.43338148683187,"S8"
"a","Arctic Ocean","ChlorophyllA","Chlorophyll a","TARA_B110000914","Flavobacteriaceae (family)",0.833425936215135,"S8"
"a","Arctic Ocean","ChlorophyllA","Chlorophyll a","TARA_B110000914","Phaeocystis (family)",1.11123458162018,"S8"
"a","Arctic Ocean","ChlorophyllA","Chlorophyll a","TARA_B110000914","Others",53.2114679408823,"S8"
"a","Arctic Ocean","ChlorophyllA","Chlorophyll a","TARA_B110000881","Chloroplast (class)",0.893417684840875,"S9"
"a","Arctic Ocean","ChlorophyllA","Chlorophyll a","TARA_B110000881","NS9 (family)",5.60197034819143,"S9"
"a","Arctic Ocean","ChlorophyllA","Chlorophyll a","TARA_B110000881","SAR11 (order)",10.2863765876274,"S9"
"a","Arctic Ocean","ChlorophyllA","Chlorophyll a","TARA_B110000881","Cryomorphaceae (family)",3.32737721543439,"S9"
"a","Arctic Ocean","ChlorophyllA","Chlorophyll a","TARA_B110000881","NS5 (genus)",4.41396629159222,"S9"
"a","Arctic Ocean","ChlorophyllA","Chlorophyll a","TARA_B110000881","OM182 (family)",2.48225237842276,"S9"
"a","Arctic Ocean","ChlorophyllA","Chlorophyll a","TARA_B110000881","Polaribacter (genus)",2.21664171536195,"S9"
"a","Arctic Ocean","ChlorophyllA","Chlorophyll a","TARA_B110000881","Marinimicrobia (phylum)",2.98932728062974,"S9"
"a","Arctic Ocean","ChlorophyllA","Chlorophyll a","TARA_B110000881","SAR92 (genus)",1.1638576326846,"S9"
"a","Arctic Ocean","ChlorophyllA","Chlorophyll a","TARA_B110000881","AEGEAN-169 (genus)",0.7147341478727,"S9"
"a","Arctic Ocean","ChlorophyllA","Chlorophyll a","TARA_B110000881","Piscirickettsiaceae (family)",0.449123484811899,"S9"
"a","Arctic Ocean","ChlorophyllA","Chlorophyll a","TARA_B110000881","Marine (family)",6.7803158352248,"S9"
"a","Arctic Ocean","ChlorophyllA","Chlorophyll a","TARA_B110000881","Marinoscillum (genus)",1.13971120876998,"S9"
"a","Arctic Ocean","ChlorophyllA","Chlorophyll a","TARA_B110000881","NS7 (family)",0.651953445694693,"S9"
"a","Arctic Ocean","ChlorophyllA","Chlorophyll a","TARA_B110000881","SAR86 (family)",2.33737383493505,"S9"
"a","Arctic Ocean","ChlorophyllA","Chlorophyll a","TARA_B110000881","Formosa (genus)",0.550538465253296,"S9"
"a","Arctic Ocean","ChlorophyllA","Chlorophyll a","TARA_B110000881","NS11-12 (family)",0.415318491331434,"S9"
"a","Arctic Ocean","ChlorophyllA","Chlorophyll a","TARA_B110000881","Flavobacteriaceae (family)",0.7147341478727,"S9"
"a","Arctic Ocean","ChlorophyllA","Chlorophyll a","TARA_B110000881","Phaeocystis (family)",0.140049258704786,"S9"
"a","Arctic Ocean","ChlorophyllA","Chlorophyll a","TARA_B110000881","Others",52.7309605447433,"S9"
"a","Arctic Ocean","ChlorophyllA","Chlorophyll a","TARA_B110000285","Chloroplast (class)",4.73279776458261,"S10"
"a","Arctic Ocean","ChlorophyllA","Chlorophyll a","TARA_B110000285","NS9 (family)",4.49412038654092,"S10"
"a","Arctic Ocean","ChlorophyllA","Chlorophyll a","TARA_B110000285","SAR11 (order)",5.05879613459076,"S10"
"a","Arctic Ocean","ChlorophyllA","Chlorophyll a","TARA_B110000285","Cryomorphaceae (family)",7.21271393643032,"S10"
"a","Arctic Ocean","ChlorophyllA","Chlorophyll a","TARA_B110000285","NS5 (genus)",5.64093608103388,"S10"
"a","Arctic Ocean","ChlorophyllA","Chlorophyll a","TARA_B110000285","OM182 (family)",4.62801257422284,"S10"
"a","Arctic Ocean","ChlorophyllA","Chlorophyll a","TARA_B110000285","Polaribacter (genus)",2.42752357666783,"S10"
"a","Arctic Ocean","ChlorophyllA","Chlorophyll a","TARA_B110000285","Marinimicrobia (phylum)",0.151356386075212,"S10"
"a","Arctic Ocean","ChlorophyllA","Chlorophyll a","TARA_B110000285","SAR92 (genus)",1.08860169984864,"S10"
"a","Arctic Ocean","ChlorophyllA","Chlorophyll a","TARA_B110000285","AEGEAN-169 (genus)",3.17848410757946,"S10"
"a","Arctic Ocean","ChlorophyllA","Chlorophyll a","TARA_B110000285","Piscirickettsiaceae (family)",0.844102922342531,"S10"
"a","Arctic Ocean","ChlorophyllA","Chlorophyll a","TARA_B110000285","Marine (family)",0.0523925951798812,"S10"
"a","Arctic Ocean","ChlorophyllA","Chlorophyll a","TARA_B110000285","Marinoscillum (genus)",1.43788566771452,"S10"
"a","Arctic Ocean","ChlorophyllA","Chlorophyll a","TARA_B110000285","NS7 (family)",1.96763301897776,"S10"
"a","Arctic Ocean","ChlorophyllA","Chlorophyll a","TARA_B110000285","SAR86 (family)",0.0407497962510187,"S10"
"a","Arctic Ocean","ChlorophyllA","Chlorophyll a","TARA_B110000285","Formosa (genus)",0.622889742694144,"S10"
"a","Arctic Ocean","ChlorophyllA","Chlorophyll a","TARA_B110000285","NS11-12 (family)",1.74059843986494,"S10"
"a","Arctic Ocean","ChlorophyllA","Chlorophyll a","TARA_B110000285","Flavobacteriaceae (family)",1.71149144254279,"S10"
"a","Arctic Ocean","ChlorophyllA","Chlorophyll a","TARA_B110000285","Phaeocystis (family)",0.0931423914309,"S10"
"a","Arctic Ocean","ChlorophyllA","Chlorophyll a","TARA_B110000285","Others",52.875771335429,"S10"
"a","Arctic Ocean","ChlorophyllA","Chlorophyll a","TARA_B110000444","Chloroplast (class)",5.90583613205754,"S11"
"a","Arctic Ocean","ChlorophyllA","Chlorophyll a","TARA_B110000444","NS9 (family)",5.98821367467207,"S11"
"a","Arctic Ocean","ChlorophyllA","Chlorophyll a","TARA_B110000444","SAR11 (order)",13.6113047335403,"S11"
"a","Arctic Ocean","ChlorophyllA","Chlorophyll a","TARA_B110000444","Cryomorphaceae (family)",2.20518344845067,"S11"
"a","Arctic Ocean","ChlorophyllA","Chlorophyll a","TARA_B110000444","NS5 (genus)",6.29237690894113,"S11"
"a","Arctic Ocean","ChlorophyllA","Chlorophyll a","TARA_B110000444","OM182 (family)",0.785755021861733,"S11"
"a","Arctic Ocean","ChlorophyllA","Chlorophyll a","TARA_B110000444","Polaribacter (genus)",0.0633673404727204,"S11"
"a","Arctic Ocean","ChlorophyllA","Chlorophyll a","TARA_B110000444","Marinimicrobia (phylum)",4.72086686521767,"S11"
"a","Arctic Ocean","ChlorophyllA","Chlorophyll a","TARA_B110000444","SAR92 (genus)",0.297826500221786,"S11"
"a","Arctic Ocean","ChlorophyllA","Chlorophyll a","TARA_B110000444","AEGEAN-169 (genus)",4.39135669475952,"S11"
"a","Arctic Ocean","ChlorophyllA","Chlorophyll a","TARA_B110000444","Piscirickettsiaceae (family)",0.171091819276345,"S11"
"a","Arctic Ocean","ChlorophyllA","Chlorophyll a","TARA_B110000444","Marine (family)",6.0515810151448,"S11"
"a","Arctic Ocean","ChlorophyllA","Chlorophyll a","TARA_B110000444","Marinoscillum (genus)",0.71605094734174,"S11"
"a","Arctic Ocean","ChlorophyllA","Chlorophyll a","TARA_B110000444","NS7 (family)",1.07724478803625,"S11"
"a","Arctic Ocean","ChlorophyllA","Chlorophyll a","TARA_B110000444","SAR86 (family)",5.73474431278119,"S11"
"a","Arctic Ocean","ChlorophyllA","Chlorophyll a","TARA_B110000444","Formosa (genus)",0.418224447119954,"S11"
"a","Arctic Ocean","ChlorophyllA","Chlorophyll a","TARA_B110000444","NS11-12 (family)",0.00633673404727204,"S11"
"a","Arctic Ocean","ChlorophyllA","Chlorophyll a","TARA_B110000444","Flavobacteriaceae (family)",0.304163234269058,"S11"
"a","Arctic Ocean","ChlorophyllA","Chlorophyll a","TARA_B110000444","Phaeocystis (family)",0.329510170458146,"S11"
"a","Arctic Ocean","ChlorophyllA","Chlorophyll a","TARA_B110000444","Others",40.9289652113301,"S11"
"a","Arctic Ocean","ChlorophyllA","Chlorophyll a","TARA_B110000305","Chloroplast (class)",13.9827876852098,"S12"
"a","Arctic Ocean","ChlorophyllA","Chlorophyll a","TARA_B110000305","NS9 (family)",5.06609883772513,"S12"
"a","Arctic Ocean","ChlorophyllA","Chlorophyll a","TARA_B110000305","SAR11 (order)",5.31008783603939,"S12"
"a","Arctic Ocean","ChlorophyllA","Chlorophyll a","TARA_B110000305","Cryomorphaceae (family)",3.08756986957679,"S12"
"a","Arctic Ocean","ChlorophyllA","Chlorophyll a","TARA_B110000305","NS5 (genus)",7.38621240351344,"S12"
"a","Arctic Ocean","ChlorophyllA","Chlorophyll a","TARA_B110000305","OM182 (family)",3.33599503149676,"S12"
"a","Arctic Ocean","ChlorophyllA","Chlorophyll a","TARA_B110000305","Polaribacter (genus)",1.63694437050838,"S12"
"a","Arctic Ocean","ChlorophyllA","Chlorophyll a","TARA_B110000305","Marinimicrobia (phylum)",0.186318871439979,"S12"
"a","Arctic Ocean","ChlorophyllA","Chlorophyll a","TARA_B110000305","SAR92 (genus)",1.38851920858841,"S12"
"a","Arctic Ocean","ChlorophyllA","Chlorophyll a","TARA_B110000305","AEGEAN-169 (genus)",4.28533404311951,"S12"
"a","Arctic Ocean","ChlorophyllA","Chlorophyll a","TARA_B110000305","Piscirickettsiaceae (family)",0.913849702777038,"S12"
"a","Arctic Ocean","ChlorophyllA","Chlorophyll a","TARA_B110000305","Marine (family)",0.96264750243989,"S12"
"a","Arctic Ocean","ChlorophyllA","Chlorophyll a","TARA_B110000305","Marinoscillum (genus)",1.43288084464555,"S12"
"a","Arctic Ocean","ChlorophyllA","Chlorophyll a","TARA_B110000305","NS7 (family)",1.57483808002839,"S12"
"a","Arctic Ocean","ChlorophyllA","Chlorophyll a","TARA_B110000305","SAR86 (family)",1.37521071777127,"S12"
"a","Arctic Ocean","ChlorophyllA","Chlorophyll a","TARA_B110000305","Formosa (genus)",1.65912518853695,"S12"
"a","Arctic Ocean","ChlorophyllA","Chlorophyll a","TARA_B110000305","NS11-12 (family)",1.84100789637122,"S12"
"a","Arctic Ocean","ChlorophyllA","Chlorophyll a","TARA_B110000305","Flavobacteriaceae (family)",0.802945612634194,"S12"
"a","Arctic Ocean","ChlorophyllA","Chlorophyll a","TARA_B110000305","Phaeocystis (family)",0.696477686097063,"S12"
"a","Arctic Ocean","ChlorophyllA","Chlorophyll a","TARA_B110000305","Others",43.0751486114808,"S12"
"a","Arctic Ocean","ChlorophyllA","Chlorophyll a","TARA_B110000459","Chloroplast (class)",11.9098446110311,"S13"
"a","Arctic Ocean","ChlorophyllA","Chlorophyll a","TARA_B110000459","NS9 (family)",13.0913965149183,"S13"
"a","Arctic Ocean","ChlorophyllA","Chlorophyll a","TARA_B110000459","SAR11 (order)",5.67939234473514,"S13"
"a","Arctic Ocean","ChlorophyllA","Chlorophyll a","TARA_B110000459","Cryomorphaceae (family)",2.34324579258303,"S13"
"a","Arctic Ocean","ChlorophyllA","Chlorophyll a","TARA_B110000459","NS5 (genus)",7.2928560790349,"S13"
"a","Arctic Ocean","ChlorophyllA","Chlorophyll a","TARA_B110000459","OM182 (family)",2.06026907610584,"S13"
"a","Arctic Ocean","ChlorophyllA","Chlorophyll a","TARA_B110000459","Polaribacter (genus)",0.67020801270913,"S13"
"a","Arctic Ocean","ChlorophyllA","Chlorophyll a","TARA_B110000459","Marinimicrobia (phylum)",0.888646179814328,"S13"
"a","Arctic Ocean","ChlorophyllA","Chlorophyll a","TARA_B110000459","SAR92 (genus)",0.699995035496202,"S13"
"a","Arctic Ocean","ChlorophyllA","Chlorophyll a","TARA_B110000459","AEGEAN-169 (genus)",2.77019311919774,"S13"
"a","Arctic Ocean","ChlorophyllA","Chlorophyll a","TARA_B110000459","Piscirickettsiaceae (family)",0.397160303827632,"S13"
"a","Arctic Ocean","ChlorophyllA","Chlorophyll a","TARA_B110000459","Marine (family)",2.63615151665591,"S13"
"a","Arctic Ocean","ChlorophyllA","Chlorophyll a","TARA_B110000459","Marinoscillum (genus)",1.24112594946135,"S13"
"a","Arctic Ocean","ChlorophyllA","Chlorophyll a","TARA_B110000459","NS7 (family)",1.69289579506528,"S13"
"a","Arctic Ocean","ChlorophyllA","Chlorophyll a","TARA_B110000459","SAR86 (family)",2.36806831157226,"S13"
"a","Arctic Ocean","ChlorophyllA","Chlorophyll a","TARA_B110000459","Formosa (genus)",1.35034503301395,"S13"
"a","Arctic Ocean","ChlorophyllA","Chlorophyll a","TARA_B110000459","NS11-12 (family)",0.729782058283275,"S13"
"a","Arctic Ocean","ChlorophyllA","Chlorophyll a","TARA_B110000459","Flavobacteriaceae (family)",0.953184729186318,"S13"
"a","Arctic Ocean","ChlorophyllA","Chlorophyll a","TARA_B110000459","Phaeocystis (family)",0.496450379784541,"S13"
"a","Arctic Ocean","ChlorophyllA","Chlorophyll a","TARA_B110000459","Others",40.7287891575237,"S13"
"a","Arctic Ocean","ChlorophyllA","Chlorophyll a","TARA_B110000211","Chloroplast (class)",1.01960397990346,"S14"
"a","Arctic Ocean","ChlorophyllA","Chlorophyll a","TARA_B110000211","NS9 (family)",13.1908186385578,"S14"
"a","Arctic Ocean","ChlorophyllA","Chlorophyll a","TARA_B110000211","SAR11 (order)",6.52645059600039,"S14"
"a","Arctic Ocean","ChlorophyllA","Chlorophyll a","TARA_B110000211","Cryomorphaceae (family)",3.56615111811644,"S14"
"a","Arctic Ocean","ChlorophyllA","Chlorophyll a","TARA_B110000211","NS5 (genus)",3.80258102649985,"S14"
"a","Arctic Ocean","ChlorophyllA","Chlorophyll a","TARA_B110000211","OM182 (family)",3.17702689390208,"S14"
"a","Arctic Ocean","ChlorophyllA","Chlorophyll a","TARA_B110000211","Polaribacter (genus)",4.74830066003349,"S14"
"a","Arctic Ocean","ChlorophyllA","Chlorophyll a","TARA_B110000211","Marinimicrobia (phylum)",0.403901093488326,"S14"
"a","Arctic Ocean","ChlorophyllA","Chlorophyll a","TARA_B110000211","SAR92 (genus)",1.38410008866122,"S14"
"a","Arctic Ocean","ChlorophyllA","Chlorophyll a","TARA_B110000211","AEGEAN-169 (genus)",0.448231701310216,"S14"
"a","Arctic Ocean","ChlorophyllA","Chlorophyll a","TARA_B110000211","Piscirickettsiaceae (family)",0.246281154566053,"S14"
"a","Arctic Ocean","ChlorophyllA","Chlorophyll a","TARA_B110000211","Marine (family)",1.8027780514235,"S14"
"a","Arctic Ocean","ChlorophyllA","Chlorophyll a","TARA_B110000211","Marinoscillum (genus)",2.25100975273372,"S14"
"a","Arctic Ocean","ChlorophyllA","Chlorophyll a","TARA_B110000211","NS7 (family)",0.088661215643779,"S14"
"a","Arctic Ocean","ChlorophyllA","Chlorophyll a","TARA_B110000211","SAR86 (family)",0.679735986602305,"S14"
"a","Arctic Ocean","ChlorophyllA","Chlorophyll a","TARA_B110000211","Formosa (genus)",0.394049847305684,"S14"
"a","Arctic Ocean","ChlorophyllA","Chlorophyll a","TARA_B110000211","NS11-12 (family)",0.295537385479263,"S14"
"a","Arctic Ocean","ChlorophyllA","Chlorophyll a","TARA_B110000211","Flavobacteriaceae (family)",1.17722391882573,"S14"
"a","Arctic Ocean","ChlorophyllA","Chlorophyll a","TARA_B110000211","Phaeocystis (family)",1.26095951137819,"S14"
"a","Arctic Ocean","ChlorophyllA","Chlorophyll a","TARA_B110000211","Others",53.5365973795685,"S14"
"a","Arctic Ocean","ChlorophyllA","Chlorophyll a","TARA_B110000908","Chloroplast (class)",3.22095689104371,"S15"
"a","Arctic Ocean","ChlorophyllA","Chlorophyll a","TARA_B110000908","NS9 (family)",12.3726838801819,"S15"
"a","Arctic Ocean","ChlorophyllA","Chlorophyll a","TARA_B110000908","SAR11 (order)",0.804299620400647,"S15"
"a","Arctic Ocean","ChlorophyllA","Chlorophyll a","TARA_B110000908","Cryomorphaceae (family)",7.94903596797835,"S15"
"a","Arctic Ocean","ChlorophyllA","Chlorophyll a","TARA_B110000908","NS5 (genus)",2.22121997970459,"S15"
"a","Arctic Ocean","ChlorophyllA","Chlorophyll a","TARA_B110000908","OM182 (family)",6.5922501597324,"S15"
"a","Arctic Ocean","ChlorophyllA","Chlorophyll a","TARA_B110000908","Polaribacter (genus)",5.40835118577818,"S15"
"a","Arctic Ocean","ChlorophyllA","Chlorophyll a","TARA_B110000908","Marinimicrobia (phylum)",0.0526177321757432,"S15"
"a","Arctic Ocean","ChlorophyllA","Chlorophyll a","TARA_B110000908","SAR92 (genus)",3.79223512609464,"S15"
"a","Arctic Ocean","ChlorophyllA","Chlorophyll a","TARA_B110000908","AEGEAN-169 (genus)",0.0638929604991168,"S15"
"a","Arctic Ocean","ChlorophyllA","Chlorophyll a","TARA_B110000908","Piscirickettsiaceae (family)",0.928327131957756,"S15"
"a","Arctic Ocean","ChlorophyllA","Chlorophyll a","TARA_B110000908","Marine (family)",0.511143683992934,"S15"
"a","Arctic Ocean","ChlorophyllA","Chlorophyll a","TARA_B110000908","Marinoscillum (genus)",0.560003006727553,"S15"
"a","Arctic Ocean","ChlorophyllA","Chlorophyll a","TARA_B110000908","NS7 (family)",0.184162062615101,"S15"
"a","Arctic Ocean","ChlorophyllA","Chlorophyll a","TARA_B110000908","SAR86 (family)",0.492351636787312,"S15"
"a","Arctic Ocean","ChlorophyllA","Chlorophyll a","TARA_B110000908","Formosa (genus)",1.84537903559214,"S15"
"a","Arctic Ocean","ChlorophyllA","Chlorophyll a","TARA_B110000908","NS11-12 (family)",2.19491111361672,"S15"
"a","Arctic Ocean","ChlorophyllA","Chlorophyll a","TARA_B110000908","Flavobacteriaceae (family)",2.66471229375728,"S15"
"a","Arctic Ocean","ChlorophyllA","Chlorophyll a","TARA_B110000908","Phaeocystis (family)",0.326981621377833,"S15"
"a","Arctic Ocean","ChlorophyllA","Chlorophyll a","TARA_B110000908","Others",47.8144849099861,"S15"
"a","Arctic Ocean","ChlorophyllA","Chlorophyll a","TARA_B110000037","Chloroplast (class)",4.1951163059831,"S16"
"a","Arctic Ocean","ChlorophyllA","Chlorophyll a","TARA_B110000037","NS9 (family)",1.51024187015392,"S16"
"a","Arctic Ocean","ChlorophyllA","Chlorophyll a","TARA_B110000037","SAR11 (order)",5.71693091077422,"S16"
"a","Arctic Ocean","ChlorophyllA","Chlorophyll a","TARA_B110000037","Cryomorphaceae (family)",13.6847587084828,"S16"
"a","Arctic Ocean","ChlorophyllA","Chlorophyll a","TARA_B110000037","NS5 (genus)",7.28503645411411,"S16"
"a","Arctic Ocean","ChlorophyllA","Chlorophyll a","TARA_B110000037","OM182 (family)",3.25772480037033,"S16"
"a","Arctic Ocean","ChlorophyllA","Chlorophyll a","TARA_B110000037","Polaribacter (genus)",3.44288855456544,"S16"
"a","Arctic Ocean","ChlorophyllA","Chlorophyll a","TARA_B110000037","Marinimicrobia (phylum)",1.38294178914477,"S16"
"a","Arctic Ocean","ChlorophyllA","Chlorophyll a","TARA_B110000037","SAR92 (genus)",1.20935076958685,"S16"
"a","Arctic Ocean","ChlorophyllA","Chlorophyll a","TARA_B110000037","AEGEAN-169 (genus)",0.590209466496933,"S16"
"a","Arctic Ocean","ChlorophyllA","Chlorophyll a","TARA_B110000037","Piscirickettsiaceae (family)",5.82687188982757,"S16"
"a","Arctic Ocean","ChlorophyllA","Chlorophyll a","TARA_B110000037","Marine (family)",0.35296840643444,"S16"
"a","Arctic Ocean","ChlorophyllA","Chlorophyll a","TARA_B110000037","Marinoscillum (genus)",4.07360259229256,"S16"
"a","Arctic Ocean","ChlorophyllA","Chlorophyll a","TARA_B110000037","NS7 (family)",1.5391737067469,"S16"
"a","Arctic Ocean","ChlorophyllA","Chlorophyll a","TARA_B110000037","SAR86 (family)",0.648073139682907,"S16"
"a","Arctic Ocean","ChlorophyllA","Chlorophyll a","TARA_B110000037","Formosa (genus)",2.60965166068742,"S16"
"a","Arctic Ocean","ChlorophyllA","Chlorophyll a","TARA_B110000037","NS11-12 (family)",0.867955097789608,"S16"
"a","Arctic Ocean","ChlorophyllA","Chlorophyll a","TARA_B110000037","Flavobacteriaceae (family)",4.50179377386877,"S16"
"a","Arctic Ocean","ChlorophyllA","Chlorophyll a","TARA_B110000037","Phaeocystis (family)",0.0289318365929869,"S16"
"a","Arctic Ocean","ChlorophyllA","Chlorophyll a","TARA_B110000037","Others",37.2757782664044,"S16"
"a","Arctic Ocean","ChlorophyllA","Chlorophyll a","TARA_B110000091","Chloroplast (class)",3.83705284647149,"S17"
"a","Arctic Ocean","ChlorophyllA","Chlorophyll a","TARA_B110000091","NS9 (family)",12.8520391592818,"S17"
"a","Arctic Ocean","ChlorophyllA","Chlorophyll a","TARA_B110000091","SAR11 (order)",3.73497888924976,"S17"
"a","Arctic Ocean","ChlorophyllA","Chlorophyll a","TARA_B110000091","Cryomorphaceae (family)",5.95276759615831,"S17"
"a","Arctic Ocean","ChlorophyllA","Chlorophyll a","TARA_B110000091","NS5 (genus)",3.35452141233239,"S17"
"a","Arctic Ocean","ChlorophyllA","Chlorophyll a","TARA_B110000091","OM182 (family)",4.4355774138171,"S17"
"a","Arctic Ocean","ChlorophyllA","Chlorophyll a","TARA_B110000091","Polaribacter (genus)",4.83923351737577,"S17"
"a","Arctic Ocean","ChlorophyllA","Chlorophyll a","TARA_B110000091","Marinimicrobia (phylum)",0.927945065652113,"S17"
"a","Arctic Ocean","ChlorophyllA","Chlorophyll a","TARA_B110000091","SAR92 (genus)",3.76745696654758,"S17"
"a","Arctic Ocean","ChlorophyllA","Chlorophyll a","TARA_B110000091","AEGEAN-169 (genus)",1.39655732380643,"S17"
"a","Arctic Ocean","ChlorophyllA","Chlorophyll a","TARA_B110000091","Piscirickettsiaceae (family)",4.8717115946736,"S17"
"a","Arctic Ocean","ChlorophyllA","Chlorophyll a","TARA_B110000091","Marine (family)",0.417575279543451,"S17"
"a","Arctic Ocean","ChlorophyllA","Chlorophyll a","TARA_B110000091","Marinoscillum (genus)",2.34770101609985,"S17"
"a","Arctic Ocean","ChlorophyllA","Chlorophyll a","TARA_B110000091","NS7 (family)",0.0927945065652113,"S17"
"a","Arctic Ocean","ChlorophyllA","Chlorophyll a","TARA_B110000091","SAR86 (family)",1.05785737484341,"S17"
"a","Arctic Ocean","ChlorophyllA","Chlorophyll a","TARA_B110000091","Formosa (genus)",0.436134180856493,"S17"
"a","Arctic Ocean","ChlorophyllA","Chlorophyll a","TARA_B110000091","NS11-12 (family)",1.03001902287385,"S17"
"a","Arctic Ocean","ChlorophyllA","Chlorophyll a","TARA_B110000091","Flavobacteriaceae (family)",2.25490650953464,"S17"
"a","Arctic Ocean","ChlorophyllA","Chlorophyll a","TARA_B110000091","Phaeocystis (family)",0.482531434139099,"S17"
"a","Arctic Ocean","ChlorophyllA","Chlorophyll a","TARA_B110000091","Others",41.9106388901777,"S17"
"a","Arctic Ocean","ChlorophyllA","Chlorophyll a","TARA_B110000967","Chloroplast (class)",11.1025216270937,"S18"
"a","Arctic Ocean","ChlorophyllA","Chlorophyll a","TARA_B110000967","NS9 (family)",8.82385422418553,"S18"
"a","Arctic Ocean","ChlorophyllA","Chlorophyll a","TARA_B110000967","SAR11 (order)",7.77471010491441,"S18"
"a","Arctic Ocean","ChlorophyllA","Chlorophyll a","TARA_B110000967","Cryomorphaceae (family)",4.6788146512056,"S18"
"a","Arctic Ocean","ChlorophyllA","Chlorophyll a","TARA_B110000967","NS5 (genus)",3.68488864347506,"S18"
"a","Arctic Ocean","ChlorophyllA","Chlorophyll a","TARA_B110000967","OM182 (family)",6.47524387999264,"S18"
"a","Arctic Ocean","ChlorophyllA","Chlorophyll a","TARA_B110000967","Polaribacter (genus)",3.25418737345849,"S18"
"a","Arctic Ocean","ChlorophyllA","Chlorophyll a","TARA_B110000967","Marinimicrobia (phylum)",0.577949567458126,"S18"
"a","Arctic Ocean","ChlorophyllA","Chlorophyll a","TARA_B110000967","SAR92 (genus)",3.33149272961531,"S18"
"a","Arctic Ocean","ChlorophyllA","Chlorophyll a","TARA_B110000967","AEGEAN-169 (genus)",0.813546843364623,"S18"
"a","Arctic Ocean","ChlorophyllA","Chlorophyll a","TARA_B110000967","Piscirickettsiaceae (family)",1.09331860850359,"S18"
"a","Arctic Ocean","ChlorophyllA","Chlorophyll a","TARA_B110000967","Marine (family)",1.2074360390208,"S18"
"a","Arctic Ocean","ChlorophyllA","Chlorophyll a","TARA_B110000967","Marinoscillum (genus)",1.98417080802503,"S18"
"a","Arctic Ocean","ChlorophyllA","Chlorophyll a","TARA_B110000967","NS7 (family)",0.504325418737346,"S18"
"a","Arctic Ocean","ChlorophyllA","Chlorophyll a","TARA_B110000967","SAR86 (family)",0.430701270016565,"S18"
"a","Arctic Ocean","ChlorophyllA","Chlorophyll a","TARA_B110000967","Formosa (genus)",3.18056322473771,"S18"
"a","Arctic Ocean","ChlorophyllA","Chlorophyll a","TARA_B110000967","NS11-12 (family)",3.01122768267992,"S18"
"a","Arctic Ocean","ChlorophyllA","Chlorophyll a","TARA_B110000967","Flavobacteriaceae (family)",1.19639241671268,"S18"
"a","Arctic Ocean","ChlorophyllA","Chlorophyll a","TARA_B110000967","Phaeocystis (family)",0.176697956929873,"S18"
"a","Arctic Ocean","ChlorophyllA","Chlorophyll a","TARA_B110000967","Others",36.697956929873,"S18"
"a","Arctic Ocean","ChlorophyllA","Chlorophyll a","TARA_B110000483","Chloroplast (class)",7.89678221669517,"S19"
"a","Arctic Ocean","ChlorophyllA","Chlorophyll a","TARA_B110000483","NS9 (family)",3.96911757085859,"S19"
"a","Arctic Ocean","ChlorophyllA","Chlorophyll a","TARA_B110000483","SAR11 (order)",5.01580392766465,"S19"
"a","Arctic Ocean","ChlorophyllA","Chlorophyll a","TARA_B110000483","Cryomorphaceae (family)",2.61671589201513,"S19"
"a","Arctic Ocean","ChlorophyllA","Chlorophyll a","TARA_B110000483","NS5 (genus)",13.5654697134567,"S19"
"a","Arctic Ocean","ChlorophyllA","Chlorophyll a","TARA_B110000483","OM182 (family)",1.54930307269807,"S19"
"a","Arctic Ocean","ChlorophyllA","Chlorophyll a","TARA_B110000483","Polaribacter (genus)",1.38867298823773,"S19"
"a","Arctic Ocean","ChlorophyllA","Chlorophyll a","TARA_B110000483","Marinimicrobia (phylum)",1.00005181615628,"S19"
"a","Arctic Ocean","ChlorophyllA","Chlorophyll a","TARA_B110000483","SAR92 (genus)",0.595885797191564,"S19"
"a","Arctic Ocean","ChlorophyllA","Chlorophyll a","TARA_B110000483","AEGEAN-169 (genus)",4.34219389605679,"S19"
"a","Arctic Ocean","ChlorophyllA","Chlorophyll a","TARA_B110000483","Piscirickettsiaceae (family)",1.92237939789626,"S19"
"a","Arctic Ocean","ChlorophyllA","Chlorophyll a","TARA_B110000483","Marine (family)",1.95346909166278,"S19"
"a","Arctic Ocean","ChlorophyllA","Chlorophyll a","TARA_B110000483","Marinoscillum (genus)",2.7514378983367,"S19"
"a","Arctic Ocean","ChlorophyllA","Chlorophyll a","TARA_B110000483","NS7 (family)",6.12985128763148,"S19"
"a","Arctic Ocean","ChlorophyllA","Chlorophyll a","TARA_B110000483","SAR86 (family)",1.04668635680605,"S19"
"a","Arctic Ocean","ChlorophyllA","Chlorophyll a","TARA_B110000483","Formosa (genus)",0.782423959790663,"S19"
"a","Arctic Ocean","ChlorophyllA","Chlorophyll a","TARA_B110000483","NS11-12 (family)",0.2849888595264,"S19"
"a","Arctic Ocean","ChlorophyllA","Chlorophyll a","TARA_B110000483","Flavobacteriaceae (family)",0.414529250220219,"S19"
"a","Arctic Ocean","ChlorophyllA","Chlorophyll a","TARA_B110000483","Phaeocystis (family)",1.23322451940515,"S19"
"a","Arctic Ocean","ChlorophyllA","Chlorophyll a","TARA_B110000483","Others",41.5410124876937,"S19"
"a","Arctic Ocean","ChlorophyllA","Chlorophyll a","TARA_B110000093","Chloroplast (class)",9.39070016034206,"S20"
"a","Arctic Ocean","ChlorophyllA","Chlorophyll a","TARA_B110000093","NS9 (family)",16.1143773383218,"S20"
"a","Arctic Ocean","ChlorophyllA","Chlorophyll a","TARA_B110000093","SAR11 (order)",3.90165686798503,"S20"
"a","Arctic Ocean","ChlorophyllA","Chlorophyll a","TARA_B110000093","Cryomorphaceae (family)",5.40352752538749,"S20"
"a","Arctic Ocean","ChlorophyllA","Chlorophyll a","TARA_B110000093","NS5 (genus)",5.42490646712988,"S20"
"a","Arctic Ocean","ChlorophyllA","Chlorophyll a","TARA_B110000093","OM182 (family)",1.64617851416355,"S20"
"a","Arctic Ocean","ChlorophyllA","Chlorophyll a","TARA_B110000093","Polaribacter (genus)",3.30839123463389,"S20"
"a","Arctic Ocean","ChlorophyllA","Chlorophyll a","TARA_B110000093","Marinimicrobia (phylum)",1.309460181721,"S20"
"a","Arctic Ocean","ChlorophyllA","Chlorophyll a","TARA_B110000093","SAR92 (genus)",4.25440940673437,"S20"
"a","Arctic Ocean","ChlorophyllA","Chlorophyll a","TARA_B110000093","AEGEAN-169 (genus)",2.33564938535542,"S20"
"a","Arctic Ocean","ChlorophyllA","Chlorophyll a","TARA_B110000093","Piscirickettsiaceae (family)",5.32335649385355,"S20"
"a","Arctic Ocean","ChlorophyllA","Chlorophyll a","TARA_B110000093","Marine (family)",0.662747194013896,"S20"
"a","Arctic Ocean","ChlorophyllA","Chlorophyll a","TARA_B110000093","Marinoscillum (genus)",1.81721004810262,"S20"
"a","Arctic Ocean","ChlorophyllA","Chlorophyll a","TARA_B110000093","NS7 (family)",0.432923570283271,"S20"
"a","Arctic Ocean","ChlorophyllA","Chlorophyll a","TARA_B110000093","SAR86 (family)",1.19187600213789,"S20"
"a","Arctic Ocean","ChlorophyllA","Chlorophyll a","TARA_B110000093","Formosa (genus)",1.46980224478888,"S20"
"a","Arctic Ocean","ChlorophyllA","Chlorophyll a","TARA_B110000093","NS11-12 (family)",1.41635489043292,"S20"
"a","Arctic Ocean","ChlorophyllA","Chlorophyll a","TARA_B110000093","Flavobacteriaceae (family)",2.27151256012827,"S20"
"a","Arctic Ocean","ChlorophyllA","Chlorophyll a","TARA_B110000093","Phaeocystis (family)",3.47407803313736,"S20"
"a","Arctic Ocean","ChlorophyllA","Chlorophyll a","TARA_B110000093","Others",28.8508818813469,"S20"
"a","Arctic Ocean","ChlorophyllA","Chlorophyll a","TARA_B110000971","Chloroplast (class)",16.7491723159388,"S21"
"a","Arctic Ocean","ChlorophyllA","Chlorophyll a","TARA_B110000971","NS9 (family)",1.17294655525776,"S21"
"a","Arctic Ocean","ChlorophyllA","Chlorophyll a","TARA_B110000971","SAR11 (order)",6.15481633296547,"S21"
"a","Arctic Ocean","ChlorophyllA","Chlorophyll a","TARA_B110000971","Cryomorphaceae (family)",10.4619265331862,"S21"
"a","Arctic Ocean","ChlorophyllA","Chlorophyll a","TARA_B110000971","NS5 (genus)",7.58946870565978,"S21"
"a","Arctic Ocean","ChlorophyllA","Chlorophyll a","TARA_B110000971","OM182 (family)",2.21031057859057,"S21"
"a","Arctic Ocean","ChlorophyllA","Chlorophyll a","TARA_B110000971","Polaribacter (genus)",1.51978559041463,"S21"
"a","Arctic Ocean","ChlorophyllA","Chlorophyll a","TARA_B110000971","Marinimicrobia (phylum)",0.00945924641336907,"S21"
"a","Arctic Ocean","ChlorophyllA","Chlorophyll a","TARA_B110000971","SAR92 (genus)",2.74002837773924,"S21"
"a","Arctic Ocean","ChlorophyllA","Chlorophyll a","TARA_B110000971","AEGEAN-169 (genus)",1.91707393977613,"S21"
"a","Arctic Ocean","ChlorophyllA","Chlorophyll a","TARA_B110000971","Piscirickettsiaceae (family)",1.19501813022229,"S21"
"a","Arctic Ocean","ChlorophyllA","Chlorophyll a","TARA_B110000971","Marine (family)",0.0252246571023175,"S21"
"a","Arctic Ocean","ChlorophyllA","Chlorophyll a","TARA_B110000971","Marinoscillum (genus)",0.980608544852593,"S21"
"a","Arctic Ocean","ChlorophyllA","Chlorophyll a","TARA_B110000971","NS7 (family)",2.61390509222765,"S21"
"a","Arctic Ocean","ChlorophyllA","Chlorophyll a","TARA_B110000971","SAR86 (family)",0.293236638814441,"S21"
"a","Arctic Ocean","ChlorophyllA","Chlorophyll a","TARA_B110000971","Formosa (genus)",2.12202427873246,"S21"
"a","Arctic Ocean","ChlorophyllA","Chlorophyll a","TARA_B110000971","NS11-12 (family)",1.39996846917862,"S21"
"a","Arctic Ocean","ChlorophyllA","Chlorophyll a","TARA_B110000971","Flavobacteriaceae (family)",0.245940406747596,"S21"
"a","Arctic Ocean","ChlorophyllA","Chlorophyll a","TARA_B110000971","Phaeocystis (family)",1.52293867255242,"S21"
"a","Arctic Ocean","ChlorophyllA","Chlorophyll a","TARA_B110000971","Others",39.0761469336276,"S21"
"a","Arctic Ocean","ChlorophyllA","Chlorophyll a","TARA_B110000977","Chloroplast (class)",16.1840284641233,"S22"
"a","Arctic Ocean","ChlorophyllA","Chlorophyll a","TARA_B110000977","NS9 (family)",2.95512947222771,"S22"
"a","Arctic Ocean","ChlorophyllA","Chlorophyll a","TARA_B110000977","SAR11 (order)",1.93714172761415,"S22"
"a","Arctic Ocean","ChlorophyllA","Chlorophyll a","TARA_B110000977","Cryomorphaceae (family)",7.63984977268235,"S22"
"a","Arctic Ocean","ChlorophyllA","Chlorophyll a","TARA_B110000977","NS5 (genus)",6.24629373393951,"S22"
"a","Arctic Ocean","ChlorophyllA","Chlorophyll a","TARA_B110000977","OM182 (family)",3.21703894050208,"S22"
"a","Arctic Ocean","ChlorophyllA","Chlorophyll a","TARA_B110000977","Polaribacter (genus)",3.42953152796995,"S22"
"a","Arctic Ocean","ChlorophyllA","Chlorophyll a","TARA_B110000977","Marinimicrobia (phylum)",0.0098833761612967,"S22"
"a","Arctic Ocean","ChlorophyllA","Chlorophyll a","TARA_B110000977","SAR92 (genus)",1.58134018580747,"S22"
"a","Arctic Ocean","ChlorophyllA","Chlorophyll a","TARA_B110000977","AEGEAN-169 (genus)",0.444751927258351,"S22"
"a","Arctic Ocean","ChlorophyllA","Chlorophyll a","TARA_B110000977","Piscirickettsiaceae (family)",0.504052184226132,"S22"
"a","Arctic Ocean","ChlorophyllA","Chlorophyll a","TARA_B110000977","Marine (family)",0.0098833761612967,"S22"
"a","Arctic Ocean","ChlorophyllA","Chlorophyll a","TARA_B110000977","Marinoscillum (genus)",1.11682150622653,"S22"
"a","Arctic Ocean","ChlorophyllA","Chlorophyll a","TARA_B110000977","NS7 (family)",1.16623838703301,"S22"
"a","Arctic Ocean","ChlorophyllA","Chlorophyll a","TARA_B110000977","SAR86 (family)",0.252026092113066,"S22"
"a","Arctic Ocean","ChlorophyllA","Chlorophyll a","TARA_B110000977","Formosa (genus)",2.90571259142123,"S22"
"a","Arctic Ocean","ChlorophyllA","Chlorophyll a","TARA_B110000977","NS11-12 (family)",1.21071357975885,"S22"
"a","Arctic Ocean","ChlorophyllA","Chlorophyll a","TARA_B110000977","Flavobacteriaceae (family)",0.415101798774461,"S22"
"a","Arctic Ocean","ChlorophyllA","Chlorophyll a","TARA_B110000977","Phaeocystis (family)",0.830203597548923,"S22"
"a","Arctic Ocean","ChlorophyllA","Chlorophyll a","TARA_B110000977","Others",47.9442577584503,"S22"
"a","Arctic Ocean","ChlorophyllA","Chlorophyll a","TARA_B110000240","Chloroplast (class)",27.9893582127629,"S23"
"a","Arctic Ocean","ChlorophyllA","Chlorophyll a","TARA_B110000240","NS9 (family)",13.6083676518824,"S23"
"a","Arctic Ocean","ChlorophyllA","Chlorophyll a","TARA_B110000240","SAR11 (order)",3.52418091038303,"S23"
"a","Arctic Ocean","ChlorophyllA","Chlorophyll a","TARA_B110000240","Cryomorphaceae (family)",1.35937898611465,"S23"
"a","Arctic Ocean","ChlorophyllA","Chlorophyll a","TARA_B110000240","NS5 (genus)",3.77564780057582,"S23"
"a","Arctic Ocean","ChlorophyllA","Chlorophyll a","TARA_B110000240","OM182 (family)",5.48489376435001,"S23"
"a","Arctic Ocean","ChlorophyllA","Chlorophyll a","TARA_B110000240","Polaribacter (genus)",4.16560370275885,"S23"
"a","Arctic Ocean","ChlorophyllA","Chlorophyll a","TARA_B110000240","Marinimicrobia (phylum)",1.26826779401582,"S23"
"a","Arctic Ocean","ChlorophyllA","Chlorophyll a","TARA_B110000240","SAR92 (genus)",0.914756368672328,"S23"
"a","Arctic Ocean","ChlorophyllA","Chlorophyll a","TARA_B110000240","AEGEAN-169 (genus)",1.33386785232698,"S23"
"a","Arctic Ocean","ChlorophyllA","Chlorophyll a","TARA_B110000240","Piscirickettsiaceae (family)",3.09778053136047,"S23"
"a","Arctic Ocean","ChlorophyllA","Chlorophyll a","TARA_B110000240","Marine (family)",1.01680090382303,"S23"
"a","Arctic Ocean","ChlorophyllA","Chlorophyll a","TARA_B110000240","Marinoscillum (genus)",0.317066948503954,"S23"
"a","Arctic Ocean","ChlorophyllA","Chlorophyll a","TARA_B110000240","NS7 (family)",0.0838222967309304,"S23"
"a","Arctic Ocean","ChlorophyllA","Chlorophyll a","TARA_B110000240","SAR86 (family)",1.12977878202558,"S23"
"a","Arctic Ocean","ChlorophyllA","Chlorophyll a","TARA_B110000240","Formosa (genus)",0.89653413025256,"S23"
"a","Arctic Ocean","ChlorophyllA","Chlorophyll a","TARA_B110000240","NS11-12 (family)",4.86898210576187,"S23"
"a","Arctic Ocean","ChlorophyllA","Chlorophyll a","TARA_B110000240","Flavobacteriaceae (family)",1.30471227085535,"S23"
"a","Arctic Ocean","ChlorophyllA","Chlorophyll a","TARA_B110000240","Phaeocystis (family)",0.280622471664419,"S23"
"a","Arctic Ocean","ChlorophyllA","Chlorophyll a","TARA_B110000240","Others",23.5795765151791,"S23"
"a","Arctic Ocean","ChlorophyllA","Chlorophyll a","TARA_B110000902","Chloroplast (class)",13.5949959144572,"S24"
"a","Arctic Ocean","ChlorophyllA","Chlorophyll a","TARA_B110000902","NS9 (family)",9.21642106449522,"S24"
"a","Arctic Ocean","ChlorophyllA","Chlorophyll a","TARA_B110000902","SAR11 (order)",2.64574117381871,"S24"
"a","Arctic Ocean","ChlorophyllA","Chlorophyll a","TARA_B110000902","Cryomorphaceae (family)",10.7689273336902,"S24"
"a","Arctic Ocean","ChlorophyllA","Chlorophyll a","TARA_B110000902","NS5 (genus)",3.93902679552563,"S24"
"a","Arctic Ocean","ChlorophyllA","Chlorophyll a","TARA_B110000902","OM182 (family)",3.69671184243893,"S24"
"a","Arctic Ocean","ChlorophyllA","Chlorophyll a","TARA_B110000902","Polaribacter (genus)",4.71668873798991,"S24"
"a","Arctic Ocean","ChlorophyllA","Chlorophyll a","TARA_B110000902","Marinimicrobia (phylum)",0.211321180017469,"S24"
"a","Arctic Ocean","ChlorophyllA","Chlorophyll a","TARA_B110000902","SAR92 (genus)",4.98154461694514,"S24"
"a","Arctic Ocean","ChlorophyllA","Chlorophyll a","TARA_B110000902","AEGEAN-169 (genus)",0.349384350962216,"S24"
"a","Arctic Ocean","ChlorophyllA","Chlorophyll a","TARA_B110000902","Piscirickettsiaceae (family)",0.484629906173396,"S24"
"a","Arctic Ocean","ChlorophyllA","Chlorophyll a","TARA_B110000902","Marine (family)",1.30173846890761,"S24"
"a","Arctic Ocean","ChlorophyllA","Chlorophyll a","TARA_B110000902","Marinoscillum (genus)",0.870643261671973,"S24"
"a","Arctic Ocean","ChlorophyllA","Chlorophyll a","TARA_B110000902","NS7 (family)",2.0794004113719,"S24"
"a","Arctic Ocean","ChlorophyllA","Chlorophyll a","TARA_B110000902","SAR86 (family)",0.233862105885999,"S24"
"a","Arctic Ocean","ChlorophyllA","Chlorophyll a","TARA_B110000902","Formosa (genus)",1.44261925558592,"S24"
"a","Arctic Ocean","ChlorophyllA","Chlorophyll a","TARA_B110000902","NS11-12 (family)",3.51074920402356,"S24"
"a","Arctic Ocean","ChlorophyllA","Chlorophyll a","TARA_B110000902","Flavobacteriaceae (family)",1.12986390916007,"S24"
"a","Arctic Ocean","ChlorophyllA","Chlorophyll a","TARA_B110000902","Phaeocystis (family)",0.464906596038432,"S24"
"a","Arctic Ocean","ChlorophyllA","Chlorophyll a","TARA_B110000902","Others",34.3608238708405,"S24"
"a","Arctic Ocean","ChlorophyllA","Chlorophyll a","TARA_B110000046","Chloroplast (class)",8.7884015659213,"S25"
"a","Arctic Ocean","ChlorophyllA","Chlorophyll a","TARA_B110000046","NS9 (family)",0.995288965563002,"S25"
"a","Arctic Ocean","ChlorophyllA","Chlorophyll a","TARA_B110000046","SAR11 (order)",3.27118306681707,"S25"
"a","Arctic Ocean","ChlorophyllA","Chlorophyll a","TARA_B110000046","Cryomorphaceae (family)",23.3262557229116,"S25"
"a","Arctic Ocean","ChlorophyllA","Chlorophyll a","TARA_B110000046","NS5 (genus)",8.34383916130317,"S25"
"a","Arctic Ocean","ChlorophyllA","Chlorophyll a","TARA_B110000046","OM182 (family)",0.504279742551921,"S25"
"a","Arctic Ocean","ChlorophyllA","Chlorophyll a","TARA_B110000046","Polaribacter (genus)",3.02567845531153,"S25"
"a","Arctic Ocean","ChlorophyllA","Chlorophyll a","TARA_B110000046","Marinimicrobia (phylum)",1.02514763452989,"S25"
"a","Arctic Ocean","ChlorophyllA","Chlorophyll a","TARA_B110000046","SAR92 (genus)",0.729878574746201,"S25"
"a","Arctic Ocean","ChlorophyllA","Chlorophyll a","TARA_B110000046","AEGEAN-169 (genus)",0.0563997080485701,"S25"
"a","Arctic Ocean","ChlorophyllA","Chlorophyll a","TARA_B110000046","Piscirickettsiaceae (family)",0.812819321876451,"S25"
"a","Arctic Ocean","ChlorophyllA","Chlorophyll a","TARA_B110000046","Marine (family)",0.0829407471302502,"S25"
"a","Arctic Ocean","ChlorophyllA","Chlorophyll a","TARA_B110000046","Marinoscillum (genus)",9.06044721650852,"S25"
"a","Arctic Ocean","ChlorophyllA","Chlorophyll a","TARA_B110000046","NS7 (family)",0.955477406940482,"S25"
"a","Arctic Ocean","ChlorophyllA","Chlorophyll a","TARA_B110000046","SAR86 (family)",0.0696702275894101,"S25"
"a","Arctic Ocean","ChlorophyllA","Chlorophyll a","TARA_B110000046","Formosa (genus)",2.76690332426515,"S25"
"a","Arctic Ocean","ChlorophyllA","Chlorophyll a","TARA_B110000046","NS11-12 (family)",0.26872802070201,"S25"
"a","Arctic Ocean","ChlorophyllA","Chlorophyll a","TARA_B110000046","Flavobacteriaceae (family)",3.6128989449937,"S25"
"a","Arctic Ocean","ChlorophyllA","Chlorophyll a","TARA_B110000046","Phaeocystis (family)",0.0696702275894101,"S25"
"a","Arctic Ocean","ChlorophyllA","Chlorophyll a","TARA_B110000046","Others",32.2340919647004,"S25"
"a","Arctic Ocean","ChlorophyllA","Chlorophyll a","TARA_B110000879","Chloroplast (class)",4.05063291139241,"S26"
"a","Arctic Ocean","ChlorophyllA","Chlorophyll a","TARA_B110000879","NS9 (family)",8.84329986905282,"S26"
"a","Arctic Ocean","ChlorophyllA","Chlorophyll a","TARA_B110000879","SAR11 (order)",1.64993452640768,"S26"
"a","Arctic Ocean","ChlorophyllA","Chlorophyll a","TARA_B110000879","Cryomorphaceae (family)",8.51593190746399,"S26"
"a","Arctic Ocean","ChlorophyllA","Chlorophyll a","TARA_B110000879","NS5 (genus)",10.0742034046268,"S26"
"a","Arctic Ocean","ChlorophyllA","Chlorophyll a","TARA_B110000879","OM182 (family)",4.90178961152335,"S26"
"a","Arctic Ocean","ChlorophyllA","Chlorophyll a","TARA_B110000879","Polaribacter (genus)",4.29070274989088,"S26"
"a","Arctic Ocean","ChlorophyllA","Chlorophyll a","TARA_B110000879","Marinimicrobia (phylum)",0.165866433871672,"S26"
"a","Arctic Ocean","ChlorophyllA","Chlorophyll a","TARA_B110000879","SAR92 (genus)",5.27717154081187,"S26"
"a","Arctic Ocean","ChlorophyllA","Chlorophyll a","TARA_B110000879","AEGEAN-169 (genus)",0.615451767786993,"S26"
"a","Arctic Ocean","ChlorophyllA","Chlorophyll a","TARA_B110000879","Piscirickettsiaceae (family)",0.519423832387604,"S26"
"a","Arctic Ocean","ChlorophyllA","Chlorophyll a","TARA_B110000879","Marine (family)",0.458315146224356,"S26"
"a","Arctic Ocean","ChlorophyllA","Chlorophyll a","TARA_B110000879","Marinoscillum (genus)",1.89873417721519,"S26"
"a","Arctic Ocean","ChlorophyllA","Chlorophyll a","TARA_B110000879","NS7 (family)",2.54910519423832,"S26"
"a","Arctic Ocean","ChlorophyllA","Chlorophyll a","TARA_B110000879","SAR86 (family)",0.30117852466172,"S26"
"a","Arctic Ocean","ChlorophyllA","Chlorophyll a","TARA_B110000879","Formosa (genus)",4.94107376691401,"S26"
"a","Arctic Ocean","ChlorophyllA","Chlorophyll a","TARA_B110000879","NS11-12 (family)",3.58358795285901,"S26"
"a","Arctic Ocean","ChlorophyllA","Chlorophyll a","TARA_B110000879","Flavobacteriaceae (family)",1.81143605412484,"S26"
"a","Arctic Ocean","ChlorophyllA","Chlorophyll a","TARA_B110000879","Phaeocystis (family)",0.0829332169358359,"S26"
"a","Arctic Ocean","ChlorophyllA","Chlorophyll a","TARA_B110000879","Others",35.4692274116106,"S26"
"a","Arctic Ocean","ChlorophyllA","Chlorophyll a","TARA_B110001450","Chloroplast (class)",25.8463609069262,"S27"
"a","Arctic Ocean","ChlorophyllA","Chlorophyll a","TARA_B110001450","NS9 (family)",3.15767677813438,"S27"
"a","Arctic Ocean","ChlorophyllA","Chlorophyll a","TARA_B110001450","SAR11 (order)",9.47820685371156,"S27"
"a","Arctic Ocean","ChlorophyllA","Chlorophyll a","TARA_B110001450","Cryomorphaceae (family)",3.08520550781654,"S27"
"a","Arctic Ocean","ChlorophyllA","Chlorophyll a","TARA_B110001450","NS5 (genus)",1.70825137177762,"S27"
"a","Arctic Ocean","ChlorophyllA","Chlorophyll a","TARA_B110001450","OM182 (family)",0.0207060772336681,"S27"
"a","Arctic Ocean","ChlorophyllA","Chlorophyll a","TARA_B110001450","Polaribacter (genus)",0.471063257065949,"S27"
"a","Arctic Ocean","ChlorophyllA","Chlorophyll a","TARA_B110001450","Marinimicrobia (phylum)",0.43482762190703,"S27"
"a","Arctic Ocean","ChlorophyllA","Chlorophyll a","TARA_B110001450","SAR92 (genus)",2.68661352106843,"S27"
"a","Arctic Ocean","ChlorophyllA","Chlorophyll a","TARA_B110001450","AEGEAN-169 (genus)",1.17506988301066,"S27"
"a","Arctic Ocean","ChlorophyllA","Chlorophyll a","TARA_B110001450","Piscirickettsiaceae (family)",0.00517651930841702,"S27"
"a","Arctic Ocean","ChlorophyllA","Chlorophyll a","TARA_B110001450","Marine (family)",0.517651930841702,"S27"
"a","Arctic Ocean","ChlorophyllA","Chlorophyll a","TARA_B110001450","Marinoscillum (genus)",0.201884253028264,"S27"
"a","Arctic Ocean","ChlorophyllA","Chlorophyll a","TARA_B110001450","NS7 (family)",7.67677813438244,"S27"
"a","Arctic Ocean","ChlorophyllA","Chlorophyll a","TARA_B110001450","SAR86 (family)",1.59436794699244,"S27"
"a","Arctic Ocean","ChlorophyllA","Chlorophyll a","TARA_B110001450","Formosa (genus)",1.7030748524692,"S27"
"a","Arctic Ocean","ChlorophyllA","Chlorophyll a","TARA_B110001450","NS11-12 (family)",0,"S27"
"a","Arctic Ocean","ChlorophyllA","Chlorophyll a","TARA_B110001450","Flavobacteriaceae (family)",0.201884253028264,"S27"
"a","Arctic Ocean","ChlorophyllA","Chlorophyll a","TARA_B110001450","Phaeocystis (family)",0.465886737757532,"S27"
"a","Arctic Ocean","ChlorophyllA","Chlorophyll a","TARA_B110001450","Others",39.5693135935397,"S27"
"a","Arctic Ocean","ChlorophyllA","Chlorophyll a","TARA_B110000503","Chloroplast (class)",10.0443975559365,"S28"
"a","Arctic Ocean","ChlorophyllA","Chlorophyll a","TARA_B110000503","NS9 (family)",1.1824695591015,"S28"
"a","Arctic Ocean","ChlorophyllA","Chlorophyll a","TARA_B110000503","SAR11 (order)",2.43966767770012,"S28"
"a","Arctic Ocean","ChlorophyllA","Chlorophyll a","TARA_B110000503","Cryomorphaceae (family)",7.45966855685964,"S28"
"a","Arctic Ocean","ChlorophyllA","Chlorophyll a","TARA_B110000503","NS5 (genus)",1.35830146380061,"S28"
"a","Arctic Ocean","ChlorophyllA","Chlorophyll a","TARA_B110000503","OM182 (family)",4.83537737922546,"S28"
"a","Arctic Ocean","ChlorophyllA","Chlorophyll a","TARA_B110000503","Polaribacter (genus)",2.94078860609258,"S28"
"a","Arctic Ocean","ChlorophyllA","Chlorophyll a","TARA_B110000503","Marinimicrobia (phylum)",0,"S28"
"a","Arctic Ocean","ChlorophyllA","Chlorophyll a","TARA_B110000503","SAR92 (genus)",7.02888039034683,"S28"
"a","Arctic Ocean","ChlorophyllA","Chlorophyll a","TARA_B110000503","AEGEAN-169 (genus)",0.619807464064354,"S28"
"a","Arctic Ocean","ChlorophyllA","Chlorophyll a","TARA_B110000503","Piscirickettsiaceae (family)",0,"S28"
"a","Arctic Ocean","ChlorophyllA","Chlorophyll a","TARA_B110000503","Marine (family)",0.00439579761747769,"S28"
"a","Arctic Ocean","ChlorophyllA","Chlorophyll a","TARA_B110000503","Marinoscillum (genus)",5.12110422436151,"S28"
"a","Arctic Ocean","ChlorophyllA","Chlorophyll a","TARA_B110000503","NS7 (family)",0.00439579761747769,"S28"
"a","Arctic Ocean","ChlorophyllA","Chlorophyll a","TARA_B110000503","SAR86 (family)",0.17143610708163,"S28"
"a","Arctic Ocean","ChlorophyllA","Chlorophyll a","TARA_B110000503","Formosa (genus)",0.180227702316585,"S28"
"a","Arctic Ocean","ChlorophyllA","Chlorophyll a","TARA_B110000503","NS11-12 (family)",0.5714536902721,"S28"
"a","Arctic Ocean","ChlorophyllA","Chlorophyll a","TARA_B110000503","Flavobacteriaceae (family)",1.44182161853268,"S28"
"a","Arctic Ocean","ChlorophyllA","Chlorophyll a","TARA_B110000503","Phaeocystis (family)",0.259352059431184,"S28"
"a","Arctic Ocean","ChlorophyllA","Chlorophyll a","TARA_B110000503","Others",54.3364543496417,"S28"
"a","Arctic Ocean","ChlorophyllA","Chlorophyll a","TARA_B110000259","Chloroplast (class)",24.043339926047,"S29"
"a","Arctic Ocean","ChlorophyllA","Chlorophyll a","TARA_B110000259","NS9 (family)",3.63315848310259,"S29"
"a","Arctic Ocean","ChlorophyllA","Chlorophyll a","TARA_B110000259","SAR11 (order)",5.00902915125978,"S29"
"a","Arctic Ocean","ChlorophyllA","Chlorophyll a","TARA_B110000259","Cryomorphaceae (family)",4.52747441740476,"S29"
"a","Arctic Ocean","ChlorophyllA","Chlorophyll a","TARA_B110000259","NS5 (genus)",7.43400120388683,"S29"
"a","Arctic Ocean","ChlorophyllA","Chlorophyll a","TARA_B110000259","OM182 (family)",3.22899647433141,"S29"
"a","Arctic Ocean","ChlorophyllA","Chlorophyll a","TARA_B110000259","Polaribacter (genus)",3.0398142574598,"S29"
"a","Arctic Ocean","ChlorophyllA","Chlorophyll a","TARA_B110000259","Marinimicrobia (phylum)",0.0171983833519649,"S29"
"a","Arctic Ocean","ChlorophyllA","Chlorophyll a","TARA_B110000259","SAR92 (genus)",3.05271304497377,"S29"
"a","Arctic Ocean","ChlorophyllA","Chlorophyll a","TARA_B110000259","AEGEAN-169 (genus)",4.74245420930433,"S29"
"a","Arctic Ocean","ChlorophyllA","Chlorophyll a","TARA_B110000259","Piscirickettsiaceae (family)",1.79293146444234,"S29"
"a","Arctic Ocean","ChlorophyllA","Chlorophyll a","TARA_B110000259","Marine (family)",0.0214979791899561,"S29"
"a","Arctic Ocean","ChlorophyllA","Chlorophyll a","TARA_B110000259","Marinoscillum (genus)",1.21248602631353,"S29"
"a","Arctic Ocean","ChlorophyllA","Chlorophyll a","TARA_B110000259","NS7 (family)",0.146186258491702,"S29"
"a","Arctic Ocean","ChlorophyllA","Chlorophyll a","TARA_B110000259","SAR86 (family)",0.288072921145412,"S29"
"a","Arctic Ocean","ChlorophyllA","Chlorophyll a","TARA_B110000259","Formosa (genus)",1.77143348525239,"S29"
"a","Arctic Ocean","ChlorophyllA","Chlorophyll a","TARA_B110000259","NS11-12 (family)",4.07601685441568,"S29"
"a","Arctic Ocean","ChlorophyllA","Chlorophyll a","TARA_B110000259","Flavobacteriaceae (family)",0.507352308882965,"S29"
"a","Arctic Ocean","ChlorophyllA","Chlorophyll a","TARA_B110000259","Phaeocystis (family)",2.26158741078339,"S29"
"a","Arctic Ocean","ChlorophyllA","Chlorophyll a","TARA_B110000259","Others",29.1942557399604,"S29"
"a","Arctic Ocean","ChlorophyllA","Chlorophyll a","TARA_B110000090","Chloroplast (class)",13.3640319805688,"S30"
"a","Arctic Ocean","ChlorophyllA","Chlorophyll a","TARA_B110000090","NS9 (family)",7.73707114664508,"S30"
"a","Arctic Ocean","ChlorophyllA","Chlorophyll a","TARA_B110000090","SAR11 (order)",3.53709138751139,"S30"
"a","Arctic Ocean","ChlorophyllA","Chlorophyll a","TARA_B110000090","Cryomorphaceae (family)",10.7732010930068,"S30"
"a","Arctic Ocean","ChlorophyllA","Chlorophyll a","TARA_B110000090","NS5 (genus)",4.34672603987451,"S30"
"a","Arctic Ocean","ChlorophyllA","Chlorophyll a","TARA_B110000090","OM182 (family)",1.40167999190365,"S30"
"a","Arctic Ocean","ChlorophyllA","Chlorophyll a","TARA_B110000090","Polaribacter (genus)",5.92045339540532,"S30"
"a","Arctic Ocean","ChlorophyllA","Chlorophyll a","TARA_B110000090","Marinimicrobia (phylum)",0.166987147049894,"S30"
"a","Arctic Ocean","ChlorophyllA","Chlorophyll a","TARA_B110000090","SAR92 (genus)",6.55298046756401,"S30"
"a","Arctic Ocean","ChlorophyllA","Chlorophyll a","TARA_B110000090","AEGEAN-169 (genus)",1.45734237425362,"S30"
"a","Arctic Ocean","ChlorophyllA","Chlorophyll a","TARA_B110000090","Piscirickettsiaceae (family)",3.41058597307965,"S30"
"a","Arctic Ocean","ChlorophyllA","Chlorophyll a","TARA_B110000090","Marine (family)",0,"S30"
"a","Arctic Ocean","ChlorophyllA","Chlorophyll a","TARA_B110000090","Marinoscillum (genus)",1.83685861754883,"S30"
"a","Arctic Ocean","ChlorophyllA","Chlorophyll a","TARA_B110000090","NS7 (family)",0.172047363627163,"S30"
"a","Arctic Ocean","ChlorophyllA","Chlorophyll a","TARA_B110000090","SAR86 (family)",0.592045339540532,"S30"
"a","Arctic Ocean","ChlorophyllA","Chlorophyll a","TARA_B110000090","Formosa (genus)",1.14866916304018,"S30"
"a","Arctic Ocean","ChlorophyllA","Chlorophyll a","TARA_B110000090","NS11-12 (family)",3.44094727254326,"S30"
"a","Arctic Ocean","ChlorophyllA","Chlorophyll a","TARA_B110000090","Flavobacteriaceae (family)",3.37010424046149,"S30"
"a","Arctic Ocean","ChlorophyllA","Chlorophyll a","TARA_B110000090","Phaeocystis (family)",0.247950612286206,"S30"
"a","Arctic Ocean","ChlorophyllA","Chlorophyll a","TARA_B110000090","Others",30.5232263940897,"S30"
"a","Arctic Ocean","ChlorophyllA","Chlorophyll a","TARA_B110001469","Chloroplast (class)",8.11086754151527,"S31"
"a","Arctic Ocean","ChlorophyllA","Chlorophyll a","TARA_B110001469","NS9 (family)",5.57640911684334,"S31"
"a","Arctic Ocean","ChlorophyllA","Chlorophyll a","TARA_B110001469","SAR11 (order)",1.41136902795712,"S31"
"a","Arctic Ocean","ChlorophyllA","Chlorophyll a","TARA_B110001469","Cryomorphaceae (family)",2.83775262004144,"S31"
"a","Arctic Ocean","ChlorophyllA","Chlorophyll a","TARA_B110001469","NS5 (genus)",0.30930002102039,"S31"
"a","Arctic Ocean","ChlorophyllA","Chlorophyll a","TARA_B110001469","OM182 (family)",0.579562175310051,"S31"
"a","Arctic Ocean","ChlorophyllA","Chlorophyll a","TARA_B110001469","Polaribacter (genus)",3.04795651782229,"S31"
"a","Arctic Ocean","ChlorophyllA","Chlorophyll a","TARA_B110001469","Marinimicrobia (phylum)",0.0960932104141017,"S31"
"a","Arctic Ocean","ChlorophyllA","Chlorophyll a","TARA_B110001469","SAR92 (genus)",2.82273805591424,"S31"
"a","Arctic Ocean","ChlorophyllA","Chlorophyll a","TARA_B110001469","AEGEAN-169 (genus)",0.189183508002763,"S31"
"a","Arctic Ocean","ChlorophyllA","Chlorophyll a","TARA_B110001469","Piscirickettsiaceae (family)",11.3780366955947,"S31"
"a","Arctic Ocean","ChlorophyllA","Chlorophyll a","TARA_B110001469","Marine (family)",0.0420407795561695,"S31"
"a","Arctic Ocean","ChlorophyllA","Chlorophyll a","TARA_B110001469","Marinoscillum (genus)",0.177171856701,"S31"
"a","Arctic Ocean","ChlorophyllA","Chlorophyll a","TARA_B110001469","NS7 (family)",0.0600582565088135,"S31"
"a","Arctic Ocean","ChlorophyllA","Chlorophyll a","TARA_B110001469","SAR86 (family)",0.240233026035254,"S31"
"a","Arctic Ocean","ChlorophyllA","Chlorophyll a","TARA_B110001469","Formosa (genus)",0.384372841656407,"S31"
"a","Arctic Ocean","ChlorophyllA","Chlorophyll a","TARA_B110001469","NS11-12 (family)",0.0360349539052881,"S31"
"a","Arctic Ocean","ChlorophyllA","Chlorophyll a","TARA_B110001469","Flavobacteriaceae (family)",0.315305846671271,"S31"
"a","Arctic Ocean","ChlorophyllA","Chlorophyll a","TARA_B110001469","Phaeocystis (family)",16.8373322122459,"S31"
"a","Arctic Ocean","ChlorophyllA","Chlorophyll a","TARA_B110001469","Others",45.5481817362842,"S31"
"a","Arctic Ocean","ChlorophyllA","Chlorophyll a","TARA_B110001452","Chloroplast (class)",17.1929991439171,"S32"
"a","Arctic Ocean","ChlorophyllA","Chlorophyll a","TARA_B110001452","NS9 (family)",0.57547797964425,"S32"
"a","Arctic Ocean","ChlorophyllA","Chlorophyll a","TARA_B110001452","SAR11 (order)",12.6557595358128,"S32"
"a","Arctic Ocean","ChlorophyllA","Chlorophyll a","TARA_B110001452","Cryomorphaceae (family)",2.92495006182821,"S32"
"a","Arctic Ocean","ChlorophyllA","Chlorophyll a","TARA_B110001452","NS5 (genus)",3.319699419766,"S32"
"a","Arctic Ocean","ChlorophyllA","Chlorophyll a","TARA_B110001452","OM182 (family)",0.00475601636069628,"S32"
"a","Arctic Ocean","ChlorophyllA","Chlorophyll a","TARA_B110001452","Polaribacter (genus)",0.0523161799676591,"S32"
"a","Arctic Ocean","ChlorophyllA","Chlorophyll a","TARA_B110001452","Marinimicrobia (phylum)",1.17949205745268,"S32"
"a","Arctic Ocean","ChlorophyllA","Chlorophyll a","TARA_B110001452","SAR92 (genus)",0.580233996004946,"S32"
"a","Arctic Ocean","ChlorophyllA","Chlorophyll a","TARA_B110001452","AEGEAN-169 (genus)",0.65157424141539,"S32"
"a","Arctic Ocean","ChlorophyllA","Chlorophyll a","TARA_B110001452","Piscirickettsiaceae (family)",0,"S32"
"a","Arctic Ocean","ChlorophyllA","Chlorophyll a","TARA_B110001452","Marine (family)",4.40407115000476,"S32"
"a","Arctic Ocean","ChlorophyllA","Chlorophyll a","TARA_B110001452","Marinoscillum (genus)",0.57547797964425,"S32"
"a","Arctic Ocean","ChlorophyllA","Chlorophyll a","TARA_B110001452","NS7 (family)",22.8811947113098,"S32"
"a","Arctic Ocean","ChlorophyllA","Chlorophyll a","TARA_B110001452","SAR86 (family)",0.261580899838295,"S32"
"a","Arctic Ocean","ChlorophyllA","Chlorophyll a","TARA_B110001452","Formosa (genus)",0.665842290497479,"S32"
"a","Arctic Ocean","ChlorophyllA","Chlorophyll a","TARA_B110001452","NS11-12 (family)",0,"S32"
"a","Arctic Ocean","ChlorophyllA","Chlorophyll a","TARA_B110001452","Flavobacteriaceae (family)",0.0998763435746219,"S32"
"a","Arctic Ocean","ChlorophyllA","Chlorophyll a","TARA_B110001452","Phaeocystis (family)",0.237800818034814,"S32"
"a","Arctic Ocean","ChlorophyllA","Chlorophyll a","TARA_B110001452","Others",31.7368971749263,"S32"
"a","Arctic Ocean","ChlorophyllA","Chlorophyll a","TARA_B110000261","Chloroplast (class)",38.3819877040837,"S33"
"a","Arctic Ocean","ChlorophyllA","Chlorophyll a","TARA_B110000261","NS9 (family)",4.19364032409104,"S33"
"a","Arctic Ocean","ChlorophyllA","Chlorophyll a","TARA_B110000261","SAR11 (order)",4.05928097390171,"S33"
"a","Arctic Ocean","ChlorophyllA","Chlorophyll a","TARA_B110000261","Cryomorphaceae (family)",2.13753511664834,"S33"
"a","Arctic Ocean","ChlorophyllA","Chlorophyll a","TARA_B110000261","NS5 (genus)",3.85570620088759,"S33"
"a","Arctic Ocean","ChlorophyllA","Chlorophyll a","TARA_B110000261","OM182 (family)",2.87040429949921,"S33"
"a","Arctic Ocean","ChlorophyllA","Chlorophyll a","TARA_B110000261","Polaribacter (genus)",1.25809209722731,"S33"
"a","Arctic Ocean","ChlorophyllA","Chlorophyll a","TARA_B110000261","Marinimicrobia (phylum)",0.0529294409836733,"S33"
"a","Arctic Ocean","ChlorophyllA","Chlorophyll a","TARA_B110000261","SAR92 (genus)",1.54309677944709,"S33"
"a","Arctic Ocean","ChlorophyllA","Chlorophyll a","TARA_B110000261","AEGEAN-169 (genus)",4.05520947844143,"S33"
"a","Arctic Ocean","ChlorophyllA","Chlorophyll a","TARA_B110000261","Piscirickettsiaceae (family)",2.3573958715036,"S33"
"a","Arctic Ocean","ChlorophyllA","Chlorophyll a","TARA_B110000261","Marine (family)",0,"S33"
"a","Arctic Ocean","ChlorophyllA","Chlorophyll a","TARA_B110000261","Marinoscillum (genus)",1.31509303367127,"S33"
"a","Arctic Ocean","ChlorophyllA","Chlorophyll a","TARA_B110000261","NS7 (family)",0.146573836570172,"S33"
"a","Arctic Ocean","ChlorophyllA","Chlorophyll a","TARA_B110000261","SAR86 (family)",0.31757664590204,"S33"
"a","Arctic Ocean","ChlorophyllA","Chlorophyll a","TARA_B110000261","Formosa (genus)",0.679939741867188,"S33"
"a","Arctic Ocean","ChlorophyllA","Chlorophyll a","TARA_B110000261","NS11-12 (family)",1.88917389357111,"S33"
"a","Arctic Ocean","ChlorophyllA","Chlorophyll a","TARA_B110000261","Flavobacteriaceae (family)",0.830585073897643,"S33"
"a","Arctic Ocean","ChlorophyllA","Chlorophyll a","TARA_B110000261","Phaeocystis (family)",2.16603558487032,"S33"
"a","Arctic Ocean","ChlorophyllA","Chlorophyll a","TARA_B110000261","Others",27.8897439029355,"S33"
"a","Arctic Ocean","ChlorophyllA","Chlorophyll a","TARA_B110000858","Chloroplast (class)",0.671000209687566,"S34"
"a","Arctic Ocean","ChlorophyllA","Chlorophyll a","TARA_B110000858","NS9 (family)",5.69301740406794,"S34"
"a","Arctic Ocean","ChlorophyllA","Chlorophyll a","TARA_B110000858","SAR11 (order)",10.6626127070665,"S34"
"a","Arctic Ocean","ChlorophyllA","Chlorophyll a","TARA_B110000858","Cryomorphaceae (family)",4.52925141539107,"S34"
"a","Arctic Ocean","ChlorophyllA","Chlorophyll a","TARA_B110000858","NS5 (genus)",18.221849444328,"S34"
"a","Arctic Ocean","ChlorophyllA","Chlorophyll a","TARA_B110000858","OM182 (family)",1.25812539316419,"S34"
"a","Arctic Ocean","ChlorophyllA","Chlorophyll a","TARA_B110000858","Polaribacter (genus)",1.11134409729503,"S34"
"a","Arctic Ocean","ChlorophyllA","Chlorophyll a","TARA_B110000858","Marinimicrobia (phylum)",9.81337806668065,"S34"
"a","Arctic Ocean","ChlorophyllA","Chlorophyll a","TARA_B110000858","SAR92 (genus)",0.660515831411197,"S34"
"a","Arctic Ocean","ChlorophyllA","Chlorophyll a","TARA_B110000858","AEGEAN-169 (genus)",6.12287691339904,"S34"
"a","Arctic Ocean","ChlorophyllA","Chlorophyll a","TARA_B110000858","Piscirickettsiaceae (family)",1.49926609352065,"S34"
"a","Arctic Ocean","ChlorophyllA","Chlorophyll a","TARA_B110000858","Marine (family)",0.345984483120151,"S34"
"a","Arctic Ocean","ChlorophyllA","Chlorophyll a","TARA_B110000858","Marinoscillum (genus)",4.3195638498637,"S34"
"a","Arctic Ocean","ChlorophyllA","Chlorophyll a","TARA_B110000858","NS7 (family)",3.17676661773957,"S34"
"a","Arctic Ocean","ChlorophyllA","Chlorophyll a","TARA_B110000858","SAR86 (family)",0.733906479345775,"S34"
"a","Arctic Ocean","ChlorophyllA","Chlorophyll a","TARA_B110000858","Formosa (genus)",2.12832879010275,"S34"
"a","Arctic Ocean","ChlorophyllA","Chlorophyll a","TARA_B110000858","NS11-12 (family)",0.828265883833089,"S34"
"a","Arctic Ocean","ChlorophyllA","Chlorophyll a","TARA_B110000858","Flavobacteriaceae (family)",0.754875235898511,"S34"
"a","Arctic Ocean","ChlorophyllA","Chlorophyll a","TARA_B110000858","Phaeocystis (family)",0.0314531348291046,"S34"
"a","Arctic Ocean","ChlorophyllA","Chlorophyll a","TARA_B110000858","Others",27.4376179492556,"S34"
"a","Arctic Ocean","ChlorophyllA","Chlorophyll a","TARA_B110000027","Chloroplast (class)",4.65514967690887,"S35"
"a","Arctic Ocean","ChlorophyllA","Chlorophyll a","TARA_B110000027","NS9 (family)",0.303310035605961,"S35"
"a","Arctic Ocean","ChlorophyllA","Chlorophyll a","TARA_B110000027","SAR11 (order)",8.85533430040881,"S35"
"a","Arctic Ocean","ChlorophyllA","Chlorophyll a","TARA_B110000027","Cryomorphaceae (family)",17.3546089938019,"S35"
"a","Arctic Ocean","ChlorophyllA","Chlorophyll a","TARA_B110000027","NS5 (genus)",15.9303705657392,"S35"
"a","Arctic Ocean","ChlorophyllA","Chlorophyll a","TARA_B110000027","OM182 (family)",0.448371356982725,"S35"
"a","Arctic Ocean","ChlorophyllA","Chlorophyll a","TARA_B110000027","Polaribacter (genus)",3.46169062376368,"S35"
"a","Arctic Ocean","ChlorophyllA","Chlorophyll a","TARA_B110000027","Marinimicrobia (phylum)",0.085718053540815,"S35"
"a","Arctic Ocean","ChlorophyllA","Chlorophyll a","TARA_B110000027","SAR92 (genus)",1.48358169589872,"S35"
"a","Arctic Ocean","ChlorophyllA","Chlorophyll a","TARA_B110000027","AEGEAN-169 (genus)",0.250560464196228,"S35"
"a","Arctic Ocean","ChlorophyllA","Chlorophyll a","TARA_B110000027","Piscirickettsiaceae (family)",3.95621785572992,"S35"
"a","Arctic Ocean","ChlorophyllA","Chlorophyll a","TARA_B110000027","Marine (family)",0,"S35"
"a","Arctic Ocean","ChlorophyllA","Chlorophyll a","TARA_B110000027","Marinoscillum (genus)",9.55426612158776,"S35"
"a","Arctic Ocean","ChlorophyllA","Chlorophyll a","TARA_B110000027","NS7 (family)",1.70776737439008,"S35"
"a","Arctic Ocean","ChlorophyllA","Chlorophyll a","TARA_B110000027","SAR86 (family)",0.125280232098114,"S35"
"a","Arctic Ocean","ChlorophyllA","Chlorophyll a","TARA_B110000027","Formosa (genus)",7.34537781880522,"S35"
"a","Arctic Ocean","ChlorophyllA","Chlorophyll a","TARA_B110000027","NS11-12 (family)",0.270341553474878,"S35"
"a","Arctic Ocean","ChlorophyllA","Chlorophyll a","TARA_B110000027","Flavobacteriaceae (family)",2.87485164183041,"S35"
"a","Arctic Ocean","ChlorophyllA","Chlorophyll a","TARA_B110000027","Phaeocystis (family)",0,"S35"
"a","Arctic Ocean","ChlorophyllA","Chlorophyll a","TARA_B110000027","Others",21.3372016352367,"S35"
"a","Arctic Ocean","ChlorophyllA","Chlorophyll a","TARA_B110000238","Chloroplast (class)",32.1975250718433,"S36"
"a","Arctic Ocean","ChlorophyllA","Chlorophyll a","TARA_B110000238","NS9 (family)",11.5594393290716,"S36"
"a","Arctic Ocean","ChlorophyllA","Chlorophyll a","TARA_B110000238","SAR11 (order)",2.58929095067738,"S36"
"a","Arctic Ocean","ChlorophyllA","Chlorophyll a","TARA_B110000238","Cryomorphaceae (family)",0.712568177819483,"S36"
"a","Arctic Ocean","ChlorophyllA","Chlorophyll a","TARA_B110000238","NS5 (genus)",5.19324379801771,"S36"
"a","Arctic Ocean","ChlorophyllA","Chlorophyll a","TARA_B110000238","OM182 (family)",8.1168259926104,"S36"
"a","Arctic Ocean","ChlorophyllA","Chlorophyll a","TARA_B110000238","Polaribacter (genus)",3.86194358102164,"S36"
"a","Arctic Ocean","ChlorophyllA","Chlorophyll a","TARA_B110000238","Marinimicrobia (phylum)",0.1231599319688,"S36"
"a","Arctic Ocean","ChlorophyllA","Chlorophyll a","TARA_B110000238","SAR92 (genus)",1.20227552636209,"S36"
"a","Arctic Ocean","ChlorophyllA","Chlorophyll a","TARA_B110000238","AEGEAN-169 (genus)",1.14362793971028,"S36"
"a","Arctic Ocean","ChlorophyllA","Chlorophyll a","TARA_B110000238","Piscirickettsiaceae (family)",5.24016186733916,"S36"
"a","Arctic Ocean","ChlorophyllA","Chlorophyll a","TARA_B110000238","Marine (family)",0.038120931323676,"S36"
"a","Arctic Ocean","ChlorophyllA","Chlorophyll a","TARA_B110000238","Marinoscillum (genus)",0.173010380622837,"S36"
"a","Arctic Ocean","ChlorophyllA","Chlorophyll a","TARA_B110000238","NS7 (family)",0.0879713799777139,"S36"
"a","Arctic Ocean","ChlorophyllA","Chlorophyll a","TARA_B110000238","SAR86 (family)",0.331358864582722,"S36"
"a","Arctic Ocean","ChlorophyllA","Chlorophyll a","TARA_B110000238","Formosa (genus)",1.21986980235763,"S36"
"a","Arctic Ocean","ChlorophyllA","Chlorophyll a","TARA_B110000238","NS11-12 (family)",6.51574687701601,"S36"
"a","Arctic Ocean","ChlorophyllA","Chlorophyll a","TARA_B110000238","Flavobacteriaceae (family)",1.32543545833089,"S36"
"a","Arctic Ocean","ChlorophyllA","Chlorophyll a","TARA_B110000238","Phaeocystis (family)",0.284440795261275,"S36"
"a","Arctic Ocean","ChlorophyllA","Chlorophyll a","TARA_B110000238","Others",18.0839833440854,"S36"
"a","Arctic Ocean","ChlorophyllA","Chlorophyll a","TARA_B110000208","Chloroplast (class)",22.7104370540762,"S37"
"a","Arctic Ocean","ChlorophyllA","Chlorophyll a","TARA_B110000208","NS9 (family)",4.05084018870131,"S37"
"a","Arctic Ocean","ChlorophyllA","Chlorophyll a","TARA_B110000208","SAR11 (order)",1.46204530391048,"S37"
"a","Arctic Ocean","ChlorophyllA","Chlorophyll a","TARA_B110000208","Cryomorphaceae (family)",9.39997660727514,"S37"
"a","Arctic Ocean","ChlorophyllA","Chlorophyll a","TARA_B110000208","NS5 (genus)",4.67074739755936,"S37"
"a","Arctic Ocean","ChlorophyllA","Chlorophyll a","TARA_B110000208","OM182 (family)",3.30617178057624,"S37"
"a","Arctic Ocean","ChlorophyllA","Chlorophyll a","TARA_B110000208","Polaribacter (genus)",1.99228040079535,"S37"
"a","Arctic Ocean","ChlorophyllA","Chlorophyll a","TARA_B110000208","Marinimicrobia (phylum)",0.0233927248625677,"S37"
"a","Arctic Ocean","ChlorophyllA","Chlorophyll a","TARA_B110000208","SAR92 (genus)",4.88128192132247,"S37"
"a","Arctic Ocean","ChlorophyllA","Chlorophyll a","TARA_B110000208","AEGEAN-169 (genus)",0.530235096884869,"S37"
"a","Arctic Ocean","ChlorophyllA","Chlorophyll a","TARA_B110000208","Piscirickettsiaceae (family)",8.30441732621155,"S37"
"a","Arctic Ocean","ChlorophyllA","Chlorophyll a","TARA_B110000208","Marine (family)",0,"S37"
"a","Arctic Ocean","ChlorophyllA","Chlorophyll a","TARA_B110000208","Marinoscillum (genus)",1.21252290537643,"S37"
"a","Arctic Ocean","ChlorophyllA","Chlorophyll a","TARA_B110000208","NS7 (family)",0.0584818121564194,"S37"
"a","Arctic Ocean","ChlorophyllA","Chlorophyll a","TARA_B110000208","SAR86 (family)",0.148153924129596,"S37"
"a","Arctic Ocean","ChlorophyllA","Chlorophyll a","TARA_B110000208","Formosa (genus)",0.959101719365277,"S37"
"a","Arctic Ocean","ChlorophyllA","Chlorophyll a","TARA_B110000208","NS11-12 (family)",3.1892081562634,"S37"
"a","Arctic Ocean","ChlorophyllA","Chlorophyll a","TARA_B110000208","Flavobacteriaceae (family)",1.14624351826582,"S37"
"a","Arctic Ocean","ChlorophyllA","Chlorophyll a","TARA_B110000208","Phaeocystis (family)",0.853834457483723,"S37"
"a","Arctic Ocean","ChlorophyllA","Chlorophyll a","TARA_B110000208","Others",31.1006277047838,"S37"
"a","Arctic Ocean","ChlorophyllA","Chlorophyll a","TARA_B110000114","Chloroplast (class)",13.3707969533717,"S38"
"a","Arctic Ocean","ChlorophyllA","Chlorophyll a","TARA_B110000114","NS9 (family)",19.8727475385473,"S38"
"a","Arctic Ocean","ChlorophyllA","Chlorophyll a","TARA_B110000114","SAR11 (order)",3.15344603381014,"S38"
"a","Arctic Ocean","ChlorophyllA","Chlorophyll a","TARA_B110000114","Cryomorphaceae (family)",7.77447519970277,"S38"
"a","Arctic Ocean","ChlorophyllA","Chlorophyll a","TARA_B110000114","NS5 (genus)",5.51272524614527,"S38"
"a","Arctic Ocean","ChlorophyllA","Chlorophyll a","TARA_B110000114","OM182 (family)",0.459780791380271,"S38"
"a","Arctic Ocean","ChlorophyllA","Chlorophyll a","TARA_B110000114","Polaribacter (genus)",8.23890024150102,"S38"
"a","Arctic Ocean","ChlorophyllA","Chlorophyll a","TARA_B110000114","Marinimicrobia (phylum)",0.0464425041798254,"S38"
"a","Arctic Ocean","ChlorophyllA","Chlorophyll a","TARA_B110000114","SAR92 (genus)",4.80215493219394,"S38"
"a","Arctic Ocean","ChlorophyllA","Chlorophyll a","TARA_B110000114","AEGEAN-169 (genus)",2.55898198030838,"S38"
"a","Arctic Ocean","ChlorophyllA","Chlorophyll a","TARA_B110000114","Piscirickettsiaceae (family)",5.70778376370054,"S38"
"a","Arctic Ocean","ChlorophyllA","Chlorophyll a","TARA_B110000114","Marine (family)",0.00464425041798254,"S38"
"a","Arctic Ocean","ChlorophyllA","Chlorophyll a","TARA_B110000114","Marinoscillum (genus)",1.4629388816645,"S38"
"a","Arctic Ocean","ChlorophyllA","Chlorophyll a","TARA_B110000114","NS7 (family)",0.334386030094743,"S38"
"a","Arctic Ocean","ChlorophyllA","Chlorophyll a","TARA_B110000114","SAR86 (family)",0.25543377298904,"S38"
"a","Arctic Ocean","ChlorophyllA","Chlorophyll a","TARA_B110000114","Formosa (genus)",3.38565855470927,"S38"
"a","Arctic Ocean","ChlorophyllA","Chlorophyll a","TARA_B110000114","NS11-12 (family)",1.5418911387702,"S38"
"a","Arctic Ocean","ChlorophyllA","Chlorophyll a","TARA_B110000114","Flavobacteriaceae (family)",2.50789522571057,"S38"
"a","Arctic Ocean","ChlorophyllA","Chlorophyll a","TARA_B110000114","Phaeocystis (family)",1.20750510867546,"S38"
"a","Arctic Ocean","ChlorophyllA","Chlorophyll a","TARA_B110000114","Others",17.8014118521271,"S38"
"a","Arctic Ocean","PO4","Phosphate","TARA_B110000263","Chloroplast (class)",0.467710791675606,"S1"
"a","Arctic Ocean","PO4","Phosphate","TARA_B110000263","NS9 (family)",2.77622827719374,"S1"
"a","Arctic Ocean","PO4","Phosphate","TARA_B110000263","SAR11 (order)",8.75777730100837,"S1"
"a","Arctic Ocean","PO4","Phosphate","TARA_B110000263","Cryomorphaceae (family)",0.493456339841236,"S1"
"a","Arctic Ocean","PO4","Phosphate","TARA_B110000263","NS5 (genus)",2.42008152756919,"S1"
"a","Arctic Ocean","PO4","Phosphate","TARA_B110000263","OM182 (family)",0.699420725166273,"S1"
"a","Arctic Ocean","PO4","Phosphate","TARA_B110000263","Polaribacter (genus)",0.214546234713581,"S1"
"a","Arctic Ocean","PO4","Phosphate","TARA_B110000263","Marinimicrobia (phylum)",11.1006221840807,"S1"
"a","Arctic Ocean","PO4","Phosphate","TARA_B110000263","SAR92 (genus)",0.0986912679682471,"S1"
"a","Arctic Ocean","PO4","Phosphate","TARA_B110000263","AEGEAN-169 (genus)",3.39841235786312,"S1"
"a","Arctic Ocean","PO4","Phosphate","TARA_B110000263","Piscirickettsiaceae (family)",0.0386183222484445,"S1"
"a","Arctic Ocean","PO4","Phosphate","TARA_B110000263","Marine (family)",5.91289422870629,"S1"
"a","Arctic Ocean","PO4","Phosphate","TARA_B110000263","Marinoscillum (genus)",0.793821068440249,"S1"
"a","Arctic Ocean","PO4","Phosphate","TARA_B110000263","NS7 (family)",0.141600514910963,"S1"
"a","Arctic Ocean","PO4","Phosphate","TARA_B110000263","SAR86 (family)",7.06715297146535,"S1"
"a","Arctic Ocean","PO4","Phosphate","TARA_B110000263","Formosa (genus)",0.00429092469427161,"S1"
"a","Arctic Ocean","PO4","Phosphate","TARA_B110000263","NS11-12 (family)",0.00429092469427161,"S1"
"a","Arctic Ocean","PO4","Phosphate","TARA_B110000263","Flavobacteriaceae (family)",0.10727311735679,"S1"
"a","Arctic Ocean","PO4","Phosphate","TARA_B110000263","Phaeocystis (family)",0.0300364728599013,"S1"
"a","Arctic Ocean","PO4","Phosphate","TARA_B110000263","Others",55.4730744475434,"S1"
"a","Arctic Ocean","PO4","Phosphate","TARA_B110000116","Chloroplast (class)",4.12713662383411,"S2"
"a","Arctic Ocean","PO4","Phosphate","TARA_B110000116","NS9 (family)",4.83567511308595,"S2"
"a","Arctic Ocean","PO4","Phosphate","TARA_B110000116","SAR11 (order)",7.22549137344382,"S2"
"a","Arctic Ocean","PO4","Phosphate","TARA_B110000116","Cryomorphaceae (family)",0.908690604859693,"S2"
"a","Arctic Ocean","PO4","Phosphate","TARA_B110000116","NS5 (genus)",1.49713782474681,"S2"
"a","Arctic Ocean","PO4","Phosphate","TARA_B110000116","OM182 (family)",0.744565870061247,"S2"
"a","Arctic Ocean","PO4","Phosphate","TARA_B110000116","Polaribacter (genus)",1.33301308994836,"S2"
"a","Arctic Ocean","PO4","Phosphate","TARA_B110000116","Marinimicrobia (phylum)",9.09090909090909,"S2"
"a","Arctic Ocean","PO4","Phosphate","TARA_B110000116","SAR92 (genus)",0.588447219887114,"S2"
"a","Arctic Ocean","PO4","Phosphate","TARA_B110000116","AEGEAN-169 (genus)",3.16240342660422,"S2"
"a","Arctic Ocean","PO4","Phosphate","TARA_B110000116","Piscirickettsiaceae (family)",0.220167327168648,"S2"
"a","Arctic Ocean","PO4","Phosphate","TARA_B110000116","Marine (family)",4.2872583163204,"S2"
"a","Arctic Ocean","PO4","Phosphate","TARA_B110000116","Marinoscillum (genus)",0.636483727633001,"S2"
"a","Arctic Ocean","PO4","Phosphate","TARA_B110000116","NS7 (family)",0.148112565549818,"S2"
"a","Arctic Ocean","PO4","Phosphate","TARA_B110000116","SAR86 (family)",5.06785156719106,"S2"
"a","Arctic Ocean","PO4","Phosphate","TARA_B110000116","Formosa (genus)",0.0880669308674593,"S2"
"a","Arctic Ocean","PO4","Phosphate","TARA_B110000116","NS11-12 (family)",0.016012169248629,"S2"
"a","Arctic Ocean","PO4","Phosphate","TARA_B110000116","Flavobacteriaceae (family)",0.224170369480805,"S2"
"a","Arctic Ocean","PO4","Phosphate","TARA_B110000116","Phaeocystis (family)",0.432328569712982,"S2"
"a","Arctic Ocean","PO4","Phosphate","TARA_B110000116","Others",55.3660782194468,"S2"
"a","Arctic Ocean","PO4","Phosphate","TARA_B110000196","Chloroplast (class)",1.17777199375325,"S3"
"a","Arctic Ocean","PO4","Phosphate","TARA_B110000196","NS9 (family)",3.20145757418011,"S3"
"a","Arctic Ocean","PO4","Phosphate","TARA_B110000196","SAR11 (order)",7.50910983862572,"S3"
"a","Arctic Ocean","PO4","Phosphate","TARA_B110000196","Cryomorphaceae (family)",0.49453409682457,"S3"
"a","Arctic Ocean","PO4","Phosphate","TARA_B110000196","NS5 (genus)",1.25260281103592,"S3"
"a","Arctic Ocean","PO4","Phosphate","TARA_B110000196","OM182 (family)",0.75481520041645,"S3"
"a","Arctic Ocean","PO4","Phosphate","TARA_B110000196","Polaribacter (genus)",0.263534617386778,"S3"
"a","Arctic Ocean","PO4","Phosphate","TARA_B110000196","Marinimicrobia (phylum)",7.64575741801145,"S3"
"a","Arctic Ocean","PO4","Phosphate","TARA_B110000196","SAR92 (genus)",0.204971369078605,"S3"
"a","Arctic Ocean","PO4","Phosphate","TARA_B110000196","AEGEAN-169 (genus)",2.27095262883915,"S3"
"a","Arctic Ocean","PO4","Phosphate","TARA_B110000196","Piscirickettsiaceae (family)",0.406689224362311,"S3"
"a","Arctic Ocean","PO4","Phosphate","TARA_B110000196","Marine (family)",3.63417490890161,"S3"
"a","Arctic Ocean","PO4","Phosphate","TARA_B110000196","Marinoscillum (genus)",0.270041644976575,"S3"
"a","Arctic Ocean","PO4","Phosphate","TARA_B110000196","NS7 (family)",0.17243623112962,"S3"
"a","Arctic Ocean","PO4","Phosphate","TARA_B110000196","SAR86 (family)",4.50611660593441,"S3"
"a","Arctic Ocean","PO4","Phosphate","TARA_B110000196","Formosa (genus)",0.00325351379489849,"S3"
"a","Arctic Ocean","PO4","Phosphate","TARA_B110000196","NS11-12 (family)",0,"S3"
"a","Arctic Ocean","PO4","Phosphate","TARA_B110000196","Flavobacteriaceae (family)",0.0585632483081728,"S3"
"a","Arctic Ocean","PO4","Phosphate","TARA_B110000196","Phaeocystis (family)",5.09825611660593,"S3"
"a","Arctic Ocean","PO4","Phosphate","TARA_B110000196","Others",61.0749609578345,"S3"
"a","Arctic Ocean","PO4","Phosphate","TARA_B110000495","Chloroplast (class)",0.852462383813485,"S4"
"a","Arctic Ocean","PO4","Phosphate","TARA_B110000495","NS9 (family)",4.66286653314846,"S4"
"a","Arctic Ocean","PO4","Phosphate","TARA_B110000495","SAR11 (order)",8.07785138396754,"S4"
"a","Arctic Ocean","PO4","Phosphate","TARA_B110000495","Cryomorphaceae (family)",2.34170389770451,"S4"
"a","Arctic Ocean","PO4","Phosphate","TARA_B110000495","NS5 (genus)",3.42012016638422,"S4"
"a","Arctic Ocean","PO4","Phosphate","TARA_B110000495","OM182 (family)",1.55600061623787,"S4"
"a","Arctic Ocean","PO4","Phosphate","TARA_B110000495","Polaribacter (genus)",0.821650490422636,"S4"
"a","Arctic Ocean","PO4","Phosphate","TARA_B110000495","Marinimicrobia (phylum)",5.67452369948133,"S4"
"a","Arctic Ocean","PO4","Phosphate","TARA_B110000495","SAR92 (genus)",0.364607405125045,"S4"
"a","Arctic Ocean","PO4","Phosphate","TARA_B110000495","AEGEAN-169 (genus)",2.61387562265701,"S4"
"a","Arctic Ocean","PO4","Phosphate","TARA_B110000495","Piscirickettsiaceae (family)",0.780567965901505,"S4"
"a","Arctic Ocean","PO4","Phosphate","TARA_B110000495","Marine (family)",5.67965901504647,"S4"
"a","Arctic Ocean","PO4","Phosphate","TARA_B110000495","Marinoscillum (genus)",1.39167051815334,"S4"
"a","Arctic Ocean","PO4","Phosphate","TARA_B110000495","NS7 (family)",0.682996970163817,"S4"
"a","Arctic Ocean","PO4","Phosphate","TARA_B110000495","SAR86 (family)",3.85148667385611,"S4"
"a","Arctic Ocean","PO4","Phosphate","TARA_B110000495","Formosa (genus)",0.164330098084527,"S4"
"a","Arctic Ocean","PO4","Phosphate","TARA_B110000495","NS11-12 (family)",0.251630462691932,"S4"
"a","Arctic Ocean","PO4","Phosphate","TARA_B110000495","Flavobacteriaceae (family)",0.811379859292354,"S4"
"a","Arctic Ocean","PO4","Phosphate","TARA_B110000495","Phaeocystis (family)",0.154059466954244,"S4"
"a","Arctic Ocean","PO4","Phosphate","TARA_B110000495","Others",55.8465567709136,"S4"
"a","Arctic Ocean","PO4","Phosphate","TARA_B110000438","Chloroplast (class)",0.356104651162791,"S5"
"a","Arctic Ocean","PO4","Phosphate","TARA_B110000438","NS9 (family)",2.39098837209302,"S5"
"a","Arctic Ocean","PO4","Phosphate","TARA_B110000438","SAR11 (order)",12.7616279069767,"S5"
"a","Arctic Ocean","PO4","Phosphate","TARA_B110000438","Cryomorphaceae (family)",0.864825581395349,"S5"
"a","Arctic Ocean","PO4","Phosphate","TARA_B110000438","NS5 (genus)",1.2281976744186,"S5"
"a","Arctic Ocean","PO4","Phosphate","TARA_B110000438","OM182 (family)",0.813953488372093,"S5"
"a","Arctic Ocean","PO4","Phosphate","TARA_B110000438","Polaribacter (genus)",0.203488372093023,"S5"
"a","Arctic Ocean","PO4","Phosphate","TARA_B110000438","Marinimicrobia (phylum)",8.20494186046512,"S5"
"a","Arctic Ocean","PO4","Phosphate","TARA_B110000438","SAR92 (genus)",0.0726744186046512,"S5"
"a","Arctic Ocean","PO4","Phosphate","TARA_B110000438","AEGEAN-169 (genus)",5.28343023255814,"S5"
"a","Arctic Ocean","PO4","Phosphate","TARA_B110000438","Piscirickettsiaceae (family)",0.065406976744186,"S5"
"a","Arctic Ocean","PO4","Phosphate","TARA_B110000438","Marine (family)",5.37790697674419,"S5"
"a","Arctic Ocean","PO4","Phosphate","TARA_B110000438","Marinoscillum (genus)",1.73691860465116,"S5"
"a","Arctic Ocean","PO4","Phosphate","TARA_B110000438","NS7 (family)",0.29796511627907,"S5"
"a","Arctic Ocean","PO4","Phosphate","TARA_B110000438","SAR86 (family)",5.06540697674419,"S5"
"a","Arctic Ocean","PO4","Phosphate","TARA_B110000438","Formosa (genus)",0.0145348837209302,"S5"
"a","Arctic Ocean","PO4","Phosphate","TARA_B110000438","NS11-12 (family)",0,"S5"
"a","Arctic Ocean","PO4","Phosphate","TARA_B110000438","Flavobacteriaceae (family)",0.0944767441860465,"S5"
"a","Arctic Ocean","PO4","Phosphate","TARA_B110000438","Phaeocystis (family)",0.0363372093023256,"S5"
"a","Arctic Ocean","PO4","Phosphate","TARA_B110000438","Others",55.1308139534884,"S5"
"a","Arctic Ocean","PO4","Phosphate","TARA_B110001454","Chloroplast (class)",0.927027873473223,"S6"
"a","Arctic Ocean","PO4","Phosphate","TARA_B110001454","NS9 (family)",1.81647353585969,"S6"
"a","Arctic Ocean","PO4","Phosphate","TARA_B110001454","SAR11 (order)",9.58972752896962,"S6"
"a","Arctic Ocean","PO4","Phosphate","TARA_B110001454","Cryomorphaceae (family)",0.206702160977138,"S6"
"a","Arctic Ocean","PO4","Phosphate","TARA_B110001454","NS5 (genus)",2.46789852803007,"S6"
"a","Arctic Ocean","PO4","Phosphate","TARA_B110001454","OM182 (family)",0.363294707171939,"S6"
"a","Arctic Ocean","PO4","Phosphate","TARA_B110001454","Polaribacter (genus)",0.76417162543063,"S6"
"a","Arctic Ocean","PO4","Phosphate","TARA_B110001454","Marinimicrobia (phylum)",7.96116504854369,"S6"
"a","Arctic Ocean","PO4","Phosphate","TARA_B110001454","SAR92 (genus)",0.206702160977138,"S6"
"a","Arctic Ocean","PO4","Phosphate","TARA_B110001454","AEGEAN-169 (genus)",2.25493266520514,"S6"
"a","Arctic Ocean","PO4","Phosphate","TARA_B110001454","Piscirickettsiaceae (family)",0.0250548073911682,"S6"
"a","Arctic Ocean","PO4","Phosphate","TARA_B110001454","Marine (family)",4.99843407453805,"S6"
"a","Arctic Ocean","PO4","Phosphate","TARA_B110001454","Marinoscillum (genus)",0.350767303476354,"S6"
"a","Arctic Ocean","PO4","Phosphate","TARA_B110001454","NS7 (family)",0.595051675540244,"S6"
"a","Arctic Ocean","PO4","Phosphate","TARA_B110001454","SAR86 (family)",3.5389915440025,"S6"
"a","Arctic Ocean","PO4","Phosphate","TARA_B110001454","Formosa (genus)",0.0438459129345443,"S6"
"a","Arctic Ocean","PO4","Phosphate","TARA_B110001454","NS11-12 (family)",0.0313185092389602,"S6"
"a","Arctic Ocean","PO4","Phosphate","TARA_B110001454","Flavobacteriaceae (family)",0.181647353585969,"S6"
"a","Arctic Ocean","PO4","Phosphate","TARA_B110001454","Phaeocystis (family)",0.0187911055433761,"S6"
"a","Arctic Ocean","PO4","Phosphate","TARA_B110001454","Others",63.6580018791106,"S6"
"a","Arctic Ocean","PO4","Phosphate","TARA_B110000467","Chloroplast (class)",1.07885949139481,"S7"
"a","Arctic Ocean","PO4","Phosphate","TARA_B110000467","NS9 (family)",4.77138453634729,"S7"
"a","Arctic Ocean","PO4","Phosphate","TARA_B110000467","SAR11 (order)",9.87670177241202,"S7"
"a","Arctic Ocean","PO4","Phosphate","TARA_B110000467","Cryomorphaceae (family)",1.5990238890316,"S7"
"a","Arctic Ocean","PO4","Phosphate","TARA_B110000467","NS5 (genus)",4.04572309273054,"S7"
"a","Arctic Ocean","PO4","Phosphate","TARA_B110000467","OM182 (family)",1.5733367582841,"S7"
"a","Arctic Ocean","PO4","Phosphate","TARA_B110000467","Polaribacter (genus)",0.417415874646802,"S7"
"a","Arctic Ocean","PO4","Phosphate","TARA_B110000467","Marinimicrobia (phylum)",5.4071410223478,"S7"
"a","Arctic Ocean","PO4","Phosphate","TARA_B110000467","SAR92 (genus)",0.321089134343694,"S7"
"a","Arctic Ocean","PO4","Phosphate","TARA_B110000467","AEGEAN-169 (genus)",3.2943745183663,"S7"
"a","Arctic Ocean","PO4","Phosphate","TARA_B110000467","Piscirickettsiaceae (family)",0.263293090161829,"S7"
"a","Arctic Ocean","PO4","Phosphate","TARA_B110000467","Marine (family)",3.64757256614436,"S7"
"a","Arctic Ocean","PO4","Phosphate","TARA_B110000467","Marinoscillum (genus)",1.3036218854354,"S7"
"a","Arctic Ocean","PO4","Phosphate","TARA_B110000467","NS7 (family)",0.603647572566144,"S7"
"a","Arctic Ocean","PO4","Phosphate","TARA_B110000467","SAR86 (family)",2.94117647058824,"S7"
"a","Arctic Ocean","PO4","Phosphate","TARA_B110000467","Formosa (genus)",0.128435653737478,"S7"
"a","Arctic Ocean","PO4","Phosphate","TARA_B110000467","NS11-12 (family)",0.122013871050604,"S7"
"a","Arctic Ocean","PO4","Phosphate","TARA_B110000467","Flavobacteriaceae (family)",0.571538659131775,"S7"
"a","Arctic Ocean","PO4","Phosphate","TARA_B110000467","Phaeocystis (family)",0.0963267403031081,"S7"
"a","Arctic Ocean","PO4","Phosphate","TARA_B110000467","Others",57.9373234009761,"S7"
"a","Arctic Ocean","PO4","Phosphate","TARA_B110000914","Chloroplast (class)",0.872319146571841,"S8"
"a","Arctic Ocean","PO4","Phosphate","TARA_B110000914","NS9 (family)",7.48972108012001,"S8"
"a","Arctic Ocean","PO4","Phosphate","TARA_B110000914","SAR11 (order)",8.23424824980553,"S8"
"a","Arctic Ocean","PO4","Phosphate","TARA_B110000914","Cryomorphaceae (family)",3.55039448827648,"S8"
"a","Arctic Ocean","PO4","Phosphate","TARA_B110000914","NS5 (genus)",3.01700188909879,"S8"
"a","Arctic Ocean","PO4","Phosphate","TARA_B110000914","OM182 (family)",2.98366485165018,"S8"
"a","Arctic Ocean","PO4","Phosphate","TARA_B110000914","Polaribacter (genus)",2.21135681742416,"S8"
"a","Arctic Ocean","PO4","Phosphate","TARA_B110000914","Marinimicrobia (phylum)",2.84476052894766,"S8"
"a","Arctic Ocean","PO4","Phosphate","TARA_B110000914","SAR92 (genus)",1.89465496166241,"S8"
"a","Arctic Ocean","PO4","Phosphate","TARA_B110000914","AEGEAN-169 (genus)",0.577841982442494,"S8"
"a","Arctic Ocean","PO4","Phosphate","TARA_B110000914","Piscirickettsiaceae (family)",0.43338148683187,"S8"
"a","Arctic Ocean","PO4","Phosphate","TARA_B110000914","Marine (family)",5.97288587620847,"S8"
"a","Arctic Ocean","PO4","Phosphate","TARA_B110000914","Marinoscillum (genus)",0.700077786420713,"S8"
"a","Arctic Ocean","PO4","Phosphate","TARA_B110000914","NS7 (family)",0.538948772085787,"S8"
"a","Arctic Ocean","PO4","Phosphate","TARA_B110000914","SAR86 (family)",2.84476052894766,"S8"
"a","Arctic Ocean","PO4","Phosphate","TARA_B110000914","Formosa (genus)",0.24447160795644,"S8"
"a","Arctic Ocean","PO4","Phosphate","TARA_B110000914","NS11-12 (family)",0.43338148683187,"S8"
"a","Arctic Ocean","PO4","Phosphate","TARA_B110000914","Flavobacteriaceae (family)",0.833425936215135,"S8"
"a","Arctic Ocean","PO4","Phosphate","TARA_B110000914","Phaeocystis (family)",1.11123458162018,"S8"
"a","Arctic Ocean","PO4","Phosphate","TARA_B110000914","Others",53.2114679408823,"S8"
"a","Arctic Ocean","PO4","Phosphate","TARA_B110000881","Chloroplast (class)",0.893417684840875,"S9"
"a","Arctic Ocean","PO4","Phosphate","TARA_B110000881","NS9 (family)",5.60197034819143,"S9"
"a","Arctic Ocean","PO4","Phosphate","TARA_B110000881","SAR11 (order)",10.2863765876274,"S9"
"a","Arctic Ocean","PO4","Phosphate","TARA_B110000881","Cryomorphaceae (family)",3.32737721543439,"S9"
"a","Arctic Ocean","PO4","Phosphate","TARA_B110000881","NS5 (genus)",4.41396629159222,"S9"
"a","Arctic Ocean","PO4","Phosphate","TARA_B110000881","OM182 (family)",2.48225237842276,"S9"
"a","Arctic Ocean","PO4","Phosphate","TARA_B110000881","Polaribacter (genus)",2.21664171536195,"S9"
"a","Arctic Ocean","PO4","Phosphate","TARA_B110000881","Marinimicrobia (phylum)",2.98932728062974,"S9"
"a","Arctic Ocean","PO4","Phosphate","TARA_B110000881","SAR92 (genus)",1.1638576326846,"S9"
"a","Arctic Ocean","PO4","Phosphate","TARA_B110000881","AEGEAN-169 (genus)",0.7147341478727,"S9"
"a","Arctic Ocean","PO4","Phosphate","TARA_B110000881","Piscirickettsiaceae (family)",0.449123484811899,"S9"
"a","Arctic Ocean","PO4","Phosphate","TARA_B110000881","Marine (family)",6.7803158352248,"S9"
"a","Arctic Ocean","PO4","Phosphate","TARA_B110000881","Marinoscillum (genus)",1.13971120876998,"S9"
"a","Arctic Ocean","PO4","Phosphate","TARA_B110000881","NS7 (family)",0.651953445694693,"S9"
"a","Arctic Ocean","PO4","Phosphate","TARA_B110000881","SAR86 (family)",2.33737383493505,"S9"
"a","Arctic Ocean","PO4","Phosphate","TARA_B110000881","Formosa (genus)",0.550538465253296,"S9"
"a","Arctic Ocean","PO4","Phosphate","TARA_B110000881","NS11-12 (family)",0.415318491331434,"S9"
"a","Arctic Ocean","PO4","Phosphate","TARA_B110000881","Flavobacteriaceae (family)",0.7147341478727,"S9"
"a","Arctic Ocean","PO4","Phosphate","TARA_B110000881","Phaeocystis (family)",0.140049258704786,"S9"
"a","Arctic Ocean","PO4","Phosphate","TARA_B110000881","Others",52.7309605447433,"S9"
"a","Arctic Ocean","PO4","Phosphate","TARA_B110000285","Chloroplast (class)",4.73279776458261,"S10"
"a","Arctic Ocean","PO4","Phosphate","TARA_B110000285","NS9 (family)",4.49412038654092,"S10"
"a","Arctic Ocean","PO4","Phosphate","TARA_B110000285","SAR11 (order)",5.05879613459076,"S10"
"a","Arctic Ocean","PO4","Phosphate","TARA_B110000285","Cryomorphaceae (family)",7.21271393643032,"S10"
"a","Arctic Ocean","PO4","Phosphate","TARA_B110000285","NS5 (genus)",5.64093608103388,"S10"
"a","Arctic Ocean","PO4","Phosphate","TARA_B110000285","OM182 (family)",4.62801257422284,"S10"
"a","Arctic Ocean","PO4","Phosphate","TARA_B110000285","Polaribacter (genus)",2.42752357666783,"S10"
"a","Arctic Ocean","PO4","Phosphate","TARA_B110000285","Marinimicrobia (phylum)",0.151356386075212,"S10"
"a","Arctic Ocean","PO4","Phosphate","TARA_B110000285","SAR92 (genus)",1.08860169984864,"S10"
"a","Arctic Ocean","PO4","Phosphate","TARA_B110000285","AEGEAN-169 (genus)",3.17848410757946,"S10"
"a","Arctic Ocean","PO4","Phosphate","TARA_B110000285","Piscirickettsiaceae (family)",0.844102922342531,"S10"
"a","Arctic Ocean","PO4","Phosphate","TARA_B110000285","Marine (family)",0.0523925951798812,"S10"
"a","Arctic Ocean","PO4","Phosphate","TARA_B110000285","Marinoscillum (genus)",1.43788566771452,"S10"
"a","Arctic Ocean","PO4","Phosphate","TARA_B110000285","NS7 (family)",1.96763301897776,"S10"
"a","Arctic Ocean","PO4","Phosphate","TARA_B110000285","SAR86 (family)",0.0407497962510187,"S10"
"a","Arctic Ocean","PO4","Phosphate","TARA_B110000285","Formosa (genus)",0.622889742694144,"S10"
"a","Arctic Ocean","PO4","Phosphate","TARA_B110000285","NS11-12 (family)",1.74059843986494,"S10"
"a","Arctic Ocean","PO4","Phosphate","TARA_B110000285","Flavobacteriaceae (family)",1.71149144254279,"S10"
"a","Arctic Ocean","PO4","Phosphate","TARA_B110000285","Phaeocystis (family)",0.0931423914309,"S10"
"a","Arctic Ocean","PO4","Phosphate","TARA_B110000285","Others",52.875771335429,"S10"
"a","Arctic Ocean","PO4","Phosphate","TARA_B110000444","Chloroplast (class)",5.90583613205754,"S11"
"a","Arctic Ocean","PO4","Phosphate","TARA_B110000444","NS9 (family)",5.98821367467207,"S11"
"a","Arctic Ocean","PO4","Phosphate","TARA_B110000444","SAR11 (order)",13.6113047335403,"S11"
"a","Arctic Ocean","PO4","Phosphate","TARA_B110000444","Cryomorphaceae (family)",2.20518344845067,"S11"
"a","Arctic Ocean","PO4","Phosphate","TARA_B110000444","NS5 (genus)",6.29237690894113,"S11"
"a","Arctic Ocean","PO4","Phosphate","TARA_B110000444","OM182 (family)",0.785755021861733,"S11"
"a","Arctic Ocean","PO4","Phosphate","TARA_B110000444","Polaribacter (genus)",0.0633673404727204,"S11"
"a","Arctic Ocean","PO4","Phosphate","TARA_B110000444","Marinimicrobia (phylum)",4.72086686521767,"S11"
"a","Arctic Ocean","PO4","Phosphate","TARA_B110000444","SAR92 (genus)",0.297826500221786,"S11"
"a","Arctic Ocean","PO4","Phosphate","TARA_B110000444","AEGEAN-169 (genus)",4.39135669475952,"S11"
"a","Arctic Ocean","PO4","Phosphate","TARA_B110000444","Piscirickettsiaceae (family)",0.171091819276345,"S11"
"a","Arctic Ocean","PO4","Phosphate","TARA_B110000444","Marine (family)",6.0515810151448,"S11"
"a","Arctic Ocean","PO4","Phosphate","TARA_B110000444","Marinoscillum (genus)",0.71605094734174,"S11"
"a","Arctic Ocean","PO4","Phosphate","TARA_B110000444","NS7 (family)",1.07724478803625,"S11"
"a","Arctic Ocean","PO4","Phosphate","TARA_B110000444","SAR86 (family)",5.73474431278119,"S11"
"a","Arctic Ocean","PO4","Phosphate","TARA_B110000444","Formosa (genus)",0.418224447119954,"S11"
"a","Arctic Ocean","PO4","Phosphate","TARA_B110000444","NS11-12 (family)",0.00633673404727204,"S11"
"a","Arctic Ocean","PO4","Phosphate","TARA_B110000444","Flavobacteriaceae (family)",0.304163234269058,"S11"
"a","Arctic Ocean","PO4","Phosphate","TARA_B110000444","Phaeocystis (family)",0.329510170458146,"S11"
"a","Arctic Ocean","PO4","Phosphate","TARA_B110000444","Others",40.9289652113301,"S11"
"a","Arctic Ocean","PO4","Phosphate","TARA_B110000305","Chloroplast (class)",13.9827876852098,"S12"
"a","Arctic Ocean","PO4","Phosphate","TARA_B110000305","NS9 (family)",5.06609883772513,"S12"
"a","Arctic Ocean","PO4","Phosphate","TARA_B110000305","SAR11 (order)",5.31008783603939,"S12"
"a","Arctic Ocean","PO4","Phosphate","TARA_B110000305","Cryomorphaceae (family)",3.08756986957679,"S12"
"a","Arctic Ocean","PO4","Phosphate","TARA_B110000305","NS5 (genus)",7.38621240351344,"S12"
"a","Arctic Ocean","PO4","Phosphate","TARA_B110000305","OM182 (family)",3.33599503149676,"S12"
"a","Arctic Ocean","PO4","Phosphate","TARA_B110000305","Polaribacter (genus)",1.63694437050838,"S12"
"a","Arctic Ocean","PO4","Phosphate","TARA_B110000305","Marinimicrobia (phylum)",0.186318871439979,"S12"
"a","Arctic Ocean","PO4","Phosphate","TARA_B110000305","SAR92 (genus)",1.38851920858841,"S12"
"a","Arctic Ocean","PO4","Phosphate","TARA_B110000305","AEGEAN-169 (genus)",4.28533404311951,"S12"
"a","Arctic Ocean","PO4","Phosphate","TARA_B110000305","Piscirickettsiaceae (family)",0.913849702777038,"S12"
"a","Arctic Ocean","PO4","Phosphate","TARA_B110000305","Marine (family)",0.96264750243989,"S12"
"a","Arctic Ocean","PO4","Phosphate","TARA_B110000305","Marinoscillum (genus)",1.43288084464555,"S12"
"a","Arctic Ocean","PO4","Phosphate","TARA_B110000305","NS7 (family)",1.57483808002839,"S12"
"a","Arctic Ocean","PO4","Phosphate","TARA_B110000305","SAR86 (family)",1.37521071777127,"S12"
"a","Arctic Ocean","PO4","Phosphate","TARA_B110000305","Formosa (genus)",1.65912518853695,"S12"
"a","Arctic Ocean","PO4","Phosphate","TARA_B110000305","NS11-12 (family)",1.84100789637122,"S12"
"a","Arctic Ocean","PO4","Phosphate","TARA_B110000305","Flavobacteriaceae (family)",0.802945612634194,"S12"
"a","Arctic Ocean","PO4","Phosphate","TARA_B110000305","Phaeocystis (family)",0.696477686097063,"S12"
"a","Arctic Ocean","PO4","Phosphate","TARA_B110000305","Others",43.0751486114808,"S12"
"a","Arctic Ocean","PO4","Phosphate","TARA_B110000459","Chloroplast (class)",11.9098446110311,"S13"
"a","Arctic Ocean","PO4","Phosphate","TARA_B110000459","NS9 (family)",13.0913965149183,"S13"
"a","Arctic Ocean","PO4","Phosphate","TARA_B110000459","SAR11 (order)",5.67939234473514,"S13"
"a","Arctic Ocean","PO4","Phosphate","TARA_B110000459","Cryomorphaceae (family)",2.34324579258303,"S13"
"a","Arctic Ocean","PO4","Phosphate","TARA_B110000459","NS5 (genus)",7.2928560790349,"S13"
"a","Arctic Ocean","PO4","Phosphate","TARA_B110000459","OM182 (family)",2.06026907610584,"S13"
"a","Arctic Ocean","PO4","Phosphate","TARA_B110000459","Polaribacter (genus)",0.67020801270913,"S13"
"a","Arctic Ocean","PO4","Phosphate","TARA_B110000459","Marinimicrobia (phylum)",0.888646179814328,"S13"
"a","Arctic Ocean","PO4","Phosphate","TARA_B110000459","SAR92 (genus)",0.699995035496202,"S13"
"a","Arctic Ocean","PO4","Phosphate","TARA_B110000459","AEGEAN-169 (genus)",2.77019311919774,"S13"
"a","Arctic Ocean","PO4","Phosphate","TARA_B110000459","Piscirickettsiaceae (family)",0.397160303827632,"S13"
"a","Arctic Ocean","PO4","Phosphate","TARA_B110000459","Marine (family)",2.63615151665591,"S13"
"a","Arctic Ocean","PO4","Phosphate","TARA_B110000459","Marinoscillum (genus)",1.24112594946135,"S13"
"a","Arctic Ocean","PO4","Phosphate","TARA_B110000459","NS7 (family)",1.69289579506528,"S13"
"a","Arctic Ocean","PO4","Phosphate","TARA_B110000459","SAR86 (family)",2.36806831157226,"S13"
"a","Arctic Ocean","PO4","Phosphate","TARA_B110000459","Formosa (genus)",1.35034503301395,"S13"
"a","Arctic Ocean","PO4","Phosphate","TARA_B110000459","NS11-12 (family)",0.729782058283275,"S13"
"a","Arctic Ocean","PO4","Phosphate","TARA_B110000459","Flavobacteriaceae (family)",0.953184729186318,"S13"
"a","Arctic Ocean","PO4","Phosphate","TARA_B110000459","Phaeocystis (family)",0.496450379784541,"S13"
"a","Arctic Ocean","PO4","Phosphate","TARA_B110000459","Others",40.7287891575237,"S13"
"a","Arctic Ocean","PO4","Phosphate","TARA_B110000211","Chloroplast (class)",1.01960397990346,"S14"
"a","Arctic Ocean","PO4","Phosphate","TARA_B110000211","NS9 (family)",13.1908186385578,"S14"
"a","Arctic Ocean","PO4","Phosphate","TARA_B110000211","SAR11 (order)",6.52645059600039,"S14"
"a","Arctic Ocean","PO4","Phosphate","TARA_B110000211","Cryomorphaceae (family)",3.56615111811644,"S14"
"a","Arctic Ocean","PO4","Phosphate","TARA_B110000211","NS5 (genus)",3.80258102649985,"S14"
"a","Arctic Ocean","PO4","Phosphate","TARA_B110000211","OM182 (family)",3.17702689390208,"S14"
"a","Arctic Ocean","PO4","Phosphate","TARA_B110000211","Polaribacter (genus)",4.74830066003349,"S14"
"a","Arctic Ocean","PO4","Phosphate","TARA_B110000211","Marinimicrobia (phylum)",0.403901093488326,"S14"
"a","Arctic Ocean","PO4","Phosphate","TARA_B110000211","SAR92 (genus)",1.38410008866122,"S14"
"a","Arctic Ocean","PO4","Phosphate","TARA_B110000211","AEGEAN-169 (genus)",0.448231701310216,"S14"
"a","Arctic Ocean","PO4","Phosphate","TARA_B110000211","Piscirickettsiaceae (family)",0.246281154566053,"S14"
"a","Arctic Ocean","PO4","Phosphate","TARA_B110000211","Marine (family)",1.8027780514235,"S14"
"a","Arctic Ocean","PO4","Phosphate","TARA_B110000211","Marinoscillum (genus)",2.25100975273372,"S14"
"a","Arctic Ocean","PO4","Phosphate","TARA_B110000211","NS7 (family)",0.088661215643779,"S14"
"a","Arctic Ocean","PO4","Phosphate","TARA_B110000211","SAR86 (family)",0.679735986602305,"S14"
"a","Arctic Ocean","PO4","Phosphate","TARA_B110000211","Formosa (genus)",0.394049847305684,"S14"
"a","Arctic Ocean","PO4","Phosphate","TARA_B110000211","NS11-12 (family)",0.295537385479263,"S14"
"a","Arctic Ocean","PO4","Phosphate","TARA_B110000211","Flavobacteriaceae (family)",1.17722391882573,"S14"
"a","Arctic Ocean","PO4","Phosphate","TARA_B110000211","Phaeocystis (family)",1.26095951137819,"S14"
"a","Arctic Ocean","PO4","Phosphate","TARA_B110000211","Others",53.5365973795685,"S14"
"a","Arctic Ocean","PO4","Phosphate","TARA_B110000908","Chloroplast (class)",3.22095689104371,"S15"
"a","Arctic Ocean","PO4","Phosphate","TARA_B110000908","NS9 (family)",12.3726838801819,"S15"
"a","Arctic Ocean","PO4","Phosphate","TARA_B110000908","SAR11 (order)",0.804299620400647,"S15"
"a","Arctic Ocean","PO4","Phosphate","TARA_B110000908","Cryomorphaceae (family)",7.94903596797835,"S15"
"a","Arctic Ocean","PO4","Phosphate","TARA_B110000908","NS5 (genus)",2.22121997970459,"S15"
"a","Arctic Ocean","PO4","Phosphate","TARA_B110000908","OM182 (family)",6.5922501597324,"S15"
"a","Arctic Ocean","PO4","Phosphate","TARA_B110000908","Polaribacter (genus)",5.40835118577818,"S15"
"a","Arctic Ocean","PO4","Phosphate","TARA_B110000908","Marinimicrobia (phylum)",0.0526177321757432,"S15"
"a","Arctic Ocean","PO4","Phosphate","TARA_B110000908","SAR92 (genus)",3.79223512609464,"S15"
"a","Arctic Ocean","PO4","Phosphate","TARA_B110000908","AEGEAN-169 (genus)",0.0638929604991168,"S15"
"a","Arctic Ocean","PO4","Phosphate","TARA_B110000908","Piscirickettsiaceae (family)",0.928327131957756,"S15"
"a","Arctic Ocean","PO4","Phosphate","TARA_B110000908","Marine (family)",0.511143683992934,"S15"
"a","Arctic Ocean","PO4","Phosphate","TARA_B110000908","Marinoscillum (genus)",0.560003006727553,"S15"
"a","Arctic Ocean","PO4","Phosphate","TARA_B110000908","NS7 (family)",0.184162062615101,"S15"
"a","Arctic Ocean","PO4","Phosphate","TARA_B110000908","SAR86 (family)",0.492351636787312,"S15"
"a","Arctic Ocean","PO4","Phosphate","TARA_B110000908","Formosa (genus)",1.84537903559214,"S15"
"a","Arctic Ocean","PO4","Phosphate","TARA_B110000908","NS11-12 (family)",2.19491111361672,"S15"
"a","Arctic Ocean","PO4","Phosphate","TARA_B110000908","Flavobacteriaceae (family)",2.66471229375728,"S15"
"a","Arctic Ocean","PO4","Phosphate","TARA_B110000908","Phaeocystis (family)",0.326981621377833,"S15"
"a","Arctic Ocean","PO4","Phosphate","TARA_B110000908","Others",47.8144849099861,"S15"
"a","Arctic Ocean","PO4","Phosphate","TARA_B110000037","Chloroplast (class)",4.1951163059831,"S16"
"a","Arctic Ocean","PO4","Phosphate","TARA_B110000037","NS9 (family)",1.51024187015392,"S16"
"a","Arctic Ocean","PO4","Phosphate","TARA_B110000037","SAR11 (order)",5.71693091077422,"S16"
"a","Arctic Ocean","PO4","Phosphate","TARA_B110000037","Cryomorphaceae (family)",13.6847587084828,"S16"
"a","Arctic Ocean","PO4","Phosphate","TARA_B110000037","NS5 (genus)",7.28503645411411,"S16"
"a","Arctic Ocean","PO4","Phosphate","TARA_B110000037","OM182 (family)",3.25772480037033,"S16"
"a","Arctic Ocean","PO4","Phosphate","TARA_B110000037","Polaribacter (genus)",3.44288855456544,"S16"
"a","Arctic Ocean","PO4","Phosphate","TARA_B110000037","Marinimicrobia (phylum)",1.38294178914477,"S16"
"a","Arctic Ocean","PO4","Phosphate","TARA_B110000037","SAR92 (genus)",1.20935076958685,"S16"
"a","Arctic Ocean","PO4","Phosphate","TARA_B110000037","AEGEAN-169 (genus)",0.590209466496933,"S16"
"a","Arctic Ocean","PO4","Phosphate","TARA_B110000037","Piscirickettsiaceae (family)",5.82687188982757,"S16"
"a","Arctic Ocean","PO4","Phosphate","TARA_B110000037","Marine (family)",0.35296840643444,"S16"
"a","Arctic Ocean","PO4","Phosphate","TARA_B110000037","Marinoscillum (genus)",4.07360259229256,"S16"
"a","Arctic Ocean","PO4","Phosphate","TARA_B110000037","NS7 (family)",1.5391737067469,"S16"
"a","Arctic Ocean","PO4","Phosphate","TARA_B110000037","SAR86 (family)",0.648073139682907,"S16"
"a","Arctic Ocean","PO4","Phosphate","TARA_B110000037","Formosa (genus)",2.60965166068742,"S16"
"a","Arctic Ocean","PO4","Phosphate","TARA_B110000037","NS11-12 (family)",0.867955097789608,"S16"
"a","Arctic Ocean","PO4","Phosphate","TARA_B110000037","Flavobacteriaceae (family)",4.50179377386877,"S16"
"a","Arctic Ocean","PO4","Phosphate","TARA_B110000037","Phaeocystis (family)",0.0289318365929869,"S16"
"a","Arctic Ocean","PO4","Phosphate","TARA_B110000037","Others",37.2757782664044,"S16"
"a","Arctic Ocean","PO4","Phosphate","TARA_B110000091","Chloroplast (class)",3.83705284647149,"S17"
"a","Arctic Ocean","PO4","Phosphate","TARA_B110000091","NS9 (family)",12.8520391592818,"S17"
"a","Arctic Ocean","PO4","Phosphate","TARA_B110000091","SAR11 (order)",3.73497888924976,"S17"
"a","Arctic Ocean","PO4","Phosphate","TARA_B110000091","Cryomorphaceae (family)",5.95276759615831,"S17"
"a","Arctic Ocean","PO4","Phosphate","TARA_B110000091","NS5 (genus)",3.35452141233239,"S17"
"a","Arctic Ocean","PO4","Phosphate","TARA_B110000091","OM182 (family)",4.4355774138171,"S17"
"a","Arctic Ocean","PO4","Phosphate","TARA_B110000091","Polaribacter (genus)",4.83923351737577,"S17"
"a","Arctic Ocean","PO4","Phosphate","TARA_B110000091","Marinimicrobia (phylum)",0.927945065652113,"S17"
"a","Arctic Ocean","PO4","Phosphate","TARA_B110000091","SAR92 (genus)",3.76745696654758,"S17"
"a","Arctic Ocean","PO4","Phosphate","TARA_B110000091","AEGEAN-169 (genus)",1.39655732380643,"S17"
"a","Arctic Ocean","PO4","Phosphate","TARA_B110000091","Piscirickettsiaceae (family)",4.8717115946736,"S17"
"a","Arctic Ocean","PO4","Phosphate","TARA_B110000091","Marine (family)",0.417575279543451,"S17"
"a","Arctic Ocean","PO4","Phosphate","TARA_B110000091","Marinoscillum (genus)",2.34770101609985,"S17"
"a","Arctic Ocean","PO4","Phosphate","TARA_B110000091","NS7 (family)",0.0927945065652113,"S17"
"a","Arctic Ocean","PO4","Phosphate","TARA_B110000091","SAR86 (family)",1.05785737484341,"S17"
"a","Arctic Ocean","PO4","Phosphate","TARA_B110000091","Formosa (genus)",0.436134180856493,"S17"
"a","Arctic Ocean","PO4","Phosphate","TARA_B110000091","NS11-12 (family)",1.03001902287385,"S17"
"a","Arctic Ocean","PO4","Phosphate","TARA_B110000091","Flavobacteriaceae (family)",2.25490650953464,"S17"
"a","Arctic Ocean","PO4","Phosphate","TARA_B110000091","Phaeocystis (family)",0.482531434139099,"S17"
"a","Arctic Ocean","PO4","Phosphate","TARA_B110000091","Others",41.9106388901777,"S17"
"a","Arctic Ocean","PO4","Phosphate","TARA_B110000967","Chloroplast (class)",11.1025216270937,"S18"
"a","Arctic Ocean","PO4","Phosphate","TARA_B110000967","NS9 (family)",8.82385422418553,"S18"
"a","Arctic Ocean","PO4","Phosphate","TARA_B110000967","SAR11 (order)",7.77471010491441,"S18"
"a","Arctic Ocean","PO4","Phosphate","TARA_B110000967","Cryomorphaceae (family)",4.6788146512056,"S18"
"a","Arctic Ocean","PO4","Phosphate","TARA_B110000967","NS5 (genus)",3.68488864347506,"S18"
"a","Arctic Ocean","PO4","Phosphate","TARA_B110000967","OM182 (family)",6.47524387999264,"S18"
"a","Arctic Ocean","PO4","Phosphate","TARA_B110000967","Polaribacter (genus)",3.25418737345849,"S18"
"a","Arctic Ocean","PO4","Phosphate","TARA_B110000967","Marinimicrobia (phylum)",0.577949567458126,"S18"
"a","Arctic Ocean","PO4","Phosphate","TARA_B110000967","SAR92 (genus)",3.33149272961531,"S18"
"a","Arctic Ocean","PO4","Phosphate","TARA_B110000967","AEGEAN-169 (genus)",0.813546843364623,"S18"
"a","Arctic Ocean","PO4","Phosphate","TARA_B110000967","Piscirickettsiaceae (family)",1.09331860850359,"S18"
"a","Arctic Ocean","PO4","Phosphate","TARA_B110000967","Marine (family)",1.2074360390208,"S18"
"a","Arctic Ocean","PO4","Phosphate","TARA_B110000967","Marinoscillum (genus)",1.98417080802503,"S18"
"a","Arctic Ocean","PO4","Phosphate","TARA_B110000967","NS7 (family)",0.504325418737346,"S18"
"a","Arctic Ocean","PO4","Phosphate","TARA_B110000967","SAR86 (family)",0.430701270016565,"S18"
"a","Arctic Ocean","PO4","Phosphate","TARA_B110000967","Formosa (genus)",3.18056322473771,"S18"
"a","Arctic Ocean","PO4","Phosphate","TARA_B110000967","NS11-12 (family)",3.01122768267992,"S18"
"a","Arctic Ocean","PO4","Phosphate","TARA_B110000967","Flavobacteriaceae (family)",1.19639241671268,"S18"
"a","Arctic Ocean","PO4","Phosphate","TARA_B110000967","Phaeocystis (family)",0.176697956929873,"S18"
"a","Arctic Ocean","PO4","Phosphate","TARA_B110000967","Others",36.697956929873,"S18"
"a","Arctic Ocean","PO4","Phosphate","TARA_B110000483","Chloroplast (class)",7.89678221669517,"S19"
"a","Arctic Ocean","PO4","Phosphate","TARA_B110000483","NS9 (family)",3.96911757085859,"S19"
"a","Arctic Ocean","PO4","Phosphate","TARA_B110000483","SAR11 (order)",5.01580392766465,"S19"
"a","Arctic Ocean","PO4","Phosphate","TARA_B110000483","Cryomorphaceae (family)",2.61671589201513,"S19"
"a","Arctic Ocean","PO4","Phosphate","TARA_B110000483","NS5 (genus)",13.5654697134567,"S19"
"a","Arctic Ocean","PO4","Phosphate","TARA_B110000483","OM182 (family)",1.54930307269807,"S19"
"a","Arctic Ocean","PO4","Phosphate","TARA_B110000483","Polaribacter (genus)",1.38867298823773,"S19"
"a","Arctic Ocean","PO4","Phosphate","TARA_B110000483","Marinimicrobia (phylum)",1.00005181615628,"S19"
"a","Arctic Ocean","PO4","Phosphate","TARA_B110000483","SAR92 (genus)",0.595885797191564,"S19"
"a","Arctic Ocean","PO4","Phosphate","TARA_B110000483","AEGEAN-169 (genus)",4.34219389605679,"S19"
"a","Arctic Ocean","PO4","Phosphate","TARA_B110000483","Piscirickettsiaceae (family)",1.92237939789626,"S19"
"a","Arctic Ocean","PO4","Phosphate","TARA_B110000483","Marine (family)",1.95346909166278,"S19"
"a","Arctic Ocean","PO4","Phosphate","TARA_B110000483","Marinoscillum (genus)",2.7514378983367,"S19"
"a","Arctic Ocean","PO4","Phosphate","TARA_B110000483","NS7 (family)",6.12985128763148,"S19"
"a","Arctic Ocean","PO4","Phosphate","TARA_B110000483","SAR86 (family)",1.04668635680605,"S19"
"a","Arctic Ocean","PO4","Phosphate","TARA_B110000483","Formosa (genus)",0.782423959790663,"S19"
"a","Arctic Ocean","PO4","Phosphate","TARA_B110000483","NS11-12 (family)",0.2849888595264,"S19"
"a","Arctic Ocean","PO4","Phosphate","TARA_B110000483","Flavobacteriaceae (family)",0.414529250220219,"S19"
"a","Arctic Ocean","PO4","Phosphate","TARA_B110000483","Phaeocystis (family)",1.23322451940515,"S19"
"a","Arctic Ocean","PO4","Phosphate","TARA_B110000483","Others",41.5410124876937,"S19"
"a","Arctic Ocean","PO4","Phosphate","TARA_B110000093","Chloroplast (class)",9.39070016034206,"S20"
"a","Arctic Ocean","PO4","Phosphate","TARA_B110000093","NS9 (family)",16.1143773383218,"S20"
"a","Arctic Ocean","PO4","Phosphate","TARA_B110000093","SAR11 (order)",3.90165686798503,"S20"
"a","Arctic Ocean","PO4","Phosphate","TARA_B110000093","Cryomorphaceae (family)",5.40352752538749,"S20"
"a","Arctic Ocean","PO4","Phosphate","TARA_B110000093","NS5 (genus)",5.42490646712988,"S20"
"a","Arctic Ocean","PO4","Phosphate","TARA_B110000093","OM182 (family)",1.64617851416355,"S20"
"a","Arctic Ocean","PO4","Phosphate","TARA_B110000093","Polaribacter (genus)",3.30839123463389,"S20"
"a","Arctic Ocean","PO4","Phosphate","TARA_B110000093","Marinimicrobia (phylum)",1.309460181721,"S20"
"a","Arctic Ocean","PO4","Phosphate","TARA_B110000093","SAR92 (genus)",4.25440940673437,"S20"
"a","Arctic Ocean","PO4","Phosphate","TARA_B110000093","AEGEAN-169 (genus)",2.33564938535542,"S20"
"a","Arctic Ocean","PO4","Phosphate","TARA_B110000093","Piscirickettsiaceae (family)",5.32335649385355,"S20"
"a","Arctic Ocean","PO4","Phosphate","TARA_B110000093","Marine (family)",0.662747194013896,"S20"
"a","Arctic Ocean","PO4","Phosphate","TARA_B110000093","Marinoscillum (genus)",1.81721004810262,"S20"
"a","Arctic Ocean","PO4","Phosphate","TARA_B110000093","NS7 (family)",0.432923570283271,"S20"
"a","Arctic Ocean","PO4","Phosphate","TARA_B110000093","SAR86 (family)",1.19187600213789,"S20"
"a","Arctic Ocean","PO4","Phosphate","TARA_B110000093","Formosa (genus)",1.46980224478888,"S20"
"a","Arctic Ocean","PO4","Phosphate","TARA_B110000093","NS11-12 (family)",1.41635489043292,"S20"
"a","Arctic Ocean","PO4","Phosphate","TARA_B110000093","Flavobacteriaceae (family)",2.27151256012827,"S20"
"a","Arctic Ocean","PO4","Phosphate","TARA_B110000093","Phaeocystis (family)",3.47407803313736,"S20"
"a","Arctic Ocean","PO4","Phosphate","TARA_B110000093","Others",28.8508818813469,"S20"
"a","Arctic Ocean","PO4","Phosphate","TARA_B110000971","Chloroplast (class)",16.7491723159388,"S21"
"a","Arctic Ocean","PO4","Phosphate","TARA_B110000971","NS9 (family)",1.17294655525776,"S21"
"a","Arctic Ocean","PO4","Phosphate","TARA_B110000971","SAR11 (order)",6.15481633296547,"S21"
"a","Arctic Ocean","PO4","Phosphate","TARA_B110000971","Cryomorphaceae (family)",10.4619265331862,"S21"
"a","Arctic Ocean","PO4","Phosphate","TARA_B110000971","NS5 (genus)",7.58946870565978,"S21"
"a","Arctic Ocean","PO4","Phosphate","TARA_B110000971","OM182 (family)",2.21031057859057,"S21"
"a","Arctic Ocean","PO4","Phosphate","TARA_B110000971","Polaribacter (genus)",1.51978559041463,"S21"
"a","Arctic Ocean","PO4","Phosphate","TARA_B110000971","Marinimicrobia (phylum)",0.00945924641336907,"S21"
"a","Arctic Ocean","PO4","Phosphate","TARA_B110000971","SAR92 (genus)",2.74002837773924,"S21"
"a","Arctic Ocean","PO4","Phosphate","TARA_B110000971","AEGEAN-169 (genus)",1.91707393977613,"S21"
"a","Arctic Ocean","PO4","Phosphate","TARA_B110000971","Piscirickettsiaceae (family)",1.19501813022229,"S21"
"a","Arctic Ocean","PO4","Phosphate","TARA_B110000971","Marine (family)",0.0252246571023175,"S21"
"a","Arctic Ocean","PO4","Phosphate","TARA_B110000971","Marinoscillum (genus)",0.980608544852593,"S21"
"a","Arctic Ocean","PO4","Phosphate","TARA_B110000971","NS7 (family)",2.61390509222765,"S21"
"a","Arctic Ocean","PO4","Phosphate","TARA_B110000971","SAR86 (family)",0.293236638814441,"S21"
"a","Arctic Ocean","PO4","Phosphate","TARA_B110000971","Formosa (genus)",2.12202427873246,"S21"
"a","Arctic Ocean","PO4","Phosphate","TARA_B110000971","NS11-12 (family)",1.39996846917862,"S21"
"a","Arctic Ocean","PO4","Phosphate","TARA_B110000971","Flavobacteriaceae (family)",0.245940406747596,"S21"
"a","Arctic Ocean","PO4","Phosphate","TARA_B110000971","Phaeocystis (family)",1.52293867255242,"S21"
"a","Arctic Ocean","PO4","Phosphate","TARA_B110000971","Others",39.0761469336276,"S21"
"a","Arctic Ocean","PO4","Phosphate","TARA_B110000977","Chloroplast (class)",16.1840284641233,"S22"
"a","Arctic Ocean","PO4","Phosphate","TARA_B110000977","NS9 (family)",2.95512947222771,"S22"
"a","Arctic Ocean","PO4","Phosphate","TARA_B110000977","SAR11 (order)",1.93714172761415,"S22"
"a","Arctic Ocean","PO4","Phosphate","TARA_B110000977","Cryomorphaceae (family)",7.63984977268235,"S22"
"a","Arctic Ocean","PO4","Phosphate","TARA_B110000977","NS5 (genus)",6.24629373393951,"S22"
"a","Arctic Ocean","PO4","Phosphate","TARA_B110000977","OM182 (family)",3.21703894050208,"S22"
"a","Arctic Ocean","PO4","Phosphate","TARA_B110000977","Polaribacter (genus)",3.42953152796995,"S22"
"a","Arctic Ocean","PO4","Phosphate","TARA_B110000977","Marinimicrobia (phylum)",0.0098833761612967,"S22"
"a","Arctic Ocean","PO4","Phosphate","TARA_B110000977","SAR92 (genus)",1.58134018580747,"S22"
"a","Arctic Ocean","PO4","Phosphate","TARA_B110000977","AEGEAN-169 (genus)",0.444751927258351,"S22"
"a","Arctic Ocean","PO4","Phosphate","TARA_B110000977","Piscirickettsiaceae (family)",0.504052184226132,"S22"
"a","Arctic Ocean","PO4","Phosphate","TARA_B110000977","Marine (family)",0.0098833761612967,"S22"
"a","Arctic Ocean","PO4","Phosphate","TARA_B110000977","Marinoscillum (genus)",1.11682150622653,"S22"
"a","Arctic Ocean","PO4","Phosphate","TARA_B110000977","NS7 (family)",1.16623838703301,"S22"
"a","Arctic Ocean","PO4","Phosphate","TARA_B110000977","SAR86 (family)",0.252026092113066,"S22"
"a","Arctic Ocean","PO4","Phosphate","TARA_B110000977","Formosa (genus)",2.90571259142123,"S22"
"a","Arctic Ocean","PO4","Phosphate","TARA_B110000977","NS11-12 (family)",1.21071357975885,"S22"
"a","Arctic Ocean","PO4","Phosphate","TARA_B110000977","Flavobacteriaceae (family)",0.415101798774461,"S22"
"a","Arctic Ocean","PO4","Phosphate","TARA_B110000977","Phaeocystis (family)",0.830203597548923,"S22"
"a","Arctic Ocean","PO4","Phosphate","TARA_B110000977","Others",47.9442577584503,"S22"
"a","Arctic Ocean","PO4","Phosphate","TARA_B110000240","Chloroplast (class)",27.9893582127629,"S23"
"a","Arctic Ocean","PO4","Phosphate","TARA_B110000240","NS9 (family)",13.6083676518824,"S23"
"a","Arctic Ocean","PO4","Phosphate","TARA_B110000240","SAR11 (order)",3.52418091038303,"S23"
"a","Arctic Ocean","PO4","Phosphate","TARA_B110000240","Cryomorphaceae (family)",1.35937898611465,"S23"
"a","Arctic Ocean","PO4","Phosphate","TARA_B110000240","NS5 (genus)",3.77564780057582,"S23"
"a","Arctic Ocean","PO4","Phosphate","TARA_B110000240","OM182 (family)",5.48489376435001,"S23"
"a","Arctic Ocean","PO4","Phosphate","TARA_B110000240","Polaribacter (genus)",4.16560370275885,"S23"
"a","Arctic Ocean","PO4","Phosphate","TARA_B110000240","Marinimicrobia (phylum)",1.26826779401582,"S23"
"a","Arctic Ocean","PO4","Phosphate","TARA_B110000240","SAR92 (genus)",0.914756368672328,"S23"
"a","Arctic Ocean","PO4","Phosphate","TARA_B110000240","AEGEAN-169 (genus)",1.33386785232698,"S23"
"a","Arctic Ocean","PO4","Phosphate","TARA_B110000240","Piscirickettsiaceae (family)",3.09778053136047,"S23"
"a","Arctic Ocean","PO4","Phosphate","TARA_B110000240","Marine (family)",1.01680090382303,"S23"
"a","Arctic Ocean","PO4","Phosphate","TARA_B110000240","Marinoscillum (genus)",0.317066948503954,"S23"
"a","Arctic Ocean","PO4","Phosphate","TARA_B110000240","NS7 (family)",0.0838222967309304,"S23"
"a","Arctic Ocean","PO4","Phosphate","TARA_B110000240","SAR86 (family)",1.12977878202558,"S23"
"a","Arctic Ocean","PO4","Phosphate","TARA_B110000240","Formosa (genus)",0.89653413025256,"S23"
"a","Arctic Ocean","PO4","Phosphate","TARA_B110000240","NS11-12 (family)",4.86898210576187,"S23"
"a","Arctic Ocean","PO4","Phosphate","TARA_B110000240","Flavobacteriaceae (family)",1.30471227085535,"S23"
"a","Arctic Ocean","PO4","Phosphate","TARA_B110000240","Phaeocystis (family)",0.280622471664419,"S23"
"a","Arctic Ocean","PO4","Phosphate","TARA_B110000240","Others",23.5795765151791,"S23"
"a","Arctic Ocean","PO4","Phosphate","TARA_B110000902","Chloroplast (class)",13.5949959144572,"S24"
"a","Arctic Ocean","PO4","Phosphate","TARA_B110000902","NS9 (family)",9.21642106449522,"S24"
"a","Arctic Ocean","PO4","Phosphate","TARA_B110000902","SAR11 (order)",2.64574117381871,"S24"
"a","Arctic Ocean","PO4","Phosphate","TARA_B110000902","Cryomorphaceae (family)",10.7689273336902,"S24"
"a","Arctic Ocean","PO4","Phosphate","TARA_B110000902","NS5 (genus)",3.93902679552563,"S24"
"a","Arctic Ocean","PO4","Phosphate","TARA_B110000902","OM182 (family)",3.69671184243893,"S24"
"a","Arctic Ocean","PO4","Phosphate","TARA_B110000902","Polaribacter (genus)",4.71668873798991,"S24"
"a","Arctic Ocean","PO4","Phosphate","TARA_B110000902","Marinimicrobia (phylum)",0.211321180017469,"S24"
"a","Arctic Ocean","PO4","Phosphate","TARA_B110000902","SAR92 (genus)",4.98154461694514,"S24"
"a","Arctic Ocean","PO4","Phosphate","TARA_B110000902","AEGEAN-169 (genus)",0.349384350962216,"S24"
"a","Arctic Ocean","PO4","Phosphate","TARA_B110000902","Piscirickettsiaceae (family)",0.484629906173396,"S24"
"a","Arctic Ocean","PO4","Phosphate","TARA_B110000902","Marine (family)",1.30173846890761,"S24"
"a","Arctic Ocean","PO4","Phosphate","TARA_B110000902","Marinoscillum (genus)",0.870643261671973,"S24"
"a","Arctic Ocean","PO4","Phosphate","TARA_B110000902","NS7 (family)",2.0794004113719,"S24"
"a","Arctic Ocean","PO4","Phosphate","TARA_B110000902","SAR86 (family)",0.233862105885999,"S24"
"a","Arctic Ocean","PO4","Phosphate","TARA_B110000902","Formosa (genus)",1.44261925558592,"S24"
"a","Arctic Ocean","PO4","Phosphate","TARA_B110000902","NS11-12 (family)",3.51074920402356,"S24"
"a","Arctic Ocean","PO4","Phosphate","TARA_B110000902","Flavobacteriaceae (family)",1.12986390916007,"S24"
"a","Arctic Ocean","PO4","Phosphate","TARA_B110000902","Phaeocystis (family)",0.464906596038432,"S24"
"a","Arctic Ocean","PO4","Phosphate","TARA_B110000902","Others",34.3608238708405,"S24"
"a","Arctic Ocean","PO4","Phosphate","TARA_B110000046","Chloroplast (class)",8.7884015659213,"S25"
"a","Arctic Ocean","PO4","Phosphate","TARA_B110000046","NS9 (family)",0.995288965563002,"S25"
"a","Arctic Ocean","PO4","Phosphate","TARA_B110000046","SAR11 (order)",3.27118306681707,"S25"
"a","Arctic Ocean","PO4","Phosphate","TARA_B110000046","Cryomorphaceae (family)",23.3262557229116,"S25"
"a","Arctic Ocean","PO4","Phosphate","TARA_B110000046","NS5 (genus)",8.34383916130317,"S25"
"a","Arctic Ocean","PO4","Phosphate","TARA_B110000046","OM182 (family)",0.504279742551921,"S25"
"a","Arctic Ocean","PO4","Phosphate","TARA_B110000046","Polaribacter (genus)",3.02567845531153,"S25"
"a","Arctic Ocean","PO4","Phosphate","TARA_B110000046","Marinimicrobia (phylum)",1.02514763452989,"S25"
"a","Arctic Ocean","PO4","Phosphate","TARA_B110000046","SAR92 (genus)",0.729878574746201,"S25"
"a","Arctic Ocean","PO4","Phosphate","TARA_B110000046","AEGEAN-169 (genus)",0.0563997080485701,"S25"
"a","Arctic Ocean","PO4","Phosphate","TARA_B110000046","Piscirickettsiaceae (family)",0.812819321876451,"S25"
"a","Arctic Ocean","PO4","Phosphate","TARA_B110000046","Marine (family)",0.0829407471302502,"S25"
"a","Arctic Ocean","PO4","Phosphate","TARA_B110000046","Marinoscillum (genus)",9.06044721650852,"S25"
"a","Arctic Ocean","PO4","Phosphate","TARA_B110000046","NS7 (family)",0.955477406940482,"S25"
"a","Arctic Ocean","PO4","Phosphate","TARA_B110000046","SAR86 (family)",0.0696702275894101,"S25"
"a","Arctic Ocean","PO4","Phosphate","TARA_B110000046","Formosa (genus)",2.76690332426515,"S25"
"a","Arctic Ocean","PO4","Phosphate","TARA_B110000046","NS11-12 (family)",0.26872802070201,"S25"
"a","Arctic Ocean","PO4","Phosphate","TARA_B110000046","Flavobacteriaceae (family)",3.6128989449937,"S25"
"a","Arctic Ocean","PO4","Phosphate","TARA_B110000046","Phaeocystis (family)",0.0696702275894101,"S25"
"a","Arctic Ocean","PO4","Phosphate","TARA_B110000046","Others",32.2340919647004,"S25"
"a","Arctic Ocean","PO4","Phosphate","TARA_B110000879","Chloroplast (class)",4.05063291139241,"S26"
"a","Arctic Ocean","PO4","Phosphate","TARA_B110000879","NS9 (family)",8.84329986905282,"S26"
"a","Arctic Ocean","PO4","Phosphate","TARA_B110000879","SAR11 (order)",1.64993452640768,"S26"
"a","Arctic Ocean","PO4","Phosphate","TARA_B110000879","Cryomorphaceae (family)",8.51593190746399,"S26"
"a","Arctic Ocean","PO4","Phosphate","TARA_B110000879","NS5 (genus)",10.0742034046268,"S26"
"a","Arctic Ocean","PO4","Phosphate","TARA_B110000879","OM182 (family)",4.90178961152335,"S26"
"a","Arctic Ocean","PO4","Phosphate","TARA_B110000879","Polaribacter (genus)",4.29070274989088,"S26"
"a","Arctic Ocean","PO4","Phosphate","TARA_B110000879","Marinimicrobia (phylum)",0.165866433871672,"S26"
"a","Arctic Ocean","PO4","Phosphate","TARA_B110000879","SAR92 (genus)",5.27717154081187,"S26"
"a","Arctic Ocean","PO4","Phosphate","TARA_B110000879","AEGEAN-169 (genus)",0.615451767786993,"S26"
"a","Arctic Ocean","PO4","Phosphate","TARA_B110000879","Piscirickettsiaceae (family)",0.519423832387604,"S26"
"a","Arctic Ocean","PO4","Phosphate","TARA_B110000879","Marine (family)",0.458315146224356,"S26"
"a","Arctic Ocean","PO4","Phosphate","TARA_B110000879","Marinoscillum (genus)",1.89873417721519,"S26"
"a","Arctic Ocean","PO4","Phosphate","TARA_B110000879","NS7 (family)",2.54910519423832,"S26"
"a","Arctic Ocean","PO4","Phosphate","TARA_B110000879","SAR86 (family)",0.30117852466172,"S26"
"a","Arctic Ocean","PO4","Phosphate","TARA_B110000879","Formosa (genus)",4.94107376691401,"S26"
"a","Arctic Ocean","PO4","Phosphate","TARA_B110000879","NS11-12 (family)",3.58358795285901,"S26"
"a","Arctic Ocean","PO4","Phosphate","TARA_B110000879","Flavobacteriaceae (family)",1.81143605412484,"S26"
"a","Arctic Ocean","PO4","Phosphate","TARA_B110000879","Phaeocystis (family)",0.0829332169358359,"S26"
"a","Arctic Ocean","PO4","Phosphate","TARA_B110000879","Others",35.4692274116106,"S26"
"a","Arctic Ocean","PO4","Phosphate","TARA_B110001450","Chloroplast (class)",25.8463609069262,"S27"
"a","Arctic Ocean","PO4","Phosphate","TARA_B110001450","NS9 (family)",3.15767677813438,"S27"
"a","Arctic Ocean","PO4","Phosphate","TARA_B110001450","SAR11 (order)",9.47820685371156,"S27"
"a","Arctic Ocean","PO4","Phosphate","TARA_B110001450","Cryomorphaceae (family)",3.08520550781654,"S27"
"a","Arctic Ocean","PO4","Phosphate","TARA_B110001450","NS5 (genus)",1.70825137177762,"S27"
"a","Arctic Ocean","PO4","Phosphate","TARA_B110001450","OM182 (family)",0.0207060772336681,"S27"
"a","Arctic Ocean","PO4","Phosphate","TARA_B110001450","Polaribacter (genus)",0.471063257065949,"S27"
"a","Arctic Ocean","PO4","Phosphate","TARA_B110001450","Marinimicrobia (phylum)",0.43482762190703,"S27"
"a","Arctic Ocean","PO4","Phosphate","TARA_B110001450","SAR92 (genus)",2.68661352106843,"S27"
"a","Arctic Ocean","PO4","Phosphate","TARA_B110001450","AEGEAN-169 (genus)",1.17506988301066,"S27"
"a","Arctic Ocean","PO4","Phosphate","TARA_B110001450","Piscirickettsiaceae (family)",0.00517651930841702,"S27"
"a","Arctic Ocean","PO4","Phosphate","TARA_B110001450","Marine (family)",0.517651930841702,"S27"
"a","Arctic Ocean","PO4","Phosphate","TARA_B110001450","Marinoscillum (genus)",0.201884253028264,"S27"
"a","Arctic Ocean","PO4","Phosphate","TARA_B110001450","NS7 (family)",7.67677813438244,"S27"
"a","Arctic Ocean","PO4","Phosphate","TARA_B110001450","SAR86 (family)",1.59436794699244,"S27"
"a","Arctic Ocean","PO4","Phosphate","TARA_B110001450","Formosa (genus)",1.7030748524692,"S27"
"a","Arctic Ocean","PO4","Phosphate","TARA_B110001450","NS11-12 (family)",0,"S27"
"a","Arctic Ocean","PO4","Phosphate","TARA_B110001450","Flavobacteriaceae (family)",0.201884253028264,"S27"
"a","Arctic Ocean","PO4","Phosphate","TARA_B110001450","Phaeocystis (family)",0.465886737757532,"S27"
"a","Arctic Ocean","PO4","Phosphate","TARA_B110001450","Others",39.5693135935397,"S27"
"a","Arctic Ocean","PO4","Phosphate","TARA_B110000503","Chloroplast (class)",10.0443975559365,"S28"
"a","Arctic Ocean","PO4","Phosphate","TARA_B110000503","NS9 (family)",1.1824695591015,"S28"
"a","Arctic Ocean","PO4","Phosphate","TARA_B110000503","SAR11 (order)",2.43966767770012,"S28"
"a","Arctic Ocean","PO4","Phosphate","TARA_B110000503","Cryomorphaceae (family)",7.45966855685964,"S28"
"a","Arctic Ocean","PO4","Phosphate","TARA_B110000503","NS5 (genus)",1.35830146380061,"S28"
"a","Arctic Ocean","PO4","Phosphate","TARA_B110000503","OM182 (family)",4.83537737922546,"S28"
"a","Arctic Ocean","PO4","Phosphate","TARA_B110000503","Polaribacter (genus)",2.94078860609258,"S28"
"a","Arctic Ocean","PO4","Phosphate","TARA_B110000503","Marinimicrobia (phylum)",0,"S28"
"a","Arctic Ocean","PO4","Phosphate","TARA_B110000503","SAR92 (genus)",7.02888039034683,"S28"
"a","Arctic Ocean","PO4","Phosphate","TARA_B110000503","AEGEAN-169 (genus)",0.619807464064354,"S28"
"a","Arctic Ocean","PO4","Phosphate","TARA_B110000503","Piscirickettsiaceae (family)",0,"S28"
"a","Arctic Ocean","PO4","Phosphate","TARA_B110000503","Marine (family)",0.00439579761747769,"S28"
"a","Arctic Ocean","PO4","Phosphate","TARA_B110000503","Marinoscillum (genus)",5.12110422436151,"S28"
"a","Arctic Ocean","PO4","Phosphate","TARA_B110000503","NS7 (family)",0.00439579761747769,"S28"
"a","Arctic Ocean","PO4","Phosphate","TARA_B110000503","SAR86 (family)",0.17143610708163,"S28"
"a","Arctic Ocean","PO4","Phosphate","TARA_B110000503","Formosa (genus)",0.180227702316585,"S28"
"a","Arctic Ocean","PO4","Phosphate","TARA_B110000503","NS11-12 (family)",0.5714536902721,"S28"
"a","Arctic Ocean","PO4","Phosphate","TARA_B110000503","Flavobacteriaceae (family)",1.44182161853268,"S28"
"a","Arctic Ocean","PO4","Phosphate","TARA_B110000503","Phaeocystis (family)",0.259352059431184,"S28"
"a","Arctic Ocean","PO4","Phosphate","TARA_B110000503","Others",54.3364543496417,"S28"
"a","Arctic Ocean","PO4","Phosphate","TARA_B110000259","Chloroplast (class)",24.043339926047,"S29"
"a","Arctic Ocean","PO4","Phosphate","TARA_B110000259","NS9 (family)",3.63315848310259,"S29"
"a","Arctic Ocean","PO4","Phosphate","TARA_B110000259","SAR11 (order)",5.00902915125978,"S29"
"a","Arctic Ocean","PO4","Phosphate","TARA_B110000259","Cryomorphaceae (family)",4.52747441740476,"S29"
"a","Arctic Ocean","PO4","Phosphate","TARA_B110000259","NS5 (genus)",7.43400120388683,"S29"
"a","Arctic Ocean","PO4","Phosphate","TARA_B110000259","OM182 (family)",3.22899647433141,"S29"
"a","Arctic Ocean","PO4","Phosphate","TARA_B110000259","Polaribacter (genus)",3.0398142574598,"S29"
"a","Arctic Ocean","PO4","Phosphate","TARA_B110000259","Marinimicrobia (phylum)",0.0171983833519649,"S29"
"a","Arctic Ocean","PO4","Phosphate","TARA_B110000259","SAR92 (genus)",3.05271304497377,"S29"
"a","Arctic Ocean","PO4","Phosphate","TARA_B110000259","AEGEAN-169 (genus)",4.74245420930433,"S29"
"a","Arctic Ocean","PO4","Phosphate","TARA_B110000259","Piscirickettsiaceae (family)",1.79293146444234,"S29"
"a","Arctic Ocean","PO4","Phosphate","TARA_B110000259","Marine (family)",0.0214979791899561,"S29"
"a","Arctic Ocean","PO4","Phosphate","TARA_B110000259","Marinoscillum (genus)",1.21248602631353,"S29"
"a","Arctic Ocean","PO4","Phosphate","TARA_B110000259","NS7 (family)",0.146186258491702,"S29"
"a","Arctic Ocean","PO4","Phosphate","TARA_B110000259","SAR86 (family)",0.288072921145412,"S29"
"a","Arctic Ocean","PO4","Phosphate","TARA_B110000259","Formosa (genus)",1.77143348525239,"S29"
"a","Arctic Ocean","PO4","Phosphate","TARA_B110000259","NS11-12 (family)",4.07601685441568,"S29"
"a","Arctic Ocean","PO4","Phosphate","TARA_B110000259","Flavobacteriaceae (family)",0.507352308882965,"S29"
"a","Arctic Ocean","PO4","Phosphate","TARA_B110000259","Phaeocystis (family)",2.26158741078339,"S29"
"a","Arctic Ocean","PO4","Phosphate","TARA_B110000259","Others",29.1942557399604,"S29"
"a","Arctic Ocean","PO4","Phosphate","TARA_B110000090","Chloroplast (class)",13.3640319805688,"S30"
"a","Arctic Ocean","PO4","Phosphate","TARA_B110000090","NS9 (family)",7.73707114664508,"S30"
"a","Arctic Ocean","PO4","Phosphate","TARA_B110000090","SAR11 (order)",3.53709138751139,"S30"
"a","Arctic Ocean","PO4","Phosphate","TARA_B110000090","Cryomorphaceae (family)",10.7732010930068,"S30"
"a","Arctic Ocean","PO4","Phosphate","TARA_B110000090","NS5 (genus)",4.34672603987451,"S30"
"a","Arctic Ocean","PO4","Phosphate","TARA_B110000090","OM182 (family)",1.40167999190365,"S30"
"a","Arctic Ocean","PO4","Phosphate","TARA_B110000090","Polaribacter (genus)",5.92045339540532,"S30"
"a","Arctic Ocean","PO4","Phosphate","TARA_B110000090","Marinimicrobia (phylum)",0.166987147049894,"S30"
"a","Arctic Ocean","PO4","Phosphate","TARA_B110000090","SAR92 (genus)",6.55298046756401,"S30"
"a","Arctic Ocean","PO4","Phosphate","TARA_B110000090","AEGEAN-169 (genus)",1.45734237425362,"S30"
"a","Arctic Ocean","PO4","Phosphate","TARA_B110000090","Piscirickettsiaceae (family)",3.41058597307965,"S30"
"a","Arctic Ocean","PO4","Phosphate","TARA_B110000090","Marine (family)",0,"S30"
"a","Arctic Ocean","PO4","Phosphate","TARA_B110000090","Marinoscillum (genus)",1.83685861754883,"S30"
"a","Arctic Ocean","PO4","Phosphate","TARA_B110000090","NS7 (family)",0.172047363627163,"S30"
"a","Arctic Ocean","PO4","Phosphate","TARA_B110000090","SAR86 (family)",0.592045339540532,"S30"
"a","Arctic Ocean","PO4","Phosphate","TARA_B110000090","Formosa (genus)",1.14866916304018,"S30"
"a","Arctic Ocean","PO4","Phosphate","TARA_B110000090","NS11-12 (family)",3.44094727254326,"S30"
"a","Arctic Ocean","PO4","Phosphate","TARA_B110000090","Flavobacteriaceae (family)",3.37010424046149,"S30"
"a","Arctic Ocean","PO4","Phosphate","TARA_B110000090","Phaeocystis (family)",0.247950612286206,"S30"
"a","Arctic Ocean","PO4","Phosphate","TARA_B110000090","Others",30.5232263940897,"S30"
"a","Arctic Ocean","PO4","Phosphate","TARA_B110001469","Chloroplast (class)",8.11086754151527,"S31"
"a","Arctic Ocean","PO4","Phosphate","TARA_B110001469","NS9 (family)",5.57640911684334,"S31"
"a","Arctic Ocean","PO4","Phosphate","TARA_B110001469","SAR11 (order)",1.41136902795712,"S31"
"a","Arctic Ocean","PO4","Phosphate","TARA_B110001469","Cryomorphaceae (family)",2.83775262004144,"S31"
"a","Arctic Ocean","PO4","Phosphate","TARA_B110001469","NS5 (genus)",0.30930002102039,"S31"
"a","Arctic Ocean","PO4","Phosphate","TARA_B110001469","OM182 (family)",0.579562175310051,"S31"
"a","Arctic Ocean","PO4","Phosphate","TARA_B110001469","Polaribacter (genus)",3.04795651782229,"S31"
"a","Arctic Ocean","PO4","Phosphate","TARA_B110001469","Marinimicrobia (phylum)",0.0960932104141017,"S31"
"a","Arctic Ocean","PO4","Phosphate","TARA_B110001469","SAR92 (genus)",2.82273805591424,"S31"
"a","Arctic Ocean","PO4","Phosphate","TARA_B110001469","AEGEAN-169 (genus)",0.189183508002763,"S31"
"a","Arctic Ocean","PO4","Phosphate","TARA_B110001469","Piscirickettsiaceae (family)",11.3780366955947,"S31"
"a","Arctic Ocean","PO4","Phosphate","TARA_B110001469","Marine (family)",0.0420407795561695,"S31"
"a","Arctic Ocean","PO4","Phosphate","TARA_B110001469","Marinoscillum (genus)",0.177171856701,"S31"
"a","Arctic Ocean","PO4","Phosphate","TARA_B110001469","NS7 (family)",0.0600582565088135,"S31"
"a","Arctic Ocean","PO4","Phosphate","TARA_B110001469","SAR86 (family)",0.240233026035254,"S31"
"a","Arctic Ocean","PO4","Phosphate","TARA_B110001469","Formosa (genus)",0.384372841656407,"S31"
"a","Arctic Ocean","PO4","Phosphate","TARA_B110001469","NS11-12 (family)",0.0360349539052881,"S31"
"a","Arctic Ocean","PO4","Phosphate","TARA_B110001469","Flavobacteriaceae (family)",0.315305846671271,"S31"
"a","Arctic Ocean","PO4","Phosphate","TARA_B110001469","Phaeocystis (family)",16.8373322122459,"S31"
"a","Arctic Ocean","PO4","Phosphate","TARA_B110001469","Others",45.5481817362842,"S31"
"a","Arctic Ocean","PO4","Phosphate","TARA_B110001452","Chloroplast (class)",17.1929991439171,"S32"
"a","Arctic Ocean","PO4","Phosphate","TARA_B110001452","NS9 (family)",0.57547797964425,"S32"
"a","Arctic Ocean","PO4","Phosphate","TARA_B110001452","SAR11 (order)",12.6557595358128,"S32"
"a","Arctic Ocean","PO4","Phosphate","TARA_B110001452","Cryomorphaceae (family)",2.92495006182821,"S32"
"a","Arctic Ocean","PO4","Phosphate","TARA_B110001452","NS5 (genus)",3.319699419766,"S32"
"a","Arctic Ocean","PO4","Phosphate","TARA_B110001452","OM182 (family)",0.00475601636069628,"S32"
"a","Arctic Ocean","PO4","Phosphate","TARA_B110001452","Polaribacter (genus)",0.0523161799676591,"S32"
"a","Arctic Ocean","PO4","Phosphate","TARA_B110001452","Marinimicrobia (phylum)",1.17949205745268,"S32"
"a","Arctic Ocean","PO4","Phosphate","TARA_B110001452","SAR92 (genus)",0.580233996004946,"S32"
"a","Arctic Ocean","PO4","Phosphate","TARA_B110001452","AEGEAN-169 (genus)",0.65157424141539,"S32"
"a","Arctic Ocean","PO4","Phosphate","TARA_B110001452","Piscirickettsiaceae (family)",0,"S32"
"a","Arctic Ocean","PO4","Phosphate","TARA_B110001452","Marine (family)",4.40407115000476,"S32"
"a","Arctic Ocean","PO4","Phosphate","TARA_B110001452","Marinoscillum (genus)",0.57547797964425,"S32"
"a","Arctic Ocean","PO4","Phosphate","TARA_B110001452","NS7 (family)",22.8811947113098,"S32"
"a","Arctic Ocean","PO4","Phosphate","TARA_B110001452","SAR86 (family)",0.261580899838295,"S32"
"a","Arctic Ocean","PO4","Phosphate","TARA_B110001452","Formosa (genus)",0.665842290497479,"S32"
"a","Arctic Ocean","PO4","Phosphate","TARA_B110001452","NS11-12 (family)",0,"S32"
"a","Arctic Ocean","PO4","Phosphate","TARA_B110001452","Flavobacteriaceae (family)",0.0998763435746219,"S32"
"a","Arctic Ocean","PO4","Phosphate","TARA_B110001452","Phaeocystis (family)",0.237800818034814,"S32"
"a","Arctic Ocean","PO4","Phosphate","TARA_B110001452","Others",31.7368971749263,"S32"
"a","Arctic Ocean","PO4","Phosphate","TARA_B110000261","Chloroplast (class)",38.3819877040837,"S33"
"a","Arctic Ocean","PO4","Phosphate","TARA_B110000261","NS9 (family)",4.19364032409104,"S33"
"a","Arctic Ocean","PO4","Phosphate","TARA_B110000261","SAR11 (order)",4.05928097390171,"S33"
"a","Arctic Ocean","PO4","Phosphate","TARA_B110000261","Cryomorphaceae (family)",2.13753511664834,"S33"
"a","Arctic Ocean","PO4","Phosphate","TARA_B110000261","NS5 (genus)",3.85570620088759,"S33"
"a","Arctic Ocean","PO4","Phosphate","TARA_B110000261","OM182 (family)",2.87040429949921,"S33"
"a","Arctic Ocean","PO4","Phosphate","TARA_B110000261","Polaribacter (genus)",1.25809209722731,"S33"
"a","Arctic Ocean","PO4","Phosphate","TARA_B110000261","Marinimicrobia (phylum)",0.0529294409836733,"S33"
"a","Arctic Ocean","PO4","Phosphate","TARA_B110000261","SAR92 (genus)",1.54309677944709,"S33"
"a","Arctic Ocean","PO4","Phosphate","TARA_B110000261","AEGEAN-169 (genus)",4.05520947844143,"S33"
"a","Arctic Ocean","PO4","Phosphate","TARA_B110000261","Piscirickettsiaceae (family)",2.3573958715036,"S33"
"a","Arctic Ocean","PO4","Phosphate","TARA_B110000261","Marine (family)",0,"S33"
"a","Arctic Ocean","PO4","Phosphate","TARA_B110000261","Marinoscillum (genus)",1.31509303367127,"S33"
"a","Arctic Ocean","PO4","Phosphate","TARA_B110000261","NS7 (family)",0.146573836570172,"S33"
"a","Arctic Ocean","PO4","Phosphate","TARA_B110000261","SAR86 (family)",0.31757664590204,"S33"
"a","Arctic Ocean","PO4","Phosphate","TARA_B110000261","Formosa (genus)",0.679939741867188,"S33"
"a","Arctic Ocean","PO4","Phosphate","TARA_B110000261","NS11-12 (family)",1.88917389357111,"S33"
"a","Arctic Ocean","PO4","Phosphate","TARA_B110000261","Flavobacteriaceae (family)",0.830585073897643,"S33"
"a","Arctic Ocean","PO4","Phosphate","TARA_B110000261","Phaeocystis (family)",2.16603558487032,"S33"
"a","Arctic Ocean","PO4","Phosphate","TARA_B110000261","Others",27.8897439029355,"S33"
"a","Arctic Ocean","PO4","Phosphate","TARA_B110000858","Chloroplast (class)",0.671000209687566,"S34"
"a","Arctic Ocean","PO4","Phosphate","TARA_B110000858","NS9 (family)",5.69301740406794,"S34"
"a","Arctic Ocean","PO4","Phosphate","TARA_B110000858","SAR11 (order)",10.6626127070665,"S34"
"a","Arctic Ocean","PO4","Phosphate","TARA_B110000858","Cryomorphaceae (family)",4.52925141539107,"S34"
"a","Arctic Ocean","PO4","Phosphate","TARA_B110000858","NS5 (genus)",18.221849444328,"S34"
"a","Arctic Ocean","PO4","Phosphate","TARA_B110000858","OM182 (family)",1.25812539316419,"S34"
"a","Arctic Ocean","PO4","Phosphate","TARA_B110000858","Polaribacter (genus)",1.11134409729503,"S34"
"a","Arctic Ocean","PO4","Phosphate","TARA_B110000858","Marinimicrobia (phylum)",9.81337806668065,"S34"
"a","Arctic Ocean","PO4","Phosphate","TARA_B110000858","SAR92 (genus)",0.660515831411197,"S34"
"a","Arctic Ocean","PO4","Phosphate","TARA_B110000858","AEGEAN-169 (genus)",6.12287691339904,"S34"
"a","Arctic Ocean","PO4","Phosphate","TARA_B110000858","Piscirickettsiaceae (family)",1.49926609352065,"S34"
"a","Arctic Ocean","PO4","Phosphate","TARA_B110000858","Marine (family)",0.345984483120151,"S34"
"a","Arctic Ocean","PO4","Phosphate","TARA_B110000858","Marinoscillum (genus)",4.3195638498637,"S34"
"a","Arctic Ocean","PO4","Phosphate","TARA_B110000858","NS7 (family)",3.17676661773957,"S34"
"a","Arctic Ocean","PO4","Phosphate","TARA_B110000858","SAR86 (family)",0.733906479345775,"S34"
"a","Arctic Ocean","PO4","Phosphate","TARA_B110000858","Formosa (genus)",2.12832879010275,"S34"
"a","Arctic Ocean","PO4","Phosphate","TARA_B110000858","NS11-12 (family)",0.828265883833089,"S34"
"a","Arctic Ocean","PO4","Phosphate","TARA_B110000858","Flavobacteriaceae (family)",0.754875235898511,"S34"
"a","Arctic Ocean","PO4","Phosphate","TARA_B110000858","Phaeocystis (family)",0.0314531348291046,"S34"
"a","Arctic Ocean","PO4","Phosphate","TARA_B110000858","Others",27.4376179492556,"S34"
"a","Arctic Ocean","PO4","Phosphate","TARA_B110000027","Chloroplast (class)",4.65514967690887,"S35"
"a","Arctic Ocean","PO4","Phosphate","TARA_B110000027","NS9 (family)",0.303310035605961,"S35"
"a","Arctic Ocean","PO4","Phosphate","TARA_B110000027","SAR11 (order)",8.85533430040881,"S35"
"a","Arctic Ocean","PO4","Phosphate","TARA_B110000027","Cryomorphaceae (family)",17.3546089938019,"S35"
"a","Arctic Ocean","PO4","Phosphate","TARA_B110000027","NS5 (genus)",15.9303705657392,"S35"
"a","Arctic Ocean","PO4","Phosphate","TARA_B110000027","OM182 (family)",0.448371356982725,"S35"
"a","Arctic Ocean","PO4","Phosphate","TARA_B110000027","Polaribacter (genus)",3.46169062376368,"S35"
"a","Arctic Ocean","PO4","Phosphate","TARA_B110000027","Marinimicrobia (phylum)",0.085718053540815,"S35"
"a","Arctic Ocean","PO4","Phosphate","TARA_B110000027","SAR92 (genus)",1.48358169589872,"S35"
"a","Arctic Ocean","PO4","Phosphate","TARA_B110000027","AEGEAN-169 (genus)",0.250560464196228,"S35"
"a","Arctic Ocean","PO4","Phosphate","TARA_B110000027","Piscirickettsiaceae (family)",3.95621785572992,"S35"
"a","Arctic Ocean","PO4","Phosphate","TARA_B110000027","Marine (family)",0,"S35"
"a","Arctic Ocean","PO4","Phosphate","TARA_B110000027","Marinoscillum (genus)",9.55426612158776,"S35"
"a","Arctic Ocean","PO4","Phosphate","TARA_B110000027","NS7 (family)",1.70776737439008,"S35"
"a","Arctic Ocean","PO4","Phosphate","TARA_B110000027","SAR86 (family)",0.125280232098114,"S35"
"a","Arctic Ocean","PO4","Phosphate","TARA_B110000027","Formosa (genus)",7.34537781880522,"S35"
"a","Arctic Ocean","PO4","Phosphate","TARA_B110000027","NS11-12 (family)",0.270341553474878,"S35"
"a","Arctic Ocean","PO4","Phosphate","TARA_B110000027","Flavobacteriaceae (family)",2.87485164183041,"S35"
"a","Arctic Ocean","PO4","Phosphate","TARA_B110000027","Phaeocystis (family)",0,"S35"
"a","Arctic Ocean","PO4","Phosphate","TARA_B110000027","Others",21.3372016352367,"S35"
"a","Arctic Ocean","PO4","Phosphate","TARA_B110000238","Chloroplast (class)",32.1975250718433,"S36"
"a","Arctic Ocean","PO4","Phosphate","TARA_B110000238","NS9 (family)",11.5594393290716,"S36"
"a","Arctic Ocean","PO4","Phosphate","TARA_B110000238","SAR11 (order)",2.58929095067738,"S36"
"a","Arctic Ocean","PO4","Phosphate","TARA_B110000238","Cryomorphaceae (family)",0.712568177819483,"S36"
"a","Arctic Ocean","PO4","Phosphate","TARA_B110000238","NS5 (genus)",5.19324379801771,"S36"
"a","Arctic Ocean","PO4","Phosphate","TARA_B110000238","OM182 (family)",8.1168259926104,"S36"
"a","Arctic Ocean","PO4","Phosphate","TARA_B110000238","Polaribacter (genus)",3.86194358102164,"S36"
"a","Arctic Ocean","PO4","Phosphate","TARA_B110000238","Marinimicrobia (phylum)",0.1231599319688,"S36"
"a","Arctic Ocean","PO4","Phosphate","TARA_B110000238","SAR92 (genus)",1.20227552636209,"S36"
"a","Arctic Ocean","PO4","Phosphate","TARA_B110000238","AEGEAN-169 (genus)",1.14362793971028,"S36"
"a","Arctic Ocean","PO4","Phosphate","TARA_B110000238","Piscirickettsiaceae (family)",5.24016186733916,"S36"
"a","Arctic Ocean","PO4","Phosphate","TARA_B110000238","Marine (family)",0.038120931323676,"S36"
"a","Arctic Ocean","PO4","Phosphate","TARA_B110000238","Marinoscillum (genus)",0.173010380622837,"S36"
"a","Arctic Ocean","PO4","Phosphate","TARA_B110000238","NS7 (family)",0.0879713799777139,"S36"
"a","Arctic Ocean","PO4","Phosphate","TARA_B110000238","SAR86 (family)",0.331358864582722,"S36"
"a","Arctic Ocean","PO4","Phosphate","TARA_B110000238","Formosa (genus)",1.21986980235763,"S36"
"a","Arctic Ocean","PO4","Phosphate","TARA_B110000238","NS11-12 (family)",6.51574687701601,"S36"
"a","Arctic Ocean","PO4","Phosphate","TARA_B110000238","Flavobacteriaceae (family)",1.32543545833089,"S36"
"a","Arctic Ocean","PO4","Phosphate","TARA_B110000238","Phaeocystis (family)",0.284440795261275,"S36"
"a","Arctic Ocean","PO4","Phosphate","TARA_B110000238","Others",18.0839833440854,"S36"
"a","Arctic Ocean","PO4","Phosphate","TARA_B110000208","Chloroplast (class)",22.7104370540762,"S37"
"a","Arctic Ocean","PO4","Phosphate","TARA_B110000208","NS9 (family)",4.05084018870131,"S37"
"a","Arctic Ocean","PO4","Phosphate","TARA_B110000208","SAR11 (order)",1.46204530391048,"S37"
"a","Arctic Ocean","PO4","Phosphate","TARA_B110000208","Cryomorphaceae (family)",9.39997660727514,"S37"
"a","Arctic Ocean","PO4","Phosphate","TARA_B110000208","NS5 (genus)",4.67074739755936,"S37"
"a","Arctic Ocean","PO4","Phosphate","TARA_B110000208","OM182 (family)",3.30617178057624,"S37"
"a","Arctic Ocean","PO4","Phosphate","TARA_B110000208","Polaribacter (genus)",1.99228040079535,"S37"
"a","Arctic Ocean","PO4","Phosphate","TARA_B110000208","Marinimicrobia (phylum)",0.0233927248625677,"S37"
"a","Arctic Ocean","PO4","Phosphate","TARA_B110000208","SAR92 (genus)",4.88128192132247,"S37"
"a","Arctic Ocean","PO4","Phosphate","TARA_B110000208","AEGEAN-169 (genus)",0.530235096884869,"S37"
"a","Arctic Ocean","PO4","Phosphate","TARA_B110000208","Piscirickettsiaceae (family)",8.30441732621155,"S37"
"a","Arctic Ocean","PO4","Phosphate","TARA_B110000208","Marine (family)",0,"S37"
"a","Arctic Ocean","PO4","Phosphate","TARA_B110000208","Marinoscillum (genus)",1.21252290537643,"S37"
"a","Arctic Ocean","PO4","Phosphate","TARA_B110000208","NS7 (family)",0.0584818121564194,"S37"
"a","Arctic Ocean","PO4","Phosphate","TARA_B110000208","SAR86 (family)",0.148153924129596,"S37"
"a","Arctic Ocean","PO4","Phosphate","TARA_B110000208","Formosa (genus)",0.959101719365277,"S37"
"a","Arctic Ocean","PO4","Phosphate","TARA_B110000208","NS11-12 (family)",3.1892081562634,"S37"
"a","Arctic Ocean","PO4","Phosphate","TARA_B110000208","Flavobacteriaceae (family)",1.14624351826582,"S37"
"a","Arctic Ocean","PO4","Phosphate","TARA_B110000208","Phaeocystis (family)",0.853834457483723,"S37"
"a","Arctic Ocean","PO4","Phosphate","TARA_B110000208","Others",31.1006277047838,"S37"
"a","Arctic Ocean","PO4","Phosphate","TARA_B110000114","Chloroplast (class)",13.3707969533717,"S38"
"a","Arctic Ocean","PO4","Phosphate","TARA_B110000114","NS9 (family)",19.8727475385473,"S38"
"a","Arctic Ocean","PO4","Phosphate","TARA_B110000114","SAR11 (order)",3.15344603381014,"S38"
"a","Arctic Ocean","PO4","Phosphate","TARA_B110000114","Cryomorphaceae (family)",7.77447519970277,"S38"
"a","Arctic Ocean","PO4","Phosphate","TARA_B110000114","NS5 (genus)",5.51272524614527,"S38"
"a","Arctic Ocean","PO4","Phosphate","TARA_B110000114","OM182 (family)",0.459780791380271,"S38"
"a","Arctic Ocean","PO4","Phosphate","TARA_B110000114","Polaribacter (genus)",8.23890024150102,"S38"
"a","Arctic Ocean","PO4","Phosphate","TARA_B110000114","Marinimicrobia (phylum)",0.0464425041798254,"S38"
"a","Arctic Ocean","PO4","Phosphate","TARA_B110000114","SAR92 (genus)",4.80215493219394,"S38"
"a","Arctic Ocean","PO4","Phosphate","TARA_B110000114","AEGEAN-169 (genus)",2.55898198030838,"S38"
"a","Arctic Ocean","PO4","Phosphate","TARA_B110000114","Piscirickettsiaceae (family)",5.70778376370054,"S38"
"a","Arctic Ocean","PO4","Phosphate","TARA_B110000114","Marine (family)",0.00464425041798254,"S38"
"a","Arctic Ocean","PO4","Phosphate","TARA_B110000114","Marinoscillum (genus)",1.4629388816645,"S38"
"a","Arctic Ocean","PO4","Phosphate","TARA_B110000114","NS7 (family)",0.334386030094743,"S38"
"a","Arctic Ocean","PO4","Phosphate","TARA_B110000114","SAR86 (family)",0.25543377298904,"S38"
"a","Arctic Ocean","PO4","Phosphate","TARA_B110000114","Formosa (genus)",3.38565855470927,"S38"
"a","Arctic Ocean","PO4","Phosphate","TARA_B110000114","NS11-12 (family)",1.5418911387702,"S38"
"a","Arctic Ocean","PO4","Phosphate","TARA_B110000114","Flavobacteriaceae (family)",2.50789522571057,"S38"
"a","Arctic Ocean","PO4","Phosphate","TARA_B110000114","Phaeocystis (family)",1.20750510867546,"S38"
"a","Arctic Ocean","PO4","Phosphate","TARA_B110000114","Others",17.8014118521271,"S38"
"a","Arctic Ocean","NO3","Nitrate","TARA_B110000263","Chloroplast (class)",0.467710791675606,"S1"
"a","Arctic Ocean","NO3","Nitrate","TARA_B110000263","NS9 (family)",2.77622827719374,"S1"
"a","Arctic Ocean","NO3","Nitrate","TARA_B110000263","SAR11 (order)",8.75777730100837,"S1"
"a","Arctic Ocean","NO3","Nitrate","TARA_B110000263","Cryomorphaceae (family)",0.493456339841236,"S1"
"a","Arctic Ocean","NO3","Nitrate","TARA_B110000263","NS5 (genus)",2.42008152756919,"S1"
"a","Arctic Ocean","NO3","Nitrate","TARA_B110000263","OM182 (family)",0.699420725166273,"S1"
"a","Arctic Ocean","NO3","Nitrate","TARA_B110000263","Polaribacter (genus)",0.214546234713581,"S1"
"a","Arctic Ocean","NO3","Nitrate","TARA_B110000263","Marinimicrobia (phylum)",11.1006221840807,"S1"
"a","Arctic Ocean","NO3","Nitrate","TARA_B110000263","SAR92 (genus)",0.0986912679682471,"S1"
"a","Arctic Ocean","NO3","Nitrate","TARA_B110000263","AEGEAN-169 (genus)",3.39841235786312,"S1"
"a","Arctic Ocean","NO3","Nitrate","TARA_B110000263","Piscirickettsiaceae (family)",0.0386183222484445,"S1"
"a","Arctic Ocean","NO3","Nitrate","TARA_B110000263","Marine (family)",5.91289422870629,"S1"
"a","Arctic Ocean","NO3","Nitrate","TARA_B110000263","Marinoscillum (genus)",0.793821068440249,"S1"
"a","Arctic Ocean","NO3","Nitrate","TARA_B110000263","NS7 (family)",0.141600514910963,"S1"
"a","Arctic Ocean","NO3","Nitrate","TARA_B110000263","SAR86 (family)",7.06715297146535,"S1"
"a","Arctic Ocean","NO3","Nitrate","TARA_B110000263","Formosa (genus)",0.00429092469427161,"S1"
"a","Arctic Ocean","NO3","Nitrate","TARA_B110000263","NS11-12 (family)",0.00429092469427161,"S1"
"a","Arctic Ocean","NO3","Nitrate","TARA_B110000263","Flavobacteriaceae (family)",0.10727311735679,"S1"
"a","Arctic Ocean","NO3","Nitrate","TARA_B110000263","Phaeocystis (family)",0.0300364728599013,"S1"
"a","Arctic Ocean","NO3","Nitrate","TARA_B110000263","Others",55.4730744475434,"S1"
"a","Arctic Ocean","NO3","Nitrate","TARA_B110000116","Chloroplast (class)",4.12713662383411,"S2"
"a","Arctic Ocean","NO3","Nitrate","TARA_B110000116","NS9 (family)",4.83567511308595,"S2"
"a","Arctic Ocean","NO3","Nitrate","TARA_B110000116","SAR11 (order)",7.22549137344382,"S2"
"a","Arctic Ocean","NO3","Nitrate","TARA_B110000116","Cryomorphaceae (family)",0.908690604859693,"S2"
"a","Arctic Ocean","NO3","Nitrate","TARA_B110000116","NS5 (genus)",1.49713782474681,"S2"
"a","Arctic Ocean","NO3","Nitrate","TARA_B110000116","OM182 (family)",0.744565870061247,"S2"
"a","Arctic Ocean","NO3","Nitrate","TARA_B110000116","Polaribacter (genus)",1.33301308994836,"S2"
"a","Arctic Ocean","NO3","Nitrate","TARA_B110000116","Marinimicrobia (phylum)",9.09090909090909,"S2"
"a","Arctic Ocean","NO3","Nitrate","TARA_B110000116","SAR92 (genus)",0.588447219887114,"S2"
"a","Arctic Ocean","NO3","Nitrate","TARA_B110000116","AEGEAN-169 (genus)",3.16240342660422,"S2"
"a","Arctic Ocean","NO3","Nitrate","TARA_B110000116","Piscirickettsiaceae (family)",0.220167327168648,"S2"
"a","Arctic Ocean","NO3","Nitrate","TARA_B110000116","Marine (family)",4.2872583163204,"S2"
"a","Arctic Ocean","NO3","Nitrate","TARA_B110000116","Marinoscillum (genus)",0.636483727633001,"S2"
"a","Arctic Ocean","NO3","Nitrate","TARA_B110000116","NS7 (family)",0.148112565549818,"S2"
"a","Arctic Ocean","NO3","Nitrate","TARA_B110000116","SAR86 (family)",5.06785156719106,"S2"
"a","Arctic Ocean","NO3","Nitrate","TARA_B110000116","Formosa (genus)",0.0880669308674593,"S2"
"a","Arctic Ocean","NO3","Nitrate","TARA_B110000116","NS11-12 (family)",0.016012169248629,"S2"
"a","Arctic Ocean","NO3","Nitrate","TARA_B110000116","Flavobacteriaceae (family)",0.224170369480805,"S2"
"a","Arctic Ocean","NO3","Nitrate","TARA_B110000116","Phaeocystis (family)",0.432328569712982,"S2"
"a","Arctic Ocean","NO3","Nitrate","TARA_B110000116","Others",55.3660782194468,"S2"
"a","Arctic Ocean","NO3","Nitrate","TARA_B110000196","Chloroplast (class)",1.17777199375325,"S3"
"a","Arctic Ocean","NO3","Nitrate","TARA_B110000196","NS9 (family)",3.20145757418011,"S3"
"a","Arctic Ocean","NO3","Nitrate","TARA_B110000196","SAR11 (order)",7.50910983862572,"S3"
"a","Arctic Ocean","NO3","Nitrate","TARA_B110000196","Cryomorphaceae (family)",0.49453409682457,"S3"
"a","Arctic Ocean","NO3","Nitrate","TARA_B110000196","NS5 (genus)",1.25260281103592,"S3"
"a","Arctic Ocean","NO3","Nitrate","TARA_B110000196","OM182 (family)",0.75481520041645,"S3"
"a","Arctic Ocean","NO3","Nitrate","TARA_B110000196","Polaribacter (genus)",0.263534617386778,"S3"
"a","Arctic Ocean","NO3","Nitrate","TARA_B110000196","Marinimicrobia (phylum)",7.64575741801145,"S3"
"a","Arctic Ocean","NO3","Nitrate","TARA_B110000196","SAR92 (genus)",0.204971369078605,"S3"
"a","Arctic Ocean","NO3","Nitrate","TARA_B110000196","AEGEAN-169 (genus)",2.27095262883915,"S3"
"a","Arctic Ocean","NO3","Nitrate","TARA_B110000196","Piscirickettsiaceae (family)",0.406689224362311,"S3"
"a","Arctic Ocean","NO3","Nitrate","TARA_B110000196","Marine (family)",3.63417490890161,"S3"
"a","Arctic Ocean","NO3","Nitrate","TARA_B110000196","Marinoscillum (genus)",0.270041644976575,"S3"
"a","Arctic Ocean","NO3","Nitrate","TARA_B110000196","NS7 (family)",0.17243623112962,"S3"
"a","Arctic Ocean","NO3","Nitrate","TARA_B110000196","SAR86 (family)",4.50611660593441,"S3"
"a","Arctic Ocean","NO3","Nitrate","TARA_B110000196","Formosa (genus)",0.00325351379489849,"S3"
"a","Arctic Ocean","NO3","Nitrate","TARA_B110000196","NS11-12 (family)",0,"S3"
"a","Arctic Ocean","NO3","Nitrate","TARA_B110000196","Flavobacteriaceae (family)",0.0585632483081728,"S3"
"a","Arctic Ocean","NO3","Nitrate","TARA_B110000196","Phaeocystis (family)",5.09825611660593,"S3"
"a","Arctic Ocean","NO3","Nitrate","TARA_B110000196","Others",61.0749609578345,"S3"
"a","Arctic Ocean","NO3","Nitrate","TARA_B110000495","Chloroplast (class)",0.852462383813485,"S4"
"a","Arctic Ocean","NO3","Nitrate","TARA_B110000495","NS9 (family)",4.66286653314846,"S4"
"a","Arctic Ocean","NO3","Nitrate","TARA_B110000495","SAR11 (order)",8.07785138396754,"S4"
"a","Arctic Ocean","NO3","Nitrate","TARA_B110000495","Cryomorphaceae (family)",2.34170389770451,"S4"
"a","Arctic Ocean","NO3","Nitrate","TARA_B110000495","NS5 (genus)",3.42012016638422,"S4"
"a","Arctic Ocean","NO3","Nitrate","TARA_B110000495","OM182 (family)",1.55600061623787,"S4"
"a","Arctic Ocean","NO3","Nitrate","TARA_B110000495","Polaribacter (genus)",0.821650490422636,"S4"
"a","Arctic Ocean","NO3","Nitrate","TARA_B110000495","Marinimicrobia (phylum)",5.67452369948133,"S4"
"a","Arctic Ocean","NO3","Nitrate","TARA_B110000495","SAR92 (genus)",0.364607405125045,"S4"
"a","Arctic Ocean","NO3","Nitrate","TARA_B110000495","AEGEAN-169 (genus)",2.61387562265701,"S4"
"a","Arctic Ocean","NO3","Nitrate","TARA_B110000495","Piscirickettsiaceae (family)",0.780567965901505,"S4"
"a","Arctic Ocean","NO3","Nitrate","TARA_B110000495","Marine (family)",5.67965901504647,"S4"
"a","Arctic Ocean","NO3","Nitrate","TARA_B110000495","Marinoscillum (genus)",1.39167051815334,"S4"
"a","Arctic Ocean","NO3","Nitrate","TARA_B110000495","NS7 (family)",0.682996970163817,"S4"
"a","Arctic Ocean","NO3","Nitrate","TARA_B110000495","SAR86 (family)",3.85148667385611,"S4"
"a","Arctic Ocean","NO3","Nitrate","TARA_B110000495","Formosa (genus)",0.164330098084527,"S4"
"a","Arctic Ocean","NO3","Nitrate","TARA_B110000495","NS11-12 (family)",0.251630462691932,"S4"
"a","Arctic Ocean","NO3","Nitrate","TARA_B110000495","Flavobacteriaceae (family)",0.811379859292354,"S4"
"a","Arctic Ocean","NO3","Nitrate","TARA_B110000495","Phaeocystis (family)",0.154059466954244,"S4"
"a","Arctic Ocean","NO3","Nitrate","TARA_B110000495","Others",55.8465567709136,"S4"
"a","Arctic Ocean","NO3","Nitrate","TARA_B110000438","Chloroplast (class)",0.356104651162791,"S5"
"a","Arctic Ocean","NO3","Nitrate","TARA_B110000438","NS9 (family)",2.39098837209302,"S5"
"a","Arctic Ocean","NO3","Nitrate","TARA_B110000438","SAR11 (order)",12.7616279069767,"S5"
"a","Arctic Ocean","NO3","Nitrate","TARA_B110000438","Cryomorphaceae (family)",0.864825581395349,"S5"
"a","Arctic Ocean","NO3","Nitrate","TARA_B110000438","NS5 (genus)",1.2281976744186,"S5"
"a","Arctic Ocean","NO3","Nitrate","TARA_B110000438","OM182 (family)",0.813953488372093,"S5"
"a","Arctic Ocean","NO3","Nitrate","TARA_B110000438","Polaribacter (genus)",0.203488372093023,"S5"
"a","Arctic Ocean","NO3","Nitrate","TARA_B110000438","Marinimicrobia (phylum)",8.20494186046512,"S5"
"a","Arctic Ocean","NO3","Nitrate","TARA_B110000438","SAR92 (genus)",0.0726744186046512,"S5"
"a","Arctic Ocean","NO3","Nitrate","TARA_B110000438","AEGEAN-169 (genus)",5.28343023255814,"S5"
"a","Arctic Ocean","NO3","Nitrate","TARA_B110000438","Piscirickettsiaceae (family)",0.065406976744186,"S5"
"a","Arctic Ocean","NO3","Nitrate","TARA_B110000438","Marine (family)",5.37790697674419,"S5"
"a","Arctic Ocean","NO3","Nitrate","TARA_B110000438","Marinoscillum (genus)",1.73691860465116,"S5"
"a","Arctic Ocean","NO3","Nitrate","TARA_B110000438","NS7 (family)",0.29796511627907,"S5"
"a","Arctic Ocean","NO3","Nitrate","TARA_B110000438","SAR86 (family)",5.06540697674419,"S5"
"a","Arctic Ocean","NO3","Nitrate","TARA_B110000438","Formosa (genus)",0.0145348837209302,"S5"
"a","Arctic Ocean","NO3","Nitrate","TARA_B110000438","NS11-12 (family)",0,"S5"
"a","Arctic Ocean","NO3","Nitrate","TARA_B110000438","Flavobacteriaceae (family)",0.0944767441860465,"S5"
"a","Arctic Ocean","NO3","Nitrate","TARA_B110000438","Phaeocystis (family)",0.0363372093023256,"S5"
"a","Arctic Ocean","NO3","Nitrate","TARA_B110000438","Others",55.1308139534884,"S5"
"a","Arctic Ocean","NO3","Nitrate","TARA_B110001454","Chloroplast (class)",0.927027873473223,"S6"
"a","Arctic Ocean","NO3","Nitrate","TARA_B110001454","NS9 (family)",1.81647353585969,"S6"
"a","Arctic Ocean","NO3","Nitrate","TARA_B110001454","SAR11 (order)",9.58972752896962,"S6"
"a","Arctic Ocean","NO3","Nitrate","TARA_B110001454","Cryomorphaceae (family)",0.206702160977138,"S6"
"a","Arctic Ocean","NO3","Nitrate","TARA_B110001454","NS5 (genus)",2.46789852803007,"S6"
"a","Arctic Ocean","NO3","Nitrate","TARA_B110001454","OM182 (family)",0.363294707171939,"S6"
"a","Arctic Ocean","NO3","Nitrate","TARA_B110001454","Polaribacter (genus)",0.76417162543063,"S6"
"a","Arctic Ocean","NO3","Nitrate","TARA_B110001454","Marinimicrobia (phylum)",7.96116504854369,"S6"
"a","Arctic Ocean","NO3","Nitrate","TARA_B110001454","SAR92 (genus)",0.206702160977138,"S6"
"a","Arctic Ocean","NO3","Nitrate","TARA_B110001454","AEGEAN-169 (genus)",2.25493266520514,"S6"
"a","Arctic Ocean","NO3","Nitrate","TARA_B110001454","Piscirickettsiaceae (family)",0.0250548073911682,"S6"
"a","Arctic Ocean","NO3","Nitrate","TARA_B110001454","Marine (family)",4.99843407453805,"S6"
"a","Arctic Ocean","NO3","Nitrate","TARA_B110001454","Marinoscillum (genus)",0.350767303476354,"S6"
"a","Arctic Ocean","NO3","Nitrate","TARA_B110001454","NS7 (family)",0.595051675540244,"S6"
"a","Arctic Ocean","NO3","Nitrate","TARA_B110001454","SAR86 (family)",3.5389915440025,"S6"
"a","Arctic Ocean","NO3","Nitrate","TARA_B110001454","Formosa (genus)",0.0438459129345443,"S6"
"a","Arctic Ocean","NO3","Nitrate","TARA_B110001454","NS11-12 (family)",0.0313185092389602,"S6"
"a","Arctic Ocean","NO3","Nitrate","TARA_B110001454","Flavobacteriaceae (family)",0.181647353585969,"S6"
"a","Arctic Ocean","NO3","Nitrate","TARA_B110001454","Phaeocystis (family)",0.0187911055433761,"S6"
"a","Arctic Ocean","NO3","Nitrate","TARA_B110001454","Others",63.6580018791106,"S6"
"a","Arctic Ocean","NO3","Nitrate","TARA_B110000467","Chloroplast (class)",1.07885949139481,"S7"
"a","Arctic Ocean","NO3","Nitrate","TARA_B110000467","NS9 (family)",4.77138453634729,"S7"
"a","Arctic Ocean","NO3","Nitrate","TARA_B110000467","SAR11 (order)",9.87670177241202,"S7"
"a","Arctic Ocean","NO3","Nitrate","TARA_B110000467","Cryomorphaceae (family)",1.5990238890316,"S7"
"a","Arctic Ocean","NO3","Nitrate","TARA_B110000467","NS5 (genus)",4.04572309273054,"S7"
"a","Arctic Ocean","NO3","Nitrate","TARA_B110000467","OM182 (family)",1.5733367582841,"S7"
"a","Arctic Ocean","NO3","Nitrate","TARA_B110000467","Polaribacter (genus)",0.417415874646802,"S7"
"a","Arctic Ocean","NO3","Nitrate","TARA_B110000467","Marinimicrobia (phylum)",5.4071410223478,"S7"
"a","Arctic Ocean","NO3","Nitrate","TARA_B110000467","SAR92 (genus)",0.321089134343694,"S7"
"a","Arctic Ocean","NO3","Nitrate","TARA_B110000467","AEGEAN-169 (genus)",3.2943745183663,"S7"
"a","Arctic Ocean","NO3","Nitrate","TARA_B110000467","Piscirickettsiaceae (family)",0.263293090161829,"S7"
"a","Arctic Ocean","NO3","Nitrate","TARA_B110000467","Marine (family)",3.64757256614436,"S7"
"a","Arctic Ocean","NO3","Nitrate","TARA_B110000467","Marinoscillum (genus)",1.3036218854354,"S7"
"a","Arctic Ocean","NO3","Nitrate","TARA_B110000467","NS7 (family)",0.603647572566144,"S7"
"a","Arctic Ocean","NO3","Nitrate","TARA_B110000467","SAR86 (family)",2.94117647058824,"S7"
"a","Arctic Ocean","NO3","Nitrate","TARA_B110000467","Formosa (genus)",0.128435653737478,"S7"
"a","Arctic Ocean","NO3","Nitrate","TARA_B110000467","NS11-12 (family)",0.122013871050604,"S7"
"a","Arctic Ocean","NO3","Nitrate","TARA_B110000467","Flavobacteriaceae (family)",0.571538659131775,"S7"
"a","Arctic Ocean","NO3","Nitrate","TARA_B110000467","Phaeocystis (family)",0.0963267403031081,"S7"
"a","Arctic Ocean","NO3","Nitrate","TARA_B110000467","Others",57.9373234009761,"S7"
"a","Arctic Ocean","NO3","Nitrate","TARA_B110000914","Chloroplast (class)",0.872319146571841,"S8"
"a","Arctic Ocean","NO3","Nitrate","TARA_B110000914","NS9 (family)",7.48972108012001,"S8"
"a","Arctic Ocean","NO3","Nitrate","TARA_B110000914","SAR11 (order)",8.23424824980553,"S8"
"a","Arctic Ocean","NO3","Nitrate","TARA_B110000914","Cryomorphaceae (family)",3.55039448827648,"S8"
"a","Arctic Ocean","NO3","Nitrate","TARA_B110000914","NS5 (genus)",3.01700188909879,"S8"
"a","Arctic Ocean","NO3","Nitrate","TARA_B110000914","OM182 (family)",2.98366485165018,"S8"
"a","Arctic Ocean","NO3","Nitrate","TARA_B110000914","Polaribacter (genus)",2.21135681742416,"S8"
"a","Arctic Ocean","NO3","Nitrate","TARA_B110000914","Marinimicrobia (phylum)",2.84476052894766,"S8"
"a","Arctic Ocean","NO3","Nitrate","TARA_B110000914","SAR92 (genus)",1.89465496166241,"S8"
"a","Arctic Ocean","NO3","Nitrate","TARA_B110000914","AEGEAN-169 (genus)",0.577841982442494,"S8"
"a","Arctic Ocean","NO3","Nitrate","TARA_B110000914","Piscirickettsiaceae (family)",0.43338148683187,"S8"
"a","Arctic Ocean","NO3","Nitrate","TARA_B110000914","Marine (family)",5.97288587620847,"S8"
"a","Arctic Ocean","NO3","Nitrate","TARA_B110000914","Marinoscillum (genus)",0.700077786420713,"S8"
"a","Arctic Ocean","NO3","Nitrate","TARA_B110000914","NS7 (family)",0.538948772085787,"S8"
"a","Arctic Ocean","NO3","Nitrate","TARA_B110000914","SAR86 (family)",2.84476052894766,"S8"
"a","Arctic Ocean","NO3","Nitrate","TARA_B110000914","Formosa (genus)",0.24447160795644,"S8"
"a","Arctic Ocean","NO3","Nitrate","TARA_B110000914","NS11-12 (family)",0.43338148683187,"S8"
"a","Arctic Ocean","NO3","Nitrate","TARA_B110000914","Flavobacteriaceae (family)",0.833425936215135,"S8"
"a","Arctic Ocean","NO3","Nitrate","TARA_B110000914","Phaeocystis (family)",1.11123458162018,"S8"
"a","Arctic Ocean","NO3","Nitrate","TARA_B110000914","Others",53.2114679408823,"S8"
"a","Arctic Ocean","NO3","Nitrate","TARA_B110000881","Chloroplast (class)",0.893417684840875,"S9"
"a","Arctic Ocean","NO3","Nitrate","TARA_B110000881","NS9 (family)",5.60197034819143,"S9"
"a","Arctic Ocean","NO3","Nitrate","TARA_B110000881","SAR11 (order)",10.2863765876274,"S9"
"a","Arctic Ocean","NO3","Nitrate","TARA_B110000881","Cryomorphaceae (family)",3.32737721543439,"S9"
"a","Arctic Ocean","NO3","Nitrate","TARA_B110000881","NS5 (genus)",4.41396629159222,"S9"
"a","Arctic Ocean","NO3","Nitrate","TARA_B110000881","OM182 (family)",2.48225237842276,"S9"
"a","Arctic Ocean","NO3","Nitrate","TARA_B110000881","Polaribacter (genus)",2.21664171536195,"S9"
"a","Arctic Ocean","NO3","Nitrate","TARA_B110000881","Marinimicrobia (phylum)",2.98932728062974,"S9"
"a","Arctic Ocean","NO3","Nitrate","TARA_B110000881","SAR92 (genus)",1.1638576326846,"S9"
"a","Arctic Ocean","NO3","Nitrate","TARA_B110000881","AEGEAN-169 (genus)",0.7147341478727,"S9"
"a","Arctic Ocean","NO3","Nitrate","TARA_B110000881","Piscirickettsiaceae (family)",0.449123484811899,"S9"
"a","Arctic Ocean","NO3","Nitrate","TARA_B110000881","Marine (family)",6.7803158352248,"S9"
"a","Arctic Ocean","NO3","Nitrate","TARA_B110000881","Marinoscillum (genus)",1.13971120876998,"S9"
"a","Arctic Ocean","NO3","Nitrate","TARA_B110000881","NS7 (family)",0.651953445694693,"S9"
"a","Arctic Ocean","NO3","Nitrate","TARA_B110000881","SAR86 (family)",2.33737383493505,"S9"
"a","Arctic Ocean","NO3","Nitrate","TARA_B110000881","Formosa (genus)",0.550538465253296,"S9"
"a","Arctic Ocean","NO3","Nitrate","TARA_B110000881","NS11-12 (family)",0.415318491331434,"S9"
"a","Arctic Ocean","NO3","Nitrate","TARA_B110000881","Flavobacteriaceae (family)",0.7147341478727,"S9"
"a","Arctic Ocean","NO3","Nitrate","TARA_B110000881","Phaeocystis (family)",0.140049258704786,"S9"
"a","Arctic Ocean","NO3","Nitrate","TARA_B110000881","Others",52.7309605447433,"S9"
"a","Arctic Ocean","NO3","Nitrate","TARA_B110000285","Chloroplast (class)",4.73279776458261,"S10"
"a","Arctic Ocean","NO3","Nitrate","TARA_B110000285","NS9 (family)",4.49412038654092,"S10"
"a","Arctic Ocean","NO3","Nitrate","TARA_B110000285","SAR11 (order)",5.05879613459076,"S10"
"a","Arctic Ocean","NO3","Nitrate","TARA_B110000285","Cryomorphaceae (family)",7.21271393643032,"S10"
"a","Arctic Ocean","NO3","Nitrate","TARA_B110000285","NS5 (genus)",5.64093608103388,"S10"
"a","Arctic Ocean","NO3","Nitrate","TARA_B110000285","OM182 (family)",4.62801257422284,"S10"
"a","Arctic Ocean","NO3","Nitrate","TARA_B110000285","Polaribacter (genus)",2.42752357666783,"S10"
"a","Arctic Ocean","NO3","Nitrate","TARA_B110000285","Marinimicrobia (phylum)",0.151356386075212,"S10"
"a","Arctic Ocean","NO3","Nitrate","TARA_B110000285","SAR92 (genus)",1.08860169984864,"S10"
"a","Arctic Ocean","NO3","Nitrate","TARA_B110000285","AEGEAN-169 (genus)",3.17848410757946,"S10"
"a","Arctic Ocean","NO3","Nitrate","TARA_B110000285","Piscirickettsiaceae (family)",0.844102922342531,"S10"
"a","Arctic Ocean","NO3","Nitrate","TARA_B110000285","Marine (family)",0.0523925951798812,"S10"
"a","Arctic Ocean","NO3","Nitrate","TARA_B110000285","Marinoscillum (genus)",1.43788566771452,"S10"
"a","Arctic Ocean","NO3","Nitrate","TARA_B110000285","NS7 (family)",1.96763301897776,"S10"
"a","Arctic Ocean","NO3","Nitrate","TARA_B110000285","SAR86 (family)",0.0407497962510187,"S10"
"a","Arctic Ocean","NO3","Nitrate","TARA_B110000285","Formosa (genus)",0.622889742694144,"S10"
"a","Arctic Ocean","NO3","Nitrate","TARA_B110000285","NS11-12 (family)",1.74059843986494,"S10"
"a","Arctic Ocean","NO3","Nitrate","TARA_B110000285","Flavobacteriaceae (family)",1.71149144254279,"S10"
"a","Arctic Ocean","NO3","Nitrate","TARA_B110000285","Phaeocystis (family)",0.0931423914309,"S10"
"a","Arctic Ocean","NO3","Nitrate","TARA_B110000285","Others",52.875771335429,"S10"
"a","Arctic Ocean","NO3","Nitrate","TARA_B110000444","Chloroplast (class)",5.90583613205754,"S11"
"a","Arctic Ocean","NO3","Nitrate","TARA_B110000444","NS9 (family)",5.98821367467207,"S11"
"a","Arctic Ocean","NO3","Nitrate","TARA_B110000444","SAR11 (order)",13.6113047335403,"S11"
"a","Arctic Ocean","NO3","Nitrate","TARA_B110000444","Cryomorphaceae (family)",2.20518344845067,"S11"
"a","Arctic Ocean","NO3","Nitrate","TARA_B110000444","NS5 (genus)",6.29237690894113,"S11"
"a","Arctic Ocean","NO3","Nitrate","TARA_B110000444","OM182 (family)",0.785755021861733,"S11"
"a","Arctic Ocean","NO3","Nitrate","TARA_B110000444","Polaribacter (genus)",0.0633673404727204,"S11"
"a","Arctic Ocean","NO3","Nitrate","TARA_B110000444","Marinimicrobia (phylum)",4.72086686521767,"S11"
"a","Arctic Ocean","NO3","Nitrate","TARA_B110000444","SAR92 (genus)",0.297826500221786,"S11"
"a","Arctic Ocean","NO3","Nitrate","TARA_B110000444","AEGEAN-169 (genus)",4.39135669475952,"S11"
"a","Arctic Ocean","NO3","Nitrate","TARA_B110000444","Piscirickettsiaceae (family)",0.171091819276345,"S11"
"a","Arctic Ocean","NO3","Nitrate","TARA_B110000444","Marine (family)",6.0515810151448,"S11"
"a","Arctic Ocean","NO3","Nitrate","TARA_B110000444","Marinoscillum (genus)",0.71605094734174,"S11"
"a","Arctic Ocean","NO3","Nitrate","TARA_B110000444","NS7 (family)",1.07724478803625,"S11"
"a","Arctic Ocean","NO3","Nitrate","TARA_B110000444","SAR86 (family)",5.73474431278119,"S11"
"a","Arctic Ocean","NO3","Nitrate","TARA_B110000444","Formosa (genus)",0.418224447119954,"S11"
"a","Arctic Ocean","NO3","Nitrate","TARA_B110000444","NS11-12 (family)",0.00633673404727204,"S11"
"a","Arctic Ocean","NO3","Nitrate","TARA_B110000444","Flavobacteriaceae (family)",0.304163234269058,"S11"
"a","Arctic Ocean","NO3","Nitrate","TARA_B110000444","Phaeocystis (family)",0.329510170458146,"S11"
"a","Arctic Ocean","NO3","Nitrate","TARA_B110000444","Others",40.9289652113301,"S11"
"a","Arctic Ocean","NO3","Nitrate","TARA_B110000305","Chloroplast (class)",13.9827876852098,"S12"
"a","Arctic Ocean","NO3","Nitrate","TARA_B110000305","NS9 (family)",5.06609883772513,"S12"
"a","Arctic Ocean","NO3","Nitrate","TARA_B110000305","SAR11 (order)",5.31008783603939,"S12"
"a","Arctic Ocean","NO3","Nitrate","TARA_B110000305","Cryomorphaceae (family)",3.08756986957679,"S12"
"a","Arctic Ocean","NO3","Nitrate","TARA_B110000305","NS5 (genus)",7.38621240351344,"S12"
"a","Arctic Ocean","NO3","Nitrate","TARA_B110000305","OM182 (family)",3.33599503149676,"S12"
"a","Arctic Ocean","NO3","Nitrate","TARA_B110000305","Polaribacter (genus)",1.63694437050838,"S12"
"a","Arctic Ocean","NO3","Nitrate","TARA_B110000305","Marinimicrobia (phylum)",0.186318871439979,"S12"
"a","Arctic Ocean","NO3","Nitrate","TARA_B110000305","SAR92 (genus)",1.38851920858841,"S12"
"a","Arctic Ocean","NO3","Nitrate","TARA_B110000305","AEGEAN-169 (genus)",4.28533404311951,"S12"
"a","Arctic Ocean","NO3","Nitrate","TARA_B110000305","Piscirickettsiaceae (family)",0.913849702777038,"S12"
"a","Arctic Ocean","NO3","Nitrate","TARA_B110000305","Marine (family)",0.96264750243989,"S12"
"a","Arctic Ocean","NO3","Nitrate","TARA_B110000305","Marinoscillum (genus)",1.43288084464555,"S12"
"a","Arctic Ocean","NO3","Nitrate","TARA_B110000305","NS7 (family)",1.57483808002839,"S12"
"a","Arctic Ocean","NO3","Nitrate","TARA_B110000305","SAR86 (family)",1.37521071777127,"S12"
"a","Arctic Ocean","NO3","Nitrate","TARA_B110000305","Formosa (genus)",1.65912518853695,"S12"
"a","Arctic Ocean","NO3","Nitrate","TARA_B110000305","NS11-12 (family)",1.84100789637122,"S12"
"a","Arctic Ocean","NO3","Nitrate","TARA_B110000305","Flavobacteriaceae (family)",0.802945612634194,"S12"
"a","Arctic Ocean","NO3","Nitrate","TARA_B110000305","Phaeocystis (family)",0.696477686097063,"S12"
"a","Arctic Ocean","NO3","Nitrate","TARA_B110000305","Others",43.0751486114808,"S12"
"a","Arctic Ocean","NO3","Nitrate","TARA_B110000459","Chloroplast (class)",11.9098446110311,"S13"
"a","Arctic Ocean","NO3","Nitrate","TARA_B110000459","NS9 (family)",13.0913965149183,"S13"
"a","Arctic Ocean","NO3","Nitrate","TARA_B110000459","SAR11 (order)",5.67939234473514,"S13"
"a","Arctic Ocean","NO3","Nitrate","TARA_B110000459","Cryomorphaceae (family)",2.34324579258303,"S13"
"a","Arctic Ocean","NO3","Nitrate","TARA_B110000459","NS5 (genus)",7.2928560790349,"S13"
"a","Arctic Ocean","NO3","Nitrate","TARA_B110000459","OM182 (family)",2.06026907610584,"S13"
"a","Arctic Ocean","NO3","Nitrate","TARA_B110000459","Polaribacter (genus)",0.67020801270913,"S13"
"a","Arctic Ocean","NO3","Nitrate","TARA_B110000459","Marinimicrobia (phylum)",0.888646179814328,"S13"
"a","Arctic Ocean","NO3","Nitrate","TARA_B110000459","SAR92 (genus)",0.699995035496202,"S13"
"a","Arctic Ocean","NO3","Nitrate","TARA_B110000459","AEGEAN-169 (genus)",2.77019311919774,"S13"
"a","Arctic Ocean","NO3","Nitrate","TARA_B110000459","Piscirickettsiaceae (family)",0.397160303827632,"S13"
"a","Arctic Ocean","NO3","Nitrate","TARA_B110000459","Marine (family)",2.63615151665591,"S13"
"a","Arctic Ocean","NO3","Nitrate","TARA_B110000459","Marinoscillum (genus)",1.24112594946135,"S13"
"a","Arctic Ocean","NO3","Nitrate","TARA_B110000459","NS7 (family)",1.69289579506528,"S13"
"a","Arctic Ocean","NO3","Nitrate","TARA_B110000459","SAR86 (family)",2.36806831157226,"S13"
"a","Arctic Ocean","NO3","Nitrate","TARA_B110000459","Formosa (genus)",1.35034503301395,"S13"
"a","Arctic Ocean","NO3","Nitrate","TARA_B110000459","NS11-12 (family)",0.729782058283275,"S13"
"a","Arctic Ocean","NO3","Nitrate","TARA_B110000459","Flavobacteriaceae (family)",0.953184729186318,"S13"
"a","Arctic Ocean","NO3","Nitrate","TARA_B110000459","Phaeocystis (family)",0.496450379784541,"S13"
"a","Arctic Ocean","NO3","Nitrate","TARA_B110000459","Others",40.7287891575237,"S13"
"a","Arctic Ocean","NO3","Nitrate","TARA_B110000211","Chloroplast (class)",1.01960397990346,"S14"
"a","Arctic Ocean","NO3","Nitrate","TARA_B110000211","NS9 (family)",13.1908186385578,"S14"
"a","Arctic Ocean","NO3","Nitrate","TARA_B110000211","SAR11 (order)",6.52645059600039,"S14"
"a","Arctic Ocean","NO3","Nitrate","TARA_B110000211","Cryomorphaceae (family)",3.56615111811644,"S14"
"a","Arctic Ocean","NO3","Nitrate","TARA_B110000211","NS5 (genus)",3.80258102649985,"S14"
"a","Arctic Ocean","NO3","Nitrate","TARA_B110000211","OM182 (family)",3.17702689390208,"S14"
"a","Arctic Ocean","NO3","Nitrate","TARA_B110000211","Polaribacter (genus)",4.74830066003349,"S14"
"a","Arctic Ocean","NO3","Nitrate","TARA_B110000211","Marinimicrobia (phylum)",0.403901093488326,"S14"
"a","Arctic Ocean","NO3","Nitrate","TARA_B110000211","SAR92 (genus)",1.38410008866122,"S14"
"a","Arctic Ocean","NO3","Nitrate","TARA_B110000211","AEGEAN-169 (genus)",0.448231701310216,"S14"
"a","Arctic Ocean","NO3","Nitrate","TARA_B110000211","Piscirickettsiaceae (family)",0.246281154566053,"S14"
"a","Arctic Ocean","NO3","Nitrate","TARA_B110000211","Marine (family)",1.8027780514235,"S14"
"a","Arctic Ocean","NO3","Nitrate","TARA_B110000211","Marinoscillum (genus)",2.25100975273372,"S14"
"a","Arctic Ocean","NO3","Nitrate","TARA_B110000211","NS7 (family)",0.088661215643779,"S14"
"a","Arctic Ocean","NO3","Nitrate","TARA_B110000211","SAR86 (family)",0.679735986602305,"S14"
"a","Arctic Ocean","NO3","Nitrate","TARA_B110000211","Formosa (genus)",0.394049847305684,"S14"
"a","Arctic Ocean","NO3","Nitrate","TARA_B110000211","NS11-12 (family)",0.295537385479263,"S14"
"a","Arctic Ocean","NO3","Nitrate","TARA_B110000211","Flavobacteriaceae (family)",1.17722391882573,"S14"
"a","Arctic Ocean","NO3","Nitrate","TARA_B110000211","Phaeocystis (family)",1.26095951137819,"S14"
"a","Arctic Ocean","NO3","Nitrate","TARA_B110000211","Others",53.5365973795685,"S14"
"a","Arctic Ocean","NO3","Nitrate","TARA_B110000908","Chloroplast (class)",3.22095689104371,"S15"
"a","Arctic Ocean","NO3","Nitrate","TARA_B110000908","NS9 (family)",12.3726838801819,"S15"
"a","Arctic Ocean","NO3","Nitrate","TARA_B110000908","SAR11 (order)",0.804299620400647,"S15"
"a","Arctic Ocean","NO3","Nitrate","TARA_B110000908","Cryomorphaceae (family)",7.94903596797835,"S15"
"a","Arctic Ocean","NO3","Nitrate","TARA_B110000908","NS5 (genus)",2.22121997970459,"S15"
"a","Arctic Ocean","NO3","Nitrate","TARA_B110000908","OM182 (family)",6.5922501597324,"S15"
"a","Arctic Ocean","NO3","Nitrate","TARA_B110000908","Polaribacter (genus)",5.40835118577818,"S15"
"a","Arctic Ocean","NO3","Nitrate","TARA_B110000908","Marinimicrobia (phylum)",0.0526177321757432,"S15"
"a","Arctic Ocean","NO3","Nitrate","TARA_B110000908","SAR92 (genus)",3.79223512609464,"S15"
"a","Arctic Ocean","NO3","Nitrate","TARA_B110000908","AEGEAN-169 (genus)",0.0638929604991168,"S15"
"a","Arctic Ocean","NO3","Nitrate","TARA_B110000908","Piscirickettsiaceae (family)",0.928327131957756,"S15"
"a","Arctic Ocean","NO3","Nitrate","TARA_B110000908","Marine (family)",0.511143683992934,"S15"
"a","Arctic Ocean","NO3","Nitrate","TARA_B110000908","Marinoscillum (genus)",0.560003006727553,"S15"
"a","Arctic Ocean","NO3","Nitrate","TARA_B110000908","NS7 (family)",0.184162062615101,"S15"
"a","Arctic Ocean","NO3","Nitrate","TARA_B110000908","SAR86 (family)",0.492351636787312,"S15"
"a","Arctic Ocean","NO3","Nitrate","TARA_B110000908","Formosa (genus)",1.84537903559214,"S15"
"a","Arctic Ocean","NO3","Nitrate","TARA_B110000908","NS11-12 (family)",2.19491111361672,"S15"
"a","Arctic Ocean","NO3","Nitrate","TARA_B110000908","Flavobacteriaceae (family)",2.66471229375728,"S15"
"a","Arctic Ocean","NO3","Nitrate","TARA_B110000908","Phaeocystis (family)",0.326981621377833,"S15"
"a","Arctic Ocean","NO3","Nitrate","TARA_B110000908","Others",47.8144849099861,"S15"
"a","Arctic Ocean","NO3","Nitrate","TARA_B110000037","Chloroplast (class)",4.1951163059831,"S16"
"a","Arctic Ocean","NO3","Nitrate","TARA_B110000037","NS9 (family)",1.51024187015392,"S16"
"a","Arctic Ocean","NO3","Nitrate","TARA_B110000037","SAR11 (order)",5.71693091077422,"S16"
"a","Arctic Ocean","NO3","Nitrate","TARA_B110000037","Cryomorphaceae (family)",13.6847587084828,"S16"
"a","Arctic Ocean","NO3","Nitrate","TARA_B110000037","NS5 (genus)",7.28503645411411,"S16"
"a","Arctic Ocean","NO3","Nitrate","TARA_B110000037","OM182 (family)",3.25772480037033,"S16"
"a","Arctic Ocean","NO3","Nitrate","TARA_B110000037","Polaribacter (genus)",3.44288855456544,"S16"
"a","Arctic Ocean","NO3","Nitrate","TARA_B110000037","Marinimicrobia (phylum)",1.38294178914477,"S16"
"a","Arctic Ocean","NO3","Nitrate","TARA_B110000037","SAR92 (genus)",1.20935076958685,"S16"
"a","Arctic Ocean","NO3","Nitrate","TARA_B110000037","AEGEAN-169 (genus)",0.590209466496933,"S16"
"a","Arctic Ocean","NO3","Nitrate","TARA_B110000037","Piscirickettsiaceae (family)",5.82687188982757,"S16"
"a","Arctic Ocean","NO3","Nitrate","TARA_B110000037","Marine (family)",0.35296840643444,"S16"
"a","Arctic Ocean","NO3","Nitrate","TARA_B110000037","Marinoscillum (genus)",4.07360259229256,"S16"
"a","Arctic Ocean","NO3","Nitrate","TARA_B110000037","NS7 (family)",1.5391737067469,"S16"
"a","Arctic Ocean","NO3","Nitrate","TARA_B110000037","SAR86 (family)",0.648073139682907,"S16"
"a","Arctic Ocean","NO3","Nitrate","TARA_B110000037","Formosa (genus)",2.60965166068742,"S16"
"a","Arctic Ocean","NO3","Nitrate","TARA_B110000037","NS11-12 (family)",0.867955097789608,"S16"
"a","Arctic Ocean","NO3","Nitrate","TARA_B110000037","Flavobacteriaceae (family)",4.50179377386877,"S16"
"a","Arctic Ocean","NO3","Nitrate","TARA_B110000037","Phaeocystis (family)",0.0289318365929869,"S16"
"a","Arctic Ocean","NO3","Nitrate","TARA_B110000037","Others",37.2757782664044,"S16"
"a","Arctic Ocean","NO3","Nitrate","TARA_B110000091","Chloroplast (class)",3.83705284647149,"S17"
"a","Arctic Ocean","NO3","Nitrate","TARA_B110000091","NS9 (family)",12.8520391592818,"S17"
"a","Arctic Ocean","NO3","Nitrate","TARA_B110000091","SAR11 (order)",3.73497888924976,"S17"
"a","Arctic Ocean","NO3","Nitrate","TARA_B110000091","Cryomorphaceae (family)",5.95276759615831,"S17"
"a","Arctic Ocean","NO3","Nitrate","TARA_B110000091","NS5 (genus)",3.35452141233239,"S17"
"a","Arctic Ocean","NO3","Nitrate","TARA_B110000091","OM182 (family)",4.4355774138171,"S17"
"a","Arctic Ocean","NO3","Nitrate","TARA_B110000091","Polaribacter (genus)",4.83923351737577,"S17"
"a","Arctic Ocean","NO3","Nitrate","TARA_B110000091","Marinimicrobia (phylum)",0.927945065652113,"S17"
"a","Arctic Ocean","NO3","Nitrate","TARA_B110000091","SAR92 (genus)",3.76745696654758,"S17"
"a","Arctic Ocean","NO3","Nitrate","TARA_B110000091","AEGEAN-169 (genus)",1.39655732380643,"S17"
"a","Arctic Ocean","NO3","Nitrate","TARA_B110000091","Piscirickettsiaceae (family)",4.8717115946736,"S17"
"a","Arctic Ocean","NO3","Nitrate","TARA_B110000091","Marine (family)",0.417575279543451,"S17"
"a","Arctic Ocean","NO3","Nitrate","TARA_B110000091","Marinoscillum (genus)",2.34770101609985,"S17"
"a","Arctic Ocean","NO3","Nitrate","TARA_B110000091","NS7 (family)",0.0927945065652113,"S17"
"a","Arctic Ocean","NO3","Nitrate","TARA_B110000091","SAR86 (family)",1.05785737484341,"S17"
"a","Arctic Ocean","NO3","Nitrate","TARA_B110000091","Formosa (genus)",0.436134180856493,"S17"
"a","Arctic Ocean","NO3","Nitrate","TARA_B110000091","NS11-12 (family)",1.03001902287385,"S17"
"a","Arctic Ocean","NO3","Nitrate","TARA_B110000091","Flavobacteriaceae (family)",2.25490650953464,"S17"
"a","Arctic Ocean","NO3","Nitrate","TARA_B110000091","Phaeocystis (family)",0.482531434139099,"S17"
"a","Arctic Ocean","NO3","Nitrate","TARA_B110000091","Others",41.9106388901777,"S17"
"a","Arctic Ocean","NO3","Nitrate","TARA_B110000967","Chloroplast (class)",11.1025216270937,"S18"
"a","Arctic Ocean","NO3","Nitrate","TARA_B110000967","NS9 (family)",8.82385422418553,"S18"
"a","Arctic Ocean","NO3","Nitrate","TARA_B110000967","SAR11 (order)",7.77471010491441,"S18"
"a","Arctic Ocean","NO3","Nitrate","TARA_B110000967","Cryomorphaceae (family)",4.6788146512056,"S18"
"a","Arctic Ocean","NO3","Nitrate","TARA_B110000967","NS5 (genus)",3.68488864347506,"S18"
"a","Arctic Ocean","NO3","Nitrate","TARA_B110000967","OM182 (family)",6.47524387999264,"S18"
"a","Arctic Ocean","NO3","Nitrate","TARA_B110000967","Polaribacter (genus)",3.25418737345849,"S18"
"a","Arctic Ocean","NO3","Nitrate","TARA_B110000967","Marinimicrobia (phylum)",0.577949567458126,"S18"
"a","Arctic Ocean","NO3","Nitrate","TARA_B110000967","SAR92 (genus)",3.33149272961531,"S18"
"a","Arctic Ocean","NO3","Nitrate","TARA_B110000967","AEGEAN-169 (genus)",0.813546843364623,"S18"
"a","Arctic Ocean","NO3","Nitrate","TARA_B110000967","Piscirickettsiaceae (family)",1.09331860850359,"S18"
"a","Arctic Ocean","NO3","Nitrate","TARA_B110000967","Marine (family)",1.2074360390208,"S18"
"a","Arctic Ocean","NO3","Nitrate","TARA_B110000967","Marinoscillum (genus)",1.98417080802503,"S18"
"a","Arctic Ocean","NO3","Nitrate","TARA_B110000967","NS7 (family)",0.504325418737346,"S18"
"a","Arctic Ocean","NO3","Nitrate","TARA_B110000967","SAR86 (family)",0.430701270016565,"S18"
"a","Arctic Ocean","NO3","Nitrate","TARA_B110000967","Formosa (genus)",3.18056322473771,"S18"
"a","Arctic Ocean","NO3","Nitrate","TARA_B110000967","NS11-12 (family)",3.01122768267992,"S18"
"a","Arctic Ocean","NO3","Nitrate","TARA_B110000967","Flavobacteriaceae (family)",1.19639241671268,"S18"
"a","Arctic Ocean","NO3","Nitrate","TARA_B110000967","Phaeocystis (family)",0.176697956929873,"S18"
"a","Arctic Ocean","NO3","Nitrate","TARA_B110000967","Others",36.697956929873,"S18"
"a","Arctic Ocean","NO3","Nitrate","TARA_B110000483","Chloroplast (class)",7.89678221669517,"S19"
"a","Arctic Ocean","NO3","Nitrate","TARA_B110000483","NS9 (family)",3.96911757085859,"S19"
"a","Arctic Ocean","NO3","Nitrate","TARA_B110000483","SAR11 (order)",5.01580392766465,"S19"
"a","Arctic Ocean","NO3","Nitrate","TARA_B110000483","Cryomorphaceae (family)",2.61671589201513,"S19"
"a","Arctic Ocean","NO3","Nitrate","TARA_B110000483","NS5 (genus)",13.5654697134567,"S19"
"a","Arctic Ocean","NO3","Nitrate","TARA_B110000483","OM182 (family)",1.54930307269807,"S19"
"a","Arctic Ocean","NO3","Nitrate","TARA_B110000483","Polaribacter (genus)",1.38867298823773,"S19"
"a","Arctic Ocean","NO3","Nitrate","TARA_B110000483","Marinimicrobia (phylum)",1.00005181615628,"S19"
"a","Arctic Ocean","NO3","Nitrate","TARA_B110000483","SAR92 (genus)",0.595885797191564,"S19"
"a","Arctic Ocean","NO3","Nitrate","TARA_B110000483","AEGEAN-169 (genus)",4.34219389605679,"S19"
"a","Arctic Ocean","NO3","Nitrate","TARA_B110000483","Piscirickettsiaceae (family)",1.92237939789626,"S19"
"a","Arctic Ocean","NO3","Nitrate","TARA_B110000483","Marine (family)",1.95346909166278,"S19"
"a","Arctic Ocean","NO3","Nitrate","TARA_B110000483","Marinoscillum (genus)",2.7514378983367,"S19"
"a","Arctic Ocean","NO3","Nitrate","TARA_B110000483","NS7 (family)",6.12985128763148,"S19"
"a","Arctic Ocean","NO3","Nitrate","TARA_B110000483","SAR86 (family)",1.04668635680605,"S19"
"a","Arctic Ocean","NO3","Nitrate","TARA_B110000483","Formosa (genus)",0.782423959790663,"S19"
"a","Arctic Ocean","NO3","Nitrate","TARA_B110000483","NS11-12 (family)",0.2849888595264,"S19"
"a","Arctic Ocean","NO3","Nitrate","TARA_B110000483","Flavobacteriaceae (family)",0.414529250220219,"S19"
"a","Arctic Ocean","NO3","Nitrate","TARA_B110000483","Phaeocystis (family)",1.23322451940515,"S19"
"a","Arctic Ocean","NO3","Nitrate","TARA_B110000483","Others",41.5410124876937,"S19"
"a","Arctic Ocean","NO3","Nitrate","TARA_B110000093","Chloroplast (class)",9.39070016034206,"S20"
"a","Arctic Ocean","NO3","Nitrate","TARA_B110000093","NS9 (family)",16.1143773383218,"S20"
"a","Arctic Ocean","NO3","Nitrate","TARA_B110000093","SAR11 (order)",3.90165686798503,"S20"
"a","Arctic Ocean","NO3","Nitrate","TARA_B110000093","Cryomorphaceae (family)",5.40352752538749,"S20"
"a","Arctic Ocean","NO3","Nitrate","TARA_B110000093","NS5 (genus)",5.42490646712988,"S20"
"a","Arctic Ocean","NO3","Nitrate","TARA_B110000093","OM182 (family)",1.64617851416355,"S20"
"a","Arctic Ocean","NO3","Nitrate","TARA_B110000093","Polaribacter (genus)",3.30839123463389,"S20"
"a","Arctic Ocean","NO3","Nitrate","TARA_B110000093","Marinimicrobia (phylum)",1.309460181721,"S20"
"a","Arctic Ocean","NO3","Nitrate","TARA_B110000093","SAR92 (genus)",4.25440940673437,"S20"
"a","Arctic Ocean","NO3","Nitrate","TARA_B110000093","AEGEAN-169 (genus)",2.33564938535542,"S20"
"a","Arctic Ocean","NO3","Nitrate","TARA_B110000093","Piscirickettsiaceae (family)",5.32335649385355,"S20"
"a","Arctic Ocean","NO3","Nitrate","TARA_B110000093","Marine (family)",0.662747194013896,"S20"
"a","Arctic Ocean","NO3","Nitrate","TARA_B110000093","Marinoscillum (genus)",1.81721004810262,"S20"
"a","Arctic Ocean","NO3","Nitrate","TARA_B110000093","NS7 (family)",0.432923570283271,"S20"
"a","Arctic Ocean","NO3","Nitrate","TARA_B110000093","SAR86 (family)",1.19187600213789,"S20"
"a","Arctic Ocean","NO3","Nitrate","TARA_B110000093","Formosa (genus)",1.46980224478888,"S20"
"a","Arctic Ocean","NO3","Nitrate","TARA_B110000093","NS11-12 (family)",1.41635489043292,"S20"
"a","Arctic Ocean","NO3","Nitrate","TARA_B110000093","Flavobacteriaceae (family)",2.27151256012827,"S20"
"a","Arctic Ocean","NO3","Nitrate","TARA_B110000093","Phaeocystis (family)",3.47407803313736,"S20"
"a","Arctic Ocean","NO3","Nitrate","TARA_B110000093","Others",28.8508818813469,"S20"
"a","Arctic Ocean","NO3","Nitrate","TARA_B110000971","Chloroplast (class)",16.7491723159388,"S21"
"a","Arctic Ocean","NO3","Nitrate","TARA_B110000971","NS9 (family)",1.17294655525776,"S21"
"a","Arctic Ocean","NO3","Nitrate","TARA_B110000971","SAR11 (order)",6.15481633296547,"S21"
"a","Arctic Ocean","NO3","Nitrate","TARA_B110000971","Cryomorphaceae (family)",10.4619265331862,"S21"
"a","Arctic Ocean","NO3","Nitrate","TARA_B110000971","NS5 (genus)",7.58946870565978,"S21"
"a","Arctic Ocean","NO3","Nitrate","TARA_B110000971","OM182 (family)",2.21031057859057,"S21"
"a","Arctic Ocean","NO3","Nitrate","TARA_B110000971","Polaribacter (genus)",1.51978559041463,"S21"
"a","Arctic Ocean","NO3","Nitrate","TARA_B110000971","Marinimicrobia (phylum)",0.00945924641336907,"S21"
"a","Arctic Ocean","NO3","Nitrate","TARA_B110000971","SAR92 (genus)",2.74002837773924,"S21"
"a","Arctic Ocean","NO3","Nitrate","TARA_B110000971","AEGEAN-169 (genus)",1.91707393977613,"S21"
"a","Arctic Ocean","NO3","Nitrate","TARA_B110000971","Piscirickettsiaceae (family)",1.19501813022229,"S21"
"a","Arctic Ocean","NO3","Nitrate","TARA_B110000971","Marine (family)",0.0252246571023175,"S21"
"a","Arctic Ocean","NO3","Nitrate","TARA_B110000971","Marinoscillum (genus)",0.980608544852593,"S21"
"a","Arctic Ocean","NO3","Nitrate","TARA_B110000971","NS7 (family)",2.61390509222765,"S21"
"a","Arctic Ocean","NO3","Nitrate","TARA_B110000971","SAR86 (family)",0.293236638814441,"S21"
"a","Arctic Ocean","NO3","Nitrate","TARA_B110000971","Formosa (genus)",2.12202427873246,"S21"
"a","Arctic Ocean","NO3","Nitrate","TARA_B110000971","NS11-12 (family)",1.39996846917862,"S21"
"a","Arctic Ocean","NO3","Nitrate","TARA_B110000971","Flavobacteriaceae (family)",0.245940406747596,"S21"
"a","Arctic Ocean","NO3","Nitrate","TARA_B110000971","Phaeocystis (family)",1.52293867255242,"S21"
"a","Arctic Ocean","NO3","Nitrate","TARA_B110000971","Others",39.0761469336276,"S21"
"a","Arctic Ocean","NO3","Nitrate","TARA_B110000977","Chloroplast (class)",16.1840284641233,"S22"
"a","Arctic Ocean","NO3","Nitrate","TARA_B110000977","NS9 (family)",2.95512947222771,"S22"
"a","Arctic Ocean","NO3","Nitrate","TARA_B110000977","SAR11 (order)",1.93714172761415,"S22"
"a","Arctic Ocean","NO3","Nitrate","TARA_B110000977","Cryomorphaceae (family)",7.63984977268235,"S22"
"a","Arctic Ocean","NO3","Nitrate","TARA_B110000977","NS5 (genus)",6.24629373393951,"S22"
"a","Arctic Ocean","NO3","Nitrate","TARA_B110000977","OM182 (family)",3.21703894050208,"S22"
"a","Arctic Ocean","NO3","Nitrate","TARA_B110000977","Polaribacter (genus)",3.42953152796995,"S22"
"a","Arctic Ocean","NO3","Nitrate","TARA_B110000977","Marinimicrobia (phylum)",0.0098833761612967,"S22"
"a","Arctic Ocean","NO3","Nitrate","TARA_B110000977","SAR92 (genus)",1.58134018580747,"S22"
"a","Arctic Ocean","NO3","Nitrate","TARA_B110000977","AEGEAN-169 (genus)",0.444751927258351,"S22"
"a","Arctic Ocean","NO3","Nitrate","TARA_B110000977","Piscirickettsiaceae (family)",0.504052184226132,"S22"
"a","Arctic Ocean","NO3","Nitrate","TARA_B110000977","Marine (family)",0.0098833761612967,"S22"
"a","Arctic Ocean","NO3","Nitrate","TARA_B110000977","Marinoscillum (genus)",1.11682150622653,"S22"
"a","Arctic Ocean","NO3","Nitrate","TARA_B110000977","NS7 (family)",1.16623838703301,"S22"
"a","Arctic Ocean","NO3","Nitrate","TARA_B110000977","SAR86 (family)",0.252026092113066,"S22"
"a","Arctic Ocean","NO3","Nitrate","TARA_B110000977","Formosa (genus)",2.90571259142123,"S22"
"a","Arctic Ocean","NO3","Nitrate","TARA_B110000977","NS11-12 (family)",1.21071357975885,"S22"
"a","Arctic Ocean","NO3","Nitrate","TARA_B110000977","Flavobacteriaceae (family)",0.415101798774461,"S22"
"a","Arctic Ocean","NO3","Nitrate","TARA_B110000977","Phaeocystis (family)",0.830203597548923,"S22"
"a","Arctic Ocean","NO3","Nitrate","TARA_B110000977","Others",47.9442577584503,"S22"
"a","Arctic Ocean","NO3","Nitrate","TARA_B110000240","Chloroplast (class)",27.9893582127629,"S23"
"a","Arctic Ocean","NO3","Nitrate","TARA_B110000240","NS9 (family)",13.6083676518824,"S23"
"a","Arctic Ocean","NO3","Nitrate","TARA_B110000240","SAR11 (order)",3.52418091038303,"S23"
"a","Arctic Ocean","NO3","Nitrate","TARA_B110000240","Cryomorphaceae (family)",1.35937898611465,"S23"
"a","Arctic Ocean","NO3","Nitrate","TARA_B110000240","NS5 (genus)",3.77564780057582,"S23"
"a","Arctic Ocean","NO3","Nitrate","TARA_B110000240","OM182 (family)",5.48489376435001,"S23"
"a","Arctic Ocean","NO3","Nitrate","TARA_B110000240","Polaribacter (genus)",4.16560370275885,"S23"
"a","Arctic Ocean","NO3","Nitrate","TARA_B110000240","Marinimicrobia (phylum)",1.26826779401582,"S23"
"a","Arctic Ocean","NO3","Nitrate","TARA_B110000240","SAR92 (genus)",0.914756368672328,"S23"
"a","Arctic Ocean","NO3","Nitrate","TARA_B110000240","AEGEAN-169 (genus)",1.33386785232698,"S23"
"a","Arctic Ocean","NO3","Nitrate","TARA_B110000240","Piscirickettsiaceae (family)",3.09778053136047,"S23"
"a","Arctic Ocean","NO3","Nitrate","TARA_B110000240","Marine (family)",1.01680090382303,"S23"
"a","Arctic Ocean","NO3","Nitrate","TARA_B110000240","Marinoscillum (genus)",0.317066948503954,"S23"
"a","Arctic Ocean","NO3","Nitrate","TARA_B110000240","NS7 (family)",0.0838222967309304,"S23"
"a","Arctic Ocean","NO3","Nitrate","TARA_B110000240","SAR86 (family)",1.12977878202558,"S23"
"a","Arctic Ocean","NO3","Nitrate","TARA_B110000240","Formosa (genus)",0.89653413025256,"S23"
"a","Arctic Ocean","NO3","Nitrate","TARA_B110000240","NS11-12 (family)",4.86898210576187,"S23"
"a","Arctic Ocean","NO3","Nitrate","TARA_B110000240","Flavobacteriaceae (family)",1.30471227085535,"S23"
"a","Arctic Ocean","NO3","Nitrate","TARA_B110000240","Phaeocystis (family)",0.280622471664419,"S23"
"a","Arctic Ocean","NO3","Nitrate","TARA_B110000240","Others",23.5795765151791,"S23"
"a","Arctic Ocean","NO3","Nitrate","TARA_B110000902","Chloroplast (class)",13.5949959144572,"S24"
"a","Arctic Ocean","NO3","Nitrate","TARA_B110000902","NS9 (family)",9.21642106449522,"S24"
"a","Arctic Ocean","NO3","Nitrate","TARA_B110000902","SAR11 (order)",2.64574117381871,"S24"
"a","Arctic Ocean","NO3","Nitrate","TARA_B110000902","Cryomorphaceae (family)",10.7689273336902,"S24"
"a","Arctic Ocean","NO3","Nitrate","TARA_B110000902","NS5 (genus)",3.93902679552563,"S24"
"a","Arctic Ocean","NO3","Nitrate","TARA_B110000902","OM182 (family)",3.69671184243893,"S24"
"a","Arctic Ocean","NO3","Nitrate","TARA_B110000902","Polaribacter (genus)",4.71668873798991,"S24"
"a","Arctic Ocean","NO3","Nitrate","TARA_B110000902","Marinimicrobia (phylum)",0.211321180017469,"S24"
"a","Arctic Ocean","NO3","Nitrate","TARA_B110000902","SAR92 (genus)",4.98154461694514,"S24"
"a","Arctic Ocean","NO3","Nitrate","TARA_B110000902","AEGEAN-169 (genus)",0.349384350962216,"S24"
"a","Arctic Ocean","NO3","Nitrate","TARA_B110000902","Piscirickettsiaceae (family)",0.484629906173396,"S24"
"a","Arctic Ocean","NO3","Nitrate","TARA_B110000902","Marine (family)",1.30173846890761,"S24"
"a","Arctic Ocean","NO3","Nitrate","TARA_B110000902","Marinoscillum (genus)",0.870643261671973,"S24"
"a","Arctic Ocean","NO3","Nitrate","TARA_B110000902","NS7 (family)",2.0794004113719,"S24"
"a","Arctic Ocean","NO3","Nitrate","TARA_B110000902","SAR86 (family)",0.233862105885999,"S24"
"a","Arctic Ocean","NO3","Nitrate","TARA_B110000902","Formosa (genus)",1.44261925558592,"S24"
"a","Arctic Ocean","NO3","Nitrate","TARA_B110000902","NS11-12 (family)",3.51074920402356,"S24"
"a","Arctic Ocean","NO3","Nitrate","TARA_B110000902","Flavobacteriaceae (family)",1.12986390916007,"S24"
"a","Arctic Ocean","NO3","Nitrate","TARA_B110000902","Phaeocystis (family)",0.464906596038432,"S24"
"a","Arctic Ocean","NO3","Nitrate","TARA_B110000902","Others",34.3608238708405,"S24"
"a","Arctic Ocean","NO3","Nitrate","TARA_B110000046","Chloroplast (class)",8.7884015659213,"S25"
"a","Arctic Ocean","NO3","Nitrate","TARA_B110000046","NS9 (family)",0.995288965563002,"S25"
"a","Arctic Ocean","NO3","Nitrate","TARA_B110000046","SAR11 (order)",3.27118306681707,"S25"
"a","Arctic Ocean","NO3","Nitrate","TARA_B110000046","Cryomorphaceae (family)",23.3262557229116,"S25"
"a","Arctic Ocean","NO3","Nitrate","TARA_B110000046","NS5 (genus)",8.34383916130317,"S25"
"a","Arctic Ocean","NO3","Nitrate","TARA_B110000046","OM182 (family)",0.504279742551921,"S25"
"a","Arctic Ocean","NO3","Nitrate","TARA_B110000046","Polaribacter (genus)",3.02567845531153,"S25"
"a","Arctic Ocean","NO3","Nitrate","TARA_B110000046","Marinimicrobia (phylum)",1.02514763452989,"S25"
"a","Arctic Ocean","NO3","Nitrate","TARA_B110000046","SAR92 (genus)",0.729878574746201,"S25"
"a","Arctic Ocean","NO3","Nitrate","TARA_B110000046","AEGEAN-169 (genus)",0.0563997080485701,"S25"
"a","Arctic Ocean","NO3","Nitrate","TARA_B110000046","Piscirickettsiaceae (family)",0.812819321876451,"S25"
"a","Arctic Ocean","NO3","Nitrate","TARA_B110000046","Marine (family)",0.0829407471302502,"S25"
"a","Arctic Ocean","NO3","Nitrate","TARA_B110000046","Marinoscillum (genus)",9.06044721650852,"S25"
"a","Arctic Ocean","NO3","Nitrate","TARA_B110000046","NS7 (family)",0.955477406940482,"S25"
"a","Arctic Ocean","NO3","Nitrate","TARA_B110000046","SAR86 (family)",0.0696702275894101,"S25"
"a","Arctic Ocean","NO3","Nitrate","TARA_B110000046","Formosa (genus)",2.76690332426515,"S25"
"a","Arctic Ocean","NO3","Nitrate","TARA_B110000046","NS11-12 (family)",0.26872802070201,"S25"
"a","Arctic Ocean","NO3","Nitrate","TARA_B110000046","Flavobacteriaceae (family)",3.6128989449937,"S25"
"a","Arctic Ocean","NO3","Nitrate","TARA_B110000046","Phaeocystis (family)",0.0696702275894101,"S25"
"a","Arctic Ocean","NO3","Nitrate","TARA_B110000046","Others",32.2340919647004,"S25"
"a","Arctic Ocean","NO3","Nitrate","TARA_B110000879","Chloroplast (class)",4.05063291139241,"S26"
"a","Arctic Ocean","NO3","Nitrate","TARA_B110000879","NS9 (family)",8.84329986905282,"S26"
"a","Arctic Ocean","NO3","Nitrate","TARA_B110000879","SAR11 (order)",1.64993452640768,"S26"
"a","Arctic Ocean","NO3","Nitrate","TARA_B110000879","Cryomorphaceae (family)",8.51593190746399,"S26"
"a","Arctic Ocean","NO3","Nitrate","TARA_B110000879","NS5 (genus)",10.0742034046268,"S26"
"a","Arctic Ocean","NO3","Nitrate","TARA_B110000879","OM182 (family)",4.90178961152335,"S26"
"a","Arctic Ocean","NO3","Nitrate","TARA_B110000879","Polaribacter (genus)",4.29070274989088,"S26"
"a","Arctic Ocean","NO3","Nitrate","TARA_B110000879","Marinimicrobia (phylum)",0.165866433871672,"S26"
"a","Arctic Ocean","NO3","Nitrate","TARA_B110000879","SAR92 (genus)",5.27717154081187,"S26"
"a","Arctic Ocean","NO3","Nitrate","TARA_B110000879","AEGEAN-169 (genus)",0.615451767786993,"S26"
"a","Arctic Ocean","NO3","Nitrate","TARA_B110000879","Piscirickettsiaceae (family)",0.519423832387604,"S26"
"a","Arctic Ocean","NO3","Nitrate","TARA_B110000879","Marine (family)",0.458315146224356,"S26"
"a","Arctic Ocean","NO3","Nitrate","TARA_B110000879","Marinoscillum (genus)",1.89873417721519,"S26"
"a","Arctic Ocean","NO3","Nitrate","TARA_B110000879","NS7 (family)",2.54910519423832,"S26"
"a","Arctic Ocean","NO3","Nitrate","TARA_B110000879","SAR86 (family)",0.30117852466172,"S26"
"a","Arctic Ocean","NO3","Nitrate","TARA_B110000879","Formosa (genus)",4.94107376691401,"S26"
"a","Arctic Ocean","NO3","Nitrate","TARA_B110000879","NS11-12 (family)",3.58358795285901,"S26"
"a","Arctic Ocean","NO3","Nitrate","TARA_B110000879","Flavobacteriaceae (family)",1.81143605412484,"S26"
"a","Arctic Ocean","NO3","Nitrate","TARA_B110000879","Phaeocystis (family)",0.0829332169358359,"S26"
"a","Arctic Ocean","NO3","Nitrate","TARA_B110000879","Others",35.4692274116106,"S26"
"a","Arctic Ocean","NO3","Nitrate","TARA_B110001450","Chloroplast (class)",25.8463609069262,"S27"
"a","Arctic Ocean","NO3","Nitrate","TARA_B110001450","NS9 (family)",3.15767677813438,"S27"
"a","Arctic Ocean","NO3","Nitrate","TARA_B110001450","SAR11 (order)",9.47820685371156,"S27"
"a","Arctic Ocean","NO3","Nitrate","TARA_B110001450","Cryomorphaceae (family)",3.08520550781654,"S27"
"a","Arctic Ocean","NO3","Nitrate","TARA_B110001450","NS5 (genus)",1.70825137177762,"S27"
"a","Arctic Ocean","NO3","Nitrate","TARA_B110001450","OM182 (family)",0.0207060772336681,"S27"
"a","Arctic Ocean","NO3","Nitrate","TARA_B110001450","Polaribacter (genus)",0.471063257065949,"S27"
"a","Arctic Ocean","NO3","Nitrate","TARA_B110001450","Marinimicrobia (phylum)",0.43482762190703,"S27"
"a","Arctic Ocean","NO3","Nitrate","TARA_B110001450","SAR92 (genus)",2.68661352106843,"S27"
"a","Arctic Ocean","NO3","Nitrate","TARA_B110001450","AEGEAN-169 (genus)",1.17506988301066,"S27"
"a","Arctic Ocean","NO3","Nitrate","TARA_B110001450","Piscirickettsiaceae (family)",0.00517651930841702,"S27"
"a","Arctic Ocean","NO3","Nitrate","TARA_B110001450","Marine (family)",0.517651930841702,"S27"
"a","Arctic Ocean","NO3","Nitrate","TARA_B110001450","Marinoscillum (genus)",0.201884253028264,"S27"
"a","Arctic Ocean","NO3","Nitrate","TARA_B110001450","NS7 (family)",7.67677813438244,"S27"
"a","Arctic Ocean","NO3","Nitrate","TARA_B110001450","SAR86 (family)",1.59436794699244,"S27"
"a","Arctic Ocean","NO3","Nitrate","TARA_B110001450","Formosa (genus)",1.7030748524692,"S27"
"a","Arctic Ocean","NO3","Nitrate","TARA_B110001450","NS11-12 (family)",0,"S27"
"a","Arctic Ocean","NO3","Nitrate","TARA_B110001450","Flavobacteriaceae (family)",0.201884253028264,"S27"
"a","Arctic Ocean","NO3","Nitrate","TARA_B110001450","Phaeocystis (family)",0.465886737757532,"S27"
"a","Arctic Ocean","NO3","Nitrate","TARA_B110001450","Others",39.5693135935397,"S27"
"a","Arctic Ocean","NO3","Nitrate","TARA_B110000503","Chloroplast (class)",10.0443975559365,"S28"
"a","Arctic Ocean","NO3","Nitrate","TARA_B110000503","NS9 (family)",1.1824695591015,"S28"
"a","Arctic Ocean","NO3","Nitrate","TARA_B110000503","SAR11 (order)",2.43966767770012,"S28"
"a","Arctic Ocean","NO3","Nitrate","TARA_B110000503","Cryomorphaceae (family)",7.45966855685964,"S28"
"a","Arctic Ocean","NO3","Nitrate","TARA_B110000503","NS5 (genus)",1.35830146380061,"S28"
"a","Arctic Ocean","NO3","Nitrate","TARA_B110000503","OM182 (family)",4.83537737922546,"S28"
"a","Arctic Ocean","NO3","Nitrate","TARA_B110000503","Polaribacter (genus)",2.94078860609258,"S28"
"a","Arctic Ocean","NO3","Nitrate","TARA_B110000503","Marinimicrobia (phylum)",0,"S28"
"a","Arctic Ocean","NO3","Nitrate","TARA_B110000503","SAR92 (genus)",7.02888039034683,"S28"
"a","Arctic Ocean","NO3","Nitrate","TARA_B110000503","AEGEAN-169 (genus)",0.619807464064354,"S28"
"a","Arctic Ocean","NO3","Nitrate","TARA_B110000503","Piscirickettsiaceae (family)",0,"S28"
"a","Arctic Ocean","NO3","Nitrate","TARA_B110000503","Marine (family)",0.00439579761747769,"S28"
"a","Arctic Ocean","NO3","Nitrate","TARA_B110000503","Marinoscillum (genus)",5.12110422436151,"S28"
"a","Arctic Ocean","NO3","Nitrate","TARA_B110000503","NS7 (family)",0.00439579761747769,"S28"
"a","Arctic Ocean","NO3","Nitrate","TARA_B110000503","SAR86 (family)",0.17143610708163,"S28"
"a","Arctic Ocean","NO3","Nitrate","TARA_B110000503","Formosa (genus)",0.180227702316585,"S28"
"a","Arctic Ocean","NO3","Nitrate","TARA_B110000503","NS11-12 (family)",0.5714536902721,"S28"
"a","Arctic Ocean","NO3","Nitrate","TARA_B110000503","Flavobacteriaceae (family)",1.44182161853268,"S28"
"a","Arctic Ocean","NO3","Nitrate","TARA_B110000503","Phaeocystis (family)",0.259352059431184,"S28"
"a","Arctic Ocean","NO3","Nitrate","TARA_B110000503","Others",54.3364543496417,"S28"
"a","Arctic Ocean","NO3","Nitrate","TARA_B110000259","Chloroplast (class)",24.043339926047,"S29"
"a","Arctic Ocean","NO3","Nitrate","TARA_B110000259","NS9 (family)",3.63315848310259,"S29"
"a","Arctic Ocean","NO3","Nitrate","TARA_B110000259","SAR11 (order)",5.00902915125978,"S29"
"a","Arctic Ocean","NO3","Nitrate","TARA_B110000259","Cryomorphaceae (family)",4.52747441740476,"S29"
"a","Arctic Ocean","NO3","Nitrate","TARA_B110000259","NS5 (genus)",7.43400120388683,"S29"
"a","Arctic Ocean","NO3","Nitrate","TARA_B110000259","OM182 (family)",3.22899647433141,"S29"
"a","Arctic Ocean","NO3","Nitrate","TARA_B110000259","Polaribacter (genus)",3.0398142574598,"S29"
"a","Arctic Ocean","NO3","Nitrate","TARA_B110000259","Marinimicrobia (phylum)",0.0171983833519649,"S29"
"a","Arctic Ocean","NO3","Nitrate","TARA_B110000259","SAR92 (genus)",3.05271304497377,"S29"
"a","Arctic Ocean","NO3","Nitrate","TARA_B110000259","AEGEAN-169 (genus)",4.74245420930433,"S29"
"a","Arctic Ocean","NO3","Nitrate","TARA_B110000259","Piscirickettsiaceae (family)",1.79293146444234,"S29"
"a","Arctic Ocean","NO3","Nitrate","TARA_B110000259","Marine (family)",0.0214979791899561,"S29"
"a","Arctic Ocean","NO3","Nitrate","TARA_B110000259","Marinoscillum (genus)",1.21248602631353,"S29"
"a","Arctic Ocean","NO3","Nitrate","TARA_B110000259","NS7 (family)",0.146186258491702,"S29"
"a","Arctic Ocean","NO3","Nitrate","TARA_B110000259","SAR86 (family)",0.288072921145412,"S29"
"a","Arctic Ocean","NO3","Nitrate","TARA_B110000259","Formosa (genus)",1.77143348525239,"S29"
"a","Arctic Ocean","NO3","Nitrate","TARA_B110000259","NS11-12 (family)",4.07601685441568,"S29"
"a","Arctic Ocean","NO3","Nitrate","TARA_B110000259","Flavobacteriaceae (family)",0.507352308882965,"S29"
"a","Arctic Ocean","NO3","Nitrate","TARA_B110000259","Phaeocystis (family)",2.26158741078339,"S29"
"a","Arctic Ocean","NO3","Nitrate","TARA_B110000259","Others",29.1942557399604,"S29"
"a","Arctic Ocean","NO3","Nitrate","TARA_B110000090","Chloroplast (class)",13.3640319805688,"S30"
"a","Arctic Ocean","NO3","Nitrate","TARA_B110000090","NS9 (family)",7.73707114664508,"S30"
"a","Arctic Ocean","NO3","Nitrate","TARA_B110000090","SAR11 (order)",3.53709138751139,"S30"
"a","Arctic Ocean","NO3","Nitrate","TARA_B110000090","Cryomorphaceae (family)",10.7732010930068,"S30"
"a","Arctic Ocean","NO3","Nitrate","TARA_B110000090","NS5 (genus)",4.34672603987451,"S30"
"a","Arctic Ocean","NO3","Nitrate","TARA_B110000090","OM182 (family)",1.40167999190365,"S30"
"a","Arctic Ocean","NO3","Nitrate","TARA_B110000090","Polaribacter (genus)",5.92045339540532,"S30"
"a","Arctic Ocean","NO3","Nitrate","TARA_B110000090","Marinimicrobia (phylum)",0.166987147049894,"S30"
"a","Arctic Ocean","NO3","Nitrate","TARA_B110000090","SAR92 (genus)",6.55298046756401,"S30"
"a","Arctic Ocean","NO3","Nitrate","TARA_B110000090","AEGEAN-169 (genus)",1.45734237425362,"S30"
"a","Arctic Ocean","NO3","Nitrate","TARA_B110000090","Piscirickettsiaceae (family)",3.41058597307965,"S30"
"a","Arctic Ocean","NO3","Nitrate","TARA_B110000090","Marine (family)",0,"S30"
"a","Arctic Ocean","NO3","Nitrate","TARA_B110000090","Marinoscillum (genus)",1.83685861754883,"S30"
"a","Arctic Ocean","NO3","Nitrate","TARA_B110000090","NS7 (family)",0.172047363627163,"S30"
"a","Arctic Ocean","NO3","Nitrate","TARA_B110000090","SAR86 (family)",0.592045339540532,"S30"
"a","Arctic Ocean","NO3","Nitrate","TARA_B110000090","Formosa (genus)",1.14866916304018,"S30"
"a","Arctic Ocean","NO3","Nitrate","TARA_B110000090","NS11-12 (family)",3.44094727254326,"S30"
"a","Arctic Ocean","NO3","Nitrate","TARA_B110000090","Flavobacteriaceae (family)",3.37010424046149,"S30"
"a","Arctic Ocean","NO3","Nitrate","TARA_B110000090","Phaeocystis (family)",0.247950612286206,"S30"
"a","Arctic Ocean","NO3","Nitrate","TARA_B110000090","Others",30.5232263940897,"S30"
"a","Arctic Ocean","NO3","Nitrate","TARA_B110001469","Chloroplast (class)",8.11086754151527,"S31"
"a","Arctic Ocean","NO3","Nitrate","TARA_B110001469","NS9 (family)",5.57640911684334,"S31"
"a","Arctic Ocean","NO3","Nitrate","TARA_B110001469","SAR11 (order)",1.41136902795712,"S31"
"a","Arctic Ocean","NO3","Nitrate","TARA_B110001469","Cryomorphaceae (family)",2.83775262004144,"S31"
"a","Arctic Ocean","NO3","Nitrate","TARA_B110001469","NS5 (genus)",0.30930002102039,"S31"
"a","Arctic Ocean","NO3","Nitrate","TARA_B110001469","OM182 (family)",0.579562175310051,"S31"
"a","Arctic Ocean","NO3","Nitrate","TARA_B110001469","Polaribacter (genus)",3.04795651782229,"S31"
"a","Arctic Ocean","NO3","Nitrate","TARA_B110001469","Marinimicrobia (phylum)",0.0960932104141017,"S31"
"a","Arctic Ocean","NO3","Nitrate","TARA_B110001469","SAR92 (genus)",2.82273805591424,"S31"
"a","Arctic Ocean","NO3","Nitrate","TARA_B110001469","AEGEAN-169 (genus)",0.189183508002763,"S31"
"a","Arctic Ocean","NO3","Nitrate","TARA_B110001469","Piscirickettsiaceae (family)",11.3780366955947,"S31"
"a","Arctic Ocean","NO3","Nitrate","TARA_B110001469","Marine (family)",0.0420407795561695,"S31"
"a","Arctic Ocean","NO3","Nitrate","TARA_B110001469","Marinoscillum (genus)",0.177171856701,"S31"
"a","Arctic Ocean","NO3","Nitrate","TARA_B110001469","NS7 (family)",0.0600582565088135,"S31"
"a","Arctic Ocean","NO3","Nitrate","TARA_B110001469","SAR86 (family)",0.240233026035254,"S31"
"a","Arctic Ocean","NO3","Nitrate","TARA_B110001469","Formosa (genus)",0.384372841656407,"S31"
"a","Arctic Ocean","NO3","Nitrate","TARA_B110001469","NS11-12 (family)",0.0360349539052881,"S31"
"a","Arctic Ocean","NO3","Nitrate","TARA_B110001469","Flavobacteriaceae (family)",0.315305846671271,"S31"
"a","Arctic Ocean","NO3","Nitrate","TARA_B110001469","Phaeocystis (family)",16.8373322122459,"S31"
"a","Arctic Ocean","NO3","Nitrate","TARA_B110001469","Others",45.5481817362842,"S31"
"a","Arctic Ocean","NO3","Nitrate","TARA_B110001452","Chloroplast (class)",17.1929991439171,"S32"
"a","Arctic Ocean","NO3","Nitrate","TARA_B110001452","NS9 (family)",0.57547797964425,"S32"
"a","Arctic Ocean","NO3","Nitrate","TARA_B110001452","SAR11 (order)",12.6557595358128,"S32"
"a","Arctic Ocean","NO3","Nitrate","TARA_B110001452","Cryomorphaceae (family)",2.92495006182821,"S32"
"a","Arctic Ocean","NO3","Nitrate","TARA_B110001452","NS5 (genus)",3.319699419766,"S32"
"a","Arctic Ocean","NO3","Nitrate","TARA_B110001452","OM182 (family)",0.00475601636069628,"S32"
"a","Arctic Ocean","NO3","Nitrate","TARA_B110001452","Polaribacter (genus)",0.0523161799676591,"S32"
"a","Arctic Ocean","NO3","Nitrate","TARA_B110001452","Marinimicrobia (phylum)",1.17949205745268,"S32"
"a","Arctic Ocean","NO3","Nitrate","TARA_B110001452","SAR92 (genus)",0.580233996004946,"S32"
"a","Arctic Ocean","NO3","Nitrate","TARA_B110001452","AEGEAN-169 (genus)",0.65157424141539,"S32"
"a","Arctic Ocean","NO3","Nitrate","TARA_B110001452","Piscirickettsiaceae (family)",0,"S32"
"a","Arctic Ocean","NO3","Nitrate","TARA_B110001452","Marine (family)",4.40407115000476,"S32"
"a","Arctic Ocean","NO3","Nitrate","TARA_B110001452","Marinoscillum (genus)",0.57547797964425,"S32"
"a","Arctic Ocean","NO3","Nitrate","TARA_B110001452","NS7 (family)",22.8811947113098,"S32"
"a","Arctic Ocean","NO3","Nitrate","TARA_B110001452","SAR86 (family)",0.261580899838295,"S32"
"a","Arctic Ocean","NO3","Nitrate","TARA_B110001452","Formosa (genus)",0.665842290497479,"S32"
"a","Arctic Ocean","NO3","Nitrate","TARA_B110001452","NS11-12 (family)",0,"S32"
"a","Arctic Ocean","NO3","Nitrate","TARA_B110001452","Flavobacteriaceae (family)",0.0998763435746219,"S32"
"a","Arctic Ocean","NO3","Nitrate","TARA_B110001452","Phaeocystis (family)",0.237800818034814,"S32"
"a","Arctic Ocean","NO3","Nitrate","TARA_B110001452","Others",31.7368971749263,"S32"
"a","Arctic Ocean","NO3","Nitrate","TARA_B110000261","Chloroplast (class)",38.3819877040837,"S33"
"a","Arctic Ocean","NO3","Nitrate","TARA_B110000261","NS9 (family)",4.19364032409104,"S33"
"a","Arctic Ocean","NO3","Nitrate","TARA_B110000261","SAR11 (order)",4.05928097390171,"S33"
"a","Arctic Ocean","NO3","Nitrate","TARA_B110000261","Cryomorphaceae (family)",2.13753511664834,"S33"
"a","Arctic Ocean","NO3","Nitrate","TARA_B110000261","NS5 (genus)",3.85570620088759,"S33"
"a","Arctic Ocean","NO3","Nitrate","TARA_B110000261","OM182 (family)",2.87040429949921,"S33"
"a","Arctic Ocean","NO3","Nitrate","TARA_B110000261","Polaribacter (genus)",1.25809209722731,"S33"
"a","Arctic Ocean","NO3","Nitrate","TARA_B110000261","Marinimicrobia (phylum)",0.0529294409836733,"S33"
"a","Arctic Ocean","NO3","Nitrate","TARA_B110000261","SAR92 (genus)",1.54309677944709,"S33"
"a","Arctic Ocean","NO3","Nitrate","TARA_B110000261","AEGEAN-169 (genus)",4.05520947844143,"S33"
"a","Arctic Ocean","NO3","Nitrate","TARA_B110000261","Piscirickettsiaceae (family)",2.3573958715036,"S33"
"a","Arctic Ocean","NO3","Nitrate","TARA_B110000261","Marine (family)",0,"S33"
"a","Arctic Ocean","NO3","Nitrate","TARA_B110000261","Marinoscillum (genus)",1.31509303367127,"S33"
"a","Arctic Ocean","NO3","Nitrate","TARA_B110000261","NS7 (family)",0.146573836570172,"S33"
"a","Arctic Ocean","NO3","Nitrate","TARA_B110000261","SAR86 (family)",0.31757664590204,"S33"
"a","Arctic Ocean","NO3","Nitrate","TARA_B110000261","Formosa (genus)",0.679939741867188,"S33"
"a","Arctic Ocean","NO3","Nitrate","TARA_B110000261","NS11-12 (family)",1.88917389357111,"S33"
"a","Arctic Ocean","NO3","Nitrate","TARA_B110000261","Flavobacteriaceae (family)",0.830585073897643,"S33"
"a","Arctic Ocean","NO3","Nitrate","TARA_B110000261","Phaeocystis (family)",2.16603558487032,"S33"
"a","Arctic Ocean","NO3","Nitrate","TARA_B110000261","Others",27.8897439029355,"S33"
"a","Arctic Ocean","NO3","Nitrate","TARA_B110000858","Chloroplast (class)",0.671000209687566,"S34"
"a","Arctic Ocean","NO3","Nitrate","TARA_B110000858","NS9 (family)",5.69301740406794,"S34"
"a","Arctic Ocean","NO3","Nitrate","TARA_B110000858","SAR11 (order)",10.6626127070665,"S34"
"a","Arctic Ocean","NO3","Nitrate","TARA_B110000858","Cryomorphaceae (family)",4.52925141539107,"S34"
"a","Arctic Ocean","NO3","Nitrate","TARA_B110000858","NS5 (genus)",18.221849444328,"S34"
"a","Arctic Ocean","NO3","Nitrate","TARA_B110000858","OM182 (family)",1.25812539316419,"S34"
"a","Arctic Ocean","NO3","Nitrate","TARA_B110000858","Polaribacter (genus)",1.11134409729503,"S34"
"a","Arctic Ocean","NO3","Nitrate","TARA_B110000858","Marinimicrobia (phylum)",9.81337806668065,"S34"
"a","Arctic Ocean","NO3","Nitrate","TARA_B110000858","SAR92 (genus)",0.660515831411197,"S34"
"a","Arctic Ocean","NO3","Nitrate","TARA_B110000858","AEGEAN-169 (genus)",6.12287691339904,"S34"
"a","Arctic Ocean","NO3","Nitrate","TARA_B110000858","Piscirickettsiaceae (family)",1.49926609352065,"S34"
"a","Arctic Ocean","NO3","Nitrate","TARA_B110000858","Marine (family)",0.345984483120151,"S34"
"a","Arctic Ocean","NO3","Nitrate","TARA_B110000858","Marinoscillum (genus)",4.3195638498637,"S34"
"a","Arctic Ocean","NO3","Nitrate","TARA_B110000858","NS7 (family)",3.17676661773957,"S34"
"a","Arctic Ocean","NO3","Nitrate","TARA_B110000858","SAR86 (family)",0.733906479345775,"S34"
"a","Arctic Ocean","NO3","Nitrate","TARA_B110000858","Formosa (genus)",2.12832879010275,"S34"
"a","Arctic Ocean","NO3","Nitrate","TARA_B110000858","NS11-12 (family)",0.828265883833089,"S34"
"a","Arctic Ocean","NO3","Nitrate","TARA_B110000858","Flavobacteriaceae (family)",0.754875235898511,"S34"
"a","Arctic Ocean","NO3","Nitrate","TARA_B110000858","Phaeocystis (family)",0.0314531348291046,"S34"
"a","Arctic Ocean","NO3","Nitrate","TARA_B110000858","Others",27.4376179492556,"S34"
"a","Arctic Ocean","NO3","Nitrate","TARA_B110000027","Chloroplast (class)",4.65514967690887,"S35"
"a","Arctic Ocean","NO3","Nitrate","TARA_B110000027","NS9 (family)",0.303310035605961,"S35"
"a","Arctic Ocean","NO3","Nitrate","TARA_B110000027","SAR11 (order)",8.85533430040881,"S35"
"a","Arctic Ocean","NO3","Nitrate","TARA_B110000027","Cryomorphaceae (family)",17.3546089938019,"S35"
"a","Arctic Ocean","NO3","Nitrate","TARA_B110000027","NS5 (genus)",15.9303705657392,"S35"
"a","Arctic Ocean","NO3","Nitrate","TARA_B110000027","OM182 (family)",0.448371356982725,"S35"
"a","Arctic Ocean","NO3","Nitrate","TARA_B110000027","Polaribacter (genus)",3.46169062376368,"S35"
"a","Arctic Ocean","NO3","Nitrate","TARA_B110000027","Marinimicrobia (phylum)",0.085718053540815,"S35"
"a","Arctic Ocean","NO3","Nitrate","TARA_B110000027","SAR92 (genus)",1.48358169589872,"S35"
"a","Arctic Ocean","NO3","Nitrate","TARA_B110000027","AEGEAN-169 (genus)",0.250560464196228,"S35"
"a","Arctic Ocean","NO3","Nitrate","TARA_B110000027","Piscirickettsiaceae (family)",3.95621785572992,"S35"
"a","Arctic Ocean","NO3","Nitrate","TARA_B110000027","Marine (family)",0,"S35"
"a","Arctic Ocean","NO3","Nitrate","TARA_B110000027","Marinoscillum (genus)",9.55426612158776,"S35"
"a","Arctic Ocean","NO3","Nitrate","TARA_B110000027","NS7 (family)",1.70776737439008,"S35"
"a","Arctic Ocean","NO3","Nitrate","TARA_B110000027","SAR86 (family)",0.125280232098114,"S35"
"a","Arctic Ocean","NO3","Nitrate","TARA_B110000027","Formosa (genus)",7.34537781880522,"S35"
"a","Arctic Ocean","NO3","Nitrate","TARA_B110000027","NS11-12 (family)",0.270341553474878,"S35"
"a","Arctic Ocean","NO3","Nitrate","TARA_B110000027","Flavobacteriaceae (family)",2.87485164183041,"S35"
"a","Arctic Ocean","NO3","Nitrate","TARA_B110000027","Phaeocystis (family)",0,"S35"
"a","Arctic Ocean","NO3","Nitrate","TARA_B110000027","Others",21.3372016352367,"S35"
"a","Arctic Ocean","NO3","Nitrate","TARA_B110000238","Chloroplast (class)",32.1975250718433,"S36"
"a","Arctic Ocean","NO3","Nitrate","TARA_B110000238","NS9 (family)",11.5594393290716,"S36"
"a","Arctic Ocean","NO3","Nitrate","TARA_B110000238","SAR11 (order)",2.58929095067738,"S36"
"a","Arctic Ocean","NO3","Nitrate","TARA_B110000238","Cryomorphaceae (family)",0.712568177819483,"S36"
"a","Arctic Ocean","NO3","Nitrate","TARA_B110000238","NS5 (genus)",5.19324379801771,"S36"
"a","Arctic Ocean","NO3","Nitrate","TARA_B110000238","OM182 (family)",8.1168259926104,"S36"
"a","Arctic Ocean","NO3","Nitrate","TARA_B110000238","Polaribacter (genus)",3.86194358102164,"S36"
"a","Arctic Ocean","NO3","Nitrate","TARA_B110000238","Marinimicrobia (phylum)",0.1231599319688,"S36"
"a","Arctic Ocean","NO3","Nitrate","TARA_B110000238","SAR92 (genus)",1.20227552636209,"S36"
"a","Arctic Ocean","NO3","Nitrate","TARA_B110000238","AEGEAN-169 (genus)",1.14362793971028,"S36"
"a","Arctic Ocean","NO3","Nitrate","TARA_B110000238","Piscirickettsiaceae (family)",5.24016186733916,"S36"
"a","Arctic Ocean","NO3","Nitrate","TARA_B110000238","Marine (family)",0.038120931323676,"S36"
"a","Arctic Ocean","NO3","Nitrate","TARA_B110000238","Marinoscillum (genus)",0.173010380622837,"S36"
"a","Arctic Ocean","NO3","Nitrate","TARA_B110000238","NS7 (family)",0.0879713799777139,"S36"
"a","Arctic Ocean","NO3","Nitrate","TARA_B110000238","SAR86 (family)",0.331358864582722,"S36"
"a","Arctic Ocean","NO3","Nitrate","TARA_B110000238","Formosa (genus)",1.21986980235763,"S36"
"a","Arctic Ocean","NO3","Nitrate","TARA_B110000238","NS11-12 (family)",6.51574687701601,"S36"
"a","Arctic Ocean","NO3","Nitrate","TARA_B110000238","Flavobacteriaceae (family)",1.32543545833089,"S36"
"a","Arctic Ocean","NO3","Nitrate","TARA_B110000238","Phaeocystis (family)",0.284440795261275,"S36"
"a","Arctic Ocean","NO3","Nitrate","TARA_B110000238","Others",18.0839833440854,"S36"
"a","Arctic Ocean","NO3","Nitrate","TARA_B110000208","Chloroplast (class)",22.7104370540762,"S37"
"a","Arctic Ocean","NO3","Nitrate","TARA_B110000208","NS9 (family)",4.05084018870131,"S37"
"a","Arctic Ocean","NO3","Nitrate","TARA_B110000208","SAR11 (order)",1.46204530391048,"S37"
"a","Arctic Ocean","NO3","Nitrate","TARA_B110000208","Cryomorphaceae (family)",9.39997660727514,"S37"
"a","Arctic Ocean","NO3","Nitrate","TARA_B110000208","NS5 (genus)",4.67074739755936,"S37"
"a","Arctic Ocean","NO3","Nitrate","TARA_B110000208","OM182 (family)",3.30617178057624,"S37"
"a","Arctic Ocean","NO3","Nitrate","TARA_B110000208","Polaribacter (genus)",1.99228040079535,"S37"
"a","Arctic Ocean","NO3","Nitrate","TARA_B110000208","Marinimicrobia (phylum)",0.0233927248625677,"S37"
"a","Arctic Ocean","NO3","Nitrate","TARA_B110000208","SAR92 (genus)",4.88128192132247,"S37"
"a","Arctic Ocean","NO3","Nitrate","TARA_B110000208","AEGEAN-169 (genus)",0.530235096884869,"S37"
"a","Arctic Ocean","NO3","Nitrate","TARA_B110000208","Piscirickettsiaceae (family)",8.30441732621155,"S37"
"a","Arctic Ocean","NO3","Nitrate","TARA_B110000208","Marine (family)",0,"S37"
"a","Arctic Ocean","NO3","Nitrate","TARA_B110000208","Marinoscillum (genus)",1.21252290537643,"S37"
"a","Arctic Ocean","NO3","Nitrate","TARA_B110000208","NS7 (family)",0.0584818121564194,"S37"
"a","Arctic Ocean","NO3","Nitrate","TARA_B110000208","SAR86 (family)",0.148153924129596,"S37"
"a","Arctic Ocean","NO3","Nitrate","TARA_B110000208","Formosa (genus)",0.959101719365277,"S37"
"a","Arctic Ocean","NO3","Nitrate","TARA_B110000208","NS11-12 (family)",3.1892081562634,"S37"
"a","Arctic Ocean","NO3","Nitrate","TARA_B110000208","Flavobacteriaceae (family)",1.14624351826582,"S37"
"a","Arctic Ocean","NO3","Nitrate","TARA_B110000208","Phaeocystis (family)",0.853834457483723,"S37"
"a","Arctic Ocean","NO3","Nitrate","TARA_B110000208","Others",31.1006277047838,"S37"
"a","Arctic Ocean","NO3","Nitrate","TARA_B110000114","Chloroplast (class)",13.3707969533717,"S38"
"a","Arctic Ocean","NO3","Nitrate","TARA_B110000114","NS9 (family)",19.8727475385473,"S38"
"a","Arctic Ocean","NO3","Nitrate","TARA_B110000114","SAR11 (order)",3.15344603381014,"S38"
"a","Arctic Ocean","NO3","Nitrate","TARA_B110000114","Cryomorphaceae (family)",7.77447519970277,"S38"
"a","Arctic Ocean","NO3","Nitrate","TARA_B110000114","NS5 (genus)",5.51272524614527,"S38"
"a","Arctic Ocean","NO3","Nitrate","TARA_B110000114","OM182 (family)",0.459780791380271,"S38"
"a","Arctic Ocean","NO3","Nitrate","TARA_B110000114","Polaribacter (genus)",8.23890024150102,"S38"
"a","Arctic Ocean","NO3","Nitrate","TARA_B110000114","Marinimicrobia (phylum)",0.0464425041798254,"S38"
"a","Arctic Ocean","NO3","Nitrate","TARA_B110000114","SAR92 (genus)",4.80215493219394,"S38"
"a","Arctic Ocean","NO3","Nitrate","TARA_B110000114","AEGEAN-169 (genus)",2.55898198030838,"S38"
"a","Arctic Ocean","NO3","Nitrate","TARA_B110000114","Piscirickettsiaceae (family)",5.70778376370054,"S38"
"a","Arctic Ocean","NO3","Nitrate","TARA_B110000114","Marine (family)",0.00464425041798254,"S38"
"a","Arctic Ocean","NO3","Nitrate","TARA_B110000114","Marinoscillum (genus)",1.4629388816645,"S38"
"a","Arctic Ocean","NO3","Nitrate","TARA_B110000114","NS7 (family)",0.334386030094743,"S38"
"a","Arctic Ocean","NO3","Nitrate","TARA_B110000114","SAR86 (family)",0.25543377298904,"S38"
"a","Arctic Ocean","NO3","Nitrate","TARA_B110000114","Formosa (genus)",3.38565855470927,"S38"
"a","Arctic Ocean","NO3","Nitrate","TARA_B110000114","NS11-12 (family)",1.5418911387702,"S38"
"a","Arctic Ocean","NO3","Nitrate","TARA_B110000114","Flavobacteriaceae (family)",2.50789522571057,"S38"
"a","Arctic Ocean","NO3","Nitrate","TARA_B110000114","Phaeocystis (family)",1.20750510867546,"S38"
"a","Arctic Ocean","NO3","Nitrate","TARA_B110000114","Others",17.8014118521271,"S38"
"b","North Atlantic Ocean","Depth.nominal","Depth (m)","TARA_B100001146","SAR11 (order)",12.2387865373348,"S1"
"b","North Atlantic Ocean","Depth.nominal","Depth (m)","TARA_B100001146","Marinimicrobia (phylum)",10.295553674891,"S1"
"b","North Atlantic Ocean","Depth.nominal","Depth (m)","TARA_B100001146","Marine (family)",5.39027407069852,"S1"
"b","North Atlantic Ocean","Depth.nominal","Depth (m)","TARA_B100001146","SAR86 (family)",1.93021287676584,"S1"
"b","North Atlantic Ocean","Depth.nominal","Depth (m)","TARA_B100001146","Marine (class)",10.4843434672222,"S1"
"b","North Atlantic Ocean","Depth.nominal","Depth (m)","TARA_B100001146","Chloroplast (class)",0.0585899355510709,"S1"
"b","North Atlantic Ocean","Depth.nominal","Depth (m)","TARA_B100001146","AEGEAN-169 (genus)",3.65861597552243,"S1"
"b","North Atlantic Ocean","Depth.nominal","Depth (m)","TARA_B100001146","Prochlorococcus (genus)",0.120434867521646,"S1"
"b","North Atlantic Ocean","Depth.nominal","Depth (m)","TARA_B100001146","SAR202 (class)",6.46442288913482,"S1"
"b","North Atlantic Ocean","Depth.nominal","Depth (m)","TARA_B100001146","SAR324 (order)",1.41592344248421,"S1"
"b","North Atlantic Ocean","Depth.nominal","Depth (m)","TARA_B100001146","NS5 (genus)",1.02206887572424,"S1"
"b","North Atlantic Ocean","Depth.nominal","Depth (m)","TARA_B100001146","Syndiniales (genus)",2.5584271857301,"S1"
"b","North Atlantic Ocean","Depth.nominal","Depth (m)","TARA_B100001146","NS9 (family)",1.0741488184363,"S1"
"b","North Atlantic Ocean","Depth.nominal","Depth (m)","TARA_B100001146","NS4 (genus)",0.0292949677755354,"S1"
"b","North Atlantic Ocean","Depth.nominal","Depth (m)","TARA_B100001146","ZD0417 (genus)",0.93418397239763,"S1"
"b","North Atlantic Ocean","Depth.nominal","Depth (m)","TARA_B100001146","Rhodospirillaceae (family)",1.34431352125513,"S1"
"b","North Atlantic Ocean","Depth.nominal","Depth (m)","TARA_B100001146","OM1 (family)",0.100904889004622,"S1"
"b","North Atlantic Ocean","Depth.nominal","Depth (m)","TARA_B100001146","Gammaproteobacteria (order)",0.133454853199661,"S1"
"b","North Atlantic Ocean","Depth.nominal","Depth (m)","TARA_B100001146","Marinoscillum (genus)",0.891869018944079,"S1"
"b","North Atlantic Ocean","Depth.nominal","Depth (m)","TARA_B100001146","Others",39.8541761604062,"S1"
"b","North Atlantic Ocean","Depth.nominal","Depth (m)","TARA_B100001559","SAR11 (order)",12.3015873015873,"S2"
"b","North Atlantic Ocean","Depth.nominal","Depth (m)","TARA_B100001559","Marinimicrobia (phylum)",8.71813371813372,"S2"
"b","North Atlantic Ocean","Depth.nominal","Depth (m)","TARA_B100001559","Marine (family)",7.91847041847042,"S2"
"b","North Atlantic Ocean","Depth.nominal","Depth (m)","TARA_B100001559","SAR86 (family)",4.3500481000481,"S2"
"b","North Atlantic Ocean","Depth.nominal","Depth (m)","TARA_B100001559","Marine (class)",5.01743626743627,"S2"
"b","North Atlantic Ocean","Depth.nominal","Depth (m)","TARA_B100001559","Chloroplast (class)",2.10137085137085,"S2"
"b","North Atlantic Ocean","Depth.nominal","Depth (m)","TARA_B100001559","AEGEAN-169 (genus)",3.41510341510342,"S2"
"b","North Atlantic Ocean","Depth.nominal","Depth (m)","TARA_B100001559","Prochlorococcus (genus)",1.97210197210197,"S2"
"b","North Atlantic Ocean","Depth.nominal","Depth (m)","TARA_B100001559","SAR202 (class)",2.3989898989899,"S2"
"b","North Atlantic Ocean","Depth.nominal","Depth (m)","TARA_B100001559","SAR324 (order)",2.40800865800866,"S2"
"b","North Atlantic Ocean","Depth.nominal","Depth (m)","TARA_B100001559","NS5 (genus)",3.21368446368446,"S2"
"b","North Atlantic Ocean","Depth.nominal","Depth (m)","TARA_B100001559","Syndiniales (genus)",4.19973544973545,"S2"
"b","North Atlantic Ocean","Depth.nominal","Depth (m)","TARA_B100001559","NS9 (family)",1.57227032227032,"S2"
"b","North Atlantic Ocean","Depth.nominal","Depth (m)","TARA_B100001559","NS4 (genus)",1.12133237133237,"S2"
"b","North Atlantic Ocean","Depth.nominal","Depth (m)","TARA_B100001559","ZD0417 (genus)",1.71657046657047,"S2"
"b","North Atlantic Ocean","Depth.nominal","Depth (m)","TARA_B100001559","Rhodospirillaceae (family)",2.06830206830207,"S2"
"b","North Atlantic Ocean","Depth.nominal","Depth (m)","TARA_B100001559","OM1 (family)",1.77669552669553,"S2"
"b","North Atlantic Ocean","Depth.nominal","Depth (m)","TARA_B100001559","Gammaproteobacteria (order)",1.47005772005772,"S2"
"b","North Atlantic Ocean","Depth.nominal","Depth (m)","TARA_B100001559","Marinoscillum (genus)",1.08826358826359,"S2"
"b","North Atlantic Ocean","Depth.nominal","Depth (m)","TARA_B100001559","Others",31.1718374218374,"S2"
"b","North Atlantic Ocean","Depth.nominal","Depth (m)","TARA_B100001750","SAR11 (order)",10.6259837752755,"S3"
"b","North Atlantic Ocean","Depth.nominal","Depth (m)","TARA_B100001750","Marinimicrobia (phylum)",11.5316624288655,"S3"
"b","North Atlantic Ocean","Depth.nominal","Depth (m)","TARA_B100001750","Marine (family)",10.9407918634217,"S3"
"b","North Atlantic Ocean","Depth.nominal","Depth (m)","TARA_B100001750","SAR86 (family)",3.05121685434072,"S3"
"b","North Atlantic Ocean","Depth.nominal","Depth (m)","TARA_B100001750","Marine (class)",10.5606005569682,"S3"
"b","North Atlantic Ocean","Depth.nominal","Depth (m)","TARA_B100001750","Chloroplast (class)",0.0581184162731566,"S3"
"b","North Atlantic Ocean","Depth.nominal","Depth (m)","TARA_B100001750","AEGEAN-169 (genus)",2.89381281026759,"S3"
"b","North Atlantic Ocean","Depth.nominal","Depth (m)","TARA_B100001750","Prochlorococcus (genus)",0.317229688824313,"S3"
"b","North Atlantic Ocean","Depth.nominal","Depth (m)","TARA_B100001750","SAR202 (class)",6.85312991887638,"S3"
"b","North Atlantic Ocean","Depth.nominal","Depth (m)","TARA_B100001750","SAR324 (order)",5.37353190458893,"S3"
"b","North Atlantic Ocean","Depth.nominal","Depth (m)","TARA_B100001750","NS5 (genus)",0.426201719336481,"S3"
"b","North Atlantic Ocean","Depth.nominal","Depth (m)","TARA_B100001750","Syndiniales (genus)",3.35391693909674,"S3"
"b","North Atlantic Ocean","Depth.nominal","Depth (m)","TARA_B100001750","NS9 (family)",0.787020220365662,"S3"
"b","North Atlantic Ocean","Depth.nominal","Depth (m)","TARA_B100001750","NS4 (genus)",0.0823344230536385,"S3"
"b","North Atlantic Ocean","Depth.nominal","Depth (m)","TARA_B100001750","ZD0417 (genus)",2.06804697905315,"S3"
"b","North Atlantic Ocean","Depth.nominal","Depth (m)","TARA_B100001750","Rhodospirillaceae (family)",1.03886669088267,"S3"
"b","North Atlantic Ocean","Depth.nominal","Depth (m)","TARA_B100001750","OM1 (family)",0.474633732897445,"S3"
"b","North Atlantic Ocean","Depth.nominal","Depth (m)","TARA_B100001750","Gammaproteobacteria (order)",0.33418089357065,"S3"
"b","North Atlantic Ocean","Depth.nominal","Depth (m)","TARA_B100001750","Marinoscillum (genus)",0.513379343746216,"S3"
"b","North Atlantic Ocean","Depth.nominal","Depth (m)","TARA_B100001750","Others",28.7153408402954,"S3"
"b","North Atlantic Ocean","Depth.nominal","Depth (m)","TARA_B110000014","SAR11 (order)",15.1202749140893,"S4"
"b","North Atlantic Ocean","Depth.nominal","Depth (m)","TARA_B110000014","Marinimicrobia (phylum)",9.54299482561125,"S4"
"b","North Atlantic Ocean","Depth.nominal","Depth (m)","TARA_B110000014","Marine (family)",5.37188450448315,"S4"
"b","North Atlantic Ocean","Depth.nominal","Depth (m)","TARA_B110000014","SAR86 (family)",4.00916380297824,"S4"
"b","North Atlantic Ocean","Depth.nominal","Depth (m)","TARA_B110000014","Marine (class)",14.0695975036537,"S4"
"b","North Atlantic Ocean","Depth.nominal","Depth (m)","TARA_B110000014","Chloroplast (class)",0.276494055377809,"S4"
"b","North Atlantic Ocean","Depth.nominal","Depth (m)","TARA_B110000014","AEGEAN-169 (genus)",4.23430896235731,"S4"
"b","North Atlantic Ocean","Depth.nominal","Depth (m)","TARA_B110000014","Prochlorococcus (genus)",0.193545838764467,"S4"
"b","North Atlantic Ocean","Depth.nominal","Depth (m)","TARA_B110000014","SAR202 (class)",3.34162815499467,"S4"
"b","North Atlantic Ocean","Depth.nominal","Depth (m)","TARA_B110000014","SAR324 (order)",3.02168503377177,"S4"
"b","North Atlantic Ocean","Depth.nominal","Depth (m)","TARA_B110000014","NS5 (genus)",0.766283524904214,"S4"
"b","North Atlantic Ocean","Depth.nominal","Depth (m)","TARA_B110000014","Syndiniales (genus)",0.896630722439468,"S4"
"b","North Atlantic Ocean","Depth.nominal","Depth (m)","TARA_B110000014","NS9 (family)",1.50096772919382,"S4"
"b","North Atlantic Ocean","Depth.nominal","Depth (m)","TARA_B110000014","NS4 (genus)",0.217245329225422,"S4"
"b","North Atlantic Ocean","Depth.nominal","Depth (m)","TARA_B110000014","ZD0417 (genus)",1.97495753841292,"S4"
"b","North Atlantic Ocean","Depth.nominal","Depth (m)","TARA_B110000014","Rhodospirillaceae (family)",1.82881068057037,"S4"
"b","North Atlantic Ocean","Depth.nominal","Depth (m)","TARA_B110000014","OM1 (family)",0.3515424418375,"S4"
"b","North Atlantic Ocean","Depth.nominal","Depth (m)","TARA_B110000014","Gammaproteobacteria (order)",0.568787771062922,"S4"
"b","North Atlantic Ocean","Depth.nominal","Depth (m)","TARA_B110000014","Marinoscillum (genus)",1.57996603073034,"S4"
"b","North Atlantic Ocean","Depth.nominal","Depth (m)","TARA_B110000014","Others",31.1332306355413,"S4"
"b","North Atlantic Ocean","Depth.nominal","Depth (m)","TARA_B100001765","SAR11 (order)",16.9741697416974,"S5"
"b","North Atlantic Ocean","Depth.nominal","Depth (m)","TARA_B100001765","Marinimicrobia (phylum)",9.89880353348988,"S5"
"b","North Atlantic Ocean","Depth.nominal","Depth (m)","TARA_B100001765","Marine (family)",4.55384099295538,"S5"
"b","North Atlantic Ocean","Depth.nominal","Depth (m)","TARA_B100001765","SAR86 (family)",1.95963323269596,"S5"
"b","North Atlantic Ocean","Depth.nominal","Depth (m)","TARA_B100001765","Marine (class)",11.3272950911327,"S5"
"b","North Atlantic Ocean","Depth.nominal","Depth (m)","TARA_B100001765","Chloroplast (class)",0.0251593425025159,"S5"
"b","North Atlantic Ocean","Depth.nominal","Depth (m)","TARA_B100001765","AEGEAN-169 (genus)",4.12613217041261,"S5"
"b","North Atlantic Ocean","Depth.nominal","Depth (m)","TARA_B100001765","Prochlorococcus (genus)",0.164933467516493,"S5"
"b","North Atlantic Ocean","Depth.nominal","Depth (m)","TARA_B100001765","SAR202 (class)",5.70837526557084,"S5"
"b","North Atlantic Ocean","Depth.nominal","Depth (m)","TARA_B100001765","SAR324 (order)",6.84334116068433,"S5"
"b","North Atlantic Ocean","Depth.nominal","Depth (m)","TARA_B100001765","NS5 (genus)",0.273957285027396,"S5"
"b","North Atlantic Ocean","Depth.nominal","Depth (m)","TARA_B100001765","Syndiniales (genus)",1.56267471765627,"S5"
"b","North Atlantic Ocean","Depth.nominal","Depth (m)","TARA_B100001765","NS9 (family)",0.505982332550598,"S5"
"b","North Atlantic Ocean","Depth.nominal","Depth (m)","TARA_B100001765","NS4 (genus)",0.0223638600022364,"S5"
"b","North Atlantic Ocean","Depth.nominal","Depth (m)","TARA_B100001765","ZD0417 (genus)",0.746393827574639,"S5"
"b","North Atlantic Ocean","Depth.nominal","Depth (m)","TARA_B100001765","Rhodospirillaceae (family)",1.4760147601476,"S5"
"b","North Atlantic Ocean","Depth.nominal","Depth (m)","TARA_B100001765","OM1 (family)",0.0363412725036341,"S5"
"b","North Atlantic Ocean","Depth.nominal","Depth (m)","TARA_B100001765","Gammaproteobacteria (order)",0.164933467516493,"S5"
"b","North Atlantic Ocean","Depth.nominal","Depth (m)","TARA_B100001765","Marinoscillum (genus)",0.525550710052555,"S5"
"b","North Atlantic Ocean","Depth.nominal","Depth (m)","TARA_B100001765","Others",33.1041037683104,"S5"
"b","North Atlantic Ocean","Depth.nominal","Depth (m)","TARA_B100001179","SAR11 (order)",17.265413992391,"S6"
"b","North Atlantic Ocean","Depth.nominal","Depth (m)","TARA_B100001179","Marinimicrobia (phylum)",10.5886794644672,"S6"
"b","North Atlantic Ocean","Depth.nominal","Depth (m)","TARA_B100001179","Marine (family)",4.66993872157523,"S6"
"b","North Atlantic Ocean","Depth.nominal","Depth (m)","TARA_B100001179","SAR86 (family)",2.2739813550954,"S6"
"b","North Atlantic Ocean","Depth.nominal","Depth (m)","TARA_B100001179","Marine (class)",10.211134667325,"S6"
"b","North Atlantic Ocean","Depth.nominal","Depth (m)","TARA_B100001179","Chloroplast (class)",0.0261377167252345,"S6"
"b","North Atlantic Ocean","Depth.nominal","Depth (m)","TARA_B100001179","AEGEAN-169 (genus)",4.28658554293846,"S6"
"b","North Atlantic Ocean","Depth.nominal","Depth (m)","TARA_B100001179","Prochlorococcus (genus)",0.110359248395435,"S6"
"b","North Atlantic Ocean","Depth.nominal","Depth (m)","TARA_B100001179","SAR202 (class)",5.77353120552958,"S6"
"b","North Atlantic Ocean","Depth.nominal","Depth (m)","TARA_B100001179","SAR324 (order)",6.87421949873668,"S6"
"b","North Atlantic Ocean","Depth.nominal","Depth (m)","TARA_B100001179","NS5 (genus)",0.357215461911538,"S6"
"b","North Atlantic Ocean","Depth.nominal","Depth (m)","TARA_B100001179","Syndiniales (genus)",1.61182586472279,"S6"
"b","North Atlantic Ocean","Depth.nominal","Depth (m)","TARA_B100001179","NS9 (family)",0.821885981471263,"S6"
"b","North Atlantic Ocean","Depth.nominal","Depth (m)","TARA_B100001179","NS4 (genus)",0.0348502889669794,"S6"
"b","North Atlantic Ocean","Depth.nominal","Depth (m)","TARA_B100001179","ZD0417 (genus)",0.778323120262539,"S6"
"b","North Atlantic Ocean","Depth.nominal","Depth (m)","TARA_B100001179","Rhodospirillaceae (family)",1.50146661632736,"S6"
"b","North Atlantic Ocean","Depth.nominal","Depth (m)","TARA_B100001179","OM1 (family)",0.0464670519559725,"S6"
"b","North Atlantic Ocean","Depth.nominal","Depth (m)","TARA_B100001179","Gammaproteobacteria (order)",0.226526878285366,"S6"
"b","North Atlantic Ocean","Depth.nominal","Depth (m)","TARA_B100001179","Marinoscillum (genus)",0.418203467603752,"S6"
"b","North Atlantic Ocean","Depth.nominal","Depth (m)","TARA_B100001179","Others",32.1232538553132,"S6"
"b","North Atlantic Ocean","Depth.nominal","Depth (m)","TARA_B100001167","SAR11 (order)",14.6305197275148,"S7"
"b","North Atlantic Ocean","Depth.nominal","Depth (m)","TARA_B100001167","Marinimicrobia (phylum)",10.7334278502023,"S7"
"b","North Atlantic Ocean","Depth.nominal","Depth (m)","TARA_B100001167","Marine (family)",5.71596528234033,"S7"
"b","North Atlantic Ocean","Depth.nominal","Depth (m)","TARA_B100001167","SAR86 (family)",1.79812579964729,"S7"
"b","North Atlantic Ocean","Depth.nominal","Depth (m)","TARA_B100001167","Marine (class)",9.38829143469691,"S7"
"b","North Atlantic Ocean","Depth.nominal","Depth (m)","TARA_B100001167","Chloroplast (class)",0.0311214080708185,"S7"
"b","North Atlantic Ocean","Depth.nominal","Depth (m)","TARA_B100001167","AEGEAN-169 (genus)",3.98699816729486,"S7"
"b","North Atlantic Ocean","Depth.nominal","Depth (m)","TARA_B100001167","Prochlorococcus (genus)",0.121027698053183,"S7"
"b","North Atlantic Ocean","Depth.nominal","Depth (m)","TARA_B100001167","SAR202 (class)",6.83979390711989,"S7"
"b","North Atlantic Ocean","Depth.nominal","Depth (m)","TARA_B100001167","SAR324 (order)",8.04315501919153,"S7"
"b","North Atlantic Ocean","Depth.nominal","Depth (m)","TARA_B100001167","NS5 (genus)",0.345793423009094,"S7"
"b","North Atlantic Ocean","Depth.nominal","Depth (m)","TARA_B100001167","Syndiniales (genus)",2.14737715688648,"S7"
"b","North Atlantic Ocean","Depth.nominal","Depth (m)","TARA_B100001167","NS9 (family)",0.452989384141914,"S7"
"b","North Atlantic Ocean","Depth.nominal","Depth (m)","TARA_B100001167","NS4 (genus)",0.0138317369203638,"S7"
"b","North Atlantic Ocean","Depth.nominal","Depth (m)","TARA_B100001167","ZD0417 (genus)",0.764203464850098,"S7"
"b","North Atlantic Ocean","Depth.nominal","Depth (m)","TARA_B100001167","Rhodospirillaceae (family)",1.54223866662056,"S7"
"b","North Atlantic Ocean","Depth.nominal","Depth (m)","TARA_B100001167","OM1 (family)",0.0311214080708185,"S7"
"b","North Atlantic Ocean","Depth.nominal","Depth (m)","TARA_B100001167","Gammaproteobacteria (order)",0.186728448424911,"S7"
"b","North Atlantic Ocean","Depth.nominal","Depth (m)","TARA_B100001167","Marinoscillum (genus)",0.418410041841004,"S7"
"b","North Atlantic Ocean","Depth.nominal","Depth (m)","TARA_B100001167","Others",32.8088799751029,"S7"
"b","North Atlantic Ocean","Depth.nominal","Depth (m)","TARA_B100001142","SAR11 (order)",10.5715308435748,"S8"
"b","North Atlantic Ocean","Depth.nominal","Depth (m)","TARA_B100001142","Marinimicrobia (phylum)",6.3039414548781,"S8"
"b","North Atlantic Ocean","Depth.nominal","Depth (m)","TARA_B100001142","Marine (family)",8.33631627093028,"S8"
"b","North Atlantic Ocean","Depth.nominal","Depth (m)","TARA_B100001142","SAR86 (family)",5.30962892256294,"S8"
"b","North Atlantic Ocean","Depth.nominal","Depth (m)","TARA_B100001142","Marine (class)",3.21759535457185,"S8"
"b","North Atlantic Ocean","Depth.nominal","Depth (m)","TARA_B100001142","Chloroplast (class)",9.11983454639462,"S8"
"b","North Atlantic Ocean","Depth.nominal","Depth (m)","TARA_B100001142","AEGEAN-169 (genus)",3.02668734836734,"S8"
"b","North Atlantic Ocean","Depth.nominal","Depth (m)","TARA_B100001142","Prochlorococcus (genus)",0.429543013960148,"S8"
"b","North Atlantic Ocean","Depth.nominal","Depth (m)","TARA_B100001142","SAR202 (class)",2.76021158970688,"S8"
"b","North Atlantic Ocean","Depth.nominal","Depth (m)","TARA_B100001142","SAR324 (order)",0.847154277532514,"S8"
"b","North Atlantic Ocean","Depth.nominal","Depth (m)","TARA_B100001142","NS5 (genus)",1.00624428270294,"S8"
"b","North Atlantic Ocean","Depth.nominal","Depth (m)","TARA_B100001142","Syndiniales (genus)",4.26758938869665,"S8"
"b","North Atlantic Ocean","Depth.nominal","Depth (m)","TARA_B100001142","NS9 (family)",2.22328282225669,"S8"
"b","North Atlantic Ocean","Depth.nominal","Depth (m)","TARA_B100001142","NS4 (genus)",1.09772103567593,"S8"
"b","North Atlantic Ocean","Depth.nominal","Depth (m)","TARA_B100001142","ZD0417 (genus)",3.22554985483037,"S8"
"b","North Atlantic Ocean","Depth.nominal","Depth (m)","TARA_B100001142","Rhodospirillaceae (family)",2.11987431889592,"S8"
"b","North Atlantic Ocean","Depth.nominal","Depth (m)","TARA_B100001142","OM1 (family)",0.735791273913216,"S8"
"b","North Atlantic Ocean","Depth.nominal","Depth (m)","TARA_B100001142","Gammaproteobacteria (order)",0.827268026886211,"S8"
"b","North Atlantic Ocean","Depth.nominal","Depth (m)","TARA_B100001142","Marinoscillum (genus)",0.898858529212902,"S8"
"b","North Atlantic Ocean","Depth.nominal","Depth (m)","TARA_B100001142","Others",33.6753768444497,"S8"
"b","North Atlantic Ocean","Depth.nominal","Depth (m)","TARA_B100002049","SAR11 (order)",12.1272238576731,"S9"
"b","North Atlantic Ocean","Depth.nominal","Depth (m)","TARA_B100002049","Marinimicrobia (phylum)",8.74184052220658,"S9"
"b","North Atlantic Ocean","Depth.nominal","Depth (m)","TARA_B100002049","Marine (family)",4.68769998720082,"S9"
"b","North Atlantic Ocean","Depth.nominal","Depth (m)","TARA_B100002049","SAR86 (family)",1.64149494432356,"S9"
"b","North Atlantic Ocean","Depth.nominal","Depth (m)","TARA_B100002049","Marine (class)",10.6777166261359,"S9"
"b","North Atlantic Ocean","Depth.nominal","Depth (m)","TARA_B100002049","Chloroplast (class)",0.00639959042621272,"S9"
"b","North Atlantic Ocean","Depth.nominal","Depth (m)","TARA_B100002049","AEGEAN-169 (genus)",4.41251759887367,"S9"
"b","North Atlantic Ocean","Depth.nominal","Depth (m)","TARA_B100002049","Prochlorococcus (genus)",0.127991808524254,"S9"
"b","North Atlantic Ocean","Depth.nominal","Depth (m)","TARA_B100002049","SAR202 (class)",2.29745296301037,"S9"
"b","North Atlantic Ocean","Depth.nominal","Depth (m)","TARA_B100002049","SAR324 (order)",5.96121848201715,"S9"
"b","North Atlantic Ocean","Depth.nominal","Depth (m)","TARA_B100002049","NS5 (genus)",0.45757071547421,"S9"
"b","North Atlantic Ocean","Depth.nominal","Depth (m)","TARA_B100002049","Syndiniales (genus)",1.53270190707795,"S9"
"b","North Atlantic Ocean","Depth.nominal","Depth (m)","TARA_B100002049","NS9 (family)",0.428772558556252,"S9"
"b","North Atlantic Ocean","Depth.nominal","Depth (m)","TARA_B100002049","NS4 (genus)",0.00639959042621272,"S9"
"b","North Atlantic Ocean","Depth.nominal","Depth (m)","TARA_B100002049","ZD0417 (genus)",1.09752975809548,"S9"
"b","North Atlantic Ocean","Depth.nominal","Depth (m)","TARA_B100002049","Rhodospirillaceae (family)",0.963138359145015,"S9"
"b","North Atlantic Ocean","Depth.nominal","Depth (m)","TARA_B100002049","OM1 (family)",0.0383975425572763,"S9"
"b","North Atlantic Ocean","Depth.nominal","Depth (m)","TARA_B100002049","Gammaproteobacteria (order)",0.243184436196083,"S9"
"b","North Atlantic Ocean","Depth.nominal","Depth (m)","TARA_B100002049","Marinoscillum (genus)",0.636759247408166,"S9"
"b","North Atlantic Ocean","Depth.nominal","Depth (m)","TARA_B100002049","Others",43.9139895046717,"S9"
"b","North Atlantic Ocean","Depth.nominal","Depth (m)","TARA_B100001758","SAR11 (order)",13.8092286889402,"S10"
"b","North Atlantic Ocean","Depth.nominal","Depth (m)","TARA_B100001758","Marinimicrobia (phylum)",6.83418784156854,"S10"
"b","North Atlantic Ocean","Depth.nominal","Depth (m)","TARA_B100001758","Marine (family)",7.29336864048679,"S10"
"b","North Atlantic Ocean","Depth.nominal","Depth (m)","TARA_B100001758","SAR86 (family)",3.9382500422559,"S10"
"b","North Atlantic Ocean","Depth.nominal","Depth (m)","TARA_B100001758","Marine (class)",3.53822750577497,"S10"
"b","North Atlantic Ocean","Depth.nominal","Depth (m)","TARA_B100001758","Chloroplast (class)",8.02298721054707,"S10"
"b","North Atlantic Ocean","Depth.nominal","Depth (m)","TARA_B100001758","AEGEAN-169 (genus)",3.37765507915939,"S10"
"b","North Atlantic Ocean","Depth.nominal","Depth (m)","TARA_B100001758","Prochlorococcus (genus)",1.59163896557553,"S10"
"b","North Atlantic Ocean","Depth.nominal","Depth (m)","TARA_B100001758","SAR202 (class)",1.20288466955885,"S10"
"b","North Atlantic Ocean","Depth.nominal","Depth (m)","TARA_B100001758","SAR324 (order)",1.23105527071948,"S10"
"b","North Atlantic Ocean","Depth.nominal","Depth (m)","TARA_B100001758","NS5 (genus)",1.9043326384585,"S10"
"b","North Atlantic Ocean","Depth.nominal","Depth (m)","TARA_B100001758","Syndiniales (genus)",2.80297481548256,"S10"
"b","North Atlantic Ocean","Depth.nominal","Depth (m)","TARA_B100001758","NS9 (family)",2.27055045354668,"S10"
"b","North Atlantic Ocean","Depth.nominal","Depth (m)","TARA_B100001758","NS4 (genus)",1.84517437602118,"S10"
"b","North Atlantic Ocean","Depth.nominal","Depth (m)","TARA_B100001758","ZD0417 (genus)",2.83959659699138,"S10"
"b","North Atlantic Ocean","Depth.nominal","Depth (m)","TARA_B100001758","Rhodospirillaceae (family)",1.47895656093301,"S10"
"b","North Atlantic Ocean","Depth.nominal","Depth (m)","TARA_B100001758","OM1 (family)",2.51000056341202,"S10"
"b","North Atlantic Ocean","Depth.nominal","Depth (m)","TARA_B100001758","Gammaproteobacteria (order)",1.55783424418277,"S10"
"b","North Atlantic Ocean","Depth.nominal","Depth (m)","TARA_B100001758","Marinoscillum (genus)",1.25077469153192,"S10"
"b","North Atlantic Ocean","Depth.nominal","Depth (m)","TARA_B100001758","Others",30.7003211448532,"S10"
"b","North Atlantic Ocean","Depth.nominal","Depth (m)","TARA_B100001175","SAR11 (order)",12.3923739237392,"S11"
"b","North Atlantic Ocean","Depth.nominal","Depth (m)","TARA_B100001175","Marinimicrobia (phylum)",6.53751537515375,"S11"
"b","North Atlantic Ocean","Depth.nominal","Depth (m)","TARA_B100001175","Marine (family)",8.31488314883149,"S11"
"b","North Atlantic Ocean","Depth.nominal","Depth (m)","TARA_B100001175","SAR86 (family)",7.12177121771218,"S11"
"b","North Atlantic Ocean","Depth.nominal","Depth (m)","TARA_B100001175","Marine (class)",3.41635916359164,"S11"
"b","North Atlantic Ocean","Depth.nominal","Depth (m)","TARA_B100001175","Chloroplast (class)",2.78290282902829,"S11"
"b","North Atlantic Ocean","Depth.nominal","Depth (m)","TARA_B100001175","AEGEAN-169 (genus)",4.56949569495695,"S11"
"b","North Atlantic Ocean","Depth.nominal","Depth (m)","TARA_B100001175","Prochlorococcus (genus)",3.26875768757688,"S11"
"b","North Atlantic Ocean","Depth.nominal","Depth (m)","TARA_B100001175","SAR202 (class)",0.962484624846248,"S11"
"b","North Atlantic Ocean","Depth.nominal","Depth (m)","TARA_B100001175","SAR324 (order)",1.11008610086101,"S11"
"b","North Atlantic Ocean","Depth.nominal","Depth (m)","TARA_B100001175","NS5 (genus)",4.59409594095941,"S11"
"b","North Atlantic Ocean","Depth.nominal","Depth (m)","TARA_B100001175","Syndiniales (genus)",3.27183271832718,"S11"
"b","North Atlantic Ocean","Depth.nominal","Depth (m)","TARA_B100001175","NS9 (family)",1.13468634686347,"S11"
"b","North Atlantic Ocean","Depth.nominal","Depth (m)","TARA_B100001175","NS4 (genus)",2.5430504305043,"S11"
"b","North Atlantic Ocean","Depth.nominal","Depth (m)","TARA_B100001175","ZD0417 (genus)",1.89421894218942,"S11"
"b","North Atlantic Ocean","Depth.nominal","Depth (m)","TARA_B100001175","Rhodospirillaceae (family)",1.73124231242312,"S11"
"b","North Atlantic Ocean","Depth.nominal","Depth (m)","TARA_B100001175","OM1 (family)",1.46986469864699,"S11"
"b","North Atlantic Ocean","Depth.nominal","Depth (m)","TARA_B100001175","Gammaproteobacteria (order)",1.43911439114391,"S11"
"b","North Atlantic Ocean","Depth.nominal","Depth (m)","TARA_B100001175","Marinoscillum (genus)",0.771832718327183,"S11"
"b","North Atlantic Ocean","Depth.nominal","Depth (m)","TARA_B100001175","Others",30.6734317343173,"S11"
"b","North Atlantic Ocean","Depth.nominal","Depth (m)","TARA_B100001769","SAR11 (order)",15.7549163009914,"S12"
"b","North Atlantic Ocean","Depth.nominal","Depth (m)","TARA_B100001769","Marinimicrobia (phylum)",5.42824638387778,"S12"
"b","North Atlantic Ocean","Depth.nominal","Depth (m)","TARA_B100001769","Marine (family)",5.30797984722899,"S12"
"b","North Atlantic Ocean","Depth.nominal","Depth (m)","TARA_B100001769","SAR86 (family)",6.35137331383065,"S12"
"b","North Atlantic Ocean","Depth.nominal","Depth (m)","TARA_B100001769","Marine (class)",1.13440598082236,"S12"
"b","North Atlantic Ocean","Depth.nominal","Depth (m)","TARA_B100001769","Chloroplast (class)",5.37298878595807,"S12"
"b","North Atlantic Ocean","Depth.nominal","Depth (m)","TARA_B100001769","AEGEAN-169 (genus)",3.89728587680806,"S12"
"b","North Atlantic Ocean","Depth.nominal","Depth (m)","TARA_B100001769","Prochlorococcus (genus)",8.03185437997725,"S12"
"b","North Atlantic Ocean","Depth.nominal","Depth (m)","TARA_B100001769","SAR202 (class)",0.841865756541525,"S12"
"b","North Atlantic Ocean","Depth.nominal","Depth (m)","TARA_B100001769","SAR324 (order)",1.05964570128393,"S12"
"b","North Atlantic Ocean","Depth.nominal","Depth (m)","TARA_B100001769","NS5 (genus)",3.22444336096213,"S12"
"b","North Atlantic Ocean","Depth.nominal","Depth (m)","TARA_B100001769","Syndiniales (genus)",2.45083699008614,"S12"
"b","North Atlantic Ocean","Depth.nominal","Depth (m)","TARA_B100001769","NS9 (family)",1.55696408256135,"S12"
"b","North Atlantic Ocean","Depth.nominal","Depth (m)","TARA_B100001769","NS4 (genus)",1.82025028441411,"S12"
"b","North Atlantic Ocean","Depth.nominal","Depth (m)","TARA_B100001769","ZD0417 (genus)",0.939379164635137,"S12"
"b","North Atlantic Ocean","Depth.nominal","Depth (m)","TARA_B100001769","Rhodospirillaceae (family)",1.30667966845441,"S12"
"b","North Atlantic Ocean","Depth.nominal","Depth (m)","TARA_B100001769","OM1 (family)",2.62636112465464,"S12"
"b","North Atlantic Ocean","Depth.nominal","Depth (m)","TARA_B100001769","Gammaproteobacteria (order)",2.37932715748415,"S12"
"b","North Atlantic Ocean","Depth.nominal","Depth (m)","TARA_B100001769","Marinoscillum (genus)",0.988135868681944,"S12"
"b","North Atlantic Ocean","Depth.nominal","Depth (m)","TARA_B100001769","Others",29.527059970746,"S12"
"b","North Atlantic Ocean","Depth.nominal","Depth (m)","TARA_B100001741","SAR11 (order)",17.7480702539434,"S13"
"b","North Atlantic Ocean","Depth.nominal","Depth (m)","TARA_B100001741","Marinimicrobia (phylum)",6.49681172390648,"S13"
"b","North Atlantic Ocean","Depth.nominal","Depth (m)","TARA_B100001741","Marine (family)",8.05738896968341,"S13"
"b","North Atlantic Ocean","Depth.nominal","Depth (m)","TARA_B100001741","SAR86 (family)",3.73643584293545,"S13"
"b","North Atlantic Ocean","Depth.nominal","Depth (m)","TARA_B100001741","Marine (class)",3.32811276429131,"S13"
"b","North Atlantic Ocean","Depth.nominal","Depth (m)","TARA_B100001741","Chloroplast (class)",4.9306410112988,"S13"
"b","North Atlantic Ocean","Depth.nominal","Depth (m)","TARA_B100001741","AEGEAN-169 (genus)",3.63015997315136,"S13"
"b","North Atlantic Ocean","Depth.nominal","Depth (m)","TARA_B100001741","Prochlorococcus (genus)",1.98847745832867,"S13"
"b","North Atlantic Ocean","Depth.nominal","Depth (m)","TARA_B100001741","SAR202 (class)",2.04441212663609,"S13"
"b","North Atlantic Ocean","Depth.nominal","Depth (m)","TARA_B100001741","SAR324 (order)",1.43192750866987,"S13"
"b","North Atlantic Ocean","Depth.nominal","Depth (m)","TARA_B100001741","NS5 (genus)",2.39959727038819,"S13"
"b","North Atlantic Ocean","Depth.nominal","Depth (m)","TARA_B100001741","Syndiniales (genus)",1.4487079091621,"S13"
"b","North Atlantic Ocean","Depth.nominal","Depth (m)","TARA_B100001741","NS9 (family)",1.81507998657568,"S13"
"b","North Atlantic Ocean","Depth.nominal","Depth (m)","TARA_B100001741","NS4 (genus)",1.55498377894619,"S13"
"b","North Atlantic Ocean","Depth.nominal","Depth (m)","TARA_B100001741","ZD0417 (genus)",2.68206734534064,"S13"
"b","North Atlantic Ocean","Depth.nominal","Depth (m)","TARA_B100001741","Rhodospirillaceae (family)",1.62210538091509,"S13"
"b","North Atlantic Ocean","Depth.nominal","Depth (m)","TARA_B100001741","OM1 (family)",1.85982772122161,"S13"
"b","North Atlantic Ocean","Depth.nominal","Depth (m)","TARA_B100001741","Gammaproteobacteria (order)",1.72278778386844,"S13"
"b","North Atlantic Ocean","Depth.nominal","Depth (m)","TARA_B100001741","Marinoscillum (genus)",1.71160085020696,"S13"
"b","North Atlantic Ocean","Depth.nominal","Depth (m)","TARA_B100001741","Others",29.7908043405303,"S13"
"b","North Atlantic Ocean","Depth.nominal","Depth (m)","TARA_B100001778","SAR11 (order)",16.8603280455357,"S14"
"b","North Atlantic Ocean","Depth.nominal","Depth (m)","TARA_B100001778","Marinimicrobia (phylum)",5.91425010946078,"S14"
"b","North Atlantic Ocean","Depth.nominal","Depth (m)","TARA_B100001778","Marine (family)",5.94456232528376,"S14"
"b","North Atlantic Ocean","Depth.nominal","Depth (m)","TARA_B100001778","SAR86 (family)",6.09949142837897,"S14"
"b","North Atlantic Ocean","Depth.nominal","Depth (m)","TARA_B100001778","Marine (class)",0.744333299653094,"S14"
"b","North Atlantic Ocean","Depth.nominal","Depth (m)","TARA_B100001778","Chloroplast (class)",4.18308578357078,"S14"
"b","North Atlantic Ocean","Depth.nominal","Depth (m)","TARA_B100001778","AEGEAN-169 (genus)",3.42528038799636,"S14"
"b","North Atlantic Ocean","Depth.nominal","Depth (m)","TARA_B100001778","Prochlorococcus (genus)",7.15031491024216,"S14"
"b","North Atlantic Ocean","Depth.nominal","Depth (m)","TARA_B100001778","SAR202 (class)",0.838637971102354,"S14"
"b","North Atlantic Ocean","Depth.nominal","Depth (m)","TARA_B100001778","SAR324 (order)",1.05419150584352,"S14"
"b","North Atlantic Ocean","Depth.nominal","Depth (m)","TARA_B100001778","NS5 (genus)",3.74524266612778,"S14"
"b","North Atlantic Ocean","Depth.nominal","Depth (m)","TARA_B100001778","Syndiniales (genus)",1.74800444579165,"S14"
"b","North Atlantic Ocean","Depth.nominal","Depth (m)","TARA_B100001778","NS9 (family)",1.94671786063117,"S14"
"b","North Atlantic Ocean","Depth.nominal","Depth (m)","TARA_B100001778","NS4 (genus)",2.65063487252029,"S14"
"b","North Atlantic Ocean","Depth.nominal","Depth (m)","TARA_B100001778","ZD0417 (genus)",0.747701323633424,"S14"
"b","North Atlantic Ocean","Depth.nominal","Depth (m)","TARA_B100001778","Rhodospirillaceae (family)",1.3808898319356,"S14"
"b","North Atlantic Ocean","Depth.nominal","Depth (m)","TARA_B100001778","OM1 (family)",3.12889427772726,"S14"
"b","North Atlantic Ocean","Depth.nominal","Depth (m)","TARA_B100001778","Gammaproteobacteria (order)",2.72473140008757,"S14"
"b","North Atlantic Ocean","Depth.nominal","Depth (m)","TARA_B100001778","Marinoscillum (genus)",1.18217641709609,"S14"
"b","North Atlantic Ocean","Depth.nominal","Depth (m)","TARA_B100001778","Others",28.5305311373817,"S14"
"b","North Atlantic Ocean","Depth.nominal","Depth (m)","TARA_B100002052","SAR11 (order)",16.8760296540362,"S15"
"b","North Atlantic Ocean","Depth.nominal","Depth (m)","TARA_B100002052","Marinimicrobia (phylum)",9.22570016474465,"S15"
"b","North Atlantic Ocean","Depth.nominal","Depth (m)","TARA_B100002052","Marine (family)",11.9302580999451,"S15"
"b","North Atlantic Ocean","Depth.nominal","Depth (m)","TARA_B100002052","SAR86 (family)",3.56260296540362,"S15"
"b","North Atlantic Ocean","Depth.nominal","Depth (m)","TARA_B100002052","Marine (class)",0.86490939044481,"S15"
"b","North Atlantic Ocean","Depth.nominal","Depth (m)","TARA_B100002052","Chloroplast (class)",1.51702361339923,"S15"
"b","North Atlantic Ocean","Depth.nominal","Depth (m)","TARA_B100002052","AEGEAN-169 (genus)",3.610653487095,"S15"
"b","North Atlantic Ocean","Depth.nominal","Depth (m)","TARA_B100002052","Prochlorococcus (genus)",2.78349807797913,"S15"
"b","North Atlantic Ocean","Depth.nominal","Depth (m)","TARA_B100002052","SAR202 (class)",2.17600219659528,"S15"
"b","North Atlantic Ocean","Depth.nominal","Depth (m)","TARA_B100002052","SAR324 (order)",0.634953322350357,"S15"
"b","North Atlantic Ocean","Depth.nominal","Depth (m)","TARA_B100002052","NS5 (genus)",1.02622185612301,"S15"
"b","North Atlantic Ocean","Depth.nominal","Depth (m)","TARA_B100002052","Syndiniales (genus)",1.67490389895662,"S15"
"b","North Atlantic Ocean","Depth.nominal","Depth (m)","TARA_B100002052","NS9 (family)",1.9117243272927,"S15"
"b","North Atlantic Ocean","Depth.nominal","Depth (m)","TARA_B100002052","NS4 (genus)",2.48146622734761,"S15"
"b","North Atlantic Ocean","Depth.nominal","Depth (m)","TARA_B100002052","ZD0417 (genus)",2.68053267435475,"S15"
"b","North Atlantic Ocean","Depth.nominal","Depth (m)","TARA_B100002052","Rhodospirillaceae (family)",1.40376166941241,"S15"
"b","North Atlantic Ocean","Depth.nominal","Depth (m)","TARA_B100002052","OM1 (family)",1.29736408566722,"S15"
"b","North Atlantic Ocean","Depth.nominal","Depth (m)","TARA_B100002052","Gammaproteobacteria (order)",1.21499176276771,"S15"
"b","North Atlantic Ocean","Depth.nominal","Depth (m)","TARA_B100002052","Marinoscillum (genus)",4.42751235584844,"S15"
"b","North Atlantic Ocean","Depth.nominal","Depth (m)","TARA_B100002052","Others",28.6998901702361,"S15"
"b","North Atlantic Ocean","Depth.nominal","Depth (m)","TARA_B100001540","SAR11 (order)",15.7097452196647,"S16"
"b","North Atlantic Ocean","Depth.nominal","Depth (m)","TARA_B100001540","Marinimicrobia (phylum)",8.35084841339006,"S16"
"b","North Atlantic Ocean","Depth.nominal","Depth (m)","TARA_B100001540","Marine (family)",6.10550058953196,"S16"
"b","North Atlantic Ocean","Depth.nominal","Depth (m)","TARA_B100001540","SAR86 (family)",3.66791408212437,"S16"
"b","North Atlantic Ocean","Depth.nominal","Depth (m)","TARA_B100001540","Marine (class)",7.19485312964577,"S16"
"b","North Atlantic Ocean","Depth.nominal","Depth (m)","TARA_B100001540","Chloroplast (class)",6.13113241400523,"S16"
"b","North Atlantic Ocean","Depth.nominal","Depth (m)","TARA_B100001540","AEGEAN-169 (genus)",4.55221202645204,"S16"
"b","North Atlantic Ocean","Depth.nominal","Depth (m)","TARA_B100001540","Prochlorococcus (genus)",1.47639308966012,"S16"
"b","North Atlantic Ocean","Depth.nominal","Depth (m)","TARA_B100001540","SAR202 (class)",2.67339929256164,"S16"
"b","North Atlantic Ocean","Depth.nominal","Depth (m)","TARA_B100001540","SAR324 (order)",2.25816373609474,"S16"
"b","North Atlantic Ocean","Depth.nominal","Depth (m)","TARA_B100001540","NS5 (genus)",1.36617624442508,"S16"
"b","North Atlantic Ocean","Depth.nominal","Depth (m)","TARA_B100001540","Syndiniales (genus)",1.13036345927103,"S16"
"b","North Atlantic Ocean","Depth.nominal","Depth (m)","TARA_B100001540","NS9 (family)",1.36361306197775,"S16"
"b","North Atlantic Ocean","Depth.nominal","Depth (m)","TARA_B100001540","NS4 (genus)",0.984262059773415,"S16"
"b","North Atlantic Ocean","Depth.nominal","Depth (m)","TARA_B100001540","ZD0417 (genus)",3.26549443789409,"S16"
"b","North Atlantic Ocean","Depth.nominal","Depth (m)","TARA_B100001540","Rhodospirillaceae (family)",2.01722458604603,"S16"
"b","North Atlantic Ocean","Depth.nominal","Depth (m)","TARA_B100001540","OM1 (family)",1.56866765776388,"S16"
"b","North Atlantic Ocean","Depth.nominal","Depth (m)","TARA_B100001540","Gammaproteobacteria (order)",1.06628389808787,"S16"
"b","North Atlantic Ocean","Depth.nominal","Depth (m)","TARA_B100001540","Marinoscillum (genus)",1.7250217870508,"S16"
"b","North Atlantic Ocean","Depth.nominal","Depth (m)","TARA_B100001540","Others",27.3927308145794,"S16"
"b","North Atlantic Ocean","Depth.nominal","Depth (m)","TARA_B100002051","SAR11 (order)",19.5296249077367,"S17"
"b","North Atlantic Ocean","Depth.nominal","Depth (m)","TARA_B100002051","Marinimicrobia (phylum)",9.65577400523385,"S17"
"b","North Atlantic Ocean","Depth.nominal","Depth (m)","TARA_B100002051","Marine (family)",9.19613500637455,"S17"
"b","North Atlantic Ocean","Depth.nominal","Depth (m)","TARA_B100002051","SAR86 (family)",4.0864255519023,"S17"
"b","North Atlantic Ocean","Depth.nominal","Depth (m)","TARA_B100002051","Marine (class)",0.667650808562035,"S17"
"b","North Atlantic Ocean","Depth.nominal","Depth (m)","TARA_B100002051","Chloroplast (class)",1.97611219217607,"S17"
"b","North Atlantic Ocean","Depth.nominal","Depth (m)","TARA_B100002051","AEGEAN-169 (genus)",3.4456149768503,"S17"
"b","North Atlantic Ocean","Depth.nominal","Depth (m)","TARA_B100002051","Prochlorococcus (genus)",2.90545527746091,"S17"
"b","North Atlantic Ocean","Depth.nominal","Depth (m)","TARA_B100002051","SAR202 (class)",1.6171240689794,"S17"
"b","North Atlantic Ocean","Depth.nominal","Depth (m)","TARA_B100002051","SAR324 (order)",0.617325370730725,"S17"
"b","North Atlantic Ocean","Depth.nominal","Depth (m)","TARA_B100002051","NS5 (genus)",1.03334899013621,"S17"
"b","North Atlantic Ocean","Depth.nominal","Depth (m)","TARA_B100002051","Syndiniales (genus)",1.17761524525263,"S17"
"b","North Atlantic Ocean","Depth.nominal","Depth (m)","TARA_B100002051","NS9 (family)",1.13064483661008,"S17"
"b","North Atlantic Ocean","Depth.nominal","Depth (m)","TARA_B100002051","NS4 (genus)",2.39213581158156,"S17"
"b","North Atlantic Ocean","Depth.nominal","Depth (m)","TARA_B100002051","ZD0417 (genus)",3.11346708716366,"S17"
"b","North Atlantic Ocean","Depth.nominal","Depth (m)","TARA_B100002051","Rhodospirillaceae (family)",1.31181641280279,"S17"
"b","North Atlantic Ocean","Depth.nominal","Depth (m)","TARA_B100002051","OM1 (family)",2.07340803864994,"S17"
"b","North Atlantic Ocean","Depth.nominal","Depth (m)","TARA_B100002051","Gammaproteobacteria (order)",1.24807085821647,"S17"
"b","North Atlantic Ocean","Depth.nominal","Depth (m)","TARA_B100002051","Marinoscillum (genus)",4.04952023082601,"S17"
"b","North Atlantic Ocean","Depth.nominal","Depth (m)","TARA_B100002051","Others",28.7727303227538,"S17"
"b","North Atlantic Ocean","Depth.nominal","Depth (m)","TARA_B100001564","SAR11 (order)",16.456360001311,"S18"
"b","North Atlantic Ocean","Depth.nominal","Depth (m)","TARA_B100001564","Marinimicrobia (phylum)",6.62056307561207,"S18"
"b","North Atlantic Ocean","Depth.nominal","Depth (m)","TARA_B100001564","Marine (family)",9.04264035921471,"S18"
"b","North Atlantic Ocean","Depth.nominal","Depth (m)","TARA_B100001564","SAR86 (family)",6.01422437809315,"S18"
"b","North Atlantic Ocean","Depth.nominal","Depth (m)","TARA_B100001564","Marine (class)",0.203205401330668,"S18"
"b","North Atlantic Ocean","Depth.nominal","Depth (m)","TARA_B100001564","Chloroplast (class)",4.68355675002458,"S18"
"b","North Atlantic Ocean","Depth.nominal","Depth (m)","TARA_B100001564","AEGEAN-169 (genus)",2.83504309921012,"S18"
"b","North Atlantic Ocean","Depth.nominal","Depth (m)","TARA_B100001564","Prochlorococcus (genus)",5.72252630198945,"S18"
"b","North Atlantic Ocean","Depth.nominal","Depth (m)","TARA_B100001564","SAR202 (class)",0.255645504899872,"S18"
"b","North Atlantic Ocean","Depth.nominal","Depth (m)","TARA_B100001564","SAR324 (order)",0.757103995280391,"S18"
"b","North Atlantic Ocean","Depth.nominal","Depth (m)","TARA_B100001564","NS5 (genus)",4.92936973550523,"S18"
"b","North Atlantic Ocean","Depth.nominal","Depth (m)","TARA_B100001564","Syndiniales (genus)",1.29789256333781,"S18"
"b","North Atlantic Ocean","Depth.nominal","Depth (m)","TARA_B100001564","NS9 (family)",2.03205401330668,"S18"
"b","North Atlantic Ocean","Depth.nominal","Depth (m)","TARA_B100001564","NS4 (genus)",2.92025826751008,"S18"
"b","North Atlantic Ocean","Depth.nominal","Depth (m)","TARA_B100001564","ZD0417 (genus)",0.268755530792173,"S18"
"b","North Atlantic Ocean","Depth.nominal","Depth (m)","TARA_B100001564","Rhodospirillaceae (family)",1.45193536757235,"S18"
"b","North Atlantic Ocean","Depth.nominal","Depth (m)","TARA_B100001564","OM1 (family)",3.14640621415227,"S18"
"b","North Atlantic Ocean","Depth.nominal","Depth (m)","TARA_B100001564","Gammaproteobacteria (order)",3.22506636950608,"S18"
"b","North Atlantic Ocean","Depth.nominal","Depth (m)","TARA_B100001564","Marinoscillum (genus)",1.37983022516469,"S18"
"b","North Atlantic Ocean","Depth.nominal","Depth (m)","TARA_B100001564","Others",26.7575628461866,"S18"
"b","North Atlantic Ocean","Depth.nominal","Depth (m)","TARA_B100001939","SAR11 (order)",13.2858449875833,"S19"
"b","North Atlantic Ocean","Depth.nominal","Depth (m)","TARA_B100001939","Marinimicrobia (phylum)",4.23474055678996,"S19"
"b","North Atlantic Ocean","Depth.nominal","Depth (m)","TARA_B100001939","Marine (family)",0.927983270160763,"S19"
"b","North Atlantic Ocean","Depth.nominal","Depth (m)","TARA_B100001939","SAR86 (family)",7.4761469089008,"S19"
"b","North Atlantic Ocean","Depth.nominal","Depth (m)","TARA_B100001939","Marine (class)",0.137236962488564,"S19"
"b","North Atlantic Ocean","Depth.nominal","Depth (m)","TARA_B100001939","Chloroplast (class)",0.967193830871781,"S19"
"b","North Atlantic Ocean","Depth.nominal","Depth (m)","TARA_B100001939","AEGEAN-169 (genus)",4.35890733237485,"S19"
"b","North Atlantic Ocean","Depth.nominal","Depth (m)","TARA_B100001939","Prochlorococcus (genus)",2.54868644621618,"S19"
"b","North Atlantic Ocean","Depth.nominal","Depth (m)","TARA_B100001939","SAR202 (class)",0.313684485688145,"S19"
"b","North Atlantic Ocean","Depth.nominal","Depth (m)","TARA_B100001939","SAR324 (order)",0.568553130309763,"S19"
"b","North Atlantic Ocean","Depth.nominal","Depth (m)","TARA_B100001939","NS5 (genus)",3.03881845510391,"S19"
"b","North Atlantic Ocean","Depth.nominal","Depth (m)","TARA_B100001939","Syndiniales (genus)",0.5750882237616,"S19"
"b","North Atlantic Ocean","Depth.nominal","Depth (m)","TARA_B100001939","NS9 (family)",3.20873088485165,"S19"
"b","North Atlantic Ocean","Depth.nominal","Depth (m)","TARA_B100001939","NS4 (genus)",4.0975035943014,"S19"
"b","North Atlantic Ocean","Depth.nominal","Depth (m)","TARA_B100001939","ZD0417 (genus)",0.947588550516272,"S19"
"b","North Atlantic Ocean","Depth.nominal","Depth (m)","TARA_B100001939","Rhodospirillaceae (family)",1.49000130701869,"S19"
"b","North Atlantic Ocean","Depth.nominal","Depth (m)","TARA_B100001939","OM1 (family)",0.222193177362436,"S19"
"b","North Atlantic Ocean","Depth.nominal","Depth (m)","TARA_B100001939","Gammaproteobacteria (order)",1.90824728793622,"S19"
"b","North Atlantic Ocean","Depth.nominal","Depth (m)","TARA_B100001939","Marinoscillum (genus)",2.49640569860149,"S19"
"b","North Atlantic Ocean","Depth.nominal","Depth (m)","TARA_B100001939","Others",47.1964449091622,"S19"
"b","North Atlantic Ocean","Depth.nominal","Depth (m)","TARA_B100001173","SAR11 (order)",12.9073279287872,"S20"
"b","North Atlantic Ocean","Depth.nominal","Depth (m)","TARA_B100001173","Marinimicrobia (phylum)",6.31855030996662,"S20"
"b","North Atlantic Ocean","Depth.nominal","Depth (m)","TARA_B100001173","Marine (family)",7.29216340804324,"S20"
"b","North Atlantic Ocean","Depth.nominal","Depth (m)","TARA_B100001173","SAR86 (family)",7.85248768081386,"S20"
"b","North Atlantic Ocean","Depth.nominal","Depth (m)","TARA_B100001173","Marine (class)",2.63869019233826,"S20"
"b","North Atlantic Ocean","Depth.nominal","Depth (m)","TARA_B100001173","Chloroplast (class)",4.22428866634875,"S20"
"b","North Atlantic Ocean","Depth.nominal","Depth (m)","TARA_B100001173","AEGEAN-169 (genus)",5.09855348911143,"S20"
"b","North Atlantic Ocean","Depth.nominal","Depth (m)","TARA_B100001173","Prochlorococcus (genus)",4.78858687013193,"S20"
"b","North Atlantic Ocean","Depth.nominal","Depth (m)","TARA_B100001173","SAR202 (class)",0.790812271498967,"S20"
"b","North Atlantic Ocean","Depth.nominal","Depth (m)","TARA_B100001173","SAR324 (order)",0.73517723732316,"S20"
"b","North Atlantic Ocean","Depth.nominal","Depth (m)","TARA_B100001173","NS5 (genus)",5.02304879987283,"S20"
"b","North Atlantic Ocean","Depth.nominal","Depth (m)","TARA_B100001173","Syndiniales (genus)",1.36703226831982,"S20"
"b","North Atlantic Ocean","Depth.nominal","Depth (m)","TARA_B100001173","NS9 (family)",1.10872675250358,"S20"
"b","North Atlantic Ocean","Depth.nominal","Depth (m)","TARA_B100001173","NS4 (genus)",2.85725639802893,"S20"
"b","North Atlantic Ocean","Depth.nominal","Depth (m)","TARA_B100001173","ZD0417 (genus)",1.37498013034494,"S20"
"b","North Atlantic Ocean","Depth.nominal","Depth (m)","TARA_B100001173","Rhodospirillaceae (family)",1.53393737084724,"S20"
"b","North Atlantic Ocean","Depth.nominal","Depth (m)","TARA_B100001173","OM1 (family)",1.75647750755047,"S20"
"b","North Atlantic Ocean","Depth.nominal","Depth (m)","TARA_B100001173","Gammaproteobacteria (order)",1.59752026704816,"S20"
"b","North Atlantic Ocean","Depth.nominal","Depth (m)","TARA_B100001173","Marinoscillum (genus)",0.770942616436179,"S20"
"b","North Atlantic Ocean","Depth.nominal","Depth (m)","TARA_B100001173","Others",29.9634398346845,"S20"
"b","North Atlantic Ocean","Depth.nominal","Depth (m)","TARA_X000000368","SAR11 (order)",14.2967202289236,"S21"
"b","North Atlantic Ocean","Depth.nominal","Depth (m)","TARA_X000000368","Marinimicrobia (phylum)",9.61644287915474,"S21"
"b","North Atlantic Ocean","Depth.nominal","Depth (m)","TARA_X000000368","Marine (family)",5.64604886638785,"S21"
"b","North Atlantic Ocean","Depth.nominal","Depth (m)","TARA_X000000368","SAR86 (family)",11.0169491525424,"S21"
"b","North Atlantic Ocean","Depth.nominal","Depth (m)","TARA_X000000368","Marine (class)",1.63713405238829,"S21"
"b","North Atlantic Ocean","Depth.nominal","Depth (m)","TARA_X000000368","Chloroplast (class)",1.97006383447061,"S21"
"b","North Atlantic Ocean","Depth.nominal","Depth (m)","TARA_X000000368","AEGEAN-169 (genus)",4.9141536429672,"S21"
"b","North Atlantic Ocean","Depth.nominal","Depth (m)","TARA_X000000368","Prochlorococcus (genus)",6.4192163768435,"S21"
"b","North Atlantic Ocean","Depth.nominal","Depth (m)","TARA_X000000368","SAR202 (class)",0.286154523442659,"S21"
"b","North Atlantic Ocean","Depth.nominal","Depth (m)","TARA_X000000368","SAR324 (order)",0.907990314769976,"S21"
"b","North Atlantic Ocean","Depth.nominal","Depth (m)","TARA_X000000368","NS5 (genus)",4.10521681708122,"S21"
"b","North Atlantic Ocean","Depth.nominal","Depth (m)","TARA_X000000368","Syndiniales (genus)",0.332929782082324,"S21"
"b","North Atlantic Ocean","Depth.nominal","Depth (m)","TARA_X000000368","NS9 (family)",1.74444199867929,"S21"
"b","North Atlantic Ocean","Depth.nominal","Depth (m)","TARA_X000000368","NS4 (genus)",2.30024213075061,"S21"
"b","North Atlantic Ocean","Depth.nominal","Depth (m)","TARA_X000000368","ZD0417 (genus)",2.76799471714726,"S21"
"b","North Atlantic Ocean","Depth.nominal","Depth (m)","TARA_X000000368","Rhodospirillaceae (family)",1.44453004622496,"S21"
"b","North Atlantic Ocean","Depth.nominal","Depth (m)","TARA_X000000368","OM1 (family)",2.90281752146159,"S21"
"b","North Atlantic Ocean","Depth.nominal","Depth (m)","TARA_X000000368","Gammaproteobacteria (order)",2.5478758529606,"S21"
"b","North Atlantic Ocean","Depth.nominal","Depth (m)","TARA_X000000368","Marinoscillum (genus)",1.05657054809597,"S21"
"b","North Atlantic Ocean","Depth.nominal","Depth (m)","TARA_X000000368","Others",24.0865067136254,"S21"
"b","North Atlantic Ocean","Depth.nominal","Depth (m)","TARA_B110000008","SAR11 (order)",8.87217213341446,"S22"
"b","North Atlantic Ocean","Depth.nominal","Depth (m)","TARA_B110000008","Marinimicrobia (phylum)",4.13739697992146,"S22"
"b","North Atlantic Ocean","Depth.nominal","Depth (m)","TARA_B110000008","Marine (family)",5.83549975109243,"S22"
"b","North Atlantic Ocean","Depth.nominal","Depth (m)","TARA_B110000008","SAR86 (family)",11.0127772553792,"S22"
"b","North Atlantic Ocean","Depth.nominal","Depth (m)","TARA_B110000008","Marine (class)",0.591846894186625,"S22"
"b","North Atlantic Ocean","Depth.nominal","Depth (m)","TARA_B110000008","Chloroplast (class)",11.5990928701809,"S22"
"b","North Atlantic Ocean","Depth.nominal","Depth (m)","TARA_B110000008","AEGEAN-169 (genus)",2.35632501797666,"S22"
"b","North Atlantic Ocean","Depth.nominal","Depth (m)","TARA_B110000008","Prochlorococcus (genus)",0.149344543392887,"S22"
"b","North Atlantic Ocean","Depth.nominal","Depth (m)","TARA_B110000008","SAR202 (class)",0.0885004701587477,"S22"
"b","North Atlantic Ocean","Depth.nominal","Depth (m)","TARA_B110000008","SAR324 (order)",0.259970131091321,"S22"
"b","North Atlantic Ocean","Depth.nominal","Depth (m)","TARA_B110000008","NS5 (genus)",2.59417003152829,"S22"
"b","North Atlantic Ocean","Depth.nominal","Depth (m)","TARA_B110000008","Syndiniales (genus)",1.07306820067482,"S22"
"b","North Atlantic Ocean","Depth.nominal","Depth (m)","TARA_B110000008","NS9 (family)",2.47801316444494,"S22"
"b","North Atlantic Ocean","Depth.nominal","Depth (m)","TARA_B110000008","NS4 (genus)",2.05210465180596,"S22"
"b","North Atlantic Ocean","Depth.nominal","Depth (m)","TARA_B110000008","ZD0417 (genus)",0.453564909563582,"S22"
"b","North Atlantic Ocean","Depth.nominal","Depth (m)","TARA_B110000008","Rhodospirillaceae (family)",1.51557055146855,"S22"
"b","North Atlantic Ocean","Depth.nominal","Depth (m)","TARA_B110000008","OM1 (family)",1.46025775761934,"S22"
"b","North Atlantic Ocean","Depth.nominal","Depth (m)","TARA_B110000008","Gammaproteobacteria (order)",0.431439792023895,"S22"
"b","North Atlantic Ocean","Depth.nominal","Depth (m)","TARA_B110000008","Marinoscillum (genus)",0.409314674484208,"S22"
"b","North Atlantic Ocean","Depth.nominal","Depth (m)","TARA_B110000008","Others",42.6295702195918,"S22"
"b","North Atlantic Ocean","Depth.nominal","Depth (m)","TARA_Y200000002","SAR11 (order)",14.6372871655459,"S23"
"b","North Atlantic Ocean","Depth.nominal","Depth (m)","TARA_Y200000002","Marinimicrobia (phylum)",2.78532932703773,"S23"
"b","North Atlantic Ocean","Depth.nominal","Depth (m)","TARA_Y200000002","Marine (family)",2.65178614012496,"S23"
"b","North Atlantic Ocean","Depth.nominal","Depth (m)","TARA_Y200000002","SAR86 (family)",19.902704249535,"S23"
"b","North Atlantic Ocean","Depth.nominal","Depth (m)","TARA_Y200000002","Marine (class)",0.0143081985977965,"S23"
"b","North Atlantic Ocean","Depth.nominal","Depth (m)","TARA_Y200000002","Chloroplast (class)",1.48328325463824,"S23"
"b","North Atlantic Ocean","Depth.nominal","Depth (m)","TARA_Y200000002","AEGEAN-169 (genus)",5.82820622883579,"S23"
"b","North Atlantic Ocean","Depth.nominal","Depth (m)","TARA_Y200000002","Prochlorococcus (genus)",10.9839271235751,"S23"
"b","North Atlantic Ocean","Depth.nominal","Depth (m)","TARA_Y200000002","SAR202 (class)",0.29093337148853,"S23"
"b","North Atlantic Ocean","Depth.nominal","Depth (m)","TARA_Y200000002","SAR324 (order)",1.07311489483474,"S23"
"b","North Atlantic Ocean","Depth.nominal","Depth (m)","TARA_Y200000002","NS5 (genus)",2.11761339247389,"S23"
"b","North Atlantic Ocean","Depth.nominal","Depth (m)","TARA_Y200000002","Syndiniales (genus)",0.600944341107455,"S23"
"b","North Atlantic Ocean","Depth.nominal","Depth (m)","TARA_Y200000002","NS9 (family)",1.08742309343254,"S23"
"b","North Atlantic Ocean","Depth.nominal","Depth (m)","TARA_Y200000002","NS4 (genus)",2.50393475461439,"S23"
"b","North Atlantic Ocean","Depth.nominal","Depth (m)","TARA_Y200000002","ZD0417 (genus)",0.0810797920541804,"S23"
"b","North Atlantic Ocean","Depth.nominal","Depth (m)","TARA_Y200000002","Rhodospirillaceae (family)",1.59297944388801,"S23"
"b","North Atlantic Ocean","Depth.nominal","Depth (m)","TARA_Y200000002","OM1 (family)",1.44989745791005,"S23"
"b","North Atlantic Ocean","Depth.nominal","Depth (m)","TARA_Y200000002","Gammaproteobacteria (order)",3.61043544617733,"S23"
"b","North Atlantic Ocean","Depth.nominal","Depth (m)","TARA_Y200000002","Marinoscillum (genus)",0.806028521009205,"S23"
"b","North Atlantic Ocean","Depth.nominal","Depth (m)","TARA_Y200000002","Others",26.4987838031192,"S23"
"b","North Atlantic Ocean","Depth.nominal","Depth (m)","TARA_B110000003","SAR11 (order)",6.55183934073277,"S24"
"b","North Atlantic Ocean","Depth.nominal","Depth (m)","TARA_B110000003","Marinimicrobia (phylum)",4.2280708266825,"S24"
"b","North Atlantic Ocean","Depth.nominal","Depth (m)","TARA_B110000003","Marine (family)",3.8308771669327,"S24"
"b","North Atlantic Ocean","Depth.nominal","Depth (m)","TARA_B110000003","SAR86 (family)",8.58235272281822,"S24"
"b","North Atlantic Ocean","Depth.nominal","Depth (m)","TARA_B110000003","Marine (class)",0.512268458368908,"S24"
"b","North Atlantic Ocean","Depth.nominal","Depth (m)","TARA_B110000003","Chloroplast (class)",21.2517168417536,"S24"
"b","North Atlantic Ocean","Depth.nominal","Depth (m)","TARA_B110000003","AEGEAN-169 (genus)",1.774379152901,"S24"
"b","North Atlantic Ocean","Depth.nominal","Depth (m)","TARA_B110000003","Prochlorococcus (genus)",0.159619881955529,"S24"
"b","North Atlantic Ocean","Depth.nominal","Depth (m)","TARA_B110000003","SAR202 (class)",0.0482571736144623,"S24"
"b","North Atlantic Ocean","Depth.nominal","Depth (m)","TARA_B110000003","SAR324 (order)",0.196740784735885,"S24"
"b","North Atlantic Ocean","Depth.nominal","Depth (m)","TARA_B110000003","NS5 (genus)",3.18868554883255,"S24"
"b","North Atlantic Ocean","Depth.nominal","Depth (m)","TARA_B110000003","Syndiniales (genus)",0.330376034745165,"S24"
"b","North Atlantic Ocean","Depth.nominal","Depth (m)","TARA_B110000003","NS9 (family)",4.92594379895319,"S24"
"b","North Atlantic Ocean","Depth.nominal","Depth (m)","TARA_B110000003","NS4 (genus)",2.94739968076024,"S24"
"b","North Atlantic Ocean","Depth.nominal","Depth (m)","TARA_B110000003","ZD0417 (genus)",0.404617840305876,"S24"
"b","North Atlantic Ocean","Depth.nominal","Depth (m)","TARA_B110000003","Rhodospirillaceae (family)",0.79438731949961,"S24"
"b","North Atlantic Ocean","Depth.nominal","Depth (m)","TARA_B110000003","OM1 (family)",1.30665577786852,"S24"
"b","North Atlantic Ocean","Depth.nominal","Depth (m)","TARA_B110000003","Gammaproteobacteria (order)",0.337800215301236,"S24"
"b","North Atlantic Ocean","Depth.nominal","Depth (m)","TARA_B110000003","Marinoscillum (genus)",0.452875013920339,"S24"
"b","North Atlantic Ocean","Depth.nominal","Depth (m)","TARA_B110000003","Others",38.1751364193177,"S24"
"b","North Atlantic Ocean","Temperature","Temperature (deg C)","TARA_B100001146","SAR11 (order)",12.2387865373348,"S1"
"b","North Atlantic Ocean","Temperature","Temperature (deg C)","TARA_B100001146","Marinimicrobia (phylum)",10.295553674891,"S1"
"b","North Atlantic Ocean","Temperature","Temperature (deg C)","TARA_B100001146","Marine (family)",5.39027407069852,"S1"
"b","North Atlantic Ocean","Temperature","Temperature (deg C)","TARA_B100001146","SAR86 (family)",1.93021287676584,"S1"
"b","North Atlantic Ocean","Temperature","Temperature (deg C)","TARA_B100001146","Marine (class)",10.4843434672222,"S1"
"b","North Atlantic Ocean","Temperature","Temperature (deg C)","TARA_B100001146","Chloroplast (class)",0.0585899355510709,"S1"
"b","North Atlantic Ocean","Temperature","Temperature (deg C)","TARA_B100001146","AEGEAN-169 (genus)",3.65861597552243,"S1"
"b","North Atlantic Ocean","Temperature","Temperature (deg C)","TARA_B100001146","Prochlorococcus (genus)",0.120434867521646,"S1"
"b","North Atlantic Ocean","Temperature","Temperature (deg C)","TARA_B100001146","SAR202 (class)",6.46442288913482,"S1"
"b","North Atlantic Ocean","Temperature","Temperature (deg C)","TARA_B100001146","SAR324 (order)",1.41592344248421,"S1"
"b","North Atlantic Ocean","Temperature","Temperature (deg C)","TARA_B100001146","NS5 (genus)",1.02206887572424,"S1"
"b","North Atlantic Ocean","Temperature","Temperature (deg C)","TARA_B100001146","Syndiniales (genus)",2.5584271857301,"S1"
"b","North Atlantic Ocean","Temperature","Temperature (deg C)","TARA_B100001146","NS9 (family)",1.0741488184363,"S1"
"b","North Atlantic Ocean","Temperature","Temperature (deg C)","TARA_B100001146","NS4 (genus)",0.0292949677755354,"S1"
"b","North Atlantic Ocean","Temperature","Temperature (deg C)","TARA_B100001146","ZD0417 (genus)",0.93418397239763,"S1"
"b","North Atlantic Ocean","Temperature","Temperature (deg C)","TARA_B100001146","Rhodospirillaceae (family)",1.34431352125513,"S1"
"b","North Atlantic Ocean","Temperature","Temperature (deg C)","TARA_B100001146","OM1 (family)",0.100904889004622,"S1"
"b","North Atlantic Ocean","Temperature","Temperature (deg C)","TARA_B100001146","Gammaproteobacteria (order)",0.133454853199661,"S1"
"b","North Atlantic Ocean","Temperature","Temperature (deg C)","TARA_B100001146","Marinoscillum (genus)",0.891869018944079,"S1"
"b","North Atlantic Ocean","Temperature","Temperature (deg C)","TARA_B100001146","Others",39.8541761604062,"S1"
"b","North Atlantic Ocean","Temperature","Temperature (deg C)","TARA_B100001559","SAR11 (order)",12.3015873015873,"S2"
"b","North Atlantic Ocean","Temperature","Temperature (deg C)","TARA_B100001559","Marinimicrobia (phylum)",8.71813371813372,"S2"
"b","North Atlantic Ocean","Temperature","Temperature (deg C)","TARA_B100001559","Marine (family)",7.91847041847042,"S2"
"b","North Atlantic Ocean","Temperature","Temperature (deg C)","TARA_B100001559","SAR86 (family)",4.3500481000481,"S2"
"b","North Atlantic Ocean","Temperature","Temperature (deg C)","TARA_B100001559","Marine (class)",5.01743626743627,"S2"
"b","North Atlantic Ocean","Temperature","Temperature (deg C)","TARA_B100001559","Chloroplast (class)",2.10137085137085,"S2"
"b","North Atlantic Ocean","Temperature","Temperature (deg C)","TARA_B100001559","AEGEAN-169 (genus)",3.41510341510342,"S2"
"b","North Atlantic Ocean","Temperature","Temperature (deg C)","TARA_B100001559","Prochlorococcus (genus)",1.97210197210197,"S2"
"b","North Atlantic Ocean","Temperature","Temperature (deg C)","TARA_B100001559","SAR202 (class)",2.3989898989899,"S2"
"b","North Atlantic Ocean","Temperature","Temperature (deg C)","TARA_B100001559","SAR324 (order)",2.40800865800866,"S2"
"b","North Atlantic Ocean","Temperature","Temperature (deg C)","TARA_B100001559","NS5 (genus)",3.21368446368446,"S2"
"b","North Atlantic Ocean","Temperature","Temperature (deg C)","TARA_B100001559","Syndiniales (genus)",4.19973544973545,"S2"
"b","North Atlantic Ocean","Temperature","Temperature (deg C)","TARA_B100001559","NS9 (family)",1.57227032227032,"S2"
"b","North Atlantic Ocean","Temperature","Temperature (deg C)","TARA_B100001559","NS4 (genus)",1.12133237133237,"S2"
"b","North Atlantic Ocean","Temperature","Temperature (deg C)","TARA_B100001559","ZD0417 (genus)",1.71657046657047,"S2"
"b","North Atlantic Ocean","Temperature","Temperature (deg C)","TARA_B100001559","Rhodospirillaceae (family)",2.06830206830207,"S2"
"b","North Atlantic Ocean","Temperature","Temperature (deg C)","TARA_B100001559","OM1 (family)",1.77669552669553,"S2"
"b","North Atlantic Ocean","Temperature","Temperature (deg C)","TARA_B100001559","Gammaproteobacteria (order)",1.47005772005772,"S2"
"b","North Atlantic Ocean","Temperature","Temperature (deg C)","TARA_B100001559","Marinoscillum (genus)",1.08826358826359,"S2"
"b","North Atlantic Ocean","Temperature","Temperature (deg C)","TARA_B100001559","Others",31.1718374218374,"S2"
"b","North Atlantic Ocean","Temperature","Temperature (deg C)","TARA_B100001750","SAR11 (order)",10.6259837752755,"S3"
"b","North Atlantic Ocean","Temperature","Temperature (deg C)","TARA_B100001750","Marinimicrobia (phylum)",11.5316624288655,"S3"
"b","North Atlantic Ocean","Temperature","Temperature (deg C)","TARA_B100001750","Marine (family)",10.9407918634217,"S3"
"b","North Atlantic Ocean","Temperature","Temperature (deg C)","TARA_B100001750","SAR86 (family)",3.05121685434072,"S3"
"b","North Atlantic Ocean","Temperature","Temperature (deg C)","TARA_B100001750","Marine (class)",10.5606005569682,"S3"
"b","North Atlantic Ocean","Temperature","Temperature (deg C)","TARA_B100001750","Chloroplast (class)",0.0581184162731566,"S3"
"b","North Atlantic Ocean","Temperature","Temperature (deg C)","TARA_B100001750","AEGEAN-169 (genus)",2.89381281026759,"S3"
"b","North Atlantic Ocean","Temperature","Temperature (deg C)","TARA_B100001750","Prochlorococcus (genus)",0.317229688824313,"S3"
"b","North Atlantic Ocean","Temperature","Temperature (deg C)","TARA_B100001750","SAR202 (class)",6.85312991887638,"S3"
"b","North Atlantic Ocean","Temperature","Temperature (deg C)","TARA_B100001750","SAR324 (order)",5.37353190458893,"S3"
"b","North Atlantic Ocean","Temperature","Temperature (deg C)","TARA_B100001750","NS5 (genus)",0.426201719336481,"S3"
"b","North Atlantic Ocean","Temperature","Temperature (deg C)","TARA_B100001750","Syndiniales (genus)",3.35391693909674,"S3"
"b","North Atlantic Ocean","Temperature","Temperature (deg C)","TARA_B100001750","NS9 (family)",0.787020220365662,"S3"
"b","North Atlantic Ocean","Temperature","Temperature (deg C)","TARA_B100001750","NS4 (genus)",0.0823344230536385,"S3"
"b","North Atlantic Ocean","Temperature","Temperature (deg C)","TARA_B100001750","ZD0417 (genus)",2.06804697905315,"S3"
"b","North Atlantic Ocean","Temperature","Temperature (deg C)","TARA_B100001750","Rhodospirillaceae (family)",1.03886669088267,"S3"
"b","North Atlantic Ocean","Temperature","Temperature (deg C)","TARA_B100001750","OM1 (family)",0.474633732897445,"S3"
"b","North Atlantic Ocean","Temperature","Temperature (deg C)","TARA_B100001750","Gammaproteobacteria (order)",0.33418089357065,"S3"
"b","North Atlantic Ocean","Temperature","Temperature (deg C)","TARA_B100001750","Marinoscillum (genus)",0.513379343746216,"S3"
"b","North Atlantic Ocean","Temperature","Temperature (deg C)","TARA_B100001750","Others",28.7153408402954,"S3"
"b","North Atlantic Ocean","Temperature","Temperature (deg C)","TARA_B110000014","SAR11 (order)",15.1202749140893,"S4"
"b","North Atlantic Ocean","Temperature","Temperature (deg C)","TARA_B110000014","Marinimicrobia (phylum)",9.54299482561125,"S4"
"b","North Atlantic Ocean","Temperature","Temperature (deg C)","TARA_B110000014","Marine (family)",5.37188450448315,"S4"
"b","North Atlantic Ocean","Temperature","Temperature (deg C)","TARA_B110000014","SAR86 (family)",4.00916380297824,"S4"
"b","North Atlantic Ocean","Temperature","Temperature (deg C)","TARA_B110000014","Marine (class)",14.0695975036537,"S4"
"b","North Atlantic Ocean","Temperature","Temperature (deg C)","TARA_B110000014","Chloroplast (class)",0.276494055377809,"S4"
"b","North Atlantic Ocean","Temperature","Temperature (deg C)","TARA_B110000014","AEGEAN-169 (genus)",4.23430896235731,"S4"
"b","North Atlantic Ocean","Temperature","Temperature (deg C)","TARA_B110000014","Prochlorococcus (genus)",0.193545838764467,"S4"
"b","North Atlantic Ocean","Temperature","Temperature (deg C)","TARA_B110000014","SAR202 (class)",3.34162815499467,"S4"
"b","North Atlantic Ocean","Temperature","Temperature (deg C)","TARA_B110000014","SAR324 (order)",3.02168503377177,"S4"
"b","North Atlantic Ocean","Temperature","Temperature (deg C)","TARA_B110000014","NS5 (genus)",0.766283524904214,"S4"
"b","North Atlantic Ocean","Temperature","Temperature (deg C)","TARA_B110000014","Syndiniales (genus)",0.896630722439468,"S4"
"b","North Atlantic Ocean","Temperature","Temperature (deg C)","TARA_B110000014","NS9 (family)",1.50096772919382,"S4"
"b","North Atlantic Ocean","Temperature","Temperature (deg C)","TARA_B110000014","NS4 (genus)",0.217245329225422,"S4"
"b","North Atlantic Ocean","Temperature","Temperature (deg C)","TARA_B110000014","ZD0417 (genus)",1.97495753841292,"S4"
"b","North Atlantic Ocean","Temperature","Temperature (deg C)","TARA_B110000014","Rhodospirillaceae (family)",1.82881068057037,"S4"
"b","North Atlantic Ocean","Temperature","Temperature (deg C)","TARA_B110000014","OM1 (family)",0.3515424418375,"S4"
"b","North Atlantic Ocean","Temperature","Temperature (deg C)","TARA_B110000014","Gammaproteobacteria (order)",0.568787771062922,"S4"
"b","North Atlantic Ocean","Temperature","Temperature (deg C)","TARA_B110000014","Marinoscillum (genus)",1.57996603073034,"S4"
"b","North Atlantic Ocean","Temperature","Temperature (deg C)","TARA_B110000014","Others",31.1332306355413,"S4"
"b","North Atlantic Ocean","Temperature","Temperature (deg C)","TARA_B100001765","SAR11 (order)",16.9741697416974,"S5"
"b","North Atlantic Ocean","Temperature","Temperature (deg C)","TARA_B100001765","Marinimicrobia (phylum)",9.89880353348988,"S5"
"b","North Atlantic Ocean","Temperature","Temperature (deg C)","TARA_B100001765","Marine (family)",4.55384099295538,"S5"
"b","North Atlantic Ocean","Temperature","Temperature (deg C)","TARA_B100001765","SAR86 (family)",1.95963323269596,"S5"
"b","North Atlantic Ocean","Temperature","Temperature (deg C)","TARA_B100001765","Marine (class)",11.3272950911327,"S5"
"b","North Atlantic Ocean","Temperature","Temperature (deg C)","TARA_B100001765","Chloroplast (class)",0.0251593425025159,"S5"
"b","North Atlantic Ocean","Temperature","Temperature (deg C)","TARA_B100001765","AEGEAN-169 (genus)",4.12613217041261,"S5"
"b","North Atlantic Ocean","Temperature","Temperature (deg C)","TARA_B100001765","Prochlorococcus (genus)",0.164933467516493,"S5"
"b","North Atlantic Ocean","Temperature","Temperature (deg C)","TARA_B100001765","SAR202 (class)",5.70837526557084,"S5"
"b","North Atlantic Ocean","Temperature","Temperature (deg C)","TARA_B100001765","SAR324 (order)",6.84334116068433,"S5"
"b","North Atlantic Ocean","Temperature","Temperature (deg C)","TARA_B100001765","NS5 (genus)",0.273957285027396,"S5"
"b","North Atlantic Ocean","Temperature","Temperature (deg C)","TARA_B100001765","Syndiniales (genus)",1.56267471765627,"S5"
"b","North Atlantic Ocean","Temperature","Temperature (deg C)","TARA_B100001765","NS9 (family)",0.505982332550598,"S5"
"b","North Atlantic Ocean","Temperature","Temperature (deg C)","TARA_B100001765","NS4 (genus)",0.0223638600022364,"S5"
"b","North Atlantic Ocean","Temperature","Temperature (deg C)","TARA_B100001765","ZD0417 (genus)",0.746393827574639,"S5"
"b","North Atlantic Ocean","Temperature","Temperature (deg C)","TARA_B100001765","Rhodospirillaceae (family)",1.4760147601476,"S5"
"b","North Atlantic Ocean","Temperature","Temperature (deg C)","TARA_B100001765","OM1 (family)",0.0363412725036341,"S5"
"b","North Atlantic Ocean","Temperature","Temperature (deg C)","TARA_B100001765","Gammaproteobacteria (order)",0.164933467516493,"S5"
"b","North Atlantic Ocean","Temperature","Temperature (deg C)","TARA_B100001765","Marinoscillum (genus)",0.525550710052555,"S5"
"b","North Atlantic Ocean","Temperature","Temperature (deg C)","TARA_B100001765","Others",33.1041037683104,"S5"
"b","North Atlantic Ocean","Temperature","Temperature (deg C)","TARA_B100001179","SAR11 (order)",17.265413992391,"S6"
"b","North Atlantic Ocean","Temperature","Temperature (deg C)","TARA_B100001179","Marinimicrobia (phylum)",10.5886794644672,"S6"
"b","North Atlantic Ocean","Temperature","Temperature (deg C)","TARA_B100001179","Marine (family)",4.66993872157523,"S6"
"b","North Atlantic Ocean","Temperature","Temperature (deg C)","TARA_B100001179","SAR86 (family)",2.2739813550954,"S6"
"b","North Atlantic Ocean","Temperature","Temperature (deg C)","TARA_B100001179","Marine (class)",10.211134667325,"S6"
"b","North Atlantic Ocean","Temperature","Temperature (deg C)","TARA_B100001179","Chloroplast (class)",0.0261377167252345,"S6"
"b","North Atlantic Ocean","Temperature","Temperature (deg C)","TARA_B100001179","AEGEAN-169 (genus)",4.28658554293846,"S6"
"b","North Atlantic Ocean","Temperature","Temperature (deg C)","TARA_B100001179","Prochlorococcus (genus)",0.110359248395435,"S6"
"b","North Atlantic Ocean","Temperature","Temperature (deg C)","TARA_B100001179","SAR202 (class)",5.77353120552958,"S6"
"b","North Atlantic Ocean","Temperature","Temperature (deg C)","TARA_B100001179","SAR324 (order)",6.87421949873668,"S6"
"b","North Atlantic Ocean","Temperature","Temperature (deg C)","TARA_B100001179","NS5 (genus)",0.357215461911538,"S6"
"b","North Atlantic Ocean","Temperature","Temperature (deg C)","TARA_B100001179","Syndiniales (genus)",1.61182586472279,"S6"
"b","North Atlantic Ocean","Temperature","Temperature (deg C)","TARA_B100001179","NS9 (family)",0.821885981471263,"S6"
"b","North Atlantic Ocean","Temperature","Temperature (deg C)","TARA_B100001179","NS4 (genus)",0.0348502889669794,"S6"
"b","North Atlantic Ocean","Temperature","Temperature (deg C)","TARA_B100001179","ZD0417 (genus)",0.778323120262539,"S6"
"b","North Atlantic Ocean","Temperature","Temperature (deg C)","TARA_B100001179","Rhodospirillaceae (family)",1.50146661632736,"S6"
"b","North Atlantic Ocean","Temperature","Temperature (deg C)","TARA_B100001179","OM1 (family)",0.0464670519559725,"S6"
"b","North Atlantic Ocean","Temperature","Temperature (deg C)","TARA_B100001179","Gammaproteobacteria (order)",0.226526878285366,"S6"
"b","North Atlantic Ocean","Temperature","Temperature (deg C)","TARA_B100001179","Marinoscillum (genus)",0.418203467603752,"S6"
"b","North Atlantic Ocean","Temperature","Temperature (deg C)","TARA_B100001179","Others",32.1232538553132,"S6"
"b","North Atlantic Ocean","Temperature","Temperature (deg C)","TARA_B100001167","SAR11 (order)",14.6305197275148,"S7"
"b","North Atlantic Ocean","Temperature","Temperature (deg C)","TARA_B100001167","Marinimicrobia (phylum)",10.7334278502023,"S7"
"b","North Atlantic Ocean","Temperature","Temperature (deg C)","TARA_B100001167","Marine (family)",5.71596528234033,"S7"
"b","North Atlantic Ocean","Temperature","Temperature (deg C)","TARA_B100001167","SAR86 (family)",1.79812579964729,"S7"
"b","North Atlantic Ocean","Temperature","Temperature (deg C)","TARA_B100001167","Marine (class)",9.38829143469691,"S7"
"b","North Atlantic Ocean","Temperature","Temperature (deg C)","TARA_B100001167","Chloroplast (class)",0.0311214080708185,"S7"
"b","North Atlantic Ocean","Temperature","Temperature (deg C)","TARA_B100001167","AEGEAN-169 (genus)",3.98699816729486,"S7"
"b","North Atlantic Ocean","Temperature","Temperature (deg C)","TARA_B100001167","Prochlorococcus (genus)",0.121027698053183,"S7"
"b","North Atlantic Ocean","Temperature","Temperature (deg C)","TARA_B100001167","SAR202 (class)",6.83979390711989,"S7"
"b","North Atlantic Ocean","Temperature","Temperature (deg C)","TARA_B100001167","SAR324 (order)",8.04315501919153,"S7"
"b","North Atlantic Ocean","Temperature","Temperature (deg C)","TARA_B100001167","NS5 (genus)",0.345793423009094,"S7"
"b","North Atlantic Ocean","Temperature","Temperature (deg C)","TARA_B100001167","Syndiniales (genus)",2.14737715688648,"S7"
"b","North Atlantic Ocean","Temperature","Temperature (deg C)","TARA_B100001167","NS9 (family)",0.452989384141914,"S7"
"b","North Atlantic Ocean","Temperature","Temperature (deg C)","TARA_B100001167","NS4 (genus)",0.0138317369203638,"S7"
"b","North Atlantic Ocean","Temperature","Temperature (deg C)","TARA_B100001167","ZD0417 (genus)",0.764203464850098,"S7"
"b","North Atlantic Ocean","Temperature","Temperature (deg C)","TARA_B100001167","Rhodospirillaceae (family)",1.54223866662056,"S7"
"b","North Atlantic Ocean","Temperature","Temperature (deg C)","TARA_B100001167","OM1 (family)",0.0311214080708185,"S7"
"b","North Atlantic Ocean","Temperature","Temperature (deg C)","TARA_B100001167","Gammaproteobacteria (order)",0.186728448424911,"S7"
"b","North Atlantic Ocean","Temperature","Temperature (deg C)","TARA_B100001167","Marinoscillum (genus)",0.418410041841004,"S7"
"b","North Atlantic Ocean","Temperature","Temperature (deg C)","TARA_B100001167","Others",32.8088799751029,"S7"
"b","North Atlantic Ocean","Temperature","Temperature (deg C)","TARA_B100001142","SAR11 (order)",10.5715308435748,"S8"
"b","North Atlantic Ocean","Temperature","Temperature (deg C)","TARA_B100001142","Marinimicrobia (phylum)",6.3039414548781,"S8"
"b","North Atlantic Ocean","Temperature","Temperature (deg C)","TARA_B100001142","Marine (family)",8.33631627093028,"S8"
"b","North Atlantic Ocean","Temperature","Temperature (deg C)","TARA_B100001142","SAR86 (family)",5.30962892256294,"S8"
"b","North Atlantic Ocean","Temperature","Temperature (deg C)","TARA_B100001142","Marine (class)",3.21759535457185,"S8"
"b","North Atlantic Ocean","Temperature","Temperature (deg C)","TARA_B100001142","Chloroplast (class)",9.11983454639462,"S8"
"b","North Atlantic Ocean","Temperature","Temperature (deg C)","TARA_B100001142","AEGEAN-169 (genus)",3.02668734836734,"S8"
"b","North Atlantic Ocean","Temperature","Temperature (deg C)","TARA_B100001142","Prochlorococcus (genus)",0.429543013960148,"S8"
"b","North Atlantic Ocean","Temperature","Temperature (deg C)","TARA_B100001142","SAR202 (class)",2.76021158970688,"S8"
"b","North Atlantic Ocean","Temperature","Temperature (deg C)","TARA_B100001142","SAR324 (order)",0.847154277532514,"S8"
"b","North Atlantic Ocean","Temperature","Temperature (deg C)","TARA_B100001142","NS5 (genus)",1.00624428270294,"S8"
"b","North Atlantic Ocean","Temperature","Temperature (deg C)","TARA_B100001142","Syndiniales (genus)",4.26758938869665,"S8"
"b","North Atlantic Ocean","Temperature","Temperature (deg C)","TARA_B100001142","NS9 (family)",2.22328282225669,"S8"
"b","North Atlantic Ocean","Temperature","Temperature (deg C)","TARA_B100001142","NS4 (genus)",1.09772103567593,"S8"
"b","North Atlantic Ocean","Temperature","Temperature (deg C)","TARA_B100001142","ZD0417 (genus)",3.22554985483037,"S8"
"b","North Atlantic Ocean","Temperature","Temperature (deg C)","TARA_B100001142","Rhodospirillaceae (family)",2.11987431889592,"S8"
"b","North Atlantic Ocean","Temperature","Temperature (deg C)","TARA_B100001142","OM1 (family)",0.735791273913216,"S8"
"b","North Atlantic Ocean","Temperature","Temperature (deg C)","TARA_B100001142","Gammaproteobacteria (order)",0.827268026886211,"S8"
"b","North Atlantic Ocean","Temperature","Temperature (deg C)","TARA_B100001142","Marinoscillum (genus)",0.898858529212902,"S8"
"b","North Atlantic Ocean","Temperature","Temperature (deg C)","TARA_B100001142","Others",33.6753768444497,"S8"
"b","North Atlantic Ocean","Temperature","Temperature (deg C)","TARA_B100002049","SAR11 (order)",12.1272238576731,"S9"
"b","North Atlantic Ocean","Temperature","Temperature (deg C)","TARA_B100002049","Marinimicrobia (phylum)",8.74184052220658,"S9"
"b","North Atlantic Ocean","Temperature","Temperature (deg C)","TARA_B100002049","Marine (family)",4.68769998720082,"S9"
"b","North Atlantic Ocean","Temperature","Temperature (deg C)","TARA_B100002049","SAR86 (family)",1.64149494432356,"S9"
"b","North Atlantic Ocean","Temperature","Temperature (deg C)","TARA_B100002049","Marine (class)",10.6777166261359,"S9"
"b","North Atlantic Ocean","Temperature","Temperature (deg C)","TARA_B100002049","Chloroplast (class)",0.00639959042621272,"S9"
"b","North Atlantic Ocean","Temperature","Temperature (deg C)","TARA_B100002049","AEGEAN-169 (genus)",4.41251759887367,"S9"
"b","North Atlantic Ocean","Temperature","Temperature (deg C)","TARA_B100002049","Prochlorococcus (genus)",0.127991808524254,"S9"
"b","North Atlantic Ocean","Temperature","Temperature (deg C)","TARA_B100002049","SAR202 (class)",2.29745296301037,"S9"
"b","North Atlantic Ocean","Temperature","Temperature (deg C)","TARA_B100002049","SAR324 (order)",5.96121848201715,"S9"
"b","North Atlantic Ocean","Temperature","Temperature (deg C)","TARA_B100002049","NS5 (genus)",0.45757071547421,"S9"
"b","North Atlantic Ocean","Temperature","Temperature (deg C)","TARA_B100002049","Syndiniales (genus)",1.53270190707795,"S9"
"b","North Atlantic Ocean","Temperature","Temperature (deg C)","TARA_B100002049","NS9 (family)",0.428772558556252,"S9"
"b","North Atlantic Ocean","Temperature","Temperature (deg C)","TARA_B100002049","NS4 (genus)",0.00639959042621272,"S9"
"b","North Atlantic Ocean","Temperature","Temperature (deg C)","TARA_B100002049","ZD0417 (genus)",1.09752975809548,"S9"
"b","North Atlantic Ocean","Temperature","Temperature (deg C)","TARA_B100002049","Rhodospirillaceae (family)",0.963138359145015,"S9"
"b","North Atlantic Ocean","Temperature","Temperature (deg C)","TARA_B100002049","OM1 (family)",0.0383975425572763,"S9"
"b","North Atlantic Ocean","Temperature","Temperature (deg C)","TARA_B100002049","Gammaproteobacteria (order)",0.243184436196083,"S9"
"b","North Atlantic Ocean","Temperature","Temperature (deg C)","TARA_B100002049","Marinoscillum (genus)",0.636759247408166,"S9"
"b","North Atlantic Ocean","Temperature","Temperature (deg C)","TARA_B100002049","Others",43.9139895046717,"S9"
"b","North Atlantic Ocean","Temperature","Temperature (deg C)","TARA_B100001758","SAR11 (order)",13.8092286889402,"S10"
"b","North Atlantic Ocean","Temperature","Temperature (deg C)","TARA_B100001758","Marinimicrobia (phylum)",6.83418784156854,"S10"
"b","North Atlantic Ocean","Temperature","Temperature (deg C)","TARA_B100001758","Marine (family)",7.29336864048679,"S10"
"b","North Atlantic Ocean","Temperature","Temperature (deg C)","TARA_B100001758","SAR86 (family)",3.9382500422559,"S10"
"b","North Atlantic Ocean","Temperature","Temperature (deg C)","TARA_B100001758","Marine (class)",3.53822750577497,"S10"
"b","North Atlantic Ocean","Temperature","Temperature (deg C)","TARA_B100001758","Chloroplast (class)",8.02298721054707,"S10"
"b","North Atlantic Ocean","Temperature","Temperature (deg C)","TARA_B100001758","AEGEAN-169 (genus)",3.37765507915939,"S10"
"b","North Atlantic Ocean","Temperature","Temperature (deg C)","TARA_B100001758","Prochlorococcus (genus)",1.59163896557553,"S10"
"b","North Atlantic Ocean","Temperature","Temperature (deg C)","TARA_B100001758","SAR202 (class)",1.20288466955885,"S10"
"b","North Atlantic Ocean","Temperature","Temperature (deg C)","TARA_B100001758","SAR324 (order)",1.23105527071948,"S10"
"b","North Atlantic Ocean","Temperature","Temperature (deg C)","TARA_B100001758","NS5 (genus)",1.9043326384585,"S10"
"b","North Atlantic Ocean","Temperature","Temperature (deg C)","TARA_B100001758","Syndiniales (genus)",2.80297481548256,"S10"
"b","North Atlantic Ocean","Temperature","Temperature (deg C)","TARA_B100001758","NS9 (family)",2.27055045354668,"S10"
"b","North Atlantic Ocean","Temperature","Temperature (deg C)","TARA_B100001758","NS4 (genus)",1.84517437602118,"S10"
"b","North Atlantic Ocean","Temperature","Temperature (deg C)","TARA_B100001758","ZD0417 (genus)",2.83959659699138,"S10"
"b","North Atlantic Ocean","Temperature","Temperature (deg C)","TARA_B100001758","Rhodospirillaceae (family)",1.47895656093301,"S10"
"b","North Atlantic Ocean","Temperature","Temperature (deg C)","TARA_B100001758","OM1 (family)",2.51000056341202,"S10"
"b","North Atlantic Ocean","Temperature","Temperature (deg C)","TARA_B100001758","Gammaproteobacteria (order)",1.55783424418277,"S10"
"b","North Atlantic Ocean","Temperature","Temperature (deg C)","TARA_B100001758","Marinoscillum (genus)",1.25077469153192,"S10"
"b","North Atlantic Ocean","Temperature","Temperature (deg C)","TARA_B100001758","Others",30.7003211448532,"S10"
"b","North Atlantic Ocean","Temperature","Temperature (deg C)","TARA_B100001175","SAR11 (order)",12.3923739237392,"S11"
"b","North Atlantic Ocean","Temperature","Temperature (deg C)","TARA_B100001175","Marinimicrobia (phylum)",6.53751537515375,"S11"
"b","North Atlantic Ocean","Temperature","Temperature (deg C)","TARA_B100001175","Marine (family)",8.31488314883149,"S11"
"b","North Atlantic Ocean","Temperature","Temperature (deg C)","TARA_B100001175","SAR86 (family)",7.12177121771218,"S11"
"b","North Atlantic Ocean","Temperature","Temperature (deg C)","TARA_B100001175","Marine (class)",3.41635916359164,"S11"
"b","North Atlantic Ocean","Temperature","Temperature (deg C)","TARA_B100001175","Chloroplast (class)",2.78290282902829,"S11"
"b","North Atlantic Ocean","Temperature","Temperature (deg C)","TARA_B100001175","AEGEAN-169 (genus)",4.56949569495695,"S11"
"b","North Atlantic Ocean","Temperature","Temperature (deg C)","TARA_B100001175","Prochlorococcus (genus)",3.26875768757688,"S11"
"b","North Atlantic Ocean","Temperature","Temperature (deg C)","TARA_B100001175","SAR202 (class)",0.962484624846248,"S11"
"b","North Atlantic Ocean","Temperature","Temperature (deg C)","TARA_B100001175","SAR324 (order)",1.11008610086101,"S11"
"b","North Atlantic Ocean","Temperature","Temperature (deg C)","TARA_B100001175","NS5 (genus)",4.59409594095941,"S11"
"b","North Atlantic Ocean","Temperature","Temperature (deg C)","TARA_B100001175","Syndiniales (genus)",3.27183271832718,"S11"
"b","North Atlantic Ocean","Temperature","Temperature (deg C)","TARA_B100001175","NS9 (family)",1.13468634686347,"S11"
"b","North Atlantic Ocean","Temperature","Temperature (deg C)","TARA_B100001175","NS4 (genus)",2.5430504305043,"S11"
"b","North Atlantic Ocean","Temperature","Temperature (deg C)","TARA_B100001175","ZD0417 (genus)",1.89421894218942,"S11"
"b","North Atlantic Ocean","Temperature","Temperature (deg C)","TARA_B100001175","Rhodospirillaceae (family)",1.73124231242312,"S11"
"b","North Atlantic Ocean","Temperature","Temperature (deg C)","TARA_B100001175","OM1 (family)",1.46986469864699,"S11"
"b","North Atlantic Ocean","Temperature","Temperature (deg C)","TARA_B100001175","Gammaproteobacteria (order)",1.43911439114391,"S11"
"b","North Atlantic Ocean","Temperature","Temperature (deg C)","TARA_B100001175","Marinoscillum (genus)",0.771832718327183,"S11"
"b","North Atlantic Ocean","Temperature","Temperature (deg C)","TARA_B100001175","Others",30.6734317343173,"S11"
"b","North Atlantic Ocean","Temperature","Temperature (deg C)","TARA_B100001769","SAR11 (order)",15.7549163009914,"S12"
"b","North Atlantic Ocean","Temperature","Temperature (deg C)","TARA_B100001769","Marinimicrobia (phylum)",5.42824638387778,"S12"
"b","North Atlantic Ocean","Temperature","Temperature (deg C)","TARA_B100001769","Marine (family)",5.30797984722899,"S12"
"b","North Atlantic Ocean","Temperature","Temperature (deg C)","TARA_B100001769","SAR86 (family)",6.35137331383065,"S12"
"b","North Atlantic Ocean","Temperature","Temperature (deg C)","TARA_B100001769","Marine (class)",1.13440598082236,"S12"
"b","North Atlantic Ocean","Temperature","Temperature (deg C)","TARA_B100001769","Chloroplast (class)",5.37298878595807,"S12"
"b","North Atlantic Ocean","Temperature","Temperature (deg C)","TARA_B100001769","AEGEAN-169 (genus)",3.89728587680806,"S12"
"b","North Atlantic Ocean","Temperature","Temperature (deg C)","TARA_B100001769","Prochlorococcus (genus)",8.03185437997725,"S12"
"b","North Atlantic Ocean","Temperature","Temperature (deg C)","TARA_B100001769","SAR202 (class)",0.841865756541525,"S12"
"b","North Atlantic Ocean","Temperature","Temperature (deg C)","TARA_B100001769","SAR324 (order)",1.05964570128393,"S12"
"b","North Atlantic Ocean","Temperature","Temperature (deg C)","TARA_B100001769","NS5 (genus)",3.22444336096213,"S12"
"b","North Atlantic Ocean","Temperature","Temperature (deg C)","TARA_B100001769","Syndiniales (genus)",2.45083699008614,"S12"
"b","North Atlantic Ocean","Temperature","Temperature (deg C)","TARA_B100001769","NS9 (family)",1.55696408256135,"S12"
"b","North Atlantic Ocean","Temperature","Temperature (deg C)","TARA_B100001769","NS4 (genus)",1.82025028441411,"S12"
"b","North Atlantic Ocean","Temperature","Temperature (deg C)","TARA_B100001769","ZD0417 (genus)",0.939379164635137,"S12"
"b","North Atlantic Ocean","Temperature","Temperature (deg C)","TARA_B100001769","Rhodospirillaceae (family)",1.30667966845441,"S12"
"b","North Atlantic Ocean","Temperature","Temperature (deg C)","TARA_B100001769","OM1 (family)",2.62636112465464,"S12"
"b","North Atlantic Ocean","Temperature","Temperature (deg C)","TARA_B100001769","Gammaproteobacteria (order)",2.37932715748415,"S12"
"b","North Atlantic Ocean","Temperature","Temperature (deg C)","TARA_B100001769","Marinoscillum (genus)",0.988135868681944,"S12"
"b","North Atlantic Ocean","Temperature","Temperature (deg C)","TARA_B100001769","Others",29.527059970746,"S12"
"b","North Atlantic Ocean","Temperature","Temperature (deg C)","TARA_B100001741","SAR11 (order)",17.7480702539434,"S13"
"b","North Atlantic Ocean","Temperature","Temperature (deg C)","TARA_B100001741","Marinimicrobia (phylum)",6.49681172390648,"S13"
"b","North Atlantic Ocean","Temperature","Temperature (deg C)","TARA_B100001741","Marine (family)",8.05738896968341,"S13"
"b","North Atlantic Ocean","Temperature","Temperature (deg C)","TARA_B100001741","SAR86 (family)",3.73643584293545,"S13"
"b","North Atlantic Ocean","Temperature","Temperature (deg C)","TARA_B100001741","Marine (class)",3.32811276429131,"S13"
"b","North Atlantic Ocean","Temperature","Temperature (deg C)","TARA_B100001741","Chloroplast (class)",4.9306410112988,"S13"
"b","North Atlantic Ocean","Temperature","Temperature (deg C)","TARA_B100001741","AEGEAN-169 (genus)",3.63015997315136,"S13"
"b","North Atlantic Ocean","Temperature","Temperature (deg C)","TARA_B100001741","Prochlorococcus (genus)",1.98847745832867,"S13"
"b","North Atlantic Ocean","Temperature","Temperature (deg C)","TARA_B100001741","SAR202 (class)",2.04441212663609,"S13"
"b","North Atlantic Ocean","Temperature","Temperature (deg C)","TARA_B100001741","SAR324 (order)",1.43192750866987,"S13"
"b","North Atlantic Ocean","Temperature","Temperature (deg C)","TARA_B100001741","NS5 (genus)",2.39959727038819,"S13"
"b","North Atlantic Ocean","Temperature","Temperature (deg C)","TARA_B100001741","Syndiniales (genus)",1.4487079091621,"S13"
"b","North Atlantic Ocean","Temperature","Temperature (deg C)","TARA_B100001741","NS9 (family)",1.81507998657568,"S13"
"b","North Atlantic Ocean","Temperature","Temperature (deg C)","TARA_B100001741","NS4 (genus)",1.55498377894619,"S13"
"b","North Atlantic Ocean","Temperature","Temperature (deg C)","TARA_B100001741","ZD0417 (genus)",2.68206734534064,"S13"
"b","North Atlantic Ocean","Temperature","Temperature (deg C)","TARA_B100001741","Rhodospirillaceae (family)",1.62210538091509,"S13"
"b","North Atlantic Ocean","Temperature","Temperature (deg C)","TARA_B100001741","OM1 (family)",1.85982772122161,"S13"
"b","North Atlantic Ocean","Temperature","Temperature (deg C)","TARA_B100001741","Gammaproteobacteria (order)",1.72278778386844,"S13"
"b","North Atlantic Ocean","Temperature","Temperature (deg C)","TARA_B100001741","Marinoscillum (genus)",1.71160085020696,"S13"
"b","North Atlantic Ocean","Temperature","Temperature (deg C)","TARA_B100001741","Others",29.7908043405303,"S13"
"b","North Atlantic Ocean","Temperature","Temperature (deg C)","TARA_B100001778","SAR11 (order)",16.8603280455357,"S14"
"b","North Atlantic Ocean","Temperature","Temperature (deg C)","TARA_B100001778","Marinimicrobia (phylum)",5.91425010946078,"S14"
"b","North Atlantic Ocean","Temperature","Temperature (deg C)","TARA_B100001778","Marine (family)",5.94456232528376,"S14"
"b","North Atlantic Ocean","Temperature","Temperature (deg C)","TARA_B100001778","SAR86 (family)",6.09949142837897,"S14"
"b","North Atlantic Ocean","Temperature","Temperature (deg C)","TARA_B100001778","Marine (class)",0.744333299653094,"S14"
"b","North Atlantic Ocean","Temperature","Temperature (deg C)","TARA_B100001778","Chloroplast (class)",4.18308578357078,"S14"
"b","North Atlantic Ocean","Temperature","Temperature (deg C)","TARA_B100001778","AEGEAN-169 (genus)",3.42528038799636,"S14"
"b","North Atlantic Ocean","Temperature","Temperature (deg C)","TARA_B100001778","Prochlorococcus (genus)",7.15031491024216,"S14"
"b","North Atlantic Ocean","Temperature","Temperature (deg C)","TARA_B100001778","SAR202 (class)",0.838637971102354,"S14"
"b","North Atlantic Ocean","Temperature","Temperature (deg C)","TARA_B100001778","SAR324 (order)",1.05419150584352,"S14"
"b","North Atlantic Ocean","Temperature","Temperature (deg C)","TARA_B100001778","NS5 (genus)",3.74524266612778,"S14"
"b","North Atlantic Ocean","Temperature","Temperature (deg C)","TARA_B100001778","Syndiniales (genus)",1.74800444579165,"S14"
"b","North Atlantic Ocean","Temperature","Temperature (deg C)","TARA_B100001778","NS9 (family)",1.94671786063117,"S14"
"b","North Atlantic Ocean","Temperature","Temperature (deg C)","TARA_B100001778","NS4 (genus)",2.65063487252029,"S14"
"b","North Atlantic Ocean","Temperature","Temperature (deg C)","TARA_B100001778","ZD0417 (genus)",0.747701323633424,"S14"
"b","North Atlantic Ocean","Temperature","Temperature (deg C)","TARA_B100001778","Rhodospirillaceae (family)",1.3808898319356,"S14"
"b","North Atlantic Ocean","Temperature","Temperature (deg C)","TARA_B100001778","OM1 (family)",3.12889427772726,"S14"
"b","North Atlantic Ocean","Temperature","Temperature (deg C)","TARA_B100001778","Gammaproteobacteria (order)",2.72473140008757,"S14"
"b","North Atlantic Ocean","Temperature","Temperature (deg C)","TARA_B100001778","Marinoscillum (genus)",1.18217641709609,"S14"
"b","North Atlantic Ocean","Temperature","Temperature (deg C)","TARA_B100001778","Others",28.5305311373817,"S14"
"b","North Atlantic Ocean","Temperature","Temperature (deg C)","TARA_B100002052","SAR11 (order)",16.8760296540362,"S15"
"b","North Atlantic Ocean","Temperature","Temperature (deg C)","TARA_B100002052","Marinimicrobia (phylum)",9.22570016474465,"S15"
"b","North Atlantic Ocean","Temperature","Temperature (deg C)","TARA_B100002052","Marine (family)",11.9302580999451,"S15"
"b","North Atlantic Ocean","Temperature","Temperature (deg C)","TARA_B100002052","SAR86 (family)",3.56260296540362,"S15"
"b","North Atlantic Ocean","Temperature","Temperature (deg C)","TARA_B100002052","Marine (class)",0.86490939044481,"S15"
"b","North Atlantic Ocean","Temperature","Temperature (deg C)","TARA_B100002052","Chloroplast (class)",1.51702361339923,"S15"
"b","North Atlantic Ocean","Temperature","Temperature (deg C)","TARA_B100002052","AEGEAN-169 (genus)",3.610653487095,"S15"
"b","North Atlantic Ocean","Temperature","Temperature (deg C)","TARA_B100002052","Prochlorococcus (genus)",2.78349807797913,"S15"
"b","North Atlantic Ocean","Temperature","Temperature (deg C)","TARA_B100002052","SAR202 (class)",2.17600219659528,"S15"
"b","North Atlantic Ocean","Temperature","Temperature (deg C)","TARA_B100002052","SAR324 (order)",0.634953322350357,"S15"
"b","North Atlantic Ocean","Temperature","Temperature (deg C)","TARA_B100002052","NS5 (genus)",1.02622185612301,"S15"
"b","North Atlantic Ocean","Temperature","Temperature (deg C)","TARA_B100002052","Syndiniales (genus)",1.67490389895662,"S15"
"b","North Atlantic Ocean","Temperature","Temperature (deg C)","TARA_B100002052","NS9 (family)",1.9117243272927,"S15"
"b","North Atlantic Ocean","Temperature","Temperature (deg C)","TARA_B100002052","NS4 (genus)",2.48146622734761,"S15"
"b","North Atlantic Ocean","Temperature","Temperature (deg C)","TARA_B100002052","ZD0417 (genus)",2.68053267435475,"S15"
"b","North Atlantic Ocean","Temperature","Temperature (deg C)","TARA_B100002052","Rhodospirillaceae (family)",1.40376166941241,"S15"
"b","North Atlantic Ocean","Temperature","Temperature (deg C)","TARA_B100002052","OM1 (family)",1.29736408566722,"S15"
"b","North Atlantic Ocean","Temperature","Temperature (deg C)","TARA_B100002052","Gammaproteobacteria (order)",1.21499176276771,"S15"
"b","North Atlantic Ocean","Temperature","Temperature (deg C)","TARA_B100002052","Marinoscillum (genus)",4.42751235584844,"S15"
"b","North Atlantic Ocean","Temperature","Temperature (deg C)","TARA_B100002052","Others",28.6998901702361,"S15"
"b","North Atlantic Ocean","Temperature","Temperature (deg C)","TARA_B100001540","SAR11 (order)",15.7097452196647,"S16"
"b","North Atlantic Ocean","Temperature","Temperature (deg C)","TARA_B100001540","Marinimicrobia (phylum)",8.35084841339006,"S16"
"b","North Atlantic Ocean","Temperature","Temperature (deg C)","TARA_B100001540","Marine (family)",6.10550058953196,"S16"
"b","North Atlantic Ocean","Temperature","Temperature (deg C)","TARA_B100001540","SAR86 (family)",3.66791408212437,"S16"
"b","North Atlantic Ocean","Temperature","Temperature (deg C)","TARA_B100001540","Marine (class)",7.19485312964577,"S16"
"b","North Atlantic Ocean","Temperature","Temperature (deg C)","TARA_B100001540","Chloroplast (class)",6.13113241400523,"S16"
"b","North Atlantic Ocean","Temperature","Temperature (deg C)","TARA_B100001540","AEGEAN-169 (genus)",4.55221202645204,"S16"
"b","North Atlantic Ocean","Temperature","Temperature (deg C)","TARA_B100001540","Prochlorococcus (genus)",1.47639308966012,"S16"
"b","North Atlantic Ocean","Temperature","Temperature (deg C)","TARA_B100001540","SAR202 (class)",2.67339929256164,"S16"
"b","North Atlantic Ocean","Temperature","Temperature (deg C)","TARA_B100001540","SAR324 (order)",2.25816373609474,"S16"
"b","North Atlantic Ocean","Temperature","Temperature (deg C)","TARA_B100001540","NS5 (genus)",1.36617624442508,"S16"
"b","North Atlantic Ocean","Temperature","Temperature (deg C)","TARA_B100001540","Syndiniales (genus)",1.13036345927103,"S16"
"b","North Atlantic Ocean","Temperature","Temperature (deg C)","TARA_B100001540","NS9 (family)",1.36361306197775,"S16"
"b","North Atlantic Ocean","Temperature","Temperature (deg C)","TARA_B100001540","NS4 (genus)",0.984262059773415,"S16"
"b","North Atlantic Ocean","Temperature","Temperature (deg C)","TARA_B100001540","ZD0417 (genus)",3.26549443789409,"S16"
"b","North Atlantic Ocean","Temperature","Temperature (deg C)","TARA_B100001540","Rhodospirillaceae (family)",2.01722458604603,"S16"
"b","North Atlantic Ocean","Temperature","Temperature (deg C)","TARA_B100001540","OM1 (family)",1.56866765776388,"S16"
"b","North Atlantic Ocean","Temperature","Temperature (deg C)","TARA_B100001540","Gammaproteobacteria (order)",1.06628389808787,"S16"
"b","North Atlantic Ocean","Temperature","Temperature (deg C)","TARA_B100001540","Marinoscillum (genus)",1.7250217870508,"S16"
"b","North Atlantic Ocean","Temperature","Temperature (deg C)","TARA_B100001540","Others",27.3927308145794,"S16"
"b","North Atlantic Ocean","Temperature","Temperature (deg C)","TARA_B100002051","SAR11 (order)",19.5296249077367,"S17"
"b","North Atlantic Ocean","Temperature","Temperature (deg C)","TARA_B100002051","Marinimicrobia (phylum)",9.65577400523385,"S17"
"b","North Atlantic Ocean","Temperature","Temperature (deg C)","TARA_B100002051","Marine (family)",9.19613500637455,"S17"
"b","North Atlantic Ocean","Temperature","Temperature (deg C)","TARA_B100002051","SAR86 (family)",4.0864255519023,"S17"
"b","North Atlantic Ocean","Temperature","Temperature (deg C)","TARA_B100002051","Marine (class)",0.667650808562035,"S17"
"b","North Atlantic Ocean","Temperature","Temperature (deg C)","TARA_B100002051","Chloroplast (class)",1.97611219217607,"S17"
"b","North Atlantic Ocean","Temperature","Temperature (deg C)","TARA_B100002051","AEGEAN-169 (genus)",3.4456149768503,"S17"
"b","North Atlantic Ocean","Temperature","Temperature (deg C)","TARA_B100002051","Prochlorococcus (genus)",2.90545527746091,"S17"
"b","North Atlantic Ocean","Temperature","Temperature (deg C)","TARA_B100002051","SAR202 (class)",1.6171240689794,"S17"
"b","North Atlantic Ocean","Temperature","Temperature (deg C)","TARA_B100002051","SAR324 (order)",0.617325370730725,"S17"
"b","North Atlantic Ocean","Temperature","Temperature (deg C)","TARA_B100002051","NS5 (genus)",1.03334899013621,"S17"
"b","North Atlantic Ocean","Temperature","Temperature (deg C)","TARA_B100002051","Syndiniales (genus)",1.17761524525263,"S17"
"b","North Atlantic Ocean","Temperature","Temperature (deg C)","TARA_B100002051","NS9 (family)",1.13064483661008,"S17"
"b","North Atlantic Ocean","Temperature","Temperature (deg C)","TARA_B100002051","NS4 (genus)",2.39213581158156,"S17"
"b","North Atlantic Ocean","Temperature","Temperature (deg C)","TARA_B100002051","ZD0417 (genus)",3.11346708716366,"S17"
"b","North Atlantic Ocean","Temperature","Temperature (deg C)","TARA_B100002051","Rhodospirillaceae (family)",1.31181641280279,"S17"
"b","North Atlantic Ocean","Temperature","Temperature (deg C)","TARA_B100002051","OM1 (family)",2.07340803864994,"S17"
"b","North Atlantic Ocean","Temperature","Temperature (deg C)","TARA_B100002051","Gammaproteobacteria (order)",1.24807085821647,"S17"
"b","North Atlantic Ocean","Temperature","Temperature (deg C)","TARA_B100002051","Marinoscillum (genus)",4.04952023082601,"S17"
"b","North Atlantic Ocean","Temperature","Temperature (deg C)","TARA_B100002051","Others",28.7727303227538,"S17"
"b","North Atlantic Ocean","Temperature","Temperature (deg C)","TARA_B100001564","SAR11 (order)",16.456360001311,"S18"
"b","North Atlantic Ocean","Temperature","Temperature (deg C)","TARA_B100001564","Marinimicrobia (phylum)",6.62056307561207,"S18"
"b","North Atlantic Ocean","Temperature","Temperature (deg C)","TARA_B100001564","Marine (family)",9.04264035921471,"S18"
"b","North Atlantic Ocean","Temperature","Temperature (deg C)","TARA_B100001564","SAR86 (family)",6.01422437809315,"S18"
"b","North Atlantic Ocean","Temperature","Temperature (deg C)","TARA_B100001564","Marine (class)",0.203205401330668,"S18"
"b","North Atlantic Ocean","Temperature","Temperature (deg C)","TARA_B100001564","Chloroplast (class)",4.68355675002458,"S18"
"b","North Atlantic Ocean","Temperature","Temperature (deg C)","TARA_B100001564","AEGEAN-169 (genus)",2.83504309921012,"S18"
"b","North Atlantic Ocean","Temperature","Temperature (deg C)","TARA_B100001564","Prochlorococcus (genus)",5.72252630198945,"S18"
"b","North Atlantic Ocean","Temperature","Temperature (deg C)","TARA_B100001564","SAR202 (class)",0.255645504899872,"S18"
"b","North Atlantic Ocean","Temperature","Temperature (deg C)","TARA_B100001564","SAR324 (order)",0.757103995280391,"S18"
"b","North Atlantic Ocean","Temperature","Temperature (deg C)","TARA_B100001564","NS5 (genus)",4.92936973550523,"S18"
"b","North Atlantic Ocean","Temperature","Temperature (deg C)","TARA_B100001564","Syndiniales (genus)",1.29789256333781,"S18"
"b","North Atlantic Ocean","Temperature","Temperature (deg C)","TARA_B100001564","NS9 (family)",2.03205401330668,"S18"
"b","North Atlantic Ocean","Temperature","Temperature (deg C)","TARA_B100001564","NS4 (genus)",2.92025826751008,"S18"
"b","North Atlantic Ocean","Temperature","Temperature (deg C)","TARA_B100001564","ZD0417 (genus)",0.268755530792173,"S18"
"b","North Atlantic Ocean","Temperature","Temperature (deg C)","TARA_B100001564","Rhodospirillaceae (family)",1.45193536757235,"S18"
"b","North Atlantic Ocean","Temperature","Temperature (deg C)","TARA_B100001564","OM1 (family)",3.14640621415227,"S18"
"b","North Atlantic Ocean","Temperature","Temperature (deg C)","TARA_B100001564","Gammaproteobacteria (order)",3.22506636950608,"S18"
"b","North Atlantic Ocean","Temperature","Temperature (deg C)","TARA_B100001564","Marinoscillum (genus)",1.37983022516469,"S18"
"b","North Atlantic Ocean","Temperature","Temperature (deg C)","TARA_B100001564","Others",26.7575628461866,"S18"
"b","North Atlantic Ocean","Temperature","Temperature (deg C)","TARA_B100001939","SAR11 (order)",13.2858449875833,"S19"
"b","North Atlantic Ocean","Temperature","Temperature (deg C)","TARA_B100001939","Marinimicrobia (phylum)",4.23474055678996,"S19"
"b","North Atlantic Ocean","Temperature","Temperature (deg C)","TARA_B100001939","Marine (family)",0.927983270160763,"S19"
"b","North Atlantic Ocean","Temperature","Temperature (deg C)","TARA_B100001939","SAR86 (family)",7.4761469089008,"S19"
"b","North Atlantic Ocean","Temperature","Temperature (deg C)","TARA_B100001939","Marine (class)",0.137236962488564,"S19"
"b","North Atlantic Ocean","Temperature","Temperature (deg C)","TARA_B100001939","Chloroplast (class)",0.967193830871781,"S19"
"b","North Atlantic Ocean","Temperature","Temperature (deg C)","TARA_B100001939","AEGEAN-169 (genus)",4.35890733237485,"S19"
"b","North Atlantic Ocean","Temperature","Temperature (deg C)","TARA_B100001939","Prochlorococcus (genus)",2.54868644621618,"S19"
"b","North Atlantic Ocean","Temperature","Temperature (deg C)","TARA_B100001939","SAR202 (class)",0.313684485688145,"S19"
"b","North Atlantic Ocean","Temperature","Temperature (deg C)","TARA_B100001939","SAR324 (order)",0.568553130309763,"S19"
"b","North Atlantic Ocean","Temperature","Temperature (deg C)","TARA_B100001939","NS5 (genus)",3.03881845510391,"S19"
"b","North Atlantic Ocean","Temperature","Temperature (deg C)","TARA_B100001939","Syndiniales (genus)",0.5750882237616,"S19"
"b","North Atlantic Ocean","Temperature","Temperature (deg C)","TARA_B100001939","NS9 (family)",3.20873088485165,"S19"
"b","North Atlantic Ocean","Temperature","Temperature (deg C)","TARA_B100001939","NS4 (genus)",4.0975035943014,"S19"
"b","North Atlantic Ocean","Temperature","Temperature (deg C)","TARA_B100001939","ZD0417 (genus)",0.947588550516272,"S19"
"b","North Atlantic Ocean","Temperature","Temperature (deg C)","TARA_B100001939","Rhodospirillaceae (family)",1.49000130701869,"S19"
"b","North Atlantic Ocean","Temperature","Temperature (deg C)","TARA_B100001939","OM1 (family)",0.222193177362436,"S19"
"b","North Atlantic Ocean","Temperature","Temperature (deg C)","TARA_B100001939","Gammaproteobacteria (order)",1.90824728793622,"S19"
"b","North Atlantic Ocean","Temperature","Temperature (deg C)","TARA_B100001939","Marinoscillum (genus)",2.49640569860149,"S19"
"b","North Atlantic Ocean","Temperature","Temperature (deg C)","TARA_B100001939","Others",47.1964449091622,"S19"
"b","North Atlantic Ocean","Temperature","Temperature (deg C)","TARA_B100001173","SAR11 (order)",12.9073279287872,"S20"
"b","North Atlantic Ocean","Temperature","Temperature (deg C)","TARA_B100001173","Marinimicrobia (phylum)",6.31855030996662,"S20"
"b","North Atlantic Ocean","Temperature","Temperature (deg C)","TARA_B100001173","Marine (family)",7.29216340804324,"S20"
"b","North Atlantic Ocean","Temperature","Temperature (deg C)","TARA_B100001173","SAR86 (family)",7.85248768081386,"S20"
"b","North Atlantic Ocean","Temperature","Temperature (deg C)","TARA_B100001173","Marine (class)",2.63869019233826,"S20"
"b","North Atlantic Ocean","Temperature","Temperature (deg C)","TARA_B100001173","Chloroplast (class)",4.22428866634875,"S20"
"b","North Atlantic Ocean","Temperature","Temperature (deg C)","TARA_B100001173","AEGEAN-169 (genus)",5.09855348911143,"S20"
"b","North Atlantic Ocean","Temperature","Temperature (deg C)","TARA_B100001173","Prochlorococcus (genus)",4.78858687013193,"S20"
"b","North Atlantic Ocean","Temperature","Temperature (deg C)","TARA_B100001173","SAR202 (class)",0.790812271498967,"S20"
"b","North Atlantic Ocean","Temperature","Temperature (deg C)","TARA_B100001173","SAR324 (order)",0.73517723732316,"S20"
"b","North Atlantic Ocean","Temperature","Temperature (deg C)","TARA_B100001173","NS5 (genus)",5.02304879987283,"S20"
"b","North Atlantic Ocean","Temperature","Temperature (deg C)","TARA_B100001173","Syndiniales (genus)",1.36703226831982,"S20"
"b","North Atlantic Ocean","Temperature","Temperature (deg C)","TARA_B100001173","NS9 (family)",1.10872675250358,"S20"
"b","North Atlantic Ocean","Temperature","Temperature (deg C)","TARA_B100001173","NS4 (genus)",2.85725639802893,"S20"
"b","North Atlantic Ocean","Temperature","Temperature (deg C)","TARA_B100001173","ZD0417 (genus)",1.37498013034494,"S20"
"b","North Atlantic Ocean","Temperature","Temperature (deg C)","TARA_B100001173","Rhodospirillaceae (family)",1.53393737084724,"S20"
"b","North Atlantic Ocean","Temperature","Temperature (deg C)","TARA_B100001173","OM1 (family)",1.75647750755047,"S20"
"b","North Atlantic Ocean","Temperature","Temperature (deg C)","TARA_B100001173","Gammaproteobacteria (order)",1.59752026704816,"S20"
"b","North Atlantic Ocean","Temperature","Temperature (deg C)","TARA_B100001173","Marinoscillum (genus)",0.770942616436179,"S20"
"b","North Atlantic Ocean","Temperature","Temperature (deg C)","TARA_B100001173","Others",29.9634398346845,"S20"
"b","North Atlantic Ocean","Temperature","Temperature (deg C)","TARA_X000000368","SAR11 (order)",14.2967202289236,"S21"
"b","North Atlantic Ocean","Temperature","Temperature (deg C)","TARA_X000000368","Marinimicrobia (phylum)",9.61644287915474,"S21"
"b","North Atlantic Ocean","Temperature","Temperature (deg C)","TARA_X000000368","Marine (family)",5.64604886638785,"S21"
"b","North Atlantic Ocean","Temperature","Temperature (deg C)","TARA_X000000368","SAR86 (family)",11.0169491525424,"S21"
"b","North Atlantic Ocean","Temperature","Temperature (deg C)","TARA_X000000368","Marine (class)",1.63713405238829,"S21"
"b","North Atlantic Ocean","Temperature","Temperature (deg C)","TARA_X000000368","Chloroplast (class)",1.97006383447061,"S21"
"b","North Atlantic Ocean","Temperature","Temperature (deg C)","TARA_X000000368","AEGEAN-169 (genus)",4.9141536429672,"S21"
"b","North Atlantic Ocean","Temperature","Temperature (deg C)","TARA_X000000368","Prochlorococcus (genus)",6.4192163768435,"S21"
"b","North Atlantic Ocean","Temperature","Temperature (deg C)","TARA_X000000368","SAR202 (class)",0.286154523442659,"S21"
"b","North Atlantic Ocean","Temperature","Temperature (deg C)","TARA_X000000368","SAR324 (order)",0.907990314769976,"S21"
"b","North Atlantic Ocean","Temperature","Temperature (deg C)","TARA_X000000368","NS5 (genus)",4.10521681708122,"S21"
"b","North Atlantic Ocean","Temperature","Temperature (deg C)","TARA_X000000368","Syndiniales (genus)",0.332929782082324,"S21"
"b","North Atlantic Ocean","Temperature","Temperature (deg C)","TARA_X000000368","NS9 (family)",1.74444199867929,"S21"
"b","North Atlantic Ocean","Temperature","Temperature (deg C)","TARA_X000000368","NS4 (genus)",2.30024213075061,"S21"
"b","North Atlantic Ocean","Temperature","Temperature (deg C)","TARA_X000000368","ZD0417 (genus)",2.76799471714726,"S21"
"b","North Atlantic Ocean","Temperature","Temperature (deg C)","TARA_X000000368","Rhodospirillaceae (family)",1.44453004622496,"S21"
"b","North Atlantic Ocean","Temperature","Temperature (deg C)","TARA_X000000368","OM1 (family)",2.90281752146159,"S21"
"b","North Atlantic Ocean","Temperature","Temperature (deg C)","TARA_X000000368","Gammaproteobacteria (order)",2.5478758529606,"S21"
"b","North Atlantic Ocean","Temperature","Temperature (deg C)","TARA_X000000368","Marinoscillum (genus)",1.05657054809597,"S21"
"b","North Atlantic Ocean","Temperature","Temperature (deg C)","TARA_X000000368","Others",24.0865067136254,"S21"
"b","North Atlantic Ocean","Temperature","Temperature (deg C)","TARA_B110000008","SAR11 (order)",8.87217213341446,"S22"
"b","North Atlantic Ocean","Temperature","Temperature (deg C)","TARA_B110000008","Marinimicrobia (phylum)",4.13739697992146,"S22"
"b","North Atlantic Ocean","Temperature","Temperature (deg C)","TARA_B110000008","Marine (family)",5.83549975109243,"S22"
"b","North Atlantic Ocean","Temperature","Temperature (deg C)","TARA_B110000008","SAR86 (family)",11.0127772553792,"S22"
"b","North Atlantic Ocean","Temperature","Temperature (deg C)","TARA_B110000008","Marine (class)",0.591846894186625,"S22"
"b","North Atlantic Ocean","Temperature","Temperature (deg C)","TARA_B110000008","Chloroplast (class)",11.5990928701809,"S22"
"b","North Atlantic Ocean","Temperature","Temperature (deg C)","TARA_B110000008","AEGEAN-169 (genus)",2.35632501797666,"S22"
"b","North Atlantic Ocean","Temperature","Temperature (deg C)","TARA_B110000008","Prochlorococcus (genus)",0.149344543392887,"S22"
"b","North Atlantic Ocean","Temperature","Temperature (deg C)","TARA_B110000008","SAR202 (class)",0.0885004701587477,"S22"
"b","North Atlantic Ocean","Temperature","Temperature (deg C)","TARA_B110000008","SAR324 (order)",0.259970131091321,"S22"
"b","North Atlantic Ocean","Temperature","Temperature (deg C)","TARA_B110000008","NS5 (genus)",2.59417003152829,"S22"
"b","North Atlantic Ocean","Temperature","Temperature (deg C)","TARA_B110000008","Syndiniales (genus)",1.07306820067482,"S22"
"b","North Atlantic Ocean","Temperature","Temperature (deg C)","TARA_B110000008","NS9 (family)",2.47801316444494,"S22"
"b","North Atlantic Ocean","Temperature","Temperature (deg C)","TARA_B110000008","NS4 (genus)",2.05210465180596,"S22"
"b","North Atlantic Ocean","Temperature","Temperature (deg C)","TARA_B110000008","ZD0417 (genus)",0.453564909563582,"S22"
"b","North Atlantic Ocean","Temperature","Temperature (deg C)","TARA_B110000008","Rhodospirillaceae (family)",1.51557055146855,"S22"
"b","North Atlantic Ocean","Temperature","Temperature (deg C)","TARA_B110000008","OM1 (family)",1.46025775761934,"S22"
"b","North Atlantic Ocean","Temperature","Temperature (deg C)","TARA_B110000008","Gammaproteobacteria (order)",0.431439792023895,"S22"
"b","North Atlantic Ocean","Temperature","Temperature (deg C)","TARA_B110000008","Marinoscillum (genus)",0.409314674484208,"S22"
"b","North Atlantic Ocean","Temperature","Temperature (deg C)","TARA_B110000008","Others",42.6295702195918,"S22"
"b","North Atlantic Ocean","Temperature","Temperature (deg C)","TARA_Y200000002","SAR11 (order)",14.6372871655459,"S23"
"b","North Atlantic Ocean","Temperature","Temperature (deg C)","TARA_Y200000002","Marinimicrobia (phylum)",2.78532932703773,"S23"
"b","North Atlantic Ocean","Temperature","Temperature (deg C)","TARA_Y200000002","Marine (family)",2.65178614012496,"S23"
"b","North Atlantic Ocean","Temperature","Temperature (deg C)","TARA_Y200000002","SAR86 (family)",19.902704249535,"S23"
"b","North Atlantic Ocean","Temperature","Temperature (deg C)","TARA_Y200000002","Marine (class)",0.0143081985977965,"S23"
"b","North Atlantic Ocean","Temperature","Temperature (deg C)","TARA_Y200000002","Chloroplast (class)",1.48328325463824,"S23"
"b","North Atlantic Ocean","Temperature","Temperature (deg C)","TARA_Y200000002","AEGEAN-169 (genus)",5.82820622883579,"S23"
"b","North Atlantic Ocean","Temperature","Temperature (deg C)","TARA_Y200000002","Prochlorococcus (genus)",10.9839271235751,"S23"
"b","North Atlantic Ocean","Temperature","Temperature (deg C)","TARA_Y200000002","SAR202 (class)",0.29093337148853,"S23"
"b","North Atlantic Ocean","Temperature","Temperature (deg C)","TARA_Y200000002","SAR324 (order)",1.07311489483474,"S23"
"b","North Atlantic Ocean","Temperature","Temperature (deg C)","TARA_Y200000002","NS5 (genus)",2.11761339247389,"S23"
"b","North Atlantic Ocean","Temperature","Temperature (deg C)","TARA_Y200000002","Syndiniales (genus)",0.600944341107455,"S23"
"b","North Atlantic Ocean","Temperature","Temperature (deg C)","TARA_Y200000002","NS9 (family)",1.08742309343254,"S23"
"b","North Atlantic Ocean","Temperature","Temperature (deg C)","TARA_Y200000002","NS4 (genus)",2.50393475461439,"S23"
"b","North Atlantic Ocean","Temperature","Temperature (deg C)","TARA_Y200000002","ZD0417 (genus)",0.0810797920541804,"S23"
"b","North Atlantic Ocean","Temperature","Temperature (deg C)","TARA_Y200000002","Rhodospirillaceae (family)",1.59297944388801,"S23"
"b","North Atlantic Ocean","Temperature","Temperature (deg C)","TARA_Y200000002","OM1 (family)",1.44989745791005,"S23"
"b","North Atlantic Ocean","Temperature","Temperature (deg C)","TARA_Y200000002","Gammaproteobacteria (order)",3.61043544617733,"S23"
"b","North Atlantic Ocean","Temperature","Temperature (deg C)","TARA_Y200000002","Marinoscillum (genus)",0.806028521009205,"S23"
"b","North Atlantic Ocean","Temperature","Temperature (deg C)","TARA_Y200000002","Others",26.4987838031192,"S23"
"b","North Atlantic Ocean","Temperature","Temperature (deg C)","TARA_B110000003","SAR11 (order)",6.55183934073277,"S24"
"b","North Atlantic Ocean","Temperature","Temperature (deg C)","TARA_B110000003","Marinimicrobia (phylum)",4.2280708266825,"S24"
"b","North Atlantic Ocean","Temperature","Temperature (deg C)","TARA_B110000003","Marine (family)",3.8308771669327,"S24"
"b","North Atlantic Ocean","Temperature","Temperature (deg C)","TARA_B110000003","SAR86 (family)",8.58235272281822,"S24"
"b","North Atlantic Ocean","Temperature","Temperature (deg C)","TARA_B110000003","Marine (class)",0.512268458368908,"S24"
"b","North Atlantic Ocean","Temperature","Temperature (deg C)","TARA_B110000003","Chloroplast (class)",21.2517168417536,"S24"
"b","North Atlantic Ocean","Temperature","Temperature (deg C)","TARA_B110000003","AEGEAN-169 (genus)",1.774379152901,"S24"
"b","North Atlantic Ocean","Temperature","Temperature (deg C)","TARA_B110000003","Prochlorococcus (genus)",0.159619881955529,"S24"
"b","North Atlantic Ocean","Temperature","Temperature (deg C)","TARA_B110000003","SAR202 (class)",0.0482571736144623,"S24"
"b","North Atlantic Ocean","Temperature","Temperature (deg C)","TARA_B110000003","SAR324 (order)",0.196740784735885,"S24"
"b","North Atlantic Ocean","Temperature","Temperature (deg C)","TARA_B110000003","NS5 (genus)",3.18868554883255,"S24"
"b","North Atlantic Ocean","Temperature","Temperature (deg C)","TARA_B110000003","Syndiniales (genus)",0.330376034745165,"S24"
"b","North Atlantic Ocean","Temperature","Temperature (deg C)","TARA_B110000003","NS9 (family)",4.92594379895319,"S24"
"b","North Atlantic Ocean","Temperature","Temperature (deg C)","TARA_B110000003","NS4 (genus)",2.94739968076024,"S24"
"b","North Atlantic Ocean","Temperature","Temperature (deg C)","TARA_B110000003","ZD0417 (genus)",0.404617840305876,"S24"
"b","North Atlantic Ocean","Temperature","Temperature (deg C)","TARA_B110000003","Rhodospirillaceae (family)",0.79438731949961,"S24"
"b","North Atlantic Ocean","Temperature","Temperature (deg C)","TARA_B110000003","OM1 (family)",1.30665577786852,"S24"
"b","North Atlantic Ocean","Temperature","Temperature (deg C)","TARA_B110000003","Gammaproteobacteria (order)",0.337800215301236,"S24"
"b","North Atlantic Ocean","Temperature","Temperature (deg C)","TARA_B110000003","Marinoscillum (genus)",0.452875013920339,"S24"
"b","North Atlantic Ocean","Temperature","Temperature (deg C)","TARA_B110000003","Others",38.1751364193177,"S24"
"b","North Atlantic Ocean","Oxygen","Oxygen","TARA_B100001146","SAR11 (order)",12.2387865373348,"S1"
"b","North Atlantic Ocean","Oxygen","Oxygen","TARA_B100001146","Marinimicrobia (phylum)",10.295553674891,"S1"
"b","North Atlantic Ocean","Oxygen","Oxygen","TARA_B100001146","Marine (family)",5.39027407069852,"S1"
"b","North Atlantic Ocean","Oxygen","Oxygen","TARA_B100001146","SAR86 (family)",1.93021287676584,"S1"
"b","North Atlantic Ocean","Oxygen","Oxygen","TARA_B100001146","Marine (class)",10.4843434672222,"S1"
"b","North Atlantic Ocean","Oxygen","Oxygen","TARA_B100001146","Chloroplast (class)",0.0585899355510709,"S1"
"b","North Atlantic Ocean","Oxygen","Oxygen","TARA_B100001146","AEGEAN-169 (genus)",3.65861597552243,"S1"
"b","North Atlantic Ocean","Oxygen","Oxygen","TARA_B100001146","Prochlorococcus (genus)",0.120434867521646,"S1"
"b","North Atlantic Ocean","Oxygen","Oxygen","TARA_B100001146","SAR202 (class)",6.46442288913482,"S1"
"b","North Atlantic Ocean","Oxygen","Oxygen","TARA_B100001146","SAR324 (order)",1.41592344248421,"S1"
"b","North Atlantic Ocean","Oxygen","Oxygen","TARA_B100001146","NS5 (genus)",1.02206887572424,"S1"
"b","North Atlantic Ocean","Oxygen","Oxygen","TARA_B100001146","Syndiniales (genus)",2.5584271857301,"S1"
"b","North Atlantic Ocean","Oxygen","Oxygen","TARA_B100001146","NS9 (family)",1.0741488184363,"S1"
"b","North Atlantic Ocean","Oxygen","Oxygen","TARA_B100001146","NS4 (genus)",0.0292949677755354,"S1"
"b","North Atlantic Ocean","Oxygen","Oxygen","TARA_B100001146","ZD0417 (genus)",0.93418397239763,"S1"
"b","North Atlantic Ocean","Oxygen","Oxygen","TARA_B100001146","Rhodospirillaceae (family)",1.34431352125513,"S1"
"b","North Atlantic Ocean","Oxygen","Oxygen","TARA_B100001146","OM1 (family)",0.100904889004622,"S1"
"b","North Atlantic Ocean","Oxygen","Oxygen","TARA_B100001146","Gammaproteobacteria (order)",0.133454853199661,"S1"
"b","North Atlantic Ocean","Oxygen","Oxygen","TARA_B100001146","Marinoscillum (genus)",0.891869018944079,"S1"
"b","North Atlantic Ocean","Oxygen","Oxygen","TARA_B100001146","Others",39.8541761604062,"S1"
"b","North Atlantic Ocean","Oxygen","Oxygen","TARA_B100001559","SAR11 (order)",12.3015873015873,"S2"
"b","North Atlantic Ocean","Oxygen","Oxygen","TARA_B100001559","Marinimicrobia (phylum)",8.71813371813372,"S2"
"b","North Atlantic Ocean","Oxygen","Oxygen","TARA_B100001559","Marine (family)",7.91847041847042,"S2"
"b","North Atlantic Ocean","Oxygen","Oxygen","TARA_B100001559","SAR86 (family)",4.3500481000481,"S2"
"b","North Atlantic Ocean","Oxygen","Oxygen","TARA_B100001559","Marine (class)",5.01743626743627,"S2"
"b","North Atlantic Ocean","Oxygen","Oxygen","TARA_B100001559","Chloroplast (class)",2.10137085137085,"S2"
"b","North Atlantic Ocean","Oxygen","Oxygen","TARA_B100001559","AEGEAN-169 (genus)",3.41510341510342,"S2"
"b","North Atlantic Ocean","Oxygen","Oxygen","TARA_B100001559","Prochlorococcus (genus)",1.97210197210197,"S2"
"b","North Atlantic Ocean","Oxygen","Oxygen","TARA_B100001559","SAR202 (class)",2.3989898989899,"S2"
"b","North Atlantic Ocean","Oxygen","Oxygen","TARA_B100001559","SAR324 (order)",2.40800865800866,"S2"
"b","North Atlantic Ocean","Oxygen","Oxygen","TARA_B100001559","NS5 (genus)",3.21368446368446,"S2"
"b","North Atlantic Ocean","Oxygen","Oxygen","TARA_B100001559","Syndiniales (genus)",4.19973544973545,"S2"
"b","North Atlantic Ocean","Oxygen","Oxygen","TARA_B100001559","NS9 (family)",1.57227032227032,"S2"
"b","North Atlantic Ocean","Oxygen","Oxygen","TARA_B100001559","NS4 (genus)",1.12133237133237,"S2"
"b","North Atlantic Ocean","Oxygen","Oxygen","TARA_B100001559","ZD0417 (genus)",1.71657046657047,"S2"
"b","North Atlantic Ocean","Oxygen","Oxygen","TARA_B100001559","Rhodospirillaceae (family)",2.06830206830207,"S2"
"b","North Atlantic Ocean","Oxygen","Oxygen","TARA_B100001559","OM1 (family)",1.77669552669553,"S2"
"b","North Atlantic Ocean","Oxygen","Oxygen","TARA_B100001559","Gammaproteobacteria (order)",1.47005772005772,"S2"
"b","North Atlantic Ocean","Oxygen","Oxygen","TARA_B100001559","Marinoscillum (genus)",1.08826358826359,"S2"
"b","North Atlantic Ocean","Oxygen","Oxygen","TARA_B100001559","Others",31.1718374218374,"S2"
"b","North Atlantic Ocean","Oxygen","Oxygen","TARA_B100001750","SAR11 (order)",10.6259837752755,"S3"
"b","North Atlantic Ocean","Oxygen","Oxygen","TARA_B100001750","Marinimicrobia (phylum)",11.5316624288655,"S3"
"b","North Atlantic Ocean","Oxygen","Oxygen","TARA_B100001750","Marine (family)",10.9407918634217,"S3"
"b","North Atlantic Ocean","Oxygen","Oxygen","TARA_B100001750","SAR86 (family)",3.05121685434072,"S3"
"b","North Atlantic Ocean","Oxygen","Oxygen","TARA_B100001750","Marine (class)",10.5606005569682,"S3"
"b","North Atlantic Ocean","Oxygen","Oxygen","TARA_B100001750","Chloroplast (class)",0.0581184162731566,"S3"
"b","North Atlantic Ocean","Oxygen","Oxygen","TARA_B100001750","AEGEAN-169 (genus)",2.89381281026759,"S3"
"b","North Atlantic Ocean","Oxygen","Oxygen","TARA_B100001750","Prochlorococcus (genus)",0.317229688824313,"S3"
"b","North Atlantic Ocean","Oxygen","Oxygen","TARA_B100001750","SAR202 (class)",6.85312991887638,"S3"
"b","North Atlantic Ocean","Oxygen","Oxygen","TARA_B100001750","SAR324 (order)",5.37353190458893,"S3"
"b","North Atlantic Ocean","Oxygen","Oxygen","TARA_B100001750","NS5 (genus)",0.426201719336481,"S3"
"b","North Atlantic Ocean","Oxygen","Oxygen","TARA_B100001750","Syndiniales (genus)",3.35391693909674,"S3"
"b","North Atlantic Ocean","Oxygen","Oxygen","TARA_B100001750","NS9 (family)",0.787020220365662,"S3"
"b","North Atlantic Ocean","Oxygen","Oxygen","TARA_B100001750","NS4 (genus)",0.0823344230536385,"S3"
"b","North Atlantic Ocean","Oxygen","Oxygen","TARA_B100001750","ZD0417 (genus)",2.06804697905315,"S3"
"b","North Atlantic Ocean","Oxygen","Oxygen","TARA_B100001750","Rhodospirillaceae (family)",1.03886669088267,"S3"
"b","North Atlantic Ocean","Oxygen","Oxygen","TARA_B100001750","OM1 (family)",0.474633732897445,"S3"
"b","North Atlantic Ocean","Oxygen","Oxygen","TARA_B100001750","Gammaproteobacteria (order)",0.33418089357065,"S3"
"b","North Atlantic Ocean","Oxygen","Oxygen","TARA_B100001750","Marinoscillum (genus)",0.513379343746216,"S3"
"b","North Atlantic Ocean","Oxygen","Oxygen","TARA_B100001750","Others",28.7153408402954,"S3"
"b","North Atlantic Ocean","Oxygen","Oxygen","TARA_B110000014","SAR11 (order)",15.1202749140893,"S4"
"b","North Atlantic Ocean","Oxygen","Oxygen","TARA_B110000014","Marinimicrobia (phylum)",9.54299482561125,"S4"
"b","North Atlantic Ocean","Oxygen","Oxygen","TARA_B110000014","Marine (family)",5.37188450448315,"S4"
"b","North Atlantic Ocean","Oxygen","Oxygen","TARA_B110000014","SAR86 (family)",4.00916380297824,"S4"
"b","North Atlantic Ocean","Oxygen","Oxygen","TARA_B110000014","Marine (class)",14.0695975036537,"S4"
"b","North Atlantic Ocean","Oxygen","Oxygen","TARA_B110000014","Chloroplast (class)",0.276494055377809,"S4"
"b","North Atlantic Ocean","Oxygen","Oxygen","TARA_B110000014","AEGEAN-169 (genus)",4.23430896235731,"S4"
"b","North Atlantic Ocean","Oxygen","Oxygen","TARA_B110000014","Prochlorococcus (genus)",0.193545838764467,"S4"
"b","North Atlantic Ocean","Oxygen","Oxygen","TARA_B110000014","SAR202 (class)",3.34162815499467,"S4"
"b","North Atlantic Ocean","Oxygen","Oxygen","TARA_B110000014","SAR324 (order)",3.02168503377177,"S4"
"b","North Atlantic Ocean","Oxygen","Oxygen","TARA_B110000014","NS5 (genus)",0.766283524904214,"S4"
"b","North Atlantic Ocean","Oxygen","Oxygen","TARA_B110000014","Syndiniales (genus)",0.896630722439468,"S4"
"b","North Atlantic Ocean","Oxygen","Oxygen","TARA_B110000014","NS9 (family)",1.50096772919382,"S4"
"b","North Atlantic Ocean","Oxygen","Oxygen","TARA_B110000014","NS4 (genus)",0.217245329225422,"S4"
"b","North Atlantic Ocean","Oxygen","Oxygen","TARA_B110000014","ZD0417 (genus)",1.97495753841292,"S4"
"b","North Atlantic Ocean","Oxygen","Oxygen","TARA_B110000014","Rhodospirillaceae (family)",1.82881068057037,"S4"
"b","North Atlantic Ocean","Oxygen","Oxygen","TARA_B110000014","OM1 (family)",0.3515424418375,"S4"
"b","North Atlantic Ocean","Oxygen","Oxygen","TARA_B110000014","Gammaproteobacteria (order)",0.568787771062922,"S4"
"b","North Atlantic Ocean","Oxygen","Oxygen","TARA_B110000014","Marinoscillum (genus)",1.57996603073034,"S4"
"b","North Atlantic Ocean","Oxygen","Oxygen","TARA_B110000014","Others",31.1332306355413,"S4"
"b","North Atlantic Ocean","Oxygen","Oxygen","TARA_B100001765","SAR11 (order)",16.9741697416974,"S5"
"b","North Atlantic Ocean","Oxygen","Oxygen","TARA_B100001765","Marinimicrobia (phylum)",9.89880353348988,"S5"
"b","North Atlantic Ocean","Oxygen","Oxygen","TARA_B100001765","Marine (family)",4.55384099295538,"S5"
"b","North Atlantic Ocean","Oxygen","Oxygen","TARA_B100001765","SAR86 (family)",1.95963323269596,"S5"
"b","North Atlantic Ocean","Oxygen","Oxygen","TARA_B100001765","Marine (class)",11.3272950911327,"S5"
"b","North Atlantic Ocean","Oxygen","Oxygen","TARA_B100001765","Chloroplast (class)",0.0251593425025159,"S5"
"b","North Atlantic Ocean","Oxygen","Oxygen","TARA_B100001765","AEGEAN-169 (genus)",4.12613217041261,"S5"
"b","North Atlantic Ocean","Oxygen","Oxygen","TARA_B100001765","Prochlorococcus (genus)",0.164933467516493,"S5"
"b","North Atlantic Ocean","Oxygen","Oxygen","TARA_B100001765","SAR202 (class)",5.70837526557084,"S5"
"b","North Atlantic Ocean","Oxygen","Oxygen","TARA_B100001765","SAR324 (order)",6.84334116068433,"S5"
"b","North Atlantic Ocean","Oxygen","Oxygen","TARA_B100001765","NS5 (genus)",0.273957285027396,"S5"
"b","North Atlantic Ocean","Oxygen","Oxygen","TARA_B100001765","Syndiniales (genus)",1.56267471765627,"S5"
"b","North Atlantic Ocean","Oxygen","Oxygen","TARA_B100001765","NS9 (family)",0.505982332550598,"S5"
"b","North Atlantic Ocean","Oxygen","Oxygen","TARA_B100001765","NS4 (genus)",0.0223638600022364,"S5"
"b","North Atlantic Ocean","Oxygen","Oxygen","TARA_B100001765","ZD0417 (genus)",0.746393827574639,"S5"
"b","North Atlantic Ocean","Oxygen","Oxygen","TARA_B100001765","Rhodospirillaceae (family)",1.4760147601476,"S5"
"b","North Atlantic Ocean","Oxygen","Oxygen","TARA_B100001765","OM1 (family)",0.0363412725036341,"S5"
"b","North Atlantic Ocean","Oxygen","Oxygen","TARA_B100001765","Gammaproteobacteria (order)",0.164933467516493,"S5"
"b","North Atlantic Ocean","Oxygen","Oxygen","TARA_B100001765","Marinoscillum (genus)",0.525550710052555,"S5"
"b","North Atlantic Ocean","Oxygen","Oxygen","TARA_B100001765","Others",33.1041037683104,"S5"
"b","North Atlantic Ocean","Oxygen","Oxygen","TARA_B100001179","SAR11 (order)",17.265413992391,"S6"
"b","North Atlantic Ocean","Oxygen","Oxygen","TARA_B100001179","Marinimicrobia (phylum)",10.5886794644672,"S6"
"b","North Atlantic Ocean","Oxygen","Oxygen","TARA_B100001179","Marine (family)",4.66993872157523,"S6"
"b","North Atlantic Ocean","Oxygen","Oxygen","TARA_B100001179","SAR86 (family)",2.2739813550954,"S6"
"b","North Atlantic Ocean","Oxygen","Oxygen","TARA_B100001179","Marine (class)",10.211134667325,"S6"
"b","North Atlantic Ocean","Oxygen","Oxygen","TARA_B100001179","Chloroplast (class)",0.0261377167252345,"S6"
"b","North Atlantic Ocean","Oxygen","Oxygen","TARA_B100001179","AEGEAN-169 (genus)",4.28658554293846,"S6"
"b","North Atlantic Ocean","Oxygen","Oxygen","TARA_B100001179","Prochlorococcus (genus)",0.110359248395435,"S6"
"b","North Atlantic Ocean","Oxygen","Oxygen","TARA_B100001179","SAR202 (class)",5.77353120552958,"S6"
"b","North Atlantic Ocean","Oxygen","Oxygen","TARA_B100001179","SAR324 (order)",6.87421949873668,"S6"
"b","North Atlantic Ocean","Oxygen","Oxygen","TARA_B100001179","NS5 (genus)",0.357215461911538,"S6"
"b","North Atlantic Ocean","Oxygen","Oxygen","TARA_B100001179","Syndiniales (genus)",1.61182586472279,"S6"
"b","North Atlantic Ocean","Oxygen","Oxygen","TARA_B100001179","NS9 (family)",0.821885981471263,"S6"
"b","North Atlantic Ocean","Oxygen","Oxygen","TARA_B100001179","NS4 (genus)",0.0348502889669794,"S6"
"b","North Atlantic Ocean","Oxygen","Oxygen","TARA_B100001179","ZD0417 (genus)",0.778323120262539,"S6"
"b","North Atlantic Ocean","Oxygen","Oxygen","TARA_B100001179","Rhodospirillaceae (family)",1.50146661632736,"S6"
"b","North Atlantic Ocean","Oxygen","Oxygen","TARA_B100001179","OM1 (family)",0.0464670519559725,"S6"
"b","North Atlantic Ocean","Oxygen","Oxygen","TARA_B100001179","Gammaproteobacteria (order)",0.226526878285366,"S6"
"b","North Atlantic Ocean","Oxygen","Oxygen","TARA_B100001179","Marinoscillum (genus)",0.418203467603752,"S6"
"b","North Atlantic Ocean","Oxygen","Oxygen","TARA_B100001179","Others",32.1232538553132,"S6"
"b","North Atlantic Ocean","Oxygen","Oxygen","TARA_B100001167","SAR11 (order)",14.6305197275148,"S7"
"b","North Atlantic Ocean","Oxygen","Oxygen","TARA_B100001167","Marinimicrobia (phylum)",10.7334278502023,"S7"
"b","North Atlantic Ocean","Oxygen","Oxygen","TARA_B100001167","Marine (family)",5.71596528234033,"S7"
"b","North Atlantic Ocean","Oxygen","Oxygen","TARA_B100001167","SAR86 (family)",1.79812579964729,"S7"
"b","North Atlantic Ocean","Oxygen","Oxygen","TARA_B100001167","Marine (class)",9.38829143469691,"S7"
"b","North Atlantic Ocean","Oxygen","Oxygen","TARA_B100001167","Chloroplast (class)",0.0311214080708185,"S7"
"b","North Atlantic Ocean","Oxygen","Oxygen","TARA_B100001167","AEGEAN-169 (genus)",3.98699816729486,"S7"
"b","North Atlantic Ocean","Oxygen","Oxygen","TARA_B100001167","Prochlorococcus (genus)",0.121027698053183,"S7"
"b","North Atlantic Ocean","Oxygen","Oxygen","TARA_B100001167","SAR202 (class)",6.83979390711989,"S7"
"b","North Atlantic Ocean","Oxygen","Oxygen","TARA_B100001167","SAR324 (order)",8.04315501919153,"S7"
"b","North Atlantic Ocean","Oxygen","Oxygen","TARA_B100001167","NS5 (genus)",0.345793423009094,"S7"
"b","North Atlantic Ocean","Oxygen","Oxygen","TARA_B100001167","Syndiniales (genus)",2.14737715688648,"S7"
"b","North Atlantic Ocean","Oxygen","Oxygen","TARA_B100001167","NS9 (family)",0.452989384141914,"S7"
"b","North Atlantic Ocean","Oxygen","Oxygen","TARA_B100001167","NS4 (genus)",0.0138317369203638,"S7"
"b","North Atlantic Ocean","Oxygen","Oxygen","TARA_B100001167","ZD0417 (genus)",0.764203464850098,"S7"
"b","North Atlantic Ocean","Oxygen","Oxygen","TARA_B100001167","Rhodospirillaceae (family)",1.54223866662056,"S7"
"b","North Atlantic Ocean","Oxygen","Oxygen","TARA_B100001167","OM1 (family)",0.0311214080708185,"S7"
"b","North Atlantic Ocean","Oxygen","Oxygen","TARA_B100001167","Gammaproteobacteria (order)",0.186728448424911,"S7"
"b","North Atlantic Ocean","Oxygen","Oxygen","TARA_B100001167","Marinoscillum (genus)",0.418410041841004,"S7"
"b","North Atlantic Ocean","Oxygen","Oxygen","TARA_B100001167","Others",32.8088799751029,"S7"
"b","North Atlantic Ocean","Oxygen","Oxygen","TARA_B100001142","SAR11 (order)",10.5715308435748,"S8"
"b","North Atlantic Ocean","Oxygen","Oxygen","TARA_B100001142","Marinimicrobia (phylum)",6.3039414548781,"S8"
"b","North Atlantic Ocean","Oxygen","Oxygen","TARA_B100001142","Marine (family)",8.33631627093028,"S8"
"b","North Atlantic Ocean","Oxygen","Oxygen","TARA_B100001142","SAR86 (family)",5.30962892256294,"S8"
"b","North Atlantic Ocean","Oxygen","Oxygen","TARA_B100001142","Marine (class)",3.21759535457185,"S8"
"b","North Atlantic Ocean","Oxygen","Oxygen","TARA_B100001142","Chloroplast (class)",9.11983454639462,"S8"
"b","North Atlantic Ocean","Oxygen","Oxygen","TARA_B100001142","AEGEAN-169 (genus)",3.02668734836734,"S8"
"b","North Atlantic Ocean","Oxygen","Oxygen","TARA_B100001142","Prochlorococcus (genus)",0.429543013960148,"S8"
"b","North Atlantic Ocean","Oxygen","Oxygen","TARA_B100001142","SAR202 (class)",2.76021158970688,"S8"
"b","North Atlantic Ocean","Oxygen","Oxygen","TARA_B100001142","SAR324 (order)",0.847154277532514,"S8"
"b","North Atlantic Ocean","Oxygen","Oxygen","TARA_B100001142","NS5 (genus)",1.00624428270294,"S8"
"b","North Atlantic Ocean","Oxygen","Oxygen","TARA_B100001142","Syndiniales (genus)",4.26758938869665,"S8"
"b","North Atlantic Ocean","Oxygen","Oxygen","TARA_B100001142","NS9 (family)",2.22328282225669,"S8"
"b","North Atlantic Ocean","Oxygen","Oxygen","TARA_B100001142","NS4 (genus)",1.09772103567593,"S8"
"b","North Atlantic Ocean","Oxygen","Oxygen","TARA_B100001142","ZD0417 (genus)",3.22554985483037,"S8"
"b","North Atlantic Ocean","Oxygen","Oxygen","TARA_B100001142","Rhodospirillaceae (family)",2.11987431889592,"S8"
"b","North Atlantic Ocean","Oxygen","Oxygen","TARA_B100001142","OM1 (family)",0.735791273913216,"S8"
"b","North Atlantic Ocean","Oxygen","Oxygen","TARA_B100001142","Gammaproteobacteria (order)",0.827268026886211,"S8"
"b","North Atlantic Ocean","Oxygen","Oxygen","TARA_B100001142","Marinoscillum (genus)",0.898858529212902,"S8"
"b","North Atlantic Ocean","Oxygen","Oxygen","TARA_B100001142","Others",33.6753768444497,"S8"
"b","North Atlantic Ocean","Oxygen","Oxygen","TARA_B100002049","SAR11 (order)",12.1272238576731,"S9"
"b","North Atlantic Ocean","Oxygen","Oxygen","TARA_B100002049","Marinimicrobia (phylum)",8.74184052220658,"S9"
"b","North Atlantic Ocean","Oxygen","Oxygen","TARA_B100002049","Marine (family)",4.68769998720082,"S9"
"b","North Atlantic Ocean","Oxygen","Oxygen","TARA_B100002049","SAR86 (family)",1.64149494432356,"S9"
"b","North Atlantic Ocean","Oxygen","Oxygen","TARA_B100002049","Marine (class)",10.6777166261359,"S9"
"b","North Atlantic Ocean","Oxygen","Oxygen","TARA_B100002049","Chloroplast (class)",0.00639959042621272,"S9"
"b","North Atlantic Ocean","Oxygen","Oxygen","TARA_B100002049","AEGEAN-169 (genus)",4.41251759887367,"S9"
"b","North Atlantic Ocean","Oxygen","Oxygen","TARA_B100002049","Prochlorococcus (genus)",0.127991808524254,"S9"
"b","North Atlantic Ocean","Oxygen","Oxygen","TARA_B100002049","SAR202 (class)",2.29745296301037,"S9"
"b","North Atlantic Ocean","Oxygen","Oxygen","TARA_B100002049","SAR324 (order)",5.96121848201715,"S9"
"b","North Atlantic Ocean","Oxygen","Oxygen","TARA_B100002049","NS5 (genus)",0.45757071547421,"S9"
"b","North Atlantic Ocean","Oxygen","Oxygen","TARA_B100002049","Syndiniales (genus)",1.53270190707795,"S9"
"b","North Atlantic Ocean","Oxygen","Oxygen","TARA_B100002049","NS9 (family)",0.428772558556252,"S9"
"b","North Atlantic Ocean","Oxygen","Oxygen","TARA_B100002049","NS4 (genus)",0.00639959042621272,"S9"
"b","North Atlantic Ocean","Oxygen","Oxygen","TARA_B100002049","ZD0417 (genus)",1.09752975809548,"S9"
"b","North Atlantic Ocean","Oxygen","Oxygen","TARA_B100002049","Rhodospirillaceae (family)",0.963138359145015,"S9"
"b","North Atlantic Ocean","Oxygen","Oxygen","TARA_B100002049","OM1 (family)",0.0383975425572763,"S9"
"b","North Atlantic Ocean","Oxygen","Oxygen","TARA_B100002049","Gammaproteobacteria (order)",0.243184436196083,"S9"
"b","North Atlantic Ocean","Oxygen","Oxygen","TARA_B100002049","Marinoscillum (genus)",0.636759247408166,"S9"
"b","North Atlantic Ocean","Oxygen","Oxygen","TARA_B100002049","Others",43.9139895046717,"S9"
"b","North Atlantic Ocean","Oxygen","Oxygen","TARA_B100001758","SAR11 (order)",13.8092286889402,"S10"
"b","North Atlantic Ocean","Oxygen","Oxygen","TARA_B100001758","Marinimicrobia (phylum)",6.83418784156854,"S10"
"b","North Atlantic Ocean","Oxygen","Oxygen","TARA_B100001758","Marine (family)",7.29336864048679,"S10"
"b","North Atlantic Ocean","Oxygen","Oxygen","TARA_B100001758","SAR86 (family)",3.9382500422559,"S10"
"b","North Atlantic Ocean","Oxygen","Oxygen","TARA_B100001758","Marine (class)",3.53822750577497,"S10"
"b","North Atlantic Ocean","Oxygen","Oxygen","TARA_B100001758","Chloroplast (class)",8.02298721054707,"S10"
"b","North Atlantic Ocean","Oxygen","Oxygen","TARA_B100001758","AEGEAN-169 (genus)",3.37765507915939,"S10"
"b","North Atlantic Ocean","Oxygen","Oxygen","TARA_B100001758","Prochlorococcus (genus)",1.59163896557553,"S10"
"b","North Atlantic Ocean","Oxygen","Oxygen","TARA_B100001758","SAR202 (class)",1.20288466955885,"S10"
"b","North Atlantic Ocean","Oxygen","Oxygen","TARA_B100001758","SAR324 (order)",1.23105527071948,"S10"
"b","North Atlantic Ocean","Oxygen","Oxygen","TARA_B100001758","NS5 (genus)",1.9043326384585,"S10"
"b","North Atlantic Ocean","Oxygen","Oxygen","TARA_B100001758","Syndiniales (genus)",2.80297481548256,"S10"
"b","North Atlantic Ocean","Oxygen","Oxygen","TARA_B100001758","NS9 (family)",2.27055045354668,"S10"
"b","North Atlantic Ocean","Oxygen","Oxygen","TARA_B100001758","NS4 (genus)",1.84517437602118,"S10"
"b","North Atlantic Ocean","Oxygen","Oxygen","TARA_B100001758","ZD0417 (genus)",2.83959659699138,"S10"
"b","North Atlantic Ocean","Oxygen","Oxygen","TARA_B100001758","Rhodospirillaceae (family)",1.47895656093301,"S10"
"b","North Atlantic Ocean","Oxygen","Oxygen","TARA_B100001758","OM1 (family)",2.51000056341202,"S10"
"b","North Atlantic Ocean","Oxygen","Oxygen","TARA_B100001758","Gammaproteobacteria (order)",1.55783424418277,"S10"
"b","North Atlantic Ocean","Oxygen","Oxygen","TARA_B100001758","Marinoscillum (genus)",1.25077469153192,"S10"
"b","North Atlantic Ocean","Oxygen","Oxygen","TARA_B100001758","Others",30.7003211448532,"S10"
"b","North Atlantic Ocean","Oxygen","Oxygen","TARA_B100001175","SAR11 (order)",12.3923739237392,"S11"
"b","North Atlantic Ocean","Oxygen","Oxygen","TARA_B100001175","Marinimicrobia (phylum)",6.53751537515375,"S11"
"b","North Atlantic Ocean","Oxygen","Oxygen","TARA_B100001175","Marine (family)",8.31488314883149,"S11"
"b","North Atlantic Ocean","Oxygen","Oxygen","TARA_B100001175","SAR86 (family)",7.12177121771218,"S11"
"b","North Atlantic Ocean","Oxygen","Oxygen","TARA_B100001175","Marine (class)",3.41635916359164,"S11"
"b","North Atlantic Ocean","Oxygen","Oxygen","TARA_B100001175","Chloroplast (class)",2.78290282902829,"S11"
"b","North Atlantic Ocean","Oxygen","Oxygen","TARA_B100001175","AEGEAN-169 (genus)",4.56949569495695,"S11"
"b","North Atlantic Ocean","Oxygen","Oxygen","TARA_B100001175","Prochlorococcus (genus)",3.26875768757688,"S11"
"b","North Atlantic Ocean","Oxygen","Oxygen","TARA_B100001175","SAR202 (class)",0.962484624846248,"S11"
"b","North Atlantic Ocean","Oxygen","Oxygen","TARA_B100001175","SAR324 (order)",1.11008610086101,"S11"
"b","North Atlantic Ocean","Oxygen","Oxygen","TARA_B100001175","NS5 (genus)",4.59409594095941,"S11"
"b","North Atlantic Ocean","Oxygen","Oxygen","TARA_B100001175","Syndiniales (genus)",3.27183271832718,"S11"
"b","North Atlantic Ocean","Oxygen","Oxygen","TARA_B100001175","NS9 (family)",1.13468634686347,"S11"
"b","North Atlantic Ocean","Oxygen","Oxygen","TARA_B100001175","NS4 (genus)",2.5430504305043,"S11"
"b","North Atlantic Ocean","Oxygen","Oxygen","TARA_B100001175","ZD0417 (genus)",1.89421894218942,"S11"
"b","North Atlantic Ocean","Oxygen","Oxygen","TARA_B100001175","Rhodospirillaceae (family)",1.73124231242312,"S11"
"b","North Atlantic Ocean","Oxygen","Oxygen","TARA_B100001175","OM1 (family)",1.46986469864699,"S11"
"b","North Atlantic Ocean","Oxygen","Oxygen","TARA_B100001175","Gammaproteobacteria (order)",1.43911439114391,"S11"
"b","North Atlantic Ocean","Oxygen","Oxygen","TARA_B100001175","Marinoscillum (genus)",0.771832718327183,"S11"
"b","North Atlantic Ocean","Oxygen","Oxygen","TARA_B100001175","Others",30.6734317343173,"S11"
"b","North Atlantic Ocean","Oxygen","Oxygen","TARA_B100001769","SAR11 (order)",15.7549163009914,"S12"
"b","North Atlantic Ocean","Oxygen","Oxygen","TARA_B100001769","Marinimicrobia (phylum)",5.42824638387778,"S12"
"b","North Atlantic Ocean","Oxygen","Oxygen","TARA_B100001769","Marine (family)",5.30797984722899,"S12"
"b","North Atlantic Ocean","Oxygen","Oxygen","TARA_B100001769","SAR86 (family)",6.35137331383065,"S12"
"b","North Atlantic Ocean","Oxygen","Oxygen","TARA_B100001769","Marine (class)",1.13440598082236,"S12"
"b","North Atlantic Ocean","Oxygen","Oxygen","TARA_B100001769","Chloroplast (class)",5.37298878595807,"S12"
"b","North Atlantic Ocean","Oxygen","Oxygen","TARA_B100001769","AEGEAN-169 (genus)",3.89728587680806,"S12"
"b","North Atlantic Ocean","Oxygen","Oxygen","TARA_B100001769","Prochlorococcus (genus)",8.03185437997725,"S12"
"b","North Atlantic Ocean","Oxygen","Oxygen","TARA_B100001769","SAR202 (class)",0.841865756541525,"S12"
"b","North Atlantic Ocean","Oxygen","Oxygen","TARA_B100001769","SAR324 (order)",1.05964570128393,"S12"
"b","North Atlantic Ocean","Oxygen","Oxygen","TARA_B100001769","NS5 (genus)",3.22444336096213,"S12"
"b","North Atlantic Ocean","Oxygen","Oxygen","TARA_B100001769","Syndiniales (genus)",2.45083699008614,"S12"
"b","North Atlantic Ocean","Oxygen","Oxygen","TARA_B100001769","NS9 (family)",1.55696408256135,"S12"
"b","North Atlantic Ocean","Oxygen","Oxygen","TARA_B100001769","NS4 (genus)",1.82025028441411,"S12"
"b","North Atlantic Ocean","Oxygen","Oxygen","TARA_B100001769","ZD0417 (genus)",0.939379164635137,"S12"
"b","North Atlantic Ocean","Oxygen","Oxygen","TARA_B100001769","Rhodospirillaceae (family)",1.30667966845441,"S12"
"b","North Atlantic Ocean","Oxygen","Oxygen","TARA_B100001769","OM1 (family)",2.62636112465464,"S12"
"b","North Atlantic Ocean","Oxygen","Oxygen","TARA_B100001769","Gammaproteobacteria (order)",2.37932715748415,"S12"
"b","North Atlantic Ocean","Oxygen","Oxygen","TARA_B100001769","Marinoscillum (genus)",0.988135868681944,"S12"
"b","North Atlantic Ocean","Oxygen","Oxygen","TARA_B100001769","Others",29.527059970746,"S12"
"b","North Atlantic Ocean","Oxygen","Oxygen","TARA_B100001741","SAR11 (order)",17.7480702539434,"S13"
"b","North Atlantic Ocean","Oxygen","Oxygen","TARA_B100001741","Marinimicrobia (phylum)",6.49681172390648,"S13"
"b","North Atlantic Ocean","Oxygen","Oxygen","TARA_B100001741","Marine (family)",8.05738896968341,"S13"
"b","North Atlantic Ocean","Oxygen","Oxygen","TARA_B100001741","SAR86 (family)",3.73643584293545,"S13"
"b","North Atlantic Ocean","Oxygen","Oxygen","TARA_B100001741","Marine (class)",3.32811276429131,"S13"
"b","North Atlantic Ocean","Oxygen","Oxygen","TARA_B100001741","Chloroplast (class)",4.9306410112988,"S13"
"b","North Atlantic Ocean","Oxygen","Oxygen","TARA_B100001741","AEGEAN-169 (genus)",3.63015997315136,"S13"
"b","North Atlantic Ocean","Oxygen","Oxygen","TARA_B100001741","Prochlorococcus (genus)",1.98847745832867,"S13"
"b","North Atlantic Ocean","Oxygen","Oxygen","TARA_B100001741","SAR202 (class)",2.04441212663609,"S13"
"b","North Atlantic Ocean","Oxygen","Oxygen","TARA_B100001741","SAR324 (order)",1.43192750866987,"S13"
"b","North Atlantic Ocean","Oxygen","Oxygen","TARA_B100001741","NS5 (genus)",2.39959727038819,"S13"
"b","North Atlantic Ocean","Oxygen","Oxygen","TARA_B100001741","Syndiniales (genus)",1.4487079091621,"S13"
"b","North Atlantic Ocean","Oxygen","Oxygen","TARA_B100001741","NS9 (family)",1.81507998657568,"S13"
"b","North Atlantic Ocean","Oxygen","Oxygen","TARA_B100001741","NS4 (genus)",1.55498377894619,"S13"
"b","North Atlantic Ocean","Oxygen","Oxygen","TARA_B100001741","ZD0417 (genus)",2.68206734534064,"S13"
"b","North Atlantic Ocean","Oxygen","Oxygen","TARA_B100001741","Rhodospirillaceae (family)",1.62210538091509,"S13"
"b","North Atlantic Ocean","Oxygen","Oxygen","TARA_B100001741","OM1 (family)",1.85982772122161,"S13"
"b","North Atlantic Ocean","Oxygen","Oxygen","TARA_B100001741","Gammaproteobacteria (order)",1.72278778386844,"S13"
"b","North Atlantic Ocean","Oxygen","Oxygen","TARA_B100001741","Marinoscillum (genus)",1.71160085020696,"S13"
"b","North Atlantic Ocean","Oxygen","Oxygen","TARA_B100001741","Others",29.7908043405303,"S13"
"b","North Atlantic Ocean","Oxygen","Oxygen","TARA_B100001778","SAR11 (order)",16.8603280455357,"S14"
"b","North Atlantic Ocean","Oxygen","Oxygen","TARA_B100001778","Marinimicrobia (phylum)",5.91425010946078,"S14"
"b","North Atlantic Ocean","Oxygen","Oxygen","TARA_B100001778","Marine (family)",5.94456232528376,"S14"
"b","North Atlantic Ocean","Oxygen","Oxygen","TARA_B100001778","SAR86 (family)",6.09949142837897,"S14"
"b","North Atlantic Ocean","Oxygen","Oxygen","TARA_B100001778","Marine (class)",0.744333299653094,"S14"
"b","North Atlantic Ocean","Oxygen","Oxygen","TARA_B100001778","Chloroplast (class)",4.18308578357078,"S14"
"b","North Atlantic Ocean","Oxygen","Oxygen","TARA_B100001778","AEGEAN-169 (genus)",3.42528038799636,"S14"
"b","North Atlantic Ocean","Oxygen","Oxygen","TARA_B100001778","Prochlorococcus (genus)",7.15031491024216,"S14"
"b","North Atlantic Ocean","Oxygen","Oxygen","TARA_B100001778","SAR202 (class)",0.838637971102354,"S14"
"b","North Atlantic Ocean","Oxygen","Oxygen","TARA_B100001778","SAR324 (order)",1.05419150584352,"S14"
"b","North Atlantic Ocean","Oxygen","Oxygen","TARA_B100001778","NS5 (genus)",3.74524266612778,"S14"
"b","North Atlantic Ocean","Oxygen","Oxygen","TARA_B100001778","Syndiniales (genus)",1.74800444579165,"S14"
"b","North Atlantic Ocean","Oxygen","Oxygen","TARA_B100001778","NS9 (family)",1.94671786063117,"S14"
"b","North Atlantic Ocean","Oxygen","Oxygen","TARA_B100001778","NS4 (genus)",2.65063487252029,"S14"
"b","North Atlantic Ocean","Oxygen","Oxygen","TARA_B100001778","ZD0417 (genus)",0.747701323633424,"S14"
"b","North Atlantic Ocean","Oxygen","Oxygen","TARA_B100001778","Rhodospirillaceae (family)",1.3808898319356,"S14"
"b","North Atlantic Ocean","Oxygen","Oxygen","TARA_B100001778","OM1 (family)",3.12889427772726,"S14"
"b","North Atlantic Ocean","Oxygen","Oxygen","TARA_B100001778","Gammaproteobacteria (order)",2.72473140008757,"S14"
"b","North Atlantic Ocean","Oxygen","Oxygen","TARA_B100001778","Marinoscillum (genus)",1.18217641709609,"S14"
"b","North Atlantic Ocean","Oxygen","Oxygen","TARA_B100001778","Others",28.5305311373817,"S14"
"b","North Atlantic Ocean","Oxygen","Oxygen","TARA_B100002052","SAR11 (order)",16.8760296540362,"S15"
"b","North Atlantic Ocean","Oxygen","Oxygen","TARA_B100002052","Marinimicrobia (phylum)",9.22570016474465,"S15"
"b","North Atlantic Ocean","Oxygen","Oxygen","TARA_B100002052","Marine (family)",11.9302580999451,"S15"
"b","North Atlantic Ocean","Oxygen","Oxygen","TARA_B100002052","SAR86 (family)",3.56260296540362,"S15"
"b","North Atlantic Ocean","Oxygen","Oxygen","TARA_B100002052","Marine (class)",0.86490939044481,"S15"
"b","North Atlantic Ocean","Oxygen","Oxygen","TARA_B100002052","Chloroplast (class)",1.51702361339923,"S15"
"b","North Atlantic Ocean","Oxygen","Oxygen","TARA_B100002052","AEGEAN-169 (genus)",3.610653487095,"S15"
"b","North Atlantic Ocean","Oxygen","Oxygen","TARA_B100002052","Prochlorococcus (genus)",2.78349807797913,"S15"
"b","North Atlantic Ocean","Oxygen","Oxygen","TARA_B100002052","SAR202 (class)",2.17600219659528,"S15"
"b","North Atlantic Ocean","Oxygen","Oxygen","TARA_B100002052","SAR324 (order)",0.634953322350357,"S15"
"b","North Atlantic Ocean","Oxygen","Oxygen","TARA_B100002052","NS5 (genus)",1.02622185612301,"S15"
"b","North Atlantic Ocean","Oxygen","Oxygen","TARA_B100002052","Syndiniales (genus)",1.67490389895662,"S15"
"b","North Atlantic Ocean","Oxygen","Oxygen","TARA_B100002052","NS9 (family)",1.9117243272927,"S15"
"b","North Atlantic Ocean","Oxygen","Oxygen","TARA_B100002052","NS4 (genus)",2.48146622734761,"S15"
"b","North Atlantic Ocean","Oxygen","Oxygen","TARA_B100002052","ZD0417 (genus)",2.68053267435475,"S15"
"b","North Atlantic Ocean","Oxygen","Oxygen","TARA_B100002052","Rhodospirillaceae (family)",1.40376166941241,"S15"
"b","North Atlantic Ocean","Oxygen","Oxygen","TARA_B100002052","OM1 (family)",1.29736408566722,"S15"
"b","North Atlantic Ocean","Oxygen","Oxygen","TARA_B100002052","Gammaproteobacteria (order)",1.21499176276771,"S15"
"b","North Atlantic Ocean","Oxygen","Oxygen","TARA_B100002052","Marinoscillum (genus)",4.42751235584844,"S15"
"b","North Atlantic Ocean","Oxygen","Oxygen","TARA_B100002052","Others",28.6998901702361,"S15"
"b","North Atlantic Ocean","Oxygen","Oxygen","TARA_B100001540","SAR11 (order)",15.7097452196647,"S16"
"b","North Atlantic Ocean","Oxygen","Oxygen","TARA_B100001540","Marinimicrobia (phylum)",8.35084841339006,"S16"
"b","North Atlantic Ocean","Oxygen","Oxygen","TARA_B100001540","Marine (family)",6.10550058953196,"S16"
"b","North Atlantic Ocean","Oxygen","Oxygen","TARA_B100001540","SAR86 (family)",3.66791408212437,"S16"
"b","North Atlantic Ocean","Oxygen","Oxygen","TARA_B100001540","Marine (class)",7.19485312964577,"S16"
"b","North Atlantic Ocean","Oxygen","Oxygen","TARA_B100001540","Chloroplast (class)",6.13113241400523,"S16"
"b","North Atlantic Ocean","Oxygen","Oxygen","TARA_B100001540","AEGEAN-169 (genus)",4.55221202645204,"S16"
"b","North Atlantic Ocean","Oxygen","Oxygen","TARA_B100001540","Prochlorococcus (genus)",1.47639308966012,"S16"
"b","North Atlantic Ocean","Oxygen","Oxygen","TARA_B100001540","SAR202 (class)",2.67339929256164,"S16"
"b","North Atlantic Ocean","Oxygen","Oxygen","TARA_B100001540","SAR324 (order)",2.25816373609474,"S16"
"b","North Atlantic Ocean","Oxygen","Oxygen","TARA_B100001540","NS5 (genus)",1.36617624442508,"S16"
"b","North Atlantic Ocean","Oxygen","Oxygen","TARA_B100001540","Syndiniales (genus)",1.13036345927103,"S16"
"b","North Atlantic Ocean","Oxygen","Oxygen","TARA_B100001540","NS9 (family)",1.36361306197775,"S16"
"b","North Atlantic Ocean","Oxygen","Oxygen","TARA_B100001540","NS4 (genus)",0.984262059773415,"S16"
"b","North Atlantic Ocean","Oxygen","Oxygen","TARA_B100001540","ZD0417 (genus)",3.26549443789409,"S16"
"b","North Atlantic Ocean","Oxygen","Oxygen","TARA_B100001540","Rhodospirillaceae (family)",2.01722458604603,"S16"
"b","North Atlantic Ocean","Oxygen","Oxygen","TARA_B100001540","OM1 (family)",1.56866765776388,"S16"
"b","North Atlantic Ocean","Oxygen","Oxygen","TARA_B100001540","Gammaproteobacteria (order)",1.06628389808787,"S16"
"b","North Atlantic Ocean","Oxygen","Oxygen","TARA_B100001540","Marinoscillum (genus)",1.7250217870508,"S16"
"b","North Atlantic Ocean","Oxygen","Oxygen","TARA_B100001540","Others",27.3927308145794,"S16"
"b","North Atlantic Ocean","Oxygen","Oxygen","TARA_B100002051","SAR11 (order)",19.5296249077367,"S17"
"b","North Atlantic Ocean","Oxygen","Oxygen","TARA_B100002051","Marinimicrobia (phylum)",9.65577400523385,"S17"
"b","North Atlantic Ocean","Oxygen","Oxygen","TARA_B100002051","Marine (family)",9.19613500637455,"S17"
"b","North Atlantic Ocean","Oxygen","Oxygen","TARA_B100002051","SAR86 (family)",4.0864255519023,"S17"
"b","North Atlantic Ocean","Oxygen","Oxygen","TARA_B100002051","Marine (class)",0.667650808562035,"S17"
"b","North Atlantic Ocean","Oxygen","Oxygen","TARA_B100002051","Chloroplast (class)",1.97611219217607,"S17"
"b","North Atlantic Ocean","Oxygen","Oxygen","TARA_B100002051","AEGEAN-169 (genus)",3.4456149768503,"S17"
"b","North Atlantic Ocean","Oxygen","Oxygen","TARA_B100002051","Prochlorococcus (genus)",2.90545527746091,"S17"
"b","North Atlantic Ocean","Oxygen","Oxygen","TARA_B100002051","SAR202 (class)",1.6171240689794,"S17"
"b","North Atlantic Ocean","Oxygen","Oxygen","TARA_B100002051","SAR324 (order)",0.617325370730725,"S17"
"b","North Atlantic Ocean","Oxygen","Oxygen","TARA_B100002051","NS5 (genus)",1.03334899013621,"S17"
"b","North Atlantic Ocean","Oxygen","Oxygen","TARA_B100002051","Syndiniales (genus)",1.17761524525263,"S17"
"b","North Atlantic Ocean","Oxygen","Oxygen","TARA_B100002051","NS9 (family)",1.13064483661008,"S17"
"b","North Atlantic Ocean","Oxygen","Oxygen","TARA_B100002051","NS4 (genus)",2.39213581158156,"S17"
"b","North Atlantic Ocean","Oxygen","Oxygen","TARA_B100002051","ZD0417 (genus)",3.11346708716366,"S17"
"b","North Atlantic Ocean","Oxygen","Oxygen","TARA_B100002051","Rhodospirillaceae (family)",1.31181641280279,"S17"
"b","North Atlantic Ocean","Oxygen","Oxygen","TARA_B100002051","OM1 (family)",2.07340803864994,"S17"
"b","North Atlantic Ocean","Oxygen","Oxygen","TARA_B100002051","Gammaproteobacteria (order)",1.24807085821647,"S17"
"b","North Atlantic Ocean","Oxygen","Oxygen","TARA_B100002051","Marinoscillum (genus)",4.04952023082601,"S17"
"b","North Atlantic Ocean","Oxygen","Oxygen","TARA_B100002051","Others",28.7727303227538,"S17"
"b","North Atlantic Ocean","Oxygen","Oxygen","TARA_B100001564","SAR11 (order)",16.456360001311,"S18"
"b","North Atlantic Ocean","Oxygen","Oxygen","TARA_B100001564","Marinimicrobia (phylum)",6.62056307561207,"S18"
"b","North Atlantic Ocean","Oxygen","Oxygen","TARA_B100001564","Marine (family)",9.04264035921471,"S18"
"b","North Atlantic Ocean","Oxygen","Oxygen","TARA_B100001564","SAR86 (family)",6.01422437809315,"S18"
"b","North Atlantic Ocean","Oxygen","Oxygen","TARA_B100001564","Marine (class)",0.203205401330668,"S18"
"b","North Atlantic Ocean","Oxygen","Oxygen","TARA_B100001564","Chloroplast (class)",4.68355675002458,"S18"
"b","North Atlantic Ocean","Oxygen","Oxygen","TARA_B100001564","AEGEAN-169 (genus)",2.83504309921012,"S18"
"b","North Atlantic Ocean","Oxygen","Oxygen","TARA_B100001564","Prochlorococcus (genus)",5.72252630198945,"S18"
"b","North Atlantic Ocean","Oxygen","Oxygen","TARA_B100001564","SAR202 (class)",0.255645504899872,"S18"
"b","North Atlantic Ocean","Oxygen","Oxygen","TARA_B100001564","SAR324 (order)",0.757103995280391,"S18"
"b","North Atlantic Ocean","Oxygen","Oxygen","TARA_B100001564","NS5 (genus)",4.92936973550523,"S18"
"b","North Atlantic Ocean","Oxygen","Oxygen","TARA_B100001564","Syndiniales (genus)",1.29789256333781,"S18"
"b","North Atlantic Ocean","Oxygen","Oxygen","TARA_B100001564","NS9 (family)",2.03205401330668,"S18"
"b","North Atlantic Ocean","Oxygen","Oxygen","TARA_B100001564","NS4 (genus)",2.92025826751008,"S18"
"b","North Atlantic Ocean","Oxygen","Oxygen","TARA_B100001564","ZD0417 (genus)",0.268755530792173,"S18"
"b","North Atlantic Ocean","Oxygen","Oxygen","TARA_B100001564","Rhodospirillaceae (family)",1.45193536757235,"S18"
"b","North Atlantic Ocean","Oxygen","Oxygen","TARA_B100001564","OM1 (family)",3.14640621415227,"S18"
"b","North Atlantic Ocean","Oxygen","Oxygen","TARA_B100001564","Gammaproteobacteria (order)",3.22506636950608,"S18"
"b","North Atlantic Ocean","Oxygen","Oxygen","TARA_B100001564","Marinoscillum (genus)",1.37983022516469,"S18"
"b","North Atlantic Ocean","Oxygen","Oxygen","TARA_B100001564","Others",26.7575628461866,"S18"
"b","North Atlantic Ocean","Oxygen","Oxygen","TARA_B100001939","SAR11 (order)",13.2858449875833,"S19"
"b","North Atlantic Ocean","Oxygen","Oxygen","TARA_B100001939","Marinimicrobia (phylum)",4.23474055678996,"S19"
"b","North Atlantic Ocean","Oxygen","Oxygen","TARA_B100001939","Marine (family)",0.927983270160763,"S19"
"b","North Atlantic Ocean","Oxygen","Oxygen","TARA_B100001939","SAR86 (family)",7.4761469089008,"S19"
"b","North Atlantic Ocean","Oxygen","Oxygen","TARA_B100001939","Marine (class)",0.137236962488564,"S19"
"b","North Atlantic Ocean","Oxygen","Oxygen","TARA_B100001939","Chloroplast (class)",0.967193830871781,"S19"
"b","North Atlantic Ocean","Oxygen","Oxygen","TARA_B100001939","AEGEAN-169 (genus)",4.35890733237485,"S19"
"b","North Atlantic Ocean","Oxygen","Oxygen","TARA_B100001939","Prochlorococcus (genus)",2.54868644621618,"S19"
"b","North Atlantic Ocean","Oxygen","Oxygen","TARA_B100001939","SAR202 (class)",0.313684485688145,"S19"
"b","North Atlantic Ocean","Oxygen","Oxygen","TARA_B100001939","SAR324 (order)",0.568553130309763,"S19"
"b","North Atlantic Ocean","Oxygen","Oxygen","TARA_B100001939","NS5 (genus)",3.03881845510391,"S19"
"b","North Atlantic Ocean","Oxygen","Oxygen","TARA_B100001939","Syndiniales (genus)",0.5750882237616,"S19"
"b","North Atlantic Ocean","Oxygen","Oxygen","TARA_B100001939","NS9 (family)",3.20873088485165,"S19"
"b","North Atlantic Ocean","Oxygen","Oxygen","TARA_B100001939","NS4 (genus)",4.0975035943014,"S19"
"b","North Atlantic Ocean","Oxygen","Oxygen","TARA_B100001939","ZD0417 (genus)",0.947588550516272,"S19"
"b","North Atlantic Ocean","Oxygen","Oxygen","TARA_B100001939","Rhodospirillaceae (family)",1.49000130701869,"S19"
"b","North Atlantic Ocean","Oxygen","Oxygen","TARA_B100001939","OM1 (family)",0.222193177362436,"S19"
"b","North Atlantic Ocean","Oxygen","Oxygen","TARA_B100001939","Gammaproteobacteria (order)",1.90824728793622,"S19"
"b","North Atlantic Ocean","Oxygen","Oxygen","TARA_B100001939","Marinoscillum (genus)",2.49640569860149,"S19"
"b","North Atlantic Ocean","Oxygen","Oxygen","TARA_B100001939","Others",47.1964449091622,"S19"
"b","North Atlantic Ocean","Oxygen","Oxygen","TARA_B100001173","SAR11 (order)",12.9073279287872,"S20"
"b","North Atlantic Ocean","Oxygen","Oxygen","TARA_B100001173","Marinimicrobia (phylum)",6.31855030996662,"S20"
"b","North Atlantic Ocean","Oxygen","Oxygen","TARA_B100001173","Marine (family)",7.29216340804324,"S20"
"b","North Atlantic Ocean","Oxygen","Oxygen","TARA_B100001173","SAR86 (family)",7.85248768081386,"S20"
"b","North Atlantic Ocean","Oxygen","Oxygen","TARA_B100001173","Marine (class)",2.63869019233826,"S20"
"b","North Atlantic Ocean","Oxygen","Oxygen","TARA_B100001173","Chloroplast (class)",4.22428866634875,"S20"
"b","North Atlantic Ocean","Oxygen","Oxygen","TARA_B100001173","AEGEAN-169 (genus)",5.09855348911143,"S20"
"b","North Atlantic Ocean","Oxygen","Oxygen","TARA_B100001173","Prochlorococcus (genus)",4.78858687013193,"S20"
"b","North Atlantic Ocean","Oxygen","Oxygen","TARA_B100001173","SAR202 (class)",0.790812271498967,"S20"
"b","North Atlantic Ocean","Oxygen","Oxygen","TARA_B100001173","SAR324 (order)",0.73517723732316,"S20"
"b","North Atlantic Ocean","Oxygen","Oxygen","TARA_B100001173","NS5 (genus)",5.02304879987283,"S20"
"b","North Atlantic Ocean","Oxygen","Oxygen","TARA_B100001173","Syndiniales (genus)",1.36703226831982,"S20"
"b","North Atlantic Ocean","Oxygen","Oxygen","TARA_B100001173","NS9 (family)",1.10872675250358,"S20"
"b","North Atlantic Ocean","Oxygen","Oxygen","TARA_B100001173","NS4 (genus)",2.85725639802893,"S20"
"b","North Atlantic Ocean","Oxygen","Oxygen","TARA_B100001173","ZD0417 (genus)",1.37498013034494,"S20"
"b","North Atlantic Ocean","Oxygen","Oxygen","TARA_B100001173","Rhodospirillaceae (family)",1.53393737084724,"S20"
"b","North Atlantic Ocean","Oxygen","Oxygen","TARA_B100001173","OM1 (family)",1.75647750755047,"S20"
"b","North Atlantic Ocean","Oxygen","Oxygen","TARA_B100001173","Gammaproteobacteria (order)",1.59752026704816,"S20"
"b","North Atlantic Ocean","Oxygen","Oxygen","TARA_B100001173","Marinoscillum (genus)",0.770942616436179,"S20"
"b","North Atlantic Ocean","Oxygen","Oxygen","TARA_B100001173","Others",29.9634398346845,"S20"
"b","North Atlantic Ocean","Oxygen","Oxygen","TARA_X000000368","SAR11 (order)",14.2967202289236,"S21"
"b","North Atlantic Ocean","Oxygen","Oxygen","TARA_X000000368","Marinimicrobia (phylum)",9.61644287915474,"S21"
"b","North Atlantic Ocean","Oxygen","Oxygen","TARA_X000000368","Marine (family)",5.64604886638785,"S21"
"b","North Atlantic Ocean","Oxygen","Oxygen","TARA_X000000368","SAR86 (family)",11.0169491525424,"S21"
"b","North Atlantic Ocean","Oxygen","Oxygen","TARA_X000000368","Marine (class)",1.63713405238829,"S21"
"b","North Atlantic Ocean","Oxygen","Oxygen","TARA_X000000368","Chloroplast (class)",1.97006383447061,"S21"
"b","North Atlantic Ocean","Oxygen","Oxygen","TARA_X000000368","AEGEAN-169 (genus)",4.9141536429672,"S21"
"b","North Atlantic Ocean","Oxygen","Oxygen","TARA_X000000368","Prochlorococcus (genus)",6.4192163768435,"S21"
"b","North Atlantic Ocean","Oxygen","Oxygen","TARA_X000000368","SAR202 (class)",0.286154523442659,"S21"
"b","North Atlantic Ocean","Oxygen","Oxygen","TARA_X000000368","SAR324 (order)",0.907990314769976,"S21"
"b","North Atlantic Ocean","Oxygen","Oxygen","TARA_X000000368","NS5 (genus)",4.10521681708122,"S21"
"b","North Atlantic Ocean","Oxygen","Oxygen","TARA_X000000368","Syndiniales (genus)",0.332929782082324,"S21"
"b","North Atlantic Ocean","Oxygen","Oxygen","TARA_X000000368","NS9 (family)",1.74444199867929,"S21"
"b","North Atlantic Ocean","Oxygen","Oxygen","TARA_X000000368","NS4 (genus)",2.30024213075061,"S21"
"b","North Atlantic Ocean","Oxygen","Oxygen","TARA_X000000368","ZD0417 (genus)",2.76799471714726,"S21"
"b","North Atlantic Ocean","Oxygen","Oxygen","TARA_X000000368","Rhodospirillaceae (family)",1.44453004622496,"S21"
"b","North Atlantic Ocean","Oxygen","Oxygen","TARA_X000000368","OM1 (family)",2.90281752146159,"S21"
"b","North Atlantic Ocean","Oxygen","Oxygen","TARA_X000000368","Gammaproteobacteria (order)",2.5478758529606,"S21"
"b","North Atlantic Ocean","Oxygen","Oxygen","TARA_X000000368","Marinoscillum (genus)",1.05657054809597,"S21"
"b","North Atlantic Ocean","Oxygen","Oxygen","TARA_X000000368","Others",24.0865067136254,"S21"
"b","North Atlantic Ocean","Oxygen","Oxygen","TARA_B110000008","SAR11 (order)",8.87217213341446,"S22"
"b","North Atlantic Ocean","Oxygen","Oxygen","TARA_B110000008","Marinimicrobia (phylum)",4.13739697992146,"S22"
"b","North Atlantic Ocean","Oxygen","Oxygen","TARA_B110000008","Marine (family)",5.83549975109243,"S22"
"b","North Atlantic Ocean","Oxygen","Oxygen","TARA_B110000008","SAR86 (family)",11.0127772553792,"S22"
"b","North Atlantic Ocean","Oxygen","Oxygen","TARA_B110000008","Marine (class)",0.591846894186625,"S22"
"b","North Atlantic Ocean","Oxygen","Oxygen","TARA_B110000008","Chloroplast (class)",11.5990928701809,"S22"
"b","North Atlantic Ocean","Oxygen","Oxygen","TARA_B110000008","AEGEAN-169 (genus)",2.35632501797666,"S22"
"b","North Atlantic Ocean","Oxygen","Oxygen","TARA_B110000008","Prochlorococcus (genus)",0.149344543392887,"S22"
"b","North Atlantic Ocean","Oxygen","Oxygen","TARA_B110000008","SAR202 (class)",0.0885004701587477,"S22"
"b","North Atlantic Ocean","Oxygen","Oxygen","TARA_B110000008","SAR324 (order)",0.259970131091321,"S22"
"b","North Atlantic Ocean","Oxygen","Oxygen","TARA_B110000008","NS5 (genus)",2.59417003152829,"S22"
"b","North Atlantic Ocean","Oxygen","Oxygen","TARA_B110000008","Syndiniales (genus)",1.07306820067482,"S22"
"b","North Atlantic Ocean","Oxygen","Oxygen","TARA_B110000008","NS9 (family)",2.47801316444494,"S22"
"b","North Atlantic Ocean","Oxygen","Oxygen","TARA_B110000008","NS4 (genus)",2.05210465180596,"S22"
"b","North Atlantic Ocean","Oxygen","Oxygen","TARA_B110000008","ZD0417 (genus)",0.453564909563582,"S22"
"b","North Atlantic Ocean","Oxygen","Oxygen","TARA_B110000008","Rhodospirillaceae (family)",1.51557055146855,"S22"
"b","North Atlantic Ocean","Oxygen","Oxygen","TARA_B110000008","OM1 (family)",1.46025775761934,"S22"
"b","North Atlantic Ocean","Oxygen","Oxygen","TARA_B110000008","Gammaproteobacteria (order)",0.431439792023895,"S22"
"b","North Atlantic Ocean","Oxygen","Oxygen","TARA_B110000008","Marinoscillum (genus)",0.409314674484208,"S22"
"b","North Atlantic Ocean","Oxygen","Oxygen","TARA_B110000008","Others",42.6295702195918,"S22"
"b","North Atlantic Ocean","Oxygen","Oxygen","TARA_Y200000002","SAR11 (order)",14.6372871655459,"S23"
"b","North Atlantic Ocean","Oxygen","Oxygen","TARA_Y200000002","Marinimicrobia (phylum)",2.78532932703773,"S23"
"b","North Atlantic Ocean","Oxygen","Oxygen","TARA_Y200000002","Marine (family)",2.65178614012496,"S23"
"b","North Atlantic Ocean","Oxygen","Oxygen","TARA_Y200000002","SAR86 (family)",19.902704249535,"S23"
"b","North Atlantic Ocean","Oxygen","Oxygen","TARA_Y200000002","Marine (class)",0.0143081985977965,"S23"
"b","North Atlantic Ocean","Oxygen","Oxygen","TARA_Y200000002","Chloroplast (class)",1.48328325463824,"S23"
"b","North Atlantic Ocean","Oxygen","Oxygen","TARA_Y200000002","AEGEAN-169 (genus)",5.82820622883579,"S23"
"b","North Atlantic Ocean","Oxygen","Oxygen","TARA_Y200000002","Prochlorococcus (genus)",10.9839271235751,"S23"
"b","North Atlantic Ocean","Oxygen","Oxygen","TARA_Y200000002","SAR202 (class)",0.29093337148853,"S23"
"b","North Atlantic Ocean","Oxygen","Oxygen","TARA_Y200000002","SAR324 (order)",1.07311489483474,"S23"
"b","North Atlantic Ocean","Oxygen","Oxygen","TARA_Y200000002","NS5 (genus)",2.11761339247389,"S23"
"b","North Atlantic Ocean","Oxygen","Oxygen","TARA_Y200000002","Syndiniales (genus)",0.600944341107455,"S23"
"b","North Atlantic Ocean","Oxygen","Oxygen","TARA_Y200000002","NS9 (family)",1.08742309343254,"S23"
"b","North Atlantic Ocean","Oxygen","Oxygen","TARA_Y200000002","NS4 (genus)",2.50393475461439,"S23"
"b","North Atlantic Ocean","Oxygen","Oxygen","TARA_Y200000002","ZD0417 (genus)",0.0810797920541804,"S23"
"b","North Atlantic Ocean","Oxygen","Oxygen","TARA_Y200000002","Rhodospirillaceae (family)",1.59297944388801,"S23"
"b","North Atlantic Ocean","Oxygen","Oxygen","TARA_Y200000002","OM1 (family)",1.44989745791005,"S23"
"b","North Atlantic Ocean","Oxygen","Oxygen","TARA_Y200000002","Gammaproteobacteria (order)",3.61043544617733,"S23"
"b","North Atlantic Ocean","Oxygen","Oxygen","TARA_Y200000002","Marinoscillum (genus)",0.806028521009205,"S23"
"b","North Atlantic Ocean","Oxygen","Oxygen","TARA_Y200000002","Others",26.4987838031192,"S23"
"b","North Atlantic Ocean","Oxygen","Oxygen","TARA_B110000003","SAR11 (order)",6.55183934073277,"S24"
"b","North Atlantic Ocean","Oxygen","Oxygen","TARA_B110000003","Marinimicrobia (phylum)",4.2280708266825,"S24"
"b","North Atlantic Ocean","Oxygen","Oxygen","TARA_B110000003","Marine (family)",3.8308771669327,"S24"
"b","North Atlantic Ocean","Oxygen","Oxygen","TARA_B110000003","SAR86 (family)",8.58235272281822,"S24"
"b","North Atlantic Ocean","Oxygen","Oxygen","TARA_B110000003","Marine (class)",0.512268458368908,"S24"
"b","North Atlantic Ocean","Oxygen","Oxygen","TARA_B110000003","Chloroplast (class)",21.2517168417536,"S24"
"b","North Atlantic Ocean","Oxygen","Oxygen","TARA_B110000003","AEGEAN-169 (genus)",1.774379152901,"S24"
"b","North Atlantic Ocean","Oxygen","Oxygen","TARA_B110000003","Prochlorococcus (genus)",0.159619881955529,"S24"
"b","North Atlantic Ocean","Oxygen","Oxygen","TARA_B110000003","SAR202 (class)",0.0482571736144623,"S24"
"b","North Atlantic Ocean","Oxygen","Oxygen","TARA_B110000003","SAR324 (order)",0.196740784735885,"S24"
"b","North Atlantic Ocean","Oxygen","Oxygen","TARA_B110000003","NS5 (genus)",3.18868554883255,"S24"
"b","North Atlantic Ocean","Oxygen","Oxygen","TARA_B110000003","Syndiniales (genus)",0.330376034745165,"S24"
"b","North Atlantic Ocean","Oxygen","Oxygen","TARA_B110000003","NS9 (family)",4.92594379895319,"S24"
"b","North Atlantic Ocean","Oxygen","Oxygen","TARA_B110000003","NS4 (genus)",2.94739968076024,"S24"
"b","North Atlantic Ocean","Oxygen","Oxygen","TARA_B110000003","ZD0417 (genus)",0.404617840305876,"S24"
"b","North Atlantic Ocean","Oxygen","Oxygen","TARA_B110000003","Rhodospirillaceae (family)",0.79438731949961,"S24"
"b","North Atlantic Ocean","Oxygen","Oxygen","TARA_B110000003","OM1 (family)",1.30665577786852,"S24"
"b","North Atlantic Ocean","Oxygen","Oxygen","TARA_B110000003","Gammaproteobacteria (order)",0.337800215301236,"S24"
"b","North Atlantic Ocean","Oxygen","Oxygen","TARA_B110000003","Marinoscillum (genus)",0.452875013920339,"S24"
"b","North Atlantic Ocean","Oxygen","Oxygen","TARA_B110000003","Others",38.1751364193177,"S24"
"b","North Atlantic Ocean","ChlorophyllA","Chlorophyll a","TARA_B100001146","SAR11 (order)",12.2387865373348,"S1"
"b","North Atlantic Ocean","ChlorophyllA","Chlorophyll a","TARA_B100001146","Marinimicrobia (phylum)",10.295553674891,"S1"
"b","North Atlantic Ocean","ChlorophyllA","Chlorophyll a","TARA_B100001146","Marine (family)",5.39027407069852,"S1"
"b","North Atlantic Ocean","ChlorophyllA","Chlorophyll a","TARA_B100001146","SAR86 (family)",1.93021287676584,"S1"
"b","North Atlantic Ocean","ChlorophyllA","Chlorophyll a","TARA_B100001146","Marine (class)",10.4843434672222,"S1"
"b","North Atlantic Ocean","ChlorophyllA","Chlorophyll a","TARA_B100001146","Chloroplast (class)",0.0585899355510709,"S1"
"b","North Atlantic Ocean","ChlorophyllA","Chlorophyll a","TARA_B100001146","AEGEAN-169 (genus)",3.65861597552243,"S1"
"b","North Atlantic Ocean","ChlorophyllA","Chlorophyll a","TARA_B100001146","Prochlorococcus (genus)",0.120434867521646,"S1"
"b","North Atlantic Ocean","ChlorophyllA","Chlorophyll a","TARA_B100001146","SAR202 (class)",6.46442288913482,"S1"
"b","North Atlantic Ocean","ChlorophyllA","Chlorophyll a","TARA_B100001146","SAR324 (order)",1.41592344248421,"S1"
"b","North Atlantic Ocean","ChlorophyllA","Chlorophyll a","TARA_B100001146","NS5 (genus)",1.02206887572424,"S1"
"b","North Atlantic Ocean","ChlorophyllA","Chlorophyll a","TARA_B100001146","Syndiniales (genus)",2.5584271857301,"S1"
"b","North Atlantic Ocean","ChlorophyllA","Chlorophyll a","TARA_B100001146","NS9 (family)",1.0741488184363,"S1"
"b","North Atlantic Ocean","ChlorophyllA","Chlorophyll a","TARA_B100001146","NS4 (genus)",0.0292949677755354,"S1"
"b","North Atlantic Ocean","ChlorophyllA","Chlorophyll a","TARA_B100001146","ZD0417 (genus)",0.93418397239763,"S1"
"b","North Atlantic Ocean","ChlorophyllA","Chlorophyll a","TARA_B100001146","Rhodospirillaceae (family)",1.34431352125513,"S1"
"b","North Atlantic Ocean","ChlorophyllA","Chlorophyll a","TARA_B100001146","OM1 (family)",0.100904889004622,"S1"
"b","North Atlantic Ocean","ChlorophyllA","Chlorophyll a","TARA_B100001146","Gammaproteobacteria (order)",0.133454853199661,"S1"
"b","North Atlantic Ocean","ChlorophyllA","Chlorophyll a","TARA_B100001146","Marinoscillum (genus)",0.891869018944079,"S1"
"b","North Atlantic Ocean","ChlorophyllA","Chlorophyll a","TARA_B100001146","Others",39.8541761604062,"S1"
"b","North Atlantic Ocean","ChlorophyllA","Chlorophyll a","TARA_B100001559","SAR11 (order)",12.3015873015873,"S2"
"b","North Atlantic Ocean","ChlorophyllA","Chlorophyll a","TARA_B100001559","Marinimicrobia (phylum)",8.71813371813372,"S2"
"b","North Atlantic Ocean","ChlorophyllA","Chlorophyll a","TARA_B100001559","Marine (family)",7.91847041847042,"S2"
"b","North Atlantic Ocean","ChlorophyllA","Chlorophyll a","TARA_B100001559","SAR86 (family)",4.3500481000481,"S2"
"b","North Atlantic Ocean","ChlorophyllA","Chlorophyll a","TARA_B100001559","Marine (class)",5.01743626743627,"S2"
"b","North Atlantic Ocean","ChlorophyllA","Chlorophyll a","TARA_B100001559","Chloroplast (class)",2.10137085137085,"S2"
"b","North Atlantic Ocean","ChlorophyllA","Chlorophyll a","TARA_B100001559","AEGEAN-169 (genus)",3.41510341510342,"S2"
"b","North Atlantic Ocean","ChlorophyllA","Chlorophyll a","TARA_B100001559","Prochlorococcus (genus)",1.97210197210197,"S2"
"b","North Atlantic Ocean","ChlorophyllA","Chlorophyll a","TARA_B100001559","SAR202 (class)",2.3989898989899,"S2"
"b","North Atlantic Ocean","ChlorophyllA","Chlorophyll a","TARA_B100001559","SAR324 (order)",2.40800865800866,"S2"
"b","North Atlantic Ocean","ChlorophyllA","Chlorophyll a","TARA_B100001559","NS5 (genus)",3.21368446368446,"S2"
"b","North Atlantic Ocean","ChlorophyllA","Chlorophyll a","TARA_B100001559","Syndiniales (genus)",4.19973544973545,"S2"
"b","North Atlantic Ocean","ChlorophyllA","Chlorophyll a","TARA_B100001559","NS9 (family)",1.57227032227032,"S2"
"b","North Atlantic Ocean","ChlorophyllA","Chlorophyll a","TARA_B100001559","NS4 (genus)",1.12133237133237,"S2"
"b","North Atlantic Ocean","ChlorophyllA","Chlorophyll a","TARA_B100001559","ZD0417 (genus)",1.71657046657047,"S2"
"b","North Atlantic Ocean","ChlorophyllA","Chlorophyll a","TARA_B100001559","Rhodospirillaceae (family)",2.06830206830207,"S2"
"b","North Atlantic Ocean","ChlorophyllA","Chlorophyll a","TARA_B100001559","OM1 (family)",1.77669552669553,"S2"
"b","North Atlantic Ocean","ChlorophyllA","Chlorophyll a","TARA_B100001559","Gammaproteobacteria (order)",1.47005772005772,"S2"
"b","North Atlantic Ocean","ChlorophyllA","Chlorophyll a","TARA_B100001559","Marinoscillum (genus)",1.08826358826359,"S2"
"b","North Atlantic Ocean","ChlorophyllA","Chlorophyll a","TARA_B100001559","Others",31.1718374218374,"S2"
"b","North Atlantic Ocean","ChlorophyllA","Chlorophyll a","TARA_B100001750","SAR11 (order)",10.6259837752755,"S3"
"b","North Atlantic Ocean","ChlorophyllA","Chlorophyll a","TARA_B100001750","Marinimicrobia (phylum)",11.5316624288655,"S3"
"b","North Atlantic Ocean","ChlorophyllA","Chlorophyll a","TARA_B100001750","Marine (family)",10.9407918634217,"S3"
"b","North Atlantic Ocean","ChlorophyllA","Chlorophyll a","TARA_B100001750","SAR86 (family)",3.05121685434072,"S3"
"b","North Atlantic Ocean","ChlorophyllA","Chlorophyll a","TARA_B100001750","Marine (class)",10.5606005569682,"S3"
"b","North Atlantic Ocean","ChlorophyllA","Chlorophyll a","TARA_B100001750","Chloroplast (class)",0.0581184162731566,"S3"
"b","North Atlantic Ocean","ChlorophyllA","Chlorophyll a","TARA_B100001750","AEGEAN-169 (genus)",2.89381281026759,"S3"
"b","North Atlantic Ocean","ChlorophyllA","Chlorophyll a","TARA_B100001750","Prochlorococcus (genus)",0.317229688824313,"S3"
"b","North Atlantic Ocean","ChlorophyllA","Chlorophyll a","TARA_B100001750","SAR202 (class)",6.85312991887638,"S3"
"b","North Atlantic Ocean","ChlorophyllA","Chlorophyll a","TARA_B100001750","SAR324 (order)",5.37353190458893,"S3"
"b","North Atlantic Ocean","ChlorophyllA","Chlorophyll a","TARA_B100001750","NS5 (genus)",0.426201719336481,"S3"
"b","North Atlantic Ocean","ChlorophyllA","Chlorophyll a","TARA_B100001750","Syndiniales (genus)",3.35391693909674,"S3"
"b","North Atlantic Ocean","ChlorophyllA","Chlorophyll a","TARA_B100001750","NS9 (family)",0.787020220365662,"S3"
"b","North Atlantic Ocean","ChlorophyllA","Chlorophyll a","TARA_B100001750","NS4 (genus)",0.0823344230536385,"S3"
"b","North Atlantic Ocean","ChlorophyllA","Chlorophyll a","TARA_B100001750","ZD0417 (genus)",2.06804697905315,"S3"
"b","North Atlantic Ocean","ChlorophyllA","Chlorophyll a","TARA_B100001750","Rhodospirillaceae (family)",1.03886669088267,"S3"
"b","North Atlantic Ocean","ChlorophyllA","Chlorophyll a","TARA_B100001750","OM1 (family)",0.474633732897445,"S3"
"b","North Atlantic Ocean","ChlorophyllA","Chlorophyll a","TARA_B100001750","Gammaproteobacteria (order)",0.33418089357065,"S3"
"b","North Atlantic Ocean","ChlorophyllA","Chlorophyll a","TARA_B100001750","Marinoscillum (genus)",0.513379343746216,"S3"
"b","North Atlantic Ocean","ChlorophyllA","Chlorophyll a","TARA_B100001750","Others",28.7153408402954,"S3"
"b","North Atlantic Ocean","ChlorophyllA","Chlorophyll a","TARA_B110000014","SAR11 (order)",15.1202749140893,"S4"
"b","North Atlantic Ocean","ChlorophyllA","Chlorophyll a","TARA_B110000014","Marinimicrobia (phylum)",9.54299482561125,"S4"
"b","North Atlantic Ocean","ChlorophyllA","Chlorophyll a","TARA_B110000014","Marine (family)",5.37188450448315,"S4"
"b","North Atlantic Ocean","ChlorophyllA","Chlorophyll a","TARA_B110000014","SAR86 (family)",4.00916380297824,"S4"
"b","North Atlantic Ocean","ChlorophyllA","Chlorophyll a","TARA_B110000014","Marine (class)",14.0695975036537,"S4"
"b","North Atlantic Ocean","ChlorophyllA","Chlorophyll a","TARA_B110000014","Chloroplast (class)",0.276494055377809,"S4"
"b","North Atlantic Ocean","ChlorophyllA","Chlorophyll a","TARA_B110000014","AEGEAN-169 (genus)",4.23430896235731,"S4"
"b","North Atlantic Ocean","ChlorophyllA","Chlorophyll a","TARA_B110000014","Prochlorococcus (genus)",0.193545838764467,"S4"
"b","North Atlantic Ocean","ChlorophyllA","Chlorophyll a","TARA_B110000014","SAR202 (class)",3.34162815499467,"S4"
"b","North Atlantic Ocean","ChlorophyllA","Chlorophyll a","TARA_B110000014","SAR324 (order)",3.02168503377177,"S4"
"b","North Atlantic Ocean","ChlorophyllA","Chlorophyll a","TARA_B110000014","NS5 (genus)",0.766283524904214,"S4"
"b","North Atlantic Ocean","ChlorophyllA","Chlorophyll a","TARA_B110000014","Syndiniales (genus)",0.896630722439468,"S4"
"b","North Atlantic Ocean","ChlorophyllA","Chlorophyll a","TARA_B110000014","NS9 (family)",1.50096772919382,"S4"
"b","North Atlantic Ocean","ChlorophyllA","Chlorophyll a","TARA_B110000014","NS4 (genus)",0.217245329225422,"S4"
"b","North Atlantic Ocean","ChlorophyllA","Chlorophyll a","TARA_B110000014","ZD0417 (genus)",1.97495753841292,"S4"
"b","North Atlantic Ocean","ChlorophyllA","Chlorophyll a","TARA_B110000014","Rhodospirillaceae (family)",1.82881068057037,"S4"
"b","North Atlantic Ocean","ChlorophyllA","Chlorophyll a","TARA_B110000014","OM1 (family)",0.3515424418375,"S4"
"b","North Atlantic Ocean","ChlorophyllA","Chlorophyll a","TARA_B110000014","Gammaproteobacteria (order)",0.568787771062922,"S4"
"b","North Atlantic Ocean","ChlorophyllA","Chlorophyll a","TARA_B110000014","Marinoscillum (genus)",1.57996603073034,"S4"
"b","North Atlantic Ocean","ChlorophyllA","Chlorophyll a","TARA_B110000014","Others",31.1332306355413,"S4"
"b","North Atlantic Ocean","ChlorophyllA","Chlorophyll a","TARA_B100001765","SAR11 (order)",16.9741697416974,"S5"
"b","North Atlantic Ocean","ChlorophyllA","Chlorophyll a","TARA_B100001765","Marinimicrobia (phylum)",9.89880353348988,"S5"
"b","North Atlantic Ocean","ChlorophyllA","Chlorophyll a","TARA_B100001765","Marine (family)",4.55384099295538,"S5"
"b","North Atlantic Ocean","ChlorophyllA","Chlorophyll a","TARA_B100001765","SAR86 (family)",1.95963323269596,"S5"
"b","North Atlantic Ocean","ChlorophyllA","Chlorophyll a","TARA_B100001765","Marine (class)",11.3272950911327,"S5"
"b","North Atlantic Ocean","ChlorophyllA","Chlorophyll a","TARA_B100001765","Chloroplast (class)",0.0251593425025159,"S5"
"b","North Atlantic Ocean","ChlorophyllA","Chlorophyll a","TARA_B100001765","AEGEAN-169 (genus)",4.12613217041261,"S5"
"b","North Atlantic Ocean","ChlorophyllA","Chlorophyll a","TARA_B100001765","Prochlorococcus (genus)",0.164933467516493,"S5"
"b","North Atlantic Ocean","ChlorophyllA","Chlorophyll a","TARA_B100001765","SAR202 (class)",5.70837526557084,"S5"
"b","North Atlantic Ocean","ChlorophyllA","Chlorophyll a","TARA_B100001765","SAR324 (order)",6.84334116068433,"S5"
"b","North Atlantic Ocean","ChlorophyllA","Chlorophyll a","TARA_B100001765","NS5 (genus)",0.273957285027396,"S5"
"b","North Atlantic Ocean","ChlorophyllA","Chlorophyll a","TARA_B100001765","Syndiniales (genus)",1.56267471765627,"S5"
"b","North Atlantic Ocean","ChlorophyllA","Chlorophyll a","TARA_B100001765","NS9 (family)",0.505982332550598,"S5"
"b","North Atlantic Ocean","ChlorophyllA","Chlorophyll a","TARA_B100001765","NS4 (genus)",0.0223638600022364,"S5"
"b","North Atlantic Ocean","ChlorophyllA","Chlorophyll a","TARA_B100001765","ZD0417 (genus)",0.746393827574639,"S5"
"b","North Atlantic Ocean","ChlorophyllA","Chlorophyll a","TARA_B100001765","Rhodospirillaceae (family)",1.4760147601476,"S5"
"b","North Atlantic Ocean","ChlorophyllA","Chlorophyll a","TARA_B100001765","OM1 (family)",0.0363412725036341,"S5"
"b","North Atlantic Ocean","ChlorophyllA","Chlorophyll a","TARA_B100001765","Gammaproteobacteria (order)",0.164933467516493,"S5"
"b","North Atlantic Ocean","ChlorophyllA","Chlorophyll a","TARA_B100001765","Marinoscillum (genus)",0.525550710052555,"S5"
"b","North Atlantic Ocean","ChlorophyllA","Chlorophyll a","TARA_B100001765","Others",33.1041037683104,"S5"
"b","North Atlantic Ocean","ChlorophyllA","Chlorophyll a","TARA_B100001179","SAR11 (order)",17.265413992391,"S6"
"b","North Atlantic Ocean","ChlorophyllA","Chlorophyll a","TARA_B100001179","Marinimicrobia (phylum)",10.5886794644672,"S6"
"b","North Atlantic Ocean","ChlorophyllA","Chlorophyll a","TARA_B100001179","Marine (family)",4.66993872157523,"S6"
"b","North Atlantic Ocean","ChlorophyllA","Chlorophyll a","TARA_B100001179","SAR86 (family)",2.2739813550954,"S6"
"b","North Atlantic Ocean","ChlorophyllA","Chlorophyll a","TARA_B100001179","Marine (class)",10.211134667325,"S6"
"b","North Atlantic Ocean","ChlorophyllA","Chlorophyll a","TARA_B100001179","Chloroplast (class)",0.0261377167252345,"S6"
"b","North Atlantic Ocean","ChlorophyllA","Chlorophyll a","TARA_B100001179","AEGEAN-169 (genus)",4.28658554293846,"S6"
"b","North Atlantic Ocean","ChlorophyllA","Chlorophyll a","TARA_B100001179","Prochlorococcus (genus)",0.110359248395435,"S6"
"b","North Atlantic Ocean","ChlorophyllA","Chlorophyll a","TARA_B100001179","SAR202 (class)",5.77353120552958,"S6"
"b","North Atlantic Ocean","ChlorophyllA","Chlorophyll a","TARA_B100001179","SAR324 (order)",6.87421949873668,"S6"
"b","North Atlantic Ocean","ChlorophyllA","Chlorophyll a","TARA_B100001179","NS5 (genus)",0.357215461911538,"S6"
"b","North Atlantic Ocean","ChlorophyllA","Chlorophyll a","TARA_B100001179","Syndiniales (genus)",1.61182586472279,"S6"
"b","North Atlantic Ocean","ChlorophyllA","Chlorophyll a","TARA_B100001179","NS9 (family)",0.821885981471263,"S6"
"b","North Atlantic Ocean","ChlorophyllA","Chlorophyll a","TARA_B100001179","NS4 (genus)",0.0348502889669794,"S6"
"b","North Atlantic Ocean","ChlorophyllA","Chlorophyll a","TARA_B100001179","ZD0417 (genus)",0.778323120262539,"S6"
"b","North Atlantic Ocean","ChlorophyllA","Chlorophyll a","TARA_B100001179","Rhodospirillaceae (family)",1.50146661632736,"S6"
"b","North Atlantic Ocean","ChlorophyllA","Chlorophyll a","TARA_B100001179","OM1 (family)",0.0464670519559725,"S6"
"b","North Atlantic Ocean","ChlorophyllA","Chlorophyll a","TARA_B100001179","Gammaproteobacteria (order)",0.226526878285366,"S6"
"b","North Atlantic Ocean","ChlorophyllA","Chlorophyll a","TARA_B100001179","Marinoscillum (genus)",0.418203467603752,"S6"
"b","North Atlantic Ocean","ChlorophyllA","Chlorophyll a","TARA_B100001179","Others",32.1232538553132,"S6"
"b","North Atlantic Ocean","ChlorophyllA","Chlorophyll a","TARA_B100001167","SAR11 (order)",14.6305197275148,"S7"
"b","North Atlantic Ocean","ChlorophyllA","Chlorophyll a","TARA_B100001167","Marinimicrobia (phylum)",10.7334278502023,"S7"
"b","North Atlantic Ocean","ChlorophyllA","Chlorophyll a","TARA_B100001167","Marine (family)",5.71596528234033,"S7"
"b","North Atlantic Ocean","ChlorophyllA","Chlorophyll a","TARA_B100001167","SAR86 (family)",1.79812579964729,"S7"
"b","North Atlantic Ocean","ChlorophyllA","Chlorophyll a","TARA_B100001167","Marine (class)",9.38829143469691,"S7"
"b","North Atlantic Ocean","ChlorophyllA","Chlorophyll a","TARA_B100001167","Chloroplast (class)",0.0311214080708185,"S7"
"b","North Atlantic Ocean","ChlorophyllA","Chlorophyll a","TARA_B100001167","AEGEAN-169 (genus)",3.98699816729486,"S7"
"b","North Atlantic Ocean","ChlorophyllA","Chlorophyll a","TARA_B100001167","Prochlorococcus (genus)",0.121027698053183,"S7"
"b","North Atlantic Ocean","ChlorophyllA","Chlorophyll a","TARA_B100001167","SAR202 (class)",6.83979390711989,"S7"
"b","North Atlantic Ocean","ChlorophyllA","Chlorophyll a","TARA_B100001167","SAR324 (order)",8.04315501919153,"S7"
"b","North Atlantic Ocean","ChlorophyllA","Chlorophyll a","TARA_B100001167","NS5 (genus)",0.345793423009094,"S7"
"b","North Atlantic Ocean","ChlorophyllA","Chlorophyll a","TARA_B100001167","Syndiniales (genus)",2.14737715688648,"S7"
"b","North Atlantic Ocean","ChlorophyllA","Chlorophyll a","TARA_B100001167","NS9 (family)",0.452989384141914,"S7"
"b","North Atlantic Ocean","ChlorophyllA","Chlorophyll a","TARA_B100001167","NS4 (genus)",0.0138317369203638,"S7"
"b","North Atlantic Ocean","ChlorophyllA","Chlorophyll a","TARA_B100001167","ZD0417 (genus)",0.764203464850098,"S7"
"b","North Atlantic Ocean","ChlorophyllA","Chlorophyll a","TARA_B100001167","Rhodospirillaceae (family)",1.54223866662056,"S7"
"b","North Atlantic Ocean","ChlorophyllA","Chlorophyll a","TARA_B100001167","OM1 (family)",0.0311214080708185,"S7"
"b","North Atlantic Ocean","ChlorophyllA","Chlorophyll a","TARA_B100001167","Gammaproteobacteria (order)",0.186728448424911,"S7"
"b","North Atlantic Ocean","ChlorophyllA","Chlorophyll a","TARA_B100001167","Marinoscillum (genus)",0.418410041841004,"S7"
"b","North Atlantic Ocean","ChlorophyllA","Chlorophyll a","TARA_B100001167","Others",32.8088799751029,"S7"
"b","North Atlantic Ocean","ChlorophyllA","Chlorophyll a","TARA_B100001142","SAR11 (order)",10.5715308435748,"S8"
"b","North Atlantic Ocean","ChlorophyllA","Chlorophyll a","TARA_B100001142","Marinimicrobia (phylum)",6.3039414548781,"S8"
"b","North Atlantic Ocean","ChlorophyllA","Chlorophyll a","TARA_B100001142","Marine (family)",8.33631627093028,"S8"
"b","North Atlantic Ocean","ChlorophyllA","Chlorophyll a","TARA_B100001142","SAR86 (family)",5.30962892256294,"S8"
"b","North Atlantic Ocean","ChlorophyllA","Chlorophyll a","TARA_B100001142","Marine (class)",3.21759535457185,"S8"
"b","North Atlantic Ocean","ChlorophyllA","Chlorophyll a","TARA_B100001142","Chloroplast (class)",9.11983454639462,"S8"
"b","North Atlantic Ocean","ChlorophyllA","Chlorophyll a","TARA_B100001142","AEGEAN-169 (genus)",3.02668734836734,"S8"
"b","North Atlantic Ocean","ChlorophyllA","Chlorophyll a","TARA_B100001142","Prochlorococcus (genus)",0.429543013960148,"S8"
"b","North Atlantic Ocean","ChlorophyllA","Chlorophyll a","TARA_B100001142","SAR202 (class)",2.76021158970688,"S8"
"b","North Atlantic Ocean","ChlorophyllA","Chlorophyll a","TARA_B100001142","SAR324 (order)",0.847154277532514,"S8"
"b","North Atlantic Ocean","ChlorophyllA","Chlorophyll a","TARA_B100001142","NS5 (genus)",1.00624428270294,"S8"
"b","North Atlantic Ocean","ChlorophyllA","Chlorophyll a","TARA_B100001142","Syndiniales (genus)",4.26758938869665,"S8"
"b","North Atlantic Ocean","ChlorophyllA","Chlorophyll a","TARA_B100001142","NS9 (family)",2.22328282225669,"S8"
"b","North Atlantic Ocean","ChlorophyllA","Chlorophyll a","TARA_B100001142","NS4 (genus)",1.09772103567593,"S8"
"b","North Atlantic Ocean","ChlorophyllA","Chlorophyll a","TARA_B100001142","ZD0417 (genus)",3.22554985483037,"S8"
"b","North Atlantic Ocean","ChlorophyllA","Chlorophyll a","TARA_B100001142","Rhodospirillaceae (family)",2.11987431889592,"S8"
"b","North Atlantic Ocean","ChlorophyllA","Chlorophyll a","TARA_B100001142","OM1 (family)",0.735791273913216,"S8"
"b","North Atlantic Ocean","ChlorophyllA","Chlorophyll a","TARA_B100001142","Gammaproteobacteria (order)",0.827268026886211,"S8"
"b","North Atlantic Ocean","ChlorophyllA","Chlorophyll a","TARA_B100001142","Marinoscillum (genus)",0.898858529212902,"S8"
"b","North Atlantic Ocean","ChlorophyllA","Chlorophyll a","TARA_B100001142","Others",33.6753768444497,"S8"
"b","North Atlantic Ocean","ChlorophyllA","Chlorophyll a","TARA_B100002049","SAR11 (order)",12.1272238576731,"S9"
"b","North Atlantic Ocean","ChlorophyllA","Chlorophyll a","TARA_B100002049","Marinimicrobia (phylum)",8.74184052220658,"S9"
"b","North Atlantic Ocean","ChlorophyllA","Chlorophyll a","TARA_B100002049","Marine (family)",4.68769998720082,"S9"
"b","North Atlantic Ocean","ChlorophyllA","Chlorophyll a","TARA_B100002049","SAR86 (family)",1.64149494432356,"S9"
"b","North Atlantic Ocean","ChlorophyllA","Chlorophyll a","TARA_B100002049","Marine (class)",10.6777166261359,"S9"
"b","North Atlantic Ocean","ChlorophyllA","Chlorophyll a","TARA_B100002049","Chloroplast (class)",0.00639959042621272,"S9"
"b","North Atlantic Ocean","ChlorophyllA","Chlorophyll a","TARA_B100002049","AEGEAN-169 (genus)",4.41251759887367,"S9"
"b","North Atlantic Ocean","ChlorophyllA","Chlorophyll a","TARA_B100002049","Prochlorococcus (genus)",0.127991808524254,"S9"
"b","North Atlantic Ocean","ChlorophyllA","Chlorophyll a","TARA_B100002049","SAR202 (class)",2.29745296301037,"S9"
"b","North Atlantic Ocean","ChlorophyllA","Chlorophyll a","TARA_B100002049","SAR324 (order)",5.96121848201715,"S9"
"b","North Atlantic Ocean","ChlorophyllA","Chlorophyll a","TARA_B100002049","NS5 (genus)",0.45757071547421,"S9"
"b","North Atlantic Ocean","ChlorophyllA","Chlorophyll a","TARA_B100002049","Syndiniales (genus)",1.53270190707795,"S9"
"b","North Atlantic Ocean","ChlorophyllA","Chlorophyll a","TARA_B100002049","NS9 (family)",0.428772558556252,"S9"
"b","North Atlantic Ocean","ChlorophyllA","Chlorophyll a","TARA_B100002049","NS4 (genus)",0.00639959042621272,"S9"
"b","North Atlantic Ocean","ChlorophyllA","Chlorophyll a","TARA_B100002049","ZD0417 (genus)",1.09752975809548,"S9"
"b","North Atlantic Ocean","ChlorophyllA","Chlorophyll a","TARA_B100002049","Rhodospirillaceae (family)",0.963138359145015,"S9"
"b","North Atlantic Ocean","ChlorophyllA","Chlorophyll a","TARA_B100002049","OM1 (family)",0.0383975425572763,"S9"
"b","North Atlantic Ocean","ChlorophyllA","Chlorophyll a","TARA_B100002049","Gammaproteobacteria (order)",0.243184436196083,"S9"
"b","North Atlantic Ocean","ChlorophyllA","Chlorophyll a","TARA_B100002049","Marinoscillum (genus)",0.636759247408166,"S9"
"b","North Atlantic Ocean","ChlorophyllA","Chlorophyll a","TARA_B100002049","Others",43.9139895046717,"S9"
"b","North Atlantic Ocean","ChlorophyllA","Chlorophyll a","TARA_B100001758","SAR11 (order)",13.8092286889402,"S10"
"b","North Atlantic Ocean","ChlorophyllA","Chlorophyll a","TARA_B100001758","Marinimicrobia (phylum)",6.83418784156854,"S10"
"b","North Atlantic Ocean","ChlorophyllA","Chlorophyll a","TARA_B100001758","Marine (family)",7.29336864048679,"S10"
"b","North Atlantic Ocean","ChlorophyllA","Chlorophyll a","TARA_B100001758","SAR86 (family)",3.9382500422559,"S10"
"b","North Atlantic Ocean","ChlorophyllA","Chlorophyll a","TARA_B100001758","Marine (class)",3.53822750577497,"S10"
"b","North Atlantic Ocean","ChlorophyllA","Chlorophyll a","TARA_B100001758","Chloroplast (class)",8.02298721054707,"S10"
"b","North Atlantic Ocean","ChlorophyllA","Chlorophyll a","TARA_B100001758","AEGEAN-169 (genus)",3.37765507915939,"S10"
"b","North Atlantic Ocean","ChlorophyllA","Chlorophyll a","TARA_B100001758","Prochlorococcus (genus)",1.59163896557553,"S10"
"b","North Atlantic Ocean","ChlorophyllA","Chlorophyll a","TARA_B100001758","SAR202 (class)",1.20288466955885,"S10"
"b","North Atlantic Ocean","ChlorophyllA","Chlorophyll a","TARA_B100001758","SAR324 (order)",1.23105527071948,"S10"
"b","North Atlantic Ocean","ChlorophyllA","Chlorophyll a","TARA_B100001758","NS5 (genus)",1.9043326384585,"S10"
"b","North Atlantic Ocean","ChlorophyllA","Chlorophyll a","TARA_B100001758","Syndiniales (genus)",2.80297481548256,"S10"
"b","North Atlantic Ocean","ChlorophyllA","Chlorophyll a","TARA_B100001758","NS9 (family)",2.27055045354668,"S10"
"b","North Atlantic Ocean","ChlorophyllA","Chlorophyll a","TARA_B100001758","NS4 (genus)",1.84517437602118,"S10"
"b","North Atlantic Ocean","ChlorophyllA","Chlorophyll a","TARA_B100001758","ZD0417 (genus)",2.83959659699138,"S10"
"b","North Atlantic Ocean","ChlorophyllA","Chlorophyll a","TARA_B100001758","Rhodospirillaceae (family)",1.47895656093301,"S10"
"b","North Atlantic Ocean","ChlorophyllA","Chlorophyll a","TARA_B100001758","OM1 (family)",2.51000056341202,"S10"
"b","North Atlantic Ocean","ChlorophyllA","Chlorophyll a","TARA_B100001758","Gammaproteobacteria (order)",1.55783424418277,"S10"
"b","North Atlantic Ocean","ChlorophyllA","Chlorophyll a","TARA_B100001758","Marinoscillum (genus)",1.25077469153192,"S10"
"b","North Atlantic Ocean","ChlorophyllA","Chlorophyll a","TARA_B100001758","Others",30.7003211448532,"S10"
"b","North Atlantic Ocean","ChlorophyllA","Chlorophyll a","TARA_B100001175","SAR11 (order)",12.3923739237392,"S11"
"b","North Atlantic Ocean","ChlorophyllA","Chlorophyll a","TARA_B100001175","Marinimicrobia (phylum)",6.53751537515375,"S11"
"b","North Atlantic Ocean","ChlorophyllA","Chlorophyll a","TARA_B100001175","Marine (family)",8.31488314883149,"S11"
"b","North Atlantic Ocean","ChlorophyllA","Chlorophyll a","TARA_B100001175","SAR86 (family)",7.12177121771218,"S11"
"b","North Atlantic Ocean","ChlorophyllA","Chlorophyll a","TARA_B100001175","Marine (class)",3.41635916359164,"S11"
"b","North Atlantic Ocean","ChlorophyllA","Chlorophyll a","TARA_B100001175","Chloroplast (class)",2.78290282902829,"S11"
"b","North Atlantic Ocean","ChlorophyllA","Chlorophyll a","TARA_B100001175","AEGEAN-169 (genus)",4.56949569495695,"S11"
"b","North Atlantic Ocean","ChlorophyllA","Chlorophyll a","TARA_B100001175","Prochlorococcus (genus)",3.26875768757688,"S11"
"b","North Atlantic Ocean","ChlorophyllA","Chlorophyll a","TARA_B100001175","SAR202 (class)",0.962484624846248,"S11"
"b","North Atlantic Ocean","ChlorophyllA","Chlorophyll a","TARA_B100001175","SAR324 (order)",1.11008610086101,"S11"
"b","North Atlantic Ocean","ChlorophyllA","Chlorophyll a","TARA_B100001175","NS5 (genus)",4.59409594095941,"S11"
"b","North Atlantic Ocean","ChlorophyllA","Chlorophyll a","TARA_B100001175","Syndiniales (genus)",3.27183271832718,"S11"
"b","North Atlantic Ocean","ChlorophyllA","Chlorophyll a","TARA_B100001175","NS9 (family)",1.13468634686347,"S11"
"b","North Atlantic Ocean","ChlorophyllA","Chlorophyll a","TARA_B100001175","NS4 (genus)",2.5430504305043,"S11"
"b","North Atlantic Ocean","ChlorophyllA","Chlorophyll a","TARA_B100001175","ZD0417 (genus)",1.89421894218942,"S11"
"b","North Atlantic Ocean","ChlorophyllA","Chlorophyll a","TARA_B100001175","Rhodospirillaceae (family)",1.73124231242312,"S11"
"b","North Atlantic Ocean","ChlorophyllA","Chlorophyll a","TARA_B100001175","OM1 (family)",1.46986469864699,"S11"
"b","North Atlantic Ocean","ChlorophyllA","Chlorophyll a","TARA_B100001175","Gammaproteobacteria (order)",1.43911439114391,"S11"
"b","North Atlantic Ocean","ChlorophyllA","Chlorophyll a","TARA_B100001175","Marinoscillum (genus)",0.771832718327183,"S11"
"b","North Atlantic Ocean","ChlorophyllA","Chlorophyll a","TARA_B100001175","Others",30.6734317343173,"S11"
"b","North Atlantic Ocean","ChlorophyllA","Chlorophyll a","TARA_B100001769","SAR11 (order)",15.7549163009914,"S12"
"b","North Atlantic Ocean","ChlorophyllA","Chlorophyll a","TARA_B100001769","Marinimicrobia (phylum)",5.42824638387778,"S12"
"b","North Atlantic Ocean","ChlorophyllA","Chlorophyll a","TARA_B100001769","Marine (family)",5.30797984722899,"S12"
"b","North Atlantic Ocean","ChlorophyllA","Chlorophyll a","TARA_B100001769","SAR86 (family)",6.35137331383065,"S12"
"b","North Atlantic Ocean","ChlorophyllA","Chlorophyll a","TARA_B100001769","Marine (class)",1.13440598082236,"S12"
"b","North Atlantic Ocean","ChlorophyllA","Chlorophyll a","TARA_B100001769","Chloroplast (class)",5.37298878595807,"S12"
"b","North Atlantic Ocean","ChlorophyllA","Chlorophyll a","TARA_B100001769","AEGEAN-169 (genus)",3.89728587680806,"S12"
"b","North Atlantic Ocean","ChlorophyllA","Chlorophyll a","TARA_B100001769","Prochlorococcus (genus)",8.03185437997725,"S12"
"b","North Atlantic Ocean","ChlorophyllA","Chlorophyll a","TARA_B100001769","SAR202 (class)",0.841865756541525,"S12"
"b","North Atlantic Ocean","ChlorophyllA","Chlorophyll a","TARA_B100001769","SAR324 (order)",1.05964570128393,"S12"
"b","North Atlantic Ocean","ChlorophyllA","Chlorophyll a","TARA_B100001769","NS5 (genus)",3.22444336096213,"S12"
"b","North Atlantic Ocean","ChlorophyllA","Chlorophyll a","TARA_B100001769","Syndiniales (genus)",2.45083699008614,"S12"
"b","North Atlantic Ocean","ChlorophyllA","Chlorophyll a","TARA_B100001769","NS9 (family)",1.55696408256135,"S12"
"b","North Atlantic Ocean","ChlorophyllA","Chlorophyll a","TARA_B100001769","NS4 (genus)",1.82025028441411,"S12"
"b","North Atlantic Ocean","ChlorophyllA","Chlorophyll a","TARA_B100001769","ZD0417 (genus)",0.939379164635137,"S12"
"b","North Atlantic Ocean","ChlorophyllA","Chlorophyll a","TARA_B100001769","Rhodospirillaceae (family)",1.30667966845441,"S12"
"b","North Atlantic Ocean","ChlorophyllA","Chlorophyll a","TARA_B100001769","OM1 (family)",2.62636112465464,"S12"
"b","North Atlantic Ocean","ChlorophyllA","Chlorophyll a","TARA_B100001769","Gammaproteobacteria (order)",2.37932715748415,"S12"
"b","North Atlantic Ocean","ChlorophyllA","Chlorophyll a","TARA_B100001769","Marinoscillum (genus)",0.988135868681944,"S12"
"b","North Atlantic Ocean","ChlorophyllA","Chlorophyll a","TARA_B100001769","Others",29.527059970746,"S12"
"b","North Atlantic Ocean","ChlorophyllA","Chlorophyll a","TARA_B100001741","SAR11 (order)",17.7480702539434,"S13"
"b","North Atlantic Ocean","ChlorophyllA","Chlorophyll a","TARA_B100001741","Marinimicrobia (phylum)",6.49681172390648,"S13"
"b","North Atlantic Ocean","ChlorophyllA","Chlorophyll a","TARA_B100001741","Marine (family)",8.05738896968341,"S13"
"b","North Atlantic Ocean","ChlorophyllA","Chlorophyll a","TARA_B100001741","SAR86 (family)",3.73643584293545,"S13"
"b","North Atlantic Ocean","ChlorophyllA","Chlorophyll a","TARA_B100001741","Marine (class)",3.32811276429131,"S13"
"b","North Atlantic Ocean","ChlorophyllA","Chlorophyll a","TARA_B100001741","Chloroplast (class)",4.9306410112988,"S13"
"b","North Atlantic Ocean","ChlorophyllA","Chlorophyll a","TARA_B100001741","AEGEAN-169 (genus)",3.63015997315136,"S13"
"b","North Atlantic Ocean","ChlorophyllA","Chlorophyll a","TARA_B100001741","Prochlorococcus (genus)",1.98847745832867,"S13"
"b","North Atlantic Ocean","ChlorophyllA","Chlorophyll a","TARA_B100001741","SAR202 (class)",2.04441212663609,"S13"
"b","North Atlantic Ocean","ChlorophyllA","Chlorophyll a","TARA_B100001741","SAR324 (order)",1.43192750866987,"S13"
"b","North Atlantic Ocean","ChlorophyllA","Chlorophyll a","TARA_B100001741","NS5 (genus)",2.39959727038819,"S13"
"b","North Atlantic Ocean","ChlorophyllA","Chlorophyll a","TARA_B100001741","Syndiniales (genus)",1.4487079091621,"S13"
"b","North Atlantic Ocean","ChlorophyllA","Chlorophyll a","TARA_B100001741","NS9 (family)",1.81507998657568,"S13"
"b","North Atlantic Ocean","ChlorophyllA","Chlorophyll a","TARA_B100001741","NS4 (genus)",1.55498377894619,"S13"
"b","North Atlantic Ocean","ChlorophyllA","Chlorophyll a","TARA_B100001741","ZD0417 (genus)",2.68206734534064,"S13"
"b","North Atlantic Ocean","ChlorophyllA","Chlorophyll a","TARA_B100001741","Rhodospirillaceae (family)",1.62210538091509,"S13"
"b","North Atlantic Ocean","ChlorophyllA","Chlorophyll a","TARA_B100001741","OM1 (family)",1.85982772122161,"S13"
"b","North Atlantic Ocean","ChlorophyllA","Chlorophyll a","TARA_B100001741","Gammaproteobacteria (order)",1.72278778386844,"S13"
"b","North Atlantic Ocean","ChlorophyllA","Chlorophyll a","TARA_B100001741","Marinoscillum (genus)",1.71160085020696,"S13"
"b","North Atlantic Ocean","ChlorophyllA","Chlorophyll a","TARA_B100001741","Others",29.7908043405303,"S13"
"b","North Atlantic Ocean","ChlorophyllA","Chlorophyll a","TARA_B100001778","SAR11 (order)",16.8603280455357,"S14"
"b","North Atlantic Ocean","ChlorophyllA","Chlorophyll a","TARA_B100001778","Marinimicrobia (phylum)",5.91425010946078,"S14"
"b","North Atlantic Ocean","ChlorophyllA","Chlorophyll a","TARA_B100001778","Marine (family)",5.94456232528376,"S14"
"b","North Atlantic Ocean","ChlorophyllA","Chlorophyll a","TARA_B100001778","SAR86 (family)",6.09949142837897,"S14"
"b","North Atlantic Ocean","ChlorophyllA","Chlorophyll a","TARA_B100001778","Marine (class)",0.744333299653094,"S14"
"b","North Atlantic Ocean","ChlorophyllA","Chlorophyll a","TARA_B100001778","Chloroplast (class)",4.18308578357078,"S14"
"b","North Atlantic Ocean","ChlorophyllA","Chlorophyll a","TARA_B100001778","AEGEAN-169 (genus)",3.42528038799636,"S14"
"b","North Atlantic Ocean","ChlorophyllA","Chlorophyll a","TARA_B100001778","Prochlorococcus (genus)",7.15031491024216,"S14"
"b","North Atlantic Ocean","ChlorophyllA","Chlorophyll a","TARA_B100001778","SAR202 (class)",0.838637971102354,"S14"
"b","North Atlantic Ocean","ChlorophyllA","Chlorophyll a","TARA_B100001778","SAR324 (order)",1.05419150584352,"S14"
"b","North Atlantic Ocean","ChlorophyllA","Chlorophyll a","TARA_B100001778","NS5 (genus)",3.74524266612778,"S14"
"b","North Atlantic Ocean","ChlorophyllA","Chlorophyll a","TARA_B100001778","Syndiniales (genus)",1.74800444579165,"S14"
"b","North Atlantic Ocean","ChlorophyllA","Chlorophyll a","TARA_B100001778","NS9 (family)",1.94671786063117,"S14"
"b","North Atlantic Ocean","ChlorophyllA","Chlorophyll a","TARA_B100001778","NS4 (genus)",2.65063487252029,"S14"
"b","North Atlantic Ocean","ChlorophyllA","Chlorophyll a","TARA_B100001778","ZD0417 (genus)",0.747701323633424,"S14"
"b","North Atlantic Ocean","ChlorophyllA","Chlorophyll a","TARA_B100001778","Rhodospirillaceae (family)",1.3808898319356,"S14"
"b","North Atlantic Ocean","ChlorophyllA","Chlorophyll a","TARA_B100001778","OM1 (family)",3.12889427772726,"S14"
"b","North Atlantic Ocean","ChlorophyllA","Chlorophyll a","TARA_B100001778","Gammaproteobacteria (order)",2.72473140008757,"S14"
"b","North Atlantic Ocean","ChlorophyllA","Chlorophyll a","TARA_B100001778","Marinoscillum (genus)",1.18217641709609,"S14"
"b","North Atlantic Ocean","ChlorophyllA","Chlorophyll a","TARA_B100001778","Others",28.5305311373817,"S14"
"b","North Atlantic Ocean","ChlorophyllA","Chlorophyll a","TARA_B100002052","SAR11 (order)",16.8760296540362,"S15"
"b","North Atlantic Ocean","ChlorophyllA","Chlorophyll a","TARA_B100002052","Marinimicrobia (phylum)",9.22570016474465,"S15"
"b","North Atlantic Ocean","ChlorophyllA","Chlorophyll a","TARA_B100002052","Marine (family)",11.9302580999451,"S15"
"b","North Atlantic Ocean","ChlorophyllA","Chlorophyll a","TARA_B100002052","SAR86 (family)",3.56260296540362,"S15"
"b","North Atlantic Ocean","ChlorophyllA","Chlorophyll a","TARA_B100002052","Marine (class)",0.86490939044481,"S15"
"b","North Atlantic Ocean","ChlorophyllA","Chlorophyll a","TARA_B100002052","Chloroplast (class)",1.51702361339923,"S15"
"b","North Atlantic Ocean","ChlorophyllA","Chlorophyll a","TARA_B100002052","AEGEAN-169 (genus)",3.610653487095,"S15"
"b","North Atlantic Ocean","ChlorophyllA","Chlorophyll a","TARA_B100002052","Prochlorococcus (genus)",2.78349807797913,"S15"
"b","North Atlantic Ocean","ChlorophyllA","Chlorophyll a","TARA_B100002052","SAR202 (class)",2.17600219659528,"S15"
"b","North Atlantic Ocean","ChlorophyllA","Chlorophyll a","TARA_B100002052","SAR324 (order)",0.634953322350357,"S15"
"b","North Atlantic Ocean","ChlorophyllA","Chlorophyll a","TARA_B100002052","NS5 (genus)",1.02622185612301,"S15"
"b","North Atlantic Ocean","ChlorophyllA","Chlorophyll a","TARA_B100002052","Syndiniales (genus)",1.67490389895662,"S15"
"b","North Atlantic Ocean","ChlorophyllA","Chlorophyll a","TARA_B100002052","NS9 (family)",1.9117243272927,"S15"
"b","North Atlantic Ocean","ChlorophyllA","Chlorophyll a","TARA_B100002052","NS4 (genus)",2.48146622734761,"S15"
"b","North Atlantic Ocean","ChlorophyllA","Chlorophyll a","TARA_B100002052","ZD0417 (genus)",2.68053267435475,"S15"
"b","North Atlantic Ocean","ChlorophyllA","Chlorophyll a","TARA_B100002052","Rhodospirillaceae (family)",1.40376166941241,"S15"
"b","North Atlantic Ocean","ChlorophyllA","Chlorophyll a","TARA_B100002052","OM1 (family)",1.29736408566722,"S15"
"b","North Atlantic Ocean","ChlorophyllA","Chlorophyll a","TARA_B100002052","Gammaproteobacteria (order)",1.21499176276771,"S15"
"b","North Atlantic Ocean","ChlorophyllA","Chlorophyll a","TARA_B100002052","Marinoscillum (genus)",4.42751235584844,"S15"
"b","North Atlantic Ocean","ChlorophyllA","Chlorophyll a","TARA_B100002052","Others",28.6998901702361,"S15"
"b","North Atlantic Ocean","ChlorophyllA","Chlorophyll a","TARA_B100001540","SAR11 (order)",15.7097452196647,"S16"
"b","North Atlantic Ocean","ChlorophyllA","Chlorophyll a","TARA_B100001540","Marinimicrobia (phylum)",8.35084841339006,"S16"
"b","North Atlantic Ocean","ChlorophyllA","Chlorophyll a","TARA_B100001540","Marine (family)",6.10550058953196,"S16"
"b","North Atlantic Ocean","ChlorophyllA","Chlorophyll a","TARA_B100001540","SAR86 (family)",3.66791408212437,"S16"
"b","North Atlantic Ocean","ChlorophyllA","Chlorophyll a","TARA_B100001540","Marine (class)",7.19485312964577,"S16"
"b","North Atlantic Ocean","ChlorophyllA","Chlorophyll a","TARA_B100001540","Chloroplast (class)",6.13113241400523,"S16"
"b","North Atlantic Ocean","ChlorophyllA","Chlorophyll a","TARA_B100001540","AEGEAN-169 (genus)",4.55221202645204,"S16"
"b","North Atlantic Ocean","ChlorophyllA","Chlorophyll a","TARA_B100001540","Prochlorococcus (genus)",1.47639308966012,"S16"
"b","North Atlantic Ocean","ChlorophyllA","Chlorophyll a","TARA_B100001540","SAR202 (class)",2.67339929256164,"S16"
"b","North Atlantic Ocean","ChlorophyllA","Chlorophyll a","TARA_B100001540","SAR324 (order)",2.25816373609474,"S16"
"b","North Atlantic Ocean","ChlorophyllA","Chlorophyll a","TARA_B100001540","NS5 (genus)",1.36617624442508,"S16"
"b","North Atlantic Ocean","ChlorophyllA","Chlorophyll a","TARA_B100001540","Syndiniales (genus)",1.13036345927103,"S16"
"b","North Atlantic Ocean","ChlorophyllA","Chlorophyll a","TARA_B100001540","NS9 (family)",1.36361306197775,"S16"
"b","North Atlantic Ocean","ChlorophyllA","Chlorophyll a","TARA_B100001540","NS4 (genus)",0.984262059773415,"S16"
"b","North Atlantic Ocean","ChlorophyllA","Chlorophyll a","TARA_B100001540","ZD0417 (genus)",3.26549443789409,"S16"
"b","North Atlantic Ocean","ChlorophyllA","Chlorophyll a","TARA_B100001540","Rhodospirillaceae (family)",2.01722458604603,"S16"
"b","North Atlantic Ocean","ChlorophyllA","Chlorophyll a","TARA_B100001540","OM1 (family)",1.56866765776388,"S16"
"b","North Atlantic Ocean","ChlorophyllA","Chlorophyll a","TARA_B100001540","Gammaproteobacteria (order)",1.06628389808787,"S16"
"b","North Atlantic Ocean","ChlorophyllA","Chlorophyll a","TARA_B100001540","Marinoscillum (genus)",1.7250217870508,"S16"
"b","North Atlantic Ocean","ChlorophyllA","Chlorophyll a","TARA_B100001540","Others",27.3927308145794,"S16"
"b","North Atlantic Ocean","ChlorophyllA","Chlorophyll a","TARA_B100002051","SAR11 (order)",19.5296249077367,"S17"
"b","North Atlantic Ocean","ChlorophyllA","Chlorophyll a","TARA_B100002051","Marinimicrobia (phylum)",9.65577400523385,"S17"
"b","North Atlantic Ocean","ChlorophyllA","Chlorophyll a","TARA_B100002051","Marine (family)",9.19613500637455,"S17"
"b","North Atlantic Ocean","ChlorophyllA","Chlorophyll a","TARA_B100002051","SAR86 (family)",4.0864255519023,"S17"
"b","North Atlantic Ocean","ChlorophyllA","Chlorophyll a","TARA_B100002051","Marine (class)",0.667650808562035,"S17"
"b","North Atlantic Ocean","ChlorophyllA","Chlorophyll a","TARA_B100002051","Chloroplast (class)",1.97611219217607,"S17"
"b","North Atlantic Ocean","ChlorophyllA","Chlorophyll a","TARA_B100002051","AEGEAN-169 (genus)",3.4456149768503,"S17"
"b","North Atlantic Ocean","ChlorophyllA","Chlorophyll a","TARA_B100002051","Prochlorococcus (genus)",2.90545527746091,"S17"
"b","North Atlantic Ocean","ChlorophyllA","Chlorophyll a","TARA_B100002051","SAR202 (class)",1.6171240689794,"S17"
"b","North Atlantic Ocean","ChlorophyllA","Chlorophyll a","TARA_B100002051","SAR324 (order)",0.617325370730725,"S17"
"b","North Atlantic Ocean","ChlorophyllA","Chlorophyll a","TARA_B100002051","NS5 (genus)",1.03334899013621,"S17"
"b","North Atlantic Ocean","ChlorophyllA","Chlorophyll a","TARA_B100002051","Syndiniales (genus)",1.17761524525263,"S17"
"b","North Atlantic Ocean","ChlorophyllA","Chlorophyll a","TARA_B100002051","NS9 (family)",1.13064483661008,"S17"
"b","North Atlantic Ocean","ChlorophyllA","Chlorophyll a","TARA_B100002051","NS4 (genus)",2.39213581158156,"S17"
"b","North Atlantic Ocean","ChlorophyllA","Chlorophyll a","TARA_B100002051","ZD0417 (genus)",3.11346708716366,"S17"
"b","North Atlantic Ocean","ChlorophyllA","Chlorophyll a","TARA_B100002051","Rhodospirillaceae (family)",1.31181641280279,"S17"
"b","North Atlantic Ocean","ChlorophyllA","Chlorophyll a","TARA_B100002051","OM1 (family)",2.07340803864994,"S17"
"b","North Atlantic Ocean","ChlorophyllA","Chlorophyll a","TARA_B100002051","Gammaproteobacteria (order)",1.24807085821647,"S17"
"b","North Atlantic Ocean","ChlorophyllA","Chlorophyll a","TARA_B100002051","Marinoscillum (genus)",4.04952023082601,"S17"
"b","North Atlantic Ocean","ChlorophyllA","Chlorophyll a","TARA_B100002051","Others",28.7727303227538,"S17"
"b","North Atlantic Ocean","ChlorophyllA","Chlorophyll a","TARA_B100001564","SAR11 (order)",16.456360001311,"S18"
"b","North Atlantic Ocean","ChlorophyllA","Chlorophyll a","TARA_B100001564","Marinimicrobia (phylum)",6.62056307561207,"S18"
"b","North Atlantic Ocean","ChlorophyllA","Chlorophyll a","TARA_B100001564","Marine (family)",9.04264035921471,"S18"
"b","North Atlantic Ocean","ChlorophyllA","Chlorophyll a","TARA_B100001564","SAR86 (family)",6.01422437809315,"S18"
"b","North Atlantic Ocean","ChlorophyllA","Chlorophyll a","TARA_B100001564","Marine (class)",0.203205401330668,"S18"
"b","North Atlantic Ocean","ChlorophyllA","Chlorophyll a","TARA_B100001564","Chloroplast (class)",4.68355675002458,"S18"
"b","North Atlantic Ocean","ChlorophyllA","Chlorophyll a","TARA_B100001564","AEGEAN-169 (genus)",2.83504309921012,"S18"
"b","North Atlantic Ocean","ChlorophyllA","Chlorophyll a","TARA_B100001564","Prochlorococcus (genus)",5.72252630198945,"S18"
"b","North Atlantic Ocean","ChlorophyllA","Chlorophyll a","TARA_B100001564","SAR202 (class)",0.255645504899872,"S18"
"b","North Atlantic Ocean","ChlorophyllA","Chlorophyll a","TARA_B100001564","SAR324 (order)",0.757103995280391,"S18"
"b","North Atlantic Ocean","ChlorophyllA","Chlorophyll a","TARA_B100001564","NS5 (genus)",4.92936973550523,"S18"
"b","North Atlantic Ocean","ChlorophyllA","Chlorophyll a","TARA_B100001564","Syndiniales (genus)",1.29789256333781,"S18"
"b","North Atlantic Ocean","ChlorophyllA","Chlorophyll a","TARA_B100001564","NS9 (family)",2.03205401330668,"S18"
"b","North Atlantic Ocean","ChlorophyllA","Chlorophyll a","TARA_B100001564","NS4 (genus)",2.92025826751008,"S18"
"b","North Atlantic Ocean","ChlorophyllA","Chlorophyll a","TARA_B100001564","ZD0417 (genus)",0.268755530792173,"S18"
"b","North Atlantic Ocean","ChlorophyllA","Chlorophyll a","TARA_B100001564","Rhodospirillaceae (family)",1.45193536757235,"S18"
"b","North Atlantic Ocean","ChlorophyllA","Chlorophyll a","TARA_B100001564","OM1 (family)",3.14640621415227,"S18"
"b","North Atlantic Ocean","ChlorophyllA","Chlorophyll a","TARA_B100001564","Gammaproteobacteria (order)",3.22506636950608,"S18"
"b","North Atlantic Ocean","ChlorophyllA","Chlorophyll a","TARA_B100001564","Marinoscillum (genus)",1.37983022516469,"S18"
"b","North Atlantic Ocean","ChlorophyllA","Chlorophyll a","TARA_B100001564","Others",26.7575628461866,"S18"
"b","North Atlantic Ocean","ChlorophyllA","Chlorophyll a","TARA_B100001939","SAR11 (order)",13.2858449875833,"S19"
"b","North Atlantic Ocean","ChlorophyllA","Chlorophyll a","TARA_B100001939","Marinimicrobia (phylum)",4.23474055678996,"S19"
"b","North Atlantic Ocean","ChlorophyllA","Chlorophyll a","TARA_B100001939","Marine (family)",0.927983270160763,"S19"
"b","North Atlantic Ocean","ChlorophyllA","Chlorophyll a","TARA_B100001939","SAR86 (family)",7.4761469089008,"S19"
"b","North Atlantic Ocean","ChlorophyllA","Chlorophyll a","TARA_B100001939","Marine (class)",0.137236962488564,"S19"
"b","North Atlantic Ocean","ChlorophyllA","Chlorophyll a","TARA_B100001939","Chloroplast (class)",0.967193830871781,"S19"
"b","North Atlantic Ocean","ChlorophyllA","Chlorophyll a","TARA_B100001939","AEGEAN-169 (genus)",4.35890733237485,"S19"
"b","North Atlantic Ocean","ChlorophyllA","Chlorophyll a","TARA_B100001939","Prochlorococcus (genus)",2.54868644621618,"S19"
"b","North Atlantic Ocean","ChlorophyllA","Chlorophyll a","TARA_B100001939","SAR202 (class)",0.313684485688145,"S19"
"b","North Atlantic Ocean","ChlorophyllA","Chlorophyll a","TARA_B100001939","SAR324 (order)",0.568553130309763,"S19"
"b","North Atlantic Ocean","ChlorophyllA","Chlorophyll a","TARA_B100001939","NS5 (genus)",3.03881845510391,"S19"
"b","North Atlantic Ocean","ChlorophyllA","Chlorophyll a","TARA_B100001939","Syndiniales (genus)",0.5750882237616,"S19"
"b","North Atlantic Ocean","ChlorophyllA","Chlorophyll a","TARA_B100001939","NS9 (family)",3.20873088485165,"S19"
"b","North Atlantic Ocean","ChlorophyllA","Chlorophyll a","TARA_B100001939","NS4 (genus)",4.0975035943014,"S19"
"b","North Atlantic Ocean","ChlorophyllA","Chlorophyll a","TARA_B100001939","ZD0417 (genus)",0.947588550516272,"S19"
"b","North Atlantic Ocean","ChlorophyllA","Chlorophyll a","TARA_B100001939","Rhodospirillaceae (family)",1.49000130701869,"S19"
"b","North Atlantic Ocean","ChlorophyllA","Chlorophyll a","TARA_B100001939","OM1 (family)",0.222193177362436,"S19"
"b","North Atlantic Ocean","ChlorophyllA","Chlorophyll a","TARA_B100001939","Gammaproteobacteria (order)",1.90824728793622,"S19"
"b","North Atlantic Ocean","ChlorophyllA","Chlorophyll a","TARA_B100001939","Marinoscillum (genus)",2.49640569860149,"S19"
"b","North Atlantic Ocean","ChlorophyllA","Chlorophyll a","TARA_B100001939","Others",47.1964449091622,"S19"
"b","North Atlantic Ocean","ChlorophyllA","Chlorophyll a","TARA_B100001173","SAR11 (order)",12.9073279287872,"S20"
"b","North Atlantic Ocean","ChlorophyllA","Chlorophyll a","TARA_B100001173","Marinimicrobia (phylum)",6.31855030996662,"S20"
"b","North Atlantic Ocean","ChlorophyllA","Chlorophyll a","TARA_B100001173","Marine (family)",7.29216340804324,"S20"
"b","North Atlantic Ocean","ChlorophyllA","Chlorophyll a","TARA_B100001173","SAR86 (family)",7.85248768081386,"S20"
"b","North Atlantic Ocean","ChlorophyllA","Chlorophyll a","TARA_B100001173","Marine (class)",2.63869019233826,"S20"
"b","North Atlantic Ocean","ChlorophyllA","Chlorophyll a","TARA_B100001173","Chloroplast (class)",4.22428866634875,"S20"
"b","North Atlantic Ocean","ChlorophyllA","Chlorophyll a","TARA_B100001173","AEGEAN-169 (genus)",5.09855348911143,"S20"
"b","North Atlantic Ocean","ChlorophyllA","Chlorophyll a","TARA_B100001173","Prochlorococcus (genus)",4.78858687013193,"S20"
"b","North Atlantic Ocean","ChlorophyllA","Chlorophyll a","TARA_B100001173","SAR202 (class)",0.790812271498967,"S20"
"b","North Atlantic Ocean","ChlorophyllA","Chlorophyll a","TARA_B100001173","SAR324 (order)",0.73517723732316,"S20"
"b","North Atlantic Ocean","ChlorophyllA","Chlorophyll a","TARA_B100001173","NS5 (genus)",5.02304879987283,"S20"
"b","North Atlantic Ocean","ChlorophyllA","Chlorophyll a","TARA_B100001173","Syndiniales (genus)",1.36703226831982,"S20"
"b","North Atlantic Ocean","ChlorophyllA","Chlorophyll a","TARA_B100001173","NS9 (family)",1.10872675250358,"S20"
"b","North Atlantic Ocean","ChlorophyllA","Chlorophyll a","TARA_B100001173","NS4 (genus)",2.85725639802893,"S20"
"b","North Atlantic Ocean","ChlorophyllA","Chlorophyll a","TARA_B100001173","ZD0417 (genus)",1.37498013034494,"S20"
"b","North Atlantic Ocean","ChlorophyllA","Chlorophyll a","TARA_B100001173","Rhodospirillaceae (family)",1.53393737084724,"S20"
"b","North Atlantic Ocean","ChlorophyllA","Chlorophyll a","TARA_B100001173","OM1 (family)",1.75647750755047,"S20"
"b","North Atlantic Ocean","ChlorophyllA","Chlorophyll a","TARA_B100001173","Gammaproteobacteria (order)",1.59752026704816,"S20"
"b","North Atlantic Ocean","ChlorophyllA","Chlorophyll a","TARA_B100001173","Marinoscillum (genus)",0.770942616436179,"S20"
"b","North Atlantic Ocean","ChlorophyllA","Chlorophyll a","TARA_B100001173","Others",29.9634398346845,"S20"
"b","North Atlantic Ocean","ChlorophyllA","Chlorophyll a","TARA_X000000368","SAR11 (order)",14.2967202289236,"S21"
"b","North Atlantic Ocean","ChlorophyllA","Chlorophyll a","TARA_X000000368","Marinimicrobia (phylum)",9.61644287915474,"S21"
"b","North Atlantic Ocean","ChlorophyllA","Chlorophyll a","TARA_X000000368","Marine (family)",5.64604886638785,"S21"
"b","North Atlantic Ocean","ChlorophyllA","Chlorophyll a","TARA_X000000368","SAR86 (family)",11.0169491525424,"S21"
"b","North Atlantic Ocean","ChlorophyllA","Chlorophyll a","TARA_X000000368","Marine (class)",1.63713405238829,"S21"
"b","North Atlantic Ocean","ChlorophyllA","Chlorophyll a","TARA_X000000368","Chloroplast (class)",1.97006383447061,"S21"
"b","North Atlantic Ocean","ChlorophyllA","Chlorophyll a","TARA_X000000368","AEGEAN-169 (genus)",4.9141536429672,"S21"
"b","North Atlantic Ocean","ChlorophyllA","Chlorophyll a","TARA_X000000368","Prochlorococcus (genus)",6.4192163768435,"S21"
"b","North Atlantic Ocean","ChlorophyllA","Chlorophyll a","TARA_X000000368","SAR202 (class)",0.286154523442659,"S21"
"b","North Atlantic Ocean","ChlorophyllA","Chlorophyll a","TARA_X000000368","SAR324 (order)",0.907990314769976,"S21"
"b","North Atlantic Ocean","ChlorophyllA","Chlorophyll a","TARA_X000000368","NS5 (genus)",4.10521681708122,"S21"
"b","North Atlantic Ocean","ChlorophyllA","Chlorophyll a","TARA_X000000368","Syndiniales (genus)",0.332929782082324,"S21"
"b","North Atlantic Ocean","ChlorophyllA","Chlorophyll a","TARA_X000000368","NS9 (family)",1.74444199867929,"S21"
"b","North Atlantic Ocean","ChlorophyllA","Chlorophyll a","TARA_X000000368","NS4 (genus)",2.30024213075061,"S21"
"b","North Atlantic Ocean","ChlorophyllA","Chlorophyll a","TARA_X000000368","ZD0417 (genus)",2.76799471714726,"S21"
"b","North Atlantic Ocean","ChlorophyllA","Chlorophyll a","TARA_X000000368","Rhodospirillaceae (family)",1.44453004622496,"S21"
"b","North Atlantic Ocean","ChlorophyllA","Chlorophyll a","TARA_X000000368","OM1 (family)",2.90281752146159,"S21"
"b","North Atlantic Ocean","ChlorophyllA","Chlorophyll a","TARA_X000000368","Gammaproteobacteria (order)",2.5478758529606,"S21"
"b","North Atlantic Ocean","ChlorophyllA","Chlorophyll a","TARA_X000000368","Marinoscillum (genus)",1.05657054809597,"S21"
"b","North Atlantic Ocean","ChlorophyllA","Chlorophyll a","TARA_X000000368","Others",24.0865067136254,"S21"
"b","North Atlantic Ocean","ChlorophyllA","Chlorophyll a","TARA_B110000008","SAR11 (order)",8.87217213341446,"S22"
"b","North Atlantic Ocean","ChlorophyllA","Chlorophyll a","TARA_B110000008","Marinimicrobia (phylum)",4.13739697992146,"S22"
"b","North Atlantic Ocean","ChlorophyllA","Chlorophyll a","TARA_B110000008","Marine (family)",5.83549975109243,"S22"
"b","North Atlantic Ocean","ChlorophyllA","Chlorophyll a","TARA_B110000008","SAR86 (family)",11.0127772553792,"S22"
"b","North Atlantic Ocean","ChlorophyllA","Chlorophyll a","TARA_B110000008","Marine (class)",0.591846894186625,"S22"
"b","North Atlantic Ocean","ChlorophyllA","Chlorophyll a","TARA_B110000008","Chloroplast (class)",11.5990928701809,"S22"
"b","North Atlantic Ocean","ChlorophyllA","Chlorophyll a","TARA_B110000008","AEGEAN-169 (genus)",2.35632501797666,"S22"
"b","North Atlantic Ocean","ChlorophyllA","Chlorophyll a","TARA_B110000008","Prochlorococcus (genus)",0.149344543392887,"S22"
"b","North Atlantic Ocean","ChlorophyllA","Chlorophyll a","TARA_B110000008","SAR202 (class)",0.0885004701587477,"S22"
"b","North Atlantic Ocean","ChlorophyllA","Chlorophyll a","TARA_B110000008","SAR324 (order)",0.259970131091321,"S22"
"b","North Atlantic Ocean","ChlorophyllA","Chlorophyll a","TARA_B110000008","NS5 (genus)",2.59417003152829,"S22"
"b","North Atlantic Ocean","ChlorophyllA","Chlorophyll a","TARA_B110000008","Syndiniales (genus)",1.07306820067482,"S22"
"b","North Atlantic Ocean","ChlorophyllA","Chlorophyll a","TARA_B110000008","NS9 (family)",2.47801316444494,"S22"
"b","North Atlantic Ocean","ChlorophyllA","Chlorophyll a","TARA_B110000008","NS4 (genus)",2.05210465180596,"S22"
"b","North Atlantic Ocean","ChlorophyllA","Chlorophyll a","TARA_B110000008","ZD0417 (genus)",0.453564909563582,"S22"
"b","North Atlantic Ocean","ChlorophyllA","Chlorophyll a","TARA_B110000008","Rhodospirillaceae (family)",1.51557055146855,"S22"
"b","North Atlantic Ocean","ChlorophyllA","Chlorophyll a","TARA_B110000008","OM1 (family)",1.46025775761934,"S22"
"b","North Atlantic Ocean","ChlorophyllA","Chlorophyll a","TARA_B110000008","Gammaproteobacteria (order)",0.431439792023895,"S22"
"b","North Atlantic Ocean","ChlorophyllA","Chlorophyll a","TARA_B110000008","Marinoscillum (genus)",0.409314674484208,"S22"
"b","North Atlantic Ocean","ChlorophyllA","Chlorophyll a","TARA_B110000008","Others",42.6295702195918,"S22"
"b","North Atlantic Ocean","ChlorophyllA","Chlorophyll a","TARA_Y200000002","SAR11 (order)",14.6372871655459,"S23"
"b","North Atlantic Ocean","ChlorophyllA","Chlorophyll a","TARA_Y200000002","Marinimicrobia (phylum)",2.78532932703773,"S23"
"b","North Atlantic Ocean","ChlorophyllA","Chlorophyll a","TARA_Y200000002","Marine (family)",2.65178614012496,"S23"
"b","North Atlantic Ocean","ChlorophyllA","Chlorophyll a","TARA_Y200000002","SAR86 (family)",19.902704249535,"S23"
"b","North Atlantic Ocean","ChlorophyllA","Chlorophyll a","TARA_Y200000002","Marine (class)",0.0143081985977965,"S23"
"b","North Atlantic Ocean","ChlorophyllA","Chlorophyll a","TARA_Y200000002","Chloroplast (class)",1.48328325463824,"S23"
"b","North Atlantic Ocean","ChlorophyllA","Chlorophyll a","TARA_Y200000002","AEGEAN-169 (genus)",5.82820622883579,"S23"
"b","North Atlantic Ocean","ChlorophyllA","Chlorophyll a","TARA_Y200000002","Prochlorococcus (genus)",10.9839271235751,"S23"
"b","North Atlantic Ocean","ChlorophyllA","Chlorophyll a","TARA_Y200000002","SAR202 (class)",0.29093337148853,"S23"
"b","North Atlantic Ocean","ChlorophyllA","Chlorophyll a","TARA_Y200000002","SAR324 (order)",1.07311489483474,"S23"
"b","North Atlantic Ocean","ChlorophyllA","Chlorophyll a","TARA_Y200000002","NS5 (genus)",2.11761339247389,"S23"
"b","North Atlantic Ocean","ChlorophyllA","Chlorophyll a","TARA_Y200000002","Syndiniales (genus)",0.600944341107455,"S23"
"b","North Atlantic Ocean","ChlorophyllA","Chlorophyll a","TARA_Y200000002","NS9 (family)",1.08742309343254,"S23"
"b","North Atlantic Ocean","ChlorophyllA","Chlorophyll a","TARA_Y200000002","NS4 (genus)",2.50393475461439,"S23"
"b","North Atlantic Ocean","ChlorophyllA","Chlorophyll a","TARA_Y200000002","ZD0417 (genus)",0.0810797920541804,"S23"
"b","North Atlantic Ocean","ChlorophyllA","Chlorophyll a","TARA_Y200000002","Rhodospirillaceae (family)",1.59297944388801,"S23"
"b","North Atlantic Ocean","ChlorophyllA","Chlorophyll a","TARA_Y200000002","OM1 (family)",1.44989745791005,"S23"
"b","North Atlantic Ocean","ChlorophyllA","Chlorophyll a","TARA_Y200000002","Gammaproteobacteria (order)",3.61043544617733,"S23"
"b","North Atlantic Ocean","ChlorophyllA","Chlorophyll a","TARA_Y200000002","Marinoscillum (genus)",0.806028521009205,"S23"
"b","North Atlantic Ocean","ChlorophyllA","Chlorophyll a","TARA_Y200000002","Others",26.4987838031192,"S23"
"b","North Atlantic Ocean","ChlorophyllA","Chlorophyll a","TARA_B110000003","SAR11 (order)",6.55183934073277,"S24"
"b","North Atlantic Ocean","ChlorophyllA","Chlorophyll a","TARA_B110000003","Marinimicrobia (phylum)",4.2280708266825,"S24"
"b","North Atlantic Ocean","ChlorophyllA","Chlorophyll a","TARA_B110000003","Marine (family)",3.8308771669327,"S24"
"b","North Atlantic Ocean","ChlorophyllA","Chlorophyll a","TARA_B110000003","SAR86 (family)",8.58235272281822,"S24"
"b","North Atlantic Ocean","ChlorophyllA","Chlorophyll a","TARA_B110000003","Marine (class)",0.512268458368908,"S24"
"b","North Atlantic Ocean","ChlorophyllA","Chlorophyll a","TARA_B110000003","Chloroplast (class)",21.2517168417536,"S24"
"b","North Atlantic Ocean","ChlorophyllA","Chlorophyll a","TARA_B110000003","AEGEAN-169 (genus)",1.774379152901,"S24"
"b","North Atlantic Ocean","ChlorophyllA","Chlorophyll a","TARA_B110000003","Prochlorococcus (genus)",0.159619881955529,"S24"
"b","North Atlantic Ocean","ChlorophyllA","Chlorophyll a","TARA_B110000003","SAR202 (class)",0.0482571736144623,"S24"
"b","North Atlantic Ocean","ChlorophyllA","Chlorophyll a","TARA_B110000003","SAR324 (order)",0.196740784735885,"S24"
"b","North Atlantic Ocean","ChlorophyllA","Chlorophyll a","TARA_B110000003","NS5 (genus)",3.18868554883255,"S24"
"b","North Atlantic Ocean","ChlorophyllA","Chlorophyll a","TARA_B110000003","Syndiniales (genus)",0.330376034745165,"S24"
"b","North Atlantic Ocean","ChlorophyllA","Chlorophyll a","TARA_B110000003","NS9 (family)",4.92594379895319,"S24"
"b","North Atlantic Ocean","ChlorophyllA","Chlorophyll a","TARA_B110000003","NS4 (genus)",2.94739968076024,"S24"
"b","North Atlantic Ocean","ChlorophyllA","Chlorophyll a","TARA_B110000003","ZD0417 (genus)",0.404617840305876,"S24"
"b","North Atlantic Ocean","ChlorophyllA","Chlorophyll a","TARA_B110000003","Rhodospirillaceae (family)",0.79438731949961,"S24"
"b","North Atlantic Ocean","ChlorophyllA","Chlorophyll a","TARA_B110000003","OM1 (family)",1.30665577786852,"S24"
"b","North Atlantic Ocean","ChlorophyllA","Chlorophyll a","TARA_B110000003","Gammaproteobacteria (order)",0.337800215301236,"S24"
"b","North Atlantic Ocean","ChlorophyllA","Chlorophyll a","TARA_B110000003","Marinoscillum (genus)",0.452875013920339,"S24"
"b","North Atlantic Ocean","ChlorophyllA","Chlorophyll a","TARA_B110000003","Others",38.1751364193177,"S24"
"b","North Atlantic Ocean","PO4","Phosphate","TARA_B100001146","SAR11 (order)",12.2387865373348,"S1"
"b","North Atlantic Ocean","PO4","Phosphate","TARA_B100001146","Marinimicrobia (phylum)",10.295553674891,"S1"
"b","North Atlantic Ocean","PO4","Phosphate","TARA_B100001146","Marine (family)",5.39027407069852,"S1"
"b","North Atlantic Ocean","PO4","Phosphate","TARA_B100001146","SAR86 (family)",1.93021287676584,"S1"
"b","North Atlantic Ocean","PO4","Phosphate","TARA_B100001146","Marine (class)",10.4843434672222,"S1"
"b","North Atlantic Ocean","PO4","Phosphate","TARA_B100001146","Chloroplast (class)",0.0585899355510709,"S1"
"b","North Atlantic Ocean","PO4","Phosphate","TARA_B100001146","AEGEAN-169 (genus)",3.65861597552243,"S1"
"b","North Atlantic Ocean","PO4","Phosphate","TARA_B100001146","Prochlorococcus (genus)",0.120434867521646,"S1"
"b","North Atlantic Ocean","PO4","Phosphate","TARA_B100001146","SAR202 (class)",6.46442288913482,"S1"
"b","North Atlantic Ocean","PO4","Phosphate","TARA_B100001146","SAR324 (order)",1.41592344248421,"S1"
"b","North Atlantic Ocean","PO4","Phosphate","TARA_B100001146","NS5 (genus)",1.02206887572424,"S1"
"b","North Atlantic Ocean","PO4","Phosphate","TARA_B100001146","Syndiniales (genus)",2.5584271857301,"S1"
"b","North Atlantic Ocean","PO4","Phosphate","TARA_B100001146","NS9 (family)",1.0741488184363,"S1"
"b","North Atlantic Ocean","PO4","Phosphate","TARA_B100001146","NS4 (genus)",0.0292949677755354,"S1"
"b","North Atlantic Ocean","PO4","Phosphate","TARA_B100001146","ZD0417 (genus)",0.93418397239763,"S1"
"b","North Atlantic Ocean","PO4","Phosphate","TARA_B100001146","Rhodospirillaceae (family)",1.34431352125513,"S1"
"b","North Atlantic Ocean","PO4","Phosphate","TARA_B100001146","OM1 (family)",0.100904889004622,"S1"
"b","North Atlantic Ocean","PO4","Phosphate","TARA_B100001146","Gammaproteobacteria (order)",0.133454853199661,"S1"
"b","North Atlantic Ocean","PO4","Phosphate","TARA_B100001146","Marinoscillum (genus)",0.891869018944079,"S1"
"b","North Atlantic Ocean","PO4","Phosphate","TARA_B100001146","Others",39.8541761604062,"S1"
"b","North Atlantic Ocean","PO4","Phosphate","TARA_B100001559","SAR11 (order)",12.3015873015873,"S2"
"b","North Atlantic Ocean","PO4","Phosphate","TARA_B100001559","Marinimicrobia (phylum)",8.71813371813372,"S2"
"b","North Atlantic Ocean","PO4","Phosphate","TARA_B100001559","Marine (family)",7.91847041847042,"S2"
"b","North Atlantic Ocean","PO4","Phosphate","TARA_B100001559","SAR86 (family)",4.3500481000481,"S2"
"b","North Atlantic Ocean","PO4","Phosphate","TARA_B100001559","Marine (class)",5.01743626743627,"S2"
"b","North Atlantic Ocean","PO4","Phosphate","TARA_B100001559","Chloroplast (class)",2.10137085137085,"S2"
"b","North Atlantic Ocean","PO4","Phosphate","TARA_B100001559","AEGEAN-169 (genus)",3.41510341510342,"S2"
"b","North Atlantic Ocean","PO4","Phosphate","TARA_B100001559","Prochlorococcus (genus)",1.97210197210197,"S2"
"b","North Atlantic Ocean","PO4","Phosphate","TARA_B100001559","SAR202 (class)",2.3989898989899,"S2"
"b","North Atlantic Ocean","PO4","Phosphate","TARA_B100001559","SAR324 (order)",2.40800865800866,"S2"
"b","North Atlantic Ocean","PO4","Phosphate","TARA_B100001559","NS5 (genus)",3.21368446368446,"S2"
"b","North Atlantic Ocean","PO4","Phosphate","TARA_B100001559","Syndiniales (genus)",4.19973544973545,"S2"
"b","North Atlantic Ocean","PO4","Phosphate","TARA_B100001559","NS9 (family)",1.57227032227032,"S2"
"b","North Atlantic Ocean","PO4","Phosphate","TARA_B100001559","NS4 (genus)",1.12133237133237,"S2"
"b","North Atlantic Ocean","PO4","Phosphate","TARA_B100001559","ZD0417 (genus)",1.71657046657047,"S2"
"b","North Atlantic Ocean","PO4","Phosphate","TARA_B100001559","Rhodospirillaceae (family)",2.06830206830207,"S2"
"b","North Atlantic Ocean","PO4","Phosphate","TARA_B100001559","OM1 (family)",1.77669552669553,"S2"
"b","North Atlantic Ocean","PO4","Phosphate","TARA_B100001559","Gammaproteobacteria (order)",1.47005772005772,"S2"
"b","North Atlantic Ocean","PO4","Phosphate","TARA_B100001559","Marinoscillum (genus)",1.08826358826359,"S2"
"b","North Atlantic Ocean","PO4","Phosphate","TARA_B100001559","Others",31.1718374218374,"S2"
"b","North Atlantic Ocean","PO4","Phosphate","TARA_B100001750","SAR11 (order)",10.6259837752755,"S3"
"b","North Atlantic Ocean","PO4","Phosphate","TARA_B100001750","Marinimicrobia (phylum)",11.5316624288655,"S3"
"b","North Atlantic Ocean","PO4","Phosphate","TARA_B100001750","Marine (family)",10.9407918634217,"S3"
"b","North Atlantic Ocean","PO4","Phosphate","TARA_B100001750","SAR86 (family)",3.05121685434072,"S3"
"b","North Atlantic Ocean","PO4","Phosphate","TARA_B100001750","Marine (class)",10.5606005569682,"S3"
"b","North Atlantic Ocean","PO4","Phosphate","TARA_B100001750","Chloroplast (class)",0.0581184162731566,"S3"
"b","North Atlantic Ocean","PO4","Phosphate","TARA_B100001750","AEGEAN-169 (genus)",2.89381281026759,"S3"
"b","North Atlantic Ocean","PO4","Phosphate","TARA_B100001750","Prochlorococcus (genus)",0.317229688824313,"S3"
"b","North Atlantic Ocean","PO4","Phosphate","TARA_B100001750","SAR202 (class)",6.85312991887638,"S3"
"b","North Atlantic Ocean","PO4","Phosphate","TARA_B100001750","SAR324 (order)",5.37353190458893,"S3"
"b","North Atlantic Ocean","PO4","Phosphate","TARA_B100001750","NS5 (genus)",0.426201719336481,"S3"
"b","North Atlantic Ocean","PO4","Phosphate","TARA_B100001750","Syndiniales (genus)",3.35391693909674,"S3"
"b","North Atlantic Ocean","PO4","Phosphate","TARA_B100001750","NS9 (family)",0.787020220365662,"S3"
"b","North Atlantic Ocean","PO4","Phosphate","TARA_B100001750","NS4 (genus)",0.0823344230536385,"S3"
"b","North Atlantic Ocean","PO4","Phosphate","TARA_B100001750","ZD0417 (genus)",2.06804697905315,"S3"
"b","North Atlantic Ocean","PO4","Phosphate","TARA_B100001750","Rhodospirillaceae (family)",1.03886669088267,"S3"
"b","North Atlantic Ocean","PO4","Phosphate","TARA_B100001750","OM1 (family)",0.474633732897445,"S3"
"b","North Atlantic Ocean","PO4","Phosphate","TARA_B100001750","Gammaproteobacteria (order)",0.33418089357065,"S3"
"b","North Atlantic Ocean","PO4","Phosphate","TARA_B100001750","Marinoscillum (genus)",0.513379343746216,"S3"
"b","North Atlantic Ocean","PO4","Phosphate","TARA_B100001750","Others",28.7153408402954,"S3"
"b","North Atlantic Ocean","PO4","Phosphate","TARA_B110000014","SAR11 (order)",15.1202749140893,"S4"
"b","North Atlantic Ocean","PO4","Phosphate","TARA_B110000014","Marinimicrobia (phylum)",9.54299482561125,"S4"
"b","North Atlantic Ocean","PO4","Phosphate","TARA_B110000014","Marine (family)",5.37188450448315,"S4"
"b","North Atlantic Ocean","PO4","Phosphate","TARA_B110000014","SAR86 (family)",4.00916380297824,"S4"
"b","North Atlantic Ocean","PO4","Phosphate","TARA_B110000014","Marine (class)",14.0695975036537,"S4"
"b","North Atlantic Ocean","PO4","Phosphate","TARA_B110000014","Chloroplast (class)",0.276494055377809,"S4"
"b","North Atlantic Ocean","PO4","Phosphate","TARA_B110000014","AEGEAN-169 (genus)",4.23430896235731,"S4"
"b","North Atlantic Ocean","PO4","Phosphate","TARA_B110000014","Prochlorococcus (genus)",0.193545838764467,"S4"
"b","North Atlantic Ocean","PO4","Phosphate","TARA_B110000014","SAR202 (class)",3.34162815499467,"S4"
"b","North Atlantic Ocean","PO4","Phosphate","TARA_B110000014","SAR324 (order)",3.02168503377177,"S4"
"b","North Atlantic Ocean","PO4","Phosphate","TARA_B110000014","NS5 (genus)",0.766283524904214,"S4"
"b","North Atlantic Ocean","PO4","Phosphate","TARA_B110000014","Syndiniales (genus)",0.896630722439468,"S4"
"b","North Atlantic Ocean","PO4","Phosphate","TARA_B110000014","NS9 (family)",1.50096772919382,"S4"
"b","North Atlantic Ocean","PO4","Phosphate","TARA_B110000014","NS4 (genus)",0.217245329225422,"S4"
"b","North Atlantic Ocean","PO4","Phosphate","TARA_B110000014","ZD0417 (genus)",1.97495753841292,"S4"
"b","North Atlantic Ocean","PO4","Phosphate","TARA_B110000014","Rhodospirillaceae (family)",1.82881068057037,"S4"
"b","North Atlantic Ocean","PO4","Phosphate","TARA_B110000014","OM1 (family)",0.3515424418375,"S4"
"b","North Atlantic Ocean","PO4","Phosphate","TARA_B110000014","Gammaproteobacteria (order)",0.568787771062922,"S4"
"b","North Atlantic Ocean","PO4","Phosphate","TARA_B110000014","Marinoscillum (genus)",1.57996603073034,"S4"
"b","North Atlantic Ocean","PO4","Phosphate","TARA_B110000014","Others",31.1332306355413,"S4"
"b","North Atlantic Ocean","PO4","Phosphate","TARA_B100001765","SAR11 (order)",16.9741697416974,"S5"
"b","North Atlantic Ocean","PO4","Phosphate","TARA_B100001765","Marinimicrobia (phylum)",9.89880353348988,"S5"
"b","North Atlantic Ocean","PO4","Phosphate","TARA_B100001765","Marine (family)",4.55384099295538,"S5"
"b","North Atlantic Ocean","PO4","Phosphate","TARA_B100001765","SAR86 (family)",1.95963323269596,"S5"
"b","North Atlantic Ocean","PO4","Phosphate","TARA_B100001765","Marine (class)",11.3272950911327,"S5"
"b","North Atlantic Ocean","PO4","Phosphate","TARA_B100001765","Chloroplast (class)",0.0251593425025159,"S5"
"b","North Atlantic Ocean","PO4","Phosphate","TARA_B100001765","AEGEAN-169 (genus)",4.12613217041261,"S5"
"b","North Atlantic Ocean","PO4","Phosphate","TARA_B100001765","Prochlorococcus (genus)",0.164933467516493,"S5"
"b","North Atlantic Ocean","PO4","Phosphate","TARA_B100001765","SAR202 (class)",5.70837526557084,"S5"
"b","North Atlantic Ocean","PO4","Phosphate","TARA_B100001765","SAR324 (order)",6.84334116068433,"S5"
"b","North Atlantic Ocean","PO4","Phosphate","TARA_B100001765","NS5 (genus)",0.273957285027396,"S5"
"b","North Atlantic Ocean","PO4","Phosphate","TARA_B100001765","Syndiniales (genus)",1.56267471765627,"S5"
"b","North Atlantic Ocean","PO4","Phosphate","TARA_B100001765","NS9 (family)",0.505982332550598,"S5"
"b","North Atlantic Ocean","PO4","Phosphate","TARA_B100001765","NS4 (genus)",0.0223638600022364,"S5"
"b","North Atlantic Ocean","PO4","Phosphate","TARA_B100001765","ZD0417 (genus)",0.746393827574639,"S5"
"b","North Atlantic Ocean","PO4","Phosphate","TARA_B100001765","Rhodospirillaceae (family)",1.4760147601476,"S5"
"b","North Atlantic Ocean","PO4","Phosphate","TARA_B100001765","OM1 (family)",0.0363412725036341,"S5"
"b","North Atlantic Ocean","PO4","Phosphate","TARA_B100001765","Gammaproteobacteria (order)",0.164933467516493,"S5"
"b","North Atlantic Ocean","PO4","Phosphate","TARA_B100001765","Marinoscillum (genus)",0.525550710052555,"S5"
"b","North Atlantic Ocean","PO4","Phosphate","TARA_B100001765","Others",33.1041037683104,"S5"
"b","North Atlantic Ocean","PO4","Phosphate","TARA_B100001179","SAR11 (order)",17.265413992391,"S6"
"b","North Atlantic Ocean","PO4","Phosphate","TARA_B100001179","Marinimicrobia (phylum)",10.5886794644672,"S6"
"b","North Atlantic Ocean","PO4","Phosphate","TARA_B100001179","Marine (family)",4.66993872157523,"S6"
"b","North Atlantic Ocean","PO4","Phosphate","TARA_B100001179","SAR86 (family)",2.2739813550954,"S6"
"b","North Atlantic Ocean","PO4","Phosphate","TARA_B100001179","Marine (class)",10.211134667325,"S6"
"b","North Atlantic Ocean","PO4","Phosphate","TARA_B100001179","Chloroplast (class)",0.0261377167252345,"S6"
"b","North Atlantic Ocean","PO4","Phosphate","TARA_B100001179","AEGEAN-169 (genus)",4.28658554293846,"S6"
"b","North Atlantic Ocean","PO4","Phosphate","TARA_B100001179","Prochlorococcus (genus)",0.110359248395435,"S6"
"b","North Atlantic Ocean","PO4","Phosphate","TARA_B100001179","SAR202 (class)",5.77353120552958,"S6"
"b","North Atlantic Ocean","PO4","Phosphate","TARA_B100001179","SAR324 (order)",6.87421949873668,"S6"
"b","North Atlantic Ocean","PO4","Phosphate","TARA_B100001179","NS5 (genus)",0.357215461911538,"S6"
"b","North Atlantic Ocean","PO4","Phosphate","TARA_B100001179","Syndiniales (genus)",1.61182586472279,"S6"
"b","North Atlantic Ocean","PO4","Phosphate","TARA_B100001179","NS9 (family)",0.821885981471263,"S6"
"b","North Atlantic Ocean","PO4","Phosphate","TARA_B100001179","NS4 (genus)",0.0348502889669794,"S6"
"b","North Atlantic Ocean","PO4","Phosphate","TARA_B100001179","ZD0417 (genus)",0.778323120262539,"S6"
"b","North Atlantic Ocean","PO4","Phosphate","TARA_B100001179","Rhodospirillaceae (family)",1.50146661632736,"S6"
"b","North Atlantic Ocean","PO4","Phosphate","TARA_B100001179","OM1 (family)",0.0464670519559725,"S6"
"b","North Atlantic Ocean","PO4","Phosphate","TARA_B100001179","Gammaproteobacteria (order)",0.226526878285366,"S6"
"b","North Atlantic Ocean","PO4","Phosphate","TARA_B100001179","Marinoscillum (genus)",0.418203467603752,"S6"
"b","North Atlantic Ocean","PO4","Phosphate","TARA_B100001179","Others",32.1232538553132,"S6"
"b","North Atlantic Ocean","PO4","Phosphate","TARA_B100001167","SAR11 (order)",14.6305197275148,"S7"
"b","North Atlantic Ocean","PO4","Phosphate","TARA_B100001167","Marinimicrobia (phylum)",10.7334278502023,"S7"
"b","North Atlantic Ocean","PO4","Phosphate","TARA_B100001167","Marine (family)",5.71596528234033,"S7"
"b","North Atlantic Ocean","PO4","Phosphate","TARA_B100001167","SAR86 (family)",1.79812579964729,"S7"
"b","North Atlantic Ocean","PO4","Phosphate","TARA_B100001167","Marine (class)",9.38829143469691,"S7"
"b","North Atlantic Ocean","PO4","Phosphate","TARA_B100001167","Chloroplast (class)",0.0311214080708185,"S7"
"b","North Atlantic Ocean","PO4","Phosphate","TARA_B100001167","AEGEAN-169 (genus)",3.98699816729486,"S7"
"b","North Atlantic Ocean","PO4","Phosphate","TARA_B100001167","Prochlorococcus (genus)",0.121027698053183,"S7"
"b","North Atlantic Ocean","PO4","Phosphate","TARA_B100001167","SAR202 (class)",6.83979390711989,"S7"
"b","North Atlantic Ocean","PO4","Phosphate","TARA_B100001167","SAR324 (order)",8.04315501919153,"S7"
"b","North Atlantic Ocean","PO4","Phosphate","TARA_B100001167","NS5 (genus)",0.345793423009094,"S7"
"b","North Atlantic Ocean","PO4","Phosphate","TARA_B100001167","Syndiniales (genus)",2.14737715688648,"S7"
"b","North Atlantic Ocean","PO4","Phosphate","TARA_B100001167","NS9 (family)",0.452989384141914,"S7"
"b","North Atlantic Ocean","PO4","Phosphate","TARA_B100001167","NS4 (genus)",0.0138317369203638,"S7"
"b","North Atlantic Ocean","PO4","Phosphate","TARA_B100001167","ZD0417 (genus)",0.764203464850098,"S7"
"b","North Atlantic Ocean","PO4","Phosphate","TARA_B100001167","Rhodospirillaceae (family)",1.54223866662056,"S7"
"b","North Atlantic Ocean","PO4","Phosphate","TARA_B100001167","OM1 (family)",0.0311214080708185,"S7"
"b","North Atlantic Ocean","PO4","Phosphate","TARA_B100001167","Gammaproteobacteria (order)",0.186728448424911,"S7"
"b","North Atlantic Ocean","PO4","Phosphate","TARA_B100001167","Marinoscillum (genus)",0.418410041841004,"S7"
"b","North Atlantic Ocean","PO4","Phosphate","TARA_B100001167","Others",32.8088799751029,"S7"
"b","North Atlantic Ocean","PO4","Phosphate","TARA_B100001142","SAR11 (order)",10.5715308435748,"S8"
"b","North Atlantic Ocean","PO4","Phosphate","TARA_B100001142","Marinimicrobia (phylum)",6.3039414548781,"S8"
"b","North Atlantic Ocean","PO4","Phosphate","TARA_B100001142","Marine (family)",8.33631627093028,"S8"
"b","North Atlantic Ocean","PO4","Phosphate","TARA_B100001142","SAR86 (family)",5.30962892256294,"S8"
"b","North Atlantic Ocean","PO4","Phosphate","TARA_B100001142","Marine (class)",3.21759535457185,"S8"
"b","North Atlantic Ocean","PO4","Phosphate","TARA_B100001142","Chloroplast (class)",9.11983454639462,"S8"
"b","North Atlantic Ocean","PO4","Phosphate","TARA_B100001142","AEGEAN-169 (genus)",3.02668734836734,"S8"
"b","North Atlantic Ocean","PO4","Phosphate","TARA_B100001142","Prochlorococcus (genus)",0.429543013960148,"S8"
"b","North Atlantic Ocean","PO4","Phosphate","TARA_B100001142","SAR202 (class)",2.76021158970688,"S8"
"b","North Atlantic Ocean","PO4","Phosphate","TARA_B100001142","SAR324 (order)",0.847154277532514,"S8"
"b","North Atlantic Ocean","PO4","Phosphate","TARA_B100001142","NS5 (genus)",1.00624428270294,"S8"
"b","North Atlantic Ocean","PO4","Phosphate","TARA_B100001142","Syndiniales (genus)",4.26758938869665,"S8"
"b","North Atlantic Ocean","PO4","Phosphate","TARA_B100001142","NS9 (family)",2.22328282225669,"S8"
"b","North Atlantic Ocean","PO4","Phosphate","TARA_B100001142","NS4 (genus)",1.09772103567593,"S8"
"b","North Atlantic Ocean","PO4","Phosphate","TARA_B100001142","ZD0417 (genus)",3.22554985483037,"S8"
"b","North Atlantic Ocean","PO4","Phosphate","TARA_B100001142","Rhodospirillaceae (family)",2.11987431889592,"S8"
"b","North Atlantic Ocean","PO4","Phosphate","TARA_B100001142","OM1 (family)",0.735791273913216,"S8"
"b","North Atlantic Ocean","PO4","Phosphate","TARA_B100001142","Gammaproteobacteria (order)",0.827268026886211,"S8"
"b","North Atlantic Ocean","PO4","Phosphate","TARA_B100001142","Marinoscillum (genus)",0.898858529212902,"S8"
"b","North Atlantic Ocean","PO4","Phosphate","TARA_B100001142","Others",33.6753768444497,"S8"
"b","North Atlantic Ocean","PO4","Phosphate","TARA_B100002049","SAR11 (order)",12.1272238576731,"S9"
"b","North Atlantic Ocean","PO4","Phosphate","TARA_B100002049","Marinimicrobia (phylum)",8.74184052220658,"S9"
"b","North Atlantic Ocean","PO4","Phosphate","TARA_B100002049","Marine (family)",4.68769998720082,"S9"
"b","North Atlantic Ocean","PO4","Phosphate","TARA_B100002049","SAR86 (family)",1.64149494432356,"S9"
"b","North Atlantic Ocean","PO4","Phosphate","TARA_B100002049","Marine (class)",10.6777166261359,"S9"
"b","North Atlantic Ocean","PO4","Phosphate","TARA_B100002049","Chloroplast (class)",0.00639959042621272,"S9"
"b","North Atlantic Ocean","PO4","Phosphate","TARA_B100002049","AEGEAN-169 (genus)",4.41251759887367,"S9"
"b","North Atlantic Ocean","PO4","Phosphate","TARA_B100002049","Prochlorococcus (genus)",0.127991808524254,"S9"
"b","North Atlantic Ocean","PO4","Phosphate","TARA_B100002049","SAR202 (class)",2.29745296301037,"S9"
"b","North Atlantic Ocean","PO4","Phosphate","TARA_B100002049","SAR324 (order)",5.96121848201715,"S9"
"b","North Atlantic Ocean","PO4","Phosphate","TARA_B100002049","NS5 (genus)",0.45757071547421,"S9"
"b","North Atlantic Ocean","PO4","Phosphate","TARA_B100002049","Syndiniales (genus)",1.53270190707795,"S9"
"b","North Atlantic Ocean","PO4","Phosphate","TARA_B100002049","NS9 (family)",0.428772558556252,"S9"
"b","North Atlantic Ocean","PO4","Phosphate","TARA_B100002049","NS4 (genus)",0.00639959042621272,"S9"
"b","North Atlantic Ocean","PO4","Phosphate","TARA_B100002049","ZD0417 (genus)",1.09752975809548,"S9"
"b","North Atlantic Ocean","PO4","Phosphate","TARA_B100002049","Rhodospirillaceae (family)",0.963138359145015,"S9"
"b","North Atlantic Ocean","PO4","Phosphate","TARA_B100002049","OM1 (family)",0.0383975425572763,"S9"
"b","North Atlantic Ocean","PO4","Phosphate","TARA_B100002049","Gammaproteobacteria (order)",0.243184436196083,"S9"
"b","North Atlantic Ocean","PO4","Phosphate","TARA_B100002049","Marinoscillum (genus)",0.636759247408166,"S9"
"b","North Atlantic Ocean","PO4","Phosphate","TARA_B100002049","Others",43.9139895046717,"S9"
"b","North Atlantic Ocean","PO4","Phosphate","TARA_B100001758","SAR11 (order)",13.8092286889402,"S10"
"b","North Atlantic Ocean","PO4","Phosphate","TARA_B100001758","Marinimicrobia (phylum)",6.83418784156854,"S10"
"b","North Atlantic Ocean","PO4","Phosphate","TARA_B100001758","Marine (family)",7.29336864048679,"S10"
"b","North Atlantic Ocean","PO4","Phosphate","TARA_B100001758","SAR86 (family)",3.9382500422559,"S10"
"b","North Atlantic Ocean","PO4","Phosphate","TARA_B100001758","Marine (class)",3.53822750577497,"S10"
"b","North Atlantic Ocean","PO4","Phosphate","TARA_B100001758","Chloroplast (class)",8.02298721054707,"S10"
"b","North Atlantic Ocean","PO4","Phosphate","TARA_B100001758","AEGEAN-169 (genus)",3.37765507915939,"S10"
"b","North Atlantic Ocean","PO4","Phosphate","TARA_B100001758","Prochlorococcus (genus)",1.59163896557553,"S10"
"b","North Atlantic Ocean","PO4","Phosphate","TARA_B100001758","SAR202 (class)",1.20288466955885,"S10"
"b","North Atlantic Ocean","PO4","Phosphate","TARA_B100001758","SAR324 (order)",1.23105527071948,"S10"
"b","North Atlantic Ocean","PO4","Phosphate","TARA_B100001758","NS5 (genus)",1.9043326384585,"S10"
"b","North Atlantic Ocean","PO4","Phosphate","TARA_B100001758","Syndiniales (genus)",2.80297481548256,"S10"
"b","North Atlantic Ocean","PO4","Phosphate","TARA_B100001758","NS9 (family)",2.27055045354668,"S10"
"b","North Atlantic Ocean","PO4","Phosphate","TARA_B100001758","NS4 (genus)",1.84517437602118,"S10"
"b","North Atlantic Ocean","PO4","Phosphate","TARA_B100001758","ZD0417 (genus)",2.83959659699138,"S10"
"b","North Atlantic Ocean","PO4","Phosphate","TARA_B100001758","Rhodospirillaceae (family)",1.47895656093301,"S10"
"b","North Atlantic Ocean","PO4","Phosphate","TARA_B100001758","OM1 (family)",2.51000056341202,"S10"
"b","North Atlantic Ocean","PO4","Phosphate","TARA_B100001758","Gammaproteobacteria (order)",1.55783424418277,"S10"
"b","North Atlantic Ocean","PO4","Phosphate","TARA_B100001758","Marinoscillum (genus)",1.25077469153192,"S10"
"b","North Atlantic Ocean","PO4","Phosphate","TARA_B100001758","Others",30.7003211448532,"S10"
"b","North Atlantic Ocean","PO4","Phosphate","TARA_B100001175","SAR11 (order)",12.3923739237392,"S11"
"b","North Atlantic Ocean","PO4","Phosphate","TARA_B100001175","Marinimicrobia (phylum)",6.53751537515375,"S11"
"b","North Atlantic Ocean","PO4","Phosphate","TARA_B100001175","Marine (family)",8.31488314883149,"S11"
"b","North Atlantic Ocean","PO4","Phosphate","TARA_B100001175","SAR86 (family)",7.12177121771218,"S11"
"b","North Atlantic Ocean","PO4","Phosphate","TARA_B100001175","Marine (class)",3.41635916359164,"S11"
"b","North Atlantic Ocean","PO4","Phosphate","TARA_B100001175","Chloroplast (class)",2.78290282902829,"S11"
"b","North Atlantic Ocean","PO4","Phosphate","TARA_B100001175","AEGEAN-169 (genus)",4.56949569495695,"S11"
"b","North Atlantic Ocean","PO4","Phosphate","TARA_B100001175","Prochlorococcus (genus)",3.26875768757688,"S11"
"b","North Atlantic Ocean","PO4","Phosphate","TARA_B100001175","SAR202 (class)",0.962484624846248,"S11"
"b","North Atlantic Ocean","PO4","Phosphate","TARA_B100001175","SAR324 (order)",1.11008610086101,"S11"
"b","North Atlantic Ocean","PO4","Phosphate","TARA_B100001175","NS5 (genus)",4.59409594095941,"S11"
"b","North Atlantic Ocean","PO4","Phosphate","TARA_B100001175","Syndiniales (genus)",3.27183271832718,"S11"
"b","North Atlantic Ocean","PO4","Phosphate","TARA_B100001175","NS9 (family)",1.13468634686347,"S11"
"b","North Atlantic Ocean","PO4","Phosphate","TARA_B100001175","NS4 (genus)",2.5430504305043,"S11"
"b","North Atlantic Ocean","PO4","Phosphate","TARA_B100001175","ZD0417 (genus)",1.89421894218942,"S11"
"b","North Atlantic Ocean","PO4","Phosphate","TARA_B100001175","Rhodospirillaceae (family)",1.73124231242312,"S11"
"b","North Atlantic Ocean","PO4","Phosphate","TARA_B100001175","OM1 (family)",1.46986469864699,"S11"
"b","North Atlantic Ocean","PO4","Phosphate","TARA_B100001175","Gammaproteobacteria (order)",1.43911439114391,"S11"
"b","North Atlantic Ocean","PO4","Phosphate","TARA_B100001175","Marinoscillum (genus)",0.771832718327183,"S11"
"b","North Atlantic Ocean","PO4","Phosphate","TARA_B100001175","Others",30.6734317343173,"S11"
"b","North Atlantic Ocean","PO4","Phosphate","TARA_B100001769","SAR11 (order)",15.7549163009914,"S12"
"b","North Atlantic Ocean","PO4","Phosphate","TARA_B100001769","Marinimicrobia (phylum)",5.42824638387778,"S12"
"b","North Atlantic Ocean","PO4","Phosphate","TARA_B100001769","Marine (family)",5.30797984722899,"S12"
"b","North Atlantic Ocean","PO4","Phosphate","TARA_B100001769","SAR86 (family)",6.35137331383065,"S12"
"b","North Atlantic Ocean","PO4","Phosphate","TARA_B100001769","Marine (class)",1.13440598082236,"S12"
"b","North Atlantic Ocean","PO4","Phosphate","TARA_B100001769","Chloroplast (class)",5.37298878595807,"S12"
"b","North Atlantic Ocean","PO4","Phosphate","TARA_B100001769","AEGEAN-169 (genus)",3.89728587680806,"S12"
"b","North Atlantic Ocean","PO4","Phosphate","TARA_B100001769","Prochlorococcus (genus)",8.03185437997725,"S12"
"b","North Atlantic Ocean","PO4","Phosphate","TARA_B100001769","SAR202 (class)",0.841865756541525,"S12"
"b","North Atlantic Ocean","PO4","Phosphate","TARA_B100001769","SAR324 (order)",1.05964570128393,"S12"
"b","North Atlantic Ocean","PO4","Phosphate","TARA_B100001769","NS5 (genus)",3.22444336096213,"S12"
"b","North Atlantic Ocean","PO4","Phosphate","TARA_B100001769","Syndiniales (genus)",2.45083699008614,"S12"
"b","North Atlantic Ocean","PO4","Phosphate","TARA_B100001769","NS9 (family)",1.55696408256135,"S12"
"b","North Atlantic Ocean","PO4","Phosphate","TARA_B100001769","NS4 (genus)",1.82025028441411,"S12"
"b","North Atlantic Ocean","PO4","Phosphate","TARA_B100001769","ZD0417 (genus)",0.939379164635137,"S12"
"b","North Atlantic Ocean","PO4","Phosphate","TARA_B100001769","Rhodospirillaceae (family)",1.30667966845441,"S12"
"b","North Atlantic Ocean","PO4","Phosphate","TARA_B100001769","OM1 (family)",2.62636112465464,"S12"
"b","North Atlantic Ocean","PO4","Phosphate","TARA_B100001769","Gammaproteobacteria (order)",2.37932715748415,"S12"
"b","North Atlantic Ocean","PO4","Phosphate","TARA_B100001769","Marinoscillum (genus)",0.988135868681944,"S12"
"b","North Atlantic Ocean","PO4","Phosphate","TARA_B100001769","Others",29.527059970746,"S12"
"b","North Atlantic Ocean","PO4","Phosphate","TARA_B100001741","SAR11 (order)",17.7480702539434,"S13"
"b","North Atlantic Ocean","PO4","Phosphate","TARA_B100001741","Marinimicrobia (phylum)",6.49681172390648,"S13"
"b","North Atlantic Ocean","PO4","Phosphate","TARA_B100001741","Marine (family)",8.05738896968341,"S13"
"b","North Atlantic Ocean","PO4","Phosphate","TARA_B100001741","SAR86 (family)",3.73643584293545,"S13"
"b","North Atlantic Ocean","PO4","Phosphate","TARA_B100001741","Marine (class)",3.32811276429131,"S13"
"b","North Atlantic Ocean","PO4","Phosphate","TARA_B100001741","Chloroplast (class)",4.9306410112988,"S13"
"b","North Atlantic Ocean","PO4","Phosphate","TARA_B100001741","AEGEAN-169 (genus)",3.63015997315136,"S13"
"b","North Atlantic Ocean","PO4","Phosphate","TARA_B100001741","Prochlorococcus (genus)",1.98847745832867,"S13"
"b","North Atlantic Ocean","PO4","Phosphate","TARA_B100001741","SAR202 (class)",2.04441212663609,"S13"
"b","North Atlantic Ocean","PO4","Phosphate","TARA_B100001741","SAR324 (order)",1.43192750866987,"S13"
"b","North Atlantic Ocean","PO4","Phosphate","TARA_B100001741","NS5 (genus)",2.39959727038819,"S13"
"b","North Atlantic Ocean","PO4","Phosphate","TARA_B100001741","Syndiniales (genus)",1.4487079091621,"S13"
"b","North Atlantic Ocean","PO4","Phosphate","TARA_B100001741","NS9 (family)",1.81507998657568,"S13"
"b","North Atlantic Ocean","PO4","Phosphate","TARA_B100001741","NS4 (genus)",1.55498377894619,"S13"
"b","North Atlantic Ocean","PO4","Phosphate","TARA_B100001741","ZD0417 (genus)",2.68206734534064,"S13"
"b","North Atlantic Ocean","PO4","Phosphate","TARA_B100001741","Rhodospirillaceae (family)",1.62210538091509,"S13"
"b","North Atlantic Ocean","PO4","Phosphate","TARA_B100001741","OM1 (family)",1.85982772122161,"S13"
"b","North Atlantic Ocean","PO4","Phosphate","TARA_B100001741","Gammaproteobacteria (order)",1.72278778386844,"S13"
"b","North Atlantic Ocean","PO4","Phosphate","TARA_B100001741","Marinoscillum (genus)",1.71160085020696,"S13"
"b","North Atlantic Ocean","PO4","Phosphate","TARA_B100001741","Others",29.7908043405303,"S13"
"b","North Atlantic Ocean","PO4","Phosphate","TARA_B100001778","SAR11 (order)",16.8603280455357,"S14"
"b","North Atlantic Ocean","PO4","Phosphate","TARA_B100001778","Marinimicrobia (phylum)",5.91425010946078,"S14"
"b","North Atlantic Ocean","PO4","Phosphate","TARA_B100001778","Marine (family)",5.94456232528376,"S14"
"b","North Atlantic Ocean","PO4","Phosphate","TARA_B100001778","SAR86 (family)",6.09949142837897,"S14"
"b","North Atlantic Ocean","PO4","Phosphate","TARA_B100001778","Marine (class)",0.744333299653094,"S14"
"b","North Atlantic Ocean","PO4","Phosphate","TARA_B100001778","Chloroplast (class)",4.18308578357078,"S14"
"b","North Atlantic Ocean","PO4","Phosphate","TARA_B100001778","AEGEAN-169 (genus)",3.42528038799636,"S14"
"b","North Atlantic Ocean","PO4","Phosphate","TARA_B100001778","Prochlorococcus (genus)",7.15031491024216,"S14"
"b","North Atlantic Ocean","PO4","Phosphate","TARA_B100001778","SAR202 (class)",0.838637971102354,"S14"
"b","North Atlantic Ocean","PO4","Phosphate","TARA_B100001778","SAR324 (order)",1.05419150584352,"S14"
"b","North Atlantic Ocean","PO4","Phosphate","TARA_B100001778","NS5 (genus)",3.74524266612778,"S14"
"b","North Atlantic Ocean","PO4","Phosphate","TARA_B100001778","Syndiniales (genus)",1.74800444579165,"S14"
"b","North Atlantic Ocean","PO4","Phosphate","TARA_B100001778","NS9 (family)",1.94671786063117,"S14"
"b","North Atlantic Ocean","PO4","Phosphate","TARA_B100001778","NS4 (genus)",2.65063487252029,"S14"
"b","North Atlantic Ocean","PO4","Phosphate","TARA_B100001778","ZD0417 (genus)",0.747701323633424,"S14"
"b","North Atlantic Ocean","PO4","Phosphate","TARA_B100001778","Rhodospirillaceae (family)",1.3808898319356,"S14"
"b","North Atlantic Ocean","PO4","Phosphate","TARA_B100001778","OM1 (family)",3.12889427772726,"S14"
"b","North Atlantic Ocean","PO4","Phosphate","TARA_B100001778","Gammaproteobacteria (order)",2.72473140008757,"S14"
"b","North Atlantic Ocean","PO4","Phosphate","TARA_B100001778","Marinoscillum (genus)",1.18217641709609,"S14"
"b","North Atlantic Ocean","PO4","Phosphate","TARA_B100001778","Others",28.5305311373817,"S14"
"b","North Atlantic Ocean","PO4","Phosphate","TARA_B100002052","SAR11 (order)",16.8760296540362,"S15"
"b","North Atlantic Ocean","PO4","Phosphate","TARA_B100002052","Marinimicrobia (phylum)",9.22570016474465,"S15"
"b","North Atlantic Ocean","PO4","Phosphate","TARA_B100002052","Marine (family)",11.9302580999451,"S15"
"b","North Atlantic Ocean","PO4","Phosphate","TARA_B100002052","SAR86 (family)",3.56260296540362,"S15"
"b","North Atlantic Ocean","PO4","Phosphate","TARA_B100002052","Marine (class)",0.86490939044481,"S15"
"b","North Atlantic Ocean","PO4","Phosphate","TARA_B100002052","Chloroplast (class)",1.51702361339923,"S15"
"b","North Atlantic Ocean","PO4","Phosphate","TARA_B100002052","AEGEAN-169 (genus)",3.610653487095,"S15"
"b","North Atlantic Ocean","PO4","Phosphate","TARA_B100002052","Prochlorococcus (genus)",2.78349807797913,"S15"
"b","North Atlantic Ocean","PO4","Phosphate","TARA_B100002052","SAR202 (class)",2.17600219659528,"S15"
"b","North Atlantic Ocean","PO4","Phosphate","TARA_B100002052","SAR324 (order)",0.634953322350357,"S15"
"b","North Atlantic Ocean","PO4","Phosphate","TARA_B100002052","NS5 (genus)",1.02622185612301,"S15"
"b","North Atlantic Ocean","PO4","Phosphate","TARA_B100002052","Syndiniales (genus)",1.67490389895662,"S15"
"b","North Atlantic Ocean","PO4","Phosphate","TARA_B100002052","NS9 (family)",1.9117243272927,"S15"
"b","North Atlantic Ocean","PO4","Phosphate","TARA_B100002052","NS4 (genus)",2.48146622734761,"S15"
"b","North Atlantic Ocean","PO4","Phosphate","TARA_B100002052","ZD0417 (genus)",2.68053267435475,"S15"
"b","North Atlantic Ocean","PO4","Phosphate","TARA_B100002052","Rhodospirillaceae (family)",1.40376166941241,"S15"
"b","North Atlantic Ocean","PO4","Phosphate","TARA_B100002052","OM1 (family)",1.29736408566722,"S15"
"b","North Atlantic Ocean","PO4","Phosphate","TARA_B100002052","Gammaproteobacteria (order)",1.21499176276771,"S15"
"b","North Atlantic Ocean","PO4","Phosphate","TARA_B100002052","Marinoscillum (genus)",4.42751235584844,"S15"
"b","North Atlantic Ocean","PO4","Phosphate","TARA_B100002052","Others",28.6998901702361,"S15"
"b","North Atlantic Ocean","PO4","Phosphate","TARA_B100001540","SAR11 (order)",15.7097452196647,"S16"
"b","North Atlantic Ocean","PO4","Phosphate","TARA_B100001540","Marinimicrobia (phylum)",8.35084841339006,"S16"
"b","North Atlantic Ocean","PO4","Phosphate","TARA_B100001540","Marine (family)",6.10550058953196,"S16"
"b","North Atlantic Ocean","PO4","Phosphate","TARA_B100001540","SAR86 (family)",3.66791408212437,"S16"
"b","North Atlantic Ocean","PO4","Phosphate","TARA_B100001540","Marine (class)",7.19485312964577,"S16"
"b","North Atlantic Ocean","PO4","Phosphate","TARA_B100001540","Chloroplast (class)",6.13113241400523,"S16"
"b","North Atlantic Ocean","PO4","Phosphate","TARA_B100001540","AEGEAN-169 (genus)",4.55221202645204,"S16"
"b","North Atlantic Ocean","PO4","Phosphate","TARA_B100001540","Prochlorococcus (genus)",1.47639308966012,"S16"
"b","North Atlantic Ocean","PO4","Phosphate","TARA_B100001540","SAR202 (class)",2.67339929256164,"S16"
"b","North Atlantic Ocean","PO4","Phosphate","TARA_B100001540","SAR324 (order)",2.25816373609474,"S16"
"b","North Atlantic Ocean","PO4","Phosphate","TARA_B100001540","NS5 (genus)",1.36617624442508,"S16"
"b","North Atlantic Ocean","PO4","Phosphate","TARA_B100001540","Syndiniales (genus)",1.13036345927103,"S16"
"b","North Atlantic Ocean","PO4","Phosphate","TARA_B100001540","NS9 (family)",1.36361306197775,"S16"
"b","North Atlantic Ocean","PO4","Phosphate","TARA_B100001540","NS4 (genus)",0.984262059773415,"S16"
"b","North Atlantic Ocean","PO4","Phosphate","TARA_B100001540","ZD0417 (genus)",3.26549443789409,"S16"
"b","North Atlantic Ocean","PO4","Phosphate","TARA_B100001540","Rhodospirillaceae (family)",2.01722458604603,"S16"
"b","North Atlantic Ocean","PO4","Phosphate","TARA_B100001540","OM1 (family)",1.56866765776388,"S16"
"b","North Atlantic Ocean","PO4","Phosphate","TARA_B100001540","Gammaproteobacteria (order)",1.06628389808787,"S16"
"b","North Atlantic Ocean","PO4","Phosphate","TARA_B100001540","Marinoscillum (genus)",1.7250217870508,"S16"
"b","North Atlantic Ocean","PO4","Phosphate","TARA_B100001540","Others",27.3927308145794,"S16"
"b","North Atlantic Ocean","PO4","Phosphate","TARA_B100002051","SAR11 (order)",19.5296249077367,"S17"
"b","North Atlantic Ocean","PO4","Phosphate","TARA_B100002051","Marinimicrobia (phylum)",9.65577400523385,"S17"
"b","North Atlantic Ocean","PO4","Phosphate","TARA_B100002051","Marine (family)",9.19613500637455,"S17"
"b","North Atlantic Ocean","PO4","Phosphate","TARA_B100002051","SAR86 (family)",4.0864255519023,"S17"
"b","North Atlantic Ocean","PO4","Phosphate","TARA_B100002051","Marine (class)",0.667650808562035,"S17"
"b","North Atlantic Ocean","PO4","Phosphate","TARA_B100002051","Chloroplast (class)",1.97611219217607,"S17"
"b","North Atlantic Ocean","PO4","Phosphate","TARA_B100002051","AEGEAN-169 (genus)",3.4456149768503,"S17"
"b","North Atlantic Ocean","PO4","Phosphate","TARA_B100002051","Prochlorococcus (genus)",2.90545527746091,"S17"
"b","North Atlantic Ocean","PO4","Phosphate","TARA_B100002051","SAR202 (class)",1.6171240689794,"S17"
"b","North Atlantic Ocean","PO4","Phosphate","TARA_B100002051","SAR324 (order)",0.617325370730725,"S17"
"b","North Atlantic Ocean","PO4","Phosphate","TARA_B100002051","NS5 (genus)",1.03334899013621,"S17"
"b","North Atlantic Ocean","PO4","Phosphate","TARA_B100002051","Syndiniales (genus)",1.17761524525263,"S17"
"b","North Atlantic Ocean","PO4","Phosphate","TARA_B100002051","NS9 (family)",1.13064483661008,"S17"
"b","North Atlantic Ocean","PO4","Phosphate","TARA_B100002051","NS4 (genus)",2.39213581158156,"S17"
"b","North Atlantic Ocean","PO4","Phosphate","TARA_B100002051","ZD0417 (genus)",3.11346708716366,"S17"
"b","North Atlantic Ocean","PO4","Phosphate","TARA_B100002051","Rhodospirillaceae (family)",1.31181641280279,"S17"
"b","North Atlantic Ocean","PO4","Phosphate","TARA_B100002051","OM1 (family)",2.07340803864994,"S17"
"b","North Atlantic Ocean","PO4","Phosphate","TARA_B100002051","Gammaproteobacteria (order)",1.24807085821647,"S17"
"b","North Atlantic Ocean","PO4","Phosphate","TARA_B100002051","Marinoscillum (genus)",4.04952023082601,"S17"
"b","North Atlantic Ocean","PO4","Phosphate","TARA_B100002051","Others",28.7727303227538,"S17"
"b","North Atlantic Ocean","PO4","Phosphate","TARA_B100001564","SAR11 (order)",16.456360001311,"S18"
"b","North Atlantic Ocean","PO4","Phosphate","TARA_B100001564","Marinimicrobia (phylum)",6.62056307561207,"S18"
"b","North Atlantic Ocean","PO4","Phosphate","TARA_B100001564","Marine (family)",9.04264035921471,"S18"
"b","North Atlantic Ocean","PO4","Phosphate","TARA_B100001564","SAR86 (family)",6.01422437809315,"S18"
"b","North Atlantic Ocean","PO4","Phosphate","TARA_B100001564","Marine (class)",0.203205401330668,"S18"
"b","North Atlantic Ocean","PO4","Phosphate","TARA_B100001564","Chloroplast (class)",4.68355675002458,"S18"
"b","North Atlantic Ocean","PO4","Phosphate","TARA_B100001564","AEGEAN-169 (genus)",2.83504309921012,"S18"
"b","North Atlantic Ocean","PO4","Phosphate","TARA_B100001564","Prochlorococcus (genus)",5.72252630198945,"S18"
"b","North Atlantic Ocean","PO4","Phosphate","TARA_B100001564","SAR202 (class)",0.255645504899872,"S18"
"b","North Atlantic Ocean","PO4","Phosphate","TARA_B100001564","SAR324 (order)",0.757103995280391,"S18"
"b","North Atlantic Ocean","PO4","Phosphate","TARA_B100001564","NS5 (genus)",4.92936973550523,"S18"
"b","North Atlantic Ocean","PO4","Phosphate","TARA_B100001564","Syndiniales (genus)",1.29789256333781,"S18"
"b","North Atlantic Ocean","PO4","Phosphate","TARA_B100001564","NS9 (family)",2.03205401330668,"S18"
"b","North Atlantic Ocean","PO4","Phosphate","TARA_B100001564","NS4 (genus)",2.92025826751008,"S18"
"b","North Atlantic Ocean","PO4","Phosphate","TARA_B100001564","ZD0417 (genus)",0.268755530792173,"S18"
"b","North Atlantic Ocean","PO4","Phosphate","TARA_B100001564","Rhodospirillaceae (family)",1.45193536757235,"S18"
"b","North Atlantic Ocean","PO4","Phosphate","TARA_B100001564","OM1 (family)",3.14640621415227,"S18"
"b","North Atlantic Ocean","PO4","Phosphate","TARA_B100001564","Gammaproteobacteria (order)",3.22506636950608,"S18"
"b","North Atlantic Ocean","PO4","Phosphate","TARA_B100001564","Marinoscillum (genus)",1.37983022516469,"S18"
"b","North Atlantic Ocean","PO4","Phosphate","TARA_B100001564","Others",26.7575628461866,"S18"
"b","North Atlantic Ocean","PO4","Phosphate","TARA_B100001939","SAR11 (order)",13.2858449875833,"S19"
"b","North Atlantic Ocean","PO4","Phosphate","TARA_B100001939","Marinimicrobia (phylum)",4.23474055678996,"S19"
"b","North Atlantic Ocean","PO4","Phosphate","TARA_B100001939","Marine (family)",0.927983270160763,"S19"
"b","North Atlantic Ocean","PO4","Phosphate","TARA_B100001939","SAR86 (family)",7.4761469089008,"S19"
"b","North Atlantic Ocean","PO4","Phosphate","TARA_B100001939","Marine (class)",0.137236962488564,"S19"
"b","North Atlantic Ocean","PO4","Phosphate","TARA_B100001939","Chloroplast (class)",0.967193830871781,"S19"
"b","North Atlantic Ocean","PO4","Phosphate","TARA_B100001939","AEGEAN-169 (genus)",4.35890733237485,"S19"
"b","North Atlantic Ocean","PO4","Phosphate","TARA_B100001939","Prochlorococcus (genus)",2.54868644621618,"S19"
"b","North Atlantic Ocean","PO4","Phosphate","TARA_B100001939","SAR202 (class)",0.313684485688145,"S19"
"b","North Atlantic Ocean","PO4","Phosphate","TARA_B100001939","SAR324 (order)",0.568553130309763,"S19"
"b","North Atlantic Ocean","PO4","Phosphate","TARA_B100001939","NS5 (genus)",3.03881845510391,"S19"
"b","North Atlantic Ocean","PO4","Phosphate","TARA_B100001939","Syndiniales (genus)",0.5750882237616,"S19"
"b","North Atlantic Ocean","PO4","Phosphate","TARA_B100001939","NS9 (family)",3.20873088485165,"S19"
"b","North Atlantic Ocean","PO4","Phosphate","TARA_B100001939","NS4 (genus)",4.0975035943014,"S19"
"b","North Atlantic Ocean","PO4","Phosphate","TARA_B100001939","ZD0417 (genus)",0.947588550516272,"S19"
"b","North Atlantic Ocean","PO4","Phosphate","TARA_B100001939","Rhodospirillaceae (family)",1.49000130701869,"S19"
"b","North Atlantic Ocean","PO4","Phosphate","TARA_B100001939","OM1 (family)",0.222193177362436,"S19"
"b","North Atlantic Ocean","PO4","Phosphate","TARA_B100001939","Gammaproteobacteria (order)",1.90824728793622,"S19"
"b","North Atlantic Ocean","PO4","Phosphate","TARA_B100001939","Marinoscillum (genus)",2.49640569860149,"S19"
"b","North Atlantic Ocean","PO4","Phosphate","TARA_B100001939","Others",47.1964449091622,"S19"
"b","North Atlantic Ocean","PO4","Phosphate","TARA_B100001173","SAR11 (order)",12.9073279287872,"S20"
"b","North Atlantic Ocean","PO4","Phosphate","TARA_B100001173","Marinimicrobia (phylum)",6.31855030996662,"S20"
"b","North Atlantic Ocean","PO4","Phosphate","TARA_B100001173","Marine (family)",7.29216340804324,"S20"
"b","North Atlantic Ocean","PO4","Phosphate","TARA_B100001173","SAR86 (family)",7.85248768081386,"S20"
"b","North Atlantic Ocean","PO4","Phosphate","TARA_B100001173","Marine (class)",2.63869019233826,"S20"
"b","North Atlantic Ocean","PO4","Phosphate","TARA_B100001173","Chloroplast (class)",4.22428866634875,"S20"
"b","North Atlantic Ocean","PO4","Phosphate","TARA_B100001173","AEGEAN-169 (genus)",5.09855348911143,"S20"
"b","North Atlantic Ocean","PO4","Phosphate","TARA_B100001173","Prochlorococcus (genus)",4.78858687013193,"S20"
"b","North Atlantic Ocean","PO4","Phosphate","TARA_B100001173","SAR202 (class)",0.790812271498967,"S20"
"b","North Atlantic Ocean","PO4","Phosphate","TARA_B100001173","SAR324 (order)",0.73517723732316,"S20"
"b","North Atlantic Ocean","PO4","Phosphate","TARA_B100001173","NS5 (genus)",5.02304879987283,"S20"
"b","North Atlantic Ocean","PO4","Phosphate","TARA_B100001173","Syndiniales (genus)",1.36703226831982,"S20"
"b","North Atlantic Ocean","PO4","Phosphate","TARA_B100001173","NS9 (family)",1.10872675250358,"S20"
"b","North Atlantic Ocean","PO4","Phosphate","TARA_B100001173","NS4 (genus)",2.85725639802893,"S20"
"b","North Atlantic Ocean","PO4","Phosphate","TARA_B100001173","ZD0417 (genus)",1.37498013034494,"S20"
"b","North Atlantic Ocean","PO4","Phosphate","TARA_B100001173","Rhodospirillaceae (family)",1.53393737084724,"S20"
"b","North Atlantic Ocean","PO4","Phosphate","TARA_B100001173","OM1 (family)",1.75647750755047,"S20"
"b","North Atlantic Ocean","PO4","Phosphate","TARA_B100001173","Gammaproteobacteria (order)",1.59752026704816,"S20"
"b","North Atlantic Ocean","PO4","Phosphate","TARA_B100001173","Marinoscillum (genus)",0.770942616436179,"S20"
"b","North Atlantic Ocean","PO4","Phosphate","TARA_B100001173","Others",29.9634398346845,"S20"
"b","North Atlantic Ocean","PO4","Phosphate","TARA_X000000368","SAR11 (order)",14.2967202289236,"S21"
"b","North Atlantic Ocean","PO4","Phosphate","TARA_X000000368","Marinimicrobia (phylum)",9.61644287915474,"S21"
"b","North Atlantic Ocean","PO4","Phosphate","TARA_X000000368","Marine (family)",5.64604886638785,"S21"
"b","North Atlantic Ocean","PO4","Phosphate","TARA_X000000368","SAR86 (family)",11.0169491525424,"S21"
"b","North Atlantic Ocean","PO4","Phosphate","TARA_X000000368","Marine (class)",1.63713405238829,"S21"
"b","North Atlantic Ocean","PO4","Phosphate","TARA_X000000368","Chloroplast (class)",1.97006383447061,"S21"
"b","North Atlantic Ocean","PO4","Phosphate","TARA_X000000368","AEGEAN-169 (genus)",4.9141536429672,"S21"
"b","North Atlantic Ocean","PO4","Phosphate","TARA_X000000368","Prochlorococcus (genus)",6.4192163768435,"S21"
"b","North Atlantic Ocean","PO4","Phosphate","TARA_X000000368","SAR202 (class)",0.286154523442659,"S21"
"b","North Atlantic Ocean","PO4","Phosphate","TARA_X000000368","SAR324 (order)",0.907990314769976,"S21"
"b","North Atlantic Ocean","PO4","Phosphate","TARA_X000000368","NS5 (genus)",4.10521681708122,"S21"
"b","North Atlantic Ocean","PO4","Phosphate","TARA_X000000368","Syndiniales (genus)",0.332929782082324,"S21"
"b","North Atlantic Ocean","PO4","Phosphate","TARA_X000000368","NS9 (family)",1.74444199867929,"S21"
"b","North Atlantic Ocean","PO4","Phosphate","TARA_X000000368","NS4 (genus)",2.30024213075061,"S21"
"b","North Atlantic Ocean","PO4","Phosphate","TARA_X000000368","ZD0417 (genus)",2.76799471714726,"S21"
"b","North Atlantic Ocean","PO4","Phosphate","TARA_X000000368","Rhodospirillaceae (family)",1.44453004622496,"S21"
"b","North Atlantic Ocean","PO4","Phosphate","TARA_X000000368","OM1 (family)",2.90281752146159,"S21"
"b","North Atlantic Ocean","PO4","Phosphate","TARA_X000000368","Gammaproteobacteria (order)",2.5478758529606,"S21"
"b","North Atlantic Ocean","PO4","Phosphate","TARA_X000000368","Marinoscillum (genus)",1.05657054809597,"S21"
"b","North Atlantic Ocean","PO4","Phosphate","TARA_X000000368","Others",24.0865067136254,"S21"
"b","North Atlantic Ocean","PO4","Phosphate","TARA_B110000008","SAR11 (order)",8.87217213341446,"S22"
"b","North Atlantic Ocean","PO4","Phosphate","TARA_B110000008","Marinimicrobia (phylum)",4.13739697992146,"S22"
"b","North Atlantic Ocean","PO4","Phosphate","TARA_B110000008","Marine (family)",5.83549975109243,"S22"
"b","North Atlantic Ocean","PO4","Phosphate","TARA_B110000008","SAR86 (family)",11.0127772553792,"S22"
"b","North Atlantic Ocean","PO4","Phosphate","TARA_B110000008","Marine (class)",0.591846894186625,"S22"
"b","North Atlantic Ocean","PO4","Phosphate","TARA_B110000008","Chloroplast (class)",11.5990928701809,"S22"
"b","North Atlantic Ocean","PO4","Phosphate","TARA_B110000008","AEGEAN-169 (genus)",2.35632501797666,"S22"
"b","North Atlantic Ocean","PO4","Phosphate","TARA_B110000008","Prochlorococcus (genus)",0.149344543392887,"S22"
"b","North Atlantic Ocean","PO4","Phosphate","TARA_B110000008","SAR202 (class)",0.0885004701587477,"S22"
"b","North Atlantic Ocean","PO4","Phosphate","TARA_B110000008","SAR324 (order)",0.259970131091321,"S22"
"b","North Atlantic Ocean","PO4","Phosphate","TARA_B110000008","NS5 (genus)",2.59417003152829,"S22"
"b","North Atlantic Ocean","PO4","Phosphate","TARA_B110000008","Syndiniales (genus)",1.07306820067482,"S22"
"b","North Atlantic Ocean","PO4","Phosphate","TARA_B110000008","NS9 (family)",2.47801316444494,"S22"
"b","North Atlantic Ocean","PO4","Phosphate","TARA_B110000008","NS4 (genus)",2.05210465180596,"S22"
"b","North Atlantic Ocean","PO4","Phosphate","TARA_B110000008","ZD0417 (genus)",0.453564909563582,"S22"
"b","North Atlantic Ocean","PO4","Phosphate","TARA_B110000008","Rhodospirillaceae (family)",1.51557055146855,"S22"
"b","North Atlantic Ocean","PO4","Phosphate","TARA_B110000008","OM1 (family)",1.46025775761934,"S22"
"b","North Atlantic Ocean","PO4","Phosphate","TARA_B110000008","Gammaproteobacteria (order)",0.431439792023895,"S22"
"b","North Atlantic Ocean","PO4","Phosphate","TARA_B110000008","Marinoscillum (genus)",0.409314674484208,"S22"
"b","North Atlantic Ocean","PO4","Phosphate","TARA_B110000008","Others",42.6295702195918,"S22"
"b","North Atlantic Ocean","PO4","Phosphate","TARA_Y200000002","SAR11 (order)",14.6372871655459,"S23"
"b","North Atlantic Ocean","PO4","Phosphate","TARA_Y200000002","Marinimicrobia (phylum)",2.78532932703773,"S23"
"b","North Atlantic Ocean","PO4","Phosphate","TARA_Y200000002","Marine (family)",2.65178614012496,"S23"
"b","North Atlantic Ocean","PO4","Phosphate","TARA_Y200000002","SAR86 (family)",19.902704249535,"S23"
"b","North Atlantic Ocean","PO4","Phosphate","TARA_Y200000002","Marine (class)",0.0143081985977965,"S23"
"b","North Atlantic Ocean","PO4","Phosphate","TARA_Y200000002","Chloroplast (class)",1.48328325463824,"S23"
"b","North Atlantic Ocean","PO4","Phosphate","TARA_Y200000002","AEGEAN-169 (genus)",5.82820622883579,"S23"
"b","North Atlantic Ocean","PO4","Phosphate","TARA_Y200000002","Prochlorococcus (genus)",10.9839271235751,"S23"
"b","North Atlantic Ocean","PO4","Phosphate","TARA_Y200000002","SAR202 (class)",0.29093337148853,"S23"
"b","North Atlantic Ocean","PO4","Phosphate","TARA_Y200000002","SAR324 (order)",1.07311489483474,"S23"
"b","North Atlantic Ocean","PO4","Phosphate","TARA_Y200000002","NS5 (genus)",2.11761339247389,"S23"
"b","North Atlantic Ocean","PO4","Phosphate","TARA_Y200000002","Syndiniales (genus)",0.600944341107455,"S23"
"b","North Atlantic Ocean","PO4","Phosphate","TARA_Y200000002","NS9 (family)",1.08742309343254,"S23"
"b","North Atlantic Ocean","PO4","Phosphate","TARA_Y200000002","NS4 (genus)",2.50393475461439,"S23"
"b","North Atlantic Ocean","PO4","Phosphate","TARA_Y200000002","ZD0417 (genus)",0.0810797920541804,"S23"
"b","North Atlantic Ocean","PO4","Phosphate","TARA_Y200000002","Rhodospirillaceae (family)",1.59297944388801,"S23"
"b","North Atlantic Ocean","PO4","Phosphate","TARA_Y200000002","OM1 (family)",1.44989745791005,"S23"
"b","North Atlantic Ocean","PO4","Phosphate","TARA_Y200000002","Gammaproteobacteria (order)",3.61043544617733,"S23"
"b","North Atlantic Ocean","PO4","Phosphate","TARA_Y200000002","Marinoscillum (genus)",0.806028521009205,"S23"
"b","North Atlantic Ocean","PO4","Phosphate","TARA_Y200000002","Others",26.4987838031192,"S23"
"b","North Atlantic Ocean","PO4","Phosphate","TARA_B110000003","SAR11 (order)",6.55183934073277,"S24"
"b","North Atlantic Ocean","PO4","Phosphate","TARA_B110000003","Marinimicrobia (phylum)",4.2280708266825,"S24"
"b","North Atlantic Ocean","PO4","Phosphate","TARA_B110000003","Marine (family)",3.8308771669327,"S24"
"b","North Atlantic Ocean","PO4","Phosphate","TARA_B110000003","SAR86 (family)",8.58235272281822,"S24"
"b","North Atlantic Ocean","PO4","Phosphate","TARA_B110000003","Marine (class)",0.512268458368908,"S24"
"b","North Atlantic Ocean","PO4","Phosphate","TARA_B110000003","Chloroplast (class)",21.2517168417536,"S24"
"b","North Atlantic Ocean","PO4","Phosphate","TARA_B110000003","AEGEAN-169 (genus)",1.774379152901,"S24"
"b","North Atlantic Ocean","PO4","Phosphate","TARA_B110000003","Prochlorococcus (genus)",0.159619881955529,"S24"
"b","North Atlantic Ocean","PO4","Phosphate","TARA_B110000003","SAR202 (class)",0.0482571736144623,"S24"
"b","North Atlantic Ocean","PO4","Phosphate","TARA_B110000003","SAR324 (order)",0.196740784735885,"S24"
"b","North Atlantic Ocean","PO4","Phosphate","TARA_B110000003","NS5 (genus)",3.18868554883255,"S24"
"b","North Atlantic Ocean","PO4","Phosphate","TARA_B110000003","Syndiniales (genus)",0.330376034745165,"S24"
"b","North Atlantic Ocean","PO4","Phosphate","TARA_B110000003","NS9 (family)",4.92594379895319,"S24"
"b","North Atlantic Ocean","PO4","Phosphate","TARA_B110000003","NS4 (genus)",2.94739968076024,"S24"
"b","North Atlantic Ocean","PO4","Phosphate","TARA_B110000003","ZD0417 (genus)",0.404617840305876,"S24"
"b","North Atlantic Ocean","PO4","Phosphate","TARA_B110000003","Rhodospirillaceae (family)",0.79438731949961,"S24"
"b","North Atlantic Ocean","PO4","Phosphate","TARA_B110000003","OM1 (family)",1.30665577786852,"S24"
"b","North Atlantic Ocean","PO4","Phosphate","TARA_B110000003","Gammaproteobacteria (order)",0.337800215301236,"S24"
"b","North Atlantic Ocean","PO4","Phosphate","TARA_B110000003","Marinoscillum (genus)",0.452875013920339,"S24"
"b","North Atlantic Ocean","PO4","Phosphate","TARA_B110000003","Others",38.1751364193177,"S24"
"b","North Atlantic Ocean","NO3","Nitrate","TARA_B100001146","SAR11 (order)",12.2387865373348,"S1"
"b","North Atlantic Ocean","NO3","Nitrate","TARA_B100001146","Marinimicrobia (phylum)",10.295553674891,"S1"
"b","North Atlantic Ocean","NO3","Nitrate","TARA_B100001146","Marine (family)",5.39027407069852,"S1"
"b","North Atlantic Ocean","NO3","Nitrate","TARA_B100001146","SAR86 (family)",1.93021287676584,"S1"
"b","North Atlantic Ocean","NO3","Nitrate","TARA_B100001146","Marine (class)",10.4843434672222,"S1"
"b","North Atlantic Ocean","NO3","Nitrate","TARA_B100001146","Chloroplast (class)",0.0585899355510709,"S1"
"b","North Atlantic Ocean","NO3","Nitrate","TARA_B100001146","AEGEAN-169 (genus)",3.65861597552243,"S1"
"b","North Atlantic Ocean","NO3","Nitrate","TARA_B100001146","Prochlorococcus (genus)",0.120434867521646,"S1"
"b","North Atlantic Ocean","NO3","Nitrate","TARA_B100001146","SAR202 (class)",6.46442288913482,"S1"
"b","North Atlantic Ocean","NO3","Nitrate","TARA_B100001146","SAR324 (order)",1.41592344248421,"S1"
"b","North Atlantic Ocean","NO3","Nitrate","TARA_B100001146","NS5 (genus)",1.02206887572424,"S1"
"b","North Atlantic Ocean","NO3","Nitrate","TARA_B100001146","Syndiniales (genus)",2.5584271857301,"S1"
"b","North Atlantic Ocean","NO3","Nitrate","TARA_B100001146","NS9 (family)",1.0741488184363,"S1"
"b","North Atlantic Ocean","NO3","Nitrate","TARA_B100001146","NS4 (genus)",0.0292949677755354,"S1"
"b","North Atlantic Ocean","NO3","Nitrate","TARA_B100001146","ZD0417 (genus)",0.93418397239763,"S1"
"b","North Atlantic Ocean","NO3","Nitrate","TARA_B100001146","Rhodospirillaceae (family)",1.34431352125513,"S1"
"b","North Atlantic Ocean","NO3","Nitrate","TARA_B100001146","OM1 (family)",0.100904889004622,"S1"
"b","North Atlantic Ocean","NO3","Nitrate","TARA_B100001146","Gammaproteobacteria (order)",0.133454853199661,"S1"
"b","North Atlantic Ocean","NO3","Nitrate","TARA_B100001146","Marinoscillum (genus)",0.891869018944079,"S1"
"b","North Atlantic Ocean","NO3","Nitrate","TARA_B100001146","Others",39.8541761604062,"S1"
"b","North Atlantic Ocean","NO3","Nitrate","TARA_B100001559","SAR11 (order)",12.3015873015873,"S2"
"b","North Atlantic Ocean","NO3","Nitrate","TARA_B100001559","Marinimicrobia (phylum)",8.71813371813372,"S2"
"b","North Atlantic Ocean","NO3","Nitrate","TARA_B100001559","Marine (family)",7.91847041847042,"S2"
"b","North Atlantic Ocean","NO3","Nitrate","TARA_B100001559","SAR86 (family)",4.3500481000481,"S2"
"b","North Atlantic Ocean","NO3","Nitrate","TARA_B100001559","Marine (class)",5.01743626743627,"S2"
"b","North Atlantic Ocean","NO3","Nitrate","TARA_B100001559","Chloroplast (class)",2.10137085137085,"S2"
"b","North Atlantic Ocean","NO3","Nitrate","TARA_B100001559","AEGEAN-169 (genus)",3.41510341510342,"S2"
"b","North Atlantic Ocean","NO3","Nitrate","TARA_B100001559","Prochlorococcus (genus)",1.97210197210197,"S2"
"b","North Atlantic Ocean","NO3","Nitrate","TARA_B100001559","SAR202 (class)",2.3989898989899,"S2"
"b","North Atlantic Ocean","NO3","Nitrate","TARA_B100001559","SAR324 (order)",2.40800865800866,"S2"
"b","North Atlantic Ocean","NO3","Nitrate","TARA_B100001559","NS5 (genus)",3.21368446368446,"S2"
"b","North Atlantic Ocean","NO3","Nitrate","TARA_B100001559","Syndiniales (genus)",4.19973544973545,"S2"
"b","North Atlantic Ocean","NO3","Nitrate","TARA_B100001559","NS9 (family)",1.57227032227032,"S2"
"b","North Atlantic Ocean","NO3","Nitrate","TARA_B100001559","NS4 (genus)",1.12133237133237,"S2"
"b","North Atlantic Ocean","NO3","Nitrate","TARA_B100001559","ZD0417 (genus)",1.71657046657047,"S2"
"b","North Atlantic Ocean","NO3","Nitrate","TARA_B100001559","Rhodospirillaceae (family)",2.06830206830207,"S2"
"b","North Atlantic Ocean","NO3","Nitrate","TARA_B100001559","OM1 (family)",1.77669552669553,"S2"
"b","North Atlantic Ocean","NO3","Nitrate","TARA_B100001559","Gammaproteobacteria (order)",1.47005772005772,"S2"
"b","North Atlantic Ocean","NO3","Nitrate","TARA_B100001559","Marinoscillum (genus)",1.08826358826359,"S2"
"b","North Atlantic Ocean","NO3","Nitrate","TARA_B100001559","Others",31.1718374218374,"S2"
"b","North Atlantic Ocean","NO3","Nitrate","TARA_B100001750","SAR11 (order)",10.6259837752755,"S3"
"b","North Atlantic Ocean","NO3","Nitrate","TARA_B100001750","Marinimicrobia (phylum)",11.5316624288655,"S3"
"b","North Atlantic Ocean","NO3","Nitrate","TARA_B100001750","Marine (family)",10.9407918634217,"S3"
"b","North Atlantic Ocean","NO3","Nitrate","TARA_B100001750","SAR86 (family)",3.05121685434072,"S3"
"b","North Atlantic Ocean","NO3","Nitrate","TARA_B100001750","Marine (class)",10.5606005569682,"S3"
"b","North Atlantic Ocean","NO3","Nitrate","TARA_B100001750","Chloroplast (class)",0.0581184162731566,"S3"
"b","North Atlantic Ocean","NO3","Nitrate","TARA_B100001750","AEGEAN-169 (genus)",2.89381281026759,"S3"
"b","North Atlantic Ocean","NO3","Nitrate","TARA_B100001750","Prochlorococcus (genus)",0.317229688824313,"S3"
"b","North Atlantic Ocean","NO3","Nitrate","TARA_B100001750","SAR202 (class)",6.85312991887638,"S3"
"b","North Atlantic Ocean","NO3","Nitrate","TARA_B100001750","SAR324 (order)",5.37353190458893,"S3"
"b","North Atlantic Ocean","NO3","Nitrate","TARA_B100001750","NS5 (genus)",0.426201719336481,"S3"
"b","North Atlantic Ocean","NO3","Nitrate","TARA_B100001750","Syndiniales (genus)",3.35391693909674,"S3"
"b","North Atlantic Ocean","NO3","Nitrate","TARA_B100001750","NS9 (family)",0.787020220365662,"S3"
"b","North Atlantic Ocean","NO3","Nitrate","TARA_B100001750","NS4 (genus)",0.0823344230536385,"S3"
"b","North Atlantic Ocean","NO3","Nitrate","TARA_B100001750","ZD0417 (genus)",2.06804697905315,"S3"
"b","North Atlantic Ocean","NO3","Nitrate","TARA_B100001750","Rhodospirillaceae (family)",1.03886669088267,"S3"
"b","North Atlantic Ocean","NO3","Nitrate","TARA_B100001750","OM1 (family)",0.474633732897445,"S3"
"b","North Atlantic Ocean","NO3","Nitrate","TARA_B100001750","Gammaproteobacteria (order)",0.33418089357065,"S3"
"b","North Atlantic Ocean","NO3","Nitrate","TARA_B100001750","Marinoscillum (genus)",0.513379343746216,"S3"
"b","North Atlantic Ocean","NO3","Nitrate","TARA_B100001750","Others",28.7153408402954,"S3"
"b","North Atlantic Ocean","NO3","Nitrate","TARA_B110000014","SAR11 (order)",15.1202749140893,"S4"
"b","North Atlantic Ocean","NO3","Nitrate","TARA_B110000014","Marinimicrobia (phylum)",9.54299482561125,"S4"
"b","North Atlantic Ocean","NO3","Nitrate","TARA_B110000014","Marine (family)",5.37188450448315,"S4"
"b","North Atlantic Ocean","NO3","Nitrate","TARA_B110000014","SAR86 (family)",4.00916380297824,"S4"
"b","North Atlantic Ocean","NO3","Nitrate","TARA_B110000014","Marine (class)",14.0695975036537,"S4"
"b","North Atlantic Ocean","NO3","Nitrate","TARA_B110000014","Chloroplast (class)",0.276494055377809,"S4"
"b","North Atlantic Ocean","NO3","Nitrate","TARA_B110000014","AEGEAN-169 (genus)",4.23430896235731,"S4"
"b","North Atlantic Ocean","NO3","Nitrate","TARA_B110000014","Prochlorococcus (genus)",0.193545838764467,"S4"
"b","North Atlantic Ocean","NO3","Nitrate","TARA_B110000014","SAR202 (class)",3.34162815499467,"S4"
"b","North Atlantic Ocean","NO3","Nitrate","TARA_B110000014","SAR324 (order)",3.02168503377177,"S4"
"b","North Atlantic Ocean","NO3","Nitrate","TARA_B110000014","NS5 (genus)",0.766283524904214,"S4"
"b","North Atlantic Ocean","NO3","Nitrate","TARA_B110000014","Syndiniales (genus)",0.896630722439468,"S4"
"b","North Atlantic Ocean","NO3","Nitrate","TARA_B110000014","NS9 (family)",1.50096772919382,"S4"
"b","North Atlantic Ocean","NO3","Nitrate","TARA_B110000014","NS4 (genus)",0.217245329225422,"S4"
"b","North Atlantic Ocean","NO3","Nitrate","TARA_B110000014","ZD0417 (genus)",1.97495753841292,"S4"
"b","North Atlantic Ocean","NO3","Nitrate","TARA_B110000014","Rhodospirillaceae (family)",1.82881068057037,"S4"
"b","North Atlantic Ocean","NO3","Nitrate","TARA_B110000014","OM1 (family)",0.3515424418375,"S4"
"b","North Atlantic Ocean","NO3","Nitrate","TARA_B110000014","Gammaproteobacteria (order)",0.568787771062922,"S4"
"b","North Atlantic Ocean","NO3","Nitrate","TARA_B110000014","Marinoscillum (genus)",1.57996603073034,"S4"
"b","North Atlantic Ocean","NO3","Nitrate","TARA_B110000014","Others",31.1332306355413,"S4"
"b","North Atlantic Ocean","NO3","Nitrate","TARA_B100001765","SAR11 (order)",16.9741697416974,"S5"
"b","North Atlantic Ocean","NO3","Nitrate","TARA_B100001765","Marinimicrobia (phylum)",9.89880353348988,"S5"
"b","North Atlantic Ocean","NO3","Nitrate","TARA_B100001765","Marine (family)",4.55384099295538,"S5"
"b","North Atlantic Ocean","NO3","Nitrate","TARA_B100001765","SAR86 (family)",1.95963323269596,"S5"
"b","North Atlantic Ocean","NO3","Nitrate","TARA_B100001765","Marine (class)",11.3272950911327,"S5"
"b","North Atlantic Ocean","NO3","Nitrate","TARA_B100001765","Chloroplast (class)",0.0251593425025159,"S5"
"b","North Atlantic Ocean","NO3","Nitrate","TARA_B100001765","AEGEAN-169 (genus)",4.12613217041261,"S5"
"b","North Atlantic Ocean","NO3","Nitrate","TARA_B100001765","Prochlorococcus (genus)",0.164933467516493,"S5"
"b","North Atlantic Ocean","NO3","Nitrate","TARA_B100001765","SAR202 (class)",5.70837526557084,"S5"
"b","North Atlantic Ocean","NO3","Nitrate","TARA_B100001765","SAR324 (order)",6.84334116068433,"S5"
"b","North Atlantic Ocean","NO3","Nitrate","TARA_B100001765","NS5 (genus)",0.273957285027396,"S5"
"b","North Atlantic Ocean","NO3","Nitrate","TARA_B100001765","Syndiniales (genus)",1.56267471765627,"S5"
"b","North Atlantic Ocean","NO3","Nitrate","TARA_B100001765","NS9 (family)",0.505982332550598,"S5"
"b","North Atlantic Ocean","NO3","Nitrate","TARA_B100001765","NS4 (genus)",0.0223638600022364,"S5"
"b","North Atlantic Ocean","NO3","Nitrate","TARA_B100001765","ZD0417 (genus)",0.746393827574639,"S5"
"b","North Atlantic Ocean","NO3","Nitrate","TARA_B100001765","Rhodospirillaceae (family)",1.4760147601476,"S5"
"b","North Atlantic Ocean","NO3","Nitrate","TARA_B100001765","OM1 (family)",0.0363412725036341,"S5"
"b","North Atlantic Ocean","NO3","Nitrate","TARA_B100001765","Gammaproteobacteria (order)",0.164933467516493,"S5"
"b","North Atlantic Ocean","NO3","Nitrate","TARA_B100001765","Marinoscillum (genus)",0.525550710052555,"S5"
"b","North Atlantic Ocean","NO3","Nitrate","TARA_B100001765","Others",33.1041037683104,"S5"
"b","North Atlantic Ocean","NO3","Nitrate","TARA_B100001179","SAR11 (order)",17.265413992391,"S6"
"b","North Atlantic Ocean","NO3","Nitrate","TARA_B100001179","Marinimicrobia (phylum)",10.5886794644672,"S6"
"b","North Atlantic Ocean","NO3","Nitrate","TARA_B100001179","Marine (family)",4.66993872157523,"S6"
"b","North Atlantic Ocean","NO3","Nitrate","TARA_B100001179","SAR86 (family)",2.2739813550954,"S6"
"b","North Atlantic Ocean","NO3","Nitrate","TARA_B100001179","Marine (class)",10.211134667325,"S6"
"b","North Atlantic Ocean","NO3","Nitrate","TARA_B100001179","Chloroplast (class)",0.0261377167252345,"S6"
"b","North Atlantic Ocean","NO3","Nitrate","TARA_B100001179","AEGEAN-169 (genus)",4.28658554293846,"S6"
"b","North Atlantic Ocean","NO3","Nitrate","TARA_B100001179","Prochlorococcus (genus)",0.110359248395435,"S6"
"b","North Atlantic Ocean","NO3","Nitrate","TARA_B100001179","SAR202 (class)",5.77353120552958,"S6"
"b","North Atlantic Ocean","NO3","Nitrate","TARA_B100001179","SAR324 (order)",6.87421949873668,"S6"
"b","North Atlantic Ocean","NO3","Nitrate","TARA_B100001179","NS5 (genus)",0.357215461911538,"S6"
"b","North Atlantic Ocean","NO3","Nitrate","TARA_B100001179","Syndiniales (genus)",1.61182586472279,"S6"
"b","North Atlantic Ocean","NO3","Nitrate","TARA_B100001179","NS9 (family)",0.821885981471263,"S6"
"b","North Atlantic Ocean","NO3","Nitrate","TARA_B100001179","NS4 (genus)",0.0348502889669794,"S6"
"b","North Atlantic Ocean","NO3","Nitrate","TARA_B100001179","ZD0417 (genus)",0.778323120262539,"S6"
"b","North Atlantic Ocean","NO3","Nitrate","TARA_B100001179","Rhodospirillaceae (family)",1.50146661632736,"S6"
"b","North Atlantic Ocean","NO3","Nitrate","TARA_B100001179","OM1 (family)",0.0464670519559725,"S6"
"b","North Atlantic Ocean","NO3","Nitrate","TARA_B100001179","Gammaproteobacteria (order)",0.226526878285366,"S6"
"b","North Atlantic Ocean","NO3","Nitrate","TARA_B100001179","Marinoscillum (genus)",0.418203467603752,"S6"
"b","North Atlantic Ocean","NO3","Nitrate","TARA_B100001179","Others",32.1232538553132,"S6"
"b","North Atlantic Ocean","NO3","Nitrate","TARA_B100001167","SAR11 (order)",14.6305197275148,"S7"
"b","North Atlantic Ocean","NO3","Nitrate","TARA_B100001167","Marinimicrobia (phylum)",10.7334278502023,"S7"
"b","North Atlantic Ocean","NO3","Nitrate","TARA_B100001167","Marine (family)",5.71596528234033,"S7"
"b","North Atlantic Ocean","NO3","Nitrate","TARA_B100001167","SAR86 (family)",1.79812579964729,"S7"
"b","North Atlantic Ocean","NO3","Nitrate","TARA_B100001167","Marine (class)",9.38829143469691,"S7"
"b","North Atlantic Ocean","NO3","Nitrate","TARA_B100001167","Chloroplast (class)",0.0311214080708185,"S7"
"b","North Atlantic Ocean","NO3","Nitrate","TARA_B100001167","AEGEAN-169 (genus)",3.98699816729486,"S7"
"b","North Atlantic Ocean","NO3","Nitrate","TARA_B100001167","Prochlorococcus (genus)",0.121027698053183,"S7"
"b","North Atlantic Ocean","NO3","Nitrate","TARA_B100001167","SAR202 (class)",6.83979390711989,"S7"
"b","North Atlantic Ocean","NO3","Nitrate","TARA_B100001167","SAR324 (order)",8.04315501919153,"S7"
"b","North Atlantic Ocean","NO3","Nitrate","TARA_B100001167","NS5 (genus)",0.345793423009094,"S7"
"b","North Atlantic Ocean","NO3","Nitrate","TARA_B100001167","Syndiniales (genus)",2.14737715688648,"S7"
"b","North Atlantic Ocean","NO3","Nitrate","TARA_B100001167","NS9 (family)",0.452989384141914,"S7"
"b","North Atlantic Ocean","NO3","Nitrate","TARA_B100001167","NS4 (genus)",0.0138317369203638,"S7"
"b","North Atlantic Ocean","NO3","Nitrate","TARA_B100001167","ZD0417 (genus)",0.764203464850098,"S7"
"b","North Atlantic Ocean","NO3","Nitrate","TARA_B100001167","Rhodospirillaceae (family)",1.54223866662056,"S7"
"b","North Atlantic Ocean","NO3","Nitrate","TARA_B100001167","OM1 (family)",0.0311214080708185,"S7"
"b","North Atlantic Ocean","NO3","Nitrate","TARA_B100001167","Gammaproteobacteria (order)",0.186728448424911,"S7"
"b","North Atlantic Ocean","NO3","Nitrate","TARA_B100001167","Marinoscillum (genus)",0.418410041841004,"S7"
"b","North Atlantic Ocean","NO3","Nitrate","TARA_B100001167","Others",32.8088799751029,"S7"
"b","North Atlantic Ocean","NO3","Nitrate","TARA_B100001142","SAR11 (order)",10.5715308435748,"S8"
"b","North Atlantic Ocean","NO3","Nitrate","TARA_B100001142","Marinimicrobia (phylum)",6.3039414548781,"S8"
"b","North Atlantic Ocean","NO3","Nitrate","TARA_B100001142","Marine (family)",8.33631627093028,"S8"
"b","North Atlantic Ocean","NO3","Nitrate","TARA_B100001142","SAR86 (family)",5.30962892256294,"S8"
"b","North Atlantic Ocean","NO3","Nitrate","TARA_B100001142","Marine (class)",3.21759535457185,"S8"
"b","North Atlantic Ocean","NO3","Nitrate","TARA_B100001142","Chloroplast (class)",9.11983454639462,"S8"
"b","North Atlantic Ocean","NO3","Nitrate","TARA_B100001142","AEGEAN-169 (genus)",3.02668734836734,"S8"
"b","North Atlantic Ocean","NO3","Nitrate","TARA_B100001142","Prochlorococcus (genus)",0.429543013960148,"S8"
"b","North Atlantic Ocean","NO3","Nitrate","TARA_B100001142","SAR202 (class)",2.76021158970688,"S8"
"b","North Atlantic Ocean","NO3","Nitrate","TARA_B100001142","SAR324 (order)",0.847154277532514,"S8"
"b","North Atlantic Ocean","NO3","Nitrate","TARA_B100001142","NS5 (genus)",1.00624428270294,"S8"
"b","North Atlantic Ocean","NO3","Nitrate","TARA_B100001142","Syndiniales (genus)",4.26758938869665,"S8"
"b","North Atlantic Ocean","NO3","Nitrate","TARA_B100001142","NS9 (family)",2.22328282225669,"S8"
"b","North Atlantic Ocean","NO3","Nitrate","TARA_B100001142","NS4 (genus)",1.09772103567593,"S8"
"b","North Atlantic Ocean","NO3","Nitrate","TARA_B100001142","ZD0417 (genus)",3.22554985483037,"S8"
"b","North Atlantic Ocean","NO3","Nitrate","TARA_B100001142","Rhodospirillaceae (family)",2.11987431889592,"S8"
"b","North Atlantic Ocean","NO3","Nitrate","TARA_B100001142","OM1 (family)",0.735791273913216,"S8"
"b","North Atlantic Ocean","NO3","Nitrate","TARA_B100001142","Gammaproteobacteria (order)",0.827268026886211,"S8"
"b","North Atlantic Ocean","NO3","Nitrate","TARA_B100001142","Marinoscillum (genus)",0.898858529212902,"S8"
"b","North Atlantic Ocean","NO3","Nitrate","TARA_B100001142","Others",33.6753768444497,"S8"
"b","North Atlantic Ocean","NO3","Nitrate","TARA_B100002049","SAR11 (order)",12.1272238576731,"S9"
"b","North Atlantic Ocean","NO3","Nitrate","TARA_B100002049","Marinimicrobia (phylum)",8.74184052220658,"S9"
"b","North Atlantic Ocean","NO3","Nitrate","TARA_B100002049","Marine (family)",4.68769998720082,"S9"
"b","North Atlantic Ocean","NO3","Nitrate","TARA_B100002049","SAR86 (family)",1.64149494432356,"S9"
"b","North Atlantic Ocean","NO3","Nitrate","TARA_B100002049","Marine (class)",10.6777166261359,"S9"
"b","North Atlantic Ocean","NO3","Nitrate","TARA_B100002049","Chloroplast (class)",0.00639959042621272,"S9"
"b","North Atlantic Ocean","NO3","Nitrate","TARA_B100002049","AEGEAN-169 (genus)",4.41251759887367,"S9"
"b","North Atlantic Ocean","NO3","Nitrate","TARA_B100002049","Prochlorococcus (genus)",0.127991808524254,"S9"
"b","North Atlantic Ocean","NO3","Nitrate","TARA_B100002049","SAR202 (class)",2.29745296301037,"S9"
"b","North Atlantic Ocean","NO3","Nitrate","TARA_B100002049","SAR324 (order)",5.96121848201715,"S9"
"b","North Atlantic Ocean","NO3","Nitrate","TARA_B100002049","NS5 (genus)",0.45757071547421,"S9"
"b","North Atlantic Ocean","NO3","Nitrate","TARA_B100002049","Syndiniales (genus)",1.53270190707795,"S9"
"b","North Atlantic Ocean","NO3","Nitrate","TARA_B100002049","NS9 (family)",0.428772558556252,"S9"
"b","North Atlantic Ocean","NO3","Nitrate","TARA_B100002049","NS4 (genus)",0.00639959042621272,"S9"
"b","North Atlantic Ocean","NO3","Nitrate","TARA_B100002049","ZD0417 (genus)",1.09752975809548,"S9"
"b","North Atlantic Ocean","NO3","Nitrate","TARA_B100002049","Rhodospirillaceae (family)",0.963138359145015,"S9"
"b","North Atlantic Ocean","NO3","Nitrate","TARA_B100002049","OM1 (family)",0.0383975425572763,"S9"
"b","North Atlantic Ocean","NO3","Nitrate","TARA_B100002049","Gammaproteobacteria (order)",0.243184436196083,"S9"
"b","North Atlantic Ocean","NO3","Nitrate","TARA_B100002049","Marinoscillum (genus)",0.636759247408166,"S9"
"b","North Atlantic Ocean","NO3","Nitrate","TARA_B100002049","Others",43.9139895046717,"S9"
"b","North Atlantic Ocean","NO3","Nitrate","TARA_B100001758","SAR11 (order)",13.8092286889402,"S10"
"b","North Atlantic Ocean","NO3","Nitrate","TARA_B100001758","Marinimicrobia (phylum)",6.83418784156854,"S10"
"b","North Atlantic Ocean","NO3","Nitrate","TARA_B100001758","Marine (family)",7.29336864048679,"S10"
"b","North Atlantic Ocean","NO3","Nitrate","TARA_B100001758","SAR86 (family)",3.9382500422559,"S10"
"b","North Atlantic Ocean","NO3","Nitrate","TARA_B100001758","Marine (class)",3.53822750577497,"S10"
"b","North Atlantic Ocean","NO3","Nitrate","TARA_B100001758","Chloroplast (class)",8.02298721054707,"S10"
"b","North Atlantic Ocean","NO3","Nitrate","TARA_B100001758","AEGEAN-169 (genus)",3.37765507915939,"S10"
"b","North Atlantic Ocean","NO3","Nitrate","TARA_B100001758","Prochlorococcus (genus)",1.59163896557553,"S10"
"b","North Atlantic Ocean","NO3","Nitrate","TARA_B100001758","SAR202 (class)",1.20288466955885,"S10"
"b","North Atlantic Ocean","NO3","Nitrate","TARA_B100001758","SAR324 (order)",1.23105527071948,"S10"
"b","North Atlantic Ocean","NO3","Nitrate","TARA_B100001758","NS5 (genus)",1.9043326384585,"S10"
"b","North Atlantic Ocean","NO3","Nitrate","TARA_B100001758","Syndiniales (genus)",2.80297481548256,"S10"
"b","North Atlantic Ocean","NO3","Nitrate","TARA_B100001758","NS9 (family)",2.27055045354668,"S10"
"b","North Atlantic Ocean","NO3","Nitrate","TARA_B100001758","NS4 (genus)",1.84517437602118,"S10"
"b","North Atlantic Ocean","NO3","Nitrate","TARA_B100001758","ZD0417 (genus)",2.83959659699138,"S10"
"b","North Atlantic Ocean","NO3","Nitrate","TARA_B100001758","Rhodospirillaceae (family)",1.47895656093301,"S10"
"b","North Atlantic Ocean","NO3","Nitrate","TARA_B100001758","OM1 (family)",2.51000056341202,"S10"
"b","North Atlantic Ocean","NO3","Nitrate","TARA_B100001758","Gammaproteobacteria (order)",1.55783424418277,"S10"
"b","North Atlantic Ocean","NO3","Nitrate","TARA_B100001758","Marinoscillum (genus)",1.25077469153192,"S10"
"b","North Atlantic Ocean","NO3","Nitrate","TARA_B100001758","Others",30.7003211448532,"S10"
"b","North Atlantic Ocean","NO3","Nitrate","TARA_B100001175","SAR11 (order)",12.3923739237392,"S11"
"b","North Atlantic Ocean","NO3","Nitrate","TARA_B100001175","Marinimicrobia (phylum)",6.53751537515375,"S11"
"b","North Atlantic Ocean","NO3","Nitrate","TARA_B100001175","Marine (family)",8.31488314883149,"S11"
"b","North Atlantic Ocean","NO3","Nitrate","TARA_B100001175","SAR86 (family)",7.12177121771218,"S11"
"b","North Atlantic Ocean","NO3","Nitrate","TARA_B100001175","Marine (class)",3.41635916359164,"S11"
"b","North Atlantic Ocean","NO3","Nitrate","TARA_B100001175","Chloroplast (class)",2.78290282902829,"S11"
"b","North Atlantic Ocean","NO3","Nitrate","TARA_B100001175","AEGEAN-169 (genus)",4.56949569495695,"S11"
"b","North Atlantic Ocean","NO3","Nitrate","TARA_B100001175","Prochlorococcus (genus)",3.26875768757688,"S11"
"b","North Atlantic Ocean","NO3","Nitrate","TARA_B100001175","SAR202 (class)",0.962484624846248,"S11"
"b","North Atlantic Ocean","NO3","Nitrate","TARA_B100001175","SAR324 (order)",1.11008610086101,"S11"
"b","North Atlantic Ocean","NO3","Nitrate","TARA_B100001175","NS5 (genus)",4.59409594095941,"S11"
"b","North Atlantic Ocean","NO3","Nitrate","TARA_B100001175","Syndiniales (genus)",3.27183271832718,"S11"
"b","North Atlantic Ocean","NO3","Nitrate","TARA_B100001175","NS9 (family)",1.13468634686347,"S11"
"b","North Atlantic Ocean","NO3","Nitrate","TARA_B100001175","NS4 (genus)",2.5430504305043,"S11"
"b","North Atlantic Ocean","NO3","Nitrate","TARA_B100001175","ZD0417 (genus)",1.89421894218942,"S11"
"b","North Atlantic Ocean","NO3","Nitrate","TARA_B100001175","Rhodospirillaceae (family)",1.73124231242312,"S11"
"b","North Atlantic Ocean","NO3","Nitrate","TARA_B100001175","OM1 (family)",1.46986469864699,"S11"
"b","North Atlantic Ocean","NO3","Nitrate","TARA_B100001175","Gammaproteobacteria (order)",1.43911439114391,"S11"
"b","North Atlantic Ocean","NO3","Nitrate","TARA_B100001175","Marinoscillum (genus)",0.771832718327183,"S11"
"b","North Atlantic Ocean","NO3","Nitrate","TARA_B100001175","Others",30.6734317343173,"S11"
"b","North Atlantic Ocean","NO3","Nitrate","TARA_B100001769","SAR11 (order)",15.7549163009914,"S12"
"b","North Atlantic Ocean","NO3","Nitrate","TARA_B100001769","Marinimicrobia (phylum)",5.42824638387778,"S12"
"b","North Atlantic Ocean","NO3","Nitrate","TARA_B100001769","Marine (family)",5.30797984722899,"S12"
"b","North Atlantic Ocean","NO3","Nitrate","TARA_B100001769","SAR86 (family)",6.35137331383065,"S12"
"b","North Atlantic Ocean","NO3","Nitrate","TARA_B100001769","Marine (class)",1.13440598082236,"S12"
"b","North Atlantic Ocean","NO3","Nitrate","TARA_B100001769","Chloroplast (class)",5.37298878595807,"S12"
"b","North Atlantic Ocean","NO3","Nitrate","TARA_B100001769","AEGEAN-169 (genus)",3.89728587680806,"S12"
"b","North Atlantic Ocean","NO3","Nitrate","TARA_B100001769","Prochlorococcus (genus)",8.03185437997725,"S12"
"b","North Atlantic Ocean","NO3","Nitrate","TARA_B100001769","SAR202 (class)",0.841865756541525,"S12"
"b","North Atlantic Ocean","NO3","Nitrate","TARA_B100001769","SAR324 (order)",1.05964570128393,"S12"
"b","North Atlantic Ocean","NO3","Nitrate","TARA_B100001769","NS5 (genus)",3.22444336096213,"S12"
"b","North Atlantic Ocean","NO3","Nitrate","TARA_B100001769","Syndiniales (genus)",2.45083699008614,"S12"
"b","North Atlantic Ocean","NO3","Nitrate","TARA_B100001769","NS9 (family)",1.55696408256135,"S12"
"b","North Atlantic Ocean","NO3","Nitrate","TARA_B100001769","NS4 (genus)",1.82025028441411,"S12"
"b","North Atlantic Ocean","NO3","Nitrate","TARA_B100001769","ZD0417 (genus)",0.939379164635137,"S12"
"b","North Atlantic Ocean","NO3","Nitrate","TARA_B100001769","Rhodospirillaceae (family)",1.30667966845441,"S12"
"b","North Atlantic Ocean","NO3","Nitrate","TARA_B100001769","OM1 (family)",2.62636112465464,"S12"
"b","North Atlantic Ocean","NO3","Nitrate","TARA_B100001769","Gammaproteobacteria (order)",2.37932715748415,"S12"
"b","North Atlantic Ocean","NO3","Nitrate","TARA_B100001769","Marinoscillum (genus)",0.988135868681944,"S12"
"b","North Atlantic Ocean","NO3","Nitrate","TARA_B100001769","Others",29.527059970746,"S12"
"b","North Atlantic Ocean","NO3","Nitrate","TARA_B100001741","SAR11 (order)",17.7480702539434,"S13"
"b","North Atlantic Ocean","NO3","Nitrate","TARA_B100001741","Marinimicrobia (phylum)",6.49681172390648,"S13"
"b","North Atlantic Ocean","NO3","Nitrate","TARA_B100001741","Marine (family)",8.05738896968341,"S13"
"b","North Atlantic Ocean","NO3","Nitrate","TARA_B100001741","SAR86 (family)",3.73643584293545,"S13"
"b","North Atlantic Ocean","NO3","Nitrate","TARA_B100001741","Marine (class)",3.32811276429131,"S13"
"b","North Atlantic Ocean","NO3","Nitrate","TARA_B100001741","Chloroplast (class)",4.9306410112988,"S13"
"b","North Atlantic Ocean","NO3","Nitrate","TARA_B100001741","AEGEAN-169 (genus)",3.63015997315136,"S13"
"b","North Atlantic Ocean","NO3","Nitrate","TARA_B100001741","Prochlorococcus (genus)",1.98847745832867,"S13"
"b","North Atlantic Ocean","NO3","Nitrate","TARA_B100001741","SAR202 (class)",2.04441212663609,"S13"
"b","North Atlantic Ocean","NO3","Nitrate","TARA_B100001741","SAR324 (order)",1.43192750866987,"S13"
"b","North Atlantic Ocean","NO3","Nitrate","TARA_B100001741","NS5 (genus)",2.39959727038819,"S13"
"b","North Atlantic Ocean","NO3","Nitrate","TARA_B100001741","Syndiniales (genus)",1.4487079091621,"S13"
"b","North Atlantic Ocean","NO3","Nitrate","TARA_B100001741","NS9 (family)",1.81507998657568,"S13"
"b","North Atlantic Ocean","NO3","Nitrate","TARA_B100001741","NS4 (genus)",1.55498377894619,"S13"
"b","North Atlantic Ocean","NO3","Nitrate","TARA_B100001741","ZD0417 (genus)",2.68206734534064,"S13"
"b","North Atlantic Ocean","NO3","Nitrate","TARA_B100001741","Rhodospirillaceae (family)",1.62210538091509,"S13"
"b","North Atlantic Ocean","NO3","Nitrate","TARA_B100001741","OM1 (family)",1.85982772122161,"S13"
"b","North Atlantic Ocean","NO3","Nitrate","TARA_B100001741","Gammaproteobacteria (order)",1.72278778386844,"S13"
"b","North Atlantic Ocean","NO3","Nitrate","TARA_B100001741","Marinoscillum (genus)",1.71160085020696,"S13"
"b","North Atlantic Ocean","NO3","Nitrate","TARA_B100001741","Others",29.7908043405303,"S13"
"b","North Atlantic Ocean","NO3","Nitrate","TARA_B100001778","SAR11 (order)",16.8603280455357,"S14"
"b","North Atlantic Ocean","NO3","Nitrate","TARA_B100001778","Marinimicrobia (phylum)",5.91425010946078,"S14"
"b","North Atlantic Ocean","NO3","Nitrate","TARA_B100001778","Marine (family)",5.94456232528376,"S14"
"b","North Atlantic Ocean","NO3","Nitrate","TARA_B100001778","SAR86 (family)",6.09949142837897,"S14"
"b","North Atlantic Ocean","NO3","Nitrate","TARA_B100001778","Marine (class)",0.744333299653094,"S14"
"b","North Atlantic Ocean","NO3","Nitrate","TARA_B100001778","Chloroplast (class)",4.18308578357078,"S14"
"b","North Atlantic Ocean","NO3","Nitrate","TARA_B100001778","AEGEAN-169 (genus)",3.42528038799636,"S14"
"b","North Atlantic Ocean","NO3","Nitrate","TARA_B100001778","Prochlorococcus (genus)",7.15031491024216,"S14"
"b","North Atlantic Ocean","NO3","Nitrate","TARA_B100001778","SAR202 (class)",0.838637971102354,"S14"
"b","North Atlantic Ocean","NO3","Nitrate","TARA_B100001778","SAR324 (order)",1.05419150584352,"S14"
"b","North Atlantic Ocean","NO3","Nitrate","TARA_B100001778","NS5 (genus)",3.74524266612778,"S14"
"b","North Atlantic Ocean","NO3","Nitrate","TARA_B100001778","Syndiniales (genus)",1.74800444579165,"S14"
"b","North Atlantic Ocean","NO3","Nitrate","TARA_B100001778","NS9 (family)",1.94671786063117,"S14"
"b","North Atlantic Ocean","NO3","Nitrate","TARA_B100001778","NS4 (genus)",2.65063487252029,"S14"
"b","North Atlantic Ocean","NO3","Nitrate","TARA_B100001778","ZD0417 (genus)",0.747701323633424,"S14"
"b","North Atlantic Ocean","NO3","Nitrate","TARA_B100001778","Rhodospirillaceae (family)",1.3808898319356,"S14"
"b","North Atlantic Ocean","NO3","Nitrate","TARA_B100001778","OM1 (family)",3.12889427772726,"S14"
"b","North Atlantic Ocean","NO3","Nitrate","TARA_B100001778","Gammaproteobacteria (order)",2.72473140008757,"S14"
"b","North Atlantic Ocean","NO3","Nitrate","TARA_B100001778","Marinoscillum (genus)",1.18217641709609,"S14"
"b","North Atlantic Ocean","NO3","Nitrate","TARA_B100001778","Others",28.5305311373817,"S14"
"b","North Atlantic Ocean","NO3","Nitrate","TARA_B100002052","SAR11 (order)",16.8760296540362,"S15"
"b","North Atlantic Ocean","NO3","Nitrate","TARA_B100002052","Marinimicrobia (phylum)",9.22570016474465,"S15"
"b","North Atlantic Ocean","NO3","Nitrate","TARA_B100002052","Marine (family)",11.9302580999451,"S15"
"b","North Atlantic Ocean","NO3","Nitrate","TARA_B100002052","SAR86 (family)",3.56260296540362,"S15"
"b","North Atlantic Ocean","NO3","Nitrate","TARA_B100002052","Marine (class)",0.86490939044481,"S15"
"b","North Atlantic Ocean","NO3","Nitrate","TARA_B100002052","Chloroplast (class)",1.51702361339923,"S15"
"b","North Atlantic Ocean","NO3","Nitrate","TARA_B100002052","AEGEAN-169 (genus)",3.610653487095,"S15"
"b","North Atlantic Ocean","NO3","Nitrate","TARA_B100002052","Prochlorococcus (genus)",2.78349807797913,"S15"
"b","North Atlantic Ocean","NO3","Nitrate","TARA_B100002052","SAR202 (class)",2.17600219659528,"S15"
"b","North Atlantic Ocean","NO3","Nitrate","TARA_B100002052","SAR324 (order)",0.634953322350357,"S15"
"b","North Atlantic Ocean","NO3","Nitrate","TARA_B100002052","NS5 (genus)",1.02622185612301,"S15"
"b","North Atlantic Ocean","NO3","Nitrate","TARA_B100002052","Syndiniales (genus)",1.67490389895662,"S15"
"b","North Atlantic Ocean","NO3","Nitrate","TARA_B100002052","NS9 (family)",1.9117243272927,"S15"
"b","North Atlantic Ocean","NO3","Nitrate","TARA_B100002052","NS4 (genus)",2.48146622734761,"S15"
"b","North Atlantic Ocean","NO3","Nitrate","TARA_B100002052","ZD0417 (genus)",2.68053267435475,"S15"
"b","North Atlantic Ocean","NO3","Nitrate","TARA_B100002052","Rhodospirillaceae (family)",1.40376166941241,"S15"
"b","North Atlantic Ocean","NO3","Nitrate","TARA_B100002052","OM1 (family)",1.29736408566722,"S15"
"b","North Atlantic Ocean","NO3","Nitrate","TARA_B100002052","Gammaproteobacteria (order)",1.21499176276771,"S15"
"b","North Atlantic Ocean","NO3","Nitrate","TARA_B100002052","Marinoscillum (genus)",4.42751235584844,"S15"
"b","North Atlantic Ocean","NO3","Nitrate","TARA_B100002052","Others",28.6998901702361,"S15"
"b","North Atlantic Ocean","NO3","Nitrate","TARA_B100001540","SAR11 (order)",15.7097452196647,"S16"
"b","North Atlantic Ocean","NO3","Nitrate","TARA_B100001540","Marinimicrobia (phylum)",8.35084841339006,"S16"
"b","North Atlantic Ocean","NO3","Nitrate","TARA_B100001540","Marine (family)",6.10550058953196,"S16"
"b","North Atlantic Ocean","NO3","Nitrate","TARA_B100001540","SAR86 (family)",3.66791408212437,"S16"
"b","North Atlantic Ocean","NO3","Nitrate","TARA_B100001540","Marine (class)",7.19485312964577,"S16"
"b","North Atlantic Ocean","NO3","Nitrate","TARA_B100001540","Chloroplast (class)",6.13113241400523,"S16"
"b","North Atlantic Ocean","NO3","Nitrate","TARA_B100001540","AEGEAN-169 (genus)",4.55221202645204,"S16"
"b","North Atlantic Ocean","NO3","Nitrate","TARA_B100001540","Prochlorococcus (genus)",1.47639308966012,"S16"
"b","North Atlantic Ocean","NO3","Nitrate","TARA_B100001540","SAR202 (class)",2.67339929256164,"S16"
"b","North Atlantic Ocean","NO3","Nitrate","TARA_B100001540","SAR324 (order)",2.25816373609474,"S16"
"b","North Atlantic Ocean","NO3","Nitrate","TARA_B100001540","NS5 (genus)",1.36617624442508,"S16"
"b","North Atlantic Ocean","NO3","Nitrate","TARA_B100001540","Syndiniales (genus)",1.13036345927103,"S16"
"b","North Atlantic Ocean","NO3","Nitrate","TARA_B100001540","NS9 (family)",1.36361306197775,"S16"
"b","North Atlantic Ocean","NO3","Nitrate","TARA_B100001540","NS4 (genus)",0.984262059773415,"S16"
"b","North Atlantic Ocean","NO3","Nitrate","TARA_B100001540","ZD0417 (genus)",3.26549443789409,"S16"
"b","North Atlantic Ocean","NO3","Nitrate","TARA_B100001540","Rhodospirillaceae (family)",2.01722458604603,"S16"
"b","North Atlantic Ocean","NO3","Nitrate","TARA_B100001540","OM1 (family)",1.56866765776388,"S16"
"b","North Atlantic Ocean","NO3","Nitrate","TARA_B100001540","Gammaproteobacteria (order)",1.06628389808787,"S16"
"b","North Atlantic Ocean","NO3","Nitrate","TARA_B100001540","Marinoscillum (genus)",1.7250217870508,"S16"
"b","North Atlantic Ocean","NO3","Nitrate","TARA_B100001540","Others",27.3927308145794,"S16"
"b","North Atlantic Ocean","NO3","Nitrate","TARA_B100002051","SAR11 (order)",19.5296249077367,"S17"
"b","North Atlantic Ocean","NO3","Nitrate","TARA_B100002051","Marinimicrobia (phylum)",9.65577400523385,"S17"
"b","North Atlantic Ocean","NO3","Nitrate","TARA_B100002051","Marine (family)",9.19613500637455,"S17"
"b","North Atlantic Ocean","NO3","Nitrate","TARA_B100002051","SAR86 (family)",4.0864255519023,"S17"
"b","North Atlantic Ocean","NO3","Nitrate","TARA_B100002051","Marine (class)",0.667650808562035,"S17"
"b","North Atlantic Ocean","NO3","Nitrate","TARA_B100002051","Chloroplast (class)",1.97611219217607,"S17"
"b","North Atlantic Ocean","NO3","Nitrate","TARA_B100002051","AEGEAN-169 (genus)",3.4456149768503,"S17"
"b","North Atlantic Ocean","NO3","Nitrate","TARA_B100002051","Prochlorococcus (genus)",2.90545527746091,"S17"
"b","North Atlantic Ocean","NO3","Nitrate","TARA_B100002051","SAR202 (class)",1.6171240689794,"S17"
"b","North Atlantic Ocean","NO3","Nitrate","TARA_B100002051","SAR324 (order)",0.617325370730725,"S17"
"b","North Atlantic Ocean","NO3","Nitrate","TARA_B100002051","NS5 (genus)",1.03334899013621,"S17"
"b","North Atlantic Ocean","NO3","Nitrate","TARA_B100002051","Syndiniales (genus)",1.17761524525263,"S17"
"b","North Atlantic Ocean","NO3","Nitrate","TARA_B100002051","NS9 (family)",1.13064483661008,"S17"
"b","North Atlantic Ocean","NO3","Nitrate","TARA_B100002051","NS4 (genus)",2.39213581158156,"S17"
"b","North Atlantic Ocean","NO3","Nitrate","TARA_B100002051","ZD0417 (genus)",3.11346708716366,"S17"
"b","North Atlantic Ocean","NO3","Nitrate","TARA_B100002051","Rhodospirillaceae (family)",1.31181641280279,"S17"
"b","North Atlantic Ocean","NO3","Nitrate","TARA_B100002051","OM1 (family)",2.07340803864994,"S17"
"b","North Atlantic Ocean","NO3","Nitrate","TARA_B100002051","Gammaproteobacteria (order)",1.24807085821647,"S17"
"b","North Atlantic Ocean","NO3","Nitrate","TARA_B100002051","Marinoscillum (genus)",4.04952023082601,"S17"
"b","North Atlantic Ocean","NO3","Nitrate","TARA_B100002051","Others",28.7727303227538,"S17"
"b","North Atlantic Ocean","NO3","Nitrate","TARA_B100001564","SAR11 (order)",16.456360001311,"S18"
"b","North Atlantic Ocean","NO3","Nitrate","TARA_B100001564","Marinimicrobia (phylum)",6.62056307561207,"S18"
"b","North Atlantic Ocean","NO3","Nitrate","TARA_B100001564","Marine (family)",9.04264035921471,"S18"
"b","North Atlantic Ocean","NO3","Nitrate","TARA_B100001564","SAR86 (family)",6.01422437809315,"S18"
"b","North Atlantic Ocean","NO3","Nitrate","TARA_B100001564","Marine (class)",0.203205401330668,"S18"
"b","North Atlantic Ocean","NO3","Nitrate","TARA_B100001564","Chloroplast (class)",4.68355675002458,"S18"
"b","North Atlantic Ocean","NO3","Nitrate","TARA_B100001564","AEGEAN-169 (genus)",2.83504309921012,"S18"
"b","North Atlantic Ocean","NO3","Nitrate","TARA_B100001564","Prochlorococcus (genus)",5.72252630198945,"S18"
"b","North Atlantic Ocean","NO3","Nitrate","TARA_B100001564","SAR202 (class)",0.255645504899872,"S18"
"b","North Atlantic Ocean","NO3","Nitrate","TARA_B100001564","SAR324 (order)",0.757103995280391,"S18"
"b","North Atlantic Ocean","NO3","Nitrate","TARA_B100001564","NS5 (genus)",4.92936973550523,"S18"
"b","North Atlantic Ocean","NO3","Nitrate","TARA_B100001564","Syndiniales (genus)",1.29789256333781,"S18"
"b","North Atlantic Ocean","NO3","Nitrate","TARA_B100001564","NS9 (family)",2.03205401330668,"S18"
"b","North Atlantic Ocean","NO3","Nitrate","TARA_B100001564","NS4 (genus)",2.92025826751008,"S18"
"b","North Atlantic Ocean","NO3","Nitrate","TARA_B100001564","ZD0417 (genus)",0.268755530792173,"S18"
"b","North Atlantic Ocean","NO3","Nitrate","TARA_B100001564","Rhodospirillaceae (family)",1.45193536757235,"S18"
"b","North Atlantic Ocean","NO3","Nitrate","TARA_B100001564","OM1 (family)",3.14640621415227,"S18"
"b","North Atlantic Ocean","NO3","Nitrate","TARA_B100001564","Gammaproteobacteria (order)",3.22506636950608,"S18"
"b","North Atlantic Ocean","NO3","Nitrate","TARA_B100001564","Marinoscillum (genus)",1.37983022516469,"S18"
"b","North Atlantic Ocean","NO3","Nitrate","TARA_B100001564","Others",26.7575628461866,"S18"
"b","North Atlantic Ocean","NO3","Nitrate","TARA_B100001939","SAR11 (order)",13.2858449875833,"S19"
"b","North Atlantic Ocean","NO3","Nitrate","TARA_B100001939","Marinimicrobia (phylum)",4.23474055678996,"S19"
"b","North Atlantic Ocean","NO3","Nitrate","TARA_B100001939","Marine (family)",0.927983270160763,"S19"
"b","North Atlantic Ocean","NO3","Nitrate","TARA_B100001939","SAR86 (family)",7.4761469089008,"S19"
"b","North Atlantic Ocean","NO3","Nitrate","TARA_B100001939","Marine (class)",0.137236962488564,"S19"
"b","North Atlantic Ocean","NO3","Nitrate","TARA_B100001939","Chloroplast (class)",0.967193830871781,"S19"
"b","North Atlantic Ocean","NO3","Nitrate","TARA_B100001939","AEGEAN-169 (genus)",4.35890733237485,"S19"
"b","North Atlantic Ocean","NO3","Nitrate","TARA_B100001939","Prochlorococcus (genus)",2.54868644621618,"S19"
"b","North Atlantic Ocean","NO3","Nitrate","TARA_B100001939","SAR202 (class)",0.313684485688145,"S19"
"b","North Atlantic Ocean","NO3","Nitrate","TARA_B100001939","SAR324 (order)",0.568553130309763,"S19"
"b","North Atlantic Ocean","NO3","Nitrate","TARA_B100001939","NS5 (genus)",3.03881845510391,"S19"
"b","North Atlantic Ocean","NO3","Nitrate","TARA_B100001939","Syndiniales (genus)",0.5750882237616,"S19"
"b","North Atlantic Ocean","NO3","Nitrate","TARA_B100001939","NS9 (family)",3.20873088485165,"S19"
"b","North Atlantic Ocean","NO3","Nitrate","TARA_B100001939","NS4 (genus)",4.0975035943014,"S19"
"b","North Atlantic Ocean","NO3","Nitrate","TARA_B100001939","ZD0417 (genus)",0.947588550516272,"S19"
"b","North Atlantic Ocean","NO3","Nitrate","TARA_B100001939","Rhodospirillaceae (family)",1.49000130701869,"S19"
"b","North Atlantic Ocean","NO3","Nitrate","TARA_B100001939","OM1 (family)",0.222193177362436,"S19"
"b","North Atlantic Ocean","NO3","Nitrate","TARA_B100001939","Gammaproteobacteria (order)",1.90824728793622,"S19"
"b","North Atlantic Ocean","NO3","Nitrate","TARA_B100001939","Marinoscillum (genus)",2.49640569860149,"S19"
"b","North Atlantic Ocean","NO3","Nitrate","TARA_B100001939","Others",47.1964449091622,"S19"
"b","North Atlantic Ocean","NO3","Nitrate","TARA_B100001173","SAR11 (order)",12.9073279287872,"S20"
"b","North Atlantic Ocean","NO3","Nitrate","TARA_B100001173","Marinimicrobia (phylum)",6.31855030996662,"S20"
"b","North Atlantic Ocean","NO3","Nitrate","TARA_B100001173","Marine (family)",7.29216340804324,"S20"
"b","North Atlantic Ocean","NO3","Nitrate","TARA_B100001173","SAR86 (family)",7.85248768081386,"S20"
"b","North Atlantic Ocean","NO3","Nitrate","TARA_B100001173","Marine (class)",2.63869019233826,"S20"
"b","North Atlantic Ocean","NO3","Nitrate","TARA_B100001173","Chloroplast (class)",4.22428866634875,"S20"
"b","North Atlantic Ocean","NO3","Nitrate","TARA_B100001173","AEGEAN-169 (genus)",5.09855348911143,"S20"
"b","North Atlantic Ocean","NO3","Nitrate","TARA_B100001173","Prochlorococcus (genus)",4.78858687013193,"S20"
"b","North Atlantic Ocean","NO3","Nitrate","TARA_B100001173","SAR202 (class)",0.790812271498967,"S20"
"b","North Atlantic Ocean","NO3","Nitrate","TARA_B100001173","SAR324 (order)",0.73517723732316,"S20"
"b","North Atlantic Ocean","NO3","Nitrate","TARA_B100001173","NS5 (genus)",5.02304879987283,"S20"
"b","North Atlantic Ocean","NO3","Nitrate","TARA_B100001173","Syndiniales (genus)",1.36703226831982,"S20"
"b","North Atlantic Ocean","NO3","Nitrate","TARA_B100001173","NS9 (family)",1.10872675250358,"S20"
"b","North Atlantic Ocean","NO3","Nitrate","TARA_B100001173","NS4 (genus)",2.85725639802893,"S20"
"b","North Atlantic Ocean","NO3","Nitrate","TARA_B100001173","ZD0417 (genus)",1.37498013034494,"S20"
"b","North Atlantic Ocean","NO3","Nitrate","TARA_B100001173","Rhodospirillaceae (family)",1.53393737084724,"S20"
"b","North Atlantic Ocean","NO3","Nitrate","TARA_B100001173","OM1 (family)",1.75647750755047,"S20"
"b","North Atlantic Ocean","NO3","Nitrate","TARA_B100001173","Gammaproteobacteria (order)",1.59752026704816,"S20"
"b","North Atlantic Ocean","NO3","Nitrate","TARA_B100001173","Marinoscillum (genus)",0.770942616436179,"S20"
"b","North Atlantic Ocean","NO3","Nitrate","TARA_B100001173","Others",29.9634398346845,"S20"
"b","North Atlantic Ocean","NO3","Nitrate","TARA_X000000368","SAR11 (order)",14.2967202289236,"S21"
"b","North Atlantic Ocean","NO3","Nitrate","TARA_X000000368","Marinimicrobia (phylum)",9.61644287915474,"S21"
"b","North Atlantic Ocean","NO3","Nitrate","TARA_X000000368","Marine (family)",5.64604886638785,"S21"
"b","North Atlantic Ocean","NO3","Nitrate","TARA_X000000368","SAR86 (family)",11.0169491525424,"S21"
"b","North Atlantic Ocean","NO3","Nitrate","TARA_X000000368","Marine (class)",1.63713405238829,"S21"
"b","North Atlantic Ocean","NO3","Nitrate","TARA_X000000368","Chloroplast (class)",1.97006383447061,"S21"
"b","North Atlantic Ocean","NO3","Nitrate","TARA_X000000368","AEGEAN-169 (genus)",4.9141536429672,"S21"
"b","North Atlantic Ocean","NO3","Nitrate","TARA_X000000368","Prochlorococcus (genus)",6.4192163768435,"S21"
"b","North Atlantic Ocean","NO3","Nitrate","TARA_X000000368","SAR202 (class)",0.286154523442659,"S21"
"b","North Atlantic Ocean","NO3","Nitrate","TARA_X000000368","SAR324 (order)",0.907990314769976,"S21"
"b","North Atlantic Ocean","NO3","Nitrate","TARA_X000000368","NS5 (genus)",4.10521681708122,"S21"
"b","North Atlantic Ocean","NO3","Nitrate","TARA_X000000368","Syndiniales (genus)",0.332929782082324,"S21"
"b","North Atlantic Ocean","NO3","Nitrate","TARA_X000000368","NS9 (family)",1.74444199867929,"S21"
"b","North Atlantic Ocean","NO3","Nitrate","TARA_X000000368","NS4 (genus)",2.30024213075061,"S21"
"b","North Atlantic Ocean","NO3","Nitrate","TARA_X000000368","ZD0417 (genus)",2.76799471714726,"S21"
"b","North Atlantic Ocean","NO3","Nitrate","TARA_X000000368","Rhodospirillaceae (family)",1.44453004622496,"S21"
"b","North Atlantic Ocean","NO3","Nitrate","TARA_X000000368","OM1 (family)",2.90281752146159,"S21"
"b","North Atlantic Ocean","NO3","Nitrate","TARA_X000000368","Gammaproteobacteria (order)",2.5478758529606,"S21"
"b","North Atlantic Ocean","NO3","Nitrate","TARA_X000000368","Marinoscillum (genus)",1.05657054809597,"S21"
"b","North Atlantic Ocean","NO3","Nitrate","TARA_X000000368","Others",24.0865067136254,"S21"
"b","North Atlantic Ocean","NO3","Nitrate","TARA_B110000008","SAR11 (order)",8.87217213341446,"S22"
"b","North Atlantic Ocean","NO3","Nitrate","TARA_B110000008","Marinimicrobia (phylum)",4.13739697992146,"S22"
"b","North Atlantic Ocean","NO3","Nitrate","TARA_B110000008","Marine (family)",5.83549975109243,"S22"
"b","North Atlantic Ocean","NO3","Nitrate","TARA_B110000008","SAR86 (family)",11.0127772553792,"S22"
"b","North Atlantic Ocean","NO3","Nitrate","TARA_B110000008","Marine (class)",0.591846894186625,"S22"
"b","North Atlantic Ocean","NO3","Nitrate","TARA_B110000008","Chloroplast (class)",11.5990928701809,"S22"
"b","North Atlantic Ocean","NO3","Nitrate","TARA_B110000008","AEGEAN-169 (genus)",2.35632501797666,"S22"
"b","North Atlantic Ocean","NO3","Nitrate","TARA_B110000008","Prochlorococcus (genus)",0.149344543392887,"S22"
"b","North Atlantic Ocean","NO3","Nitrate","TARA_B110000008","SAR202 (class)",0.0885004701587477,"S22"
"b","North Atlantic Ocean","NO3","Nitrate","TARA_B110000008","SAR324 (order)",0.259970131091321,"S22"
"b","North Atlantic Ocean","NO3","Nitrate","TARA_B110000008","NS5 (genus)",2.59417003152829,"S22"
"b","North Atlantic Ocean","NO3","Nitrate","TARA_B110000008","Syndiniales (genus)",1.07306820067482,"S22"
"b","North Atlantic Ocean","NO3","Nitrate","TARA_B110000008","NS9 (family)",2.47801316444494,"S22"
"b","North Atlantic Ocean","NO3","Nitrate","TARA_B110000008","NS4 (genus)",2.05210465180596,"S22"
"b","North Atlantic Ocean","NO3","Nitrate","TARA_B110000008","ZD0417 (genus)",0.453564909563582,"S22"
"b","North Atlantic Ocean","NO3","Nitrate","TARA_B110000008","Rhodospirillaceae (family)",1.51557055146855,"S22"
"b","North Atlantic Ocean","NO3","Nitrate","TARA_B110000008","OM1 (family)",1.46025775761934,"S22"
"b","North Atlantic Ocean","NO3","Nitrate","TARA_B110000008","Gammaproteobacteria (order)",0.431439792023895,"S22"
"b","North Atlantic Ocean","NO3","Nitrate","TARA_B110000008","Marinoscillum (genus)",0.409314674484208,"S22"
"b","North Atlantic Ocean","NO3","Nitrate","TARA_B110000008","Others",42.6295702195918,"S22"
"b","North Atlantic Ocean","NO3","Nitrate","TARA_Y200000002","SAR11 (order)",14.6372871655459,"S23"
"b","North Atlantic Ocean","NO3","Nitrate","TARA_Y200000002","Marinimicrobia (phylum)",2.78532932703773,"S23"
"b","North Atlantic Ocean","NO3","Nitrate","TARA_Y200000002","Marine (family)",2.65178614012496,"S23"
"b","North Atlantic Ocean","NO3","Nitrate","TARA_Y200000002","SAR86 (family)",19.902704249535,"S23"
"b","North Atlantic Ocean","NO3","Nitrate","TARA_Y200000002","Marine (class)",0.0143081985977965,"S23"
"b","North Atlantic Ocean","NO3","Nitrate","TARA_Y200000002","Chloroplast (class)",1.48328325463824,"S23"
"b","North Atlantic Ocean","NO3","Nitrate","TARA_Y200000002","AEGEAN-169 (genus)",5.82820622883579,"S23"
"b","North Atlantic Ocean","NO3","Nitrate","TARA_Y200000002","Prochlorococcus (genus)",10.9839271235751,"S23"
"b","North Atlantic Ocean","NO3","Nitrate","TARA_Y200000002","SAR202 (class)",0.29093337148853,"S23"
"b","North Atlantic Ocean","NO3","Nitrate","TARA_Y200000002","SAR324 (order)",1.07311489483474,"S23"
"b","North Atlantic Ocean","NO3","Nitrate","TARA_Y200000002","NS5 (genus)",2.11761339247389,"S23"
"b","North Atlantic Ocean","NO3","Nitrate","TARA_Y200000002","Syndiniales (genus)",0.600944341107455,"S23"
"b","North Atlantic Ocean","NO3","Nitrate","TARA_Y200000002","NS9 (family)",1.08742309343254,"S23"
"b","North Atlantic Ocean","NO3","Nitrate","TARA_Y200000002","NS4 (genus)",2.50393475461439,"S23"
"b","North Atlantic Ocean","NO3","Nitrate","TARA_Y200000002","ZD0417 (genus)",0.0810797920541804,"S23"
"b","North Atlantic Ocean","NO3","Nitrate","TARA_Y200000002","Rhodospirillaceae (family)",1.59297944388801,"S23"
"b","North Atlantic Ocean","NO3","Nitrate","TARA_Y200000002","OM1 (family)",1.44989745791005,"S23"
"b","North Atlantic Ocean","NO3","Nitrate","TARA_Y200000002","Gammaproteobacteria (order)",3.61043544617733,"S23"
"b","North Atlantic Ocean","NO3","Nitrate","TARA_Y200000002","Marinoscillum (genus)",0.806028521009205,"S23"
"b","North Atlantic Ocean","NO3","Nitrate","TARA_Y200000002","Others",26.4987838031192,"S23"
"b","North Atlantic Ocean","NO3","Nitrate","TARA_B110000003","SAR11 (order)",6.55183934073277,"S24"
"b","North Atlantic Ocean","NO3","Nitrate","TARA_B110000003","Marinimicrobia (phylum)",4.2280708266825,"S24"
"b","North Atlantic Ocean","NO3","Nitrate","TARA_B110000003","Marine (family)",3.8308771669327,"S24"
"b","North Atlantic Ocean","NO3","Nitrate","TARA_B110000003","SAR86 (family)",8.58235272281822,"S24"
"b","North Atlantic Ocean","NO3","Nitrate","TARA_B110000003","Marine (class)",0.512268458368908,"S24"
"b","North Atlantic Ocean","NO3","Nitrate","TARA_B110000003","Chloroplast (class)",21.2517168417536,"S24"
"b","North Atlantic Ocean","NO3","Nitrate","TARA_B110000003","AEGEAN-169 (genus)",1.774379152901,"S24"
"b","North Atlantic Ocean","NO3","Nitrate","TARA_B110000003","Prochlorococcus (genus)",0.159619881955529,"S24"
"b","North Atlantic Ocean","NO3","Nitrate","TARA_B110000003","SAR202 (class)",0.0482571736144623,"S24"
"b","North Atlantic Ocean","NO3","Nitrate","TARA_B110000003","SAR324 (order)",0.196740784735885,"S24"
"b","North Atlantic Ocean","NO3","Nitrate","TARA_B110000003","NS5 (genus)",3.18868554883255,"S24"
"b","North Atlantic Ocean","NO3","Nitrate","TARA_B110000003","Syndiniales (genus)",0.330376034745165,"S24"
"b","North Atlantic Ocean","NO3","Nitrate","TARA_B110000003","NS9 (family)",4.92594379895319,"S24"
"b","North Atlantic Ocean","NO3","Nitrate","TARA_B110000003","NS4 (genus)",2.94739968076024,"S24"
"b","North Atlantic Ocean","NO3","Nitrate","TARA_B110000003","ZD0417 (genus)",0.404617840305876,"S24"
"b","North Atlantic Ocean","NO3","Nitrate","TARA_B110000003","Rhodospirillaceae (family)",0.79438731949961,"S24"
"b","North Atlantic Ocean","NO3","Nitrate","TARA_B110000003","OM1 (family)",1.30665577786852,"S24"
"b","North Atlantic Ocean","NO3","Nitrate","TARA_B110000003","Gammaproteobacteria (order)",0.337800215301236,"S24"
"b","North Atlantic Ocean","NO3","Nitrate","TARA_B110000003","Marinoscillum (genus)",0.452875013920339,"S24"
"b","North Atlantic Ocean","NO3","Nitrate","TARA_B110000003","Others",38.1751364193177,"S24"
