"k","signal_mode","beta","method","weighted_power","n_nonmissing","total_weight"
2,"abundance",0.05,"AHC_euclidean",0.0447981628866009,200,87471.747346755
2,"abundance",0.05,"ILR_euclidean_pc0.01",0.0549327209622003,200,87471.747346755
2,"abundance",0.05,"ILR_euclidean_pc0.1",0.0450672790377998,200,87471.747346755
2,"abundance",0.05,"ILR_euclidean_pc0.5",0.05,200,87471.747346755
2,"abundance",0.05,"ILR_euclidean_pc1",0.05,200,87471.747346755
2,"abundance",0.05,"aitchison",0.05,200,87471.747346755
2,"abundance",0.05,"aitchison_pc0.01",0.0547981628866009,200,87471.747346755
2,"abundance",0.05,"aitchison_pc0.1",0.0498654419244006,200,87471.747346755
2,"abundance",0.05,"aitchison_pc1",0.05,200,87471.747346755
2,"abundance",0.05,"bray",0.0446636048110014,200,87471.747346755
2,"abundance",0.05,"euclidean",0.0345290467354019,200,87471.747346755
2,"abundance",0.05,"jaccard",0.04,200,87471.747346755
2,"abundance",0.1,"AHC_euclidean",0.0501345580755995,200,87471.747346755
2,"abundance",0.1,"ILR_euclidean_pc0.01",0.0553363951889987,200,87471.747346755
2,"abundance",0.1,"ILR_euclidean_pc0.1",0.050269116151199,200,87471.747346755
2,"abundance",0.1,"ILR_euclidean_pc0.5",0.0553363951889987,200,87471.747346755
2,"abundance",0.1,"ILR_euclidean_pc1",0.0653363951889987,200,87471.747346755
2,"abundance",0.1,"aitchison",0.0453363951889987,200,87471.747346755
2,"abundance",0.1,"aitchison_pc0.01",0.060269116151199,200,87471.747346755
2,"abundance",0.1,"aitchison_pc0.1",0.0553363951889987,200,87471.747346755
2,"abundance",0.1,"aitchison_pc1",0.060269116151199,200,87471.747346755
2,"abundance",0.1,"bray",0.0698654419244006,200,87471.747346755
2,"abundance",0.1,"euclidean",0.0753363951889987,200,87471.747346755
2,"abundance",0.1,"jaccard",0.060269116151199,200,87471.747346755
2,"abundance",0.15,"AHC_euclidean",0.0646636048110014,200,87471.747346755
2,"abundance",0.15,"ILR_euclidean_pc0.01",0.0401345580755995,200,87471.747346755
2,"abundance",0.15,"ILR_euclidean_pc0.1",0.0401345580755995,200,87471.747346755
2,"abundance",0.15,"ILR_euclidean_pc0.5",0.0250672790377997,200,87471.747346755
2,"abundance",0.15,"ILR_euclidean_pc1",0.0449327209622003,200,87471.747346755
2,"abundance",0.15,"aitchison",0.04,200,87471.747346755
2,"abundance",0.15,"aitchison_pc0.01",0.0401345580755995,200,87471.747346755
2,"abundance",0.15,"aitchison_pc0.1",0.0301345580755995,200,87471.747346755
2,"abundance",0.15,"aitchison_pc1",0.0449327209622003,200,87471.747346755
2,"abundance",0.15,"bray",0.06,200,87471.747346755
2,"abundance",0.15,"euclidean",0.0794617676976023,200,87471.747346755
2,"abundance",0.15,"jaccard",0.0352018371133992,200,87471.747346755
2,"abundance",0.2,"AHC_euclidean",0.0756055113401976,200,87471.747346755
2,"abundance",0.2,"ILR_euclidean_pc0.01",0.0452018371133992,200,87471.747346755
2,"abundance",0.2,"ILR_euclidean_pc0.1",0.0501345580755995,200,87471.747346755
2,"abundance",0.2,"ILR_euclidean_pc0.5",0.060269116151199,200,87471.747346755
2,"abundance",0.2,"ILR_euclidean_pc1",0.0552018371133992,200,87471.747346755
2,"abundance",0.2,"aitchison",0.0553363951889987,200,87471.747346755
2,"abundance",0.2,"aitchison_pc0.01",0.0501345580755995,200,87471.747346755
2,"abundance",0.2,"aitchison_pc0.1",0.0452018371133992,200,87471.747346755
2,"abundance",0.2,"aitchison_pc1",0.0652018371133992,200,87471.747346755
2,"abundance",0.2,"bray",0.0856055113401976,200,87471.747346755
2,"abundance",0.2,"euclidean",0.0752018371133992,200,87471.747346755
2,"abundance",0.2,"jaccard",0.0352018371133992,200,87471.747346755
2,"abundance",0.25,"AHC_euclidean",0.12,200,87471.747346755
2,"abundance",0.25,"ILR_euclidean_pc0.01",0.0601345580755995,200,87471.747346755
2,"abundance",0.25,"ILR_euclidean_pc0.1",0.0649327209622003,200,87471.747346755
2,"abundance",0.25,"ILR_euclidean_pc0.5",0.0698654419244006,200,87471.747346755
2,"abundance",0.25,"ILR_euclidean_pc1",0.0749327209622003,200,87471.747346755
2,"abundance",0.25,"aitchison",0.0698654419244006,200,87471.747346755
2,"abundance",0.25,"aitchison_pc0.01",0.06,200,87471.747346755
2,"abundance",0.25,"aitchison_pc0.1",0.0649327209622003,200,87471.747346755
2,"abundance",0.25,"aitchison_pc1",0.0847981628866009,200,87471.747346755
2,"abundance",0.25,"bray",0.0947981628866009,200,87471.747346755
2,"abundance",0.25,"euclidean",0.0749327209622003,200,87471.747346755
2,"abundance",0.25,"jaccard",0.0650672790377998,200,87471.747346755
2,"abundance",0.3,"AHC_euclidean",0.155470953264598,200,87471.747346755
2,"abundance",0.3,"ILR_euclidean_pc0.01",0.0649327209622003,200,87471.747346755
2,"abundance",0.3,"ILR_euclidean_pc0.1",0.0749327209622003,200,87471.747346755
2,"abundance",0.3,"ILR_euclidean_pc0.5",0.0950672790377998,200,87471.747346755
2,"abundance",0.3,"ILR_euclidean_pc1",0.0750672790377998,200,87471.747346755
2,"abundance",0.3,"aitchison",0.0849327209622004,200,87471.747346755
2,"abundance",0.3,"aitchison_pc0.01",0.0698654419244006,200,87471.747346755
2,"abundance",0.3,"aitchison_pc0.1",0.0749327209622003,200,87471.747346755
2,"abundance",0.3,"aitchison_pc1",0.0850672790377998,200,87471.747346755
2,"abundance",0.3,"bray",0.180269116151199,200,87471.747346755
2,"abundance",0.3,"euclidean",0.0901345580755995,200,87471.747346755
2,"abundance",0.3,"jaccard",0.0549327209622003,200,87471.747346755
2,"abundance",0.35,"AHC_euclidean",0.1701345580756,200,87471.747346755
2,"abundance",0.35,"ILR_euclidean_pc0.01",0.03,200,87471.747346755
2,"abundance",0.35,"ILR_euclidean_pc0.1",0.0349327209622003,200,87471.747346755
2,"abundance",0.35,"ILR_euclidean_pc0.5",0.0398654419244006,200,87471.747346755
2,"abundance",0.35,"ILR_euclidean_pc1",0.0497308838488011,200,87471.747346755
2,"abundance",0.35,"aitchison",0.0546636048110014,200,87471.747346755
2,"abundance",0.35,"aitchison_pc0.01",0.0397308838488011,200,87471.747346755
2,"abundance",0.35,"aitchison_pc0.1",0.0349327209622003,200,87471.747346755
2,"abundance",0.35,"aitchison_pc1",0.0497308838488011,200,87471.747346755
2,"abundance",0.35,"bray",0.224798162886601,200,87471.747346755
2,"abundance",0.35,"euclidean",0.154529046735402,200,87471.747346755
2,"abundance",0.35,"jaccard",0.0397308838488011,200,87471.747346755
2,"abundance",0.4,"AHC_euclidean",0.2350672790378,200,87471.747346755
2,"abundance",0.4,"ILR_euclidean_pc0.01",0.0653363951889987,200,87471.747346755
2,"abundance",0.4,"ILR_euclidean_pc0.1",0.0854709532645982,200,87471.747346755
2,"abundance",0.4,"ILR_euclidean_pc0.5",0.100269116151199,200,87471.747346755
2,"abundance",0.4,"ILR_euclidean_pc1",0.100403674226798,200,87471.747346755
2,"abundance",0.4,"aitchison",0.0853363951889987,200,87471.747346755
2,"abundance",0.4,"aitchison_pc0.01",0.0704036742267984,200,87471.747346755
2,"abundance",0.4,"aitchison_pc0.1",0.0804036742267984,200,87471.747346755
2,"abundance",0.4,"aitchison_pc1",0.110403674226798,200,87471.747346755
2,"abundance",0.4,"bray",0.280538232302398,200,87471.747346755
2,"abundance",0.4,"euclidean",0.140269116151199,200,87471.747346755
2,"abundance",0.4,"jaccard",0.05,200,87471.747346755
2,"abundance",0.45,"AHC_euclidean",0.3650672790378,200,87471.747346755
2,"abundance",0.45,"ILR_euclidean_pc0.01",0.0849327209622004,200,87471.747346755
2,"abundance",0.45,"ILR_euclidean_pc0.1",0.1149327209622,200,87471.747346755
2,"abundance",0.45,"ILR_euclidean_pc0.5",0.129865441924401,200,87471.747346755
2,"abundance",0.45,"ILR_euclidean_pc1",0.1449327209622,200,87471.747346755
2,"abundance",0.45,"aitchison",0.129865441924401,200,87471.747346755
2,"abundance",0.45,"aitchison_pc0.01",0.0950672790377998,200,87471.747346755
2,"abundance",0.45,"aitchison_pc0.1",0.1050672790378,200,87471.747346755
2,"abundance",0.45,"aitchison_pc1",0.159865441924401,200,87471.747346755
2,"abundance",0.45,"bray",0.38,200,87471.747346755
2,"abundance",0.45,"euclidean",0.195201837113399,200,87471.747346755
2,"abundance",0.45,"jaccard",0.0749327209622003,200,87471.747346755
2,"abundance",0.5,"AHC_euclidean",0.390538232302398,200,87471.747346755
2,"abundance",0.5,"ILR_euclidean_pc0.01",0.0954709532645982,200,87471.747346755
2,"abundance",0.5,"ILR_euclidean_pc0.1",0.110672790377997,200,87471.747346755
2,"abundance",0.5,"ILR_euclidean_pc0.5",0.150807348453597,200,87471.747346755
2,"abundance",0.5,"ILR_euclidean_pc1",0.165605511340198,200,87471.747346755
2,"abundance",0.5,"aitchison",0.160672790377997,200,87471.747346755
2,"abundance",0.5,"aitchison_pc0.01",0.100538232302398,200,87471.747346755
2,"abundance",0.5,"aitchison_pc0.1",0.105605511340198,200,87471.747346755
2,"abundance",0.5,"aitchison_pc1",0.155740069415797,200,87471.747346755
2,"abundance",0.5,"bray",0.465874627491397,200,87471.747346755
2,"abundance",0.5,"euclidean",0.215605511340198,200,87471.747346755
2,"abundance",0.5,"jaccard",0.070269116151199,200,87471.747346755
2,"abundance",0.55,"AHC_euclidean",0.5350672790378,200,87471.747346755
2,"abundance",0.55,"ILR_euclidean_pc0.01",0.0598654419244006,200,87471.747346755
2,"abundance",0.55,"ILR_euclidean_pc0.1",0.0950672790377998,200,87471.747346755
2,"abundance",0.55,"ILR_euclidean_pc0.5",0.13,200,87471.747346755
2,"abundance",0.55,"ILR_euclidean_pc1",0.145201837113399,200,87471.747346755
2,"abundance",0.55,"aitchison",0.1249327209622,200,87471.747346755
2,"abundance",0.55,"aitchison_pc0.01",0.0549327209622003,200,87471.747346755
2,"abundance",0.55,"aitchison_pc0.1",0.0850672790377998,200,87471.747346755
2,"abundance",0.55,"aitchison_pc1",0.1401345580756,200,87471.747346755
2,"abundance",0.55,"bray",0.599730883848801,200,87471.747346755
2,"abundance",0.55,"euclidean",0.2250672790378,200,87471.747346755
2,"abundance",0.55,"jaccard",0.0550672790377998,200,87471.747346755
2,"abundance",0.6,"AHC_euclidean",0.6150672790378,200,87471.747346755
2,"abundance",0.6,"ILR_euclidean_pc0.01",0.0798654419244006,200,87471.747346755
2,"abundance",0.6,"ILR_euclidean_pc0.1",0.1201345580756,200,87471.747346755
2,"abundance",0.6,"ILR_euclidean_pc0.5",0.1850672790378,200,87471.747346755
2,"abundance",0.6,"ILR_euclidean_pc1",0.214798162886601,200,87471.747346755
2,"abundance",0.6,"aitchison",0.1750672790378,200,87471.747346755
2,"abundance",0.6,"aitchison_pc0.01",0.0849327209622004,200,87471.747346755
2,"abundance",0.6,"aitchison_pc0.1",0.1049327209622,200,87471.747346755
2,"abundance",0.6,"aitchison_pc1",0.219730883848801,200,87471.747346755
2,"abundance",0.6,"bray",0.690269116151199,200,87471.747346755
2,"abundance",0.6,"euclidean",0.315470953264598,200,87471.747346755
2,"abundance",0.6,"jaccard",0.0597308838488011,200,87471.747346755
2,"abundance",0.65,"AHC_euclidean",0.673990814433004,200,87471.747346755
2,"abundance",0.65,"ILR_euclidean_pc0.01",0.119730883848801,200,87471.747346755
2,"abundance",0.65,"ILR_euclidean_pc0.1",0.149596325773202,200,87471.747346755
2,"abundance",0.65,"ILR_euclidean_pc0.5",0.2049327209622,200,87471.747346755
2,"abundance",0.65,"ILR_euclidean_pc1",0.229865441924401,200,87471.747346755
2,"abundance",0.65,"aitchison",0.1949327209622,200,87471.747346755
2,"abundance",0.65,"aitchison_pc0.01",0.104529046735402,200,87471.747346755
2,"abundance",0.65,"aitchison_pc0.1",0.159730883848801,200,87471.747346755
2,"abundance",0.65,"aitchison_pc1",0.249730883848801,200,87471.747346755
2,"abundance",0.65,"bray",0.729192651546403,200,87471.747346755
2,"abundance",0.65,"euclidean",0.399596325773202,200,87471.747346755
2,"abundance",0.65,"jaccard",0.0597308838488011,200,87471.747346755
2,"abundance",0.7,"AHC_euclidean",0.779596325773202,200,87471.747346755
2,"abundance",0.7,"ILR_euclidean_pc0.01",0.119865441924401,200,87471.747346755
2,"abundance",0.7,"ILR_euclidean_pc0.1",0.1450672790378,200,87471.747346755
2,"abundance",0.7,"ILR_euclidean_pc0.5",0.219730883848801,200,87471.747346755
2,"abundance",0.7,"ILR_euclidean_pc1",0.284529046735402,200,87471.747346755
2,"abundance",0.7,"aitchison",0.219865441924401,200,87471.747346755
2,"abundance",0.7,"aitchison_pc0.01",0.119865441924401,200,87471.747346755
2,"abundance",0.7,"aitchison_pc0.1",0.1549327209622,200,87471.747346755
2,"abundance",0.7,"aitchison_pc1",0.279596325773202,200,87471.747346755
2,"abundance",0.7,"bray",0.839865441924401,200,87471.747346755
2,"abundance",0.7,"euclidean",0.374394488659802,200,87471.747346755
2,"abundance",0.7,"jaccard",0.0698654419244006,200,87471.747346755
2,"abundance",0.75,"AHC_euclidean",0.8598654419244,200,87471.747346755
2,"abundance",0.75,"ILR_euclidean_pc0.01",0.105470953264598,200,87471.747346755
2,"abundance",0.75,"ILR_euclidean_pc0.1",0.145336395188999,200,87471.747346755
2,"abundance",0.75,"ILR_euclidean_pc0.5",0.255201837113399,200,87471.747346755
2,"abundance",0.75,"ILR_euclidean_pc1",0.349865441924401,200,87471.747346755
2,"abundance",0.75,"aitchison",0.245201837113399,200,87471.747346755
2,"abundance",0.75,"aitchison_pc0.01",0.0953363951889987,200,87471.747346755
2,"abundance",0.75,"aitchison_pc0.1",0.1501345580756,200,87471.747346755
2,"abundance",0.75,"aitchison_pc1",0.339730883848801,200,87471.747346755
2,"abundance",0.75,"bray",0.914663604811001,200,87471.747346755
2,"abundance",0.75,"euclidean",0.460134558075599,200,87471.747346755
2,"abundance",0.75,"jaccard",0.0754709532645982,200,87471.747346755
2,"abundance",0.8,"AHC_euclidean",0.914798162886601,200,87471.747346755
2,"abundance",0.8,"ILR_euclidean_pc0.01",0.149327209622003,200,87471.747346755
2,"abundance",0.8,"ILR_euclidean_pc0.1",0.234529046735402,200,87471.747346755
2,"abundance",0.8,"ILR_euclidean_pc0.5",0.299596325773202,200,87471.747346755
2,"abundance",0.8,"ILR_euclidean_pc1",0.373990814433004,200,87471.747346755
2,"abundance",0.8,"aitchison",0.294663604811001,200,87471.747346755
2,"abundance",0.8,"aitchison_pc0.01",0.139192651546403,200,87471.747346755
2,"abundance",0.8,"aitchison_pc0.1",0.229730883848801,200,87471.747346755
2,"abundance",0.8,"aitchison_pc1",0.373990814433004,200,87471.747346755
2,"abundance",0.8,"bray",0.954663604811001,200,87471.747346755
2,"abundance",0.8,"euclidean",0.569192651546403,200,87471.747346755
2,"abundance",0.8,"jaccard",0.0843944886598025,200,87471.747346755
2,"abundance",0.85,"AHC_euclidean",0.96,200,87471.747346755
2,"abundance",0.85,"ILR_euclidean_pc0.01",0.129192651546403,200,87471.747346755
2,"abundance",0.85,"ILR_euclidean_pc0.1",0.203990814433004,200,87471.747346755
2,"abundance",0.85,"ILR_euclidean_pc0.5",0.333721698281805,200,87471.747346755
2,"abundance",0.85,"ILR_euclidean_pc1",0.428519861168406,200,87471.747346755
2,"abundance",0.85,"aitchison",0.328654419244005,200,87471.747346755
2,"abundance",0.85,"aitchison_pc0.01",0.134125372508604,200,87471.747346755
2,"abundance",0.85,"aitchison_pc0.1",0.199327209622003,200,87471.747346755
2,"abundance",0.85,"aitchison_pc1",0.423452582130606,200,87471.747346755
2,"abundance",0.85,"bray",0.9698654419244,200,87471.747346755
2,"abundance",0.85,"euclidean",0.634259930584203,200,87471.747346755
2,"abundance",0.85,"jaccard",0.0597308838488011,200,87471.747346755
2,"abundance",0.9,"AHC_euclidean",0.9901345580756,200,87471.747346755
2,"abundance",0.9,"ILR_euclidean_pc0.01",0.1250672790378,200,87471.747346755
2,"abundance",0.9,"ILR_euclidean_pc0.1",0.2450672790378,200,87471.747346755
2,"abundance",0.9,"ILR_euclidean_pc0.5",0.344529046735402,200,87471.747346755
2,"abundance",0.9,"ILR_euclidean_pc1",0.439461767697602,200,87471.747346755
2,"abundance",0.9,"aitchison",0.349596325773202,200,87471.747346755
2,"abundance",0.9,"aitchison_pc0.01",0.1350672790378,200,87471.747346755
2,"abundance",0.9,"aitchison_pc0.1",0.2449327209622,200,87471.747346755
2,"abundance",0.9,"aitchison_pc1",0.444529046735402,200,87471.747346755
2,"abundance",0.9,"bray",0.9950672790378,200,87471.747346755
2,"abundance",0.9,"euclidean",0.690269116151199,200,87471.747346755
2,"abundance",0.9,"jaccard",0.0349327209622003,200,87471.747346755
2,"abundance",0.95,"AHC_euclidean",0.9898654419244,200,87471.747346755
2,"abundance",0.95,"ILR_euclidean_pc0.01",0.129865441924401,200,87471.747346755
2,"abundance",0.95,"ILR_euclidean_pc0.1",0.255201837113399,200,87471.747346755
2,"abundance",0.95,"ILR_euclidean_pc0.5",0.3949327209622,200,87471.747346755
2,"abundance",0.95,"ILR_euclidean_pc1",0.504663604811001,200,87471.747346755
2,"abundance",0.95,"aitchison",0.409865441924401,200,87471.747346755
2,"abundance",0.95,"aitchison_pc0.01",0.124798162886601,200,87471.747346755
2,"abundance",0.95,"aitchison_pc0.1",0.255201837113399,200,87471.747346755
2,"abundance",0.95,"aitchison_pc1",0.519730883848801,200,87471.747346755
2,"abundance",0.95,"bray",1,200,87471.747346755
2,"abundance",0.95,"euclidean",0.75,200,87471.747346755
2,"abundance",0.95,"jaccard",0.0350672790377998,200,87471.747346755
2,"abundance",1,"AHC_euclidean",1,200,87471.747346755
2,"abundance",1,"ILR_euclidean_pc0.01",0.184663604811001,200,87471.747346755
2,"abundance",1,"ILR_euclidean_pc0.1",0.309192651546403,200,87471.747346755
2,"abundance",1,"ILR_euclidean_pc0.5",0.444394488659803,200,87471.747346755
2,"abundance",1,"ILR_euclidean_pc1",0.544529046735402,200,87471.747346755
2,"abundance",1,"aitchison",0.444259930584203,200,87471.747346755
2,"abundance",1,"aitchison_pc0.01",0.184394488659802,200,87471.747346755
2,"abundance",1,"aitchison_pc0.1",0.289596325773202,200,87471.747346755
2,"abundance",1,"aitchison_pc1",0.569327209622003,200,87471.747346755
2,"abundance",1,"bray",1,200,87471.747346755
2,"abundance",1,"euclidean",0.7801345580756,200,87471.747346755
2,"abundance",1,"jaccard",0.0498654419244006,200,87471.747346755
2,"both",0.05,"AHC_euclidean",0.0449327209622003,200,87471.747346755
2,"both",0.05,"ILR_euclidean_pc0.01",0.0553363951889987,200,87471.747346755
2,"both",0.05,"ILR_euclidean_pc0.1",0.0553363951889987,200,87471.747346755
2,"both",0.05,"ILR_euclidean_pc0.5",0.0502691161511989,200,87471.747346755
2,"both",0.05,"ILR_euclidean_pc1",0.0553363951889987,200,87471.747346755
2,"both",0.05,"aitchison",0.0502691161511989,200,87471.747346755
2,"both",0.05,"aitchison_pc0.01",0.060269116151199,200,87471.747346755
2,"both",0.05,"aitchison_pc0.1",0.0502691161511989,200,87471.747346755
2,"both",0.05,"aitchison_pc1",0.0553363951889987,200,87471.747346755
2,"both",0.05,"bray",0.0601345580755995,200,87471.747346755
2,"both",0.05,"euclidean",0.06,200,87471.747346755
2,"both",0.05,"jaccard",0.0601345580755995,200,87471.747346755
2,"both",0.1,"AHC_euclidean",0.0749327209622003,200,87471.747346755
2,"both",0.1,"ILR_euclidean_pc0.01",0.115336395188999,200,87471.747346755
2,"both",0.1,"ILR_euclidean_pc0.1",0.110269116151199,200,87471.747346755
2,"both",0.1,"ILR_euclidean_pc0.5",0.115201837113399,200,87471.747346755
2,"both",0.1,"ILR_euclidean_pc1",0.1050672790378,200,87471.747346755
2,"both",0.1,"aitchison",0.1101345580756,200,87471.747346755
2,"both",0.1,"aitchison_pc0.01",0.120269116151199,200,87471.747346755
2,"both",0.1,"aitchison_pc0.1",0.1101345580756,200,87471.747346755
2,"both",0.1,"aitchison_pc1",0.1050672790378,200,87471.747346755
2,"both",0.1,"bray",0.0801345580755995,200,87471.747346755
2,"both",0.1,"euclidean",0.0949327209622004,200,87471.747346755
2,"both",0.1,"jaccard",0.0901345580755995,200,87471.747346755
2,"both",0.15,"AHC_euclidean",0.0900000000000001,200,87471.747346755
2,"both",0.15,"ILR_euclidean_pc0.01",0.1249327209622,200,87471.747346755
2,"both",0.15,"ILR_euclidean_pc0.1",0.1149327209622,200,87471.747346755
2,"both",0.15,"ILR_euclidean_pc0.5",0.0998654419244006,200,87471.747346755
2,"both",0.15,"ILR_euclidean_pc1",0.119865441924401,200,87471.747346755
2,"both",0.15,"aitchison",0.0998654419244006,200,87471.747346755
2,"both",0.15,"aitchison_pc0.01",0.1249327209622,200,87471.747346755
2,"both",0.15,"aitchison_pc0.1",0.1249327209622,200,87471.747346755
2,"both",0.15,"aitchison_pc1",0.1249327209622,200,87471.747346755
2,"both",0.15,"bray",0.0952018371133993,200,87471.747346755
2,"both",0.15,"euclidean",0.0597308838488011,200,87471.747346755
2,"both",0.15,"jaccard",0.135336395188999,200,87471.747346755
2,"both",0.2,"AHC_euclidean",0.129865441924401,200,87471.747346755
2,"both",0.2,"ILR_euclidean_pc0.01",0.210269116151199,200,87471.747346755
2,"both",0.2,"ILR_euclidean_pc0.1",0.260269116151199,200,87471.747346755
2,"both",0.2,"ILR_euclidean_pc0.5",0.255336395188999,200,87471.747346755
2,"both",0.2,"ILR_euclidean_pc1",0.275470953264598,200,87471.747346755
2,"both",0.2,"aitchison",0.270269116151199,200,87471.747346755
2,"both",0.2,"aitchison_pc0.01",0.225201837113399,200,87471.747346755
2,"both",0.2,"aitchison_pc0.1",0.255336395188999,200,87471.747346755
2,"both",0.2,"aitchison_pc1",0.285470953264598,200,87471.747346755
2,"both",0.2,"bray",0.130269116151199,200,87471.747346755
2,"both",0.2,"euclidean",0.0900000000000001,200,87471.747346755
2,"both",0.2,"jaccard",0.245470953264598,200,87471.747346755
2,"both",0.25,"AHC_euclidean",0.200403674226798,200,87471.747346755
2,"both",0.25,"ILR_euclidean_pc0.01",0.264798162886601,200,87471.747346755
2,"both",0.25,"ILR_euclidean_pc0.1",0.279730883848801,200,87471.747346755
2,"both",0.25,"ILR_euclidean_pc0.5",0.309596325773202,200,87471.747346755
2,"both",0.25,"ILR_euclidean_pc1",0.314394488659803,200,87471.747346755
2,"both",0.25,"aitchison",0.289730883848801,200,87471.747346755
2,"both",0.25,"aitchison_pc0.01",0.2549327209622,200,87471.747346755
2,"both",0.25,"aitchison_pc0.1",0.3,200,87471.747346755
2,"both",0.25,"aitchison_pc1",0.309461767697602,200,87471.747346755
2,"both",0.25,"bray",0.1701345580756,200,87471.747346755
2,"both",0.25,"euclidean",0.105336395188999,200,87471.747346755
2,"both",0.25,"jaccard",0.275336395188999,200,87471.747346755
2,"both",0.3,"AHC_euclidean",0.314529046735402,200,87471.747346755
2,"both",0.3,"ILR_euclidean_pc0.01",0.450403674226798,200,87471.747346755
2,"both",0.3,"ILR_euclidean_pc0.1",0.460269116151199,200,87471.747346755
2,"both",0.3,"ILR_euclidean_pc0.5",0.4898654419244,200,87471.747346755
2,"both",0.3,"ILR_euclidean_pc1",0.504798162886601,200,87471.747346755
2,"both",0.3,"aitchison",0.4898654419244,200,87471.747346755
2,"both",0.3,"aitchison_pc0.01",0.445470953264598,200,87471.747346755
2,"both",0.3,"aitchison_pc0.1",0.48,200,87471.747346755
2,"both",0.3,"aitchison_pc1",0.4898654419244,200,87471.747346755
2,"both",0.3,"bray",0.32,200,87471.747346755
2,"both",0.3,"euclidean",0.125201837113399,200,87471.747346755
2,"both",0.3,"jaccard",0.489730883848801,200,87471.747346755
2,"both",0.35,"AHC_euclidean",0.409192651546403,200,87471.747346755
2,"both",0.35,"ILR_euclidean_pc0.01",0.6901345580756,200,87471.747346755
2,"both",0.35,"ILR_euclidean_pc0.1",0.6901345580756,200,87471.747346755
2,"both",0.35,"ILR_euclidean_pc0.5",0.7249327209622,200,87471.747346755
2,"both",0.35,"ILR_euclidean_pc1",0.749730883848801,200,87471.747346755
2,"both",0.35,"aitchison",0.724798162886601,200,87471.747346755
2,"both",0.35,"aitchison_pc0.01",0.6701345580756,200,87471.747346755
2,"both",0.35,"aitchison_pc0.1",0.7,200,87471.747346755
2,"both",0.35,"aitchison_pc1",0.754529046735402,200,87471.747346755
2,"both",0.35,"bray",0.339730883848801,200,87471.747346755
2,"both",0.35,"euclidean",0.109596325773202,200,87471.747346755
2,"both",0.35,"jaccard",0.7649327209622,200,87471.747346755
2,"both",0.4,"AHC_euclidean",0.563990814433004,200,87471.747346755
2,"both",0.4,"ILR_euclidean_pc0.01",0.819730883848801,200,87471.747346755
2,"both",0.4,"ILR_euclidean_pc0.1",0.839596325773202,200,87471.747346755
2,"both",0.4,"ILR_euclidean_pc0.5",0.849461767697602,200,87471.747346755
2,"both",0.4,"ILR_euclidean_pc1",0.864394488659802,200,87471.747346755
2,"both",0.4,"aitchison",0.854529046735402,200,87471.747346755
2,"both",0.4,"aitchison_pc0.01",0.809596325773202,200,87471.747346755
2,"both",0.4,"aitchison_pc0.1",0.839596325773202,200,87471.747346755
2,"both",0.4,"aitchison_pc1",0.854259930584203,200,87471.747346755
2,"both",0.4,"bray",0.524259930584203,200,87471.747346755
2,"both",0.4,"euclidean",0.1950672790378,200,87471.747346755
2,"both",0.4,"jaccard",0.920403674226798,200,87471.747346755
2,"both",0.45,"AHC_euclidean",0.734259930584203,200,87471.747346755
2,"both",0.45,"ILR_euclidean_pc0.01",0.955336395188999,200,87471.747346755
2,"both",0.45,"ILR_euclidean_pc0.1",0.965336395188999,200,87471.747346755
2,"both",0.45,"ILR_euclidean_pc0.5",0.980269116151199,200,87471.747346755
2,"both",0.45,"ILR_euclidean_pc1",0.980269116151199,200,87471.747346755
2,"both",0.45,"aitchison",0.975201837113399,200,87471.747346755
2,"both",0.45,"aitchison_pc0.01",0.950403674226798,200,87471.747346755
2,"both",0.45,"aitchison_pc0.1",0.965336395188999,200,87471.747346755
2,"both",0.45,"aitchison_pc1",0.975201837113399,200,87471.747346755
2,"both",0.45,"bray",0.634529046735402,200,87471.747346755
2,"both",0.45,"euclidean",0.219596325773202,200,87471.747346755
2,"both",0.45,"jaccard",0.960403674226798,200,87471.747346755
2,"both",0.5,"AHC_euclidean",0.854259930584203,200,87471.747346755
2,"both",0.5,"ILR_euclidean_pc0.01",0.9849327209622,200,87471.747346755
2,"both",0.5,"ILR_euclidean_pc0.1",0.99,200,87471.747346755
2,"both",0.5,"ILR_euclidean_pc0.5",0.9950672790378,200,87471.747346755
2,"both",0.5,"ILR_euclidean_pc1",1,200,87471.747346755
2,"both",0.5,"aitchison",0.9950672790378,200,87471.747346755
2,"both",0.5,"aitchison_pc0.01",0.9849327209622,200,87471.747346755
2,"both",0.5,"aitchison_pc0.1",0.9950672790378,200,87471.747346755
2,"both",0.5,"aitchison_pc1",1,200,87471.747346755
2,"both",0.5,"bray",0.809327209622003,200,87471.747346755
2,"both",0.5,"euclidean",0.3,200,87471.747346755
2,"both",0.5,"jaccard",1,200,87471.747346755
2,"both",0.55,"AHC_euclidean",0.949461767697602,200,87471.747346755
2,"both",0.55,"ILR_euclidean_pc0.01",1,200,87471.747346755
2,"both",0.55,"ILR_euclidean_pc0.1",1,200,87471.747346755
2,"both",0.55,"ILR_euclidean_pc0.5",1,200,87471.747346755
2,"both",0.55,"ILR_euclidean_pc1",1,200,87471.747346755
2,"both",0.55,"aitchison",1,200,87471.747346755
2,"both",0.55,"aitchison_pc0.01",1,200,87471.747346755
2,"both",0.55,"aitchison_pc0.1",1,200,87471.747346755
2,"both",0.55,"aitchison_pc1",1,200,87471.747346755
2,"both",0.55,"bray",0.909192651546403,200,87471.747346755
2,"both",0.55,"euclidean",0.354663604811001,200,87471.747346755
2,"both",0.55,"jaccard",1,200,87471.747346755
2,"both",0.6,"AHC_euclidean",0.974798162886601,200,87471.747346755
2,"both",0.6,"ILR_euclidean_pc0.01",1,200,87471.747346755
2,"both",0.6,"ILR_euclidean_pc0.1",1,200,87471.747346755
2,"both",0.6,"ILR_euclidean_pc0.5",1,200,87471.747346755
2,"both",0.6,"ILR_euclidean_pc1",1,200,87471.747346755
2,"both",0.6,"aitchison",1,200,87471.747346755
2,"both",0.6,"aitchison_pc0.01",1,200,87471.747346755
2,"both",0.6,"aitchison_pc0.1",1,200,87471.747346755
2,"both",0.6,"aitchison_pc1",1,200,87471.747346755
2,"both",0.6,"bray",0.954663604811001,200,87471.747346755
2,"both",0.6,"euclidean",0.409596325773202,200,87471.747346755
2,"both",0.6,"jaccard",1,200,87471.747346755
2,"both",0.65,"AHC_euclidean",0.9898654419244,200,87471.747346755
2,"both",0.65,"ILR_euclidean_pc0.01",1,200,87471.747346755
2,"both",0.65,"ILR_euclidean_pc0.1",1,200,87471.747346755
2,"both",0.65,"ILR_euclidean_pc0.5",1,200,87471.747346755
2,"both",0.65,"ILR_euclidean_pc1",1,200,87471.747346755
2,"both",0.65,"aitchison",1,200,87471.747346755
2,"both",0.65,"aitchison_pc0.01",1,200,87471.747346755
2,"both",0.65,"aitchison_pc0.1",1,200,87471.747346755
2,"both",0.65,"aitchison_pc1",1,200,87471.747346755
2,"both",0.65,"bray",0.9949327209622,200,87471.747346755
2,"both",0.65,"euclidean",0.460269116151199,200,87471.747346755
2,"both",0.65,"jaccard",1,200,87471.747346755
2,"both",0.7,"AHC_euclidean",0.9898654419244,200,87471.747346755
2,"both",0.7,"ILR_euclidean_pc0.01",1,200,87471.747346755
2,"both",0.7,"ILR_euclidean_pc0.1",1,200,87471.747346755
2,"both",0.7,"ILR_euclidean_pc0.5",1,200,87471.747346755
2,"both",0.7,"ILR_euclidean_pc1",1,200,87471.747346755
2,"both",0.7,"aitchison",1,200,87471.747346755
2,"both",0.7,"aitchison_pc0.01",1,200,87471.747346755
2,"both",0.7,"aitchison_pc0.1",1,200,87471.747346755
2,"both",0.7,"aitchison_pc1",1,200,87471.747346755
2,"both",0.7,"bray",0.9898654419244,200,87471.747346755
2,"both",0.7,"euclidean",0.534529046735402,200,87471.747346755
2,"both",0.7,"jaccard",1,200,87471.747346755
2,"both",0.75,"AHC_euclidean",0.9949327209622,200,87471.747346755
2,"both",0.75,"ILR_euclidean_pc0.01",1,200,87471.747346755
2,"both",0.75,"ILR_euclidean_pc0.1",1,200,87471.747346755
2,"both",0.75,"ILR_euclidean_pc0.5",1,200,87471.747346755
2,"both",0.75,"ILR_euclidean_pc1",1,200,87471.747346755
2,"both",0.75,"aitchison",1,200,87471.747346755
2,"both",0.75,"aitchison_pc0.01",1,200,87471.747346755
2,"both",0.75,"aitchison_pc0.1",1,200,87471.747346755
2,"both",0.75,"aitchison_pc1",1,200,87471.747346755
2,"both",0.75,"bray",0.9949327209622,200,87471.747346755
2,"both",0.75,"euclidean",0.616278301718195,200,87471.747346755
2,"both",0.75,"jaccard",1,200,87471.747346755
2,"both",0.8,"AHC_euclidean",1,200,87471.747346755
2,"both",0.8,"ILR_euclidean_pc0.01",1,200,87471.747346755
2,"both",0.8,"ILR_euclidean_pc0.1",1,200,87471.747346755
2,"both",0.8,"ILR_euclidean_pc0.5",1,200,87471.747346755
2,"both",0.8,"ILR_euclidean_pc1",1,200,87471.747346755
2,"both",0.8,"aitchison",1,200,87471.747346755
2,"both",0.8,"aitchison_pc0.01",1,200,87471.747346755
2,"both",0.8,"aitchison_pc0.1",1,200,87471.747346755
2,"both",0.8,"aitchison_pc1",1,200,87471.747346755
2,"both",0.8,"bray",1,200,87471.747346755
2,"both",0.8,"euclidean",0.584529046735402,200,87471.747346755
2,"both",0.8,"jaccard",1,200,87471.747346755
2,"both",0.85,"AHC_euclidean",1,200,87471.747346755
2,"both",0.85,"ILR_euclidean_pc0.01",1,200,87471.747346755
2,"both",0.85,"ILR_euclidean_pc0.1",1,200,87471.747346755
2,"both",0.85,"ILR_euclidean_pc0.5",1,200,87471.747346755
2,"both",0.85,"ILR_euclidean_pc1",1,200,87471.747346755
2,"both",0.85,"aitchison",1,200,87471.747346755
2,"both",0.85,"aitchison_pc0.01",1,200,87471.747346755
2,"both",0.85,"aitchison_pc0.1",1,200,87471.747346755
2,"both",0.85,"aitchison_pc1",1,200,87471.747346755
2,"both",0.85,"bray",1,200,87471.747346755
2,"both",0.85,"euclidean",0.730269116151199,200,87471.747346755
2,"both",0.85,"jaccard",1,200,87471.747346755
2,"both",0.9,"AHC_euclidean",1,200,87471.747346755
2,"both",0.9,"ILR_euclidean_pc0.01",1,200,87471.747346755
2,"both",0.9,"ILR_euclidean_pc0.1",1,200,87471.747346755
2,"both",0.9,"ILR_euclidean_pc0.5",1,200,87471.747346755
2,"both",0.9,"ILR_euclidean_pc1",1,200,87471.747346755
2,"both",0.9,"aitchison",1,200,87471.747346755
2,"both",0.9,"aitchison_pc0.01",1,200,87471.747346755
2,"both",0.9,"aitchison_pc0.1",1,200,87471.747346755
2,"both",0.9,"aitchison_pc1",1,200,87471.747346755
2,"both",0.9,"bray",1,200,87471.747346755
2,"both",0.9,"euclidean",0.834663604811001,200,87471.747346755
2,"both",0.9,"jaccard",1,200,87471.747346755
2,"both",0.95,"AHC_euclidean",1,200,87471.747346755
2,"both",0.95,"ILR_euclidean_pc0.01",1,200,87471.747346755
2,"both",0.95,"ILR_euclidean_pc0.1",1,200,87471.747346755
2,"both",0.95,"ILR_euclidean_pc0.5",1,200,87471.747346755
2,"both",0.95,"ILR_euclidean_pc1",1,200,87471.747346755
2,"both",0.95,"aitchison",1,200,87471.747346755
2,"both",0.95,"aitchison_pc0.01",1,200,87471.747346755
2,"both",0.95,"aitchison_pc0.1",1,200,87471.747346755
2,"both",0.95,"aitchison_pc1",1,200,87471.747346755
2,"both",0.95,"bray",1,200,87471.747346755
2,"both",0.95,"euclidean",0.835336395188999,200,87471.747346755
2,"both",0.95,"jaccard",1,200,87471.747346755
2,"both",1,"AHC_euclidean",1,200,87471.747346755
2,"both",1,"ILR_euclidean_pc0.01",1,200,87471.747346755
2,"both",1,"ILR_euclidean_pc0.1",1,200,87471.747346755
2,"both",1,"ILR_euclidean_pc0.5",1,200,87471.747346755
2,"both",1,"ILR_euclidean_pc1",1,200,87471.747346755
2,"both",1,"aitchison",1,200,87471.747346755
2,"both",1,"aitchison_pc0.01",1,200,87471.747346755
2,"both",1,"aitchison_pc0.1",1,200,87471.747346755
2,"both",1,"aitchison_pc1",1,200,87471.747346755
2,"both",1,"bray",1,200,87471.747346755
2,"both",1,"euclidean",0.914798162886601,200,87471.747346755
2,"both",1,"jaccard",1,200,87471.747346755
2,"prevalence",0.05,"AHC_euclidean",0.0450672790377998,200,87471.747346755
2,"prevalence",0.05,"ILR_euclidean_pc0.01",0.0352018371133992,200,87471.747346755
2,"prevalence",0.05,"ILR_euclidean_pc0.1",0.0401345580755995,200,87471.747346755
2,"prevalence",0.05,"ILR_euclidean_pc0.5",0.0501345580755995,200,87471.747346755
2,"prevalence",0.05,"ILR_euclidean_pc1",0.0501345580755995,200,87471.747346755
2,"prevalence",0.05,"aitchison",0.0501345580755995,200,87471.747346755
2,"prevalence",0.05,"aitchison_pc0.01",0.0352018371133992,200,87471.747346755
2,"prevalence",0.05,"aitchison_pc0.1",0.0401345580755995,200,87471.747346755
2,"prevalence",0.05,"aitchison_pc1",0.0450672790377998,200,87471.747346755
2,"prevalence",0.05,"bray",0.0501345580755995,200,87471.747346755
2,"prevalence",0.05,"euclidean",0.03,200,87471.747346755
2,"prevalence",0.05,"jaccard",0.0401345580755995,200,87471.747346755
2,"prevalence",0.1,"AHC_euclidean",0.0402691161511989,200,87471.747346755
2,"prevalence",0.1,"ILR_euclidean_pc0.01",0.0404036742267984,200,87471.747346755
2,"prevalence",0.1,"ILR_euclidean_pc0.1",0.0404036742267984,200,87471.747346755
2,"prevalence",0.1,"ILR_euclidean_pc0.5",0.0502691161511989,200,87471.747346755
2,"prevalence",0.1,"ILR_euclidean_pc1",0.0553363951889987,200,87471.747346755
2,"prevalence",0.1,"aitchison",0.0504036742267984,200,87471.747346755
2,"prevalence",0.1,"aitchison_pc0.01",0.0404036742267984,200,87471.747346755
2,"prevalence",0.1,"aitchison_pc0.1",0.0404036742267984,200,87471.747346755
2,"prevalence",0.1,"aitchison_pc1",0.0604036742267984,200,87471.747346755
2,"prevalence",0.1,"bray",0.0700000000000001,200,87471.747346755
2,"prevalence",0.1,"euclidean",0.0402691161511989,200,87471.747346755
2,"prevalence",0.1,"jaccard",0.0452018371133992,200,87471.747346755
2,"prevalence",0.15,"AHC_euclidean",0.0447981628866009,200,87471.747346755
2,"prevalence",0.15,"ILR_euclidean_pc0.01",0.0994617676976023,200,87471.747346755
2,"prevalence",0.15,"ILR_euclidean_pc0.1",0.114394488659803,200,87471.747346755
2,"prevalence",0.15,"ILR_euclidean_pc0.5",0.0995963257732017,200,87471.747346755
2,"prevalence",0.15,"ILR_euclidean_pc1",0.104259930584203,200,87471.747346755
2,"prevalence",0.15,"aitchison",0.109327209622003,200,87471.747346755
2,"prevalence",0.15,"aitchison_pc0.01",0.0994617676976023,200,87471.747346755
2,"prevalence",0.15,"aitchison_pc0.1",0.109461767697602,200,87471.747346755
2,"prevalence",0.15,"aitchison_pc1",0.104394488659803,200,87471.747346755
2,"prevalence",0.15,"bray",0.0397308838488011,200,87471.747346755
2,"prevalence",0.15,"euclidean",0.0449327209622003,200,87471.747346755
2,"prevalence",0.15,"jaccard",0.15,200,87471.747346755
2,"prevalence",0.2,"AHC_euclidean",0.0252018371133992,200,87471.747346755
2,"prevalence",0.2,"ILR_euclidean_pc0.01",0.135470953264598,200,87471.747346755
2,"prevalence",0.2,"ILR_euclidean_pc0.1",0.130538232302398,200,87471.747346755
2,"prevalence",0.2,"ILR_euclidean_pc0.5",0.120672790377997,200,87471.747346755
2,"prevalence",0.2,"ILR_euclidean_pc1",0.115470953264598,200,87471.747346755
2,"prevalence",0.2,"aitchison",0.120538232302398,200,87471.747346755
2,"prevalence",0.2,"aitchison_pc0.01",0.130538232302398,200,87471.747346755
2,"prevalence",0.2,"aitchison_pc0.1",0.125605511340198,200,87471.747346755
2,"prevalence",0.2,"aitchison_pc1",0.110538232302398,200,87471.747346755
2,"prevalence",0.2,"bray",0.0704036742267984,200,87471.747346755
2,"prevalence",0.2,"euclidean",0.0252018371133992,200,87471.747346755
2,"prevalence",0.2,"jaccard",0.195740069415797,200,87471.747346755
2,"prevalence",0.25,"AHC_euclidean",0.06,200,87471.747346755
2,"prevalence",0.25,"ILR_euclidean_pc0.01",0.220269116151199,200,87471.747346755
2,"prevalence",0.25,"ILR_euclidean_pc0.1",0.23,200,87471.747346755
2,"prevalence",0.25,"ILR_euclidean_pc0.5",0.1801345580756,200,87471.747346755
2,"prevalence",0.25,"ILR_euclidean_pc1",0.18,200,87471.747346755
2,"prevalence",0.25,"aitchison",0.1850672790378,200,87471.747346755
2,"prevalence",0.25,"aitchison_pc0.01",0.210269116151199,200,87471.747346755
2,"prevalence",0.25,"aitchison_pc0.1",0.215336395188999,200,87471.747346755
2,"prevalence",0.25,"aitchison_pc1",0.1849327209622,200,87471.747346755
2,"prevalence",0.25,"bray",0.03,200,87471.747346755
2,"prevalence",0.25,"euclidean",0.0649327209622003,200,87471.747346755
2,"prevalence",0.25,"jaccard",0.355740069415797,200,87471.747346755
2,"prevalence",0.3,"AHC_euclidean",0.0349327209622003,200,87471.747346755
2,"prevalence",0.3,"ILR_euclidean_pc0.01",0.2749327209622,200,87471.747346755
2,"prevalence",0.3,"ILR_euclidean_pc0.1",0.2650672790378,200,87471.747346755
2,"prevalence",0.3,"ILR_euclidean_pc0.5",0.2349327209622,200,87471.747346755
2,"prevalence",0.3,"ILR_euclidean_pc1",0.229865441924401,200,87471.747346755
2,"prevalence",0.3,"aitchison",0.239730883848801,200,87471.747346755
2,"prevalence",0.3,"aitchison_pc0.01",0.28,200,87471.747346755
2,"prevalence",0.3,"aitchison_pc0.1",0.269865441924401,200,87471.747346755
2,"prevalence",0.3,"aitchison_pc1",0.229865441924401,200,87471.747346755
2,"prevalence",0.3,"bray",0.070269116151199,200,87471.747346755
2,"prevalence",0.3,"euclidean",0.0495963257732017,200,87471.747346755
2,"prevalence",0.3,"jaccard",0.471076464604796,200,87471.747346755
2,"prevalence",0.35,"AHC_euclidean",0.0597308838488011,200,87471.747346755
2,"prevalence",0.35,"ILR_euclidean_pc0.01",0.44,200,87471.747346755
2,"prevalence",0.35,"ILR_euclidean_pc0.1",0.379730883848801,200,87471.747346755
2,"prevalence",0.35,"ILR_euclidean_pc0.5",0.374663604811001,200,87471.747346755
2,"prevalence",0.35,"ILR_euclidean_pc1",0.329865441924401,200,87471.747346755
2,"prevalence",0.35,"aitchison",0.354798162886601,200,87471.747346755
2,"prevalence",0.35,"aitchison_pc0.01",0.420269116151199,200,87471.747346755
2,"prevalence",0.35,"aitchison_pc0.1",0.4049327209622,200,87471.747346755
2,"prevalence",0.35,"aitchison_pc1",0.3250672790378,200,87471.747346755
2,"prevalence",0.35,"bray",0.0743944886598025,200,87471.747346755
2,"prevalence",0.35,"euclidean",0.0601345580755995,200,87471.747346755
2,"prevalence",0.35,"jaccard",0.7650672790378,200,87471.747346755
2,"prevalence",0.4,"AHC_euclidean",0.0847981628866009,200,87471.747346755
2,"prevalence",0.4,"ILR_euclidean_pc0.01",0.5849327209622,200,87471.747346755
2,"prevalence",0.4,"ILR_euclidean_pc0.1",0.539865441924401,200,87471.747346755
2,"prevalence",0.4,"ILR_euclidean_pc0.5",0.504529046735402,200,87471.747346755
2,"prevalence",0.4,"ILR_euclidean_pc1",0.474663604811001,200,87471.747346755
2,"prevalence",0.4,"aitchison",0.494663604811001,200,87471.747346755
2,"prevalence",0.4,"aitchison_pc0.01",0.595201837113399,200,87471.747346755
2,"prevalence",0.4,"aitchison_pc0.1",0.549730883848801,200,87471.747346755
2,"prevalence",0.4,"aitchison_pc1",0.479461767697602,200,87471.747346755
2,"prevalence",0.4,"bray",0.0995963257732017,200,87471.747346755
2,"prevalence",0.4,"euclidean",0.0700000000000001,200,87471.747346755
2,"prevalence",0.4,"jaccard",0.9001345580756,200,87471.747346755
2,"prevalence",0.45,"AHC_euclidean",0.129730883848801,200,87471.747346755
2,"prevalence",0.45,"ILR_euclidean_pc0.01",0.7750672790378,200,87471.747346755
2,"prevalence",0.45,"ILR_euclidean_pc0.1",0.7649327209622,200,87471.747346755
2,"prevalence",0.45,"ILR_euclidean_pc0.5",0.669730883848801,200,87471.747346755
2,"prevalence",0.45,"ILR_euclidean_pc1",0.634663604811001,200,87471.747346755
2,"prevalence",0.45,"aitchison",0.684529046735402,200,87471.747346755
2,"prevalence",0.45,"aitchison_pc0.01",0.7801345580756,200,87471.747346755
2,"prevalence",0.45,"aitchison_pc0.1",0.739730883848801,200,87471.747346755
2,"prevalence",0.45,"aitchison_pc1",0.629596325773202,200,87471.747346755
2,"prevalence",0.45,"bray",0.124798162886601,200,87471.747346755
2,"prevalence",0.45,"euclidean",0.0401345580755995,200,87471.747346755
2,"prevalence",0.45,"jaccard",0.9901345580756,200,87471.747346755
2,"prevalence",0.5,"AHC_euclidean",0.149327209622003,200,87471.747346755
2,"prevalence",0.5,"ILR_euclidean_pc0.01",0.894798162886601,200,87471.747346755
2,"prevalence",0.5,"ILR_euclidean_pc0.1",0.854529046735402,200,87471.747346755
2,"prevalence",0.5,"ILR_euclidean_pc0.5",0.809596325773202,200,87471.747346755
2,"prevalence",0.5,"ILR_euclidean_pc1",0.794529046735402,200,87471.747346755
2,"prevalence",0.5,"aitchison",0.829461767697602,200,87471.747346755
2,"prevalence",0.5,"aitchison_pc0.01",0.889730883848801,200,87471.747346755
2,"prevalence",0.5,"aitchison_pc0.1",0.849596325773202,200,87471.747346755
2,"prevalence",0.5,"aitchison_pc1",0.789461767697602,200,87471.747346755
2,"prevalence",0.5,"bray",0.159596325773202,200,87471.747346755
2,"prevalence",0.5,"euclidean",0.0749327209622003,200,87471.747346755
2,"prevalence",0.5,"jaccard",1,200,87471.747346755
2,"prevalence",0.55,"AHC_euclidean",0.153856256357405,200,87471.747346755
2,"prevalence",0.55,"ILR_euclidean_pc0.01",0.9701345580756,200,87471.747346755
2,"prevalence",0.55,"ILR_euclidean_pc0.1",0.9650672790378,200,87471.747346755
2,"prevalence",0.55,"ILR_euclidean_pc0.5",0.9449327209622,200,87471.747346755
2,"prevalence",0.55,"ILR_euclidean_pc1",0.944798162886601,200,87471.747346755
2,"prevalence",0.55,"aitchison",0.9449327209622,200,87471.747346755
2,"prevalence",0.55,"aitchison_pc0.01",0.9701345580756,200,87471.747346755
2,"prevalence",0.55,"aitchison_pc0.1",0.9650672790378,200,87471.747346755
2,"prevalence",0.55,"aitchison_pc1",0.94,200,87471.747346755
2,"prevalence",0.55,"bray",0.129327209622003,200,87471.747346755
2,"prevalence",0.55,"euclidean",0.0894617676976023,200,87471.747346755
2,"prevalence",0.55,"jaccard",1,200,87471.747346755
2,"prevalence",0.6,"AHC_euclidean",0.154663604811001,200,87471.747346755
2,"prevalence",0.6,"ILR_euclidean_pc0.01",0.985201837113399,200,87471.747346755
2,"prevalence",0.6,"ILR_euclidean_pc0.1",0.985201837113399,200,87471.747346755
2,"prevalence",0.6,"ILR_euclidean_pc0.5",0.959865441924401,200,87471.747346755
2,"prevalence",0.6,"ILR_euclidean_pc1",0.959865441924401,200,87471.747346755
2,"prevalence",0.6,"aitchison",0.9649327209622,200,87471.747346755
2,"prevalence",0.6,"aitchison_pc0.01",0.985201837113399,200,87471.747346755
2,"prevalence",0.6,"aitchison_pc0.1",0.9801345580756,200,87471.747346755
2,"prevalence",0.6,"aitchison_pc1",0.959865441924401,200,87471.747346755
2,"prevalence",0.6,"bray",0.0991926515464034,200,87471.747346755
2,"prevalence",0.6,"euclidean",0.0701345580755995,200,87471.747346755
2,"prevalence",0.6,"jaccard",1,200,87471.747346755
2,"prevalence",0.65,"AHC_euclidean",0.164529046735402,200,87471.747346755
2,"prevalence",0.65,"ILR_euclidean_pc0.01",0.9950672790378,200,87471.747346755
2,"prevalence",0.65,"ILR_euclidean_pc0.1",0.9950672790378,200,87471.747346755
2,"prevalence",0.65,"ILR_euclidean_pc0.5",0.99,200,87471.747346755
2,"prevalence",0.65,"ILR_euclidean_pc1",0.99,200,87471.747346755
2,"prevalence",0.65,"aitchison",0.99,200,87471.747346755
2,"prevalence",0.65,"aitchison_pc0.01",0.9950672790378,200,87471.747346755
2,"prevalence",0.65,"aitchison_pc0.1",0.9950672790378,200,87471.747346755
2,"prevalence",0.65,"aitchison_pc1",0.99,200,87471.747346755
2,"prevalence",0.65,"bray",0.143856256357405,200,87471.747346755
2,"prevalence",0.65,"euclidean",0.0646636048110014,200,87471.747346755
2,"prevalence",0.65,"jaccard",1,200,87471.747346755
2,"prevalence",0.7,"AHC_euclidean",0.258923535395204,200,87471.747346755
2,"prevalence",0.7,"ILR_euclidean_pc0.01",1,200,87471.747346755
2,"prevalence",0.7,"ILR_euclidean_pc0.1",1,200,87471.747346755
2,"prevalence",0.7,"ILR_euclidean_pc0.5",1,200,87471.747346755
2,"prevalence",0.7,"ILR_euclidean_pc1",1,200,87471.747346755
2,"prevalence",0.7,"aitchison",1,200,87471.747346755
2,"prevalence",0.7,"aitchison_pc0.01",1,200,87471.747346755
2,"prevalence",0.7,"aitchison_pc0.1",1,200,87471.747346755
2,"prevalence",0.7,"aitchison_pc1",1,200,87471.747346755
2,"prevalence",0.7,"bray",0.189327209622003,200,87471.747346755
2,"prevalence",0.7,"euclidean",0.0497308838488011,200,87471.747346755
2,"prevalence",0.7,"jaccard",1,200,87471.747346755
2,"prevalence",0.75,"AHC_euclidean",0.3749327209622,200,87471.747346755
2,"prevalence",0.75,"ILR_euclidean_pc0.01",1,200,87471.747346755
2,"prevalence",0.75,"ILR_euclidean_pc0.1",1,200,87471.747346755
2,"prevalence",0.75,"ILR_euclidean_pc0.5",1,200,87471.747346755
2,"prevalence",0.75,"ILR_euclidean_pc1",1,200,87471.747346755
2,"prevalence",0.75,"aitchison",1,200,87471.747346755
2,"prevalence",0.75,"aitchison_pc0.01",1,200,87471.747346755
2,"prevalence",0.75,"aitchison_pc0.1",1,200,87471.747346755
2,"prevalence",0.75,"aitchison_pc1",1,200,87471.747346755
2,"prevalence",0.75,"bray",0.289596325773202,200,87471.747346755
2,"prevalence",0.75,"euclidean",0.1050672790378,200,87471.747346755
2,"prevalence",0.75,"jaccard",1,200,87471.747346755
2,"prevalence",0.8,"AHC_euclidean",0.378519861168406,200,87471.747346755
2,"prevalence",0.8,"ILR_euclidean_pc0.01",1,200,87471.747346755
2,"prevalence",0.8,"ILR_euclidean_pc0.1",1,200,87471.747346755
2,"prevalence",0.8,"ILR_euclidean_pc0.5",1,200,87471.747346755
2,"prevalence",0.8,"ILR_euclidean_pc1",1,200,87471.747346755
2,"prevalence",0.8,"aitchison",1,200,87471.747346755
2,"prevalence",0.8,"aitchison_pc0.01",1,200,87471.747346755
2,"prevalence",0.8,"aitchison_pc0.1",1,200,87471.747346755
2,"prevalence",0.8,"aitchison_pc1",1,200,87471.747346755
2,"prevalence",0.8,"bray",0.323856256357405,200,87471.747346755
2,"prevalence",0.8,"euclidean",0.0897308838488012,200,87471.747346755
2,"prevalence",0.8,"jaccard",1,200,87471.747346755
2,"prevalence",0.85,"AHC_euclidean",0.463856256357405,200,87471.747346755
2,"prevalence",0.85,"ILR_euclidean_pc0.01",1,200,87471.747346755
2,"prevalence",0.85,"ILR_euclidean_pc0.1",1,200,87471.747346755
2,"prevalence",0.85,"ILR_euclidean_pc0.5",1,200,87471.747346755
2,"prevalence",0.85,"ILR_euclidean_pc1",1,200,87471.747346755
2,"prevalence",0.85,"aitchison",1,200,87471.747346755
2,"prevalence",0.85,"aitchison_pc0.01",1,200,87471.747346755
2,"prevalence",0.85,"aitchison_pc0.1",1,200,87471.747346755
2,"prevalence",0.85,"aitchison_pc1",1,200,87471.747346755
2,"prevalence",0.85,"bray",0.363990814433004,200,87471.747346755
2,"prevalence",0.85,"euclidean",0.0746636048110014,200,87471.747346755
2,"prevalence",0.85,"jaccard",1,200,87471.747346755
2,"prevalence",0.9,"AHC_euclidean",0.487981628866008,200,87471.747346755
2,"prevalence",0.9,"ILR_euclidean_pc0.01",1,200,87471.747346755
2,"prevalence",0.9,"ILR_euclidean_pc0.1",1,200,87471.747346755
2,"prevalence",0.9,"ILR_euclidean_pc0.5",1,200,87471.747346755
2,"prevalence",0.9,"ILR_euclidean_pc1",1,200,87471.747346755
2,"prevalence",0.9,"aitchison",1,200,87471.747346755
2,"prevalence",0.9,"aitchison_pc0.01",1,200,87471.747346755
2,"prevalence",0.9,"aitchison_pc0.1",1,200,87471.747346755
2,"prevalence",0.9,"aitchison_pc1",1,200,87471.747346755
2,"prevalence",0.9,"bray",0.383856256357405,200,87471.747346755
2,"prevalence",0.9,"euclidean",0.0998654419244007,200,87471.747346755
2,"prevalence",0.9,"jaccard",1,200,87471.747346755
2,"prevalence",0.95,"AHC_euclidean",0.588385303092807,200,87471.747346755
2,"prevalence",0.95,"ILR_euclidean_pc0.01",1,200,87471.747346755
2,"prevalence",0.95,"ILR_euclidean_pc0.1",1,200,87471.747346755
2,"prevalence",0.95,"ILR_euclidean_pc0.5",1,200,87471.747346755
2,"prevalence",0.95,"ILR_euclidean_pc1",1,200,87471.747346755
2,"prevalence",0.95,"aitchison",1,200,87471.747346755
2,"prevalence",0.95,"aitchison_pc0.01",1,200,87471.747346755
2,"prevalence",0.95,"aitchison_pc0.1",1,200,87471.747346755
2,"prevalence",0.95,"aitchison_pc1",1,200,87471.747346755
2,"prevalence",0.95,"bray",0.458788977319605,200,87471.747346755
2,"prevalence",0.95,"euclidean",0.0797308838488012,200,87471.747346755
2,"prevalence",0.95,"jaccard",1,200,87471.747346755
2,"prevalence",1,"AHC_euclidean",0.688654419244005,200,87471.747346755
2,"prevalence",1,"ILR_euclidean_pc0.01",1,200,87471.747346755
2,"prevalence",1,"ILR_euclidean_pc0.1",1,200,87471.747346755
2,"prevalence",1,"ILR_euclidean_pc0.5",1,200,87471.747346755
2,"prevalence",1,"ILR_euclidean_pc1",1,200,87471.747346755
2,"prevalence",1,"aitchison",1,200,87471.747346755
2,"prevalence",1,"aitchison_pc0.01",1,200,87471.747346755
2,"prevalence",1,"aitchison_pc0.1",1,200,87471.747346755
2,"prevalence",1,"aitchison_pc1",1,200,87471.747346755
2,"prevalence",1,"bray",0.568385303092807,200,87471.747346755
2,"prevalence",1,"euclidean",0.109730883848801,200,87471.747346755
2,"prevalence",1,"jaccard",1,200,87471.747346755
4,"abundance",0.05,"AHC_euclidean",0.0354502327155659,400,87471.7473467549
4,"abundance",0.05,"ILR_euclidean_pc0.01",0.0440597032417185,400,87471.7473467549
4,"abundance",0.05,"ILR_euclidean_pc0.1",0.0443875078572989,400,87471.7473467549
4,"abundance",0.05,"ILR_euclidean_pc0.5",0.0362665068696803,400,87471.7473467549
4,"abundance",0.05,"ILR_euclidean_pc1",0.0398393350770465,400,87471.7473467549
4,"abundance",0.05,"aitchison",0.0343965229196838,400,87471.7473467549
4,"abundance",0.05,"aitchison_pc0.01",0.043899038318765,400,87471.7473467549
4,"abundance",0.05,"aitchison_pc0.1",0.045929687191715,400,87471.7473467549
4,"abundance",0.05,"aitchison_pc1",0.0364271717926339,400,87471.7473467549
4,"abundance",0.05,"bray",0.0347162582614091,400,87471.7473467549
4,"abundance",0.05,"euclidean",0.0308930448729286,400,87471.7473467549
4,"abundance",0.05,"jaccard",0.0445481727802525,400,87471.7473467549
4,"abundance",0.1,"AHC_euclidean",0.0568308013384986,400,87471.7473467549
4,"abundance",0.1,"ILR_euclidean_pc0.01",0.0517183340894279,400,87471.7473467549
4,"abundance",0.1,"ILR_euclidean_pc0.1",0.0450456573811713,400,87471.7473467549
4,"abundance",0.1,"ILR_euclidean_pc0.5",0.0410601845655555,400,87471.7473467549
4,"abundance",0.1,"ILR_euclidean_pc1",0.0498393350770465,400,87471.7473467549
4,"abundance",0.1,"aitchison",0.0410601845655555,400,87471.7473467549
4,"abundance",0.1,"aitchison_pc0.01",0.0517941590197123,400,87471.7473467549
4,"abundance",0.1,"aitchison_pc0.1",0.0470004813238371,400,87471.7473467549
4,"abundance",0.1,"aitchison_pc1",0.044969832450887,400,87471.7473467549
4,"abundance",0.1,"bray",0.0539006328229467,400,87471.7473467549
4,"abundance",0.1,"euclidean",0.0494282849729787,400,87471.7473467549
4,"abundance",0.1,"jaccard",0.0512208494885091,400,87471.7473467549
4,"abundance",0.15,"AHC_euclidean",0.0672279561146902,400,87471.7473467549
4,"abundance",0.15,"ILR_euclidean_pc0.01",0.0523584534885306,400,87471.7473467549
4,"abundance",0.15,"ILR_euclidean_pc0.1",0.0543891023614807,400,87471.7473467549
4,"abundance",0.15,"ILR_euclidean_pc0.5",0.0610617790697373,400,87471.7473467549
4,"abundance",0.15,"ILR_euclidean_pc1",0.0562681013738621,400,87471.7473467549
4,"abundance",0.15,"aitchison",0.0629317630197338,400,87471.7473467549
4,"abundance",0.15,"aitchison_pc0.01",0.0556947918426589,400,87471.7473467549
4,"abundance",0.15,"aitchison_pc0.1",0.0543132774311963,400,87471.7473467549
4,"abundance",0.15,"aitchison_pc1",0.0609769390770681,400,87471.7473467549
4,"abundance",0.15,"bray",0.0751124672490709,400,87471.7473467549
4,"abundance",0.15,"euclidean",0.0673780114710771,400,87471.7473467549
4,"abundance",0.15,"jaccard",0.0333363383541284,400,87471.7473467549
4,"abundance",0.2,"AHC_euclidean",0.0850382368229683,400,87471.7473467549
4,"abundance",0.2,"ILR_euclidean_pc0.01",0.0432514983614592,400,87471.7473467549
4,"abundance",0.2,"ILR_euclidean_pc0.1",0.0446330127729217,400,87471.7473467549
4,"abundance",0.2,"ILR_euclidean_pc0.5",0.0430908334385056,400,87471.7473467549
4,"abundance",0.2,"ILR_euclidean_pc1",0.0436641429697088,400,87471.7473467549
4,"abundance",0.2,"aitchison",0.0398393350770465,400,87471.7473467549
4,"abundance",0.2,"aitchison_pc0.01",0.0365878367155874,400,87471.7473467549
4,"abundance",0.2,"aitchison_pc0.1",0.03796935112705,400,87471.7473467549
4,"abundance",0.2,"aitchison_pc1",0.048457820665584,400,87471.7473467549
4,"abundance",0.2,"bray",0.0821145430770896,400,87471.7473467549
4,"abundance",0.2,"euclidean",0.081213428930306,400,87471.7473467549
4,"abundance",0.2,"jaccard",0.037000481323837,400,87471.7473467549
4,"abundance",0.25,"AHC_euclidean",0.0888614502114488,400,87471.7473467549
4,"abundance",0.25,"ILR_euclidean_pc0.01",0.0680361609949495,400,87471.7473467549
4,"abundance",0.25,"ILR_euclidean_pc0.1",0.0728298386908247,400,87471.7473467549
4,"abundance",0.25,"ILR_euclidean_pc0.5",0.0747846626334905,400,87471.7473467549
4,"abundance",0.25,"ILR_euclidean_pc1",0.0746998226408212,400,87471.7473467549
4,"abundance",0.25,"aitchison",0.0695783403293656,400,87471.7473467549
4,"abundance",0.25,"aitchison_pc0.01",0.0695783403293656,400,87471.7473467549
4,"abundance",0.25,"aitchison_pc0.1",0.0728298386908247,400,87471.7473467549
4,"abundance",0.25,"aitchison_pc1",0.0701516498605688,400,87471.7473467549
4,"abundance",0.25,"bray",0.0847153124728794,400,87471.7473467549
4,"abundance",0.25,"euclidean",0.0627630288229252,400,87471.7473467549
4,"abundance",0.25,"jaccard",0.058946290204118,400,87471.7473467549
4,"abundance",0.3,"AHC_euclidean",0.116248476744911,400,87471.7473467549
4,"abundance",0.3,"ILR_euclidean_pc0.01",0.0595783403293657,400,87471.7473467549
4,"abundance",0.3,"ILR_euclidean_pc0.1",0.0627540137605404,400,87471.7473467549
4,"abundance",0.3,"ILR_euclidean_pc0.5",0.0527540137605403,400,87471.7473467549
4,"abundance",0.3,"ILR_euclidean_pc1",0.057387026533462,400,87471.7473467549
4,"abundance",0.3,"aitchison",0.0607991898178746,400,87471.7473467549
4,"abundance",0.3,"aitchison_pc0.01",0.056166177044953,400,87471.7473467549
4,"abundance",0.3,"aitchison_pc0.1",0.0595783403293656,400,87471.7473467549
4,"abundance",0.3,"aitchison_pc1",0.060638524894921,400,87471.7473467549
4,"abundance",0.3,"bray",0.108785625281164,400,87471.7473467549
4,"abundance",0.3,"euclidean",0.082520712915666,400,87471.7473467549
4,"abundance",0.3,"jaccard",0.0524368187115266,400,87471.7473467549
4,"abundance",0.35,"AHC_euclidean",0.118997610239959,400,87471.7473467549
4,"abundance",0.35,"ILR_euclidean_pc0.01",0.0391763052876826,400,87471.7473467549
4,"abundance",0.35,"ILR_euclidean_pc0.1",0.0391763052876826,400,87471.7473467549
4,"abundance",0.35,"ILR_euclidean_pc0.5",0.0338093180606042,400,87471.7473467549
4,"abundance",0.35,"ILR_euclidean_pc1",0.0372214813450169,400,87471.7473467549
4,"abundance",0.35,"aitchison",0.03576414200327,400,87471.7473467549
4,"abundance",0.35,"aitchison_pc0.01",0.0391763052876826,400,87471.7473467549
4,"abundance",0.35,"aitchison_pc0.1",0.0391763052876826,400,87471.7473467549
4,"abundance",0.35,"aitchison_pc1",0.03576414200327,400,87471.7473467549
4,"abundance",0.35,"bray",0.15550220146706,400,87471.7473467549
4,"abundance",0.35,"euclidean",0.126151335928547,400,87471.7473467549
4,"abundance",0.35,"jaccard",0.0379799606936166,400,87471.7473467549
4,"abundance",0.4,"AHC_euclidean",0.199240574862871,400,87471.7473467549
4,"abundance",0.4,"ILR_euclidean_pc0.01",0.0572459862394599,400,87471.7473467549
4,"abundance",0.4,"ILR_euclidean_pc0.1",0.0547178527655909,400,87471.7473467549
4,"abundance",0.4,"ILR_euclidean_pc0.5",0.0622745592843912,400,87471.7473467549
4,"abundance",0.4,"ILR_euclidean_pc1",0.0664206970229606,400,87471.7473467549
4,"abundance",0.4,"aitchison",0.0624352242073448,400,87471.7473467549
4,"abundance",0.4,"aitchison_pc0.01",0.043260513423844,400,87471.7473467549
4,"abundance",0.4,"aitchison_pc0.1",0.0554518272197477,400,87471.7473467549
4,"abundance",0.4,"aitchison_pc1",0.0656867225688039,400,87471.7473467549
4,"abundance",0.4,"bray",0.238752105324337,400,87471.7473467549
4,"abundance",0.4,"euclidean",0.129073435170244,400,87471.7473467549
4,"abundance",0.4,"jaccard",0.0582148560426728,400,87471.7473467549
4,"abundance",0.45,"AHC_euclidean",0.248250485926525,400,87471.7473467549
4,"abundance",0.45,"ILR_euclidean_pc0.01",0.0611189251596,400,87471.7473467549
4,"abundance",0.45,"ILR_euclidean_pc0.1",0.0711189251596,400,87471.7473467549
4,"abundance",0.45,"ILR_euclidean_pc0.5",0.0748679081219779,400,87471.7473467549
4,"abundance",0.45,"ILR_euclidean_pc1",0.091607394698134,400,87471.7473467549
4,"abundance",0.45,"aitchison",0.0777825868054717,400,87471.7473467549
4,"abundance",0.45,"aitchison_pc0.01",0.0642945985907747,400,87471.7473467549
4,"abundance",0.45,"aitchison_pc0.1",0.0730737491022658,400,87471.7473467549
4,"abundance",0.45,"aitchison_pc1",0.0908734202439773,400,87471.7473467549
4,"abundance",0.45,"bray",0.301727864574655,400,87471.7473467549
4,"abundance",0.45,"euclidean",0.203869452838899,400,87471.7473467549
4,"abundance",0.45,"jaccard",0.0489382209302629,400,87471.7473467549
4,"abundance",0.5,"AHC_euclidean",0.329067705869169,400,87471.7473467549
4,"abundance",0.5,"ILR_euclidean_pc0.01",0.0730753436064475,400,87471.7473467549
4,"abundance",0.5,"ILR_euclidean_pc0.1",0.082914678683494,400,87471.7473467549
4,"abundance",0.5,"ILR_euclidean_pc0.5",0.0962510170376223,400,87471.7473467549
4,"abundance",0.5,"ILR_euclidean_pc1",0.104708837703206,400,87471.7473467549
4,"abundance",0.5,"aitchison",0.0928388537532096,400,87471.7473467549
4,"abundance",0.5,"aitchison_pc0.01",0.0682816659105723,400,87471.7473467549
4,"abundance",0.5,"aitchison_pc0.1",0.082914678683494,400,87471.7473467549
4,"abundance",0.5,"aitchison_pc1",0.0960903521146687,400,87471.7473467549
4,"abundance",0.5,"bray",0.359556175407703,400,87471.7473467549
4,"abundance",0.5,"euclidean",0.193148628244021,400,87471.7473467549
4,"abundance",0.5,"jaccard",0.060472979706476,400,87471.7473467549
4,"abundance",0.55,"AHC_euclidean",0.409180888480297,400,87471.7473467549
4,"abundance",0.55,"ILR_euclidean_pc0.01",0.0766726767082567,400,87471.7473467549
4,"abundance",0.55,"ILR_euclidean_pc0.1",0.0843965229196838,400,87471.7473467549
4,"abundance",0.55,"ILR_euclidean_pc0.5",0.0924416989770181,400,87471.7473467549
4,"abundance",0.55,"ILR_euclidean_pc1",0.117808686204097,400,87471.7473467549
4,"abundance",0.55,"aitchison",0.101709319027043,400,87471.7473467549
4,"abundance",0.55,"aitchison_pc0.01",0.0780541911197192,400,87471.7473467549
4,"abundance",0.55,"aitchison_pc0.1",0.0812208494885091,400,87471.7473467549
4,"abundance",0.55,"aitchison_pc1",0.110823694712318,400,87471.7473467549
4,"abundance",0.55,"bray",0.475436785783411,400,87471.7473467549
4,"abundance",0.55,"euclidean",0.265348011313779,400,87471.7473467549
4,"abundance",0.55,"jaccard",0.0822810340540645,400,87471.7473467549
4,"abundance",0.6,"AHC_euclidean",0.512389203106893,400,87471.7473467549
4,"abundance",0.6,"ILR_euclidean_pc0.01",0.0635793029770396,400,87471.7473467549
4,"abundance",0.6,"ILR_euclidean_pc0.1",0.0834944629843704,400,87471.7473467549
4,"abundance",0.6,"ILR_euclidean_pc0.5",0.119274094819698,400,87471.7473467549
4,"abundance",0.6,"ILR_euclidean_pc1",0.143335392565599,400,87471.7473467549
4,"abundance",0.6,"aitchison",0.104650097109162,400,87471.7473467549
4,"abundance",0.6,"aitchison_pc0.01",0.0640767875779584,400,87471.7473467549
4,"abundance",0.6,"aitchison_pc0.1",0.0854492869270361,400,87471.7473467549
4,"abundance",0.6,"aitchison_pc1",0.13805324533119,400,87471.7473467549
4,"abundance",0.6,"bray",0.599945909625694,400,87471.7473467549
4,"abundance",0.6,"euclidean",0.300503729324836,400,87471.7473467549
4,"abundance",0.6,"jaccard",0.0458448471990458,400,87471.7473467549
4,"abundance",0.65,"AHC_euclidean",0.622005846905632,400,87471.7473467549
4,"abundance",0.65,"ILR_euclidean_pc0.01",0.093324782999032,400,87471.7473467549
4,"abundance",0.65,"ILR_euclidean_pc0.1",0.114866962333448,400,87471.7473467549
4,"abundance",0.65,"ILR_euclidean_pc0.5",0.148354950548145,400,87471.7473467549
4,"abundance",0.65,"ILR_euclidean_pc1",0.160967924014683,400,87471.7473467549
4,"abundance",0.65,"aitchison",0.146897611206398,400,87471.7473467549
4,"abundance",0.65,"aitchison_pc0.01",0.0947062974104945,400,87471.7473467549
4,"abundance",0.65,"aitchison_pc0.1",0.112103933510523,400,87471.7473467549
4,"abundance",0.65,"aitchison_pc1",0.169821304952277,400,87471.7473467549
4,"abundance",0.65,"bray",0.674442665617159,400,87471.7473467549
4,"abundance",0.65,"euclidean",0.366718170690077,400,87471.7473467549
4,"abundance",0.65,"jaccard",0.0640571629490069,400,87471.7473467549
4,"abundance",0.7,"AHC_euclidean",0.675329981189012,400,87471.7473467549
4,"abundance",0.7,"ILR_euclidean_pc0.01",0.0750366423187865,400,87471.7473467549
4,"abundance",0.7,"ILR_euclidean_pc0.1",0.099096345560505,400,87471.7473467549
4,"abundance",0.7,"ILR_euclidean_pc0.5",0.126081337052284,400,87471.7473467549
4,"abundance",0.7,"ILR_euclidean_pc1",0.158935680637552,400,87471.7473467549
4,"abundance",0.7,"aitchison",0.132669173767871,400,87471.7473467549
4,"abundance",0.7,"aitchison_pc0.01",0.0652821472344093,400,87471.7473467549
4,"abundance",0.7,"aitchison_pc0.1",0.0895089901687546,400,87471.7473467549
4,"abundance",0.7,"aitchison_pc1",0.16259982360726,400,87471.7473467549
4,"abundance",0.7,"bray",0.726045276802748,400,87471.7473467549
4,"abundance",0.7,"euclidean",0.400605653653746,400,87471.7473467549
4,"abundance",0.7,"jaccard",0.0435728282073663,400,87471.7473467549
4,"abundance",0.75,"AHC_euclidean",0.784920525589126,400,87471.7473467549
4,"abundance",0.75,"ILR_euclidean_pc0.01",0.0985597449944931,400,87471.7473467549
4,"abundance",0.75,"ILR_euclidean_pc0.1",0.14204773320919,400,87471.7473467549
4,"abundance",0.75,"ILR_euclidean_pc0.5",0.208778204722962,400,87471.7473467549
4,"abundance",0.75,"ILR_euclidean_pc1",0.246427820508286,400,87471.7473467549
4,"abundance",0.75,"aitchison",0.202029703084421,400,87471.7473467549
4,"abundance",0.75,"aitchison_pc0.01",0.0981471003862435,400,87471.7473467549
4,"abundance",0.75,"aitchison_pc0.1",0.141710913531225,400,87471.7473467549
4,"abundance",0.75,"aitchison_pc1",0.257236025388546,400,87471.7473467549
4,"abundance",0.75,"bray",0.830933458269328,400,87471.7473467549
4,"abundance",0.75,"euclidean",0.490917968437269,400,87471.7473467549
4,"abundance",0.75,"jaccard",0.0443981174238655,400,87471.7473467549
4,"abundance",0.8,"AHC_euclidean",0.851516728651446,400,87471.7473467549
4,"abundance",0.8,"ILR_euclidean_pc0.01",0.0816260735385556,400,87471.7473467549
4,"abundance",0.8,"ILR_euclidean_pc0.1",0.121936793817896,400,87471.7473467549
4,"abundance",0.8,"ILR_euclidean_pc0.5",0.18282082362844,400,87471.7473467549
4,"abundance",0.8,"ILR_euclidean_pc1",0.226307217338955,400,87471.7473467549
4,"abundance",0.8,"aitchison",0.172905663621109,400,87471.7473467549
4,"abundance",0.8,"aitchison_pc0.01",0.0791737649949711,400,87471.7473467549
4,"abundance",0.8,"aitchison_pc0.1",0.109906144944946,400,87471.7473467549
4,"abundance",0.8,"aitchison_pc1",0.227132506555455,400,87471.7473467549
4,"abundance",0.8,"bray",0.899972954812847,400,87471.7473467549
4,"abundance",0.8,"euclidean",0.571253193611053,400,87471.7473467549
4,"abundance",0.8,"jaccard",0.0561832613811929,400,87471.7473467549
4,"abundance",0.85,"AHC_euclidean",0.928111040136705,400,87471.7473467549
4,"abundance",0.85,"ILR_euclidean_pc0.01",0.103231873732508,400,87471.7473467549
4,"abundance",0.85,"ILR_euclidean_pc0.1",0.150796649525163,400,87471.7473467549
4,"abundance",0.85,"ILR_euclidean_pc0.5",0.20932870061685,400,87471.7473467549
4,"abundance",0.85,"ILR_euclidean_pc1",0.273224453174305,400,87471.7473467549
4,"abundance",0.85,"aitchison",0.208032026198056,400,87471.7473467549
4,"abundance",0.85,"aitchison_pc0.01",0.0938900232563802,400,87471.7473467549
4,"abundance",0.85,"aitchison_pc0.1",0.148766000652213,400,87471.7473467549
4,"abundance",0.85,"aitchison_pc1",0.290374989854529,400,87471.7473467549
4,"abundance",0.85,"bray",0.96330027810459,400,87471.7473467549
4,"abundance",0.85,"euclidean",0.647851639893208,400,87471.7473467549
4,"abundance",0.85,"jaccard",0.0543026678646297,400,87471.7473467549
4,"abundance",0.9,"AHC_euclidean",0.957952915506463,400,87471.7473467549
4,"abundance",0.9,"ILR_euclidean_pc0.01",0.118138085323859,400,87471.7473467549
4,"abundance",0.9,"ILR_euclidean_pc0.1",0.181467003119784,400,87471.7473467549
4,"abundance",0.9,"ILR_euclidean_pc0.5",0.269418324122065,400,87471.7473467549
4,"abundance",0.9,"ILR_euclidean_pc1",0.357380254690911,400,87471.7473467549
4,"abundance",0.9,"aitchison",0.280547858848231,400,87471.7473467549
4,"abundance",0.9,"aitchison_pc0.01",0.11115309383208,400,87471.7473467549
4,"abundance",0.9,"aitchison_pc0.1",0.17130633819683,400,87471.7473467549
4,"abundance",0.9,"aitchison_pc1",0.360058443521167,400,87471.7473467549
4,"abundance",0.9,"bray",0.963976457753231,400,87471.7473467549
4,"abundance",0.9,"euclidean",0.694830156615314,400,87471.7473467549
4,"abundance",0.9,"jaccard",0.0587791505114911,400,87471.7473467549
4,"abundance",0.95,"AHC_euclidean",0.952771098096781,400,87471.7473467549
4,"abundance",0.95,"ILR_euclidean_pc0.01",0.0954608422821326,400,87471.7473467549
4,"abundance",0.95,"ILR_euclidean_pc0.1",0.15001803012477,400,87471.7473467549
4,"abundance",0.95,"ILR_euclidean_pc0.5",0.247170161309176,400,87471.7473467549
4,"abundance",0.95,"ILR_euclidean_pc1",0.339100480357399,400,87471.7473467549
4,"abundance",0.95,"aitchison",0.248788165573876,400,87471.7473467549
4,"abundance",0.95,"aitchison_pc0.01",0.0915511943968011,400,87471.7473467549
4,"abundance",0.95,"aitchison_pc0.1",0.146766531763311,400,87471.7473467549
4,"abundance",0.95,"aitchison_pc1",0.333160183599117,400,87471.7473467549
4,"abundance",0.95,"bray",0.973505072550937,400,87471.7473467549
4,"abundance",0.95,"euclidean",0.776712441389005,400,87471.7473467549
4,"abundance",0.95,"jaccard",0.0546265380032485,400,87471.7473467549
4,"abundance",1,"AHC_euclidean",0.977725440715609,400,87471.7473467549
4,"abundance",1,"ILR_euclidean_pc0.01",0.115030167549113,400,87471.7473467549
4,"abundance",1,"ILR_euclidean_pc0.1",0.179992579441797,400,87471.7473467549
4,"abundance",1,"ILR_euclidean_pc0.5",0.343842607971676,400,87471.7473467549
4,"abundance",1,"ILR_euclidean_pc1",0.435949081774911,400,87471.7473467549
4,"abundance",1,"aitchison",0.343606118118438,400,87471.7473467549
4,"abundance",1,"aitchison_pc0.01",0.116100961681235,400,87471.7473467549
4,"abundance",1,"aitchison_pc0.1",0.182840448257392,400,87471.7473467549
4,"abundance",1,"aitchison_pc1",0.44610073163548,400,87471.7473467549
4,"abundance",1,"bray",0.988121000987619,400,87471.7473467549
4,"abundance",1,"euclidean",0.814530791371138,400,87471.7473467549
4,"abundance",1,"jaccard",0.0301606649229536,400,87471.7473467549
4,"both",0.05,"AHC_euclidean",0.0494373000353635,400,87471.7473467549
4,"both",0.05,"ILR_euclidean_pc0.01",0.0546330127729217,400,87471.7473467549
4,"both",0.05,"ILR_euclidean_pc0.1",0.0530908334385056,400,87471.7473467549
4,"both",0.05,"ILR_euclidean_pc0.5",0.0550456573811713,400,87471.7473467549
4,"both",0.05,"ILR_euclidean_pc1",0.058457820665584,400,87471.7473467549
4,"both",0.05,"aitchison",0.0563423317999647,400,87471.7473467549
4,"both",0.05,"aitchison_pc0.01",0.0565878367155875,400,87471.7473467549
4,"both",0.05,"aitchison_pc0.1",0.0571611462467907,400,87471.7473467549
4,"both",0.05,"aitchison_pc1",0.0517941590197123,400,87471.7473467549
4,"both",0.05,"bray",0.0382971557426304,400,87471.7473467549
4,"both",0.05,"euclidean",0.0417289436559945,400,87471.7473467549
4,"both",0.05,"jaccard",0.0498393350770465,400,87471.7473467549
4,"both",0.1,"AHC_euclidean",0.0548785176885445,400,87471.7473467549
4,"both",0.1,"ILR_euclidean_pc0.01",0.0359387022540999,400,87471.7473467549
4,"both",0.1,"ILR_euclidean_pc0.1",0.0407323799499751,400,87471.7473467549
4,"both",0.1,"ILR_euclidean_pc0.5",0.0503197353417255,400,87471.7473467549
4,"both",0.1,"ILR_euclidean_pc1",0.046748501638541,400,87471.7473467549
4,"both",0.1,"aitchison",0.0441445432343877,400,87471.7473467549
4,"both",0.1,"aitchison_pc0.01",0.0325265389696872,400,87471.7473467549
4,"both",0.1,"aitchison_pc0.1",0.0393508655385125,400,87471.7473467549
4,"both",0.1,"aitchison_pc1",0.0460903521146686,400,87471.7473467549
4,"both",0.1,"bray",0.057236971177075,400,87471.7473467549
4,"both",0.1,"euclidean",0.0714589338459288,400,87471.7473467549
4,"both",0.1,"jaccard",0.0331846884935596,400,87471.7473467549
4,"both",0.15,"AHC_euclidean",0.0669075720573128,400,87471.7473467549
4,"both",0.15,"ILR_euclidean_pc0.01",0.0906385248949211,400,87471.7473467549
4,"both",0.15,"ILR_euclidean_pc0.1",0.10275401376054,400,87471.7473467549
4,"both",0.15,"ILR_euclidean_pc0.5",0.0940597032417186,400,87471.7473467549
4,"both",0.15,"ILR_euclidean_pc1",0.0955170425834655,400,87471.7473467549
4,"both",0.15,"aitchison",0.102180704229337,400,87471.7473467549
4,"both",0.15,"aitchison_pc0.01",0.0921807042293372,400,87471.7473467549
4,"both",0.15,"aitchison_pc0.1",0.098844365875209,400,87471.7473467549
4,"both",0.15,"aitchison_pc1",0.094135528172003,400,87471.7473467549
4,"both",0.15,"bray",0.074229383227057,400,87471.7473467549
4,"both",0.15,"euclidean",0.0537595925289446,400,87471.7473467549
4,"both",0.15,"jaccard",0.0888704652738336,400,87471.7473467549
4,"both",0.2,"AHC_euclidean",0.0939080533811499,400,87471.7473467549
4,"both",0.2,"ILR_euclidean_pc0.01",0.143336338354129,400,87471.7473467549
4,"both",0.2,"ILR_euclidean_pc0.1",0.150160664922954,400,87471.7473467549
4,"both",0.2,"ILR_euclidean_pc0.5",0.143581843269751,400,87471.7473467549
4,"both",0.2,"ILR_euclidean_pc1",0.141787684250039,400,87471.7473467549
4,"both",0.2,"aitchison",0.14894883049683,400,87471.7473467549
4,"both",0.2,"aitchison_pc0.01",0.141305689481178,400,87471.7473467549
4,"both",0.2,"aitchison_pc0.1",0.15211548886562,400,87471.7473467549
4,"both",0.2,"aitchison_pc1",0.142370008843627,400,87471.7473467549
4,"both",0.2,"bray",0.0966726767082567,400,87471.7473467549
4,"both",0.2,"euclidean",0.0662510170376222,400,87471.7473467549
4,"both",0.2,"jaccard",0.125121482311456,400,87471.7473467549
4,"both",0.25,"AHC_euclidean",0.168194285625192,400,87471.7473467549
4,"both",0.25,"ILR_euclidean_pc0.01",0.163436668178856,400,87471.7473467549
4,"both",0.25,"ILR_euclidean_pc0.1",0.172274559284391,400,87471.7473467549
4,"both",0.25,"ILR_euclidean_pc0.5",0.189435705531182,400,87471.7473467549
4,"both",0.25,"ILR_euclidean_pc1",0.190732379949975,400,87471.7473467549
4,"both",0.25,"aitchison",0.193410568780231,400,87471.7473467549
4,"both",0.25,"aitchison_pc0.01",0.169114375685275,400,87471.7473467549
4,"both",0.25,"aitchison_pc0.1",0.169275040608228,400,87471.7473467549
4,"both",0.25,"aitchison_pc1",0.179098885853217,400,87471.7473467549
4,"both",0.25,"bray",0.162094918448138,400,87471.7473467549
4,"both",0.25,"euclidean",0.131833923700457,400,87471.7473467549
4,"both",0.25,"jaccard",0.139290530440286,400,87471.7473467549
4,"both",0.3,"AHC_euclidean",0.218999204744142,400,87471.7473467549
4,"both",0.3,"ILR_euclidean_pc0.01",0.227068885695919,400,87471.7473467549
4,"both",0.3,"ILR_euclidean_pc0.1",0.245772211277125,400,87471.7473467549
4,"both",0.3,"ILR_euclidean_pc0.5",0.276582010661567,400,87471.7473467549
4,"both",0.3,"ILR_euclidean_pc1",0.281451513287726,400,87471.7473467549
4,"both",0.3,"aitchison",0.269260199491822,400,87471.7473467549
4,"both",0.3,"aitchison_pc0.01",0.223741562404175,400,87471.7473467549
4,"both",0.3,"aitchison_pc0.1",0.248526225037666,400,87471.7473467549
4,"both",0.3,"aitchison_pc1",0.303406337230392,400,87471.7473467549
4,"both",0.3,"bray",0.205837426640843,400,87471.7473467549
4,"both",0.3,"euclidean",0.111550248608271,400,87471.7473467549
4,"both",0.3,"jaccard",0.188195231413722,400,87471.7473467549
4,"both",0.35,"AHC_euclidean",0.320211039170266,400,87471.7473467549
4,"both",0.35,"ILR_euclidean_pc0.01",0.391599028351402,400,87471.7473467549
4,"both",0.35,"ILR_euclidean_pc0.1",0.426392706047277,400,87471.7473467549
4,"both",0.35,"ILR_euclidean_pc0.5",0.446805350655527,400,87471.7473467549
4,"both",0.35,"ILR_euclidean_pc1",0.482906312336763,400,87471.7473467549
4,"both",0.35,"aitchison",0.454850526712861,400,87471.7473467549
4,"both",0.35,"aitchison_pc0.01",0.390141689009655,400,87471.7473467549
4,"both",0.35,"aitchison_pc0.1",0.425508676236734,400,87471.7473467549
4,"both",0.35,"aitchison_pc1",0.471025718820199,400,87471.7473467549
4,"both",0.35,"bray",0.274380087299096,400,87471.7473467549
4,"both",0.35,"euclidean",0.128917650512782,400,87471.7473467549
4,"both",0.35,"jaccard",0.339053810541293,400,87471.7473467549
4,"both",0.4,"AHC_euclidean",0.454095236372625,400,87471.7473467549
4,"both",0.4,"ILR_euclidean_pc0.01",0.542978202790086,400,87471.7473467549
4,"both",0.4,"ILR_euclidean_pc0.1",0.597602200500623,400,87471.7473467549
4,"both",0.4,"ILR_euclidean_pc0.5",0.622658467448361,400,87471.7473467549
4,"both",0.4,"ILR_euclidean_pc1",0.661906462869435,400,87471.7473467549
4,"both",0.4,"aitchison",0.637845165123535,400,87471.7473467549
4,"both",0.4,"aitchison_pc0.01",0.556642345759795,400,87471.7473467549
4,"both",0.4,"aitchison_pc0.1",0.582893362797417,400,87471.7473467549
4,"both",0.4,"aitchison_pc1",0.657845165123535,400,87471.7473467549
4,"both",0.4,"bray",0.399310573739134,400,87471.7473467549
4,"both",0.4,"euclidean",0.165013731928526,400,87471.7473467549
4,"both",0.4,"jaccard",0.465350551606492,400,87471.7473467549
4,"both",0.45,"AHC_euclidean",0.612698232129106,400,87471.7473467549
4,"both",0.45,"ILR_euclidean_pc0.01",0.721844533267027,400,87471.7473467549
4,"both",0.45,"ILR_euclidean_pc0.1",0.764044862125316,400,87471.7473467549
4,"both",0.45,"ILR_euclidean_pc0.5",0.815098571921198,400,87471.7473467549
4,"both",0.45,"ILR_euclidean_pc1",0.810793363763856,400,87471.7473467549
4,"both",0.45,"aitchison",0.804440422397325,400,87471.7473467549
4,"both",0.45,"aitchison_pc0.01",0.729240574862874,400,87471.7473467549
4,"both",0.45,"aitchison_pc0.1",0.760945013624426,400,87471.7473467549
4,"both",0.45,"aitchison_pc1",0.827541865402397,400,87471.7473467549
4,"both",0.45,"bray",0.566907044938681,400,87471.7473467549
4,"both",0.45,"euclidean",0.188350070282654,400,87471.7473467549
4,"both",0.45,"jaccard",0.600470439413767,400,87471.7473467549
4,"both",0.5,"AHC_euclidean",0.734831751119496,400,87471.7473467549
4,"both",0.5,"ILR_euclidean_pc0.01",0.862618569474805,400,87471.7473467549
4,"both",0.5,"ILR_euclidean_pc0.1",0.891573874741308,400,87471.7473467549
4,"both",0.5,"ILR_euclidean_pc0.5",0.908322376379848,400,87471.7473467549
4,"both",0.5,"ILR_euclidean_pc1",0.922890173789052,400,87471.7473467549
4,"both",0.5,"aitchison",0.903528698683973,400,87471.7473467549
4,"both",0.5,"aitchison_pc0.01",0.866367552437183,400,87471.7473467549
4,"both",0.5,"aitchison_pc0.1",0.880277200322514,400,87471.7473467549
4,"both",0.5,"aitchison_pc1",0.919553835434924,400,87471.7473467549
4,"both",0.5,"bray",0.657677079642378,400,87471.7473467549
4,"both",0.5,"euclidean",0.242344558160655,400,87471.7473467549
4,"both",0.5,"jaccard",0.806458867199526,400,87471.7473467549
4,"both",0.55,"AHC_euclidean",0.84093599856204,400,87471.7473467549
4,"both",0.55,"ILR_euclidean_pc0.01",0.945583852451366,400,87471.7473467549
4,"both",0.55,"ILR_euclidean_pc0.1",0.969990984937616,400,87471.7473467549
4,"both",0.55,"ILR_euclidean_pc0.5",0.972021633810566,400,87471.7473467549
4,"both",0.55,"ILR_euclidean_pc1",0.97731279610736,400,87471.7473467549
4,"both",0.55,"aitchison",0.97731279610736,400,87471.7473467549
4,"both",0.55,"aitchison_pc0.01",0.941035679671113,400,87471.7473467549
4,"both",0.55,"aitchison_pc0.1",0.966815311506441,400,87471.7473467549
4,"both",0.55,"aitchison_pc1",0.977388621037644,400,87471.7473467549
4,"both",0.55,"bray",0.77911160534681,400,87471.7473467549
4,"both",0.55,"euclidean",0.299795854269305,400,87471.7473467549
4,"both",0.55,"jaccard",0.87209586423667,400,87471.7473467549
4,"both",0.6,"AHC_euclidean",0.921451513287727,400,87471.7473467549
4,"both",0.6,"ILR_euclidean_pc0.01",0.97519730724174,400,87471.7473467549
4,"both",0.6,"ILR_euclidean_pc0.1",0.981372499349078,400,87471.7473467549
4,"both",0.6,"ILR_euclidean_pc0.5",0.994708837703206,400,87471.7473467549
4,"both",0.6,"ILR_euclidean_pc1",0.994708837703206,400,87471.7473467549
4,"both",0.6,"aitchison",0.993327323291744,400,87471.7473467549
4,"both",0.6,"aitchison_pc0.01",0.961945808880281,400,87471.7473467549
4,"both",0.6,"aitchison_pc0.1",0.983242483299074,400,87471.7473467549
4,"both",0.6,"aitchison_pc1",0.993327323291743,400,87471.7473467549
4,"both",0.6,"bray",0.856724645459752,400,87471.7473467549
4,"both",0.6,"euclidean",0.376391014790149,400,87471.7473467549
4,"both",0.6,"jaccard",0.965356377660512,400,87471.7473467549
4,"both",0.65,"AHC_euclidean",0.955839021145025,400,87471.7473467549
4,"both",0.65,"ILR_euclidean_pc0.01",0.993327323291744,400,87471.7473467549
4,"both",0.65,"ILR_euclidean_pc0.1",0.994708837703206,400,87471.7473467549
4,"both",0.65,"ILR_euclidean_pc0.5",0.995282147234409,400,87471.7473467549
4,"both",0.65,"ILR_euclidean_pc1",0.995282147234409,400,87471.7473467549
4,"both",0.65,"aitchison",0.996663661645872,400,87471.7473467549
4,"both",0.65,"aitchison_pc0.01",0.993327323291744,400,87471.7473467549
4,"both",0.65,"aitchison_pc0.1",0.993327323291744,400,87471.7473467549
4,"both",0.65,"aitchison_pc1",0.996663661645872,400,87471.7473467549
4,"both",0.65,"bray",0.939974549317028,400,87471.7473467549
4,"both",0.65,"euclidean",0.426805350655527,400,87471.7473467549
4,"both",0.65,"jaccard",0.989915160007331,400,87471.7473467549
4,"both",0.7,"AHC_euclidean",0.984549767284434,400,87471.7473467549
4,"both",0.7,"ILR_euclidean_pc0.01",1,400,87471.7473467549
4,"both",0.7,"ILR_euclidean_pc0.1",1,400,87471.7473467549
4,"both",0.7,"ILR_euclidean_pc0.5",1,400,87471.7473467549
4,"both",0.7,"ILR_euclidean_pc1",1,400,87471.7473467549
4,"both",0.7,"aitchison",1,400,87471.7473467549
4,"both",0.7,"aitchison_pc0.01",1,400,87471.7473467549
4,"both",0.7,"aitchison_pc0.1",1,400,87471.7473467549
4,"both",0.7,"aitchison_pc1",1,400,87471.7473467549
4,"both",0.7,"bray",0.957614501324316,400,87471.7473467549
4,"both",0.7,"euclidean",0.524750196888135,400,87471.7473467549
4,"both",0.7,"jaccard",1,400,87471.7473467549
4,"both",0.75,"AHC_euclidean",0.992115488865619,400,87471.7473467549
4,"both",0.75,"ILR_euclidean_pc0.01",0.998045176057334,400,87471.7473467549
4,"both",0.75,"ILR_euclidean_pc0.1",1,400,87471.7473467549
4,"both",0.75,"ILR_euclidean_pc0.5",1,400,87471.7473467549
4,"both",0.75,"ILR_euclidean_pc1",1,400,87471.7473467549
4,"both",0.75,"aitchison",1,400,87471.7473467549
4,"both",0.75,"aitchison_pc0.01",0.998045176057334,400,87471.7473467549
4,"both",0.75,"aitchison_pc0.1",0.998045176057334,400,87471.7473467549
4,"both",0.75,"aitchison_pc1",1,400,87471.7473467549
4,"both",0.75,"bray",0.987810280708278,400,87471.7473467549
4,"both",0.75,"euclidean",0.514206472836797,400,87471.7473467549
4,"both",0.75,"jaccard",0.998045176057334,400,87471.7473467549
4,"both",0.8,"AHC_euclidean",1,400,87471.7473467549
4,"both",0.8,"ILR_euclidean_pc0.01",1,400,87471.7473467549
4,"both",0.8,"ILR_euclidean_pc0.1",1,400,87471.7473467549
4,"both",0.8,"ILR_euclidean_pc0.5",1,400,87471.7473467549
4,"both",0.8,"ILR_euclidean_pc1",1,400,87471.7473467549
4,"both",0.8,"aitchison",1,400,87471.7473467549
4,"both",0.8,"aitchison_pc0.01",1,400,87471.7473467549
4,"both",0.8,"aitchison_pc0.1",1,400,87471.7473467549
4,"both",0.8,"aitchison_pc1",1,400,87471.7473467549
4,"both",0.8,"bray",0.998045176057334,400,87471.7473467549
4,"both",0.8,"euclidean",0.660690493646418,400,87471.7473467549
4,"both",0.8,"jaccard",1,400,87471.7473467549
4,"both",0.85,"AHC_euclidean",1,400,87471.7473467549
4,"both",0.85,"ILR_euclidean_pc0.01",1,400,87471.7473467549
4,"both",0.85,"ILR_euclidean_pc0.1",1,400,87471.7473467549
4,"both",0.85,"ILR_euclidean_pc0.5",1,400,87471.7473467549
4,"both",0.85,"ILR_euclidean_pc1",1,400,87471.7473467549
4,"both",0.85,"aitchison",1,400,87471.7473467549
4,"both",0.85,"aitchison_pc0.01",1,400,87471.7473467549
4,"both",0.85,"aitchison_pc0.1",1,400,87471.7473467549
4,"both",0.85,"aitchison_pc1",1,400,87471.7473467549
4,"both",0.85,"bray",1,400,87471.7473467549
4,"both",0.85,"euclidean",0.752144777272611,400,87471.7473467549
4,"both",0.85,"jaccard",1,400,87471.7473467549
4,"both",0.9,"AHC_euclidean",1,400,87471.7473467549
4,"both",0.9,"ILR_euclidean_pc0.01",1,400,87471.7473467549
4,"both",0.9,"ILR_euclidean_pc0.1",1,400,87471.7473467549
4,"both",0.9,"ILR_euclidean_pc0.5",1,400,87471.7473467549
4,"both",0.9,"ILR_euclidean_pc1",1,400,87471.7473467549
4,"both",0.9,"aitchison",1,400,87471.7473467549
4,"both",0.9,"aitchison_pc0.01",1,400,87471.7473467549
4,"both",0.9,"aitchison_pc0.1",1,400,87471.7473467549
4,"both",0.9,"aitchison_pc1",1,400,87471.7473467549
4,"both",0.9,"bray",1,400,87471.7473467549
4,"both",0.9,"euclidean",0.839492554548169,400,87471.7473467549
4,"both",0.9,"jaccard",1,400,87471.7473467549
4,"both",0.95,"AHC_euclidean",1,400,87471.7473467549
4,"both",0.95,"ILR_euclidean_pc0.01",1,400,87471.7473467549
4,"both",0.95,"ILR_euclidean_pc0.1",1,400,87471.7473467549
4,"both",0.95,"ILR_euclidean_pc0.5",1,400,87471.7473467549
4,"both",0.95,"ILR_euclidean_pc1",1,400,87471.7473467549
4,"both",0.95,"aitchison",1,400,87471.7473467549
4,"both",0.95,"aitchison_pc0.01",1,400,87471.7473467549
4,"both",0.95,"aitchison_pc0.1",1,400,87471.7473467549
4,"both",0.95,"aitchison_pc1",1,400,87471.7473467549
4,"both",0.95,"bray",1,400,87471.7473467549
4,"both",0.95,"euclidean",0.851534758776215,400,87471.7473467549
4,"both",0.95,"jaccard",1,400,87471.7473467549
4,"both",1,"AHC_euclidean",1,400,87471.7473467549
4,"both",1,"ILR_euclidean_pc0.01",1,400,87471.7473467549
4,"both",1,"ILR_euclidean_pc0.1",1,400,87471.7473467549
4,"both",1,"ILR_euclidean_pc0.5",1,400,87471.7473467549
4,"both",1,"ILR_euclidean_pc1",1,400,87471.7473467549
4,"both",1,"aitchison",1,400,87471.7473467549
4,"both",1,"aitchison_pc0.01",1,400,87471.7473467549
4,"both",1,"aitchison_pc0.1",1,400,87471.7473467549
4,"both",1,"aitchison_pc1",1,400,87471.7473467549
4,"both",1,"bray",1,400,87471.7473467549
4,"both",1,"euclidean",0.890077419434468,400,87471.7473467549
4,"both",1,"jaccard",1,400,87471.7473467549
4,"prevalence",0.05,"AHC_euclidean",0.044481362912353,400,87471.7473467549
4,"prevalence",0.05,"ILR_euclidean_pc0.01",0.0544071324862504,400,87471.7473467549
4,"prevalence",0.05,"ILR_euclidean_pc0.1",0.0583061708050153,400,87471.7473467549
4,"prevalence",0.05,"ILR_euclidean_pc0.5",0.0555431419820902,400,87471.7473467549
4,"prevalence",0.05,"ILR_euclidean_pc1",0.0574979659247559,400,87471.7473467549
4,"prevalence",0.05,"aitchison",0.0555431419820902,400,87471.7473467549
4,"prevalence",0.05,"aitchison_pc0.01",0.0504974846009189,400,87471.7473467549
4,"prevalence",0.05,"aitchison_pc0.1",0.0541616275706276,400,87471.7473467549
4,"prevalence",0.05,"aitchison_pc1",0.0667746010371658,400,87471.7473467549
4,"prevalence",0.05,"bray",0.0364271717926339,400,87471.7473467549
4,"prevalence",0.05,"euclidean",0.0296028452238086,400,87471.7473467549
4,"prevalence",0.05,"jaccard",0.0600848399926693,400,87471.7473467549
4,"prevalence",0.1,"AHC_euclidean",0.0451395124362254,400,87471.7473467549
4,"prevalence",0.1,"ILR_euclidean_pc0.01",0.0445416980105793,400,87471.7473467549
4,"prevalence",0.1,"ILR_euclidean_pc0.1",0.0550391826114981,400,87471.7473467549
4,"prevalence",0.1,"ILR_euclidean_pc0.5",0.0530843586688324,400,87471.7473467549
4,"prevalence",0.1,"ILR_euclidean_pc1",0.0556883170729856,400,87471.7473467549
4,"prevalence",0.1,"aitchison",0.0550391826114981,400,87471.7473467549
4,"prevalence",0.1,"aitchison_pc0.01",0.0459232124220418,400,87471.7473467549
4,"prevalence",0.1,"aitchison_pc0.1",0.0496721953844197,400,87471.7473467549
4,"prevalence",0.1,"aitchison_pc1",0.0538183331229891,400,87471.7473467549
4,"prevalence",0.1,"bray",0.0398393350770465,400,87471.7473467549
4,"prevalence",0.1,"euclidean",0.0493679498747524,400,87471.7473467549
4,"prevalence",0.1,"jaccard",0.0456018825761347,400,87471.7473467549
4,"prevalence",0.15,"AHC_euclidean",0.0691811855531741,400,87471.7473467549
4,"prevalence",0.15,"ILR_euclidean_pc0.01",0.095127957081129,400,87471.7473467549
4,"prevalence",0.15,"ILR_euclidean_pc0.1",0.0900064747696734,400,87471.7473467549
4,"prevalence",0.15,"ILR_euclidean_pc0.5",0.0835034780467552,400,87471.7473467549
4,"prevalence",0.15,"ILR_euclidean_pc1",0.0895089901687545,400,87471.7473467549
4,"prevalence",0.15,"aitchison",0.0820371236426235,400,87471.7473467549
4,"prevalence",0.15,"aitchison_pc0.01",0.0989527649737913,400,87471.7473467549
4,"prevalence",0.15,"aitchison_pc0.1",0.0958619315352857,400,87471.7473467549
4,"prevalence",0.15,"aitchison_pc1",0.0893589348123676,400,87471.7473467549
4,"prevalence",0.15,"bray",0.0710511695031707,400,87471.7473467549
4,"prevalence",0.15,"euclidean",0.0482890864687754,400,87471.7473467549
4,"prevalence",0.15,"jaccard",0.0904949443082074,400,87471.7473467549
4,"prevalence",0.2,"AHC_euclidean",0.0715502486082713,400,87471.7473467549
4,"prevalence",0.2,"ILR_euclidean_pc0.01",0.0952079168083067,400,87471.7473467549
4,"prevalence",0.2,"ILR_euclidean_pc0.1",0.097961930568847,400,87471.7473467549
4,"prevalence",0.2,"ILR_euclidean_pc0.5",0.117651210289507,400,87471.7473467549
4,"prevalence",0.2,"ILR_euclidean_pc1",0.107575385359222,400,87471.7473467549
4,"prevalence",0.2,"aitchison",0.112284223062428,400,87471.7473467549
4,"prevalence",0.2,"aitchison_pc0.01",0.10091172371335,400,87471.7473467549
4,"prevalence",0.2,"aitchison_pc0.1",0.105283741738591,400,87471.7473467549
4,"prevalence",0.2,"aitchison_pc1",0.107238565681257,400,87471.7473467549
4,"prevalence",0.2,"bray",0.0778102807082782,400,87471.7473467549
4,"prevalence",0.2,"euclidean",0.0429146786834939,400,87471.7473467549
4,"prevalence",0.2,"jaccard",0.1176235163867,400,87471.7473467549
4,"prevalence",0.25,"AHC_euclidean",0.0518715784541784,400,87471.7473467549
4,"prevalence",0.25,"ILR_euclidean_pc0.01",0.09278912822155,400,87471.7473467549
4,"prevalence",0.25,"ILR_euclidean_pc0.1",0.0996892797206596,400,87471.7473467549
4,"prevalence",0.25,"ILR_euclidean_pc0.5",0.0982319403789127,400,87471.7473467549
4,"prevalence",0.25,"ILR_euclidean_pc1",0.0935140876133219,400,87471.7473467549
4,"prevalence",0.25,"aitchison",0.0934382626830375,400,87471.7473467549
4,"prevalence",0.25,"aitchison_pc0.01",0.0980712754559592,400,87471.7473467549
4,"prevalence",0.25,"aitchison_pc0.1",0.0996892797206596,400,87471.7473467549
4,"prevalence",0.25,"aitchison_pc1",0.092056748271575,400,87471.7473467549
4,"prevalence",0.25,"bray",0.038055785623901,400,87471.7473467549
4,"prevalence",0.25,"euclidean",0.0394373000353635,400,87471.7473467549
4,"prevalence",0.25,"jaccard",0.127338895505984,400,87471.7473467549
4,"prevalence",0.3,"AHC_euclidean",0.0705733095312033,400,87471.7473467549
4,"prevalence",0.3,"ILR_euclidean_pc0.01",0.148038701287661,400,87471.7473467549
4,"prevalence",0.3,"ILR_euclidean_pc0.1",0.139506650195975,400,87471.7473467549
4,"prevalence",0.3,"ILR_euclidean_pc0.5",0.142345503949184,400,87471.7473467549
4,"prevalence",0.3,"ILR_euclidean_pc1",0.131452459076256,400,87471.7473467549
4,"prevalence",0.3,"aitchison",0.135521177380359,400,87471.7473467549
4,"prevalence",0.3,"aitchison_pc0.01",0.162345503949184,400,87471.7473467549
4,"prevalence",0.3,"aitchison_pc0.1",0.138772675741818,400,87471.7473467549
4,"prevalence",0.3,"aitchison_pc1",0.132184839026231,400,87471.7473467549
4,"prevalence",0.3,"bray",0.0739006328229467,400,87471.7473467549
4,"prevalence",0.3,"euclidean",0.0419638390050507,400,87471.7473467549
4,"prevalence",0.3,"jaccard",0.230125550461945,400,87471.7473467549
4,"prevalence",0.35,"AHC_euclidean",0.0504061698385765,400,87471.7473467549
4,"prevalence",0.35,"ILR_euclidean_pc0.01",0.250374244385931,400,87471.7473467549
4,"prevalence",0.35,"ILR_euclidean_pc0.1",0.235986736528632,400,87471.7473467549
4,"prevalence",0.35,"ILR_euclidean_pc0.5",0.211427954181813,400,87471.7473467549
4,"prevalence",0.35,"ILR_euclidean_pc1",0.185025287283622,400,87471.7473467549
4,"prevalence",0.35,"aitchison",0.197939965967116,400,87471.7473467549
4,"prevalence",0.35,"aitchison_pc0.01",0.241117233902472,400,87471.7473467549
4,"prevalence",0.35,"aitchison_pc0.1",0.237207586017141,400,87471.7473467549
4,"prevalence",0.35,"aitchison_pc1",0.20004643977035,400,87471.7473467549
4,"prevalence",0.35,"bray",0.0503197353417255,400,87471.7473467549
4,"prevalence",0.35,"euclidean",0.0417028442573698,400,87471.7473467549
4,"prevalence",0.35,"jaccard",0.36293749232081,400,87471.7473467549
4,"prevalence",0.4,"AHC_euclidean",0.0900848399926693,400,87471.7473467549
4,"prevalence",0.4,"ILR_euclidean_pc0.01",0.392798859026709,400,87471.7473467549
4,"prevalence",0.4,"ILR_euclidean_pc0.1",0.345159852807951,400,87471.7473467549
4,"prevalence",0.4,"ILR_euclidean_pc0.5",0.311989059642268,400,87471.7473467549
4,"prevalence",0.4,"ILR_euclidean_pc1",0.29856788129547,400,87471.7473467549
4,"prevalence",0.4,"aitchison",0.308737561280809,400,87471.7473467549
4,"prevalence",0.4,"aitchison_pc0.01",0.37841135116941,400,87471.7473467549
4,"prevalence",0.4,"aitchison_pc0.1",0.345075012815282,400,87471.7473467549
4,"prevalence",0.4,"aitchison_pc1",0.289150205889058,400,87471.7473467549
4,"prevalence",0.4,"bray",0.0803368196779654,400,87471.7473467549
4,"prevalence",0.4,"euclidean",0.0518789990123815,400,87471.7473467549
4,"prevalence",0.4,"jaccard",0.52507087801839,400,87471.7473467549
4,"prevalence",0.45,"AHC_euclidean",0.119829374226132,400,87471.7473467549
4,"prevalence",0.45,"ILR_euclidean_pc0.01",0.517664226855976,400,87471.7473467549
4,"prevalence",0.45,"ILR_euclidean_pc0.1",0.485222527878958,400,87471.7473467549
4,"prevalence",0.45,"ILR_euclidean_pc0.5",0.444323008236356,400,87471.7473467549
4,"prevalence",0.45,"ILR_euclidean_pc1",0.412544339048702,400,87471.7473467549
4,"prevalence",0.45,"aitchison",0.440017800079015,400,87471.7473467549
4,"prevalence",0.45,"aitchison_pc0.01",0.521725524601877,400,87471.7473467549
4,"prevalence",0.45,"aitchison_pc0.1",0.486519202297752,400,87471.7473467549
4,"prevalence",0.45,"aitchison_pc1",0.409611630240438,400,87471.7473467549
4,"prevalence",0.45,"bray",0.0956180211238447,400,87471.7473467549
4,"prevalence",0.45,"euclidean",0.0673192708770326,400,87471.7473467549
4,"prevalence",0.45,"jaccard",0.659584815099042,400,87471.7473467549
4,"prevalence",0.5,"AHC_euclidean",0.0904232541748164,400,87471.7473467549
4,"prevalence",0.5,"ILR_euclidean_pc0.01",0.60401876272669,400,87471.7473467549
4,"prevalence",0.5,"ILR_euclidean_pc0.1",0.559150854604712,400,87471.7473467549
4,"prevalence",0.5,"ILR_euclidean_pc0.5",0.500523353953789,400,87471.7473467549
4,"prevalence",0.5,"ILR_euclidean_pc1",0.458080060472589,400,87471.7473467549
4,"prevalence",0.5,"aitchison",0.485814516250583,400,87471.7473467549
4,"prevalence",0.5,"aitchison_pc0.01",0.593531887692338,400,87471.7473467549
4,"prevalence",0.5,"aitchison_pc0.1",0.547441535577669,400,87471.7473467549
4,"prevalence",0.5,"aitchison_pc1",0.460110709345539,400,87471.7473467549
4,"prevalence",0.5,"bray",0.0783926053018663,400,87471.7473467549
4,"prevalence",0.5,"euclidean",0.0457796318353281,400,87471.7473467549
4,"prevalence",0.5,"jaccard",0.795433797094981,400,87471.7473467549
4,"prevalence",0.55,"AHC_euclidean",0.112824958425333,400,87471.7473467549
4,"prevalence",0.55,"ILR_euclidean_pc0.01",0.734627902461678,400,87471.7473467549
4,"prevalence",0.55,"ILR_euclidean_pc0.1",0.702832797653436,400,87471.7473467549
4,"prevalence",0.55,"ILR_euclidean_pc0.5",0.650727918354382,400,87471.7473467549
4,"prevalence",0.55,"ILR_euclidean_pc1",0.607315755069969,400,87471.7473467549
4,"prevalence",0.55,"aitchison",0.642522077374094,400,87471.7473467549
4,"prevalence",0.55,"aitchison_pc0.01",0.732277518247002,400,87471.7473467549
4,"prevalence",0.55,"aitchison_pc0.1",0.692605322862582,400,87471.7473467549
4,"prevalence",0.55,"aitchison_pc1",0.612758567227332,400,87471.7473467549
4,"prevalence",0.55,"bray",0.0869956010583456,400,87471.7473467549
4,"prevalence",0.55,"euclidean",0.0395115304614661,400,87471.7473467549
4,"prevalence",0.55,"jaccard",0.906704372115148,400,87471.7473467549
4,"prevalence",0.6,"AHC_euclidean",0.102976608285902,400,87471.7473467549
4,"prevalence",0.6,"ILR_euclidean_pc0.01",0.861745149230828,400,87471.7473467549
4,"prevalence",0.6,"ILR_euclidean_pc0.1",0.830927929288185,400,87471.7473467549
4,"prevalence",0.6,"ILR_euclidean_pc0.5",0.779042455506131,400,87471.7473467549
4,"prevalence",0.6,"ILR_euclidean_pc1",0.74602744699791,400,87471.7473467549
4,"prevalence",0.6,"aitchison",0.777660941094668,400,87471.7473467549
4,"prevalence",0.6,"aitchison_pc0.01",0.8659655173955,400,87471.7473467549
4,"prevalence",0.6,"aitchison_pc0.1",0.828323970884031,400,87471.7473467549
4,"prevalence",0.6,"aitchison_pc1",0.747408961409373,400,87471.7473467549
4,"prevalence",0.6,"bray",0.0908856243147256,400,87471.7473467549
4,"prevalence",0.6,"euclidean",0.0613724993490778,400,87471.7473467549
4,"prevalence",0.6,"jaccard",0.9735622186408,400,87471.7473467549
4,"prevalence",0.65,"AHC_euclidean",0.155419901767102,400,87471.7473467549
4,"prevalence",0.65,"ILR_euclidean_pc0.01",0.923122528845397,400,87471.7473467549
4,"prevalence",0.65,"ILR_euclidean_pc0.1",0.893500058992637,400,87471.7473467549
4,"prevalence",0.65,"ILR_euclidean_pc0.5",0.856095002334406,400,87471.7473467549
4,"prevalence",0.65,"ILR_euclidean_pc1",0.834216003322025,400,87471.7473467549
4,"prevalence",0.65,"aitchison",0.859185835772912,400,87471.7473467549
4,"prevalence",0.65,"aitchison_pc0.01",0.935574837388981,400,87471.7473467549
4,"prevalence",0.65,"aitchison_pc0.1",0.897983016409172,400,87471.7473467549
4,"prevalence",0.65,"aitchison_pc1",0.837467501683484,400,87471.7473467549
4,"prevalence",0.65,"bray",0.114449437459707,400,87471.7473467549
4,"prevalence",0.65,"euclidean",0.0733273232917436,400,87471.7473467549
4,"prevalence",0.65,"jaccard",0.996090352114669,400,87471.7473467549
4,"prevalence",0.7,"AHC_euclidean",0.163553852294067,400,87471.7473467549
4,"prevalence",0.7,"ILR_euclidean_pc0.01",0.980405224050047,400,87471.7473467549
4,"prevalence",0.7,"ILR_euclidean_pc0.1",0.970405224050047,400,87471.7473467549
4,"prevalence",0.7,"ILR_euclidean_pc0.5",0.942596537845951,400,87471.7473467549
4,"prevalence",0.7,"ILR_euclidean_pc1",0.915671881452399,400,87471.7473467549
4,"prevalence",0.7,"aitchison",0.943160832314769,400,87471.7473467549
4,"prevalence",0.7,"aitchison_pc0.01",0.978450400107381,400,87471.7473467549
4,"prevalence",0.7,"aitchison_pc0.1",0.967153725688588,400,87471.7473467549
4,"prevalence",0.7,"aitchison_pc1",0.916968555871192,400,87471.7473467549
4,"prevalence",0.7,"bray",0.136730471513771,400,87471.7473467549
4,"prevalence",0.7,"euclidean",0.0504884695385341,400,87471.7473467549
4,"prevalence",0.7,"jaccard",1,400,87471.7473467549
4,"prevalence",0.75,"AHC_euclidean",0.170448474812033,400,87471.7473467549
4,"prevalence",0.75,"ILR_euclidean_pc0.01",0.987387026533462,400,87471.7473467549
4,"prevalence",0.75,"ILR_euclidean_pc0.1",0.973477378648131,400,87471.7473467549
4,"prevalence",0.75,"ILR_euclidean_pc0.5",0.954202338039903,400,87471.7473467549
4,"prevalence",0.75,"ILR_euclidean_pc1",0.935820342304604,400,87471.7473467549
4,"prevalence",0.75,"aitchison",0.954202338039903,400,87471.7473467549
4,"prevalence",0.75,"aitchison_pc0.01",0.987960336064665,400,87471.7473467549
4,"prevalence",0.75,"aitchison_pc0.1",0.975347362598127,400,87471.7473467549
4,"prevalence",0.75,"aitchison_pc1",0.934438827893141,400,87471.7473467549
4,"prevalence",0.75,"bray",0.117699341316984,400,87471.7473467549
4,"prevalence",0.75,"euclidean",0.0518774045081997,400,87471.7473467549
4,"prevalence",0.75,"jaccard",1,400,87471.7473467549
4,"prevalence",0.8,"AHC_euclidean",0.246183977123967,400,87471.7473467549
4,"prevalence",0.8,"ILR_euclidean_pc0.01",0.996090352114669,400,87471.7473467549
4,"prevalence",0.8,"ILR_euclidean_pc0.1",0.994708837703206,400,87471.7473467549
4,"prevalence",0.8,"ILR_euclidean_pc0.5",0.994708837703206,400,87471.7473467549
4,"prevalence",0.8,"ILR_euclidean_pc1",0.984061297745901,400,87471.7473467549
4,"prevalence",0.8,"aitchison",0.993327323291744,400,87471.7473467549
4,"prevalence",0.8,"aitchison_pc0.01",0.996663661645872,400,87471.7473467549
4,"prevalence",0.8,"aitchison_pc0.1",0.994708837703206,400,87471.7473467549
4,"prevalence",0.8,"aitchison_pc1",0.985357972164694,400,87471.7473467549
4,"prevalence",0.8,"bray",0.180419835120697,400,87471.7473467549
4,"prevalence",0.8,"euclidean",0.0610356796711126,400,87471.7473467549
4,"prevalence",0.8,"jaccard",1,400,87471.7473467549
4,"prevalence",0.85,"AHC_euclidean",0.265060171698876,400,87471.7473467549
4,"prevalence",0.85,"ILR_euclidean_pc0.01",0.994708837703206,400,87471.7473467549
4,"prevalence",0.85,"ILR_euclidean_pc0.1",0.994708837703206,400,87471.7473467549
4,"prevalence",0.85,"ILR_euclidean_pc0.5",0.994708837703206,400,87471.7473467549
4,"prevalence",0.85,"ILR_euclidean_pc1",0.989417675406412,400,87471.7473467549
4,"prevalence",0.85,"aitchison",0.994708837703206,400,87471.7473467549
4,"prevalence",0.85,"aitchison_pc0.01",0.994708837703206,400,87471.7473467549
4,"prevalence",0.85,"aitchison_pc0.1",0.994708837703206,400,87471.7473467549
4,"prevalence",0.85,"aitchison_pc1",0.991372499349078,400,87471.7473467549
4,"prevalence",0.85,"bray",0.192284938805202,400,87471.7473467549
4,"prevalence",0.85,"euclidean",0.0795693252669808,400,87471.7473467549
4,"prevalence",0.85,"jaccard",1,400,87471.7473467549
4,"prevalence",0.9,"AHC_euclidean",0.270694628443308,400,87471.7473467549
4,"prevalence",0.9,"ILR_euclidean_pc0.01",1,400,87471.7473467549
4,"prevalence",0.9,"ILR_euclidean_pc0.1",0.998045176057334,400,87471.7473467549
4,"prevalence",0.9,"ILR_euclidean_pc0.5",0.998045176057334,400,87471.7473467549
4,"prevalence",0.9,"ILR_euclidean_pc1",0.992180704229337,400,87471.7473467549
4,"prevalence",0.9,"aitchison",0.998045176057334,400,87471.7473467549
4,"prevalence",0.9,"aitchison_pc0.01",1,400,87471.7473467549
4,"prevalence",0.9,"aitchison_pc0.1",0.998045176057334,400,87471.7473467549
4,"prevalence",0.9,"aitchison_pc1",0.992180704229337,400,87471.7473467549
4,"prevalence",0.9,"bray",0.200777873931795,400,87471.7473467549
4,"prevalence",0.9,"euclidean",0.0683835902394814,400,87471.7473467549
4,"prevalence",0.9,"jaccard",1,400,87471.7473467549
4,"prevalence",0.95,"AHC_euclidean",0.334021951735052,400,87471.7473467549
4,"prevalence",0.95,"ILR_euclidean_pc0.01",1,400,87471.7473467549
4,"prevalence",0.95,"ILR_euclidean_pc0.1",1,400,87471.7473467549
4,"prevalence",0.95,"ILR_euclidean_pc0.5",1,400,87471.7473467549
4,"prevalence",0.95,"ILR_euclidean_pc1",1,400,87471.7473467549
4,"prevalence",0.95,"aitchison",1,400,87471.7473467549
4,"prevalence",0.95,"aitchison_pc0.01",1,400,87471.7473467549
4,"prevalence",0.95,"aitchison_pc0.1",1,400,87471.7473467549
4,"prevalence",0.95,"aitchison_pc1",1,400,87471.7473467549
4,"prevalence",0.95,"bray",0.221838058497351,400,87471.7473467549
4,"prevalence",0.95,"euclidean",0.0816244790343739,400,87471.7473467549
4,"prevalence",0.95,"jaccard",1,400,87471.7473467549
4,"prevalence",1,"AHC_euclidean",0.374722406232381,400,87471.7473467549
4,"prevalence",1,"ILR_euclidean_pc0.01",1,400,87471.7473467549
4,"prevalence",1,"ILR_euclidean_pc0.1",1,400,87471.7473467549
4,"prevalence",1,"ILR_euclidean_pc0.5",1,400,87471.7473467549
4,"prevalence",1,"ILR_euclidean_pc1",1,400,87471.7473467549
4,"prevalence",1,"aitchison",1,400,87471.7473467549
4,"prevalence",1,"aitchison_pc0.01",1,400,87471.7473467549
4,"prevalence",1,"aitchison_pc0.1",1,400,87471.7473467549
4,"prevalence",1,"aitchison_pc1",1,400,87471.7473467549
4,"prevalence",1,"bray",0.255495726697386,400,87471.7473467549
4,"prevalence",1,"euclidean",0.0662665068696803,400,87471.7473467549
4,"prevalence",1,"jaccard",1,400,87471.7473467549
6,"abundance",0.05,"AHC_euclidean",0.0331102012820224,600,87471.7473467556
6,"abundance",0.05,"ILR_euclidean_pc0.01",0.0507595475348783,600,87471.7473467556
6,"abundance",0.05,"ILR_euclidean_pc0.1",0.0560046579631385,600,87471.7473467556
6,"abundance",0.05,"ILR_euclidean_pc0.5",0.0482860106400165,600,87471.7473467556
6,"abundance",0.05,"ILR_euclidean_pc1",0.051633604705772,600,87471.7473467556
6,"abundance",0.05,"aitchison",0.0528991607428014,600,87471.7473467556
6,"abundance",0.05,"aitchison_pc0.01",0.0536397493990315,600,87471.7473467556
6,"abundance",0.05,"aitchison_pc0.1",0.0515371171055782,600,87471.7473467556
6,"abundance",0.05,"aitchison_pc1",0.0521417705973368,600,87471.7473467556
6,"abundance",0.05,"bray",0.0445839419256071,600,87471.7473467556
6,"abundance",0.05,"euclidean",0.0544385986377645,600,87471.7473467556
6,"abundance",0.05,"jaccard",0.0501856843919352,600,87471.7473467556
6,"abundance",0.1,"AHC_euclidean",0.0297229337691022,600,87471.7473467556
6,"abundance",0.1,"ILR_euclidean_pc0.01",0.0410115413222503,600,87471.7473467556
6,"abundance",0.1,"ILR_euclidean_pc0.1",0.043356270461122,600,87471.7473467556
6,"abundance",0.1,"ILR_euclidean_pc0.5",0.0489673154717231,600,87471.7473467556
6,"abundance",0.1,"ILR_euclidean_pc1",0.0465545058091722,600,87471.7473467556
6,"abundance",0.1,"aitchison",0.0455037397838444,600,87471.7473467556
6,"abundance",0.1,"aitchison_pc0.01",0.043287089694645,600,87471.7473467556
6,"abundance",0.1,"aitchison_pc0.1",0.0455566109013559,600,87471.7473467556
6,"abundance",0.1,"aitchison_pc1",0.0404231974794572,600,87471.7473467556
6,"abundance",0.1,"bray",0.0413878014840545,600,87471.7473467556
6,"abundance",0.1,"euclidean",0.0433807052039553,600,87471.7473467556
6,"abundance",0.1,"jaccard",0.0401025147658773,600,87471.7473467556
6,"abundance",0.15,"AHC_euclidean",0.058776540756931,600,87471.7473467556
6,"abundance",0.15,"ILR_euclidean_pc0.01",0.0325971084675717,600,87471.7473467556
6,"abundance",0.15,"ILR_euclidean_pc0.1",0.0392981009035659,600,87471.7473467556
6,"abundance",0.15,"ILR_euclidean_pc0.5",0.0392473570124022,600,87471.7473467556
6,"abundance",0.15,"ILR_euclidean_pc1",0.0412458391538992,600,87471.7473467556
6,"abundance",0.15,"aitchison",0.0407594880736485,600,87471.7473467556
6,"abundance",0.15,"aitchison_pc0.01",0.0352777728223726,600,87471.7473467556
6,"abundance",0.15,"aitchison_pc0.1",0.0326183881356047,600,87471.7473467556
6,"abundance",0.15,"aitchison_pc1",0.0462298938580926,600,87471.7473467556
6,"abundance",0.15,"bray",0.0520405789354575,600,87471.7473467556
6,"abundance",0.15,"euclidean",0.0609734601649826,600,87471.7473467556
6,"abundance",0.15,"jaccard",0.0415671595681715,600,87471.7473467556
6,"abundance",0.2,"AHC_euclidean",0.0640499557042943,600,87471.7473467556
6,"abundance",0.2,"ILR_euclidean_pc0.01",0.0663530623499271,600,87471.7473467556
6,"abundance",0.2,"ILR_euclidean_pc0.1",0.0637673366084347,600,87471.7473467556
6,"abundance",0.2,"ILR_euclidean_pc0.5",0.0597839894417112,600,87471.7473467556
6,"abundance",0.2,"ILR_euclidean_pc1",0.0610624771917053,600,87471.7473467556
6,"abundance",0.2,"aitchison",0.0631794846059107,600,87471.7473467556
6,"abundance",0.2,"aitchison_pc0.01",0.0602027951415636,600,87471.7473467556
6,"abundance",0.2,"aitchison_pc0.1",0.0612748408349245,600,87471.7473467556
6,"abundance",0.2,"aitchison_pc1",0.0622872595387723,600,87471.7473467556
6,"abundance",0.2,"bray",0.0747201430474605,600,87471.7473467556
6,"abundance",0.2,"euclidean",0.0555408070975076,600,87471.7473467556
6,"abundance",0.2,"jaccard",0.0565009923845363,600,87471.7473467556
6,"abundance",0.25,"AHC_euclidean",0.108131977158789,600,87471.7473467556
6,"abundance",0.25,"ILR_euclidean_pc0.01",0.0399819779641784,600,87471.7473467556
6,"abundance",0.25,"ILR_euclidean_pc0.1",0.0410305866000922,600,87471.7473467556
6,"abundance",0.25,"ILR_euclidean_pc0.5",0.0423971084161139,600,87471.7473467556
6,"abundance",0.25,"ILR_euclidean_pc1",0.0452021023481064,600,87471.7473467556
6,"abundance",0.25,"aitchison",0.0457173956481527,600,87471.7473467556
6,"abundance",0.25,"aitchison_pc0.01",0.0407322407011615,600,87471.7473467556
6,"abundance",0.25,"aitchison_pc0.1",0.0420132721017407,600,87471.7473467556
6,"abundance",0.25,"aitchison_pc1",0.0495050750817936,600,87471.7473467556
6,"abundance",0.25,"bray",0.10431270627567,600,87471.7473467556
6,"abundance",0.25,"euclidean",0.0913854044137354,600,87471.7473467556
6,"abundance",0.25,"jaccard",0.0480337177105098,600,87471.7473467556
6,"abundance",0.3,"AHC_euclidean",0.0901546974583962,600,87471.7473467556
6,"abundance",0.3,"ILR_euclidean_pc0.01",0.0529877299521099,600,87471.7473467556
6,"abundance",0.3,"ILR_euclidean_pc0.1",0.0635995108523499,600,87471.7473467556
6,"abundance",0.3,"ILR_euclidean_pc0.5",0.0694303158937203,600,87471.7473467556
6,"abundance",0.3,"ILR_euclidean_pc1",0.0626943540722467,600,87471.7473467556
6,"abundance",0.3,"aitchison",0.0653324590909816,600,87471.7473467556
6,"abundance",0.3,"aitchison_pc0.01",0.0569316295545557,600,87471.7473467556
6,"abundance",0.3,"aitchison_pc0.1",0.0598893601402543,600,87471.7473467556
6,"abundance",0.3,"aitchison_pc1",0.0676973676550886,600,87471.7473467556
6,"abundance",0.3,"bray",0.102816731374847,600,87471.7473467556
6,"abundance",0.3,"euclidean",0.104244534746365,600,87471.7473467556
6,"abundance",0.3,"jaccard",0.0593845721846903,600,87471.7473467556
6,"abundance",0.35,"AHC_euclidean",0.122505458369383,600,87471.7473467556
6,"abundance",0.35,"ILR_euclidean_pc0.01",0.0510769387116509,600,87471.7473467556
6,"abundance",0.35,"ILR_euclidean_pc0.1",0.0470003615769453,600,87471.7473467556
6,"abundance",0.35,"ILR_euclidean_pc0.5",0.0517389414997195,600,87471.7473467556
6,"abundance",0.35,"ILR_euclidean_pc1",0.0576683915306975,600,87471.7473467556
6,"abundance",0.35,"aitchison",0.0487333098155769,600,87471.7473467556
6,"abundance",0.35,"aitchison_pc0.01",0.0443409768901774,600,87471.7473467556
6,"abundance",0.35,"aitchison_pc0.1",0.0460928840074575,600,87471.7473467556
6,"abundance",0.35,"aitchison_pc1",0.0584186542676807,600,87471.7473467556
6,"abundance",0.35,"bray",0.149735627385907,600,87471.7473467556
6,"abundance",0.35,"euclidean",0.0967251441949103,600,87471.7473467556
6,"abundance",0.35,"jaccard",0.0548060483023951,600,87471.7473467556
6,"abundance",0.4,"AHC_euclidean",0.171716355605748,600,87471.7473467556
6,"abundance",0.4,"ILR_euclidean_pc0.01",0.0530026731940653,600,87471.7473467556
6,"abundance",0.4,"ILR_euclidean_pc0.1",0.0518554195685437,600,87471.7473467556
6,"abundance",0.4,"ILR_euclidean_pc0.5",0.0568382537261502,600,87471.7473467556
6,"abundance",0.4,"ILR_euclidean_pc1",0.0597184555903035,600,87471.7473467556
6,"abundance",0.4,"aitchison",0.056322960426104,600,87471.7473467556
6,"abundance",0.4,"aitchison_pc0.01",0.0522452830486006,600,87471.7473467556
6,"abundance",0.4,"aitchison_pc0.1",0.0530026731940653,600,87471.7473467556
6,"abundance",0.4,"aitchison_pc1",0.0623778402770714,600,87471.7473467556
6,"abundance",0.4,"bray",0.190160758528675,600,87471.7473467556
6,"abundance",0.4,"euclidean",0.138834890098827,600,87471.7473467556
6,"abundance",0.4,"jaccard",0.0489399491767765,600,87471.7473467556
6,"abundance",0.45,"AHC_euclidean",0.230660099142763,600,87471.7473467556
6,"abundance",0.45,"ILR_euclidean_pc0.01",0.0534402118896792,600,87471.7473467556
6,"abundance",0.45,"ILR_euclidean_pc0.1",0.0677131421607732,600,87471.7473467556
6,"abundance",0.45,"ILR_euclidean_pc0.5",0.0761174552122977,600,87471.7473467556
6,"abundance",0.45,"ILR_euclidean_pc1",0.0718718317749206,600,87471.7473467556
6,"abundance",0.45,"aitchison",0.0768056645912854,600,87471.7473467556
6,"abundance",0.45,"aitchison_pc0.01",0.0540448653814378,600,87471.7473467556
6,"abundance",0.45,"aitchison_pc0.1",0.0640508925471215,600,87471.7473467556
6,"abundance",0.45,"aitchison_pc1",0.0862701918660038,600,87471.7473467556
6,"abundance",0.45,"bray",0.253321554819751,600,87471.7473467556
6,"abundance",0.45,"euclidean",0.165528843110278,600,87471.7473467556
6,"abundance",0.45,"jaccard",0.034135446119737,600,87471.7473467556
6,"abundance",0.5,"AHC_euclidean",0.300329593673149,600,87471.7473467556
6,"abundance",0.5,"ILR_euclidean_pc0.01",0.057408695836911,600,87471.7473467556
6,"abundance",0.5,"ILR_euclidean_pc0.1",0.0618010287623105,600,87471.7473467556
6,"abundance",0.5,"ILR_euclidean_pc0.5",0.0721015320506551,600,87471.7473467556
6,"abundance",0.5,"ILR_euclidean_pc1",0.0768777012904279,600,87471.7473467556
6,"abundance",0.5,"aitchison",0.0661910408983255,600,87471.7473467556
6,"abundance",0.5,"aitchison_pc0.01",0.059385898310375,600,87471.7473467556
6,"abundance",0.5,"aitchison_pc0.1",0.0668040423451524,600,87471.7473467556
6,"abundance",0.5,"aitchison_pc1",0.0855172066400898,600,87471.7473467556
6,"abundance",0.5,"bray",0.330322646029686,600,87471.7473467556
6,"abundance",0.5,"euclidean",0.200153405237306,600,87471.7473467556
6,"abundance",0.5,"jaccard",0.0373475198605129,600,87471.7473467556
6,"abundance",0.55,"AHC_euclidean",0.314493535628795,600,87471.7473467556
6,"abundance",0.55,"ILR_euclidean_pc0.01",0.0488343094991649,600,87471.7473467556
6,"abundance",0.55,"ILR_euclidean_pc0.1",0.0498790483588089,600,87471.7473467556
6,"abundance",0.55,"ILR_euclidean_pc0.5",0.061145824942425,600,87471.7473467556
6,"abundance",0.55,"ILR_euclidean_pc1",0.0639987199728615,600,87471.7473467556
6,"abundance",0.55,"aitchison",0.0652915828436076,600,87471.7473467556
6,"abundance",0.55,"aitchison_pc0.01",0.0498053894135334,600,87471.7473467556
6,"abundance",0.55,"aitchison_pc0.1",0.0504145210840904,600,87471.7473467556
6,"abundance",0.55,"aitchison_pc1",0.0659524853888785,600,87471.7473467556
6,"abundance",0.55,"bray",0.362058405516642,600,87471.7473467556
6,"abundance",0.55,"euclidean",0.191225899674755,600,87471.7473467556
6,"abundance",0.55,"jaccard",0.0421630502653699,600,87471.7473467556
6,"abundance",0.6,"AHC_euclidean",0.431484397233119,600,87471.7473467556
6,"abundance",0.6,"ILR_euclidean_pc0.01",0.0569359618729309,600,87471.7473467556
6,"abundance",0.6,"ILR_euclidean_pc0.1",0.0728441322358758,600,87471.7473467556
6,"abundance",0.6,"ILR_euclidean_pc0.5",0.0849635660185636,600,87471.7473467556
6,"abundance",0.6,"ILR_euclidean_pc1",0.107024324379257,600,87471.7473467556
6,"abundance",0.6,"aitchison",0.0907273476828709,600,87471.7473467556
6,"abundance",0.6,"aitchison_pc0.01",0.0546664406662199,600,87471.7473467556
6,"abundance",0.6,"aitchison_pc0.1",0.0710136392504342,600,87471.7473467556
6,"abundance",0.6,"aitchison_pc1",0.0902644336600671,600,87471.7473467556
6,"abundance",0.6,"bray",0.495837356780162,600,87471.7473467556
6,"abundance",0.6,"euclidean",0.270955755076028,600,87471.7473467556
6,"abundance",0.6,"jaccard",0.0437890055593255,600,87471.7473467556
6,"abundance",0.65,"AHC_euclidean",0.476819022905101,600,87471.7473467556
6,"abundance",0.65,"ILR_euclidean_pc0.01",0.0538203280297353,600,87471.7473467556
6,"abundance",0.65,"ILR_euclidean_pc0.1",0.0742866199885397,600,87471.7473467556
6,"abundance",0.65,"ILR_euclidean_pc0.5",0.097398722614023,600,87471.7473467556
6,"abundance",0.65,"ILR_euclidean_pc1",0.125241699514336,600,87471.7473467556
6,"abundance",0.65,"aitchison",0.10262255337425,600,87471.7473467556
6,"abundance",0.65,"aitchison_pc0.01",0.056012320514901,600,87471.7473467556
6,"abundance",0.65,"aitchison_pc0.1",0.0655532762683669,600,87471.7473467556
6,"abundance",0.65,"aitchison_pc1",0.115332159948846,600,87471.7473467556
6,"abundance",0.65,"bray",0.569888271658816,600,87471.7473467556
6,"abundance",0.65,"euclidean",0.337146733491437,600,87471.7473467556
6,"abundance",0.65,"jaccard",0.0388804680476868,600,87471.7473467556
6,"abundance",0.7,"AHC_euclidean",0.554109371593966,600,87471.7473467556
6,"abundance",0.7,"ILR_euclidean_pc0.01",0.0831076977059321,600,87471.7473467556
6,"abundance",0.7,"ILR_euclidean_pc0.1",0.101711548266809,600,87471.7473467556
6,"abundance",0.7,"ILR_euclidean_pc0.5",0.123735817553301,600,87471.7473467556
6,"abundance",0.7,"ILR_euclidean_pc1",0.141223142354555,600,87471.7473467556
6,"abundance",0.7,"aitchison",0.123451623913922,600,87471.7473467556
6,"abundance",0.7,"aitchison_pc0.01",0.0707485934463084,600,87471.7473467556
6,"abundance",0.7,"aitchison_pc0.1",0.0995195557816433,600,87471.7473467556
6,"abundance",0.7,"aitchison_pc1",0.133729790387617,600,87471.7473467556
6,"abundance",0.7,"bray",0.635238039668895,600,87471.7473467556
6,"abundance",0.7,"euclidean",0.371810135645116,600,87471.7473467556
6,"abundance",0.7,"jaccard",0.0571469846657741,600,87471.7473467556
6,"abundance",0.75,"AHC_euclidean",0.658932442809855,600,87471.7473467556
6,"abundance",0.75,"ILR_euclidean_pc0.01",0.057851101994181,600,87471.7473467556
6,"abundance",0.75,"ILR_euclidean_pc0.1",0.0706621230918572,600,87471.7473467556
6,"abundance",0.75,"ILR_euclidean_pc0.5",0.105289648315394,600,87471.7473467556
6,"abundance",0.75,"ILR_euclidean_pc1",0.148383762809651,600,87471.7473467556
6,"abundance",0.75,"aitchison",0.116953415787549,600,87471.7473467556
6,"abundance",0.75,"aitchison_pc0.01",0.060194730890255,600,87471.7473467556
6,"abundance",0.75,"aitchison_pc0.1",0.074146978447769,600,87471.7473467556
6,"abundance",0.75,"aitchison_pc1",0.139643813684332,600,87471.7473467556
6,"abundance",0.75,"bray",0.721531054146445,600,87471.7473467556
6,"abundance",0.75,"euclidean",0.44679577941069,600,87471.7473467556
6,"abundance",0.75,"jaccard",0.03946320417072,600,87471.7473467556
6,"abundance",0.8,"AHC_euclidean",0.729446795525545,600,87471.7473467556
6,"abundance",0.8,"ILR_euclidean_pc0.01",0.0721311596737565,600,87471.7473467556
6,"abundance",0.8,"ILR_euclidean_pc0.1",0.0918798805878539,600,87471.7473467556
6,"abundance",0.8,"ILR_euclidean_pc0.5",0.124505053893624,600,87471.7473467556
6,"abundance",0.8,"ILR_euclidean_pc1",0.150025681565896,600,87471.7473467556
6,"abundance",0.8,"aitchison",0.125577099586985,600,87471.7473467556
6,"abundance",0.8,"aitchison_pc0.01",0.0722063676059172,600,87471.7473467556
6,"abundance",0.8,"aitchison_pc0.1",0.0889996787237007,600,87471.7473467556
6,"abundance",0.8,"aitchison_pc1",0.149880072320672,600,87471.7473467556
6,"abundance",0.8,"bray",0.78297949108173,600,87471.7473467556
6,"abundance",0.8,"euclidean",0.493148470224138,600,87471.7473467556
6,"abundance",0.8,"jaccard",0.0403958906457404,600,87471.7473467556
6,"abundance",0.85,"AHC_euclidean",0.800775596888837,600,87471.7473467556
6,"abundance",0.85,"ILR_euclidean_pc0.01",0.0871579965752164,600,87471.7473467556
6,"abundance",0.85,"ILR_euclidean_pc0.1",0.106017870358176,600,87471.7473467556
6,"abundance",0.85,"ILR_euclidean_pc0.5",0.158590664386703,600,87471.7473467556
6,"abundance",0.85,"ILR_euclidean_pc1",0.185890462913791,600,87471.7473467556
6,"abundance",0.85,"aitchison",0.157303828681641,600,87471.7473467556
6,"abundance",0.85,"aitchison_pc0.01",0.0837423219857816,600,87471.7473467556
6,"abundance",0.85,"aitchison_pc0.1",0.111192579473373,600,87471.7473467556
6,"abundance",0.85,"aitchison_pc1",0.179696579222746,600,87471.7473467556
6,"abundance",0.85,"bray",0.840725375001009,600,87471.7473467556
6,"abundance",0.85,"euclidean",0.528472749366454,600,87471.7473467556
6,"abundance",0.85,"jaccard",0.039006703574771,600,87471.7473467556
6,"abundance",0.9,"AHC_euclidean",0.849006990839734,600,87471.7473467556
6,"abundance",0.9,"ILR_euclidean_pc0.01",0.0883699960914283,600,87471.7473467556
6,"abundance",0.9,"ILR_euclidean_pc0.1",0.125410330977516,600,87471.7473467556
6,"abundance",0.9,"ILR_euclidean_pc0.5",0.188939068773492,600,87471.7473467556
6,"abundance",0.9,"ILR_euclidean_pc1",0.241681011662102,600,87471.7473467556
6,"abundance",0.9,"aitchison",0.18740675828701,600,87471.7473467556
6,"abundance",0.9,"aitchison_pc0.01",0.08951724971695,600,87471.7473467556
6,"abundance",0.9,"aitchison_pc0.1",0.118730618209555,600,87471.7473467556
6,"abundance",0.9,"aitchison_pc1",0.24885368091546,600,87471.7473467556
6,"abundance",0.9,"bray",0.872444716899702,600,87471.7473467556
6,"abundance",0.9,"euclidean",0.615570294991832,600,87471.7473467556
6,"abundance",0.9,"jaccard",0.0578734388088303,600,87471.7473467556
6,"abundance",0.95,"AHC_euclidean",0.872017445962678,600,87471.7473467556
6,"abundance",0.95,"ILR_euclidean_pc0.01",0.0870787985629968,600,87471.7473467556
6,"abundance",0.95,"ILR_euclidean_pc0.1",0.109644344879254,600,87471.7473467556
6,"abundance",0.95,"ILR_euclidean_pc0.5",0.167795444316662,600,87471.7473467556
6,"abundance",0.95,"ILR_euclidean_pc1",0.217091876856227,600,87471.7473467556
6,"abundance",0.95,"aitchison",0.166679975703656,600,87471.7473467556
6,"abundance",0.95,"aitchison_pc0.01",0.0800210537851456,600,87471.7473467556
6,"abundance",0.95,"aitchison_pc0.1",0.10524598478817,600,87471.7473467556
6,"abundance",0.95,"aitchison_pc1",0.216568235601112,600,87471.7473467556
6,"abundance",0.95,"bray",0.898952616853206,600,87471.7473467556
6,"abundance",0.95,"euclidean",0.660473639416372,600,87471.7473467556
6,"abundance",0.95,"jaccard",0.0362730477986695,600,87471.7473467556
6,"abundance",1,"AHC_euclidean",0.921382416961597,600,87471.7473467556
6,"abundance",1,"ILR_euclidean_pc0.01",0.121456210448032,600,87471.7473467556
6,"abundance",1,"ILR_euclidean_pc0.1",0.178457407030235,600,87471.7473467556
6,"abundance",1,"ILR_euclidean_pc0.5",0.249975441931689,600,87471.7473467556
6,"abundance",1,"ILR_euclidean_pc1",0.334344783522042,600,87471.7473467556
6,"abundance",1,"aitchison",0.252378966796345,600,87471.7473467556
6,"abundance",1,"aitchison_pc0.01",0.119875998863106,600,87471.7473467556
6,"abundance",1,"aitchison_pc0.1",0.167015677282053,600,87471.7473467556
6,"abundance",1,"aitchison_pc1",0.324379530046321,600,87471.7473467556
6,"abundance",1,"bray",0.940136817488603,600,87471.7473467556
6,"abundance",1,"euclidean",0.725385654399737,600,87471.7473467556
6,"abundance",1,"jaccard",0.0794422529429851,600,87471.7473467556
6,"both",0.05,"AHC_euclidean",0.0467133590494419,600,87471.7473467556
6,"both",0.05,"ILR_euclidean_pc0.01",0.0408131473587076,600,87471.7473467556
6,"both",0.05,"ILR_euclidean_pc0.1",0.0414178008504662,600,87471.7473467556
6,"both",0.05,"ILR_euclidean_pc0.5",0.0406593535583853,600,87471.7473467556
6,"both",0.05,"ILR_euclidean_pc1",0.0384673610732197,600,87471.7473467556
6,"both",0.05,"aitchison",0.0411054660919545,600,87471.7473467556
6,"both",0.05,"aitchison_pc0.01",0.0456515928176764,600,87471.7473467556
6,"both",0.05,"aitchison_pc0.1",0.0475491091801811,600,87471.7473467556
6,"both",0.05,"aitchison_pc1",0.043910460023947,600,87471.7473467556
6,"both",0.05,"bray",0.0540279906329554,600,87471.7473467556
6,"both",0.05,"euclidean",0.0516352400918507,600,87471.7473467556
6,"both",0.05,"jaccard",0.0464219146761058,600,87471.7473467556
6,"both",0.1,"AHC_euclidean",0.0562625424541872,600,87471.7473467556
6,"both",0.1,"ILR_euclidean_pc0.01",0.044458092659694,600,87471.7473467556
6,"both",0.1,"ILR_euclidean_pc0.1",0.0401595981048053,600,87471.7473467556
6,"both",0.1,"ILR_euclidean_pc0.5",0.04013941867957,600,87471.7473467556
6,"both",0.1,"ILR_euclidean_pc1",0.04013941867957,600,87471.7473467556
6,"both",0.1,"aitchison",0.0357683654222035,600,87471.7473467556
6,"both",0.1,"aitchison_pc0.01",0.0340845388286026,600,87471.7473467556
6,"both",0.1,"aitchison_pc0.1",0.0353572222741135,600,87471.7473467556
6,"both",0.1,"aitchison_pc1",0.0394785161342992,600,87471.7473467556
6,"both",0.1,"bray",0.0550461080621885,600,87471.7473467556
6,"both",0.1,"euclidean",0.0484617826516234,600,87471.7473467556
6,"both",0.1,"jaccard",0.0479140921950037,600,87471.7473467556
6,"both",0.15,"AHC_euclidean",0.0752717318586708,600,87471.7473467556
6,"both",0.15,"ILR_euclidean_pc0.01",0.0696748391076212,600,87471.7473467556
6,"both",0.15,"ILR_euclidean_pc0.1",0.0756746904516631,600,87471.7473467556
6,"both",0.15,"ILR_euclidean_pc0.5",0.0754207621360777,600,87471.7473467556
6,"both",0.15,"ILR_euclidean_pc1",0.0701756517078174,600,87471.7473467556
6,"both",0.15,"aitchison",0.0732345739553953,600,87471.7473467556
6,"both",0.15,"aitchison_pc0.01",0.0749701714237099,600,87471.7473467556
6,"both",0.15,"aitchison_pc0.1",0.0761147758195485,600,87471.7473467556
6,"both",0.15,"aitchison_pc1",0.0812432192223797,600,87471.7473467556
6,"both",0.15,"bray",0.0721322599165542,600,87471.7473467556
6,"both",0.15,"euclidean",0.0573998991377552,600,87471.7473467556
6,"both",0.15,"jaccard",0.061679348414802,600,87471.7473467556
6,"both",0.2,"AHC_euclidean",0.0708664672203064,600,87471.7473467556
6,"both",0.2,"ILR_euclidean_pc0.01",0.093811030091894,600,87471.7473467556
6,"both",0.2,"ILR_euclidean_pc0.1",0.105402774004852,600,87471.7473467556
6,"both",0.2,"ILR_euclidean_pc0.5",0.10806215869162,600,87471.7473467556
6,"both",0.2,"ILR_euclidean_pc1",0.104246115277646,600,87471.7473467556
6,"both",0.2,"aitchison",0.109738857876739,600,87471.7473467556
6,"both",0.2,"aitchison_pc0.01",0.0965734646878204,600,87471.7473467556
6,"both",0.2,"aitchison_pc0.1",0.102983937176617,600,87471.7473467556
6,"both",0.2,"aitchison_pc1",0.11159723593536,600,87471.7473467556
6,"both",0.2,"bray",0.089727667128951,600,87471.7473467556
6,"both",0.2,"euclidean",0.0472903934254033,600,87471.7473467556
6,"both",0.2,"jaccard",0.0748074053109888,600,87471.7473467556
6,"both",0.25,"AHC_euclidean",0.128647331301394,600,87471.7473467556
6,"both",0.25,"ILR_euclidean_pc0.01",0.120134420082181,600,87471.7473467556
6,"both",0.25,"ILR_euclidean_pc0.1",0.112841705867393,600,87471.7473467556
6,"both",0.25,"ILR_euclidean_pc0.5",0.123642190492205,600,87471.7473467556
6,"both",0.25,"ILR_euclidean_pc1",0.121870329832576,600,87471.7473467556
6,"both",0.25,"aitchison",0.120459164550322,600,87471.7473467556
6,"both",0.25,"aitchison_pc0.01",0.107915120763299,600,87471.7473467556
6,"both",0.25,"aitchison_pc0.1",0.120029584526919,600,87471.7473467556
6,"both",0.25,"aitchison_pc1",0.118796617624754,600,87471.7473467556
6,"both",0.25,"bray",0.117657042709213,600,87471.7473467556
6,"both",0.25,"euclidean",0.0629414209367327,600,87471.7473467556
6,"both",0.25,"jaccard",0.100323346667953,600,87471.7473467556
6,"both",0.3,"AHC_euclidean",0.159032550180995,600,87471.7473467556
6,"both",0.3,"ILR_euclidean_pc0.01",0.160694814784133,600,87471.7473467556
6,"both",0.3,"ILR_euclidean_pc0.1",0.164393134026062,600,87471.7473467556
6,"both",0.3,"ILR_euclidean_pc0.5",0.175071895207183,600,87471.7473467556
6,"both",0.3,"ILR_euclidean_pc1",0.172508998120609,600,87471.7473467556
6,"both",0.3,"aitchison",0.187890043713341,600,87471.7473467556
6,"both",0.3,"aitchison_pc0.01",0.168584057396812,600,87471.7473467556
6,"both",0.3,"aitchison_pc0.1",0.165100302283698,600,87471.7473467556
6,"both",0.3,"aitchison_pc1",0.182642775895666,600,87471.7473467556
6,"both",0.3,"bray",0.133215259698484,600,87471.7473467556
6,"both",0.3,"euclidean",0.104415384441518,600,87471.7473467556
6,"both",0.3,"jaccard",0.138490189728137,600,87471.7473467556
6,"both",0.35,"AHC_euclidean",0.251792100265935,600,87471.7473467556
6,"both",0.35,"ILR_euclidean_pc0.01",0.246240575945906,600,87471.7473467556
6,"both",0.35,"ILR_euclidean_pc0.1",0.265784180929055,600,87471.7473467556
6,"both",0.35,"ILR_euclidean_pc0.5",0.272764975224823,600,87471.7473467556
6,"both",0.35,"ILR_euclidean_pc1",0.289246699470317,600,87471.7473467556
6,"both",0.35,"aitchison",0.282034891913075,600,87471.7473467556
6,"both",0.35,"aitchison_pc0.01",0.251446548070282,600,87471.7473467556
6,"both",0.35,"aitchison_pc0.1",0.266280515350452,600,87471.7473467556
6,"both",0.35,"aitchison_pc1",0.287113113428077,600,87471.7473467556
6,"both",0.35,"bray",0.241585909648823,600,87471.7473467556
6,"both",0.35,"euclidean",0.125061223441044,600,87471.7473467556
6,"both",0.35,"jaccard",0.192273996570652,600,87471.7473467556
6,"both",0.4,"AHC_euclidean",0.382424847894054,600,87471.7473467556
6,"both",0.4,"ILR_euclidean_pc0.01",0.35375381121763,600,87471.7473467556
6,"both",0.4,"ILR_euclidean_pc0.1",0.38447206305921,600,87471.7473467556
6,"both",0.4,"ILR_euclidean_pc0.5",0.434076723714969,600,87471.7473467556
6,"both",0.4,"ILR_euclidean_pc1",0.452438105687117,600,87471.7473467556
6,"both",0.4,"aitchison",0.429855757881625,600,87471.7473467556
6,"both",0.4,"aitchison_pc0.01",0.355157728787613,600,87471.7473467556
6,"both",0.4,"aitchison_pc0.1",0.387591712539099,600,87471.7473467556
6,"both",0.4,"aitchison_pc1",0.451046434426793,600,87471.7473467556
6,"both",0.4,"bray",0.330459254029557,600,87471.7473467556
6,"both",0.4,"euclidean",0.147466165437009,600,87471.7473467556
6,"both",0.4,"jaccard",0.260225372563789,600,87471.7473467556
6,"both",0.45,"AHC_euclidean",0.479403096237394,600,87471.7473467556
6,"both",0.45,"ILR_euclidean_pc0.01",0.551062343960957,600,87471.7473467556
6,"both",0.45,"ILR_euclidean_pc0.1",0.594511930789256,600,87471.7473467556
6,"both",0.45,"ILR_euclidean_pc0.5",0.628357287959505,600,87471.7473467556
6,"both",0.45,"ILR_euclidean_pc1",0.640595666460825,600,87471.7473467556
6,"both",0.45,"aitchison",0.623405138571616,600,87471.7473467556
6,"both",0.45,"aitchison_pc0.01",0.55219063870783,600,87471.7473467556
6,"both",0.45,"aitchison_pc0.1",0.587162133235539,600,87471.7473467556
6,"both",0.45,"aitchison_pc1",0.635656029339977,600,87471.7473467556
6,"both",0.45,"bray",0.432969277696775,600,87471.7473467556
6,"both",0.45,"euclidean",0.181920298034651,600,87471.7473467556
6,"both",0.45,"jaccard",0.403821369737974,600,87471.7473467556
6,"both",0.5,"AHC_euclidean",0.564628662580911,600,87471.7473467556
6,"both",0.5,"ILR_euclidean_pc0.01",0.626530219027932,600,87471.7473467556
6,"both",0.5,"ILR_euclidean_pc0.1",0.663706266217291,600,87471.7473467556
6,"both",0.5,"ILR_euclidean_pc0.5",0.708637329500184,600,87471.7473467556
6,"both",0.5,"ILR_euclidean_pc1",0.71865750892542,600,87471.7473467556
6,"both",0.5,"aitchison",0.702436840403992,600,87471.7473467556
6,"both",0.5,"aitchison_pc0.01",0.6311491734352,600,87471.7473467556
6,"both",0.5,"aitchison_pc0.1",0.667045512327978,600,87471.7473467556
6,"both",0.5,"aitchison_pc1",0.706514517781496,600,87471.7473467556
6,"both",0.5,"bray",0.516798589022072,600,87471.7473467556
6,"both",0.5,"euclidean",0.237839582144607,600,87471.7473467556
6,"both",0.5,"jaccard",0.506265296549282,600,87471.7473467556
6,"both",0.55,"AHC_euclidean",0.684820465863999,600,87471.7473467556
6,"both",0.55,"ILR_euclidean_pc0.01",0.746464265010758,600,87471.7473467556
6,"both",0.55,"ILR_euclidean_pc0.1",0.784001456321579,600,87471.7473467556
6,"both",0.55,"ILR_euclidean_pc0.5",0.833308991624994,600,87471.7473467556
6,"both",0.55,"ILR_euclidean_pc1",0.842698310967552,600,87471.7473467556
6,"both",0.55,"aitchison",0.837215495473478,600,87471.7473467556
6,"both",0.55,"aitchison_pc0.01",0.75139919806992,600,87471.7473467556
6,"both",0.55,"aitchison_pc0.1",0.786707641863993,600,87471.7473467556
6,"both",0.55,"aitchison_pc1",0.848294146571985,600,87471.7473467556
6,"both",0.55,"bray",0.628742284697749,600,87471.7473467556
6,"both",0.55,"euclidean",0.275838973496604,600,87471.7473467556
6,"both",0.55,"jaccard",0.625877290596661,600,87471.7473467556
6,"both",0.6,"AHC_euclidean",0.80932220056301,600,87471.7473467556
6,"both",0.6,"ILR_euclidean_pc0.01",0.887923627511905,600,87471.7473467556
6,"both",0.6,"ILR_euclidean_pc0.1",0.913687514755311,600,87471.7473467556
6,"both",0.6,"ILR_euclidean_pc0.5",0.931646935819853,600,87471.7473467556
6,"both",0.6,"ILR_euclidean_pc1",0.939755446623032,600,87471.7473467556
6,"both",0.6,"aitchison",0.929434763909452,600,87471.7473467556
6,"both",0.6,"aitchison_pc0.01",0.888507001335631,600,87471.7473467556
6,"both",0.6,"aitchison_pc0.1",0.90921997389775,600,87471.7473467556
6,"both",0.6,"aitchison_pc1",0.946262243312052,600,87471.7473467556
6,"both",0.6,"bray",0.735568849792469,600,87471.7473467556
6,"both",0.6,"euclidean",0.373991535728534,600,87471.7473467556
6,"both",0.6,"jaccard",0.763775934362665,600,87471.7473467556
6,"both",0.65,"AHC_euclidean",0.86631681158146,600,87471.7473467556
6,"both",0.65,"ILR_euclidean_pc0.01",0.946627865612313,600,87471.7473467556
6,"both",0.65,"ILR_euclidean_pc0.1",0.959368262535725,600,87471.7473467556
6,"both",0.65,"ILR_euclidean_pc0.5",0.97498886132329,600,87471.7473467556
6,"both",0.65,"ILR_euclidean_pc1",0.977785507300214,600,87471.7473467556
6,"both",0.65,"aitchison",0.967931116545439,600,87471.7473467556
6,"both",0.65,"aitchison_pc0.01",0.948819858097478,600,87471.7473467556
6,"both",0.65,"aitchison_pc0.1",0.96119769837455,600,87471.7473467556
6,"both",0.65,"aitchison_pc1",0.977874867491926,600,87471.7473467556
6,"both",0.65,"bray",0.829624806385971,600,87471.7473467556
6,"both",0.65,"euclidean",0.397955625739377,600,87471.7473467556
6,"both",0.65,"jaccard",0.874209983373282,600,87471.7473467556
6,"both",0.7,"AHC_euclidean",0.931627542260322,600,87471.7473467556
6,"both",0.7,"ILR_euclidean_pc0.01",0.982457227245896,600,87471.7473467556
6,"both",0.7,"ILR_euclidean_pc0.1",0.99148504708873,600,87471.7473467556
6,"both",0.7,"ILR_euclidean_pc0.5",0.992557092782091,600,87471.7473467556
6,"both",0.7,"ILR_euclidean_pc1",0.994832641154486,600,87471.7473467556
6,"both",0.7,"aitchison",0.995437294646244,600,87471.7473467556
6,"both",0.7,"aitchison_pc0.01",0.980780528060777,600,87471.7473467556
6,"both",0.7,"aitchison_pc0.1",0.988757581878283,600,87471.7473467556
6,"both",0.7,"aitchison_pc1",0.995437294646244,600,87471.7473467556
6,"both",0.7,"bray",0.894221956100186,600,87471.7473467556
6,"both",0.7,"euclidean",0.486177083186838,600,87471.7473467556
6,"both",0.7,"jaccard",0.95258736112757,600,87471.7473467556
6,"both",0.75,"AHC_euclidean",0.982869813801773,600,87471.7473467556
6,"both",0.75,"ILR_euclidean_pc0.01",0.991292862870746,600,87471.7473467556
6,"both",0.75,"ILR_euclidean_pc0.1",0.994613150102785,600,87471.7473467556
6,"both",0.75,"ILR_euclidean_pc0.5",0.997877188281311,600,87471.7473467556
6,"both",0.75,"ILR_euclidean_pc1",1,600,87471.7473467556
6,"both",0.75,"aitchison",0.99680514258795,600,87471.7473467556
6,"both",0.75,"aitchison_pc0.01",0.991438472115971,600,87471.7473467556
6,"both",0.75,"aitchison_pc0.1",0.994613150102785,600,87471.7473467556
6,"both",0.75,"aitchison_pc1",1,600,87471.7473467556
6,"both",0.75,"bray",0.956295276732377,600,87471.7473467556
6,"both",0.75,"euclidean",0.537450059527695,600,87471.7473467556
6,"both",0.75,"jaccard",0.976219568278629,600,87471.7473467556
6,"both",0.8,"AHC_euclidean",0.987973793163608,600,87471.7473467556
6,"both",0.8,"ILR_euclidean_pc0.01",0.998927954306639,600,87471.7473467556
6,"both",0.8,"ILR_euclidean_pc0.1",0.998927954306639,600,87471.7473467556
6,"both",0.8,"ILR_euclidean_pc0.5",1,600,87471.7473467556
6,"both",0.8,"ILR_euclidean_pc1",1,600,87471.7473467556
6,"both",0.8,"aitchison",1,600,87471.7473467556
6,"both",0.8,"aitchison_pc0.01",0.998927954306639,600,87471.7473467556
6,"both",0.8,"aitchison_pc0.1",0.998927954306639,600,87471.7473467556
6,"both",0.8,"aitchison_pc1",1,600,87471.7473467556
6,"both",0.8,"bray",0.972326795806832,600,87471.7473467556
6,"both",0.8,"euclidean",0.614459141522862,600,87471.7473467556
6,"both",0.8,"jaccard",0.997718647323122,600,87471.7473467556
6,"both",0.85,"AHC_euclidean",0.996825322013186,600,87471.7473467556
6,"both",0.85,"ILR_euclidean_pc0.01",1,600,87471.7473467556
6,"both",0.85,"ILR_euclidean_pc0.1",1,600,87471.7473467556
6,"both",0.85,"ILR_euclidean_pc0.5",1,600,87471.7473467556
6,"both",0.85,"ILR_euclidean_pc1",1,600,87471.7473467556
6,"both",0.85,"aitchison",1,600,87471.7473467556
6,"both",0.85,"aitchison_pc0.01",1,600,87471.7473467556
6,"both",0.85,"aitchison_pc0.1",1,600,87471.7473467556
6,"both",0.85,"aitchison_pc1",1,600,87471.7473467556
6,"both",0.85,"bray",0.98461569375337,600,87471.7473467556
6,"both",0.85,"euclidean",0.6560001322913,600,87471.7473467556
6,"both",0.85,"jaccard",0.999395346508241,600,87471.7473467556
6,"both",0.9,"AHC_euclidean",0.998790693016483,600,87471.7473467556
6,"both",0.9,"ILR_euclidean_pc0.01",0.997877188281311,600,87471.7473467556
6,"both",0.9,"ILR_euclidean_pc0.1",1,600,87471.7473467556
6,"both",0.9,"ILR_euclidean_pc0.5",1,600,87471.7473467556
6,"both",0.9,"ILR_euclidean_pc1",1,600,87471.7473467556
6,"both",0.9,"aitchison",1,600,87471.7473467556
6,"both",0.9,"aitchison_pc0.01",1,600,87471.7473467556
6,"both",0.9,"aitchison_pc0.1",1,600,87471.7473467556
6,"both",0.9,"aitchison_pc1",1,600,87471.7473467556
6,"both",0.9,"bray",0.995994047039559,600,87471.7473467556
6,"both",0.9,"euclidean",0.721940787794757,600,87471.7473467556
6,"both",0.9,"jaccard",1,600,87471.7473467556
6,"both",0.95,"AHC_euclidean",1,600,87471.7473467556
6,"both",0.95,"ILR_euclidean_pc0.01",1,600,87471.7473467556
6,"both",0.95,"ILR_euclidean_pc0.1",1,600,87471.7473467556
6,"both",0.95,"ILR_euclidean_pc0.5",1,600,87471.7473467556
6,"both",0.95,"ILR_euclidean_pc1",1,600,87471.7473467556
6,"both",0.95,"aitchison",1,600,87471.7473467556
6,"both",0.95,"aitchison_pc0.01",1,600,87471.7473467556
6,"both",0.95,"aitchison_pc0.1",1,600,87471.7473467556
6,"both",0.95,"aitchison_pc1",1,600,87471.7473467556
6,"both",0.95,"bray",1,600,87471.7473467556
6,"both",0.95,"euclidean",0.802796387118858,600,87471.7473467556
6,"both",0.95,"jaccard",1,600,87471.7473467556
6,"both",1,"AHC_euclidean",1,600,87471.7473467556
6,"both",1,"ILR_euclidean_pc0.01",1,600,87471.7473467556
6,"both",1,"ILR_euclidean_pc0.1",1,600,87471.7473467556
6,"both",1,"ILR_euclidean_pc0.5",1,600,87471.7473467556
6,"both",1,"ILR_euclidean_pc1",1,600,87471.7473467556
6,"both",1,"aitchison",1,600,87471.7473467556
6,"both",1,"aitchison_pc0.01",1,600,87471.7473467556
6,"both",1,"aitchison_pc0.1",1,600,87471.7473467556
6,"both",1,"aitchison_pc1",1,600,87471.7473467556
6,"both",1,"bray",1,600,87471.7473467556
6,"both",1,"euclidean",0.820233909478208,600,87471.7473467556
6,"both",1,"jaccard",1,600,87471.7473467556
6,"prevalence",0.05,"AHC_euclidean",0.0469050081241448,600,87471.7473467556
6,"prevalence",0.05,"ILR_euclidean_pc0.01",0.0617366546149305,600,87471.7473467556
6,"prevalence",0.05,"ILR_euclidean_pc0.1",0.0598228286034602,600,87471.7473467556
6,"prevalence",0.05,"ILR_euclidean_pc0.5",0.0552369853343921,600,87471.7473467556
6,"prevalence",0.05,"ILR_euclidean_pc1",0.0674278775767599,600,87471.7473467556
6,"prevalence",0.05,"aitchison",0.0572633094528869,600,87471.7473467556
6,"prevalence",0.05,"aitchison_pc0.01",0.0630366448941582,600,87471.7473467556
6,"prevalence",0.05,"aitchison_pc0.1",0.0611261968186887,600,87471.7473467556
6,"prevalence",0.05,"aitchison_pc1",0.0657724580596736,600,87471.7473467556
6,"prevalence",0.05,"bray",0.0441821266715941,600,87471.7473467556
6,"prevalence",0.05,"euclidean",0.0507797269601136,600,87471.7473467556
6,"prevalence",0.05,"jaccard",0.0642537778294083,600,87471.7473467556
6,"prevalence",0.1,"AHC_euclidean",0.0430902878141691,600,87471.7473467556
6,"prevalence",0.1,"ILR_euclidean_pc0.01",0.0585234034237494,600,87471.7473467556
6,"prevalence",0.1,"ILR_euclidean_pc0.1",0.0579879306984679,600,87471.7473467556
6,"prevalence",0.1,"ILR_euclidean_pc0.5",0.0513975781222189,600,87471.7473467556
6,"prevalence",0.1,"ILR_euclidean_pc1",0.0490326695581119,600,87471.7473467556
6,"prevalence",0.1,"aitchison",0.0514727860543797,600,87471.7473467556
6,"prevalence",0.1,"aitchison_pc0.01",0.0625235520797074,600,87471.7473467556
6,"prevalence",0.1,"aitchison_pc0.1",0.0524696238155798,600,87471.7473467556
6,"prevalence",0.1,"aitchison_pc1",0.055349825679733,600,87471.7473467556
6,"prevalence",0.1,"bray",0.0475410271824949,600,87471.7473467556
6,"prevalence",0.1,"euclidean",0.0516255660110977,600,87471.7473467556
6,"prevalence",0.1,"jaccard",0.0577214599527753,600,87471.7473467556
6,"prevalence",0.15,"AHC_euclidean",0.0591908389798212,600,87471.7473467556
6,"prevalence",0.15,"ILR_euclidean_pc0.01",0.0600120543313671,600,87471.7473467556
6,"prevalence",0.15,"ILR_euclidean_pc0.1",0.0538186926436567,600,87471.7473467556
6,"prevalence",0.15,"ILR_euclidean_pc0.5",0.0538186926436567,600,87471.7473467556
6,"prevalence",0.15,"ILR_euclidean_pc1",0.0595764471422802,600,87471.7473467556
6,"prevalence",0.15,"aitchison",0.0571389798756954,600,87471.7473467556
6,"prevalence",0.15,"aitchison_pc0.01",0.0550090407485253,600,87471.7473467556
6,"prevalence",0.15,"aitchison_pc0.1",0.0538186926436567,600,87471.7473467556
6,"prevalence",0.15,"aitchison_pc1",0.0553308237049029,600,87471.7473467556
6,"prevalence",0.15,"bray",0.0620134656647774,600,87471.7473467556
6,"prevalence",0.15,"euclidean",0.0733076546612083,600,87471.7473467556
6,"prevalence",0.15,"jaccard",0.0621050125440674,600,87471.7473467556
6,"prevalence",0.2,"AHC_euclidean",0.0617062837120388,600,87471.7473467556
6,"prevalence",0.2,"ILR_euclidean_pc0.01",0.0637469087653646,600,87471.7473467556
6,"prevalence",0.2,"ILR_euclidean_pc0.1",0.0548881352252025,600,87471.7473467556
6,"prevalence",0.2,"ILR_euclidean_pc0.5",0.0526128097140083,600,87471.7473467556
6,"prevalence",0.2,"ILR_euclidean_pc1",0.0564685696713286,600,87471.7473467556
6,"prevalence",0.2,"aitchison",0.0530528950818938,600,87471.7473467556
6,"prevalence",0.2,"aitchison_pc0.01",0.0574008104239481,600,87471.7473467556
6,"prevalence",0.2,"aitchison_pc0.1",0.0536012995201401,600,87471.7473467556
6,"prevalence",0.2,"aitchison_pc1",0.0543267990739915,600,87471.7473467556
6,"prevalence",0.2,"bray",0.0551709596427154,600,87471.7473467556
6,"prevalence",0.2,"euclidean",0.0373266596384036,600,87471.7473467556
6,"prevalence",0.2,"jaccard",0.0584887463203506,600,87471.7473467556
6,"prevalence",0.25,"AHC_euclidean",0.0626586707051408,600,87471.7473467556
6,"prevalence",0.25,"ILR_euclidean_pc0.01",0.109637872917842,600,87471.7473467556
6,"prevalence",0.25,"ILR_euclidean_pc0.1",0.113254185259427,600,87471.7473467556
6,"prevalence",0.25,"ILR_euclidean_pc0.5",0.0943653692566717,600,87471.7473467556
6,"prevalence",0.25,"ILR_euclidean_pc1",0.0908911248243401,600,87471.7473467556
6,"prevalence",0.25,"aitchison",0.0943570213016034,600,87471.7473467556
6,"prevalence",0.25,"aitchison_pc0.01",0.115272846826159,600,87471.7473467556
6,"prevalence",0.25,"aitchison_pc0.1",0.104930884444546,600,87471.7473467556
6,"prevalence",0.25,"aitchison_pc1",0.089208398473537,600,87471.7473467556
6,"prevalence",0.25,"bray",0.0663528109104058,600,87471.7473467556
6,"prevalence",0.25,"euclidean",0.071022210066703,600,87471.7473467556
6,"prevalence",0.25,"jaccard",0.103994136214965,600,87471.7473467556
6,"prevalence",0.3,"AHC_euclidean",0.0563156071347355,600,87471.7473467556
6,"prevalence",0.3,"ILR_euclidean_pc0.01",0.122181666905702,600,87471.7473467556
6,"prevalence",0.3,"ILR_euclidean_pc0.1",0.112113586382022,600,87471.7473467556
6,"prevalence",0.3,"ILR_euclidean_pc0.5",0.11871228691334,600,87471.7473467556
6,"prevalence",0.3,"ILR_euclidean_pc1",0.112104404141538,600,87471.7473467556
6,"prevalence",0.3,"aitchison",0.112891155952722,600,87471.7473467556
6,"prevalence",0.3,"aitchison_pc0.01",0.126727957031394,600,87471.7473467556
6,"prevalence",0.3,"aitchison_pc0.1",0.117791654769687,600,87471.7473467556
6,"prevalence",0.3,"aitchison_pc1",0.116286651116922,600,87471.7473467556
6,"prevalence",0.3,"bray",0.0406809616667168,600,87471.7473467556
6,"prevalence",0.3,"euclidean",0.0336321732464627,600,87471.7473467556
6,"prevalence",0.3,"jaccard",0.150361902125942,600,87471.7473467556
6,"prevalence",0.35,"AHC_euclidean",0.0750221953226904,600,87471.7473467556
6,"prevalence",0.35,"ILR_euclidean_pc0.01",0.173778391614058,600,87471.7473467556
6,"prevalence",0.35,"ILR_euclidean_pc0.1",0.15826008473117,600,87471.7473467556
6,"prevalence",0.35,"ILR_euclidean_pc0.5",0.154777878604941,600,87471.7473467556
6,"prevalence",0.35,"ILR_euclidean_pc1",0.149904001218388,600,87471.7473467556
6,"prevalence",0.35,"aitchison",0.150289058079348,600,87471.7473467556
6,"prevalence",0.35,"aitchison_pc0.01",0.174856464473102,600,87471.7473467556
6,"prevalence",0.35,"aitchison_pc0.1",0.162286439978047,600,87471.7473467556
6,"prevalence",0.35,"aitchison_pc1",0.151971784430151,600,87471.7473467556
6,"prevalence",0.35,"bray",0.0512269397364805,600,87471.7473467556
6,"prevalence",0.35,"euclidean",0.0570075228900223,600,87471.7473467556
6,"prevalence",0.35,"jaccard",0.194227885105314,600,87471.7473467556
6,"prevalence",0.4,"AHC_euclidean",0.0761420395570837,600,87471.7473467556
6,"prevalence",0.4,"ILR_euclidean_pc0.01",0.215340392206557,600,87471.7473467556
6,"prevalence",0.4,"ILR_euclidean_pc0.1",0.191369291349493,600,87471.7473467556
6,"prevalence",0.4,"ILR_euclidean_pc0.5",0.180613450190913,600,87471.7473467556
6,"prevalence",0.4,"ILR_euclidean_pc1",0.169556656999902,600,87471.7473467556
6,"prevalence",0.4,"aitchison",0.181137091446028,600,87471.7473467556
6,"prevalence",0.4,"aitchison_pc0.01",0.204695277306916,600,87471.7473467556
6,"prevalence",0.4,"aitchison_pc0.1",0.204284656162162,600,87471.7473467556
6,"prevalence",0.4,"aitchison_pc1",0.163487624889383,600,87471.7473467556
6,"prevalence",0.4,"bray",0.0644114121078367,600,87471.7473467556
6,"prevalence",0.4,"euclidean",0.0623710560335794,600,87471.7473467556
6,"prevalence",0.4,"jaccard",0.257647276847379,600,87471.7473467556
6,"prevalence",0.45,"AHC_euclidean",0.0774004651639452,600,87471.7473467556
6,"prevalence",0.45,"ILR_euclidean_pc0.01",0.315556341922285,600,87471.7473467556
6,"prevalence",0.45,"ILR_euclidean_pc0.1",0.27560424302073,600,87471.7473467556
6,"prevalence",0.45,"ILR_euclidean_pc0.5",0.243688259619846,600,87471.7473467556
6,"prevalence",0.45,"ILR_euclidean_pc1",0.2280030638237,600,87471.7473467556
6,"prevalence",0.45,"aitchison",0.250480769636966,600,87471.7473467556
6,"prevalence",0.45,"aitchison_pc0.01",0.29440306113108,600,87471.7473467556
6,"prevalence",0.45,"aitchison_pc0.1",0.27606837759012,600,87471.7473467556
6,"prevalence",0.45,"aitchison_pc1",0.234735155868904,600,87471.7473467556
6,"prevalence",0.45,"bray",0.062810230115272,600,87471.7473467556
6,"prevalence",0.45,"euclidean",0.0573665960212638,600,87471.7473467556
6,"prevalence",0.45,"jaccard",0.393485002801077,600,87471.7473467556
6,"prevalence",0.5,"AHC_euclidean",0.0907243414901805,600,87471.7473467556
6,"prevalence",0.5,"ILR_euclidean_pc0.01",0.410147496790664,600,87471.7473467556
6,"prevalence",0.5,"ILR_euclidean_pc0.1",0.371192564090607,600,87471.7473467556
6,"prevalence",0.5,"ILR_euclidean_pc0.5",0.335086018944024,600,87471.7473467556
6,"prevalence",0.5,"ILR_euclidean_pc1",0.313139380936489,600,87471.7473467556
6,"prevalence",0.5,"aitchison",0.323287310971098,600,87471.7473467556
6,"prevalence",0.5,"aitchison_pc0.01",0.418963590690971,600,87471.7473467556
6,"prevalence",0.5,"aitchison_pc0.1",0.375902408496568,600,87471.7473467556
6,"prevalence",0.5,"aitchison_pc1",0.310794651797617,600,87471.7473467556
6,"prevalence",0.5,"bray",0.0626121243107024,600,87471.7473467556
6,"prevalence",0.5,"euclidean",0.052655215768363,600,87471.7473467556
6,"prevalence",0.5,"jaccard",0.523809789707328,600,87471.7473467556
6,"prevalence",0.55,"AHC_euclidean",0.088746956230011,600,87471.7473467556
6,"prevalence",0.55,"ILR_euclidean_pc0.01",0.456017276735948,600,87471.7473467556
6,"prevalence",0.55,"ILR_euclidean_pc0.1",0.430442943660748,600,87471.7473467556
6,"prevalence",0.55,"ILR_euclidean_pc0.5",0.377919836376768,600,87471.7473467556
6,"prevalence",0.55,"ILR_euclidean_pc1",0.34698289458415,600,87471.7473467556
6,"prevalence",0.55,"aitchison",0.373886802465497,600,87471.7473467556
6,"prevalence",0.55,"aitchison_pc0.01",0.45711223748342,600,87471.7473467556
6,"prevalence",0.55,"aitchison_pc0.1",0.415736952872838,600,87471.7473467556
6,"prevalence",0.55,"aitchison_pc1",0.336401904032725,600,87471.7473467556
6,"prevalence",0.55,"bray",0.0765113774252294,600,87471.7473467556
6,"prevalence",0.55,"euclidean",0.0381443575702552,600,87471.7473467556
6,"prevalence",0.55,"jaccard",0.609782826922825,600,87471.7473467556
6,"prevalence",0.6,"AHC_euclidean",0.0676259091954086,600,87471.7473467556
6,"prevalence",0.6,"ILR_euclidean_pc0.01",0.633865118076231,600,87471.7473467556
6,"prevalence",0.6,"ILR_euclidean_pc0.1",0.549275003331347,600,87471.7473467556
6,"prevalence",0.6,"ILR_euclidean_pc0.5",0.493557872055831,600,87471.7473467556
6,"prevalence",0.6,"ILR_euclidean_pc1",0.457597960116336,600,87471.7473467556
6,"prevalence",0.6,"aitchison",0.482360396542481,600,87471.7473467556
6,"prevalence",0.6,"aitchison_pc0.01",0.621737230759377,600,87471.7473467556
6,"prevalence",0.6,"aitchison_pc0.1",0.553154692186383,600,87471.7473467556
6,"prevalence",0.6,"aitchison_pc1",0.437920577358129,600,87471.7473467556
6,"prevalence",0.6,"bray",0.0680125150432538,600,87471.7473467556
6,"prevalence",0.6,"euclidean",0.0507965284493481,600,87471.7473467556
6,"prevalence",0.6,"jaccard",0.753442682487845,600,87471.7473467556
6,"prevalence",0.65,"AHC_euclidean",0.111314378539925,600,87471.7473467556
6,"prevalence",0.65,"ILR_euclidean_pc0.01",0.751723912785242,600,87471.7473467556
6,"prevalence",0.65,"ILR_euclidean_pc0.1",0.710916792592218,600,87471.7473467556
6,"prevalence",0.65,"ILR_euclidean_pc0.5",0.646201127723555,600,87471.7473467556
6,"prevalence",0.65,"ILR_euclidean_pc1",0.603459200993162,600,87471.7473467556
6,"prevalence",0.65,"aitchison",0.651942572573213,600,87471.7473467556
6,"prevalence",0.65,"aitchison_pc0.01",0.759384153665438,600,87471.7473467556
6,"prevalence",0.65,"aitchison_pc0.1",0.720853725390618,600,87471.7473467556
6,"prevalence",0.65,"aitchison_pc1",0.599806399577377,600,87471.7473467556
6,"prevalence",0.65,"bray",0.0995582923859809,600,87471.7473467556
6,"prevalence",0.65,"euclidean",0.0523759921480514,600,87471.7473467556
6,"prevalence",0.65,"jaccard",0.876153243444817,600,87471.7473467556
6,"prevalence",0.7,"AHC_euclidean",0.119536700435867,600,87471.7473467556
6,"prevalence",0.7,"ILR_euclidean_pc0.01",0.861905538237473,600,87471.7473467556
6,"prevalence",0.7,"ILR_euclidean_pc0.1",0.831844125601856,600,87471.7473467556
6,"prevalence",0.7,"ILR_euclidean_pc0.5",0.768809132251994,600,87471.7473467556
6,"prevalence",0.7,"ILR_euclidean_pc1",0.740859385268205,600,87471.7473467556
6,"prevalence",0.7,"aitchison",0.778506308174265,600,87471.7473467556
6,"prevalence",0.7,"aitchison_pc0.01",0.857932011011926,600,87471.7473467556
6,"prevalence",0.7,"aitchison_pc0.1",0.837660778383675,600,87471.7473467556
6,"prevalence",0.7,"aitchison_pc1",0.724500847054092,600,87471.7473467556
6,"prevalence",0.7,"bray",0.0949682670585626,600,87471.7473467556
6,"prevalence",0.7,"euclidean",0.057408695836911,600,87471.7473467556
6,"prevalence",0.7,"jaccard",0.950935127568194,600,87471.7473467556
6,"prevalence",0.75,"AHC_euclidean",0.15766059559697,600,87471.7473467556
6,"prevalence",0.75,"ILR_euclidean_pc0.01",0.918797357882858,600,87471.7473467556
6,"prevalence",0.75,"ILR_euclidean_pc0.1",0.883572755320131,600,87471.7473467556
6,"prevalence",0.75,"ILR_euclidean_pc0.5",0.851044827619036,600,87471.7473467556
6,"prevalence",0.75,"ILR_euclidean_pc1",0.836349670615907,600,87471.7473467556
6,"prevalence",0.75,"aitchison",0.850014241018944,600,87471.7473467556
6,"prevalence",0.75,"aitchison_pc0.01",0.922957268043593,600,87471.7473467556
6,"prevalence",0.75,"aitchison_pc0.1",0.877650432697635,600,87471.7473467556
6,"prevalence",0.75,"aitchison_pc1",0.829588945611302,600,87471.7473467556
6,"prevalence",0.75,"bray",0.105285152390218,600,87471.7473467556
6,"prevalence",0.75,"euclidean",0.0592322070674642,600,87471.7473467556
6,"prevalence",0.75,"jaccard",0.984939637120848,600,87471.7473467556
6,"prevalence",0.8,"AHC_euclidean",0.135863825173944,600,87471.7473467556
6,"prevalence",0.8,"ILR_euclidean_pc0.01",0.965188070392344,600,87471.7473467556
6,"prevalence",0.8,"ILR_euclidean_pc0.1",0.940843638565388,600,87471.7473467556
6,"prevalence",0.8,"ILR_euclidean_pc0.5",0.897631207861604,600,87471.7473467556
6,"prevalence",0.8,"ILR_euclidean_pc1",0.861292459789869,600,87471.7473467556
6,"prevalence",0.8,"aitchison",0.900870482856999,600,87471.7473467556
6,"prevalence",0.8,"aitchison_pc0.01",0.963375436042753,600,87471.7473467556
6,"prevalence",0.8,"aitchison_pc0.1",0.942199877898128,600,87471.7473467556
6,"prevalence",0.8,"aitchison_pc1",0.864354340527524,600,87471.7473467556
6,"prevalence",0.8,"bray",0.101229230362799,600,87471.7473467556
6,"prevalence",0.8,"euclidean",0.0478088848964313,600,87471.7473467556
6,"prevalence",0.8,"jaccard",0.992735813165515,600,87471.7473467556
6,"prevalence",0.85,"AHC_euclidean",0.169991594943901,600,87471.7473467556
6,"prevalence",0.85,"ILR_euclidean_pc0.01",0.987932337092026,600,87471.7473467556
6,"prevalence",0.85,"ILR_euclidean_pc0.1",0.980791259288146,600,87471.7473467556
6,"prevalence",0.85,"ILR_euclidean_pc0.5",0.967465167751624,600,87471.7473467556
6,"prevalence",0.85,"ILR_euclidean_pc1",0.956247512813038,600,87471.7473467556
6,"prevalence",0.85,"aitchison",0.967855031231681,600,87471.7473467556
6,"prevalence",0.85,"aitchison_pc0.01",0.987932337092026,600,87471.7473467556
6,"prevalence",0.85,"aitchison_pc0.1",0.981202402436236,600,87471.7473467556
6,"prevalence",0.85,"aitchison_pc1",0.94919579520087,600,87471.7473467556
6,"prevalence",0.85,"bray",0.118084076060345,600,87471.7473467556
6,"prevalence",0.85,"euclidean",0.0459883483141731,600,87471.7473467556
6,"prevalence",0.85,"jaccard",1,600,87471.7473467556
6,"prevalence",0.9,"AHC_euclidean",0.200317204580366,600,87471.7473467556
6,"prevalence",0.9,"ILR_euclidean_pc0.01",0.99614424004268,600,87471.7473467556
6,"prevalence",0.9,"ILR_euclidean_pc0.1",0.990089360191712,600,87471.7473467556
6,"prevalence",0.9,"ILR_euclidean_pc0.5",0.972727465210447,600,87471.7473467556
6,"prevalence",0.9,"ILR_euclidean_pc1",0.960369684054821,600,87471.7473467556
6,"prevalence",0.9,"aitchison",0.97,600,87471.7473467556
6,"prevalence",0.9,"aitchison_pc0.01",0.991676699185119,600,87471.7473467556
6,"prevalence",0.9,"aitchison_pc0.1",0.987209158327559,600,87471.7473467556
6,"prevalence",0.9,"aitchison_pc1",0.96086154029742,600,87471.7473467556
6,"prevalence",0.9,"bray",0.125044029313909,600,87471.7473467556
6,"prevalence",0.9,"euclidean",0.0521696125743345,600,87471.7473467556
6,"prevalence",0.9,"jaccard",1,600,87471.7473467556
6,"prevalence",0.95,"AHC_euclidean",0.17623153160437,600,87471.7473467556
6,"prevalence",0.95,"ILR_euclidean_pc0.01",0.996825322013186,600,87471.7473467556
6,"prevalence",0.95,"ILR_euclidean_pc0.1",0.995237983019779,600,87471.7473467556
6,"prevalence",0.95,"ILR_euclidean_pc0.5",0.995237983019779,600,87471.7473467556
6,"prevalence",0.95,"ILR_euclidean_pc1",0.992489238141299,600,87471.7473467556
6,"prevalence",0.95,"aitchison",0.995237983019779,600,87471.7473467556
6,"prevalence",0.95,"aitchison_pc0.01",0.996825322013186,600,87471.7473467556
6,"prevalence",0.95,"aitchison_pc0.1",0.995237983019779,600,87471.7473467556
6,"prevalence",0.95,"aitchison_pc1",0.993093891633057,600,87471.7473467556
6,"prevalence",0.95,"bray",0.112910915932034,600,87471.7473467556
6,"prevalence",0.95,"euclidean",0.0580978998795984,600,87471.7473467556
6,"prevalence",0.95,"jaccard",1,600,87471.7473467556
6,"prevalence",1,"AHC_euclidean",0.255130201246067,600,87471.7473467556
6,"prevalence",1,"ILR_euclidean_pc0.01",1,600,87471.7473467556
6,"prevalence",1,"ILR_euclidean_pc0.1",1,600,87471.7473467556
6,"prevalence",1,"ILR_euclidean_pc0.5",1,600,87471.7473467556
6,"prevalence",1,"ILR_euclidean_pc1",1,600,87471.7473467556
6,"prevalence",1,"aitchison",1,600,87471.7473467556
6,"prevalence",1,"aitchison_pc0.01",1,600,87471.7473467556
6,"prevalence",1,"aitchison_pc0.1",1,600,87471.7473467556
6,"prevalence",1,"aitchison_pc1",1,600,87471.7473467556
6,"prevalence",1,"bray",0.175982872449987,600,87471.7473467556
6,"prevalence",1,"euclidean",0.0678224882146839,600,87471.7473467556
6,"prevalence",1,"jaccard",1,600,87471.7473467556
8,"abundance",0.05,"AHC_euclidean",0.0555544740892375,800,87471.7473467546
8,"abundance",0.05,"ILR_euclidean_pc0.01",0.044443349477074,800,87471.7473467546
8,"abundance",0.05,"ILR_euclidean_pc0.1",0.0484219328513194,800,87471.7473467546
8,"abundance",0.05,"ILR_euclidean_pc0.5",0.0330227928783952,800,87471.7473467546
8,"abundance",0.05,"ILR_euclidean_pc1",0.0354675722713128,800,87471.7473467546
8,"abundance",0.05,"aitchison",0.0334959393969555,800,87471.7473467546
8,"abundance",0.05,"aitchison_pc0.01",0.0450763909699075,800,87471.7473467546
8,"abundance",0.05,"aitchison_pc0.1",0.0449032874316537,800,87471.7473467546
8,"abundance",0.05,"aitchison_pc1",0.0357333275610409,800,87471.7473467546
8,"abundance",0.05,"bray",0.0540299083022168,800,87471.7473467546
8,"abundance",0.05,"euclidean",0.0365835576432908,800,87471.7473467546
8,"abundance",0.05,"jaccard",0.0522350397067882,800,87471.7473467546
8,"abundance",0.1,"AHC_euclidean",0.0557080606007035,800,87471.7473467546
8,"abundance",0.1,"ILR_euclidean_pc0.01",0.0543604484889387,800,87471.7473467546
8,"abundance",0.1,"ILR_euclidean_pc0.1",0.0580097551333497,800,87471.7473467546
8,"abundance",0.1,"ILR_euclidean_pc0.5",0.0568630491004522,800,87471.7473467546
8,"abundance",0.1,"ILR_euclidean_pc1",0.0556519646253692,800,87471.7473467546
8,"abundance",0.1,"aitchison",0.053138588033193,800,87471.7473467546
8,"abundance",0.1,"aitchison_pc0.01",0.053433228361683,800,87471.7473467546
8,"abundance",0.1,"aitchison_pc0.1",0.0559865311975201,800,87471.7473467546
8,"abundance",0.1,"aitchison_pc1",0.0574424940915766,800,87471.7473467546
8,"abundance",0.1,"bray",0.0750042863845994,800,87471.7473467546
8,"abundance",0.1,"euclidean",0.0715810688271745,800,87471.7473467546
8,"abundance",0.1,"jaccard",0.0597387921366458,800,87471.7473467546
8,"abundance",0.15,"AHC_euclidean",0.050431958587332,800,87471.7473467546
8,"abundance",0.15,"ILR_euclidean_pc0.01",0.0497793190589554,800,87471.7473467546
8,"abundance",0.15,"ILR_euclidean_pc0.1",0.0479674022661845,800,87471.7473467546
8,"abundance",0.15,"ILR_euclidean_pc0.5",0.04212987111916,800,87471.7473467546
8,"abundance",0.15,"ILR_euclidean_pc1",0.043530237764976,800,87471.7473467546
8,"abundance",0.15,"aitchison",0.0415833163535658,800,87471.7473467546
8,"abundance",0.15,"aitchison_pc0.01",0.0532846664682971,800,87471.7473467546
8,"abundance",0.15,"aitchison_pc0.1",0.0490596607551074,800,87471.7473467546
8,"abundance",0.15,"aitchison_pc1",0.0391595266409028,800,87471.7473467546
8,"abundance",0.15,"bray",0.0652613702918719,800,87471.7473467546
8,"abundance",0.15,"euclidean",0.0538013610632272,800,87471.7473467546
8,"abundance",0.15,"jaccard",0.0459499682643169,800,87471.7473467546
8,"abundance",0.2,"AHC_euclidean",0.0712902870604291,800,87471.7473467546
8,"abundance",0.2,"ILR_euclidean_pc0.01",0.0486630910904347,800,87471.7473467546
8,"abundance",0.2,"ILR_euclidean_pc0.1",0.041707479684852,800,87471.7473467546
8,"abundance",0.2,"ILR_euclidean_pc0.5",0.0489222439753147,800,87471.7473467546
8,"abundance",0.2,"ILR_euclidean_pc1",0.0439475545133604,800,87471.7473467546
8,"abundance",0.2,"aitchison",0.0446153624913135,800,87471.7473467546
8,"abundance",0.2,"aitchison_pc0.01",0.0476186783433331,800,87471.7473467546
8,"abundance",0.2,"aitchison_pc0.1",0.0473773752521296,800,87471.7473467546
8,"abundance",0.2,"aitchison_pc1",0.0396033499635916,800,87471.7473467546
8,"abundance",0.2,"bray",0.0740687378919487,800,87471.7473467546
8,"abundance",0.2,"euclidean",0.0723246918929919,800,87471.7473467546
8,"abundance",0.2,"jaccard",0.0474593404692845,800,87471.7473467546
8,"abundance",0.25,"AHC_euclidean",0.088140254218686,800,87471.7473467546
8,"abundance",0.25,"ILR_euclidean_pc0.01",0.0633567875820085,800,87471.7473467546
8,"abundance",0.25,"ILR_euclidean_pc0.1",0.0685415549372181,800,87471.7473467546
8,"abundance",0.25,"ILR_euclidean_pc0.5",0.0610573242517766,800,87471.7473467546
8,"abundance",0.25,"ILR_euclidean_pc1",0.0625339934220121,800,87471.7473467546
8,"abundance",0.25,"aitchison",0.063028957126134,800,87471.7473467546
8,"abundance",0.25,"aitchison_pc0.01",0.0666754500386969,800,87471.7473467546
8,"abundance",0.25,"aitchison_pc0.1",0.0645702986805956,800,87471.7473467546
8,"abundance",0.25,"aitchison_pc1",0.068250158373376,800,87471.7473467546
8,"abundance",0.25,"bray",0.111085197711699,800,87471.7473467546
8,"abundance",0.25,"euclidean",0.0723831177146221,800,87471.7473467546
8,"abundance",0.25,"jaccard",0.0635726686631082,800,87471.7473467546
8,"abundance",0.3,"AHC_euclidean",0.0868195711070127,800,87471.7473467546
8,"abundance",0.3,"ILR_euclidean_pc0.01",0.0479496365985283,800,87471.7473467546
8,"abundance",0.3,"ILR_euclidean_pc0.1",0.0463586690858325,800,87471.7473467546
8,"abundance",0.3,"ILR_euclidean_pc0.5",0.0500943737876358,800,87471.7473467546
8,"abundance",0.3,"ILR_euclidean_pc1",0.0479893035777666,800,87471.7473467546
8,"abundance",0.3,"aitchison",0.0502267811881953,800,87471.7473467546
8,"abundance",0.3,"aitchison_pc0.01",0.0452258933519022,800,87471.7473467546
8,"abundance",0.3,"aitchison_pc0.1",0.0466507121962428,800,87471.7473467546
8,"abundance",0.3,"aitchison_pc1",0.0489861306239659,800,87471.7473467546
8,"abundance",0.3,"bray",0.109662940067191,800,87471.7473467546
8,"abundance",0.3,"euclidean",0.0916085894781431,800,87471.7473467546
8,"abundance",0.3,"jaccard",0.0496971666510025,800,87471.7473467546
8,"abundance",0.35,"AHC_euclidean",0.105700180794322,800,87471.7473467546
8,"abundance",0.35,"ILR_euclidean_pc0.01",0.0459758282920532,800,87471.7473467546
8,"abundance",0.35,"ILR_euclidean_pc0.1",0.0475875915272713,800,87471.7473467546
8,"abundance",0.35,"ILR_euclidean_pc0.5",0.0563143107784306,800,87471.7473467546
8,"abundance",0.35,"ILR_euclidean_pc1",0.0578826617147595,800,87471.7473467546
8,"abundance",0.35,"aitchison",0.0596927428853727,800,87471.7473467546
8,"abundance",0.35,"aitchison_pc0.01",0.049086758933453,800,87471.7473467546
8,"abundance",0.35,"aitchison_pc0.1",0.0507967230268844,800,87471.7473467546
8,"abundance",0.35,"aitchison_pc1",0.0596713555588091,800,87471.7473467546
8,"abundance",0.35,"bray",0.116923862103912,800,87471.7473467546
8,"abundance",0.35,"euclidean",0.0912659328518183,800,87471.7473467546
8,"abundance",0.35,"jaccard",0.0522754093807111,800,87471.7473467546
8,"abundance",0.4,"AHC_euclidean",0.16539067511687,800,87471.7473467546
8,"abundance",0.4,"ILR_euclidean_pc0.01",0.0496459598896503,800,87471.7473467546
8,"abundance",0.4,"ILR_euclidean_pc0.1",0.0626076475872797,800,87471.7473467546
8,"abundance",0.4,"ILR_euclidean_pc0.5",0.0776804567592152,800,87471.7473467546
8,"abundance",0.4,"ILR_euclidean_pc1",0.0791542316520651,800,87471.7473467546
8,"abundance",0.4,"aitchison",0.0723268481114136,800,87471.7473467546
8,"abundance",0.4,"aitchison_pc0.01",0.0560060612576258,800,87471.7473467546
8,"abundance",0.4,"aitchison_pc0.1",0.0615181141603578,800,87471.7473467546
8,"abundance",0.4,"aitchison_pc1",0.0816592107280361,800,87471.7473467546
8,"abundance",0.4,"bray",0.186823049853661,800,87471.7473467546
8,"abundance",0.4,"euclidean",0.124826277518984,800,87471.7473467546
8,"abundance",0.4,"jaccard",0.0592686298050323,800,87471.7473467546
8,"abundance",0.45,"AHC_euclidean",0.197219110836892,800,87471.7473467546
8,"abundance",0.45,"ILR_euclidean_pc0.01",0.0466282035121667,800,87471.7473467546
8,"abundance",0.45,"ILR_euclidean_pc0.1",0.0486707368618216,800,87471.7473467546
8,"abundance",0.45,"ILR_euclidean_pc0.5",0.0584388039881215,800,87471.7473467546
8,"abundance",0.45,"ILR_euclidean_pc1",0.0695231665158424,800,87471.7473467546
8,"abundance",0.45,"aitchison",0.0575377822352046,800,87471.7473467546
8,"abundance",0.45,"aitchison_pc0.01",0.0562642414454449,800,87471.7473467546
8,"abundance",0.45,"aitchison_pc0.1",0.0567375668566919,800,87471.7473467546
8,"abundance",0.45,"aitchison_pc1",0.0637297803695519,800,87471.7473467546
8,"abundance",0.45,"bray",0.226040193198245,800,87471.7473467546
8,"abundance",0.45,"euclidean",0.138927843783624,800,87471.7473467546
8,"abundance",0.45,"jaccard",0.0386838559794587,800,87471.7473467546
8,"abundance",0.5,"AHC_euclidean",0.233294021035152,800,87471.7473467546
8,"abundance",0.5,"ILR_euclidean_pc0.01",0.041763563536133,800,87471.7473467546
8,"abundance",0.5,"ILR_euclidean_pc0.1",0.0456259751508773,800,87471.7473467546
8,"abundance",0.5,"ILR_euclidean_pc0.5",0.0555868569737526,800,87471.7473467546
8,"abundance",0.5,"ILR_euclidean_pc1",0.0620219421700007,800,87471.7473467546
8,"abundance",0.5,"aitchison",0.0541908337218306,800,87471.7473467546
8,"abundance",0.5,"aitchison_pc0.01",0.0418942247608784,800,87471.7473467546
8,"abundance",0.5,"aitchison_pc0.1",0.0449064062933727,800,87471.7473467546
8,"abundance",0.5,"aitchison_pc1",0.060357566410271,800,87471.7473467546
8,"abundance",0.5,"bray",0.280866908563865,800,87471.7473467546
8,"abundance",0.5,"euclidean",0.185567984879837,800,87471.7473467546
8,"abundance",0.5,"jaccard",0.0389390042378005,800,87471.7473467546
8,"abundance",0.55,"AHC_euclidean",0.31047919021003,800,87471.7473467546
8,"abundance",0.55,"ILR_euclidean_pc0.01",0.0609537937313446,800,87471.7473467546
8,"abundance",0.55,"ILR_euclidean_pc0.1",0.0712635593942049,800,87471.7473467546
8,"abundance",0.55,"ILR_euclidean_pc0.5",0.0802142350123248,800,87471.7473467546
8,"abundance",0.55,"ILR_euclidean_pc1",0.0919075761825524,800,87471.7473467546
8,"abundance",0.55,"aitchison",0.0787988788096191,800,87471.7473467546
8,"abundance",0.55,"aitchison_pc0.01",0.0612345932072108,800,87471.7473467546
8,"abundance",0.55,"aitchison_pc0.1",0.0688599671560195,800,87471.7473467546
8,"abundance",0.55,"aitchison_pc1",0.090828786298529,800,87471.7473467546
8,"abundance",0.55,"bray",0.37434578399133,800,87471.7473467546
8,"abundance",0.55,"euclidean",0.2702633067496,800,87471.7473467546
8,"abundance",0.55,"jaccard",0.0406421667038392,800,87471.7473467546
8,"abundance",0.6,"AHC_euclidean",0.347211373628602,800,87471.7473467546
8,"abundance",0.6,"ILR_euclidean_pc0.01",0.0640546588469317,800,87471.7473467546
8,"abundance",0.6,"ILR_euclidean_pc0.1",0.0758070082452925,800,87471.7473467546
8,"abundance",0.6,"ILR_euclidean_pc0.5",0.0803891165614624,800,87471.7473467546
8,"abundance",0.6,"ILR_euclidean_pc1",0.0989539751324158,800,87471.7473467546
8,"abundance",0.6,"aitchison",0.0777170447480444,800,87471.7473467546
8,"abundance",0.6,"aitchison_pc0.01",0.0653050661343136,800,87471.7473467546
8,"abundance",0.6,"aitchison_pc0.1",0.0707706329653894,800,87471.7473467546
8,"abundance",0.6,"aitchison_pc1",0.0844705523877807,800,87471.7473467546
8,"abundance",0.6,"bray",0.384723437001294,800,87471.7473467546
8,"abundance",0.6,"euclidean",0.238076652818302,800,87471.7473467546
8,"abundance",0.6,"jaccard",0.0568563318506762,800,87471.7473467546
8,"abundance",0.65,"AHC_euclidean",0.42956591484833,800,87471.7473467546
8,"abundance",0.65,"ILR_euclidean_pc0.01",0.0683151348560876,800,87471.7473467546
8,"abundance",0.65,"ILR_euclidean_pc0.1",0.0845401421590805,800,87471.7473467546
8,"abundance",0.65,"ILR_euclidean_pc0.5",0.103868714588272,800,87471.7473467546
8,"abundance",0.65,"ILR_euclidean_pc1",0.11136019422513,800,87471.7473467546
8,"abundance",0.65,"aitchison",0.100449935054402,800,87471.7473467546
8,"abundance",0.65,"aitchison_pc0.01",0.0678860327512582,800,87471.7473467546
8,"abundance",0.65,"aitchison_pc0.1",0.0914060780153029,800,87471.7473467546
8,"abundance",0.65,"aitchison_pc1",0.10975592870211,800,87471.7473467546
8,"abundance",0.65,"bray",0.495296437221093,800,87471.7473467546
8,"abundance",0.65,"euclidean",0.34165641416824,800,87471.7473467546
8,"abundance",0.65,"jaccard",0.0660749988695393,800,87471.7473467546
8,"abundance",0.7,"AHC_euclidean",0.507839180116007,800,87471.7473467546
8,"abundance",0.7,"ILR_euclidean_pc0.01",0.0566347276952975,800,87471.7473467546
8,"abundance",0.7,"ILR_euclidean_pc0.1",0.0802350301321525,800,87471.7473467546
8,"abundance",0.7,"ILR_euclidean_pc0.5",0.104994819512416,800,87471.7473467546
8,"abundance",0.7,"ILR_euclidean_pc1",0.113482145706452,800,87471.7473467546
8,"abundance",0.7,"aitchison",0.101842733377552,800,87471.7473467546
8,"abundance",0.7,"aitchison_pc0.01",0.056397767997988,800,87471.7473467546
8,"abundance",0.7,"aitchison_pc0.1",0.0762739175675495,800,87471.7473467546
8,"abundance",0.7,"aitchison_pc1",0.116997934643615,800,87471.7473467546
8,"abundance",0.7,"bray",0.577951613809872,800,87471.7473467546
8,"abundance",0.7,"euclidean",0.383670333656609,800,87471.7473467546
8,"abundance",0.7,"jaccard",0.0356293813000586,800,87471.7473467546
8,"abundance",0.75,"AHC_euclidean",0.588410180839036,800,87471.7473467546
8,"abundance",0.75,"ILR_euclidean_pc0.01",0.0667969695240337,800,87471.7473467546
8,"abundance",0.75,"ILR_euclidean_pc0.1",0.0747659390733455,800,87471.7473467546
8,"abundance",0.75,"ILR_euclidean_pc0.5",0.0977575332727763,800,87471.7473467546
8,"abundance",0.75,"ILR_euclidean_pc1",0.111523352089343,800,87471.7473467546
8,"abundance",0.75,"aitchison",0.0998025743941676,800,87471.7473467546
8,"abundance",0.75,"aitchison_pc0.01",0.064132897580512,800,87471.7473467546
8,"abundance",0.75,"aitchison_pc0.1",0.0745735920306514,800,87471.7473467546
8,"abundance",0.75,"aitchison_pc1",0.106622070874423,800,87471.7473467546
8,"abundance",0.75,"bray",0.637005880616858,800,87471.7473467546
8,"abundance",0.75,"euclidean",0.406774178147086,800,87471.7473467546
8,"abundance",0.75,"jaccard",0.0466767377747141,800,87471.7473467546
8,"abundance",0.8,"AHC_euclidean",0.65048569678708,800,87471.7473467546
8,"abundance",0.8,"ILR_euclidean_pc0.01",0.0738623372028223,800,87471.7473467546
8,"abundance",0.8,"ILR_euclidean_pc0.1",0.0928101990890943,800,87471.7473467546
8,"abundance",0.8,"ILR_euclidean_pc0.5",0.13366318584334,800,87471.7473467546
8,"abundance",0.8,"ILR_euclidean_pc1",0.152233456140717,800,87471.7473467546
8,"abundance",0.8,"aitchison",0.136860514542132,800,87471.7473467546
8,"abundance",0.8,"aitchison_pc0.01",0.0772246718255173,800,87471.7473467546
8,"abundance",0.8,"aitchison_pc0.1",0.0973841286426813,800,87471.7473467546
8,"abundance",0.8,"aitchison_pc1",0.150061499716926,800,87471.7473467546
8,"abundance",0.8,"bray",0.698003573984025,800,87471.7473467546
8,"abundance",0.8,"euclidean",0.464598028013708,800,87471.7473467546
8,"abundance",0.8,"jaccard",0.0436705322259317,800,87471.7473467546
8,"abundance",0.85,"AHC_euclidean",0.708100474811445,800,87471.7473467546
8,"abundance",0.85,"ILR_euclidean_pc0.01",0.0831240098981019,800,87471.7473467546
8,"abundance",0.85,"ILR_euclidean_pc0.1",0.098553145216476,800,87471.7473467546
8,"abundance",0.85,"ILR_euclidean_pc0.5",0.126407920934716,800,87471.7473467546
8,"abundance",0.85,"ILR_euclidean_pc1",0.164146263562981,800,87471.7473467546
8,"abundance",0.85,"aitchison",0.132428778394194,800,87471.7473467546
8,"abundance",0.85,"aitchison_pc0.01",0.0818968279387718,800,87471.7473467546
8,"abundance",0.85,"aitchison_pc0.1",0.103245627060074,800,87471.7473467546
8,"abundance",0.85,"aitchison_pc1",0.159471076618364,800,87471.7473467546
8,"abundance",0.85,"bray",0.746574627524704,800,87471.7473467546
8,"abundance",0.85,"euclidean",0.49561559956047,800,87471.7473467546
8,"abundance",0.85,"jaccard",0.0467329375055899,800,87471.7473467546
8,"abundance",0.9,"AHC_euclidean",0.763620934560824,800,87471.7473467546
8,"abundance",0.9,"ILR_euclidean_pc0.01",0.0766823474367986,800,87471.7473467546
8,"abundance",0.9,"ILR_euclidean_pc0.1",0.0905673762306044,800,87471.7473467546
8,"abundance",0.9,"ILR_euclidean_pc0.5",0.135988575726841,800,87471.7473467546
8,"abundance",0.9,"ILR_euclidean_pc1",0.168076772598616,800,87471.7473467546
8,"abundance",0.9,"aitchison",0.132525581184664,800,87471.7473467546
8,"abundance",0.9,"aitchison_pc0.01",0.0760850526519976,800,87471.7473467546
8,"abundance",0.9,"aitchison_pc0.1",0.0972759736932016,800,87471.7473467546
8,"abundance",0.9,"aitchison_pc1",0.165388724408563,800,87471.7473467546
8,"abundance",0.9,"bray",0.800012322543579,800,87471.7473467546
8,"abundance",0.9,"euclidean",0.583320966322553,800,87471.7473467546
8,"abundance",0.9,"jaccard",0.0550664114022619,800,87471.7473467546
8,"abundance",0.95,"AHC_euclidean",0.808235358517661,800,87471.7473467546
8,"abundance",0.95,"ILR_euclidean_pc0.01",0.0771479244076785,800,87471.7473467546
8,"abundance",0.95,"ILR_euclidean_pc0.1",0.10093210636345,800,87471.7473467546
8,"abundance",0.95,"ILR_euclidean_pc0.5",0.147580380057594,800,87471.7473467546
8,"abundance",0.95,"ILR_euclidean_pc1",0.186812827250184,800,87471.7473467546
8,"abundance",0.95,"aitchison",0.139474180919288,800,87471.7473467546
8,"abundance",0.95,"aitchison_pc0.01",0.074050664024327,800,87471.7473467546
8,"abundance",0.95,"aitchison_pc0.1",0.095070884613823,800,87471.7473467546
8,"abundance",0.95,"aitchison_pc1",0.181523686490911,800,87471.7473467546
8,"abundance",0.95,"bray",0.844243239512969,800,87471.7473467546
8,"abundance",0.95,"euclidean",0.589279787641935,800,87471.7473467546
8,"abundance",0.95,"jaccard",0.0465221294869302,800,87471.7473467546
8,"abundance",1,"AHC_euclidean",0.853049656167967,800,87471.7473467546
8,"abundance",1,"ILR_euclidean_pc0.01",0.0878952007129181,800,87471.7473467546
8,"abundance",1,"ILR_euclidean_pc0.1",0.128213146741196,800,87471.7473467546
8,"abundance",1,"ILR_euclidean_pc0.5",0.17759640493718,800,87471.7473467546
8,"abundance",1,"ILR_euclidean_pc1",0.230206476211209,800,87471.7473467546
8,"abundance",1,"aitchison",0.179427281830315,800,87471.7473467546
8,"abundance",1,"aitchison_pc0.01",0.0884138544169479,800,87471.7473467546
8,"abundance",1,"aitchison_pc0.1",0.125948732697465,800,87471.7473467546
8,"abundance",1,"aitchison_pc1",0.233678001204523,800,87471.7473467546
8,"abundance",1,"bray",0.885301163980176,800,87471.7473467546
8,"abundance",1,"euclidean",0.688339392658747,800,87471.7473467546
8,"abundance",1,"jaccard",0.0469326372176441,800,87471.7473467546
8,"both",0.05,"AHC_euclidean",0.0479933300959641,800,87471.7473467546
8,"both",0.05,"ILR_euclidean_pc0.01",0.0338728132816305,800,87471.7473467546
8,"both",0.05,"ILR_euclidean_pc0.1",0.0305542313704795,800,87471.7473467546
8,"both",0.05,"ILR_euclidean_pc0.5",0.0339244847148386,800,87471.7473467546
8,"both",0.05,"ILR_euclidean_pc1",0.0333532184862972,800,87471.7473467546
8,"both",0.05,"aitchison",0.0377814426290007,800,87471.7473467546
8,"both",0.05,"aitchison_pc0.01",0.0334595169588613,800,87471.7473467546
8,"both",0.05,"aitchison_pc0.1",0.0373763250688146,800,87471.7473467546
8,"both",0.05,"aitchison_pc1",0.0344384085193252,800,87471.7473467546
8,"both",0.05,"bray",0.0381882508197795,800,87471.7473467546
8,"both",0.05,"euclidean",0.0474847877856664,800,87471.7473467546
8,"both",0.05,"jaccard",0.0388646361225977,800,87471.7473467546
8,"both",0.1,"AHC_euclidean",0.0660590632698121,800,87471.7473467546
8,"both",0.1,"ILR_euclidean_pc0.01",0.0843189251120456,800,87471.7473467546
8,"both",0.1,"ILR_euclidean_pc0.1",0.0826858639966073,800,87471.7473467546
8,"both",0.1,"ILR_euclidean_pc0.5",0.0804221880118398,800,87471.7473467546
8,"both",0.1,"ILR_euclidean_pc1",0.0803026809752951,800,87471.7473467546
8,"both",0.1,"aitchison",0.0793627310786,800,87471.7473467546
8,"both",0.1,"aitchison_pc0.01",0.0807891255041793,800,87471.7473467546
8,"both",0.1,"aitchison_pc0.1",0.0858456612401731,800,87471.7473467546
8,"both",0.1,"aitchison_pc1",0.0844677470463503,800,87471.7473467546
8,"both",0.1,"bray",0.0537919247667744,800,87471.7473467546
8,"both",0.1,"euclidean",0.0540005931383486,800,87471.7473467546
8,"both",0.1,"jaccard",0.0675831483228706,800,87471.7473467546
8,"both",0.15,"AHC_euclidean",0.0700326715985396,800,87471.7473467546
8,"both",0.15,"ILR_euclidean_pc0.01",0.0646257827220307,800,87471.7473467546
8,"both",0.15,"ILR_euclidean_pc0.1",0.0740063625517026,800,87471.7473467546
8,"both",0.15,"ILR_euclidean_pc0.5",0.0731212360271892,800,87471.7473467546
8,"both",0.15,"ILR_euclidean_pc1",0.0766728528206173,800,87471.7473467546
8,"both",0.15,"aitchison",0.0686633652498017,800,87471.7473467546
8,"both",0.15,"aitchison_pc0.01",0.0700351062950801,800,87471.7473467546
8,"both",0.15,"aitchison_pc0.1",0.0707029142730331,800,87471.7473467546
8,"both",0.15,"aitchison_pc1",0.0722827275975282,800,87471.7473467546
8,"both",0.15,"bray",0.0713348162285147,800,87471.7473467546
8,"both",0.15,"euclidean",0.0591769834587284,800,87471.7473467546
8,"both",0.15,"jaccard",0.0500345731300822,800,87471.7473467546
8,"both",0.2,"AHC_euclidean",0.0963735348969886,800,87471.7473467546
8,"both",0.2,"ILR_euclidean_pc0.01",0.0923531357625315,800,87471.7473467546
8,"both",0.2,"ILR_euclidean_pc0.1",0.0992990709904993,800,87471.7473467546
8,"both",0.2,"ILR_euclidean_pc0.5",0.104718746645027,800,87471.7473467546
8,"both",0.2,"ILR_euclidean_pc1",0.108965220833012,800,87471.7473467546
8,"both",0.2,"aitchison",0.106571553533224,800,87471.7473467546
8,"both",0.2,"aitchison_pc0.01",0.0865031576474485,800,87471.7473467546
8,"both",0.2,"aitchison_pc0.1",0.100119095271788,800,87471.7473467546
8,"both",0.2,"aitchison_pc1",0.104147480416485,800,87471.7473467546
8,"both",0.2,"bray",0.0783918438763486,800,87471.7473467546
8,"both",0.2,"euclidean",0.0535219317611665,800,87471.7473467546
8,"both",0.2,"jaccard",0.0733940304155171,800,87471.7473467546
8,"both",0.25,"AHC_euclidean",0.100322419645424,800,87471.7473467546
8,"both",0.25,"ILR_euclidean_pc0.01",0.12399928149179,800,87471.7473467546
8,"both",0.25,"ILR_euclidean_pc0.1",0.124568378155721,800,87471.7473467546
8,"both",0.25,"ILR_euclidean_pc0.5",0.127427953526294,800,87471.7473467546
8,"both",0.25,"ILR_euclidean_pc1",0.133706387512916,800,87471.7473467546
8,"both",0.25,"aitchison",0.131193691971125,800,87471.7473467546
8,"both",0.25,"aitchison_pc0.01",0.127196431297896,800,87471.7473467546
8,"both",0.25,"aitchison_pc0.1",0.130974578313207,800,87471.7473467546
8,"both",0.25,"aitchison_pc1",0.134301978698756,800,87471.7473467546
8,"both",0.25,"bray",0.107444305132679,800,87471.7473467546
8,"both",0.25,"euclidean",0.0749809491158502,800,87471.7473467546
8,"both",0.25,"jaccard",0.0915473907528467,800,87471.7473467546
8,"both",0.3,"AHC_euclidean",0.154557720683109,800,87471.7473467546
8,"both",0.3,"ILR_euclidean_pc0.01",0.130771366581642,800,87471.7473467546
8,"both",0.3,"ILR_euclidean_pc0.1",0.138943474188732,800,87471.7473467546
8,"both",0.3,"ILR_euclidean_pc0.5",0.147097078069201,800,87471.7473467546
8,"both",0.3,"ILR_euclidean_pc1",0.167638853397015,800,87471.7473467546
8,"both",0.3,"aitchison",0.152101762876606,800,87471.7473467546
8,"both",0.3,"aitchison_pc0.01",0.137363400823317,800,87471.7473467546
8,"both",0.3,"aitchison_pc0.1",0.146243614899746,800,87471.7473467546
8,"both",0.3,"aitchison_pc1",0.158369212493107,800,87471.7473467546
8,"both",0.3,"bray",0.145794085035825,800,87471.7473467546
8,"both",0.3,"euclidean",0.0855471743100279,800,87471.7473467546
8,"both",0.3,"jaccard",0.0911580080168505,800,87471.7473467546
8,"both",0.35,"AHC_euclidean",0.201678762354161,800,87471.7473467546
8,"both",0.35,"ILR_euclidean_pc0.01",0.184611937165232,800,87471.7473467546
8,"both",0.35,"ILR_euclidean_pc0.1",0.198587664056976,800,87471.7473467546
8,"both",0.35,"ILR_euclidean_pc0.5",0.223564699545623,800,87471.7473467546
8,"both",0.35,"ILR_euclidean_pc1",0.226029939296486,800,87471.7473467546
8,"both",0.35,"aitchison",0.215701678981613,800,87471.7473467546
8,"both",0.35,"aitchison_pc0.01",0.195222983356314,800,87471.7473467546
8,"both",0.35,"aitchison_pc0.1",0.19982673826347,800,87471.7473467546
8,"both",0.35,"aitchison_pc1",0.22577703505761,800,87471.7473467546
8,"both",0.35,"bray",0.195843611737646,800,87471.7473467546
8,"both",0.35,"euclidean",0.115717579571373,800,87471.7473467546
8,"both",0.35,"jaccard",0.163328693683111,800,87471.7473467546
8,"both",0.4,"AHC_euclidean",0.282105809272797,800,87471.7473467546
8,"both",0.4,"ILR_euclidean_pc0.01",0.287325952297605,800,87471.7473467546
8,"both",0.4,"ILR_euclidean_pc0.1",0.310807046046777,800,87471.7473467546
8,"both",0.4,"ILR_euclidean_pc0.5",0.337150952284495,800,87471.7473467546
8,"both",0.4,"ILR_euclidean_pc1",0.347325453287797,800,87471.7473467546
8,"both",0.4,"aitchison",0.342147199667588,800,87471.7473467546
8,"both",0.4,"aitchison_pc0.01",0.28911353505847,800,87471.7473467546
8,"both",0.4,"aitchison_pc0.1",0.3095226435475,800,87471.7473467546
8,"both",0.4,"aitchison_pc1",0.348731403857447,800,87471.7473467546
8,"both",0.4,"bray",0.247176672640788,800,87471.7473467546
8,"both",0.4,"euclidean",0.151408144926858,800,87471.7473467546
8,"both",0.4,"jaccard",0.188458574530116,800,87471.7473467546
8,"both",0.45,"AHC_euclidean",0.406457052169564,800,87471.7473467546
8,"both",0.45,"ILR_euclidean_pc0.01",0.365842735517634,800,87471.7473467546
8,"both",0.45,"ILR_euclidean_pc0.1",0.383773799297943,800,87471.7473467546
8,"both",0.45,"ILR_euclidean_pc0.5",0.406254727919886,800,87471.7473467546
8,"both",0.45,"ILR_euclidean_pc1",0.436513906547254,800,87471.7473467546
8,"both",0.45,"aitchison",0.418503270272172,800,87471.7473467546
8,"both",0.45,"aitchison_pc0.01",0.366706013195318,800,87471.7473467546
8,"both",0.45,"aitchison_pc0.1",0.38388259517808,800,87471.7473467546
8,"both",0.45,"aitchison_pc1",0.436912677386532,800,87471.7473467546
8,"both",0.45,"bray",0.366469658706951,800,87471.7473467546
8,"both",0.45,"euclidean",0.194964941248456,800,87471.7473467546
8,"both",0.45,"jaccard",0.269422630689077,800,87471.7473467546
8,"both",0.5,"AHC_euclidean",0.49895637916775,800,87471.7473467546
8,"both",0.5,"ILR_euclidean_pc0.01",0.524843631298333,800,87471.7473467546
8,"both",0.5,"ILR_euclidean_pc0.1",0.558994801887516,800,87471.7473467546
8,"both",0.5,"ILR_euclidean_pc0.5",0.601830751614981,800,87471.7473467546
8,"both",0.5,"ILR_euclidean_pc1",0.617054071888456,800,87471.7473467546
8,"both",0.5,"aitchison",0.586014438579135,800,87471.7473467546
8,"both",0.5,"aitchison_pc0.01",0.524340911220284,800,87471.7473467546
8,"both",0.5,"aitchison_pc0.1",0.561914474751304,800,87471.7473467546
8,"both",0.5,"aitchison_pc1",0.614562480269152,800,87471.7473467546
8,"both",0.5,"bray",0.447715236883075,800,87471.7473467546
8,"both",0.5,"euclidean",0.211479501724628,800,87471.7473467546
8,"both",0.5,"jaccard",0.373996977956961,800,87471.7473467546
8,"both",0.55,"AHC_euclidean",0.60621888288808,800,87471.7473467546
8,"both",0.55,"ILR_euclidean_pc0.01",0.650862250346926,800,87471.7473467546
8,"both",0.55,"ILR_euclidean_pc0.1",0.699869122064165,800,87471.7473467546
8,"both",0.55,"ILR_euclidean_pc0.5",0.72412815840904,800,87471.7473467546
8,"both",0.55,"ILR_euclidean_pc1",0.740842157920759,800,87471.7473467546
8,"both",0.55,"aitchison",0.730331195542757,800,87471.7473467546
8,"both",0.55,"aitchison_pc0.01",0.643493772477572,800,87471.7473467546
8,"both",0.55,"aitchison_pc0.1",0.683756724539092,800,87471.7473467546
8,"both",0.55,"aitchison_pc1",0.74954638990283,800,87471.7473467546
8,"both",0.55,"bray",0.563567206636305,800,87471.7473467546
8,"both",0.55,"euclidean",0.250202276174799,800,87471.7473467546
8,"both",0.55,"jaccard",0.503175778688716,800,87471.7473467546
8,"both",0.6,"AHC_euclidean",0.707423484500222,800,87471.7473467546
8,"both",0.6,"ILR_euclidean_pc0.01",0.750508360407556,800,87471.7473467546
8,"both",0.6,"ILR_euclidean_pc0.1",0.791648376192096,800,87471.7473467546
8,"both",0.6,"ILR_euclidean_pc0.5",0.827640091461611,800,87471.7473467546
8,"both",0.6,"ILR_euclidean_pc1",0.84242950156027,800,87471.7473467546
8,"both",0.6,"aitchison",0.831291144281837,800,87471.7473467546
8,"both",0.6,"aitchison_pc0.01",0.75436607991764,800,87471.7473467546
8,"both",0.6,"aitchison_pc0.1",0.784372379479641,800,87471.7473467546
8,"both",0.6,"aitchison_pc1",0.847472026625561,800,87471.7473467546
8,"both",0.6,"bray",0.670818049970315,800,87471.7473467546
8,"both",0.6,"euclidean",0.332223439468873,800,87471.7473467546
8,"both",0.6,"jaccard",0.566230837064175,800,87471.7473467546
8,"both",0.65,"AHC_euclidean",0.810535932482505,800,87471.7473467546
8,"both",0.65,"ILR_euclidean_pc0.01",0.85987519773619,800,87471.7473467546
8,"both",0.65,"ILR_euclidean_pc0.1",0.898815796348171,800,87471.7473467546
8,"both",0.65,"ILR_euclidean_pc0.5",0.913273383547681,800,87471.7473467546
8,"both",0.65,"ILR_euclidean_pc1",0.92474656683649,800,87471.7473467546
8,"both",0.65,"aitchison",0.916465301296545,800,87471.7473467546
8,"both",0.65,"aitchison_pc0.01",0.859769078156312,800,87471.7473467546
8,"both",0.65,"aitchison_pc0.1",0.893726459056494,800,87471.7473467546
8,"both",0.65,"aitchison_pc1",0.925827671137212,800,87471.7473467546
8,"both",0.65,"bray",0.758649358618886,800,87471.7473467546
8,"both",0.65,"euclidean",0.374650371274252,800,87471.7473467546
8,"both",0.65,"jaccard",0.704334004803287,800,87471.7473467546
8,"both",0.7,"AHC_euclidean",0.86618498076079,800,87471.7473467546
8,"both",0.7,"ILR_euclidean_pc0.01",0.93713688683775,800,87471.7473467546
8,"both",0.7,"ILR_euclidean_pc0.1",0.954823027934,800,87471.7473467546
8,"both",0.7,"ILR_euclidean_pc0.5",0.966095887673375,800,87471.7473467546
8,"both",0.7,"ILR_euclidean_pc1",0.97272405797128,800,87471.7473467546
8,"both",0.7,"aitchison",0.970107750621348,800,87471.7473467546
8,"both",0.7,"aitchison_pc0.01",0.942366177401231,800,87471.7473467546
8,"both",0.7,"aitchison_pc0.1",0.956016003350983,800,87471.7473467546
8,"both",0.7,"aitchison_pc1",0.9707936676574,800,87471.7473467546
8,"both",0.7,"bray",0.828648149811896,800,87471.7473467546
8,"both",0.7,"euclidean",0.459011210111327,800,87471.7473467546
8,"both",0.7,"jaccard",0.815418187110824,800,87471.7473467546
8,"both",0.75,"AHC_euclidean",0.921214120931354,800,87471.7473467546
8,"both",0.75,"ILR_euclidean_pc0.01",0.968269331750929,800,87471.7473467546
8,"both",0.75,"ILR_euclidean_pc0.1",0.980829330192242,800,87471.7473467546
8,"both",0.75,"ILR_euclidean_pc0.5",0.987193321558155,800,87471.7473467546
8,"both",0.75,"ILR_euclidean_pc1",0.988848289305498,800,87471.7473467546
8,"both",0.75,"aitchison",0.986087765058908,800,87471.7473467546
8,"both",0.75,"aitchison_pc0.01",0.973649228219413,800,87471.7473467546
8,"both",0.75,"aitchison_pc0.1",0.976766727225062,800,87471.7473467546
8,"both",0.75,"aitchison_pc1",0.987793472825458,800,87471.7473467546
8,"both",0.75,"bray",0.87751890293369,800,87471.7473467546
8,"both",0.75,"euclidean",0.518821986031011,800,87471.7473467546
8,"both",0.75,"jaccard",0.882041889492605,800,87471.7473467546
8,"both",0.8,"AHC_euclidean",0.948364521585764,800,87471.7473467546
8,"both",0.8,"ILR_euclidean_pc0.01",0.986856123727325,800,87471.7473467546
8,"both",0.8,"ILR_euclidean_pc0.1",0.991565147345895,800,87471.7473467546
8,"both",0.8,"ILR_euclidean_pc0.5",0.992552307115285,800,87471.7473467546
8,"both",0.8,"ILR_euclidean_pc1",0.994526626654066,800,87471.7473467546
8,"both",0.8,"aitchison",0.993820266360541,800,87471.7473467546
8,"both",0.8,"aitchison_pc0.01",0.986856123727325,800,87471.7473467546
8,"both",0.8,"aitchison_pc0.1",0.99003403002899,800,87471.7473467546
8,"both",0.8,"aitchison_pc1",0.994101065836408,800,87471.7473467546
8,"both",0.8,"bray",0.93490199163469,800,87471.7473467546
8,"both",0.8,"euclidean",0.564768076165944,800,87471.7473467546
8,"both",0.8,"jaccard",0.938832506747118,800,87471.7473467546
8,"both",0.85,"AHC_euclidean",0.975363413722941,800,87471.7473467546
8,"both",0.85,"ILR_euclidean_pc0.01",0.997492966548249,800,87471.7473467546
8,"both",0.85,"ILR_euclidean_pc0.1",0.999612991497913,800,87471.7473467546
8,"both",0.85,"ILR_euclidean_pc0.5",0.999612991497913,800,87471.7473467546
8,"both",0.85,"ILR_euclidean_pc1",0.999612991497913,800,87471.7473467546
8,"both",0.85,"aitchison",0.999612991497913,800,87471.7473467546
8,"both",0.85,"aitchison_pc0.01",0.99806423277679,800,87471.7473467546
8,"both",0.85,"aitchison_pc0.1",0.999612991497913,800,87471.7473467546
8,"both",0.85,"aitchison_pc1",0.999612991497913,800,87471.7473467546
8,"both",0.85,"bray",0.964595718442773,800,87471.7473467546
8,"both",0.85,"euclidean",0.643052959827247,800,87471.7473467546
8,"both",0.85,"jaccard",0.974734610263435,800,87471.7473467546
8,"both",0.9,"AHC_euclidean",0.98356042311574,800,87471.7473467546
8,"both",0.9,"ILR_euclidean_pc0.01",1,800,87471.7473467546
8,"both",0.9,"ILR_euclidean_pc0.1",1,800,87471.7473467546
8,"both",0.9,"ILR_euclidean_pc0.5",1,800,87471.7473467546
8,"both",0.9,"ILR_euclidean_pc1",1,800,87471.7473467546
8,"both",0.9,"aitchison",1,800,87471.7473467546
8,"both",0.9,"aitchison_pc0.01",1,800,87471.7473467546
8,"both",0.9,"aitchison_pc0.1",1,800,87471.7473467546
8,"both",0.9,"aitchison_pc1",1,800,87471.7473467546
8,"both",0.9,"bray",0.973371696411487,800,87471.7473467546
8,"both",0.9,"euclidean",0.700723444031608,800,87471.7473467546
8,"both",0.9,"jaccard",0.998024736392128,800,87471.7473467546
8,"both",0.95,"AHC_euclidean",0.993883519172202,800,87471.7473467546
8,"both",0.95,"ILR_euclidean_pc0.01",1,800,87471.7473467546
8,"both",0.95,"ILR_euclidean_pc0.1",1,800,87471.7473467546
8,"both",0.95,"ILR_euclidean_pc0.5",1,800,87471.7473467546
8,"both",0.95,"ILR_euclidean_pc1",1,800,87471.7473467546
8,"both",0.95,"aitchison",1,800,87471.7473467546
8,"both",0.95,"aitchison_pc0.01",1,800,87471.7473467546
8,"both",0.95,"aitchison_pc0.1",1,800,87471.7473467546
8,"both",0.95,"aitchison_pc1",1,800,87471.7473467546
8,"both",0.95,"bray",0.981237851113882,800,87471.7473467546
8,"both",0.95,"euclidean",0.745406292638996,800,87471.7473467546
8,"both",0.95,"jaccard",0.998188083207229,800,87471.7473467546
8,"both",1,"AHC_euclidean",0.998277375542007,800,87471.7473467546
8,"both",1,"ILR_euclidean_pc0.01",1,800,87471.7473467546
8,"both",1,"ILR_euclidean_pc0.1",1,800,87471.7473467546
8,"both",1,"ILR_euclidean_pc0.5",1,800,87471.7473467546
8,"both",1,"ILR_euclidean_pc1",1,800,87471.7473467546
8,"both",1,"aitchison",1,800,87471.7473467546
8,"both",1,"aitchison_pc0.01",1,800,87471.7473467546
8,"both",1,"aitchison_pc0.1",1,800,87471.7473467546
8,"both",1,"aitchison_pc1",1,800,87471.7473467546
8,"both",1,"bray",0.993959174377794,800,87471.7473467546
8,"both",1,"euclidean",0.847809821702931,800,87471.7473467546
8,"both",1,"jaccard",1,800,87471.7473467546
8,"prevalence",0.05,"AHC_euclidean",0.0521952915793178,800,87471.7473467546
8,"prevalence",0.05,"ILR_euclidean_pc0.01",0.0459770867725205,800,87471.7473467546
8,"prevalence",0.05,"ILR_euclidean_pc0.1",0.0534759746752331,800,87471.7473467546
8,"prevalence",0.05,"ILR_euclidean_pc0.5",0.055031803455085,800,87471.7473467546
8,"prevalence",0.05,"ILR_euclidean_pc1",0.0601548849923459,800,87471.7473467546
8,"prevalence",0.05,"aitchison",0.0578290443950884,800,87471.7473467546
8,"prevalence",0.05,"aitchison_pc0.01",0.0479255861445,800,87471.7473467546
8,"prevalence",0.05,"aitchison_pc0.1",0.0526239089708255,800,87471.7473467546
8,"prevalence",0.05,"aitchison_pc1",0.0574389710210404,800,87471.7473467546
8,"prevalence",0.05,"bray",0.0468746679605088,800,87471.7473467546
8,"prevalence",0.05,"euclidean",0.0576365763432268,800,87471.7473467546
8,"prevalence",0.05,"jaccard",0.0438381905661406,800,87471.7473467546
8,"prevalence",0.1,"AHC_euclidean",0.0351638821863441,800,87471.7473467546
8,"prevalence",0.1,"ILR_euclidean_pc0.01",0.0392335318490968,800,87471.7473467546
8,"prevalence",0.1,"ILR_euclidean_pc0.1",0.0389542192846223,800,87471.7473467546
8,"prevalence",0.1,"ILR_euclidean_pc0.5",0.0336387907046673,800,87471.7473467546
8,"prevalence",0.1,"ILR_euclidean_pc1",0.0407202071059616,800,87471.7473467546
8,"prevalence",0.1,"aitchison",0.0404853366015269,800,87471.7473467546
8,"prevalence",0.1,"aitchison_pc0.01",0.0382752571184685,800,87471.7473467546
8,"prevalence",0.1,"aitchison_pc0.1",0.0329923700532777,800,87471.7473467546
8,"prevalence",0.1,"aitchison_pc1",0.0358761788687527,800,87471.7473467546
8,"prevalence",0.1,"bray",0.0331304371645474,800,87471.7473467546
8,"prevalence",0.1,"euclidean",0.0314706583694288,800,87471.7473467546
8,"prevalence",0.1,"jaccard",0.0364388881271731,800,87471.7473467546
8,"prevalence",0.15,"AHC_euclidean",0.0438867751434219,800,87471.7473467546
8,"prevalence",0.15,"ILR_euclidean_pc0.01",0.0588873893027835,800,87471.7473467546
8,"prevalence",0.15,"ILR_euclidean_pc0.1",0.0654925943135565,800,87471.7473467546
8,"prevalence",0.15,"ILR_euclidean_pc0.5",0.0618603316018151,800,87471.7473467546
8,"prevalence",0.15,"ILR_euclidean_pc1",0.0590901400784159,800,87471.7473467546
8,"prevalence",0.15,"aitchison",0.0623542738428976,800,87471.7473467546
8,"prevalence",0.15,"aitchison_pc0.01",0.0599422057828235,800,87471.7473467546
8,"prevalence",0.15,"aitchison_pc0.1",0.0585954356387167,800,87471.7473467546
8,"prevalence",0.15,"aitchison_pc1",0.0624604828691184,800,87471.7473467546
8,"prevalence",0.15,"bray",0.0441199077701535,800,87471.7473467546
8,"prevalence",0.15,"euclidean",0.0508180525170991,800,87471.7473467546
8,"prevalence",0.15,"jaccard",0.0731928717189021,800,87471.7473467546
8,"prevalence",0.2,"AHC_euclidean",0.0507859175494497,800,87471.7473467546
8,"prevalence",0.2,"ILR_euclidean_pc0.01",0.0605499035240665,800,87471.7473467546
8,"prevalence",0.2,"ILR_euclidean_pc0.1",0.0647904068193509,800,87471.7473467546
8,"prevalence",0.2,"ILR_euclidean_pc0.5",0.0662375045433209,800,87471.7473467546
8,"prevalence",0.2,"ILR_euclidean_pc1",0.0665899666931013,800,87471.7473467546
8,"prevalence",0.2,"aitchison",0.0698894984548496,800,87471.7473467546
8,"prevalence",0.2,"aitchison_pc0.01",0.0639277440269674,800,87471.7473467546
8,"prevalence",0.2,"aitchison_pc0.1",0.0690744116860663,800,87471.7473467546
8,"prevalence",0.2,"aitchison_pc1",0.062432227739669,800,87471.7473467546
8,"prevalence",0.2,"bray",0.0534143231566748,800,87471.7473467546
8,"prevalence",0.2,"euclidean",0.0520536979020194,800,87471.7473467546
8,"prevalence",0.2,"jaccard",0.0628600513225654,800,87471.7473467546
8,"prevalence",0.25,"AHC_euclidean",0.042959642909517,800,87471.7473467546
8,"prevalence",0.25,"ILR_euclidean_pc0.01",0.076405442914641,800,87471.7473467546
8,"prevalence",0.25,"ILR_euclidean_pc0.1",0.06835534804978,800,87471.7473467546
8,"prevalence",0.25,"ILR_euclidean_pc0.5",0.0694383626506902,800,87471.7473467546
8,"prevalence",0.25,"ILR_euclidean_pc1",0.0687106150306026,800,87471.7473467546
8,"prevalence",0.25,"aitchison",0.0686643456465164,800,87471.7473467546
8,"prevalence",0.25,"aitchison_pc0.01",0.0717071200883155,800,87471.7473467546
8,"prevalence",0.25,"aitchison_pc0.1",0.0718378707594042,800,87471.7473467546
8,"prevalence",0.25,"aitchison_pc1",0.0664518395399538,800,87471.7473467546
8,"prevalence",0.25,"bray",0.0468879036461676,800,87471.7473467546
8,"prevalence",0.25,"euclidean",0.0585535234240139,800,87471.7473467546
8,"prevalence",0.25,"jaccard",0.0818337333756382,800,87471.7473467546
8,"prevalence",0.3,"AHC_euclidean",0.0537240717190617,800,87471.7473467546
8,"prevalence",0.3,"ILR_euclidean_pc0.01",0.0945429493621371,800,87471.7473467546
8,"prevalence",0.3,"ILR_euclidean_pc0.1",0.0878665610746855,800,87471.7473467546
8,"prevalence",0.3,"ILR_euclidean_pc0.5",0.0941794608680772,800,87471.7473467546
8,"prevalence",0.3,"ILR_euclidean_pc1",0.0929635225432912,800,87471.7473467546
8,"prevalence",0.3,"aitchison",0.0963990924391138,800,87471.7473467546
8,"prevalence",0.3,"aitchison_pc0.01",0.0945578229536997,800,87471.7473467546
8,"prevalence",0.3,"aitchison_pc0.1",0.0882796868028791,800,87471.7473467546
8,"prevalence",0.3,"aitchison_pc1",0.0931174067167577,800,87471.7473467546
8,"prevalence",0.3,"bray",0.0556823282774115,800,87471.7473467546
8,"prevalence",0.3,"euclidean",0.0583239277274744,800,87471.7473467546
8,"prevalence",0.3,"jaccard",0.113510792863086,800,87471.7473467546
8,"prevalence",0.35,"AHC_euclidean",0.0565420322814329,800,87471.7473467546
8,"prevalence",0.35,"ILR_euclidean_pc0.01",0.10744127429708,800,87471.7473467546
8,"prevalence",0.35,"ILR_euclidean_pc0.1",0.0950548565857271,800,87471.7473467546
8,"prevalence",0.35,"ILR_euclidean_pc0.5",0.0939122362851354,800,87471.7473467546
8,"prevalence",0.35,"ILR_euclidean_pc1",0.0857838099186597,800,87471.7473467546
8,"prevalence",0.35,"aitchison",0.0918362300067149,800,87471.7473467546
8,"prevalence",0.35,"aitchison_pc0.01",0.108263306258459,800,87471.7473467546
8,"prevalence",0.35,"aitchison_pc0.1",0.0993834741070578,800,87471.7473467546
8,"prevalence",0.35,"aitchison_pc1",0.0831786567569277,800,87471.7473467546
8,"prevalence",0.35,"bray",0.0609067326046993,800,87471.7473467546
8,"prevalence",0.35,"euclidean",0.0587986669277468,800,87471.7473467546
8,"prevalence",0.35,"jaccard",0.126067229975762,800,87471.7473467546
8,"prevalence",0.4,"AHC_euclidean",0.0743789728115248,800,87471.7473467546
8,"prevalence",0.4,"ILR_euclidean_pc0.01",0.19763466293309,800,87471.7473467546
8,"prevalence",0.4,"ILR_euclidean_pc0.1",0.168676146585711,800,87471.7473467546
8,"prevalence",0.4,"ILR_euclidean_pc0.5",0.1595213144288,800,87471.7473467546
8,"prevalence",0.4,"ILR_euclidean_pc1",0.145175144173098,800,87471.7473467546
8,"prevalence",0.4,"aitchison",0.153613733848743,800,87471.7473467546
8,"prevalence",0.4,"aitchison_pc0.01",0.191242473446307,800,87471.7473467546
8,"prevalence",0.4,"aitchison_pc0.1",0.164322998096955,800,87471.7473467546
8,"prevalence",0.4,"aitchison_pc1",0.151052601563784,800,87471.7473467546
8,"prevalence",0.4,"bray",0.0678015281010991,800,87471.7473467546
8,"prevalence",0.4,"euclidean",0.0595673544024704,800,87471.7473467546
8,"prevalence",0.4,"jaccard",0.205698095669211,800,87471.7473467546
8,"prevalence",0.45,"AHC_euclidean",0.062971831529126,800,87471.7473467546
8,"prevalence",0.45,"ILR_euclidean_pc0.01",0.222073926905405,800,87471.7473467546
8,"prevalence",0.45,"ILR_euclidean_pc0.1",0.203187534323313,800,87471.7473467546
8,"prevalence",0.45,"ILR_euclidean_pc0.5",0.189140944751156,800,87471.7473467546
8,"prevalence",0.45,"ILR_euclidean_pc1",0.19302538194092,800,87471.7473467546
8,"prevalence",0.45,"aitchison",0.17689789449703,800,87471.7473467546
8,"prevalence",0.45,"aitchison_pc0.01",0.215176381724916,800,87471.7473467546
8,"prevalence",0.45,"aitchison_pc0.1",0.201632854247727,800,87471.7473467546
8,"prevalence",0.45,"aitchison_pc1",0.168529728741995,800,87471.7473467546
8,"prevalence",0.45,"bray",0.058713547705566,800,87471.7473467546
8,"prevalence",0.45,"euclidean",0.0371393270662338,800,87471.7473467546
8,"prevalence",0.45,"jaccard",0.254684026205732,800,87471.7473467546
8,"prevalence",0.5,"AHC_euclidean",0.0795925393951463,800,87471.7473467546
8,"prevalence",0.5,"ILR_euclidean_pc0.01",0.32170677091104,800,87471.7473467546
8,"prevalence",0.5,"ILR_euclidean_pc0.1",0.307990116358639,800,87471.7473467546
8,"prevalence",0.5,"ILR_euclidean_pc0.5",0.287003964103405,800,87471.7473467546
8,"prevalence",0.5,"ILR_euclidean_pc1",0.269684220036525,800,87471.7473467546
8,"prevalence",0.5,"aitchison",0.287636374084091,800,87471.7473467546
8,"prevalence",0.5,"aitchison_pc0.01",0.332635124881942,800,87471.7473467546
8,"prevalence",0.5,"aitchison_pc0.1",0.311628930600265,800,87471.7473467546
8,"prevalence",0.5,"aitchison_pc1",0.273481408126632,800,87471.7473467546
8,"prevalence",0.5,"bray",0.0523955516836873,800,87471.7473467546
8,"prevalence",0.5,"euclidean",0.0416124215251408,800,87471.7473467546
8,"prevalence",0.5,"jaccard",0.381443707385086,800,87471.7473467546
8,"prevalence",0.55,"AHC_euclidean",0.0820950934462105,800,87471.7473467546
8,"prevalence",0.55,"ILR_euclidean_pc0.01",0.385724856670995,800,87471.7473467546
8,"prevalence",0.55,"ILR_euclidean_pc0.1",0.353565688404414,800,87471.7473467546
8,"prevalence",0.55,"ILR_euclidean_pc0.5",0.305835681010622,800,87471.7473467546
8,"prevalence",0.55,"ILR_euclidean_pc1",0.299730931975933,800,87471.7473467546
8,"prevalence",0.55,"aitchison",0.320504527194145,800,87471.7473467546
8,"prevalence",0.55,"aitchison_pc0.01",0.384897205370229,800,87471.7473467546
8,"prevalence",0.55,"aitchison_pc0.1",0.361185361865604,800,87471.7473467546
8,"prevalence",0.55,"aitchison_pc1",0.301739798469715,800,87471.7473467546
8,"prevalence",0.55,"bray",0.0701365509692146,800,87471.7473467546
8,"prevalence",0.55,"euclidean",0.0558606783046328,800,87471.7473467546
8,"prevalence",0.55,"jaccard",0.4667023026972,800,87471.7473467546
8,"prevalence",0.6,"AHC_euclidean",0.0967840657864332,800,87471.7473467546
8,"prevalence",0.6,"ILR_euclidean_pc0.01",0.473445532152554,800,87471.7473467546
8,"prevalence",0.6,"ILR_euclidean_pc0.1",0.443400881876857,800,87471.7473467546
8,"prevalence",0.6,"ILR_euclidean_pc0.5",0.399139069421216,800,87471.7473467546
8,"prevalence",0.6,"ILR_euclidean_pc1",0.375787346144422,800,87471.7473467546
8,"prevalence",0.6,"aitchison",0.403404630776991,800,87471.7473467546
8,"prevalence",0.6,"aitchison_pc0.01",0.470339795947314,800,87471.7473467546
8,"prevalence",0.6,"aitchison_pc0.1",0.432729106333217,800,87471.7473467546
8,"prevalence",0.6,"aitchison_pc1",0.376977894937901,800,87471.7473467546
8,"prevalence",0.6,"bray",0.0790664535740009,800,87471.7473467546
8,"prevalence",0.6,"euclidean",0.0625254427556075,800,87471.7473467546
8,"prevalence",0.6,"jaccard",0.572657803467796,800,87471.7473467546
8,"prevalence",0.65,"AHC_euclidean",0.0951080179123522,800,87471.7473467546
8,"prevalence",0.65,"ILR_euclidean_pc0.01",0.592994119524385,800,87471.7473467546
8,"prevalence",0.65,"ILR_euclidean_pc0.1",0.541447731707542,800,87471.7473467546
8,"prevalence",0.65,"ILR_euclidean_pc0.5",0.506868145421034,800,87471.7473467546
8,"prevalence",0.65,"ILR_euclidean_pc1",0.4824205401685,800,87471.7473467546
8,"prevalence",0.65,"aitchison",0.503204946782927,800,87471.7473467546
8,"prevalence",0.65,"aitchison_pc0.01",0.59856939011264,800,87471.7473467546
8,"prevalence",0.65,"aitchison_pc0.1",0.553208625077031,800,87471.7473467546
8,"prevalence",0.65,"aitchison_pc1",0.469353111098531,800,87471.7473467546
8,"prevalence",0.65,"bray",0.0818623908522786,800,87471.7473467546
8,"prevalence",0.65,"euclidean",0.0520458033200083,800,87471.7473467546
8,"prevalence",0.65,"jaccard",0.702969707156171,800,87471.7473467546
8,"prevalence",0.7,"AHC_euclidean",0.103760481216552,800,87471.7473467546
8,"prevalence",0.7,"ILR_euclidean_pc0.01",0.727088887036873,800,87471.7473467546
8,"prevalence",0.7,"ILR_euclidean_pc0.1",0.665002476249018,800,87471.7473467546
8,"prevalence",0.7,"ILR_euclidean_pc0.5",0.616463809357127,800,87471.7473467546
8,"prevalence",0.7,"ILR_euclidean_pc1",0.58885350762787,800,87471.7473467546
8,"prevalence",0.7,"aitchison",0.60315817450568,800,87471.7473467546
8,"prevalence",0.7,"aitchison_pc0.01",0.723635000605229,800,87471.7473467546
8,"prevalence",0.7,"aitchison_pc0.1",0.673629999524107,800,87471.7473467546
8,"prevalence",0.7,"aitchison_pc1",0.575445924481434,800,87471.7473467546
8,"prevalence",0.7,"bray",0.0810970178852384,800,87471.7473467546
8,"prevalence",0.7,"euclidean",0.058148120683116,800,87471.7473467546
8,"prevalence",0.7,"jaccard",0.831106407892733,800,87471.7473467546
8,"prevalence",0.75,"AHC_euclidean",0.106919595153131,800,87471.7473467546
8,"prevalence",0.75,"ILR_euclidean_pc0.01",0.787527675043991,800,87471.7473467546
8,"prevalence",0.75,"ILR_euclidean_pc0.1",0.757593312191719,800,87471.7473467546
8,"prevalence",0.75,"ILR_euclidean_pc0.5",0.69792002059755,800,87471.7473467546
8,"prevalence",0.75,"ILR_euclidean_pc1",0.664099655113363,800,87471.7473467546
8,"prevalence",0.75,"aitchison",0.703737457197869,800,87471.7473467546
8,"prevalence",0.75,"aitchison_pc0.01",0.789827398415141,800,87471.7473467546
8,"prevalence",0.75,"aitchison_pc0.1",0.75001833175688,800,87471.7473467546
8,"prevalence",0.75,"aitchison_pc1",0.665614115779744,800,87471.7473467546
8,"prevalence",0.75,"bray",0.0826475206650499,800,87471.7473467546
8,"prevalence",0.75,"euclidean",0.0503678455431844,800,87471.7473467546
8,"prevalence",0.75,"jaccard",0.908029875163752,800,87471.7473467546
8,"prevalence",0.8,"AHC_euclidean",0.123550465717148,800,87471.7473467546
8,"prevalence",0.8,"ILR_euclidean_pc0.01",0.860496671496992,800,87471.7473467546
8,"prevalence",0.8,"ILR_euclidean_pc0.1",0.812265147099877,800,87471.7473467546
8,"prevalence",0.8,"ILR_euclidean_pc0.5",0.755247193791952,800,87471.7473467546
8,"prevalence",0.8,"ILR_euclidean_pc1",0.725945840771245,800,87471.7473467546
8,"prevalence",0.8,"aitchison",0.762936567372714,800,87471.7473467546
8,"prevalence",0.8,"aitchison_pc0.01",0.856885657127234,800,87471.7473467546
8,"prevalence",0.8,"aitchison_pc0.1",0.810737184101276,800,87471.7473467546
8,"prevalence",0.8,"aitchison_pc1",0.720965942615207,800,87471.7473467546
8,"prevalence",0.8,"bray",0.0971565389553565,800,87471.7473467546
8,"prevalence",0.8,"euclidean",0.0471380430477051,800,87471.7473467546
8,"prevalence",0.8,"jaccard",0.93839757749283,800,87471.7473467546
8,"prevalence",0.85,"AHC_euclidean",0.127458844063882,800,87471.7473467546
8,"prevalence",0.85,"ILR_euclidean_pc0.01",0.938003117664169,800,87471.7473467546
8,"prevalence",0.85,"ILR_euclidean_pc0.1",0.905366221601982,800,87471.7473467546
8,"prevalence",0.85,"ILR_euclidean_pc0.5",0.874583402965093,800,87471.7473467546
8,"prevalence",0.85,"ILR_euclidean_pc1",0.842378725531156,800,87471.7473467546
8,"prevalence",0.85,"aitchison",0.874474129066911,800,87471.7473467546
8,"prevalence",0.85,"aitchison_pc0.01",0.944382733853403,800,87471.7473467546
8,"prevalence",0.85,"aitchison_pc0.1",0.90837669535624,800,87471.7473467546
8,"prevalence",0.85,"aitchison_pc1",0.84561367719757,800,87471.7473467546
8,"prevalence",0.85,"bray",0.0934976649841202,800,87471.7473467546
8,"prevalence",0.85,"euclidean",0.0398852686469518,800,87471.7473467546
8,"prevalence",0.85,"jaccard",0.978508053121692,800,87471.7473467546
8,"prevalence",0.9,"AHC_euclidean",0.126543359020802,800,87471.7473467546
8,"prevalence",0.9,"ILR_euclidean_pc0.01",0.954671526721647,800,87471.7473467546
8,"prevalence",0.9,"ILR_euclidean_pc0.1",0.944096667554474,800,87471.7473467546
8,"prevalence",0.9,"ILR_euclidean_pc0.5",0.914245890456779,800,87471.7473467546
8,"prevalence",0.9,"ILR_euclidean_pc1",0.888336810221837,800,87471.7473467546
8,"prevalence",0.9,"aitchison",0.906866926103421,800,87471.7473467546
8,"prevalence",0.9,"aitchison_pc0.01",0.961298676159208,800,87471.7473467546
8,"prevalence",0.9,"aitchison_pc0.1",0.943187518690434,800,87471.7473467546
8,"prevalence",0.9,"aitchison_pc1",0.888608486866028,800,87471.7473467546
8,"prevalence",0.9,"bray",0.10162358810964,800,87471.7473467546
8,"prevalence",0.9,"euclidean",0.0472506942481615,800,87471.7473467546
8,"prevalence",0.9,"jaccard",0.996466310394196,800,87471.7473467546
8,"prevalence",0.95,"AHC_euclidean",0.137145280122999,800,87471.7473467546
8,"prevalence",0.95,"ILR_euclidean_pc0.01",0.98292418198489,800,87471.7473467546
8,"prevalence",0.95,"ILR_euclidean_pc0.1",0.978161085449401,800,87471.7473467546
8,"prevalence",0.95,"ILR_euclidean_pc0.5",0.951507934283606,800,87471.7473467546
8,"prevalence",0.95,"ILR_euclidean_pc1",0.931761796549674,800,87471.7473467546
8,"prevalence",0.95,"aitchison",0.948965204998786,800,87471.7473467546
8,"prevalence",0.95,"aitchison_pc0.01",0.98812313890349,800,87471.7473467546
8,"prevalence",0.95,"aitchison_pc0.1",0.973412657870301,800,87471.7473467546
8,"prevalence",0.95,"aitchison_pc1",0.931832518132284,800,87471.7473467546
8,"prevalence",0.95,"bray",0.102473614850509,800,87471.7473467546
8,"prevalence",0.95,"euclidean",0.058184212422988,800,87471.7473467546
8,"prevalence",0.95,"jaccard",0.996143042085838,800,87471.7473467546
8,"prevalence",1,"AHC_euclidean",0.201953728967372,800,87471.7473467546
8,"prevalence",1,"ILR_euclidean_pc0.01",0.989498340690402,800,87471.7473467546
8,"prevalence",1,"ILR_euclidean_pc0.1",0.988268933760717,800,87471.7473467546
8,"prevalence",1,"ILR_euclidean_pc0.5",0.987214117280677,800,87471.7473467546
8,"prevalence",1,"ILR_euclidean_pc1",0.976581026249606,800,87471.7473467546
8,"prevalence",1,"aitchison",0.984284379493771,800,87471.7473467546
8,"prevalence",1,"aitchison_pc0.01",0.989217541214536,800,87471.7473467546
8,"prevalence",1,"aitchison_pc0.1",0.98788192525863,800,87471.7473467546
8,"prevalence",1,"aitchison_pc1",0.97688636737034,800,87471.7473467546
8,"prevalence",1,"bray",0.143362716325726,800,87471.7473467546
8,"prevalence",1,"euclidean",0.0636719328980803,800,87471.7473467546
8,"prevalence",1,"jaccard",0.999719200524134,800,87471.7473467546
