"k","signal_mode","beta","method","weighted_power","n_nonmissing","total_weight"
2,"abundance",0.05,"AHC_euclidean",0.0447301867622262,200,142.008250830433
2,"abundance",0.05,"ILR_euclidean_pc0.01",0.0549100622540754,200,142.008250830433
2,"abundance",0.05,"ILR_euclidean_pc0.1",0.0450899377459247,200,142.008250830433
2,"abundance",0.05,"ILR_euclidean_pc0.5",0.05,200,142.008250830433
2,"abundance",0.05,"ILR_euclidean_pc1",0.05,200,142.008250830433
2,"abundance",0.05,"aitchison",0.05,200,142.008250830433
2,"abundance",0.05,"aitchison_pc0.01",0.0547301867622262,200,142.008250830433
2,"abundance",0.05,"aitchison_pc0.1",0.0498201245081508,200,142.008250830433
2,"abundance",0.05,"aitchison_pc1",0.05,200,142.008250830433
2,"abundance",0.05,"bray",0.044550311270377,200,142.008250830433
2,"abundance",0.05,"euclidean",0.0343704357785277,200,142.008250830433
2,"abundance",0.05,"jaccard",0.04,200,142.008250830433
2,"abundance",0.1,"AHC_euclidean",0.0501798754918493,200,142.008250830433
2,"abundance",0.1,"ILR_euclidean_pc0.01",0.0554496887296231,200,142.008250830433
2,"abundance",0.1,"ILR_euclidean_pc0.1",0.0503597509836985,200,142.008250830433
2,"abundance",0.1,"ILR_euclidean_pc0.5",0.0554496887296231,200,142.008250830433
2,"abundance",0.1,"ILR_euclidean_pc1",0.0654496887296232,200,142.008250830433
2,"abundance",0.1,"aitchison",0.0454496887296231,200,142.008250830433
2,"abundance",0.1,"aitchison_pc0.01",0.0603597509836985,200,142.008250830433
2,"abundance",0.1,"aitchison_pc0.1",0.0554496887296231,200,142.008250830433
2,"abundance",0.1,"aitchison_pc1",0.0603597509836985,200,142.008250830433
2,"abundance",0.1,"bray",0.0698201245081509,200,142.008250830433
2,"abundance",0.1,"euclidean",0.0754496887296232,200,142.008250830433
2,"abundance",0.1,"jaccard",0.0603597509836985,200,142.008250830433
2,"abundance",0.15,"AHC_euclidean",0.064550311270377,200,142.008250830433
2,"abundance",0.15,"ILR_euclidean_pc0.01",0.0401798754918493,200,142.008250830433
2,"abundance",0.15,"ILR_euclidean_pc0.1",0.0401798754918493,200,142.008250830433
2,"abundance",0.15,"ILR_euclidean_pc0.5",0.0250899377459246,200,142.008250830433
2,"abundance",0.15,"ILR_euclidean_pc1",0.0449100622540754,200,142.008250830433
2,"abundance",0.15,"aitchison",0.04,200,142.008250830433
2,"abundance",0.15,"aitchison_pc0.01",0.0401798754918493,200,142.008250830433
2,"abundance",0.15,"aitchison_pc0.1",0.0301798754918493,200,142.008250830433
2,"abundance",0.15,"aitchison_pc1",0.0449100622540754,200,142.008250830433
2,"abundance",0.15,"bray",0.0600000000000001,200,142.008250830433
2,"abundance",0.15,"euclidean",0.0792804980326031,200,142.008250830433
2,"abundance",0.15,"jaccard",0.0352698132377739,200,142.008250830433
2,"abundance",0.2,"AHC_euclidean",0.0758094397133216,200,142.008250830433
2,"abundance",0.2,"ILR_euclidean_pc0.01",0.0452698132377739,200,142.008250830433
2,"abundance",0.2,"ILR_euclidean_pc0.1",0.0501798754918493,200,142.008250830433
2,"abundance",0.2,"ILR_euclidean_pc0.5",0.0603597509836985,200,142.008250830433
2,"abundance",0.2,"ILR_euclidean_pc1",0.0552698132377739,200,142.008250830433
2,"abundance",0.2,"aitchison",0.0554496887296231,200,142.008250830433
2,"abundance",0.2,"aitchison_pc0.01",0.0501798754918493,200,142.008250830433
2,"abundance",0.2,"aitchison_pc0.1",0.0452698132377739,200,142.008250830433
2,"abundance",0.2,"aitchison_pc1",0.0652698132377739,200,142.008250830433
2,"abundance",0.2,"bray",0.0858094397133216,200,142.008250830433
2,"abundance",0.2,"euclidean",0.0752698132377739,200,142.008250830433
2,"abundance",0.2,"jaccard",0.0352698132377739,200,142.008250830433
2,"abundance",0.25,"AHC_euclidean",0.12,200,142.008250830433
2,"abundance",0.25,"ILR_euclidean_pc0.01",0.0601798754918493,200,142.008250830433
2,"abundance",0.25,"ILR_euclidean_pc0.1",0.0649100622540755,200,142.008250830433
2,"abundance",0.25,"ILR_euclidean_pc0.5",0.0698201245081508,200,142.008250830433
2,"abundance",0.25,"ILR_euclidean_pc1",0.0749100622540755,200,142.008250830433
2,"abundance",0.25,"aitchison",0.0698201245081508,200,142.008250830433
2,"abundance",0.25,"aitchison_pc0.01",0.0600000000000001,200,142.008250830433
2,"abundance",0.25,"aitchison_pc0.1",0.0649100622540755,200,142.008250830433
2,"abundance",0.25,"aitchison_pc1",0.0847301867622262,200,142.008250830433
2,"abundance",0.25,"bray",0.0947301867622262,200,142.008250830433
2,"abundance",0.25,"euclidean",0.0749100622540755,200,142.008250830433
2,"abundance",0.25,"jaccard",0.0650899377459247,200,142.008250830433
2,"abundance",0.3,"AHC_euclidean",0.155629564221473,200,142.008250830433
2,"abundance",0.3,"ILR_euclidean_pc0.01",0.0649100622540754,200,142.008250830433
2,"abundance",0.3,"ILR_euclidean_pc0.1",0.0749100622540755,200,142.008250830433
2,"abundance",0.3,"ILR_euclidean_pc0.5",0.0950899377459247,200,142.008250830433
2,"abundance",0.3,"ILR_euclidean_pc1",0.0750899377459247,200,142.008250830433
2,"abundance",0.3,"aitchison",0.0849100622540755,200,142.008250830433
2,"abundance",0.3,"aitchison_pc0.01",0.0698201245081508,200,142.008250830433
2,"abundance",0.3,"aitchison_pc0.1",0.0749100622540755,200,142.008250830433
2,"abundance",0.3,"aitchison_pc1",0.0850899377459247,200,142.008250830433
2,"abundance",0.3,"bray",0.180359750983699,200,142.008250830433
2,"abundance",0.3,"euclidean",0.0901798754918493,200,142.008250830433
2,"abundance",0.3,"jaccard",0.0549100622540754,200,142.008250830433
2,"abundance",0.35,"AHC_euclidean",0.170179875491849,200,142.008250830433
2,"abundance",0.35,"ILR_euclidean_pc0.01",0.03,200,142.008250830433
2,"abundance",0.35,"ILR_euclidean_pc0.1",0.0349100622540754,200,142.008250830433
2,"abundance",0.35,"ILR_euclidean_pc0.5",0.0398201245081508,200,142.008250830433
2,"abundance",0.35,"ILR_euclidean_pc1",0.0496402490163016,200,142.008250830433
2,"abundance",0.35,"aitchison",0.054550311270377,200,142.008250830433
2,"abundance",0.35,"aitchison_pc0.01",0.0396402490163016,200,142.008250830433
2,"abundance",0.35,"aitchison_pc0.1",0.0349100622540754,200,142.008250830433
2,"abundance",0.35,"aitchison_pc1",0.0496402490163016,200,142.008250830433
2,"abundance",0.35,"bray",0.224730186762227,200,142.008250830433
2,"abundance",0.35,"euclidean",0.154370435778528,200,142.008250830433
2,"abundance",0.35,"jaccard",0.0396402490163016,200,142.008250830433
2,"abundance",0.4,"AHC_euclidean",0.235089937745925,200,142.008250830433
2,"abundance",0.4,"ILR_euclidean_pc0.01",0.0654496887296232,200,142.008250830433
2,"abundance",0.4,"ILR_euclidean_pc0.1",0.0856295642214724,200,142.008250830433
2,"abundance",0.4,"ILR_euclidean_pc0.5",0.100359750983699,200,142.008250830433
2,"abundance",0.4,"ILR_euclidean_pc1",0.100539626475548,200,142.008250830433
2,"abundance",0.4,"aitchison",0.0854496887296232,200,142.008250830433
2,"abundance",0.4,"aitchison_pc0.01",0.0705396264755478,200,142.008250830433
2,"abundance",0.4,"aitchison_pc0.1",0.0805396264755478,200,142.008250830433
2,"abundance",0.4,"aitchison_pc1",0.110539626475548,200,142.008250830433
2,"abundance",0.4,"bray",0.280719501967397,200,142.008250830433
2,"abundance",0.4,"euclidean",0.140359750983699,200,142.008250830433
2,"abundance",0.4,"jaccard",0.05,200,142.008250830433
2,"abundance",0.45,"AHC_euclidean",0.365089937745925,200,142.008250830433
2,"abundance",0.45,"ILR_euclidean_pc0.01",0.0849100622540755,200,142.008250830433
2,"abundance",0.45,"ILR_euclidean_pc0.1",0.114910062254075,200,142.008250830433
2,"abundance",0.45,"ILR_euclidean_pc0.5",0.129820124508151,200,142.008250830433
2,"abundance",0.45,"ILR_euclidean_pc1",0.144910062254076,200,142.008250830433
2,"abundance",0.45,"aitchison",0.129820124508151,200,142.008250830433
2,"abundance",0.45,"aitchison_pc0.01",0.0950899377459247,200,142.008250830433
2,"abundance",0.45,"aitchison_pc0.1",0.105089937745925,200,142.008250830433
2,"abundance",0.45,"aitchison_pc1",0.159820124508151,200,142.008250830433
2,"abundance",0.45,"bray",0.38,200,142.008250830433
2,"abundance",0.45,"euclidean",0.195269813237774,200,142.008250830433
2,"abundance",0.45,"jaccard",0.0749100622540755,200,142.008250830433
2,"abundance",0.5,"AHC_euclidean",0.390719501967397,200,142.008250830433
2,"abundance",0.5,"ILR_euclidean_pc0.01",0.0956295642214724,200,142.008250830433
2,"abundance",0.5,"ILR_euclidean_pc0.1",0.110899377459246,200,142.008250830433
2,"abundance",0.5,"ILR_euclidean_pc0.5",0.151079252951096,200,142.008250830433
2,"abundance",0.5,"ILR_euclidean_pc1",0.165809439713322,200,142.008250830433
2,"abundance",0.5,"aitchison",0.160899377459246,200,142.008250830433
2,"abundance",0.5,"aitchison_pc0.01",0.100719501967397,200,142.008250830433
2,"abundance",0.5,"aitchison_pc0.1",0.105809439713322,200,142.008250830433
2,"abundance",0.5,"aitchison_pc1",0.155989315205171,200,142.008250830433
2,"abundance",0.5,"bray",0.46616919069702,200,142.008250830433
2,"abundance",0.5,"euclidean",0.215809439713322,200,142.008250830433
2,"abundance",0.5,"jaccard",0.0703597509836985,200,142.008250830433
2,"abundance",0.55,"AHC_euclidean",0.535089937745925,200,142.008250830433
2,"abundance",0.55,"ILR_euclidean_pc0.01",0.0598201245081508,200,142.008250830433
2,"abundance",0.55,"ILR_euclidean_pc0.1",0.0950899377459247,200,142.008250830433
2,"abundance",0.55,"ILR_euclidean_pc0.5",0.13,200,142.008250830433
2,"abundance",0.55,"ILR_euclidean_pc1",0.145269813237774,200,142.008250830433
2,"abundance",0.55,"aitchison",0.124910062254075,200,142.008250830433
2,"abundance",0.55,"aitchison_pc0.01",0.0549100622540754,200,142.008250830433
2,"abundance",0.55,"aitchison_pc0.1",0.0850899377459247,200,142.008250830433
2,"abundance",0.55,"aitchison_pc1",0.140179875491849,200,142.008250830433
2,"abundance",0.55,"bray",0.599640249016302,200,142.008250830433
2,"abundance",0.55,"euclidean",0.225089937745925,200,142.008250830433
2,"abundance",0.55,"jaccard",0.0550899377459247,200,142.008250830433
2,"abundance",0.6,"AHC_euclidean",0.615089937745925,200,142.008250830433
2,"abundance",0.6,"ILR_euclidean_pc0.01",0.0798201245081509,200,142.008250830433
2,"abundance",0.6,"ILR_euclidean_pc0.1",0.120179875491849,200,142.008250830433
2,"abundance",0.6,"ILR_euclidean_pc0.5",0.185089937745925,200,142.008250830433
2,"abundance",0.6,"ILR_euclidean_pc1",0.214730186762226,200,142.008250830433
2,"abundance",0.6,"aitchison",0.175089937745925,200,142.008250830433
2,"abundance",0.6,"aitchison_pc0.01",0.0849100622540755,200,142.008250830433
2,"abundance",0.6,"aitchison_pc0.1",0.104910062254075,200,142.008250830433
2,"abundance",0.6,"aitchison_pc1",0.219640249016302,200,142.008250830433
2,"abundance",0.6,"bray",0.690359750983699,200,142.008250830433
2,"abundance",0.6,"euclidean",0.315629564221472,200,142.008250830433
2,"abundance",0.6,"jaccard",0.0596402490163016,200,142.008250830433
2,"abundance",0.65,"AHC_euclidean",0.673650933811131,200,142.008250830433
2,"abundance",0.65,"ILR_euclidean_pc0.01",0.119640249016302,200,142.008250830433
2,"abundance",0.65,"ILR_euclidean_pc0.1",0.149460373524452,200,142.008250830433
2,"abundance",0.65,"ILR_euclidean_pc0.5",0.204910062254076,200,142.008250830433
2,"abundance",0.65,"ILR_euclidean_pc1",0.229820124508151,200,142.008250830433
2,"abundance",0.65,"aitchison",0.194910062254076,200,142.008250830433
2,"abundance",0.65,"aitchison_pc0.01",0.104370435778528,200,142.008250830433
2,"abundance",0.65,"aitchison_pc0.1",0.159640249016302,200,142.008250830433
2,"abundance",0.65,"aitchison_pc1",0.249640249016302,200,142.008250830433
2,"abundance",0.65,"bray",0.728920747048905,200,142.008250830433
2,"abundance",0.65,"euclidean",0.399460373524452,200,142.008250830433
2,"abundance",0.65,"jaccard",0.0596402490163016,200,142.008250830433
2,"abundance",0.7,"AHC_euclidean",0.779460373524453,200,142.008250830433
2,"abundance",0.7,"ILR_euclidean_pc0.01",0.119820124508151,200,142.008250830433
2,"abundance",0.7,"ILR_euclidean_pc0.1",0.145089937745925,200,142.008250830433
2,"abundance",0.7,"ILR_euclidean_pc0.5",0.219640249016302,200,142.008250830433
2,"abundance",0.7,"ILR_euclidean_pc1",0.284370435778528,200,142.008250830433
2,"abundance",0.7,"aitchison",0.219820124508151,200,142.008250830433
2,"abundance",0.7,"aitchison_pc0.01",0.119820124508151,200,142.008250830433
2,"abundance",0.7,"aitchison_pc0.1",0.154910062254076,200,142.008250830433
2,"abundance",0.7,"aitchison_pc1",0.279460373524453,200,142.008250830433
2,"abundance",0.7,"bray",0.839820124508151,200,142.008250830433
2,"abundance",0.7,"euclidean",0.374190560286678,200,142.008250830433
2,"abundance",0.7,"jaccard",0.0698201245081508,200,142.008250830433
2,"abundance",0.75,"AHC_euclidean",0.859820124508151,200,142.008250830433
2,"abundance",0.75,"ILR_euclidean_pc0.01",0.105629564221472,200,142.008250830433
2,"abundance",0.75,"ILR_euclidean_pc0.1",0.145449688729623,200,142.008250830433
2,"abundance",0.75,"ILR_euclidean_pc0.5",0.255269813237774,200,142.008250830433
2,"abundance",0.75,"ILR_euclidean_pc1",0.349820124508151,200,142.008250830433
2,"abundance",0.75,"aitchison",0.245269813237774,200,142.008250830433
2,"abundance",0.75,"aitchison_pc0.01",0.0954496887296232,200,142.008250830433
2,"abundance",0.75,"aitchison_pc0.1",0.150179875491849,200,142.008250830433
2,"abundance",0.75,"aitchison_pc1",0.339640249016302,200,142.008250830433
2,"abundance",0.75,"bray",0.914550311270378,200,142.008250830433
2,"abundance",0.75,"euclidean",0.460179875491849,200,142.008250830433
2,"abundance",0.75,"jaccard",0.0756295642214724,200,142.008250830433
2,"abundance",0.8,"AHC_euclidean",0.914730186762227,200,142.008250830433
2,"abundance",0.8,"ILR_euclidean_pc0.01",0.149100622540754,200,142.008250830433
2,"abundance",0.8,"ILR_euclidean_pc0.1",0.234370435778528,200,142.008250830433
2,"abundance",0.8,"ILR_euclidean_pc0.5",0.299460373524452,200,142.008250830433
2,"abundance",0.8,"ILR_euclidean_pc1",0.373650933811131,200,142.008250830433
2,"abundance",0.8,"aitchison",0.294550311270377,200,142.008250830433
2,"abundance",0.8,"aitchison_pc0.01",0.138920747048905,200,142.008250830433
2,"abundance",0.8,"aitchison_pc0.1",0.229640249016302,200,142.008250830433
2,"abundance",0.8,"aitchison_pc1",0.373650933811131,200,142.008250830433
2,"abundance",0.8,"bray",0.954550311270377,200,142.008250830433
2,"abundance",0.8,"euclidean",0.568920747048905,200,142.008250830433
2,"abundance",0.8,"jaccard",0.0841905602866785,200,142.008250830433
2,"abundance",0.85,"AHC_euclidean",0.96,200,142.008250830433
2,"abundance",0.85,"ILR_euclidean_pc0.01",0.128920747048905,200,142.008250830433
2,"abundance",0.85,"ILR_euclidean_pc0.1",0.203650933811131,200,142.008250830433
2,"abundance",0.85,"ILR_euclidean_pc0.5",0.333291182827432,200,142.008250830433
2,"abundance",0.85,"ILR_euclidean_pc1",0.428021369589658,200,142.008250830433
2,"abundance",0.85,"aitchison",0.328201245081508,200,142.008250830433
2,"abundance",0.85,"aitchison_pc0.01",0.13383080930298,200,142.008250830433
2,"abundance",0.85,"aitchison_pc0.1",0.199100622540754,200,142.008250830433
2,"abundance",0.85,"aitchison_pc1",0.422931431843734,200,142.008250830433
2,"abundance",0.85,"bray",0.969820124508151,200,142.008250830433
2,"abundance",0.85,"euclidean",0.634010684794829,200,142.008250830433
2,"abundance",0.85,"jaccard",0.0596402490163016,200,142.008250830433
2,"abundance",0.9,"AHC_euclidean",0.990179875491849,200,142.008250830433
2,"abundance",0.9,"ILR_euclidean_pc0.01",0.125089937745925,200,142.008250830433
2,"abundance",0.9,"ILR_euclidean_pc0.1",0.245089937745925,200,142.008250830433
2,"abundance",0.9,"ILR_euclidean_pc0.5",0.344370435778528,200,142.008250830433
2,"abundance",0.9,"ILR_euclidean_pc1",0.439280498032603,200,142.008250830433
2,"abundance",0.9,"aitchison",0.349460373524452,200,142.008250830433
2,"abundance",0.9,"aitchison_pc0.01",0.135089937745925,200,142.008250830433
2,"abundance",0.9,"aitchison_pc0.1",0.244910062254076,200,142.008250830433
2,"abundance",0.9,"aitchison_pc1",0.444370435778527,200,142.008250830433
2,"abundance",0.9,"bray",0.995089937745925,200,142.008250830433
2,"abundance",0.9,"euclidean",0.690359750983699,200,142.008250830433
2,"abundance",0.9,"jaccard",0.0349100622540754,200,142.008250830433
2,"abundance",0.95,"AHC_euclidean",0.989820124508151,200,142.008250830433
2,"abundance",0.95,"ILR_euclidean_pc0.01",0.129820124508151,200,142.008250830433
2,"abundance",0.95,"ILR_euclidean_pc0.1",0.255269813237774,200,142.008250830433
2,"abundance",0.95,"ILR_euclidean_pc0.5",0.394910062254075,200,142.008250830433
2,"abundance",0.95,"ILR_euclidean_pc1",0.504550311270377,200,142.008250830433
2,"abundance",0.95,"aitchison",0.409820124508151,200,142.008250830433
2,"abundance",0.95,"aitchison_pc0.01",0.124730186762226,200,142.008250830433
2,"abundance",0.95,"aitchison_pc0.1",0.255269813237774,200,142.008250830433
2,"abundance",0.95,"aitchison_pc1",0.519640249016301,200,142.008250830433
2,"abundance",0.95,"bray",1,200,142.008250830433
2,"abundance",0.95,"euclidean",0.75,200,142.008250830433
2,"abundance",0.95,"jaccard",0.0350899377459247,200,142.008250830433
2,"abundance",1,"AHC_euclidean",1,200,142.008250830433
2,"abundance",1,"ILR_euclidean_pc0.01",0.184550311270377,200,142.008250830433
2,"abundance",1,"ILR_euclidean_pc0.1",0.308920747048905,200,142.008250830433
2,"abundance",1,"ILR_euclidean_pc0.5",0.444190560286678,200,142.008250830433
2,"abundance",1,"ILR_euclidean_pc1",0.544370435778528,200,142.008250830433
2,"abundance",1,"aitchison",0.444010684794829,200,142.008250830433
2,"abundance",1,"aitchison_pc0.01",0.184190560286679,200,142.008250830433
2,"abundance",1,"aitchison_pc0.1",0.289460373524452,200,142.008250830433
2,"abundance",1,"aitchison_pc1",0.569100622540754,200,142.008250830433
2,"abundance",1,"bray",1,200,142.008250830433
2,"abundance",1,"euclidean",0.78017987549185,200,142.008250830433
2,"abundance",1,"jaccard",0.0498201245081508,200,142.008250830433
2,"both",0.05,"AHC_euclidean",0.0449100622540754,200,142.008250830433
2,"both",0.05,"ILR_euclidean_pc0.01",0.0554496887296231,200,142.008250830433
2,"both",0.05,"ILR_euclidean_pc0.1",0.0554496887296231,200,142.008250830433
2,"both",0.05,"ILR_euclidean_pc0.5",0.0503597509836985,200,142.008250830433
2,"both",0.05,"ILR_euclidean_pc1",0.0554496887296231,200,142.008250830433
2,"both",0.05,"aitchison",0.0503597509836985,200,142.008250830433
2,"both",0.05,"aitchison_pc0.01",0.0603597509836985,200,142.008250830433
2,"both",0.05,"aitchison_pc0.1",0.0503597509836985,200,142.008250830433
2,"both",0.05,"aitchison_pc1",0.0554496887296231,200,142.008250830433
2,"both",0.05,"bray",0.0601798754918493,200,142.008250830433
2,"both",0.05,"euclidean",0.0600000000000001,200,142.008250830433
2,"both",0.05,"jaccard",0.0601798754918493,200,142.008250830433
2,"both",0.1,"AHC_euclidean",0.0749100622540755,200,142.008250830433
2,"both",0.1,"ILR_euclidean_pc0.01",0.115449688729623,200,142.008250830433
2,"both",0.1,"ILR_euclidean_pc0.1",0.110359750983699,200,142.008250830433
2,"both",0.1,"ILR_euclidean_pc0.5",0.115269813237774,200,142.008250830433
2,"both",0.1,"ILR_euclidean_pc1",0.105089937745925,200,142.008250830433
2,"both",0.1,"aitchison",0.110179875491849,200,142.008250830433
2,"both",0.1,"aitchison_pc0.01",0.120359750983699,200,142.008250830433
2,"both",0.1,"aitchison_pc0.1",0.110179875491849,200,142.008250830433
2,"both",0.1,"aitchison_pc1",0.105089937745925,200,142.008250830433
2,"both",0.1,"bray",0.0801798754918493,200,142.008250830433
2,"both",0.1,"euclidean",0.0949100622540755,200,142.008250830433
2,"both",0.1,"jaccard",0.0901798754918493,200,142.008250830433
2,"both",0.15,"AHC_euclidean",0.0900000000000001,200,142.008250830433
2,"both",0.15,"ILR_euclidean_pc0.01",0.124910062254076,200,142.008250830433
2,"both",0.15,"ILR_euclidean_pc0.1",0.114910062254075,200,142.008250830433
2,"both",0.15,"ILR_euclidean_pc0.5",0.0998201245081509,200,142.008250830433
2,"both",0.15,"ILR_euclidean_pc1",0.119820124508151,200,142.008250830433
2,"both",0.15,"aitchison",0.0998201245081509,200,142.008250830433
2,"both",0.15,"aitchison_pc0.01",0.124910062254076,200,142.008250830433
2,"both",0.15,"aitchison_pc0.1",0.124910062254076,200,142.008250830433
2,"both",0.15,"aitchison_pc1",0.124910062254076,200,142.008250830433
2,"both",0.15,"bray",0.0952698132377739,200,142.008250830433
2,"both",0.15,"euclidean",0.0596402490163016,200,142.008250830433
2,"both",0.15,"jaccard",0.135449688729623,200,142.008250830433
2,"both",0.2,"AHC_euclidean",0.129820124508151,200,142.008250830433
2,"both",0.2,"ILR_euclidean_pc0.01",0.210359750983699,200,142.008250830433
2,"both",0.2,"ILR_euclidean_pc0.1",0.260359750983699,200,142.008250830433
2,"both",0.2,"ILR_euclidean_pc0.5",0.255449688729623,200,142.008250830433
2,"both",0.2,"ILR_euclidean_pc1",0.275629564221473,200,142.008250830433
2,"both",0.2,"aitchison",0.270359750983699,200,142.008250830433
2,"both",0.2,"aitchison_pc0.01",0.225269813237774,200,142.008250830433
2,"both",0.2,"aitchison_pc0.1",0.255449688729623,200,142.008250830433
2,"both",0.2,"aitchison_pc1",0.285629564221473,200,142.008250830433
2,"both",0.2,"bray",0.130359750983699,200,142.008250830433
2,"both",0.2,"euclidean",0.0900000000000001,200,142.008250830433
2,"both",0.2,"jaccard",0.245629564221473,200,142.008250830433
2,"both",0.25,"AHC_euclidean",0.200539626475548,200,142.008250830433
2,"both",0.25,"ILR_euclidean_pc0.01",0.264730186762226,200,142.008250830433
2,"both",0.25,"ILR_euclidean_pc0.1",0.279640249016302,200,142.008250830433
2,"both",0.25,"ILR_euclidean_pc0.5",0.309460373524452,200,142.008250830433
2,"both",0.25,"ILR_euclidean_pc1",0.314190560286679,200,142.008250830433
2,"both",0.25,"aitchison",0.289640249016302,200,142.008250830433
2,"both",0.25,"aitchison_pc0.01",0.254910062254076,200,142.008250830433
2,"both",0.25,"aitchison_pc0.1",0.3,200,142.008250830433
2,"both",0.25,"aitchison_pc1",0.309280498032603,200,142.008250830433
2,"both",0.25,"bray",0.17017987549185,200,142.008250830433
2,"both",0.25,"euclidean",0.105449688729623,200,142.008250830433
2,"both",0.25,"jaccard",0.275449688729623,200,142.008250830433
2,"both",0.3,"AHC_euclidean",0.314370435778528,200,142.008250830433
2,"both",0.3,"ILR_euclidean_pc0.01",0.450539626475547,200,142.008250830433
2,"both",0.3,"ILR_euclidean_pc0.1",0.460359750983698,200,142.008250830433
2,"both",0.3,"ILR_euclidean_pc0.5",0.489820124508151,200,142.008250830433
2,"both",0.3,"ILR_euclidean_pc1",0.504730186762226,200,142.008250830433
2,"both",0.3,"aitchison",0.489820124508151,200,142.008250830433
2,"both",0.3,"aitchison_pc0.01",0.445629564221472,200,142.008250830433
2,"both",0.3,"aitchison_pc0.1",0.48,200,142.008250830433
2,"both",0.3,"aitchison_pc1",0.489820124508151,200,142.008250830433
2,"both",0.3,"bray",0.32,200,142.008250830433
2,"both",0.3,"euclidean",0.125269813237774,200,142.008250830433
2,"both",0.3,"jaccard",0.489640249016301,200,142.008250830433
2,"both",0.35,"AHC_euclidean",0.408920747048904,200,142.008250830433
2,"both",0.35,"ILR_euclidean_pc0.01",0.69017987549185,200,142.008250830433
2,"both",0.35,"ILR_euclidean_pc0.1",0.69017987549185,200,142.008250830433
2,"both",0.35,"ILR_euclidean_pc0.5",0.724910062254076,200,142.008250830433
2,"both",0.35,"ILR_euclidean_pc1",0.749640249016302,200,142.008250830433
2,"both",0.35,"aitchison",0.724730186762227,200,142.008250830433
2,"both",0.35,"aitchison_pc0.01",0.670179875491849,200,142.008250830433
2,"both",0.35,"aitchison_pc0.1",0.7,200,142.008250830433
2,"both",0.35,"aitchison_pc1",0.754370435778528,200,142.008250830433
2,"both",0.35,"bray",0.339640249016302,200,142.008250830433
2,"both",0.35,"euclidean",0.109460373524452,200,142.008250830433
2,"both",0.35,"jaccard",0.764910062254076,200,142.008250830433
2,"both",0.4,"AHC_euclidean",0.563650933811131,200,142.008250830433
2,"both",0.4,"ILR_euclidean_pc0.01",0.819640249016302,200,142.008250830433
2,"both",0.4,"ILR_euclidean_pc0.1",0.839460373524453,200,142.008250830433
2,"both",0.4,"ILR_euclidean_pc0.5",0.849280498032604,200,142.008250830433
2,"both",0.4,"ILR_euclidean_pc1",0.864190560286679,200,142.008250830433
2,"both",0.4,"aitchison",0.854370435778528,200,142.008250830433
2,"both",0.4,"aitchison_pc0.01",0.809460373524453,200,142.008250830433
2,"both",0.4,"aitchison_pc0.1",0.839460373524453,200,142.008250830433
2,"both",0.4,"aitchison_pc1",0.85401068479483,200,142.008250830433
2,"both",0.4,"bray",0.524010684794829,200,142.008250830433
2,"both",0.4,"euclidean",0.195089937745925,200,142.008250830433
2,"both",0.4,"jaccard",0.920539626475548,200,142.008250830433
2,"both",0.45,"AHC_euclidean",0.73401068479483,200,142.008250830433
2,"both",0.45,"ILR_euclidean_pc0.01",0.955449688729623,200,142.008250830433
2,"both",0.45,"ILR_euclidean_pc0.1",0.965449688729623,200,142.008250830433
2,"both",0.45,"ILR_euclidean_pc0.5",0.980359750983699,200,142.008250830433
2,"both",0.45,"ILR_euclidean_pc1",0.980359750983699,200,142.008250830433
2,"both",0.45,"aitchison",0.975269813237774,200,142.008250830433
2,"both",0.45,"aitchison_pc0.01",0.950539626475548,200,142.008250830433
2,"both",0.45,"aitchison_pc0.1",0.965449688729623,200,142.008250830433
2,"both",0.45,"aitchison_pc1",0.975269813237774,200,142.008250830433
2,"both",0.45,"bray",0.634370435778528,200,142.008250830433
2,"both",0.45,"euclidean",0.219460373524453,200,142.008250830433
2,"both",0.45,"jaccard",0.960539626475548,200,142.008250830433
2,"both",0.5,"AHC_euclidean",0.85401068479483,200,142.008250830433
2,"both",0.5,"ILR_euclidean_pc0.01",0.984910062254076,200,142.008250830433
2,"both",0.5,"ILR_euclidean_pc0.1",0.99,200,142.008250830433
2,"both",0.5,"ILR_euclidean_pc0.5",0.995089937745925,200,142.008250830433
2,"both",0.5,"ILR_euclidean_pc1",1,200,142.008250830433
2,"both",0.5,"aitchison",0.995089937745925,200,142.008250830433
2,"both",0.5,"aitchison_pc0.01",0.984910062254076,200,142.008250830433
2,"both",0.5,"aitchison_pc0.1",0.995089937745925,200,142.008250830433
2,"both",0.5,"aitchison_pc1",1,200,142.008250830433
2,"both",0.5,"bray",0.809100622540754,200,142.008250830433
2,"both",0.5,"euclidean",0.3,200,142.008250830433
2,"both",0.5,"jaccard",1,200,142.008250830433
2,"both",0.55,"AHC_euclidean",0.949280498032604,200,142.008250830433
2,"both",0.55,"ILR_euclidean_pc0.01",1,200,142.008250830433
2,"both",0.55,"ILR_euclidean_pc0.1",1,200,142.008250830433
2,"both",0.55,"ILR_euclidean_pc0.5",1,200,142.008250830433
2,"both",0.55,"ILR_euclidean_pc1",1,200,142.008250830433
2,"both",0.55,"aitchison",1,200,142.008250830433
2,"both",0.55,"aitchison_pc0.01",1,200,142.008250830433
2,"both",0.55,"aitchison_pc0.1",1,200,142.008250830433
2,"both",0.55,"aitchison_pc1",1,200,142.008250830433
2,"both",0.55,"bray",0.908920747048905,200,142.008250830433
2,"both",0.55,"euclidean",0.354550311270377,200,142.008250830433
2,"both",0.55,"jaccard",1,200,142.008250830433
2,"both",0.6,"AHC_euclidean",0.974730186762226,200,142.008250830433
2,"both",0.6,"ILR_euclidean_pc0.01",1,200,142.008250830433
2,"both",0.6,"ILR_euclidean_pc0.1",1,200,142.008250830433
2,"both",0.6,"ILR_euclidean_pc0.5",1,200,142.008250830433
2,"both",0.6,"ILR_euclidean_pc1",1,200,142.008250830433
2,"both",0.6,"aitchison",1,200,142.008250830433
2,"both",0.6,"aitchison_pc0.01",1,200,142.008250830433
2,"both",0.6,"aitchison_pc0.1",1,200,142.008250830433
2,"both",0.6,"aitchison_pc1",1,200,142.008250830433
2,"both",0.6,"bray",0.954550311270377,200,142.008250830433
2,"both",0.6,"euclidean",0.409460373524452,200,142.008250830433
2,"both",0.6,"jaccard",1,200,142.008250830433
2,"both",0.65,"AHC_euclidean",0.989820124508151,200,142.008250830433
2,"both",0.65,"ILR_euclidean_pc0.01",1,200,142.008250830433
2,"both",0.65,"ILR_euclidean_pc0.1",1,200,142.008250830433
2,"both",0.65,"ILR_euclidean_pc0.5",1,200,142.008250830433
2,"both",0.65,"ILR_euclidean_pc1",1,200,142.008250830433
2,"both",0.65,"aitchison",1,200,142.008250830433
2,"both",0.65,"aitchison_pc0.01",1,200,142.008250830433
2,"both",0.65,"aitchison_pc0.1",1,200,142.008250830433
2,"both",0.65,"aitchison_pc1",1,200,142.008250830433
2,"both",0.65,"bray",0.994910062254075,200,142.008250830433
2,"both",0.65,"euclidean",0.460359750983698,200,142.008250830433
2,"both",0.65,"jaccard",1,200,142.008250830433
2,"both",0.7,"AHC_euclidean",0.989820124508151,200,142.008250830433
2,"both",0.7,"ILR_euclidean_pc0.01",1,200,142.008250830433
2,"both",0.7,"ILR_euclidean_pc0.1",1,200,142.008250830433
2,"both",0.7,"ILR_euclidean_pc0.5",1,200,142.008250830433
2,"both",0.7,"ILR_euclidean_pc1",1,200,142.008250830433
2,"both",0.7,"aitchison",1,200,142.008250830433
2,"both",0.7,"aitchison_pc0.01",1,200,142.008250830433
2,"both",0.7,"aitchison_pc0.1",1,200,142.008250830433
2,"both",0.7,"aitchison_pc1",1,200,142.008250830433
2,"both",0.7,"bray",0.989820124508151,200,142.008250830433
2,"both",0.7,"euclidean",0.534370435778527,200,142.008250830433
2,"both",0.7,"jaccard",1,200,142.008250830433
2,"both",0.75,"AHC_euclidean",0.994910062254075,200,142.008250830433
2,"both",0.75,"ILR_euclidean_pc0.01",1,200,142.008250830433
2,"both",0.75,"ILR_euclidean_pc0.1",1,200,142.008250830433
2,"both",0.75,"ILR_euclidean_pc0.5",1,200,142.008250830433
2,"both",0.75,"ILR_euclidean_pc1",1,200,142.008250830433
2,"both",0.75,"aitchison",1,200,142.008250830433
2,"both",0.75,"aitchison_pc0.01",1,200,142.008250830433
2,"both",0.75,"aitchison_pc0.1",1,200,142.008250830433
2,"both",0.75,"aitchison_pc1",1,200,142.008250830433
2,"both",0.75,"bray",0.994910062254075,200,142.008250830433
2,"both",0.75,"euclidean",0.616708817172568,200,142.008250830433
2,"both",0.75,"jaccard",1,200,142.008250830433
2,"both",0.8,"AHC_euclidean",1,200,142.008250830433
2,"both",0.8,"ILR_euclidean_pc0.01",1,200,142.008250830433
2,"both",0.8,"ILR_euclidean_pc0.1",1,200,142.008250830433
2,"both",0.8,"ILR_euclidean_pc0.5",1,200,142.008250830433
2,"both",0.8,"ILR_euclidean_pc1",1,200,142.008250830433
2,"both",0.8,"aitchison",1,200,142.008250830433
2,"both",0.8,"aitchison_pc0.01",1,200,142.008250830433
2,"both",0.8,"aitchison_pc0.1",1,200,142.008250830433
2,"both",0.8,"aitchison_pc1",1,200,142.008250830433
2,"both",0.8,"bray",1,200,142.008250830433
2,"both",0.8,"euclidean",0.584370435778528,200,142.008250830433
2,"both",0.8,"jaccard",1,200,142.008250830433
2,"both",0.85,"AHC_euclidean",1,200,142.008250830433
2,"both",0.85,"ILR_euclidean_pc0.01",1,200,142.008250830433
2,"both",0.85,"ILR_euclidean_pc0.1",1,200,142.008250830433
2,"both",0.85,"ILR_euclidean_pc0.5",1,200,142.008250830433
2,"both",0.85,"ILR_euclidean_pc1",1,200,142.008250830433
2,"both",0.85,"aitchison",1,200,142.008250830433
2,"both",0.85,"aitchison_pc0.01",1,200,142.008250830433
2,"both",0.85,"aitchison_pc0.1",1,200,142.008250830433
2,"both",0.85,"aitchison_pc1",1,200,142.008250830433
2,"both",0.85,"bray",1,200,142.008250830433
2,"both",0.85,"euclidean",0.730359750983699,200,142.008250830433
2,"both",0.85,"jaccard",1,200,142.008250830433
2,"both",0.9,"AHC_euclidean",1,200,142.008250830433
2,"both",0.9,"ILR_euclidean_pc0.01",1,200,142.008250830433
2,"both",0.9,"ILR_euclidean_pc0.1",1,200,142.008250830433
2,"both",0.9,"ILR_euclidean_pc0.5",1,200,142.008250830433
2,"both",0.9,"ILR_euclidean_pc1",1,200,142.008250830433
2,"both",0.9,"aitchison",1,200,142.008250830433
2,"both",0.9,"aitchison_pc0.01",1,200,142.008250830433
2,"both",0.9,"aitchison_pc0.1",1,200,142.008250830433
2,"both",0.9,"aitchison_pc1",1,200,142.008250830433
2,"both",0.9,"bray",1,200,142.008250830433
2,"both",0.9,"euclidean",0.834550311270378,200,142.008250830433
2,"both",0.9,"jaccard",1,200,142.008250830433
2,"both",0.95,"AHC_euclidean",1,200,142.008250830433
2,"both",0.95,"ILR_euclidean_pc0.01",1,200,142.008250830433
2,"both",0.95,"ILR_euclidean_pc0.1",1,200,142.008250830433
2,"both",0.95,"ILR_euclidean_pc0.5",1,200,142.008250830433
2,"both",0.95,"ILR_euclidean_pc1",1,200,142.008250830433
2,"both",0.95,"aitchison",1,200,142.008250830433
2,"both",0.95,"aitchison_pc0.01",1,200,142.008250830433
2,"both",0.95,"aitchison_pc0.1",1,200,142.008250830433
2,"both",0.95,"aitchison_pc1",1,200,142.008250830433
2,"both",0.95,"bray",1,200,142.008250830433
2,"both",0.95,"euclidean",0.835449688729623,200,142.008250830433
2,"both",0.95,"jaccard",1,200,142.008250830433
2,"both",1,"AHC_euclidean",1,200,142.008250830433
2,"both",1,"ILR_euclidean_pc0.01",1,200,142.008250830433
2,"both",1,"ILR_euclidean_pc0.1",1,200,142.008250830433
2,"both",1,"ILR_euclidean_pc0.5",1,200,142.008250830433
2,"both",1,"ILR_euclidean_pc1",1,200,142.008250830433
2,"both",1,"aitchison",1,200,142.008250830433
2,"both",1,"aitchison_pc0.01",1,200,142.008250830433
2,"both",1,"aitchison_pc0.1",1,200,142.008250830433
2,"both",1,"aitchison_pc1",1,200,142.008250830433
2,"both",1,"bray",1,200,142.008250830433
2,"both",1,"euclidean",0.914730186762227,200,142.008250830433
2,"both",1,"jaccard",1,200,142.008250830433
2,"prevalence",0.05,"AHC_euclidean",0.0450899377459247,200,142.008250830433
2,"prevalence",0.05,"ILR_euclidean_pc0.01",0.0352698132377739,200,142.008250830433
2,"prevalence",0.05,"ILR_euclidean_pc0.1",0.0401798754918493,200,142.008250830433
2,"prevalence",0.05,"ILR_euclidean_pc0.5",0.0501798754918493,200,142.008250830433
2,"prevalence",0.05,"ILR_euclidean_pc1",0.0501798754918493,200,142.008250830433
2,"prevalence",0.05,"aitchison",0.0501798754918493,200,142.008250830433
2,"prevalence",0.05,"aitchison_pc0.01",0.0352698132377739,200,142.008250830433
2,"prevalence",0.05,"aitchison_pc0.1",0.0401798754918493,200,142.008250830433
2,"prevalence",0.05,"aitchison_pc1",0.0450899377459247,200,142.008250830433
2,"prevalence",0.05,"bray",0.0501798754918493,200,142.008250830433
2,"prevalence",0.05,"euclidean",0.03,200,142.008250830433
2,"prevalence",0.05,"jaccard",0.0401798754918493,200,142.008250830433
2,"prevalence",0.1,"AHC_euclidean",0.0403597509836985,200,142.008250830433
2,"prevalence",0.1,"ILR_euclidean_pc0.01",0.0405396264755477,200,142.008250830433
2,"prevalence",0.1,"ILR_euclidean_pc0.1",0.0405396264755477,200,142.008250830433
2,"prevalence",0.1,"ILR_euclidean_pc0.5",0.0503597509836985,200,142.008250830433
2,"prevalence",0.1,"ILR_euclidean_pc1",0.0554496887296231,200,142.008250830433
2,"prevalence",0.1,"aitchison",0.0505396264755478,200,142.008250830433
2,"prevalence",0.1,"aitchison_pc0.01",0.0405396264755477,200,142.008250830433
2,"prevalence",0.1,"aitchison_pc0.1",0.0405396264755477,200,142.008250830433
2,"prevalence",0.1,"aitchison_pc1",0.0605396264755478,200,142.008250830433
2,"prevalence",0.1,"bray",0.0700000000000001,200,142.008250830433
2,"prevalence",0.1,"euclidean",0.0403597509836985,200,142.008250830433
2,"prevalence",0.1,"jaccard",0.0452698132377739,200,142.008250830433
2,"prevalence",0.15,"AHC_euclidean",0.0447301867622262,200,142.008250830433
2,"prevalence",0.15,"ILR_euclidean_pc0.01",0.0992804980326032,200,142.008250830433
2,"prevalence",0.15,"ILR_euclidean_pc0.1",0.114190560286679,200,142.008250830433
2,"prevalence",0.15,"ILR_euclidean_pc0.5",0.0994603735244524,200,142.008250830433
2,"prevalence",0.15,"ILR_euclidean_pc1",0.104010684794829,200,142.008250830433
2,"prevalence",0.15,"aitchison",0.109100622540754,200,142.008250830433
2,"prevalence",0.15,"aitchison_pc0.01",0.0992804980326032,200,142.008250830433
2,"prevalence",0.15,"aitchison_pc0.1",0.109280498032603,200,142.008250830433
2,"prevalence",0.15,"aitchison_pc1",0.104190560286679,200,142.008250830433
2,"prevalence",0.15,"bray",0.0396402490163016,200,142.008250830433
2,"prevalence",0.15,"euclidean",0.0449100622540754,200,142.008250830433
2,"prevalence",0.15,"jaccard",0.15,200,142.008250830433
2,"prevalence",0.2,"AHC_euclidean",0.0252698132377739,200,142.008250830433
2,"prevalence",0.2,"ILR_euclidean_pc0.01",0.135629564221472,200,142.008250830433
2,"prevalence",0.2,"ILR_euclidean_pc0.1",0.130719501967397,200,142.008250830433
2,"prevalence",0.2,"ILR_euclidean_pc0.5",0.120899377459246,200,142.008250830433
2,"prevalence",0.2,"ILR_euclidean_pc1",0.115629564221472,200,142.008250830433
2,"prevalence",0.2,"aitchison",0.120719501967397,200,142.008250830433
2,"prevalence",0.2,"aitchison_pc0.01",0.130719501967397,200,142.008250830433
2,"prevalence",0.2,"aitchison_pc0.1",0.125809439713322,200,142.008250830433
2,"prevalence",0.2,"aitchison_pc1",0.110719501967397,200,142.008250830433
2,"prevalence",0.2,"bray",0.0705396264755478,200,142.008250830433
2,"prevalence",0.2,"euclidean",0.0252698132377739,200,142.008250830433
2,"prevalence",0.2,"jaccard",0.195989315205171,200,142.008250830433
2,"prevalence",0.25,"AHC_euclidean",0.0600000000000001,200,142.008250830433
2,"prevalence",0.25,"ILR_euclidean_pc0.01",0.220359750983699,200,142.008250830433
2,"prevalence",0.25,"ILR_euclidean_pc0.1",0.23,200,142.008250830433
2,"prevalence",0.25,"ILR_euclidean_pc0.5",0.18017987549185,200,142.008250830433
2,"prevalence",0.25,"ILR_euclidean_pc1",0.18,200,142.008250830433
2,"prevalence",0.25,"aitchison",0.185089937745925,200,142.008250830433
2,"prevalence",0.25,"aitchison_pc0.01",0.210359750983699,200,142.008250830433
2,"prevalence",0.25,"aitchison_pc0.1",0.215449688729623,200,142.008250830433
2,"prevalence",0.25,"aitchison_pc1",0.184910062254076,200,142.008250830433
2,"prevalence",0.25,"bray",0.03,200,142.008250830433
2,"prevalence",0.25,"euclidean",0.0649100622540754,200,142.008250830433
2,"prevalence",0.25,"jaccard",0.355989315205171,200,142.008250830433
2,"prevalence",0.3,"AHC_euclidean",0.0349100622540754,200,142.008250830433
2,"prevalence",0.3,"ILR_euclidean_pc0.01",0.274910062254076,200,142.008250830433
2,"prevalence",0.3,"ILR_euclidean_pc0.1",0.265089937745925,200,142.008250830433
2,"prevalence",0.3,"ILR_euclidean_pc0.5",0.234910062254076,200,142.008250830433
2,"prevalence",0.3,"ILR_euclidean_pc1",0.229820124508151,200,142.008250830433
2,"prevalence",0.3,"aitchison",0.239640249016302,200,142.008250830433
2,"prevalence",0.3,"aitchison_pc0.01",0.28,200,142.008250830433
2,"prevalence",0.3,"aitchison_pc0.1",0.269820124508151,200,142.008250830433
2,"prevalence",0.3,"aitchison_pc1",0.229820124508151,200,142.008250830433
2,"prevalence",0.3,"bray",0.0703597509836986,200,142.008250830433
2,"prevalence",0.3,"euclidean",0.0494603735244524,200,142.008250830433
2,"prevalence",0.3,"jaccard",0.471439003934794,200,142.008250830433
2,"prevalence",0.35,"AHC_euclidean",0.0596402490163016,200,142.008250830433
2,"prevalence",0.35,"ILR_euclidean_pc0.01",0.44,200,142.008250830433
2,"prevalence",0.35,"ILR_euclidean_pc0.1",0.379640249016302,200,142.008250830433
2,"prevalence",0.35,"ILR_euclidean_pc0.5",0.374550311270377,200,142.008250830433
2,"prevalence",0.35,"ILR_euclidean_pc1",0.329820124508151,200,142.008250830433
2,"prevalence",0.35,"aitchison",0.354730186762226,200,142.008250830433
2,"prevalence",0.35,"aitchison_pc0.01",0.420359750983698,200,142.008250830433
2,"prevalence",0.35,"aitchison_pc0.1",0.404910062254075,200,142.008250830433
2,"prevalence",0.35,"aitchison_pc1",0.325089937745925,200,142.008250830433
2,"prevalence",0.35,"bray",0.0741905602866785,200,142.008250830433
2,"prevalence",0.35,"euclidean",0.0601798754918493,200,142.008250830433
2,"prevalence",0.35,"jaccard",0.765089937745925,200,142.008250830433
2,"prevalence",0.4,"AHC_euclidean",0.0847301867622262,200,142.008250830433
2,"prevalence",0.4,"ILR_euclidean_pc0.01",0.584910062254075,200,142.008250830433
2,"prevalence",0.4,"ILR_euclidean_pc0.1",0.539820124508151,200,142.008250830433
2,"prevalence",0.4,"ILR_euclidean_pc0.5",0.504370435778527,200,142.008250830433
2,"prevalence",0.4,"ILR_euclidean_pc1",0.474550311270377,200,142.008250830433
2,"prevalence",0.4,"aitchison",0.494550311270377,200,142.008250830433
2,"prevalence",0.4,"aitchison_pc0.01",0.595269813237774,200,142.008250830433
2,"prevalence",0.4,"aitchison_pc0.1",0.549640249016301,200,142.008250830433
2,"prevalence",0.4,"aitchison_pc1",0.479280498032603,200,142.008250830433
2,"prevalence",0.4,"bray",0.0994603735244524,200,142.008250830433
2,"prevalence",0.4,"euclidean",0.07,200,142.008250830433
2,"prevalence",0.4,"jaccard",0.90017987549185,200,142.008250830433
2,"prevalence",0.45,"AHC_euclidean",0.129640249016302,200,142.008250830433
2,"prevalence",0.45,"ILR_euclidean_pc0.01",0.775089937745925,200,142.008250830433
2,"prevalence",0.45,"ILR_euclidean_pc0.1",0.764910062254076,200,142.008250830433
2,"prevalence",0.45,"ILR_euclidean_pc0.5",0.669640249016302,200,142.008250830433
2,"prevalence",0.45,"ILR_euclidean_pc1",0.634550311270377,200,142.008250830433
2,"prevalence",0.45,"aitchison",0.684370435778528,200,142.008250830433
2,"prevalence",0.45,"aitchison_pc0.01",0.78017987549185,200,142.008250830433
2,"prevalence",0.45,"aitchison_pc0.1",0.739640249016302,200,142.008250830433
2,"prevalence",0.45,"aitchison_pc1",0.629460373524452,200,142.008250830433
2,"prevalence",0.45,"bray",0.124730186762226,200,142.008250830433
2,"prevalence",0.45,"euclidean",0.0401798754918493,200,142.008250830433
2,"prevalence",0.45,"jaccard",0.990179875491849,200,142.008250830433
2,"prevalence",0.5,"AHC_euclidean",0.149100622540754,200,142.008250830433
2,"prevalence",0.5,"ILR_euclidean_pc0.01",0.894730186762227,200,142.008250830433
2,"prevalence",0.5,"ILR_euclidean_pc0.1",0.854370435778528,200,142.008250830433
2,"prevalence",0.5,"ILR_euclidean_pc0.5",0.809460373524453,200,142.008250830433
2,"prevalence",0.5,"ILR_euclidean_pc1",0.794370435778528,200,142.008250830433
2,"prevalence",0.5,"aitchison",0.829280498032604,200,142.008250830433
2,"prevalence",0.5,"aitchison_pc0.01",0.889640249016302,200,142.008250830433
2,"prevalence",0.5,"aitchison_pc0.1",0.849460373524453,200,142.008250830433
2,"prevalence",0.5,"aitchison_pc1",0.789280498032604,200,142.008250830433
2,"prevalence",0.5,"bray",0.159460373524453,200,142.008250830433
2,"prevalence",0.5,"euclidean",0.0749100622540754,200,142.008250830433
2,"prevalence",0.5,"jaccard",1,200,142.008250830433
2,"prevalence",0.55,"AHC_euclidean",0.153471058319282,200,142.008250830433
2,"prevalence",0.55,"ILR_euclidean_pc0.01",0.970179875491849,200,142.008250830433
2,"prevalence",0.55,"ILR_euclidean_pc0.1",0.965089937745925,200,142.008250830433
2,"prevalence",0.55,"ILR_euclidean_pc0.5",0.944910062254076,200,142.008250830433
2,"prevalence",0.55,"ILR_euclidean_pc1",0.944730186762227,200,142.008250830433
2,"prevalence",0.55,"aitchison",0.944910062254076,200,142.008250830433
2,"prevalence",0.55,"aitchison_pc0.01",0.970179875491849,200,142.008250830433
2,"prevalence",0.55,"aitchison_pc0.1",0.965089937745925,200,142.008250830433
2,"prevalence",0.55,"aitchison_pc1",0.94,200,142.008250830433
2,"prevalence",0.55,"bray",0.129100622540754,200,142.008250830433
2,"prevalence",0.55,"euclidean",0.0892804980326032,200,142.008250830433
2,"prevalence",0.55,"jaccard",1,200,142.008250830433
2,"prevalence",0.6,"AHC_euclidean",0.154550311270377,200,142.008250830433
2,"prevalence",0.6,"ILR_euclidean_pc0.01",0.985269813237774,200,142.008250830433
2,"prevalence",0.6,"ILR_euclidean_pc0.1",0.985269813237774,200,142.008250830433
2,"prevalence",0.6,"ILR_euclidean_pc0.5",0.959820124508151,200,142.008250830433
2,"prevalence",0.6,"ILR_euclidean_pc1",0.959820124508151,200,142.008250830433
2,"prevalence",0.6,"aitchison",0.964910062254076,200,142.008250830433
2,"prevalence",0.6,"aitchison_pc0.01",0.985269813237774,200,142.008250830433
2,"prevalence",0.6,"aitchison_pc0.1",0.98017987549185,200,142.008250830433
2,"prevalence",0.6,"aitchison_pc1",0.959820124508151,200,142.008250830433
2,"prevalence",0.6,"bray",0.0989207470489047,200,142.008250830433
2,"prevalence",0.6,"euclidean",0.0701798754918493,200,142.008250830433
2,"prevalence",0.6,"jaccard",1,200,142.008250830433
2,"prevalence",0.65,"AHC_euclidean",0.164370435778528,200,142.008250830433
2,"prevalence",0.65,"ILR_euclidean_pc0.01",0.995089937745925,200,142.008250830433
2,"prevalence",0.65,"ILR_euclidean_pc0.1",0.995089937745925,200,142.008250830433
2,"prevalence",0.65,"ILR_euclidean_pc0.5",0.99,200,142.008250830433
2,"prevalence",0.65,"ILR_euclidean_pc1",0.99,200,142.008250830433
2,"prevalence",0.65,"aitchison",0.99,200,142.008250830433
2,"prevalence",0.65,"aitchison_pc0.01",0.995089937745925,200,142.008250830433
2,"prevalence",0.65,"aitchison_pc0.1",0.995089937745925,200,142.008250830433
2,"prevalence",0.65,"aitchison_pc1",0.99,200,142.008250830433
2,"prevalence",0.65,"bray",0.143471058319282,200,142.008250830433
2,"prevalence",0.65,"euclidean",0.064550311270377,200,142.008250830433
2,"prevalence",0.65,"jaccard",1,200,142.008250830433
2,"prevalence",0.7,"AHC_euclidean",0.258560996065206,200,142.008250830433
2,"prevalence",0.7,"ILR_euclidean_pc0.01",1,200,142.008250830433
2,"prevalence",0.7,"ILR_euclidean_pc0.1",1,200,142.008250830433
2,"prevalence",0.7,"ILR_euclidean_pc0.5",1,200,142.008250830433
2,"prevalence",0.7,"ILR_euclidean_pc1",1,200,142.008250830433
2,"prevalence",0.7,"aitchison",1,200,142.008250830433
2,"prevalence",0.7,"aitchison_pc0.01",1,200,142.008250830433
2,"prevalence",0.7,"aitchison_pc0.1",1,200,142.008250830433
2,"prevalence",0.7,"aitchison_pc1",1,200,142.008250830433
2,"prevalence",0.7,"bray",0.189100622540754,200,142.008250830433
2,"prevalence",0.7,"euclidean",0.0496402490163016,200,142.008250830433
2,"prevalence",0.7,"jaccard",1,200,142.008250830433
2,"prevalence",0.75,"AHC_euclidean",0.374910062254075,200,142.008250830433
2,"prevalence",0.75,"ILR_euclidean_pc0.01",1,200,142.008250830433
2,"prevalence",0.75,"ILR_euclidean_pc0.1",1,200,142.008250830433
2,"prevalence",0.75,"ILR_euclidean_pc0.5",1,200,142.008250830433
2,"prevalence",0.75,"ILR_euclidean_pc1",1,200,142.008250830433
2,"prevalence",0.75,"aitchison",1,200,142.008250830433
2,"prevalence",0.75,"aitchison_pc0.01",1,200,142.008250830433
2,"prevalence",0.75,"aitchison_pc0.1",1,200,142.008250830433
2,"prevalence",0.75,"aitchison_pc1",1,200,142.008250830433
2,"prevalence",0.75,"bray",0.289460373524452,200,142.008250830433
2,"prevalence",0.75,"euclidean",0.105089937745925,200,142.008250830433
2,"prevalence",0.75,"jaccard",1,200,142.008250830433
2,"prevalence",0.8,"AHC_euclidean",0.378021369589658,200,142.008250830433
2,"prevalence",0.8,"ILR_euclidean_pc0.01",1,200,142.008250830433
2,"prevalence",0.8,"ILR_euclidean_pc0.1",1,200,142.008250830433
2,"prevalence",0.8,"ILR_euclidean_pc0.5",1,200,142.008250830433
2,"prevalence",0.8,"ILR_euclidean_pc1",1,200,142.008250830433
2,"prevalence",0.8,"aitchison",1,200,142.008250830433
2,"prevalence",0.8,"aitchison_pc0.01",1,200,142.008250830433
2,"prevalence",0.8,"aitchison_pc0.1",1,200,142.008250830433
2,"prevalence",0.8,"aitchison_pc1",1,200,142.008250830433
2,"prevalence",0.8,"bray",0.323471058319282,200,142.008250830433
2,"prevalence",0.8,"euclidean",0.0896402490163016,200,142.008250830433
2,"prevalence",0.8,"jaccard",1,200,142.008250830433
2,"prevalence",0.85,"AHC_euclidean",0.463471058319281,200,142.008250830433
2,"prevalence",0.85,"ILR_euclidean_pc0.01",1,200,142.008250830433
2,"prevalence",0.85,"ILR_euclidean_pc0.1",1,200,142.008250830433
2,"prevalence",0.85,"ILR_euclidean_pc0.5",1,200,142.008250830433
2,"prevalence",0.85,"ILR_euclidean_pc1",1,200,142.008250830433
2,"prevalence",0.85,"aitchison",1,200,142.008250830433
2,"prevalence",0.85,"aitchison_pc0.01",1,200,142.008250830433
2,"prevalence",0.85,"aitchison_pc0.1",1,200,142.008250830433
2,"prevalence",0.85,"aitchison_pc1",1,200,142.008250830433
2,"prevalence",0.85,"bray",0.363650933811131,200,142.008250830433
2,"prevalence",0.85,"euclidean",0.074550311270377,200,142.008250830433
2,"prevalence",0.85,"jaccard",1,200,142.008250830433
2,"prevalence",0.9,"AHC_euclidean",0.487301867622261,200,142.008250830433
2,"prevalence",0.9,"ILR_euclidean_pc0.01",1,200,142.008250830433
2,"prevalence",0.9,"ILR_euclidean_pc0.1",1,200,142.008250830433
2,"prevalence",0.9,"ILR_euclidean_pc0.5",1,200,142.008250830433
2,"prevalence",0.9,"ILR_euclidean_pc1",1,200,142.008250830433
2,"prevalence",0.9,"aitchison",1,200,142.008250830433
2,"prevalence",0.9,"aitchison_pc0.01",1,200,142.008250830433
2,"prevalence",0.9,"aitchison_pc0.1",1,200,142.008250830433
2,"prevalence",0.9,"aitchison_pc1",1,200,142.008250830433
2,"prevalence",0.9,"bray",0.383471058319281,200,142.008250830433
2,"prevalence",0.9,"euclidean",0.0998201245081509,200,142.008250830433
2,"prevalence",0.9,"jaccard",1,200,142.008250830433
2,"prevalence",0.95,"AHC_euclidean",0.587841494097809,200,142.008250830433
2,"prevalence",0.95,"ILR_euclidean_pc0.01",1,200,142.008250830433
2,"prevalence",0.95,"ILR_euclidean_pc0.1",1,200,142.008250830433
2,"prevalence",0.95,"ILR_euclidean_pc0.5",1,200,142.008250830433
2,"prevalence",0.95,"ILR_euclidean_pc1",1,200,142.008250830433
2,"prevalence",0.95,"aitchison",1,200,142.008250830433
2,"prevalence",0.95,"aitchison_pc0.01",1,200,142.008250830433
2,"prevalence",0.95,"aitchison_pc0.1",1,200,142.008250830433
2,"prevalence",0.95,"aitchison_pc1",1,200,142.008250830433
2,"prevalence",0.95,"bray",0.458381120573357,200,142.008250830433
2,"prevalence",0.95,"euclidean",0.0796402490163016,200,142.008250830433
2,"prevalence",0.95,"jaccard",1,200,142.008250830433
2,"prevalence",1,"AHC_euclidean",0.688201245081508,200,142.008250830433
2,"prevalence",1,"ILR_euclidean_pc0.01",1,200,142.008250830433
2,"prevalence",1,"ILR_euclidean_pc0.1",1,200,142.008250830433
2,"prevalence",1,"ILR_euclidean_pc0.5",1,200,142.008250830433
2,"prevalence",1,"ILR_euclidean_pc1",1,200,142.008250830433
2,"prevalence",1,"aitchison",1,200,142.008250830433
2,"prevalence",1,"aitchison_pc0.01",1,200,142.008250830433
2,"prevalence",1,"aitchison_pc0.1",1,200,142.008250830433
2,"prevalence",1,"aitchison_pc1",1,200,142.008250830433
2,"prevalence",1,"bray",0.567841494097809,200,142.008250830433
2,"prevalence",1,"euclidean",0.109640249016302,200,142.008250830433
2,"prevalence",1,"jaccard",1,200,142.008250830433
4,"abundance",0.05,"AHC_euclidean",0.0309028649562742,400,157.325528941398
4,"abundance",0.05,"ILR_euclidean_pc0.01",0.0437476505553942,400,157.325528941398
4,"abundance",0.05,"ILR_euclidean_pc0.1",0.0450995934578585,400,157.325528941398
4,"abundance",0.05,"ILR_euclidean_pc0.5",0.034309132202581,400,157.325528941398
4,"abundance",0.05,"ILR_euclidean_pc1",0.0392976185586219,400,157.325528941398
4,"abundance",0.05,"aitchison",0.0314901082940175,400,157.325528941398
4,"abundance",0.05,"aitchison_pc0.01",0.0430452691140159,400,157.325528941398
4,"abundance",0.05,"aitchison_pc0.1",0.0465666744639577,400,157.325528941398
4,"abundance",0.05,"aitchison_pc1",0.0350115136439592,400,157.325528941398
4,"abundance",0.05,"bray",0.0295997110322847,400,157.325528941398
4,"abundance",0.05,"euclidean",0.0287103752208785,400,157.325528941398
4,"abundance",0.05,"jaccard",0.0458019748992367,400,157.325528941398
4,"abundance",0.1,"AHC_euclidean",0.0585193898490332,400,157.325528941398
4,"abundance",0.1,"ILR_euclidean_pc0.01",0.0485071573033444,400,157.325528941398
4,"abundance",0.1,"ILR_euclidean_pc0.1",0.0442468140792383,400,157.325528941398
4,"abundance",0.1,"ILR_euclidean_pc0.5",0.0393599366819645,400,157.325528941398
4,"abundance",0.1,"ILR_euclidean_pc1",0.0492976185586219,400,157.325528941398
4,"abundance",0.1,"aitchison",0.0393599366819645,400,157.325528941398
4,"abundance",0.1,"aitchison_pc0.01",0.050663090605954,400,157.325528941398
4,"abundance",0.1,"aitchison_pc0.1",0.0456122861265704,400,157.325528941398
4,"abundance",0.1,"aitchison_pc1",0.0420908807766287,400,157.325528941398
4,"abundance",0.1,"bray",0.0563404292585053,400,157.325528941398
4,"abundance",0.1,"euclidean",0.0526943876618783,400,157.325528941398
4,"abundance",0.1,"jaccard",0.0500623181233428,400,157.325528941398
4,"abundance",0.15,"AHC_euclidean",0.0720800860343993,400,157.325528941398
4,"abundance",0.15,"ILR_euclidean_pc0.01",0.0548733482524061,400,157.325528941398
4,"abundance",0.15,"ILR_euclidean_pc0.1",0.0583947536023478,400,157.325528941398
4,"abundance",0.15,"ILR_euclidean_pc0.5",0.0626550968264539,400,157.325528941398
4,"abundance",0.15,"ILR_euclidean_pc1",0.0576042923470703,400,157.325528941398
4,"abundance",0.15,"aitchison",0.0654741207350173,400,157.325528941398
4,"abundance",0.15,"aitchison_pc0.01",0.0570035198644592,400,157.325528941398
4,"abundance",0.15,"aitchison_pc0.1",0.0562388202997382,400,157.325528941398
4,"abundance",0.15,"aitchison_pc1",0.0641086486876852,400,157.325528941398
4,"abundance",0.15,"bray",0.0800122325456889,400,157.325528941398
4,"abundance",0.15,"euclidean",0.0730967924951291,400,157.325528941398
4,"abundance",0.15,"jaccard",0.0321301716120531,400,157.325528941398
4,"abundance",0.2,"AHC_euclidean",0.0911514593875687,400,157.325528941398
4,"abundance",0.2,"ILR_euclidean_pc0.01",0.0435837234732845,400,157.325528941398
4,"abundance",0.2,"ILR_euclidean_pc0.1",0.0443484230380054,400,157.325528941398
4,"abundance",0.2,"ILR_euclidean_pc0.5",0.0428813420319062,400,157.325528941398
4,"abundance",0.2,"ILR_euclidean_pc1",0.0434821145145174,400,157.325528941398
4,"abundance",0.2,"aitchison",0.0392976185586219,400,157.325528941398
4,"abundance",0.2,"aitchison_pc0.01",0.0357138950853375,400,157.325528941398
4,"abundance",0.2,"aitchison_pc0.1",0.0364785946500584,400,157.325528941398
4,"abundance",0.2,"aitchison_pc1",0.048532918993901,400,157.325528941398
4,"abundance",0.2,"bray",0.0889196788167486,400,157.325528941398
4,"abundance",0.2,"euclidean",0.0869669634316731,400,157.325528941398
4,"abundance",0.2,"jaccard",0.0356122861265704,400,157.325528941398
4,"abundance",0.25,"AHC_euclidean",0.0920407951989749,400,157.325528941398
4,"abundance",0.25,"ILR_euclidean_pc0.01",0.072244013116509,400,157.325528941398
4,"abundance",0.25,"ILR_euclidean_pc0.1",0.0772948175958925,400,157.325528941398
4,"abundance",0.25,"ILR_euclidean_pc0.5",0.0786602896432246,400,157.325528941398
4,"abundance",0.25,"ILR_euclidean_pc1",0.080113841504456,400,157.325528941398
4,"abundance",0.25,"aitchison",0.0737110941226082,400,157.325528941398
4,"abundance",0.25,"aitchison_pc0.01",0.0737110941226082,400,157.325528941398
4,"abundance",0.25,"aitchison_pc0.1",0.0772948175958925,400,157.325528941398
4,"abundance",0.25,"aitchison_pc1",0.0743118666052193,400,157.325528941398
4,"abundance",0.25,"bray",0.0864515363603229,400,157.325528941398
4,"abundance",0.25,"euclidean",0.061529399129442,400,157.325528941398
4,"abundance",0.25,"jaccard",0.0605872433377435,400,157.325528941398
4,"abundance",0.3,"AHC_euclidean",0.121528102530263,400,157.325528941398
4,"abundance",0.3,"ILR_euclidean_pc0.01",0.0637110941226081,400,157.325528941398
4,"abundance",0.3,"ILR_euclidean_pc0.1",0.0651388842932829,400,157.325528941398
4,"abundance",0.3,"ILR_euclidean_pc0.5",0.0551388842932829,400,157.325528941398
4,"abundance",0.3,"ILR_euclidean_pc1",0.0594873073312882,400,157.325528941398
4,"abundance",0.3,"aitchison",0.0637734122459508,400,157.325528941398
4,"abundance",0.3,"aitchison_pc0.01",0.0594249892079455,400,157.325528941398
4,"abundance",0.3,"aitchison_pc0.1",0.0637110941226082,400,157.325528941398
4,"abundance",0.3,"aitchison_pc1",0.0630710308045726,400,157.325528941398
4,"abundance",0.3,"bray",0.109884861896365,400,157.325528941398
4,"abundance",0.3,"euclidean",0.0888708898382737,400,157.325528941398
4,"abundance",0.3,"jaccard",0.053472616371467,400,157.325528941398
4,"abundance",0.35,"AHC_euclidean",0.130014966948327,400,157.325528941398
4,"abundance",0.35,"ILR_euclidean_pc0.01",0.0434983780620235,400,157.325528941398
4,"abundance",0.35,"ILR_euclidean_pc0.1",0.0434983780620235,400,157.325528941398
4,"abundance",0.35,"ILR_euclidean_pc0.5",0.0378468011000288,400,157.325528941398
4,"abundance",0.35,"ILR_euclidean_pc1",0.0421329060146914,400,157.325528941398
4,"abundance",0.35,"aitchison",0.0392122731473609,400,157.325528941398
4,"abundance",0.35,"aitchison_pc0.01",0.0434983780620235,400,157.325528941398
4,"abundance",0.35,"aitchison_pc0.1",0.0434983780620235,400,157.325528941398
4,"abundance",0.35,"aitchison_pc1",0.0392122731473609,400,157.325528941398
4,"abundance",0.35,"bray",0.170477574039385,400,157.325528941398
4,"abundance",0.35,"euclidean",0.143234279824606,400,157.325528941398
4,"abundance",0.35,"jaccard",0.0361642696307068,400,157.325528941398
4,"abundance",0.4,"AHC_euclidean",0.212820461712023,400,157.325528941398
4,"abundance",0.4,"ILR_euclidean_pc0.01",0.0548611157067174,400,157.325528941398
4,"abundance",0.4,"ILR_euclidean_pc0.1",0.0528948711767741,400,157.325528941398
4,"abundance",0.4,"ILR_euclidean_pc0.5",0.0594750747855995,400,157.325528941398
4,"abundance",0.4,"ILR_euclidean_pc1",0.0650643336242515,400,157.325528941398
4,"abundance",0.4,"aitchison",0.0601774562269777,400,157.325528941398
4,"abundance",0.4,"aitchison_pc0.01",0.0399742383094435,400,157.325528941398
4,"abundance",0.4,"aitchison_pc0.1",0.0541980251007635,400,157.325528941398
4,"abundance",0.4,"aitchison_pc1",0.0637611797002621,400,157.325528941398
4,"abundance",0.4,"bray",0.250766137368181,400,157.325528941398
4,"abundance",0.4,"euclidean",0.142170900250937,400,157.325528941398
4,"abundance",0.4,"jaccard",0.0557274242302054,400,157.325528941398
4,"abundance",0.45,"AHC_euclidean",0.262582803227238,400,157.325528941398
4,"abundance",0.45,"ILR_euclidean_pc0.01",0.061883014984218,400,157.325528941398
4,"abundance",0.45,"ILR_euclidean_pc0.1",0.071883014984218,400,157.325528941398
4,"abundance",0.45,"ILR_euclidean_pc0.5",0.073911577637504,400,157.325528941398
4,"abundance",0.45,"ILR_euclidean_pc1",0.0939373393280606,400,157.325528941398
4,"abundance",0.45,"aitchison",0.079752843372165,400,157.325528941398
4,"abundance",0.45,"aitchison_pc0.01",0.0633108051548928,400,157.325528941398
4,"abundance",0.45,"aitchison_pc0.1",0.0732484870315501,400,157.325528941398
4,"abundance",0.45,"aitchison_pc1",0.0926341854040712,400,157.325528941398
4,"abundance",0.45,"bray",0.319339166463863,400,157.325528941398
4,"abundance",0.45,"euclidean",0.217430389789088,400,157.325528941398
4,"abundance",0.45,"jaccard",0.0473449031735464,400,157.325528941398
4,"abundance",0.5,"AHC_euclidean",0.339137245145508,400,157.325528941398
4,"abundance",0.5,"ILR_euclidean_pc0.01",0.0765436471760395,400,157.325528941398
4,"abundance",0.5,"ILR_euclidean_pc0.1",0.0858412657346612,400,157.325528941398
4,"abundance",0.5,"ILR_euclidean_pc0.5",0.0979714373467143,400,157.325528941398
4,"abundance",0.5,"ILR_euclidean_pc1",0.106504356340615,400,157.325528941398
4,"abundance",0.5,"aitchison",0.0936853324320517,400,157.325528941398
4,"abundance",0.5,"aitchison_pc0.01",0.0714928426966559,400,157.325528941398
4,"abundance",0.5,"aitchison_pc0.1",0.0858412657346612,400,157.325528941398
4,"abundance",0.5,"aitchison_pc1",0.097269055905336,400,157.325528941398
4,"abundance",0.5,"bray",0.37119156948935,400,157.325528941398
4,"abundance",0.5,"euclidean",0.202256245662198,400,157.325528941398
4,"abundance",0.5,"jaccard",0.0657166294879758,400,157.325528941398
4,"abundance",0.55,"AHC_euclidean",0.427149208737808,400,157.325528941398
4,"abundance",0.55,"ILR_euclidean_pc0.01",0.0742603432241063,400,157.325528941398
4,"abundance",0.55,"ILR_euclidean_pc0.1",0.0814901082940177,400,157.325528941398
4,"abundance",0.55,"ILR_euclidean_pc0.5",0.0901246362466856,400,157.325528941398
4,"abundance",0.55,"ILR_euclidean_pc1",0.11577621320868,400,157.325528941398
4,"abundance",0.55,"aitchison",0.102116642467185,400,157.325528941398
4,"abundance",0.55,"aitchison_pc0.01",0.0750250427888272,400,157.325528941398
4,"abundance",0.55,"aitchison_pc0.1",0.0800623181233429,400,157.325528941398
4,"abundance",0.55,"aitchison_pc1",0.106501621937977,400,157.325528941398
4,"abundance",0.55,"bray",0.491772665959741,400,157.325528941398
4,"abundance",0.55,"euclidean",0.279722372617715,400,157.325528941398
4,"abundance",0.55,"jaccard",0.0794222548053073,400,157.325528941398
4,"abundance",0.6,"AHC_euclidean",0.535076707374222,400,157.325528941398
4,"abundance",0.6,"ILR_euclidean_pc0.01",0.0649356663757488,400,157.325528941398
4,"abundance",0.6,"ILR_euclidean_pc0.1",0.0863892182369802,400,157.325528941398
4,"abundance",0.6,"ILR_euclidean_pc0.5",0.121939186240208,400,157.325528941398
4,"abundance",0.6,"ILR_euclidean_pc1",0.148981996940091,400,157.325528941398
4,"abundance",0.6,"aitchison",0.103981278038362,400,157.325528941398
4,"abundance",0.6,"aitchison_pc0.01",0.0633805055557504,400,157.325528941398
4,"abundance",0.6,"aitchison_pc0.1",0.0877546902843123,400,157.325528941398
4,"abundance",0.6,"aitchison_pc1",0.141876868116865,400,157.325528941398
4,"abundance",0.6,"bray",0.621656910983047,400,157.325528941398
4,"abundance",0.6,"euclidean",0.325919988609791,400,157.325528941398
4,"abundance",0.6,"jaccard",0.048020226325189,400,157.325528941398
4,"abundance",0.65,"AHC_euclidean",0.647792006458482,400,157.325528941398
4,"abundance",0.65,"ILR_euclidean_pc0.01",0.0992963219594429,400,157.325528941398
4,"abundance",0.65,"ILR_euclidean_pc0.1",0.120763402965542,400,157.325528941398
4,"abundance",0.65,"ILR_euclidean_pc0.5",0.157205441182814,400,157.325528941398
4,"abundance",0.65,"ILR_euclidean_pc1",0.167718133851526,400,157.325528941398
4,"abundance",0.65,"aitchison",0.154284808315484,400,157.325528941398
4,"abundance",0.65,"aitchison_pc0.01",0.100061021524164,400,157.325528941398
4,"abundance",0.65,"aitchison_pc0.1",0.1192340038361,400,157.325528941398
4,"abundance",0.65,"aitchison_pc1",0.176516588886304,400,157.325528941398
4,"abundance",0.65,"bray",0.701264622829949,400,157.325528941398
4,"abundance",0.65,"euclidean",0.38388787228751,400,157.325528941398
4,"abundance",0.65,"jaccard",0.067304315738943,400,157.325528941398
4,"abundance",0.7,"AHC_euclidean",0.696941342945398,400,157.325528941398
4,"abundance",0.7,"ILR_euclidean_pc0.01",0.0778562992430793,400,157.325528941398
4,"abundance",0.7,"ILR_euclidean_pc0.1",0.101603949798474,400,157.325528941398
4,"abundance",0.7,"ILR_euclidean_pc0.5",0.130878541069177,400,157.325528941398
4,"abundance",0.7,"ILR_euclidean_pc1",0.160901568357095,400,157.325528941398
4,"abundance",0.7,"aitchison",0.136592436154514,400,157.325528941398
4,"abundance",0.7,"aitchison_pc0.01",0.0671051288232262,400,157.325528941398
4,"abundance",0.7,"aitchison_pc0.1",0.0915023408397064,400,157.325528941398
4,"abundance",0.7,"aitchison_pc1",0.164383682871613,400,157.325528941398
4,"abundance",0.7,"bray",0.745316481724542,400,157.325528941398
4,"abundance",0.7,"euclidean",0.424099291748916,400,157.325528941398
4,"abundance",0.7,"jaccard",0.044988486356041,400,157.325528941398
4,"abundance",0.75,"AHC_euclidean",0.813633272193143,400,157.325528941398
4,"abundance",0.75,"ILR_euclidean_pc0.01",0.0967122221330259,400,157.325528941398
4,"abundance",0.75,"ILR_euclidean_pc0.1",0.143154260350298,400,157.325528941398
4,"abundance",0.75,"ILR_euclidean_pc0.5",0.216789507204696,400,157.325528941398
4,"abundance",0.75,"ILR_euclidean_pc1",0.255158499116487,400,157.325528941398
4,"abundance",0.75,"aitchison",0.21037323067798,400,157.325528941398
4,"abundance",0.75,"aitchison_pc0.01",0.096813831091793,400,157.325528941398
4,"abundance",0.75,"aitchison_pc0.1",0.145411802611675,400,157.325528941398
4,"abundance",0.75,"aitchison_pc1",0.265322426198597,400,157.325528941398
4,"abundance",0.75,"bray",0.85545123465138,400,157.325528941398
4,"abundance",0.75,"euclidean",0.519113539795513,400,157.325528941398
4,"abundance",0.75,"jaccard",0.0447852684385069,400,157.325528941398
4,"abundance",0.8,"AHC_euclidean",0.865590696642112,400,157.325528941398
4,"abundance",0.8,"ILR_euclidean_pc0.01",0.0868653544729061,400,157.325528941398
4,"abundance",0.8,"ILR_euclidean_pc0.1",0.128584442375014,400,157.325528941398
4,"abundance",0.8,"ILR_euclidean_pc0.5",0.190904302759734,400,157.325528941398
4,"abundance",0.8,"ILR_euclidean_pc1",0.234051180832517,400,157.325528941398
4,"abundance",0.8,"aitchison",0.179450750898502,400,157.325528941398
4,"abundance",0.8,"aitchison_pc0.01",0.0870550432455724,400,157.325528941398
4,"abundance",0.8,"aitchison_pc0.1",0.115063037025073,400,157.325528941398
4,"abundance",0.8,"aitchison_pc1",0.233847962914983,400,157.325528941398
4,"abundance",0.8,"bray",0.910828455491524,400,157.325528941398
4,"abundance",0.8,"euclidean",0.593560837389647,400,157.325528941398
4,"abundance",0.8,"jaccard",0.0590578442083017,400,157.325528941398
4,"abundance",0.85,"AHC_euclidean",0.941251771747157,400,157.325528941398
4,"abundance",0.85,"ILR_euclidean_pc0.01",0.107507533656477,400,157.325528941398
4,"abundance",0.85,"ILR_euclidean_pc0.1",0.1573300774295,400,157.325528941398
4,"abundance",0.85,"ILR_euclidean_pc0.5",0.214723769581521,400,157.325528941398
4,"abundance",0.85,"ILR_euclidean_pc1",0.284412178964808,400,157.325528941398
4,"abundance",0.85,"aitchison",0.212505518155569,400,157.325528941398
4,"abundance",0.85,"aitchison_pc0.01",0.096654754277857,400,157.325528941398
4,"abundance",0.85,"aitchison_pc0.1",0.153808672079558,400,157.325528941398
4,"abundance",0.85,"aitchison_pc1",0.301041171552108,400,157.325528941398
4,"abundance",0.85,"bray",0.976568112267417,400,157.325528941398
4,"abundance",0.85,"euclidean",0.668960407455633,400,157.325528941398
4,"abundance",0.85,"jaccard",0.0565531453190898,400,157.325528941398
4,"abundance",0.9,"AHC_euclidean",0.96699272512223,400,157.325528941398
4,"abundance",0.9,"ILR_euclidean_pc0.01",0.120423316255634,400,157.325528941398
4,"abundance",0.9,"ILR_euclidean_pc0.1",0.189458133176017,400,157.325528941398
4,"abundance",0.9,"ILR_euclidean_pc0.5",0.283155698153758,400,157.325528941398
4,"abundance",0.9,"ILR_euclidean_pc1",0.376538938112147,400,157.325528941398
4,"abundance",0.9,"aitchison",0.294724388118624,400,157.325528941398
4,"abundance",0.9,"aitchison_pc0.01",0.11114872498493,400,157.325528941398
4,"abundance",0.9,"aitchison_pc0.1",0.178755751734639,400,157.325528941398
4,"abundance",0.9,"aitchison_pc1",0.37952188910282,400,157.325528941398
4,"abundance",0.9,"bray",0.968496362561115,400,157.325528941398
4,"abundance",0.9,"euclidean",0.718287818706629,400,157.325528941398
4,"abundance",0.9,"jaccard",0.0599376818766575,400,157.325528941398
4,"abundance",0.95,"AHC_euclidean",0.954771739293639,400,157.325528941398
4,"abundance",0.95,"ILR_euclidean_pc0.01",0.0905885399369227,400,157.325528941398
4,"abundance",0.95,"ILR_euclidean_pc0.1",0.142781029672318,400,157.325528941398
4,"abundance",0.95,"ILR_euclidean_pc0.5",0.242705182404108,400,157.325528941398
4,"abundance",0.95,"ILR_euclidean_pc1",0.341342444759415,400,157.325528941398
4,"abundance",0.95,"aitchison",0.246328196712817,400,157.325528941398
4,"abundance",0.95,"aitchison_pc0.01",0.0878575958422585,400,157.325528941398
4,"abundance",0.95,"aitchison_pc0.1",0.139197306199034,400,157.325528941398
4,"abundance",0.95,"aitchison_pc1",0.335090095314809,400,157.325528941398
4,"abundance",0.95,"bray",0.976074893217628,400,157.325528941398
4,"abundance",0.95,"euclidean",0.790854217182081,400,157.325528941398
4,"abundance",0.95,"jaccard",0.0544012430182976,400,157.325528941398
4,"abundance",1,"AHC_euclidean",0.980524925214401,400,157.325528941398
4,"abundance",1,"ILR_euclidean_pc0.01",0.117909119223372,400,157.325528941398
4,"abundance",1,"ILR_euclidean_pc0.1",0.186904645308331,400,157.325528941398
4,"abundance",1,"ILR_euclidean_pc0.5",0.364493495038295,400,157.325528941398
4,"abundance",1,"ILR_euclidean_pc1",0.460170833690847,400,157.325528941398
4,"abundance",1,"aitchison",0.361635180294307,400,157.325528941398
4,"abundance",1,"aitchison_pc0.01",0.116954730885984,400,157.325528941398
4,"abundance",1,"aitchison_pc0.1",0.186980492576541,400,157.325528941398
4,"abundance",1,"aitchison_pc1",0.474482700296066,400,157.325528941398
4,"abundance",1,"bray",0.990790461255277,400,157.325528941398
4,"abundance",1,"euclidean",0.833167930699447,400,157.325528941398
4,"abundance",1,"jaccard",0.0307023814413783,400,157.325528941398
4,"both",0.05,"AHC_euclidean",0.0490849024980373,400,157.325528941398
4,"both",0.05,"ILR_euclidean_pc0.01",0.0543484230380054,400,157.325528941398
4,"both",0.05,"ILR_euclidean_pc0.1",0.0528813420319063,400,157.325528941398
4,"both",0.05,"ILR_euclidean_pc0.5",0.0542468140792384,400,157.325528941398
4,"both",0.05,"ILR_euclidean_pc1",0.058532918993901,400,157.325528941398
4,"both",0.05,"aitchison",0.0564650655051906,400,157.325528941398
4,"both",0.05,"aitchison_pc0.01",0.0557138950853375,400,157.325528941398
4,"both",0.05,"aitchison_pc0.1",0.0563146675679487,400,157.325528941398
4,"both",0.05,"aitchison_pc1",0.050663090605954,400,157.325528941398
4,"both",0.05,"bray",0.0378305375525227,400,157.325528941398
4,"both",0.05,"euclidean",0.0381928322839928,400,157.325528941398
4,"both",0.05,"jaccard",0.0492976185586219,400,157.325528941398
4,"both",0.1,"AHC_euclidean",0.0535972526181523,400,157.325528941398
4,"both",0.1,"ILR_euclidean_pc0.01",0.0329571893001167,400,157.325528941398
4,"both",0.1,"ILR_euclidean_pc0.1",0.0380079937795002,400,157.325528941398
4,"both",0.1,"ILR_euclidean_pc0.5",0.0481096027382673,400,157.325528941398
4,"both",0.1,"ILR_euclidean_pc1",0.0464162765267157,400,157.325528941398
4,"both",0.1,"aitchison",0.0422940986941628,400,157.325528941398
4,"both",0.1,"aitchison_pc0.01",0.0286710843854541,400,157.325528941398
4,"both",0.1,"aitchison_pc0.1",0.0372432942147793,400,157.325528941398
4,"both",0.1,"aitchison_pc1",0.0472690559053359,400,157.325528941398
4,"both",0.1,"bray",0.0584706008705583,400,157.325528941398
4,"both",0.1,"euclidean",0.07621579301182,400,157.325528941398
4,"both",0.1,"jaccard",0.0278183050068339,400,157.325528941398
4,"both",0.15,"AHC_euclidean",0.0638234978236047,400,157.325528941398
4,"both",0.15,"ILR_euclidean_pc0.01",0.0930710308045727,400,157.325528941398
4,"both",0.15,"ILR_euclidean_pc0.1",0.105138884293283,400,157.325528941398
4,"both",0.15,"ILR_euclidean_pc0.5",0.0937476505553943,400,157.325528941398
4,"both",0.15,"ILR_euclidean_pc1",0.0966682834227249,400,157.325528941398
4,"both",0.15,"aitchison",0.104538111810672,400,157.325528941398
4,"both",0.15,"aitchison_pc0.01",0.0945381118106718,400,157.325528941398
4,"both",0.15,"aitchison_pc0.1",0.102407940198619,400,157.325528941398
4,"both",0.15,"aitchison_pc1",0.095903583858004,400,157.325528941398
4,"both",0.15,"bray",0.0708405468329316,400,157.325528941398
4,"both",0.15,"euclidean",0.0517142376339345,400,157.325528941398
4,"both",0.15,"jaccard",0.088431310035134,400,157.325528941398
4,"both",0.2,"AHC_euclidean",0.0894357839501752,400,157.325528941398
4,"both",0.2,"ILR_euclidean_pc0.01",0.142130171612053,400,157.325528941398
4,"both",0.2,"ILR_euclidean_pc0.1",0.150702381441379,400,157.325528941398
4,"both",0.2,"ILR_euclidean_pc0.5",0.1413790011922,400,157.325528941398
4,"both",0.2,"ILR_euclidean_pc1",0.140715910586246,400,157.325528941398
4,"both",0.2,"aitchison",0.147030578154195,400,157.325528941398
4,"both",0.2,"aitchison_pc0.01",0.138608766262112,400,157.325528941398
4,"both",0.2,"aitchison_pc0.1",0.152067853488711,400,157.325528941398
4,"both",0.2,"aitchison_pc1",0.137707197905017,400,157.325528941398
4,"both",0.2,"bray",0.0942603432241063,400,157.325528941398
4,"both",0.2,"euclidean",0.0679714373467142,400,157.325528941398
4,"both",0.2,"jaccard",0.126402747381848,400,157.325528941398
4,"both",0.25,"AHC_euclidean",0.176503059741436,400,157.325528941398
4,"both",0.25,"ILR_euclidean_pc0.01",0.157014314606689,400,157.325528941398
4,"both",0.25,"ILR_euclidean_pc0.1",0.1694750747856,400,157.325528941398
4,"both",0.25,"ILR_euclidean_pc0.5",0.185789742353548,400,157.325528941398
4,"both",0.25,"ILR_euclidean_pc1",0.1880079937795,400,157.325528941398
4,"both",0.25,"aitchison",0.190990944770174,400,157.325528941398
4,"both",0.25,"aitchison_pc0.01",0.164384979470792,400,157.325528941398
4,"both",0.25,"aitchison_pc0.1",0.16508736091217,400,157.325528941398
4,"both",0.25,"aitchison_pc1",0.178047284614925,400,157.325528941398
4,"both",0.25,"bray",0.172843488999941,400,157.325528941398
4,"both",0.25,"euclidean",0.147256964563927,400,157.325528941398
4,"both",0.25,"jaccard",0.131425055768037,400,157.325528941398
4,"both",0.3,"AHC_euclidean",0.233310127092817,400,157.325528941398
4,"both",0.3,"ILR_euclidean_pc0.01",0.234672864737511,400,157.325528941398
4,"both",0.3,"ILR_euclidean_pc0.1",0.252454613311559,400,157.325528941398
4,"both",0.3,"ILR_euclidean_pc0.5",0.285913700538158,400,157.325528941398
4,"both",0.3,"ILR_euclidean_pc1",0.293120438320151,400,157.325528941398
4,"both",0.3,"aitchison",0.278896651528831,400,157.325528941398
4,"both",0.3,"aitchison_pc0.01",0.228933207961617,400,157.325528941398
4,"both",0.3,"aitchison_pc0.1",0.257593497604841,400,157.325528941398
4,"both",0.3,"aitchison_pc1",0.314485910367483,400,157.325528941398
4,"both",0.3,"bray",0.21492487163352,400,157.325528941398
4,"both",0.3,"euclidean",0.114709421170297,400,157.325528941398
4,"both",0.3,"jaccard",0.189651234413398,400,157.325528941398
4,"both",0.35,"AHC_euclidean",0.336981930380001,400,157.325528941398
4,"both",0.35,"ILR_euclidean_pc0.01",0.40769380996443,400,157.325528941398
4,"both",0.35,"ILR_euclidean_pc0.1",0.442744614443813,400,157.325528941398
4,"both",0.35,"ILR_euclidean_pc0.5",0.462643005485046,400,157.325528941398
4,"both",0.35,"ILR_euclidean_pc1",0.49959773637103,400,157.325528941398
4,"both",0.35,"aitchison",0.471277533437714,400,157.325528941398
4,"both",0.35,"aitchison_pc0.01",0.404773177097099,400,157.325528941398
4,"both",0.35,"aitchison_pc0.1",0.440424754059094,400,157.325528941398
4,"both",0.35,"aitchison_pc1",0.487093037481819,400,157.325528941398
4,"both",0.35,"bray",0.282004238766189,400,157.325528941398
4,"both",0.35,"euclidean",0.138120538684777,400,157.325528941398
4,"both",0.35,"jaccard",0.35609471043413,400,157.325528941398
4,"both",0.4,"AHC_euclidean",0.483836490110677,400,157.325528941398
4,"both",0.4,"ILR_euclidean_pc0.01",0.558249824470384,400,157.325528941398
4,"both",0.4,"ILR_euclidean_pc0.1",0.61620773267223,400,157.325528941398
4,"both",0.4,"ILR_euclidean_pc0.5",0.640140221732116,400,157.325528941398
4,"both",0.4,"ILR_euclidean_pc1",0.686056038135809,400,157.325528941398
4,"both",0.4,"aitchison",0.659013227435925,400,157.325528941398
4,"both",0.4,"aitchison_pc0.01",0.571731938984901,400,157.325528941398
4,"both",0.4,"aitchison_pc0.1",0.599703376331615,400,157.325528941398
4,"both",0.4,"aitchison_pc1",0.679013227435925,400,157.325528941398
4,"both",0.4,"bray",0.425176200467453,400,157.325528941398
4,"both",0.4,"euclidean",0.178423249695543,400,157.325528941398
4,"both",0.4,"jaccard",0.476165707434167,400,157.325528941398
4,"both",0.45,"AHC_euclidean",0.64673409569009,400,157.325528941398
4,"both",0.45,"ILR_euclidean_pc0.01",0.736942639544577,400,157.325528941398
4,"both",0.45,"ILR_euclidean_pc0.1",0.777556941172056,400,157.325528941398
4,"both",0.45,"ILR_euclidean_pc0.5",0.826969697834313,400,157.325528941398
4,"both",0.45,"ILR_euclidean_pc1",0.823973217698772,400,157.325528941398
4,"both",0.45,"aitchison",0.817822477212933,400,157.325528941398
4,"both",0.45,"aitchison_pc0.01",0.742820461712024,400,157.325528941398
4,"both",0.45,"aitchison_pc0.1",0.778285084303991,400,157.325528941398
4,"both",0.45,"aitchison_pc1",0.840389494225487,400,157.325528941398
4,"both",0.45,"bray",0.608350278034252,400,157.325528941398
4,"both",0.45,"euclidean",0.200553421307596,400,157.325528941398
4,"both",0.45,"jaccard",0.609273294671526,400,157.325528941398
4,"both",0.5,"AHC_euclidean",0.761582978851118,400,157.325528941398
4,"both",0.5,"ILR_euclidean_pc0.01",0.877840856625974,400,157.325528941398
4,"both",0.5,"ILR_euclidean_pc0.1",0.904818614799876,400,157.325528941398
4,"both",0.5,"ILR_euclidean_pc0.5",0.921234891326592,400,157.325528941398
4,"both",0.5,"ILR_euclidean_pc1",0.933113056042636,400,157.325528941398
4,"both",0.5,"aitchison",0.916184086847208,400,157.325528941398
4,"both",0.5,"aitchison_pc0.01",0.87986941927926,400,157.325528941398
4,"both",0.5,"aitchison_pc0.1",0.892600363373924,400,157.325528941398
4,"both",0.5,"aitchison_pc1",0.930982884430583,400,157.325528941398
4,"both",0.5,"bray",0.685215491302877,400,157.325528941398
4,"both",0.5,"euclidean",0.251830813541029,400,157.325528941398
4,"both",0.5,"jaccard",0.818363047437737,400,157.325528941398
4,"both",0.55,"AHC_euclidean",0.861894569467831,400,157.325528941398
4,"both",0.55,"ILR_euclidean_pc0.01",0.952433701889176,400,157.325528941398
4,"both",0.55,"ILR_euclidean_pc0.1",0.973609485163841,400,157.325528941398
4,"both",0.55,"ILR_euclidean_pc0.5",0.977130890513783,400,157.325528941398
4,"both",0.55,"ILR_euclidean_pc1",0.980626534173168,400,157.325528941398
4,"both",0.55,"aitchison",0.980626534173168,400,157.325528941398
4,"both",0.55,"aitchison_pc0.01",0.946631726989939,400,157.325528941398
4,"both",0.55,"aitchison_pc0.1",0.972181694993166,400,157.325528941398
4,"both",0.55,"aitchison_pc1",0.982782467475778,400,157.325528941398
4,"both",0.55,"bray",0.805469614064422,400,157.325528941398
4,"both",0.55,"euclidean",0.320640204522316,400,157.325528941398
4,"both",0.55,"jaccard",0.875991663671904,400,157.325528941398
4,"both",0.6,"AHC_euclidean",0.933120438320151,400,157.325528941398
4,"both",0.6,"ILR_euclidean_pc0.01",0.978558680684458,400,157.325528941398
4,"both",0.6,"ILR_euclidean_pc0.1",0.984374184728562,400,157.325528941398
4,"both",0.6,"ILR_euclidean_pc0.5",0.996504356340615,400,157.325528941398
4,"both",0.6,"ILR_euclidean_pc1",0.996504356340615,400,157.325528941398
4,"both",0.6,"aitchison",0.995739656775894,400,157.325528941398
4,"both",0.6,"aitchison_pc0.01",0.964974957211173,400,157.325528941398
4,"both",0.6,"aitchison_pc0.1",0.987193208637125,400,157.325528941398
4,"both",0.6,"aitchison_pc1",0.995739656775894,400,157.325528941398
4,"both",0.6,"bray",0.873835052307218,400,157.325528941398
4,"both",0.6,"euclidean",0.402682914857573,400,157.325528941398
4,"both",0.6,"jaccard",0.965965901981346,400,157.325528941398
4,"both",0.65,"AHC_euclidean",0.968220031778009,400,157.325528941398
4,"both",0.65,"ILR_euclidean_pc0.01",0.995739656775894,400,157.325528941398
4,"both",0.65,"ILR_euclidean_pc0.1",0.996504356340615,400,157.325528941398
4,"both",0.65,"ILR_euclidean_pc0.5",0.997105128823226,400,157.325528941398
4,"both",0.65,"ILR_euclidean_pc1",0.997105128823226,400,157.325528941398
4,"both",0.65,"aitchison",0.997869828387947,400,157.325528941398
4,"both",0.65,"aitchison_pc0.01",0.995739656775894,400,157.325528941398
4,"both",0.65,"aitchison_pc0.1",0.995739656775894,400,157.325528941398
4,"both",0.65,"aitchison_pc1",0.997869828387947,400,157.325528941398
4,"both",0.65,"bray",0.954123615636013,400,157.325528941398
4,"both",0.65,"euclidean",0.442643005485046,400,157.325528941398
4,"both",0.65,"jaccard",0.991453551861231,400,157.325528941398
4,"both",0.7,"AHC_euclidean",0.989097135043726,400,157.325528941398
4,"both",0.7,"ILR_euclidean_pc0.01",1,400,157.325528941398
4,"both",0.7,"ILR_euclidean_pc0.1",1,400,157.325528941398
4,"both",0.7,"ILR_euclidean_pc0.5",1,400,157.325528941398
4,"both",0.7,"ILR_euclidean_pc1",1,400,157.325528941398
4,"both",0.7,"aitchison",1,400,157.325528941398
4,"both",0.7,"aitchison_pc0.01",1,400,157.325528941398
4,"both",0.7,"aitchison_pc0.1",1,400,157.325528941398
4,"both",0.7,"aitchison_pc1",1,400,157.325528941398
4,"both",0.7,"bray",0.965955107239117,400,157.325528941398
4,"both",0.7,"euclidean",0.546393390443079,400,157.325528941398
4,"both",0.7,"jaccard",1,400,157.325528941398
4,"both",0.75,"AHC_euclidean",0.99206785348871,400,157.325528941398
4,"both",0.75,"ILR_euclidean_pc0.01",0.998634527952668,400,157.325528941398
4,"both",0.75,"ILR_euclidean_pc0.1",1,400,157.325528941398
4,"both",0.75,"ILR_euclidean_pc0.5",1,400,157.325528941398
4,"both",0.75,"ILR_euclidean_pc1",1,400,157.325528941398
4,"both",0.75,"aitchison",1,400,157.325528941398
4,"both",0.75,"aitchison_pc0.01",0.998634527952668,400,157.325528941398
4,"both",0.75,"aitchison_pc0.1",0.998634527952668,400,157.325528941398
4,"both",0.75,"aitchison_pc1",1,400,157.325528941398
4,"both",0.75,"bray",0.989071373353169,400,157.325528941398
4,"both",0.75,"euclidean",0.521407497285396,400,157.325528941398
4,"both",0.75,"jaccard",0.998634527952668,400,157.325528941398
4,"both",0.8,"AHC_euclidean",1,400,157.325528941398
4,"both",0.8,"ILR_euclidean_pc0.01",1,400,157.325528941398
4,"both",0.8,"ILR_euclidean_pc0.1",1,400,157.325528941398
4,"both",0.8,"ILR_euclidean_pc0.5",1,400,157.325528941398
4,"both",0.8,"ILR_euclidean_pc1",1,400,157.325528941398
4,"both",0.8,"aitchison",1,400,157.325528941398
4,"both",0.8,"aitchison_pc0.01",1,400,157.325528941398
4,"both",0.8,"aitchison_pc0.1",1,400,157.325528941398
4,"both",0.8,"aitchison_pc1",1,400,157.325528941398
4,"both",0.8,"bray",0.998634527952668,400,157.325528941398
4,"both",0.8,"euclidean",0.682645739887685,400,157.325528941398
4,"both",0.8,"jaccard",1,400,157.325528941398
4,"both",0.85,"AHC_euclidean",1,400,157.325528941398
4,"both",0.85,"ILR_euclidean_pc0.01",1,400,157.325528941398
4,"both",0.85,"ILR_euclidean_pc0.1",1,400,157.325528941398
4,"both",0.85,"ILR_euclidean_pc0.5",1,400,157.325528941398
4,"both",0.85,"ILR_euclidean_pc1",1,400,157.325528941398
4,"both",0.85,"aitchison",1,400,157.325528941398
4,"both",0.85,"aitchison_pc0.01",1,400,157.325528941398
4,"both",0.85,"aitchison_pc0.1",1,400,157.325528941398
4,"both",0.85,"aitchison_pc1",1,400,157.325528941398
4,"both",0.85,"bray",1,400,157.325528941398
4,"both",0.85,"euclidean",0.754681543614206,400,157.325528941398
4,"both",0.85,"jaccard",1,400,157.325528941398
4,"both",0.9,"AHC_euclidean",1,400,157.325528941398
4,"both",0.9,"ILR_euclidean_pc0.01",1,400,157.325528941398
4,"both",0.9,"ILR_euclidean_pc0.1",1,400,157.325528941398
4,"both",0.9,"ILR_euclidean_pc0.5",1,400,157.325528941398
4,"both",0.9,"ILR_euclidean_pc1",1,400,157.325528941398
4,"both",0.9,"aitchison",1,400,157.325528941398
4,"both",0.9,"aitchison_pc0.01",1,400,157.325528941398
4,"both",0.9,"aitchison_pc0.1",1,400,157.325528941398
4,"both",0.9,"aitchison_pc1",1,400,157.325528941398
4,"both",0.9,"bray",1,400,157.325528941398
4,"both",0.9,"euclidean",0.852016471311879,400,157.325528941398
4,"both",0.9,"jaccard",1,400,157.325528941398
4,"both",0.95,"AHC_euclidean",1,400,157.325528941398
4,"both",0.95,"ILR_euclidean_pc0.01",1,400,157.325528941398
4,"both",0.95,"ILR_euclidean_pc0.1",1,400,157.325528941398
4,"both",0.95,"ILR_euclidean_pc0.5",1,400,157.325528941398
4,"both",0.95,"ILR_euclidean_pc1",1,400,157.325528941398
4,"both",0.95,"aitchison",1,400,157.325528941398
4,"both",0.95,"aitchison_pc0.01",1,400,157.325528941398
4,"both",0.95,"aitchison_pc0.1",1,400,157.325528941398
4,"both",0.95,"aitchison_pc1",1,400,157.325528941398
4,"both",0.95,"bray",1,400,157.325528941398
4,"both",0.95,"euclidean",0.858371726314431,400,157.325528941398
4,"both",0.95,"jaccard",1,400,157.325528941398
4,"both",1,"AHC_euclidean",1,400,157.325528941398
4,"both",1,"ILR_euclidean_pc0.01",1,400,157.325528941398
4,"both",1,"ILR_euclidean_pc0.1",1,400,157.325528941398
4,"both",1,"ILR_euclidean_pc0.5",1,400,157.325528941398
4,"both",1,"ILR_euclidean_pc1",1,400,157.325528941398
4,"both",1,"aitchison",1,400,157.325528941398
4,"both",1,"aitchison_pc0.01",1,400,157.325528941398
4,"both",1,"aitchison_pc0.1",1,400,157.325528941398
4,"both",1,"aitchison_pc1",1,400,157.325528941398
4,"both",1,"bray",1,400,157.325528941398
4,"both",1,"euclidean",0.8954510934471,400,157.325528941398
4,"both",1,"jaccard",1,400,157.325528941398
4,"prevalence",0.05,"AHC_euclidean",0.0400365564327862,400,157.325528941398
4,"prevalence",0.05,"ILR_euclidean_pc0.01",0.051175783274666,400,157.325528941398
4,"prevalence",0.05,"ILR_euclidean_pc0.1",0.0542210523886818,400,157.325528941398
4,"prevalence",0.05,"ILR_euclidean_pc0.5",0.05269165325924,400,157.325528941398
4,"prevalence",0.05,"ILR_euclidean_pc1",0.0540571253065721,400,157.325528941398
4,"prevalence",0.05,"aitchison",0.05269165325924,400,157.325528941398
4,"prevalence",0.05,"aitchison_pc0.01",0.0484448391800017,400,157.325528941398
4,"prevalence",0.05,"aitchison_pc0.1",0.051926953694519,400,157.325528941398
4,"prevalence",0.05,"aitchison_pc1",0.0624396463632311,400,157.325528941398
4,"prevalence",0.05,"bray",0.0350115136439592,400,157.325528941398
4,"prevalence",0.05,"euclidean",0.026439303814634,400,157.325528941398
4,"prevalence",0.05,"jaccard",0.0585464481387688,400,157.325528941398
4,"prevalence",0.1,"AHC_euclidean",0.0391837770541661,400,157.325528941398
4,"prevalence",0.1,"ILR_euclidean_pc0.01",0.0458547948795289,400,157.325528941398
4,"prevalence",0.1,"ILR_euclidean_pc0.1",0.0542996340595306,400,157.325528941398
4,"prevalence",0.1,"ILR_euclidean_pc0.5",0.0529341620121985,400,157.325528941398
4,"prevalence",0.1,"ILR_euclidean_pc1",0.0570563398447514,400,157.325528941398
4,"prevalence",0.1,"aitchison",0.0542996340595306,400,157.325528941398
4,"prevalence",0.1,"aitchison_pc0.01",0.0466194944442498,400,157.325528941398
4,"prevalence",0.1,"aitchison_pc0.1",0.0486480570975358,400,157.325528941398
4,"prevalence",0.1,"aitchison_pc1",0.0542373159361879,400,157.325528941398
4,"prevalence",0.1,"bray",0.0392976185586219,400,157.325528941398
4,"prevalence",0.1,"euclidean",0.0468761492151355,400,157.325528941398
4,"prevalence",0.1,"jaccard",0.0452147315614933,400,157.325528941398
4,"prevalence",0.15,"AHC_euclidean",0.0701503979372421,400,157.325528941398
4,"prevalence",0.15,"ILR_euclidean_pc0.01",0.0963499274015559,400,157.325528941398
4,"prevalence",0.15,"ILR_euclidean_pc0.1",0.089947180019708,400,157.325528941398
4,"prevalence",0.15,"ILR_euclidean_pc0.5",0.0827797330731393,400,157.325528941398
4,"prevalence",0.15,"ILR_euclidean_pc1",0.0915023408397064,400,157.325528941398
4,"prevalence",0.15,"aitchison",0.0834685853696497,400,157.325528941398
4,"prevalence",0.15,"aitchison_pc0.01",0.100534423357451,400,157.325528941398
4,"prevalence",0.15,"aitchison_pc0.1",0.0976530813255453,400,157.325528941398
4,"prevalence",0.15,"aitchison_pc1",0.0904856343789766,400,157.325528941398
4,"prevalence",0.15,"bray",0.0729694218458055,400,157.325528941398
4,"prevalence",0.15,"euclidean",0.0445881973883256,400,157.325528941398
4,"prevalence",0.15,"jaccard",0.0920015043635506,400,157.325528941398
4,"prevalence",0.2,"AHC_euclidean",0.0747094211702964,400,157.325528941398
4,"prevalence",0.2,"ILR_euclidean_pc0.01",0.098244355665106,400,157.325528941398
4,"prevalence",0.2,"ILR_euclidean_pc0.1",0.103383239958389,400,157.325528941398
4,"prevalence",0.2,"ILR_euclidean_pc0.5",0.121664152056281,400,157.325528941398
4,"prevalence",0.2,"ILR_euclidean_pc1",0.109508218753671,400,157.325528941398
4,"prevalence",0.2,"aitchison",0.116012575094286,400,157.325528941398
4,"prevalence",0.2,"aitchison_pc0.01",0.101638390365724,400,157.325528941398
4,"prevalence",0.2,"aitchison_pc0.1",0.110400288967716,400,157.325528941398
4,"prevalence",0.2,"aitchison_pc1",0.111765761015048,400,157.325528941398
4,"prevalence",0.2,"bray",0.0790713733531695,400,157.325528941398
4,"prevalence",0.2,"euclidean",0.0458412657346611,400,157.325528941398
4,"prevalence",0.2,"jaccard",0.122345622075276,400,157.325528941398
4,"prevalence",0.25,"AHC_euclidean",0.0561141840530529,400,157.325528941398
4,"prevalence",0.25,"ILR_euclidean_pc0.01",0.0875527689659573,400,157.325528941398
4,"prevalence",0.25,"ILR_euclidean_pc0.1",0.0982809120978922,400,157.325528941398
4,"prevalence",0.25,"ILR_euclidean_pc0.5",0.0953602792305617,400,157.325528941398
4,"prevalence",0.25,"ILR_euclidean_pc1",0.0924654080537877,400,157.325528941398
4,"prevalence",0.25,"aitchison",0.0903094747511781,400,157.325528941398
4,"prevalence",0.25,"aitchison_pc0.01",0.0946578977891834,400,157.325528941398
4,"prevalence",0.25,"aitchison_pc0.1",0.0982809120978922,400,157.325528941398
4,"prevalence",0.25,"aitchison_pc1",0.0895447751864572,400,157.325528941398
4,"prevalence",0.25,"bray",0.0383202029333164,400,157.325528941398
4,"prevalence",0.25,"euclidean",0.0390849024980373,400,157.325528941398
4,"prevalence",0.25,"jaccard",0.126649904009683,400,157.325528941398
4,"prevalence",0.3,"AHC_euclidean",0.0706007724826114,400,157.325528941398
4,"prevalence",0.3,"ILR_euclidean_pc0.01",0.14868734793296,400,157.325528941398
4,"prevalence",0.3,"ILR_euclidean_pc0.1",0.141293655780939,400,157.325528941398
4,"prevalence",0.3,"ILR_euclidean_pc0.5",0.144978988212991,400,157.325528941398
4,"prevalence",0.3,"ILR_euclidean_pc1",0.136268612992112,400,157.325528941398
4,"prevalence",0.3,"aitchison",0.136406778383665,400,157.325528941398
4,"prevalence",0.3,"aitchison_pc0.01",0.164978988212991,400,157.325528941398
4,"prevalence",0.3,"aitchison_pc0.1",0.13999050185695,400,157.325528941398
4,"prevalence",0.3,"aitchison_pc1",0.134276606771612,400,157.325528941398
4,"prevalence",0.3,"bray",0.0763404292585053,400,157.325528941398
4,"prevalence",0.3,"euclidean",0.0377559868834913,400,157.325528941398
4,"prevalence",0.3,"jaccard",0.238288496768704,400,157.325528941398
4,"prevalence",0.35,"AHC_euclidean",0.0499512110215253,400,157.325528941398
4,"prevalence",0.35,"ILR_euclidean_pc0.01",0.26412764663783,400,157.325528941398
4,"prevalence",0.35,"ILR_euclidean_pc0.1",0.249028053179972,400,157.325528941398
4,"prevalence",0.35,"ILR_euclidean_pc0.5",0.223540403300086,400,157.325528941398
4,"prevalence",0.35,"ILR_euclidean_pc1",0.191257099348153,400,157.325528941398
4,"prevalence",0.35,"aitchison",0.207098365082814,400,157.325528941398
4,"prevalence",0.35,"aitchison_pc0.01",0.251821315397979,400,157.325528941398
4,"prevalence",0.35,"aitchison_pc0.1",0.249090371303314,400,157.325528941398
4,"prevalence",0.35,"aitchison_pc1",0.212775703735365,400,157.325528941398
4,"prevalence",0.35,"bray",0.0481096027382673,400,157.325528941398
4,"prevalence",0.35,"euclidean",0.0421694624474775,400,157.325528941398
4,"prevalence",0.35,"jaccard",0.368507775840448,400,157.325528941398
4,"prevalence",0.4,"AHC_euclidean",0.0885464481387689,400,157.325528941398
4,"prevalence",0.4,"ILR_euclidean_pc0.01",0.40461942788416,400,157.325528941398
4,"prevalence",0.4,"ILR_euclidean_pc0.1",0.355936110953017,400,157.325528941398
4,"prevalence",0.4,"ILR_euclidean_pc0.5",0.32116034065756,400,157.325528941398
4,"prevalence",0.4,"ILR_euclidean_pc1",0.310483720906739,400,157.325528941398
4,"prevalence",0.4,"aitchison",0.317576617184276,400,157.325528941398
4,"prevalence",0.4,"aitchison_pc0.01",0.389519834426301,400,157.325528941398
4,"prevalence",0.4,"aitchison_pc0.1",0.357389662814248,400,157.325528941398
4,"prevalence",0.4,"aitchison_pc1",0.297475008225509,400,157.325528941398
4,"prevalence",0.4,"bray",0.0777424577386236,400,157.325528941398
4,"prevalence",0.4,"euclidean",0.0492095387447227,400,157.325528941398
4,"prevalence",0.4,"jaccard",0.537651167853308,400,157.325528941398
4,"prevalence",0.45,"AHC_euclidean",0.129758929050501,400,157.325528941398
4,"prevalence",0.45,"ILR_euclidean_pc0.01",0.532087670705212,400,157.325528941398
4,"prevalence",0.45,"ILR_euclidean_pc0.1",0.501963034458527,400,157.325528941398
4,"prevalence",0.45,"ILR_euclidean_pc0.5",0.463305479217941,400,157.325528941398
4,"prevalence",0.45,"ILR_euclidean_pc1",0.428980083467854,400,157.325528941398
4,"prevalence",0.45,"aitchison",0.4603089990824,400,157.325528941398
4,"prevalence",0.45,"aitchison_pc0.01",0.539130481405096,400,157.325528941398
4,"prevalence",0.45,"aitchison_pc0.1",0.504181285884479,400,157.325528941398
4,"prevalence",0.45,"aitchison_pc1",0.430357788060875,400,157.325528941398
4,"prevalence",0.45,"bray",0.101699411889888,400,157.325528941398
4,"prevalence",0.45,"euclidean",0.0705737141928757,400,157.325528941398
4,"prevalence",0.45,"jaccard",0.663658274142317,400,157.325528941398
4,"prevalence",0.5,"AHC_euclidean",0.0895840660218815,400,157.325528941398
4,"prevalence",0.5,"ILR_euclidean_pc0.01",0.62153357133554,400,157.325528941398
4,"prevalence",0.5,"ILR_euclidean_pc0.1",0.577621993698037,400,157.325528941398
4,"prevalence",0.5,"ILR_euclidean_pc0.5",0.521996178426598,400,157.325528941398
4,"prevalence",0.5,"ILR_euclidean_pc1",0.478576382035424,400,157.325528941398
4,"prevalence",0.5,"aitchison",0.505491822085983,400,157.325528941398
4,"prevalence",0.5,"aitchison_pc0.01",0.612774407136187,400,157.325528941398
4,"prevalence",0.5,"aitchison_pc0.1",0.565505351230851,400,157.325528941398
4,"prevalence",0.5,"aitchison_pc1",0.482097787385365,400,157.325528941398
4,"prevalence",0.5,"bray",0.0760626606719398,400,157.325528941398
4,"prevalence",0.5,"euclidean",0.0455499680032278,400,157.325528941398
4,"prevalence",0.5,"jaccard",0.801416995428447,400,157.325528941398
4,"prevalence",0.55,"AHC_euclidean",0.120642797720674,400,157.325528941398
4,"prevalence",0.55,"ILR_euclidean_pc0.01",0.765224372572869,400,157.325528941398
4,"prevalence",0.55,"ILR_euclidean_pc0.1",0.741413107294953,400,157.325528941398
4,"prevalence",0.55,"ILR_euclidean_pc0.5",0.68903092878689,400,157.325528941398
4,"prevalence",0.55,"ILR_euclidean_pc1",0.644744823872228,400,157.325528941398
4,"prevalence",0.55,"aitchison",0.679694019392844,400,157.325528941398
4,"prevalence",0.55,"aitchison_pc0.01",0.76359336448466,400,157.325528941398
4,"prevalence",0.55,"aitchison_pc0.1",0.724945307387124,400,157.325528941398
4,"prevalence",0.55,"aitchison_pc1",0.652552334136832,400,157.325528941398
4,"prevalence",0.55,"bray",0.0889602662513521,400,157.325528941398
4,"prevalence",0.55,"euclidean",0.0379456756561576,400,157.325528941398
4,"prevalence",0.55,"jaccard",0.917611877017883,400,157.325528941398
4,"prevalence",0.6,"AHC_euclidean",0.114954664325893,400,157.325528941398
4,"prevalence",0.6,"ILR_euclidean_pc0.01",0.875206671221903,400,157.325528941398
4,"prevalence",0.6,"ILR_euclidean_pc0.1",0.848652229303634,400,157.325528941398
4,"prevalence",0.6,"ILR_euclidean_pc0.5",0.799495510539205,400,157.325528941398
4,"prevalence",0.6,"ILR_euclidean_pc1",0.768770101809908,400,157.325528941398
4,"prevalence",0.6,"aitchison",0.798730810974484,400,157.325528941398
4,"prevalence",0.6,"aitchison_pc0.01",0.879656703218675,400,157.325528941398
4,"prevalence",0.6,"aitchison_pc0.1",0.844530051471082,400,157.325528941398
4,"prevalence",0.6,"aitchison_pc1",0.769534801374629,400,157.325528941398
4,"prevalence",0.6,"bray",0.0956150205292089,400,157.325528941398
4,"prevalence",0.6,"euclidean",0.064374184728562,400,157.325528941398
4,"prevalence",0.6,"jaccard",0.975302811375393,400,157.325528941398
4,"prevalence",0.65,"AHC_euclidean",0.168374460717068,400,157.325528941398
4,"prevalence",0.65,"ILR_euclidean_pc0.01",0.936232875825683,400,157.325528941398
4,"prevalence",0.65,"ILR_euclidean_pc0.1",0.913717382194242,400,157.325528941398
4,"prevalence",0.65,"ILR_euclidean_pc0.5",0.881449045190636,400,157.325528941398
4,"prevalence",0.65,"ILR_euclidean_pc1",0.862239506445914,400,157.325528941398
4,"prevalence",0.65,"aitchison",0.884330387222542,400,157.325528941398
4,"prevalence",0.65,"aitchison_pc0.01",0.946043187053016,400,157.325528941398
4,"prevalence",0.65,"aitchison_pc0.1",0.917049098771517,400,157.325528941398
4,"prevalence",0.65,"aitchison_pc1",0.865823229919198,400,157.325528941398
4,"prevalence",0.65,"bray",0.124212992049091,400,157.325528941398
4,"prevalence",0.65,"euclidean",0.0757396567758942,400,157.325528941398
4,"prevalence",0.65,"jaccard",0.997269055905336,400,157.325528941398
4,"prevalence",0.7,"AHC_euclidean",0.179059282011761,400,157.325528941398
4,"prevalence",0.7,"ILR_euclidean_pc0.01",0.986803036349563,400,157.325528941398
4,"prevalence",0.7,"ILR_euclidean_pc0.1",0.976803036349563,400,157.325528941398
4,"prevalence",0.7,"ILR_euclidean_pc0.5",0.951026823140883,400,157.325528941398
4,"prevalence",0.7,"ILR_euclidean_pc1",0.927570470316923,400,157.325528941398
4,"prevalence",0.7,"aitchison",0.955237080787335,400,157.325528941398
4,"prevalence",0.7,"aitchison_pc0.01",0.985437564302231,400,157.325528941398
4,"prevalence",0.7,"aitchison_pc0.1",0.973219312876279,400,157.325528941398
4,"prevalence",0.7,"aitchison_pc1",0.929788721742875,400,157.325528941398
4,"prevalence",0.7,"bray",0.143635246854398,400,157.325528941398
4,"prevalence",0.7,"euclidean",0.0520543243438427,400,157.325528941398
4,"prevalence",0.7,"jaccard",1,400,157.325528941398
4,"prevalence",0.75,"AHC_euclidean",0.18298841979595,400,157.325528941398
4,"prevalence",0.75,"ILR_euclidean_pc0.01",0.989487307331288,400,157.325528941398
4,"prevalence",0.75,"ILR_euclidean_pc0.1",0.976756363236624,400,157.325528941398
4,"prevalence",0.75,"ILR_euclidean_pc0.5",0.961669002324455,400,157.325528941398
4,"prevalence",0.75,"ILR_euclidean_pc1",0.945292016633164,400,157.325528941398
4,"prevalence",0.75,"aitchison",0.961669002324455,400,157.325528941398
4,"prevalence",0.75,"aitchison_pc0.01",0.990088079813899,400,157.325528941398
4,"prevalence",0.75,"aitchison_pc0.1",0.979575387145187,400,157.325528941398
4,"prevalence",0.75,"aitchison_pc1",0.944527317068443,400,157.325528941398
4,"prevalence",0.75,"bray",0.124501555377886,400,157.325528941398
4,"prevalence",0.75,"euclidean",0.0459143786002333,400,157.325528941398
4,"prevalence",0.75,"jaccard",1,400,157.325528941398
4,"prevalence",0.8,"AHC_euclidean",0.269733988290345,400,157.325528941398
4,"prevalence",0.8,"ILR_euclidean_pc0.01",0.997269055905336,400,157.325528941398
4,"prevalence",0.8,"ILR_euclidean_pc0.1",0.996504356340615,400,157.325528941398
4,"prevalence",0.8,"ILR_euclidean_pc0.5",0.996504356340615,400,157.325528941398
4,"prevalence",0.8,"ILR_euclidean_pc1",0.987042810699884,400,157.325528941398
4,"prevalence",0.8,"aitchison",0.995739656775894,400,157.325528941398
4,"prevalence",0.8,"aitchison_pc0.01",0.997869828387947,400,157.325528941398
4,"prevalence",0.8,"aitchison_pc0.1",0.996504356340615,400,157.325528941398
4,"prevalence",0.8,"aitchison_pc1",0.989261062125836,400,157.325528941398
4,"prevalence",0.8,"bray",0.200521715142984,400,157.325528941398
4,"prevalence",0.8,"euclidean",0.0666317269899386,400,157.325528941398
4,"prevalence",0.8,"jaccard",1,400,157.325528941398
4,"prevalence",0.85,"AHC_euclidean",0.291198953430908,400,157.325528941398
4,"prevalence",0.85,"ILR_euclidean_pc0.01",0.996504356340615,400,157.325528941398
4,"prevalence",0.85,"ILR_euclidean_pc0.1",0.996504356340615,400,157.325528941398
4,"prevalence",0.85,"ILR_euclidean_pc0.5",0.996504356340615,400,157.325528941398
4,"prevalence",0.85,"ILR_euclidean_pc1",0.99300871268123,400,157.325528941398
4,"prevalence",0.85,"aitchison",0.996504356340615,400,157.325528941398
4,"prevalence",0.85,"aitchison_pc0.01",0.996504356340615,400,157.325528941398
4,"prevalence",0.85,"aitchison_pc0.1",0.996504356340615,400,157.325528941398
4,"prevalence",0.85,"aitchison_pc1",0.994374184728562,400,157.325528941398
4,"prevalence",0.85,"bray",0.216688719176329,400,157.325528941398
4,"prevalence",0.85,"euclidean",0.0873205792864491,400,157.325528941398
4,"prevalence",0.85,"jaccard",1,400,157.325528941398
4,"prevalence",0.9,"AHC_euclidean",0.292384234848625,400,157.325528941398
4,"prevalence",0.9,"ILR_euclidean_pc0.01",1,400,157.325528941398
4,"prevalence",0.9,"ILR_euclidean_pc0.1",0.998634527952668,400,157.325528941398
4,"prevalence",0.9,"ILR_euclidean_pc0.5",0.998634527952668,400,157.325528941398
4,"prevalence",0.9,"ILR_euclidean_pc1",0.994538111810672,400,157.325528941398
4,"prevalence",0.9,"aitchison",0.998634527952668,400,157.325528941398
4,"prevalence",0.9,"aitchison_pc0.01",1,400,157.325528941398
4,"prevalence",0.9,"aitchison_pc0.1",0.998634527952668,400,157.325528941398
4,"prevalence",0.9,"aitchison_pc1",0.994538111810672,400,157.325528941398
4,"prevalence",0.9,"bray",0.217635522842904,400,157.325528941398
4,"prevalence",0.9,"euclidean",0.0696721458357807,400,157.325528941398
4,"prevalence",0.9,"jaccard",1,400,157.325528941398
4,"prevalence",0.95,"AHC_euclidean",0.358123891624519,400,157.325528941398
4,"prevalence",0.95,"ILR_euclidean_pc0.01",1,400,157.325528941398
4,"prevalence",0.95,"ILR_euclidean_pc0.1",1,400,157.325528941398
4,"prevalence",0.95,"ILR_euclidean_pc0.5",1,400,157.325528941398
4,"prevalence",0.95,"ILR_euclidean_pc1",1,400,157.325528941398
4,"prevalence",0.95,"aitchison",1,400,157.325528941398
4,"prevalence",0.95,"aitchison_pc0.01",1,400,157.325528941398
4,"prevalence",0.95,"aitchison_pc0.1",1,400,157.325528941398
4,"prevalence",0.95,"aitchison_pc1",1,400,157.325528941398
4,"prevalence",0.95,"bray",0.236995459524868,400,157.325528941398
4,"prevalence",0.95,"euclidean",0.0835701943284168,400,157.325528941398
4,"prevalence",0.95,"jaccard",1,400,157.325528941398
4,"prevalence",1,"AHC_euclidean",0.410308321020323,400,157.325528941398
4,"prevalence",1,"ILR_euclidean_pc0.01",1,400,157.325528941398
4,"prevalence",1,"ILR_euclidean_pc0.1",1,400,157.325528941398
4,"prevalence",1,"ILR_euclidean_pc0.5",1,400,157.325528941398
4,"prevalence",1,"ILR_euclidean_pc1",1,400,157.325528941398
4,"prevalence",1,"aitchison",1,400,157.325528941398
4,"prevalence",1,"aitchison_pc0.01",1,400,157.325528941398
4,"prevalence",1,"aitchison_pc0.1",1,400,157.325528941398
4,"prevalence",1,"aitchison_pc1",1,400,157.325528941398
4,"prevalence",1,"bray",0.270530394019678,400,157.325528941398
4,"prevalence",1,"euclidean",0.0643091322025811,400,157.325528941398
4,"prevalence",1,"jaccard",1,400,157.325528941398
6,"abundance",0.05,"AHC_euclidean",0.0314449885195042,600,167.483913630963
6,"abundance",0.05,"ILR_euclidean_pc0.01",0.0510254791710502,600,167.483913630963
6,"abundance",0.05,"ILR_euclidean_pc0.1",0.058896063127373,600,167.483913630963
6,"abundance",0.05,"ILR_euclidean_pc0.5",0.0499518944053734,600,167.483913630963
6,"abundance",0.05,"ILR_euclidean_pc1",0.0546202625289387,600,167.483913630963
6,"abundance",0.05,"aitchison",0.0556890993365156,600,167.483913630963
6,"abundance",0.05,"aitchison_pc0.01",0.0552641764358166,600,167.483913630963
6,"abundance",0.05,"aitchison_pc0.1",0.0534121642908638,600,167.483913630963
6,"abundance",0.05,"aitchison_pc1",0.0536208844305976,600,167.483913630963
6,"abundance",0.05,"bray",0.0425995676107076,600,167.483913630963
6,"abundance",0.05,"euclidean",0.0567571611938471,600,167.483913630963
6,"abundance",0.05,"jaccard",0.052111374503263,600,167.483913630963
6,"abundance",0.1,"AHC_euclidean",0.0269934987774001,600,167.483913630963
6,"abundance",0.1,"ILR_euclidean_pc0.01",0.0491663377330857,600,167.483913630963
6,"abundance",0.1,"ILR_euclidean_pc0.1",0.0524797542107464,600,167.483913630963
6,"abundance",0.1,"ILR_euclidean_pc0.5",0.056922986381374,600,167.483913630963
6,"abundance",0.1,"ILR_euclidean_pc1",0.0531139599754064,600,167.483913630963
6,"abundance",0.1,"aitchison",0.0515818686150906,600,167.483913630963
6,"abundance",0.1,"aitchison_pc0.01",0.0531963148581182,600,167.483913630963
6,"abundance",0.1,"aitchison_pc0.1",0.0544079327359209,600,167.483913630963
6,"abundance",0.1,"aitchison_pc1",0.0454149928251497,600,167.483913630963
6,"abundance",0.1,"bray",0.0379963965154689,600,167.483913630963
6,"abundance",0.1,"euclidean",0.0436188811619801,600,167.483913630963
6,"abundance",0.1,"jaccard",0.044026457485305,600,167.483913630963
6,"abundance",0.15,"AHC_euclidean",0.0620824487538667,600,167.483913630963
6,"abundance",0.15,"ILR_euclidean_pc0.01",0.0284138367949366,600,167.483913630963
6,"abundance",0.15,"ILR_euclidean_pc0.1",0.0347764271950351,600,167.483913630963
6,"abundance",0.15,"ILR_euclidean_pc0.5",0.0347882044062393,600,167.483913630963
6,"abundance",0.15,"ILR_euclidean_pc1",0.0358116803086719,600,167.483913630963
6,"abundance",0.15,"aitchison",0.0339316073781241,600,167.483913630963
6,"abundance",0.15,"aitchison_pc0.01",0.029403729003429,600,167.483913630963
6,"abundance",0.15,"aitchison_pc0.1",0.0275201364331535,600,167.483913630963
6,"abundance",0.15,"aitchison_pc1",0.0407704578605379,600,167.483913630963
6,"abundance",0.15,"bray",0.054174761463876,600,167.483913630963
6,"abundance",0.15,"euclidean",0.067566900288252,600,167.483913630963
6,"abundance",0.15,"jaccard",0.0409267313578473,600,167.483913630963
6,"abundance",0.2,"AHC_euclidean",0.064953254643521,600,167.483913630963
6,"abundance",0.2,"ILR_euclidean_pc0.01",0.0701432679677333,600,167.483913630963
6,"abundance",0.2,"ILR_euclidean_pc0.1",0.064156276581686,600,167.483913630963
6,"abundance",0.2,"ILR_euclidean_pc0.5",0.0615951864105925,600,167.483913630963
6,"abundance",0.2,"ILR_euclidean_pc1",0.0612960660426884,600,167.483913630963
6,"abundance",0.2,"aitchison",0.066440694248569,600,167.483913630963
6,"abundance",0.2,"aitchison_pc0.01",0.0609938987457276,600,167.483913630963
6,"abundance",0.2,"aitchison_pc0.1",0.0616322897442603,600,167.483913630963
6,"abundance",0.2,"aitchison_pc1",0.0637939518074051,600,167.483913630963
6,"abundance",0.2,"bray",0.0763768242480473,600,167.483913630963
6,"abundance",0.2,"euclidean",0.0549903579771889,600,167.483913630963
6,"abundance",0.2,"jaccard",0.0580524716288341,600,167.483913630963
6,"abundance",0.25,"AHC_euclidean",0.11865415617765,600,167.483913630963
6,"abundance",0.25,"ILR_euclidean_pc0.01",0.0386387940512366,600,167.483913630963
6,"abundance",0.25,"ILR_euclidean_pc0.1",0.0412136211464203,600,167.483913630963
6,"abundance",0.25,"ILR_euclidean_pc0.5",0.0401037180236722,600,167.483913630963
6,"abundance",0.25,"ILR_euclidean_pc1",0.0422406166885806,600,167.483913630963
6,"abundance",0.25,"aitchison",0.0428474272617906,600,167.483913630963
6,"abundance",0.25,"aitchison_pc0.01",0.0391008202856034,600,167.483913630963
6,"abundance",0.25,"aitchison_pc0.1",0.0422501025784292,600,167.483913630963
6,"abundance",0.25,"aitchison_pc1",0.046020807358708,600,167.483913630963
6,"abundance",0.25,"bray",0.11176101159812,600,167.483913630963
6,"abundance",0.25,"euclidean",0.0997703236296085,600,167.483913630963
6,"abundance",0.25,"jaccard",0.0454483554296833,600,167.483913630963
6,"abundance",0.3,"AHC_euclidean",0.100166344994098,600,167.483913630963
6,"abundance",0.3,"ILR_euclidean_pc0.01",0.0528925659145658,600,167.483913630963
6,"abundance",0.3,"ILR_euclidean_pc0.1",0.0647074747258508,600,167.483913630963
6,"abundance",0.3,"ILR_euclidean_pc0.5",0.0713363767501586,600,167.483913630963
6,"abundance",0.3,"ILR_euclidean_pc1",0.0634286894601679,600,167.483913630963
6,"abundance",0.3,"aitchison",0.0662059823922265,600,167.483913630963
6,"abundance",0.3,"aitchison_pc0.01",0.0572953973641671,600,167.483913630963
6,"abundance",0.3,"aitchison_pc0.1",0.0612917907952595,600,167.483913630963
6,"abundance",0.3,"aitchison_pc1",0.0698378690837829,600,167.483913630963
6,"abundance",0.3,"bray",0.117042964404325,600,167.483913630963
6,"abundance",0.3,"euclidean",0.122159611811816,600,167.483913630963
6,"abundance",0.3,"jaccard",0.0601165013008794,600,167.483913630963
6,"abundance",0.35,"AHC_euclidean",0.1348070292354,600,167.483913630963
6,"abundance",0.35,"ILR_euclidean_pc0.01",0.0451855634452018,600,167.483913630963
6,"abundance",0.35,"ILR_euclidean_pc0.1",0.0391614687254866,600,167.483913630963
6,"abundance",0.35,"ILR_euclidean_pc0.5",0.044833509537366,600,167.483913630963
6,"abundance",0.35,"ILR_euclidean_pc1",0.0516277740648808,600,167.483913630963
6,"abundance",0.35,"aitchison",0.0406599763918623,600,167.483913630963
6,"abundance",0.35,"aitchison_pc0.01",0.0372778761552111,600,167.483913630963
6,"abundance",0.35,"aitchison_pc0.1",0.0402267858933357,600,167.483913630963
6,"abundance",0.35,"aitchison_pc1",0.0520898002992475,600,167.483913630963
6,"abundance",0.35,"bray",0.159033283694818,600,167.483913630963
6,"abundance",0.35,"euclidean",0.106254421972529,600,167.483913630963
6,"abundance",0.35,"jaccard",0.050051649447542,600,167.483913630963
6,"abundance",0.4,"AHC_euclidean",0.193793837055775,600,167.483913630963
6,"abundance",0.4,"ILR_euclidean_pc0.01",0.0527911198697052,600,167.483913630963
6,"abundance",0.4,"ILR_euclidean_pc0.1",0.0500509302713144,600,167.483913630963
6,"abundance",0.4,"ILR_euclidean_pc0.5",0.0561416396810337,600,167.483913630963
6,"abundance",0.4,"ILR_euclidean_pc1",0.0603803369458001,600,167.483913630963
6,"abundance",0.4,"aitchison",0.0555348291078236,600,167.483913630963
6,"abundance",0.4,"aitchison_pc0.01",0.0507229049637872,600,167.483913630963
6,"abundance",0.4,"aitchison_pc0.1",0.0527911198697052,600,167.483913630963
6,"abundance",0.4,"aitchison_pc1",0.0622639295160756,600,167.483913630963
6,"abundance",0.4,"bray",0.212468061617568,600,167.483913630963
6,"abundance",0.4,"euclidean",0.162068677065351,600,167.483913630963
6,"abundance",0.4,"jaccard",0.0479044557030012,600,167.483913630963
6,"abundance",0.45,"AHC_euclidean",0.25013418649475,600,167.483913630963
6,"abundance",0.45,"ILR_euclidean_pc0.01",0.0520153713795426,600,167.483913630963
6,"abundance",0.45,"ILR_euclidean_pc0.1",0.0682809949826865,600,167.483913630963
6,"abundance",0.45,"ILR_euclidean_pc0.5",0.0765615365972458,600,167.483913630963
6,"abundance",0.45,"ILR_euclidean_pc1",0.0722205718795488,600,167.483913630963
6,"abundance",0.45,"aitchison",0.0793463121505356,600,167.483913630963
6,"abundance",0.45,"aitchison_pc0.01",0.0522240915192765,600,167.483913630963
6,"abundance",0.45,"aitchison_pc0.1",0.0650424507665064,600,167.483913630963
6,"abundance",0.45,"aitchison_pc1",0.0884210313634299,600,167.483913630963
6,"abundance",0.45,"bray",0.280378161988572,600,167.483913630963
6,"abundance",0.45,"euclidean",0.180098510849111,600,167.483913630963
6,"abundance",0.45,"jaccard",0.0306940692279469,600,167.483913630963
6,"abundance",0.5,"AHC_euclidean",0.317695683257108,600,167.483913630963
6,"abundance",0.5,"ILR_euclidean_pc0.01",0.0586120173580317,600,167.483913630963
6,"abundance",0.5,"ILR_euclidean_pc0.1",0.0619941175946828,600,167.483913630963
6,"abundance",0.5,"ILR_euclidean_pc0.5",0.0730641827206319,600,167.483913630963
6,"abundance",0.5,"ILR_euclidean_pc1",0.074299898402526,600,167.483913630963
6,"abundance",0.5,"aitchison",0.067720320264866,600,167.483913630963
6,"abundance",0.5,"aitchison_pc0.01",0.0605291936222473,600,167.483913630963
6,"abundance",0.5,"aitchison_pc0.1",0.0684032972182978,600,167.483913630963
6,"abundance",0.5,"aitchison_pc1",0.0882281607725041,600,167.483913630963
6,"abundance",0.5,"bray",0.353263605096309,600,167.483913630963
6,"abundance",0.5,"euclidean",0.219237010048971,600,167.483913630963
6,"abundance",0.5,"jaccard",0.0339300910070138,600,167.483913630963
6,"abundance",0.55,"AHC_euclidean",0.347170561447578,600,167.483913630963
6,"abundance",0.55,"ILR_euclidean_pc0.01",0.0479645938377771,600,167.483913630963
6,"abundance",0.55,"ILR_euclidean_pc0.1",0.046678325950863,600,167.483913630963
6,"abundance",0.55,"ILR_euclidean_pc0.5",0.0566152309005866,600,167.483913630963
6,"abundance",0.55,"ILR_euclidean_pc1",0.0589292692799063,600,167.483913630963
6,"abundance",0.55,"aitchison",0.0619227649729299,600,167.483913630963
6,"abundance",0.55,"aitchison_pc0.01",0.0507817247666348,600,167.483913630963
6,"abundance",0.55,"aitchison_pc0.1",0.0476036067379688,600,167.483913630963
6,"abundance",0.55,"aitchison_pc1",0.0627828816407729,600,167.483913630963
6,"abundance",0.55,"bray",0.402561277771998,600,167.483913630963
6,"abundance",0.55,"euclidean",0.217292769038812,600,167.483913630963
6,"abundance",0.55,"jaccard",0.0427271840688145,600,167.483913630963
6,"abundance",0.6,"AHC_euclidean",0.493487996610056,600,167.483913630963
6,"abundance",0.6,"ILR_euclidean_pc0.01",0.0562178060612554,600,167.483913630963
6,"abundance",0.6,"ILR_euclidean_pc0.1",0.0739057709505533,600,167.483913630963
6,"abundance",0.6,"ILR_euclidean_pc0.5",0.088250920902123,600,167.483913630963
6,"abundance",0.6,"ILR_euclidean_pc1",0.112744152579895,600,167.483913630963
6,"abundance",0.6,"aitchison",0.0945536478389347,600,167.483913630963
6,"abundance",0.6,"aitchison_pc0.01",0.0550061881834527,600,167.483913630963
6,"abundance",0.6,"aitchison_pc0.1",0.0710297302052918,600,167.483913630963
6,"abundance",0.6,"aitchison_pc1",0.0907371388117359,600,167.483913630963
6,"abundance",0.6,"bray",0.564341324456745,600,167.483913630963
6,"abundance",0.6,"euclidean",0.316107005243274,600,167.483913630963
6,"abundance",0.6,"jaccard",0.0435860724182854,600,167.483913630963
6,"abundance",0.65,"AHC_euclidean",0.527786280474685,600,167.483913630963
6,"abundance",0.65,"ILR_euclidean_pc0.01",0.0570625794203417,600,167.483913630963
6,"abundance",0.65,"ILR_euclidean_pc0.1",0.0787044208548194,600,167.483913630963
6,"abundance",0.65,"ILR_euclidean_pc0.5",0.101362387809311,600,167.483913630963
6,"abundance",0.65,"ILR_euclidean_pc1",0.131453562987727,600,167.483913630963
6,"abundance",0.65,"aitchison",0.110126672127417,600,167.483913630963
6,"abundance",0.65,"aitchison_pc0.01",0.0585165011318184,600,167.483913630963
6,"abundance",0.65,"aitchison_pc0.1",0.0685610870867174,600,167.483913630963
6,"abundance",0.65,"aitchison_pc1",0.119843301978572,600,167.483913630963
6,"abundance",0.65,"bray",0.624377876255499,600,167.483913630963
6,"abundance",0.65,"euclidean",0.38090109591243,600,167.483913630963
6,"abundance",0.65,"jaccard",0.037118479902125,600,167.483913630963
6,"abundance",0.7,"AHC_euclidean",0.599511393369208,600,167.483913630963
6,"abundance",0.7,"ILR_euclidean_pc0.01",0.0807826226395002,600,167.483913630963
6,"abundance",0.7,"ILR_euclidean_pc0.1",0.102311969310334,600,167.483913630963
6,"abundance",0.7,"ILR_euclidean_pc0.5",0.130029355542412,600,167.483913630963
6,"abundance",0.7,"ILR_euclidean_pc1",0.14718689849109,600,167.483913630963
6,"abundance",0.7,"aitchison",0.125416665648261,600,167.483913630963
6,"abundance",0.7,"aitchison_pc0.01",0.0641765901009117,600,167.483913630963
6,"abundance",0.7,"aitchison_pc0.1",0.100858047598857,600,167.483913630963
6,"abundance",0.7,"aitchison_pc1",0.137210996295182,600,167.483913630963
6,"abundance",0.7,"bray",0.682793347641035,600,167.483913630963
6,"abundance",0.7,"euclidean",0.410590761057548,600,167.483913630963
6,"abundance",0.7,"jaccard",0.0576057229028551,600,167.483913630963
6,"abundance",0.75,"AHC_euclidean",0.71469287862847,600,167.483913630963
6,"abundance",0.75,"ILR_euclidean_pc0.01",0.0547729268978517,600,167.483913630963
6,"abundance",0.75,"ILR_euclidean_pc0.1",0.06972818480999,600,167.483913630963
6,"abundance",0.75,"ILR_euclidean_pc0.5",0.10875800580206,600,167.483913630963
6,"abundance",0.75,"ILR_euclidean_pc1",0.159538124184028,600,167.483913630963
6,"abundance",0.75,"aitchison",0.120973074115808,600,167.483913630963
6,"abundance",0.75,"aitchison_pc0.01",0.0592985139511911,600,167.483913630963
6,"abundance",0.75,"aitchison_pc0.1",0.0741756022144903,600,167.483913630963
6,"abundance",0.75,"aitchison_pc1",0.149943787252292,600,167.483913630963
6,"abundance",0.75,"bray",0.784861160452741,600,167.483913630963
6,"abundance",0.75,"euclidean",0.49454077280577,600,167.483913630963
6,"abundance",0.75,"jaccard",0.0344943846943112,600,167.483913630963
6,"abundance",0.8,"AHC_euclidean",0.771846558635553,600,167.483913630963
6,"abundance",0.8,"ILR_euclidean_pc0.01",0.0726447391725466,600,167.483913630963
6,"abundance",0.8,"ILR_euclidean_pc0.1",0.0963321482795921,600,167.483913630963
6,"abundance",0.8,"ILR_euclidean_pc0.5",0.130477398387132,600,167.483913630963
6,"abundance",0.8,"ILR_euclidean_pc1",0.155149286150425,600,167.483913630963
6,"abundance",0.8,"aitchison",0.131115789385665,600,167.483913630963
6,"abundance",0.8,"aitchison_pc0.01",0.0747465377724047,600,167.483913630963
6,"abundance",0.8,"aitchison_pc0.1",0.0920934510148257,600,167.483913630963
6,"abundance",0.8,"aitchison_pc1",0.154895980055792,600,167.483913630963
6,"abundance",0.8,"bray",0.82622143687238,600,167.483913630963
6,"abundance",0.8,"euclidean",0.538728516916509,600,167.483913630963
6,"abundance",0.8,"jaccard",0.0434903339397029,600,167.483913630963
6,"abundance",0.85,"AHC_euclidean",0.846017842046882,600,167.483913630963
6,"abundance",0.85,"ILR_euclidean_pc0.01",0.0916086210951085,600,167.483913630963
6,"abundance",0.85,"ILR_euclidean_pc0.1",0.110474620168269,600,167.483913630963
6,"abundance",0.85,"ILR_euclidean_pc0.5",0.167829568729797,600,167.483913630963
6,"abundance",0.85,"ILR_euclidean_pc1",0.198756630533152,600,167.483913630963
6,"abundance",0.85,"aitchison",0.167654432284004,600,167.483913630963
6,"abundance",0.85,"aitchison_pc0.01",0.0864446430432363,600,167.483913630963
6,"abundance",0.85,"aitchison_pc0.1",0.120193696629817,600,167.483913630963
6,"abundance",0.85,"aitchison_pc1",0.191225227193901,600,167.483913630963
6,"abundance",0.85,"bray",0.888184804766003,600,167.483913630963
6,"abundance",0.85,"euclidean",0.571667784312784,600,167.483913630963
6,"abundance",0.85,"jaccard",0.0379873733099402,600,167.483913630963
6,"abundance",0.9,"AHC_euclidean",0.896288060878577,600,167.483913630963
6,"abundance",0.9,"ILR_euclidean_pc0.01",0.0889975749726026,600,167.483913630963
6,"abundance",0.9,"ILR_euclidean_pc0.1",0.13183642237064,600,167.483913630963
6,"abundance",0.9,"ILR_euclidean_pc0.5",0.199076773570158,600,167.483913630963
6,"abundance",0.9,"ILR_euclidean_pc1",0.260460858506105,600,167.483913630963
6,"abundance",0.9,"aitchison",0.199614900384377,600,167.483913630963
6,"abundance",0.9,"aitchison_pc0.01",0.0917377645709933,600,167.483913630963
6,"abundance",0.9,"aitchison_pc0.1",0.124580131608759,600,167.483913630963
6,"abundance",0.9,"aitchison_pc1",0.269048225362168,600,167.483913630963
6,"abundance",0.9,"bray",0.912009038719505,600,167.483913630963
6,"abundance",0.9,"euclidean",0.663809544922713,600,167.483913630963
6,"abundance",0.9,"jaccard",0.0540486613768794,600,167.483913630963
6,"abundance",0.95,"AHC_euclidean",0.907888188655631,600,167.483913630963
6,"abundance",0.95,"ILR_euclidean_pc0.01",0.0855654887953271,600,167.483913630963
6,"abundance",0.95,"ILR_euclidean_pc0.1",0.111234009967479,600,167.483913630963
6,"abundance",0.95,"ILR_euclidean_pc0.5",0.180037201518214,600,167.483913630963
6,"abundance",0.95,"ILR_euclidean_pc1",0.229419861394716,600,167.483913630963
6,"abundance",0.95,"aitchison",0.17583483263687,600,167.483913630963
6,"abundance",0.95,"aitchison_pc0.01",0.0774814367411706,600,167.483913630963
6,"abundance",0.95,"aitchison_pc0.1",0.105033550483598,600,167.483913630963
6,"abundance",0.95,"aitchison_pc1",0.228338794007808,600,167.483913630963
6,"abundance",0.95,"bray",0.931707551728412,600,167.483913630963
6,"abundance",0.95,"euclidean",0.708475615763628,600,167.483913630963
6,"abundance",0.95,"jaccard",0.034091178262792,600,167.483913630963
6,"abundance",1,"AHC_euclidean",0.954318863659019,600,167.483913630963
6,"abundance",1,"ILR_euclidean_pc0.01",0.125829135717259,600,167.483913630963
6,"abundance",1,"ILR_euclidean_pc0.1",0.186899110829652,600,167.483913630963
6,"abundance",1,"ILR_euclidean_pc0.5",0.262948276528157,600,167.483913630963
6,"abundance",1,"ILR_euclidean_pc1",0.359851823049983,600,167.483913630963
6,"abundance",1,"aitchison",0.266193849997441,600,167.483913630963
6,"abundance",1,"aitchison_pc0.01",0.126190122817068,600,167.483913630963
6,"abundance",1,"aitchison_pc0.1",0.175907215352542,600,167.483913630963
6,"abundance",1,"aitchison_pc1",0.345604414845613,600,167.483913630963
6,"abundance",1,"bray",0.967775991971076,600,167.483913630963
6,"abundance",1,"euclidean",0.782648449260718,600,167.483913630963
6,"abundance",1,"jaccard",0.0827252143295775,600,167.483913630963
6,"both",0.05,"AHC_euclidean",0.0442210531331907,600,167.483913630963
6,"both",0.05,"ILR_euclidean_pc0.01",0.0366838488592082,600,167.483913630963
6,"both",0.05,"ILR_euclidean_pc0.1",0.0368925689989421,600,167.483913630963
6,"both",0.05,"ILR_euclidean_pc0.5",0.0346549192522133,600,167.483913630963
6,"both",0.05,"ILR_euclidean_pc1",0.0332009975407366,600,167.483913630963
6,"both",0.05,"aitchison",0.0359782904727952,600,167.483913630963
6,"both",0.05,"aitchison_pc0.01",0.0413893203164413,600,167.483913630963
6,"both",0.05,"aitchison_pc0.1",0.0445915361491988,600,167.483913630963
6,"both",0.05,"aitchison_pc1",0.0381151891377037,600,167.483913630963
6,"both",0.05,"bray",0.0549931361960517,600,167.483913630963
6,"both",0.05,"euclidean",0.0514223412861542,600,167.483913630963
6,"both",0.05,"jaccard",0.0420895780468783,600,167.483913630963
6,"both",0.1,"AHC_euclidean",0.0546596571839622,600,167.483913630963
6,"both",0.1,"ILR_euclidean_pc0.01",0.0462218125984903,600,167.483913630963
6,"both",0.1,"ILR_euclidean_pc0.1",0.039054783759963,600,167.483913630963
6,"both",0.1,"ILR_euclidean_pc0.5",0.0387363135460673,600,167.483913630963
6,"both",0.1,"ILR_euclidean_pc1",0.0387363135460673,600,167.483913630963
6,"both",0.1,"aitchison",0.034460512947633,600,167.483913630963
6,"both",0.1,"aitchison_pc0.01",0.0320072131378153,600,167.483913630963
6,"both",0.1,"aitchison_pc0.1",0.0346822386169433,600,167.483913630963
6,"both",0.1,"aitchison_pc1",0.0378761968782243,600,167.483913630963
6,"both",0.1,"bray",0.0526360282329433,600,167.483913630963
6,"both",0.1,"euclidean",0.0478000062848154,600,167.483913630963
6,"both",0.1,"jaccard",0.042539373701914,600,167.483913630963
6,"both",0.15,"AHC_euclidean",0.0789414240325174,600,167.483913630963
6,"both",0.15,"ILR_euclidean_pc0.01",0.0719983028285555,600,167.483913630963
6,"both",0.15,"ILR_euclidean_pc0.1",0.0769440748508452,600,167.483913630963
6,"both",0.15,"ILR_euclidean_pc0.5",0.0756384571179395,600,167.483913630963
6,"both",0.15,"ILR_euclidean_pc1",0.0677678731616167,600,167.483913630963
6,"both",0.15,"aitchison",0.0712103895594308,600,167.483913630963
6,"both",0.15,"aitchison_pc0.01",0.0777019240657575,600,167.483913630963
6,"both",0.15,"aitchison_pc0.1",0.0754490868241972,600,167.483913630963
6,"both",0.15,"aitchison_pc1",0.0817931023285494,600,167.483913630963
6,"both",0.15,"bray",0.0714325685968679,600,167.483913630963
6,"both",0.15,"euclidean",0.0507203925530252,600,167.483913630963
6,"both",0.15,"jaccard",0.0658401379782179,600,167.483913630963
6,"both",0.2,"AHC_euclidean",0.0769272809713472,600,167.483913630963
6,"both",0.2,"ILR_euclidean_pc0.01",0.100640062658681,600,167.483913630963
6,"both",0.2,"ILR_euclidean_pc0.1",0.113760608545416,600,167.483913630963
6,"both",0.2,"ILR_euclidean_pc0.5",0.115644201115691,600,167.483913630963
6,"both",0.2,"ILR_euclidean_pc1",0.110376727292516,600,167.483913630963
6,"both",0.2,"aitchison",0.116491312253958,600,167.483913630963
6,"both",0.2,"aitchison_pc0.01",0.104564362047156,600,167.483913630963
6,"both",0.2,"aitchison_pc0.1",0.107133222892218,600,167.483913630963
6,"both",0.2,"aitchison_pc1",0.117924655801071,600,167.483913630963
6,"both",0.2,"bray",0.0962059723658755,600,167.483913630963
6,"both",0.2,"euclidean",0.0502833701488455,600,167.483913630963
6,"both",0.2,"jaccard",0.084115341342365,600,167.483913630963
6,"both",0.25,"AHC_euclidean",0.13224733367576,600,167.483913630963
6,"both",0.25,"ILR_euclidean_pc0.01",0.122644516920178,600,167.483913630963
6,"both",0.25,"ILR_euclidean_pc0.1",0.114705249204864,600,167.483913630963
6,"both",0.25,"ILR_euclidean_pc0.5",0.12300031272011,600,167.483913630963
6,"both",0.25,"ILR_euclidean_pc1",0.121357795665137,600,167.483913630963
6,"both",0.25,"aitchison",0.120035652762927,600,167.483913630963
6,"both",0.25,"aitchison_pc0.01",0.109265936323254,600,167.483913630963
6,"both",0.25,"aitchison_pc0.1",0.120962161868405,600,167.483913630963
6,"both",0.25,"aitchison_pc1",0.116688652591326,600,167.483913630963
6,"both",0.25,"bray",0.128684286032232,600,167.483913630963
6,"both",0.25,"euclidean",0.0675390181992948,600,167.483913630963
6,"both",0.25,"jaccard",0.1049171767184,600,167.483913630963
6,"both",0.3,"AHC_euclidean",0.171775155432512,600,167.483913630963
6,"both",0.3,"ILR_euclidean_pc0.01",0.162235778716925,600,167.483913630963
6,"both",0.3,"ILR_euclidean_pc0.1",0.165807249247318,600,167.483913630963
6,"both",0.3,"ILR_euclidean_pc0.5",0.179329938562589,600,167.483913630963
6,"both",0.3,"ILR_euclidean_pc1",0.178654444230389,600,167.483913630963
6,"both",0.3,"aitchison",0.195891385146279,600,167.483913630963
6,"both",0.3,"aitchison_pc0.01",0.175702014852536,600,167.483913630963
6,"both",0.3,"aitchison_pc0.1",0.170042426872357,600,167.483913630963
6,"both",0.3,"aitchison_pc1",0.189063536924824,600,167.483913630963
6,"both",0.3,"bray",0.138919848665539,600,167.483913630963
6,"both",0.3,"euclidean",0.11448610238476,600,167.483913630963
6,"both",0.3,"jaccard",0.138512494594584,600,167.483913630963
6,"both",0.35,"AHC_euclidean",0.276586435702154,600,167.483913630963
6,"both",0.35,"ILR_euclidean_pc0.01",0.251543731647335,600,167.483913630963
6,"both",0.35,"ILR_euclidean_pc0.1",0.276581344442185,600,167.483913630963
6,"both",0.35,"ILR_euclidean_pc0.5",0.281540344246421,600,167.483913630963
6,"both",0.35,"ILR_euclidean_pc1",0.301753027367658,600,167.483913630963
6,"both",0.35,"aitchison",0.29139678822595,600,167.483913630963
6,"both",0.35,"aitchison_pc0.01",0.257645443318014,600,167.483913630963
6,"both",0.35,"aitchison_pc0.1",0.275737752943647,600,167.483913630963
6,"both",0.35,"aitchison_pc1",0.299907766449423,600,167.483913630963
6,"both",0.35,"bray",0.266759324382323,600,167.483913630963
6,"both",0.35,"euclidean",0.135367426379638,600,167.483913630963
6,"both",0.35,"jaccard",0.185352514081184,600,167.483913630963
6,"both",0.4,"AHC_euclidean",0.423501018014319,600,167.483913630963
6,"both",0.4,"ILR_euclidean_pc0.01",0.36130778144627,600,167.483913630963
6,"both",0.4,"ILR_euclidean_pc0.1",0.391607124066543,600,167.483913630963
6,"both",0.4,"ILR_euclidean_pc0.5",0.451246424494585,600,167.483913630963
6,"both",0.4,"ILR_euclidean_pc1",0.471998750801152,600,167.483913630963
6,"both",0.4,"aitchison",0.443837091822384,600,167.483913630963
6,"both",0.4,"aitchison_pc0.01",0.360943496959103,600,167.483913630963
6,"both",0.4,"aitchison_pc0.1",0.392314198824066,600,167.483913630963
6,"both",0.4,"aitchison_pc1",0.470141259303586,600,167.483913630963
6,"both",0.4,"bray",0.36563555005604,600,167.483913630963
6,"both",0.4,"euclidean",0.148131482028288,600,167.483913630963
6,"both",0.4,"jaccard",0.260430110660407,600,167.483913630963
6,"both",0.45,"AHC_euclidean",0.536710833995397,600,167.483913630963
6,"both",0.45,"ILR_euclidean_pc0.01",0.567200238458919,600,167.483913630963
6,"both",0.45,"ILR_euclidean_pc0.1",0.613739878559872,600,167.483913630963
6,"both",0.45,"ILR_euclidean_pc0.5",0.653689613882703,600,167.483913630963
6,"both",0.45,"ILR_euclidean_pc1",0.668598835269201,600,167.483913630963
6,"both",0.45,"aitchison",0.647348895765709,600,167.483913630963
6,"both",0.45,"aitchison_pc0.01",0.568490025985561,600,167.483913630963
6,"both",0.45,"aitchison_pc0.1",0.610772284569901,600,167.483913630963
6,"both",0.45,"aitchison_pc1",0.664447240845246,600,167.483913630963
6,"both",0.45,"bray",0.485184199104983,600,167.483913630963
6,"both",0.45,"euclidean",0.208917986427041,600,167.483913630963
6,"both",0.45,"jaccard",0.40964820586666,600,167.483913630963
6,"both",0.5,"AHC_euclidean",0.600518024135986,600,167.483913630963
6,"both",0.5,"ILR_euclidean_pc0.01",0.643089657931016,600,167.483913630963
6,"both",0.5,"ILR_euclidean_pc0.1",0.679502357194358,600,167.483913630963
6,"both",0.5,"ILR_euclidean_pc0.5",0.721554831907568,600,167.483913630963
6,"both",0.5,"ILR_euclidean_pc1",0.731873302121464,600,167.483913630963
6,"both",0.5,"aitchison",0.714572425404683,600,167.483913630963
6,"both",0.5,"aitchison_pc0.01",0.645852717015126,600,167.483913630963
6,"both",0.5,"aitchison_pc0.1",0.683696468504225,600,167.483913630963
6,"both",0.5,"aitchison_pc1",0.71938434954872,600,167.483913630963
6,"both",0.5,"bray",0.548976111737183,600,167.483913630963
6,"both",0.5,"euclidean",0.258789539244671,600,167.483913630963
6,"both",0.5,"jaccard",0.512149114347246,600,167.483913630963
6,"both",0.55,"AHC_euclidean",0.732085124384832,600,167.483913630963
6,"both",0.55,"ILR_euclidean_pc0.01",0.747900312694386,600,167.483913630963
6,"both",0.55,"ILR_euclidean_pc0.1",0.792050754101801,600,167.483913630963
6,"both",0.55,"ILR_euclidean_pc0.5",0.848445321811173,600,167.483913630963
6,"both",0.55,"ILR_euclidean_pc1",0.855418242424209,600,167.483913630963
6,"both",0.55,"aitchison",0.852102534625192,600,167.483913630963
6,"both",0.55,"aitchison_pc0.01",0.753813882389694,600,167.483913630963
6,"both",0.55,"aitchison_pc0.1",0.795323656962166,600,167.483913630963
6,"both",0.55,"aitchison_pc1",0.86219192878736,600,167.483913630963
6,"both",0.55,"bray",0.67495650718555,600,167.483913630963
6,"both",0.55,"euclidean",0.312459798650562,600,167.483913630963
6,"both",0.55,"jaccard",0.616540146865893,600,167.483913630963
6,"both",0.6,"AHC_euclidean",0.854299485517253,600,167.483913630963
6,"both",0.6,"ILR_euclidean_pc0.01",0.889929917921876,600,167.483913630963
6,"both",0.6,"ILR_euclidean_pc0.1",0.917777269037909,600,167.483913630963
6,"both",0.6,"ILR_euclidean_pc0.5",0.933602507574033,600,167.483913630963
6,"both",0.6,"ILR_euclidean_pc1",0.943218650988505,600,167.483913630963
6,"both",0.6,"aitchison",0.931830115648661,600,167.483913630963
6,"both",0.6,"aitchison_pc0.01",0.891032338423393,600,167.483913630963
6,"both",0.6,"aitchison_pc0.1",0.9122933702014,600,167.483913630963
6,"both",0.6,"aitchison_pc1",0.948296976770307,600,167.483913630963
6,"both",0.6,"bray",0.783112328798113,600,167.483913630963
6,"both",0.6,"euclidean",0.430231398449905,600,167.483913630963
6,"both",0.6,"jaccard",0.753926048038306,600,167.483913630963
6,"both",0.65,"AHC_euclidean",0.895227118795263,600,167.483913630963
6,"both",0.65,"ILR_euclidean_pc0.01",0.95264788074598,600,167.483913630963
6,"both",0.65,"ILR_euclidean_pc0.1",0.963659126069081,600,167.483913630963
6,"both",0.65,"ILR_euclidean_pc0.5",0.978909068656949,600,167.483913630963
6,"both",0.65,"ILR_euclidean_pc1",0.98057171050816,600,167.483913630963
6,"both",0.65,"aitchison",0.970825016602793,600,167.483913630963
6,"both",0.65,"aitchison_pc0.01",0.954101802457456,600,167.483913630963
6,"both",0.65,"aitchison_pc0.1",0.966365731973532,600,167.483913630963
6,"both",0.65,"aitchison_pc1",0.980173620074683,600,167.483913630963
6,"both",0.65,"bray",0.86574185163182,600,167.483913630963
6,"both",0.65,"euclidean",0.440124380208864,600,167.483913630963
6,"both",0.65,"jaccard",0.870477663557157,600,167.483913630963
6,"both",0.7,"AHC_euclidean",0.954909433557964,600,167.483913630963
6,"both",0.7,"ILR_euclidean_pc0.01",0.984616209533879,600,167.483913630963
6,"both",0.7,"ILR_euclidean_pc0.1",0.9930112491807,600,167.483913630963
6,"both",0.7,"ILR_euclidean_pc0.5",0.993649640179233,600,167.483913630963
6,"both",0.7,"ILR_euclidean_pc1",0.997679617304265,600,167.483913630963
6,"both",0.7,"aitchison",0.997888337443999,600,167.483913630963
6,"both",0.7,"aitchison_pc0.01",0.983769098395612,600,167.483913630963
6,"both",0.7,"aitchison_pc0.1",0.990632046682118,600,167.483913630963
6,"both",0.7,"aitchison_pc1",0.997888337443999,600,167.483913630963
6,"both",0.7,"bray",0.931411067767011,600,167.483913630963
6,"both",0.7,"euclidean",0.545100592496298,600,167.483913630963
6,"both",0.7,"jaccard",0.952789070143263,600,167.483913630963
6,"both",0.75,"AHC_euclidean",0.989055057100977,600,167.483913630963
6,"both",0.75,"ILR_euclidean_pc0.01",0.992993495693024,600,167.483913630963
6,"both",0.75,"ILR_euclidean_pc0.1",0.995737204931142,600,167.483913630963
6,"both",0.75,"ILR_euclidean_pc0.5",0.997829517641151,600,167.483913630963
6,"both",0.75,"ILR_euclidean_pc1",1,600,167.483913630963
6,"both",0.75,"aitchison",0.997191126642619,600,167.483913630963
6,"both",0.75,"aitchison_pc0.01",0.993246801787657,600,167.483913630963
6,"both",0.75,"aitchison_pc0.1",0.995737204931142,600,167.483913630963
6,"both",0.75,"aitchison_pc1",1,600,167.483913630963
6,"both",0.75,"bray",0.973521507400171,600,167.483913630963
6,"both",0.75,"euclidean",0.585689527201858,600,167.483913630963
6,"both",0.75,"jaccard",0.978513047292459,600,167.483913630963
6,"both",0.8,"AHC_euclidean",0.993285496794267,600,167.483913630963
6,"both",0.8,"ILR_euclidean_pc0.01",0.999361609001467,600,167.483913630963
6,"both",0.8,"ILR_euclidean_pc0.1",0.999361609001467,600,167.483913630963
6,"both",0.8,"ILR_euclidean_pc0.5",1,600,167.483913630963
6,"both",0.8,"ILR_euclidean_pc1",1,600,167.483913630963
6,"both",0.8,"aitchison",1,600,167.483913630963
6,"both",0.8,"aitchison_pc0.01",0.999361609001467,600,167.483913630963
6,"both",0.8,"aitchison_pc0.1",0.999361609001467,600,167.483913630963
6,"both",0.8,"aitchison_pc1",1,600,167.483913630963
6,"both",0.8,"bray",0.982757219224467,600,167.483913630963
6,"both",0.8,"euclidean",0.672172445412958,600,167.483913630963
6,"both",0.8,"jaccard",0.998944168722,600,167.483913630963
6,"both",0.85,"AHC_euclidean",0.997509596856514,600,167.483913630963
6,"both",0.85,"ILR_euclidean_pc0.01",1,600,167.483913630963
6,"both",0.85,"ILR_euclidean_pc0.1",1,600,167.483913630963
6,"both",0.85,"ILR_euclidean_pc0.5",1,600,167.483913630963
6,"both",0.85,"ILR_euclidean_pc1",1,600,167.483913630963
6,"both",0.85,"aitchison",1,600,167.483913630963
6,"both",0.85,"aitchison_pc0.01",1,600,167.483913630963
6,"both",0.85,"aitchison_pc0.1",1,600,167.483913630963
6,"both",0.85,"aitchison_pc1",1,600,167.483913630963
6,"both",0.85,"bray",0.989185607591872,600,167.483913630963
6,"both",0.85,"euclidean",0.700423036561973,600,167.483913630963
6,"both",0.85,"jaccard",0.999791279860266,600,167.483913630963
6,"both",0.9,"AHC_euclidean",0.999582559720532,600,167.483913630963
6,"both",0.9,"ILR_euclidean_pc0.01",0.997829517641151,600,167.483913630963
6,"both",0.9,"ILR_euclidean_pc0.1",1,600,167.483913630963
6,"both",0.9,"ILR_euclidean_pc0.5",1,600,167.483913630963
6,"both",0.9,"ILR_euclidean_pc1",1,600,167.483913630963
6,"both",0.9,"aitchison",1,600,167.483913630963
6,"both",0.9,"aitchison_pc0.01",1,600,167.483913630963
6,"both",0.9,"aitchison_pc0.1",1,600,167.483913630963
6,"both",0.9,"aitchison_pc1",1,600,167.483913630963
6,"both",0.9,"bray",0.997919917869322,600,167.483913630963
6,"both",0.9,"euclidean",0.766038255516174,600,167.483913630963
6,"both",0.9,"jaccard",1,600,167.483913630963
6,"both",0.95,"AHC_euclidean",1,600,167.483913630963
6,"both",0.95,"ILR_euclidean_pc0.01",1,600,167.483913630963
6,"both",0.95,"ILR_euclidean_pc0.1",1,600,167.483913630963
6,"both",0.95,"ILR_euclidean_pc0.5",1,600,167.483913630963
6,"both",0.95,"ILR_euclidean_pc1",1,600,167.483913630963
6,"both",0.95,"aitchison",1,600,167.483913630963
6,"both",0.95,"aitchison_pc0.01",1,600,167.483913630963
6,"both",0.95,"aitchison_pc0.1",1,600,167.483913630963
6,"both",0.95,"aitchison_pc1",1,600,167.483913630963
6,"both",0.95,"bray",1,600,167.483913630963
6,"both",0.95,"euclidean",0.843353436584403,600,167.483913630963
6,"both",0.95,"jaccard",1,600,167.483913630963
6,"both",1,"AHC_euclidean",1,600,167.483913630963
6,"both",1,"ILR_euclidean_pc0.01",1,600,167.483913630963
6,"both",1,"ILR_euclidean_pc0.1",1,600,167.483913630963
6,"both",1,"ILR_euclidean_pc0.5",1,600,167.483913630963
6,"both",1,"ILR_euclidean_pc1",1,600,167.483913630963
6,"both",1,"aitchison",1,600,167.483913630963
6,"both",1,"aitchison_pc0.01",1,600,167.483913630963
6,"both",1,"aitchison_pc0.1",1,600,167.483913630963
6,"both",1,"aitchison_pc1",1,600,167.483913630963
6,"both",1,"bray",1,600,167.483913630963
6,"both",1,"euclidean",0.859120861383682,600,167.483913630963
6,"both",1,"jaccard",1,600,167.483913630963
6,"prevalence",0.05,"AHC_euclidean",0.0462245572879727,600,167.483913630963
6,"prevalence",0.05,"ILR_euclidean_pc0.01",0.0666609693471378,600,167.483913630963
6,"prevalence",0.05,"ILR_euclidean_pc0.1",0.0670013782825824,600,167.483913630963
6,"prevalence",0.05,"ILR_euclidean_pc0.5",0.0631888322368871,600,167.483913630963
6,"prevalence",0.05,"ILR_euclidean_pc1",0.0758549245240425,600,167.483913630963
6,"prevalence",0.05,"aitchison",0.0641512163576607,600,167.483913630963
6,"prevalence",0.05,"aitchison_pc0.01",0.0712606537117126,600,167.483913630963
6,"prevalence",0.05,"aitchison_pc0.1",0.069426395054436,600,167.483913630963
6,"prevalence",0.05,"aitchison_pc1",0.0741141130239929,600,167.483913630963
6,"prevalence",0.05,"bray",0.0420031408002115,600,167.483913630963
6,"prevalence",0.05,"euclidean",0.0513439493849458,600,167.483913630963
6,"prevalence",0.05,"jaccard",0.0699971652969617,600,167.483913630963
6,"prevalence",0.1,"AHC_euclidean",0.045537417983381,600,167.483913630963
6,"prevalence",0.1,"ILR_euclidean_pc0.01",0.0631752740094346,600,167.483913630963
6,"prevalence",0.1,"ILR_euclidean_pc0.1",0.0622499932223289,600,167.483913630963
6,"prevalence",0.1,"ILR_euclidean_pc0.5",0.0545956120269712,600,167.483913630963
6,"prevalence",0.1,"ILR_euclidean_pc1",0.0509637253354148,600,167.483913630963
6,"prevalence",0.1,"aitchison",0.0566974106268292,600,167.483913630963
6,"prevalence",0.1,"aitchison_pc0.01",0.068229501987145,600,167.483913630963
6,"prevalence",0.1,"aitchison_pc0.1",0.0552340030255039,600,167.483913630963
6,"prevalence",0.1,"aitchison_pc1",0.0594727002902703,600,167.483913630963
6,"prevalence",0.1,"bray",0.0485281790132733,600,167.483913630963
6,"prevalence",0.1,"euclidean",0.0505353921510885,600,167.483913630963
6,"prevalence",0.1,"jaccard",0.0626358288632867,600,167.483913630963
6,"prevalence",0.15,"AHC_euclidean",0.0538935503975733,600,167.483913630963
6,"prevalence",0.15,"ILR_euclidean_pc0.01",0.06563671849446,600,167.483913630963
6,"prevalence",0.15,"ILR_euclidean_pc0.1",0.0602605006631262,600,167.483913630963
6,"prevalence",0.15,"ILR_euclidean_pc0.5",0.0602605006631262,600,167.483913630963
6,"prevalence",0.15,"ILR_euclidean_pc1",0.063744868352708,600,167.483913630963
6,"prevalence",0.15,"aitchison",0.0630042099012447,600,167.483913630963
6,"prevalence",0.15,"aitchison_pc0.01",0.059227538870845,600,167.483913630963
6,"prevalence",0.15,"aitchison_pc0.1",0.0602605006631262,600,167.483913630963
6,"prevalence",0.15,"aitchison_pc1",0.059403903635011,600,167.483913630963
6,"prevalence",0.15,"bray",0.0570681588128628,600,167.483913630963
6,"prevalence",0.15,"euclidean",0.0704743468272543,600,167.483913630963
6,"prevalence",0.15,"jaccard",0.0666017815043471,600,167.483913630963
6,"prevalence",0.2,"AHC_euclidean",0.0618092730066712,600,167.483913630963
6,"prevalence",0.2,"ILR_euclidean_pc0.01",0.0604347868568421,600,167.483913630963
6,"prevalence",0.2,"ILR_euclidean_pc0.1",0.050356617208003,600,167.483913630963
6,"prevalence",0.2,"ILR_euclidean_pc0.5",0.0521191451772323,600,167.483913630963
6,"prevalence",0.2,"ILR_euclidean_pc1",0.0557881352024565,600,167.483913630963
6,"prevalence",0.2,"aitchison",0.0506241571505844,600,167.483913630963
6,"prevalence",0.2,"aitchison_pc0.01",0.0531990742593243,600,167.483913630963
6,"prevalence",0.2,"aitchison_pc0.1",0.0501814807622092,600,167.483913630963
6,"prevalence",0.2,"aitchison_pc1",0.0521672507718591,600,167.483913630963
6,"prevalence",0.2,"bray",0.0559382201972758,600,167.483913630963
6,"prevalence",0.2,"euclidean",0.031266710500277,600,167.483913630963
6,"prevalence",0.2,"jaccard",0.0538519213581748,600,167.483913630963
6,"prevalence",0.25,"AHC_euclidean",0.0675869015415523,600,167.483913630963
6,"prevalence",0.25,"ILR_euclidean_pc0.01",0.107722309346648,600,167.483913630963
6,"prevalence",0.25,"ILR_euclidean_pc0.1",0.114922921879115,600,167.483913630963
6,"prevalence",0.25,"ILR_euclidean_pc0.5",0.0973301851632922,600,167.483913630963
6,"prevalence",0.25,"ILR_euclidean_pc1",0.0938589130168429,600,167.483913630963
6,"prevalence",0.25,"aitchison",0.0968559283495943,600,167.483913630963
6,"prevalence",0.25,"aitchison_pc0.01",0.116264867995443,600,167.483913630963
6,"prevalence",0.25,"aitchison_pc0.1",0.105770033017382,600,167.483913630963
6,"prevalence",0.25,"aitchison_pc1",0.0901934426313465,600,167.483913630963
6,"prevalence",0.25,"bray",0.0709078906540004,600,167.483913630963
6,"prevalence",0.25,"euclidean",0.0772964921132516,600,167.483913630963
6,"prevalence",0.25,"jaccard",0.100771483269085,600,167.483913630963
6,"prevalence",0.3,"AHC_euclidean",0.0523037775392259,600,167.483913630963
6,"prevalence",0.3,"ILR_euclidean_pc0.01",0.129196511143399,600,167.483913630963
6,"prevalence",0.3,"ILR_euclidean_pc0.1",0.118700901215092,600,167.483913630963
6,"prevalence",0.3,"ILR_euclidean_pc0.5",0.126829539224147,600,167.483913630963
6,"prevalence",0.3,"ILR_euclidean_pc1",0.123849714654845,600,167.483913630963
6,"prevalence",0.3,"aitchison",0.121087586334905,600,167.483913630963
6,"prevalence",0.3,"aitchison_pc0.01",0.133306174288381,600,167.483913630963
6,"prevalence",0.3,"aitchison_pc0.1",0.123470308473216,600,167.483913630963
6,"prevalence",0.3,"aitchison_pc1",0.125933094172882,600,167.483913630963
6,"prevalence",0.3,"bray",0.0410983481639133,600,167.483913630963
6,"prevalence",0.3,"euclidean",0.0262406197729568,600,167.483913630963
6,"prevalence",0.3,"jaccard",0.161544496571229,600,167.483913630963
6,"prevalence",0.35,"AHC_euclidean",0.0836520867896261,600,167.483913630963
6,"prevalence",0.35,"ILR_euclidean_pc0.01",0.17677756935745,600,167.483913630963
6,"prevalence",0.35,"ILR_euclidean_pc0.1",0.159761579160625,600,167.483913630963
6,"prevalence",0.35,"ILR_euclidean_pc0.5",0.160307188596076,600,167.483913630963
6,"prevalence",0.35,"ILR_euclidean_pc1",0.15899530653396,600,167.483913630963
6,"prevalence",0.35,"aitchison",0.15571699012135,600,167.483913630963
6,"prevalence",0.35,"aitchison_pc0.01",0.180234319603213,600,167.483913630963
6,"prevalence",0.35,"aitchison_pc0.1",0.167952636599461,600,167.483913630963
6,"prevalence",0.35,"aitchison_pc1",0.159382460506846,600,167.483913630963
6,"prevalence",0.35,"bray",0.051455150029849,600,167.483913630963
6,"prevalence",0.35,"euclidean",0.0602510147732776,600,167.483913630963
6,"prevalence",0.35,"jaccard",0.191758630788096,600,167.483913630963
6,"prevalence",0.4,"AHC_euclidean",0.0787553511261336,600,167.483913630963
6,"prevalence",0.4,"ILR_euclidean_pc0.01",0.218746228590856,600,167.483913630963
6,"prevalence",0.4,"ILR_euclidean_pc0.1",0.193963362435029,600,167.483913630963
6,"prevalence",0.4,"ILR_euclidean_pc0.5",0.188100344944741,600,167.483913630963
6,"prevalence",0.4,"ILR_euclidean_pc1",0.173749894337195,600,167.483913630963
6,"prevalence",0.4,"aitchison",0.189181412331649,600,167.483913630963
6,"prevalence",0.4,"aitchison_pc0.01",0.202188301646895,600,167.483913630963
6,"prevalence",0.4,"aitchison_pc0.1",0.204565212824121,600,167.483913630963
6,"prevalence",0.4,"aitchison_pc1",0.169520682962278,600,167.483913630963
6,"prevalence",0.4,"bray",0.0649127410262259,600,167.483913630963
6,"prevalence",0.4,"euclidean",0.066530484656612,600,167.483913630963
6,"prevalence",0.4,"jaccard",0.253896658441627,600,167.483913630963
6,"prevalence",0.45,"AHC_euclidean",0.0823856414593747,600,167.483913630963
6,"prevalence",0.45,"ILR_euclidean_pc0.01",0.324164675255365,600,167.483913630963
6,"prevalence",0.45,"ILR_euclidean_pc0.1",0.284341814969776,600,167.483913630963
6,"prevalence",0.45,"ILR_euclidean_pc0.5",0.255724959640088,600,167.483913630963
6,"prevalence",0.45,"ILR_euclidean_pc1",0.239349363710413,600,167.483913630963
6,"prevalence",0.45,"aitchison",0.260646723871843,600,167.483913630963
6,"prevalence",0.45,"aitchison_pc0.01",0.298606126409744,600,167.483913630963
6,"prevalence",0.45,"aitchison_pc0.1",0.287026392139121,600,167.483913630963
6,"prevalence",0.45,"aitchison_pc1",0.243395956018306,600,167.483913630963
6,"prevalence",0.45,"bray",0.062556814923665,600,167.483913630963
6,"prevalence",0.45,"euclidean",0.0596283739938037,600,167.483913630963
6,"prevalence",0.45,"jaccard",0.39481472125264,600,167.483913630963
6,"prevalence",0.5,"AHC_euclidean",0.0960439314632142,600,167.483913630963
6,"prevalence",0.5,"ILR_euclidean_pc0.01",0.42382233880594,600,167.483913630963
6,"prevalence",0.5,"ILR_euclidean_pc0.1",0.389873200192509,600,167.483913630963
6,"prevalence",0.5,"ILR_euclidean_pc0.5",0.350650489266969,600,167.483913630963
6,"prevalence",0.5,"ILR_euclidean_pc1",0.328403065577654,600,167.483913630963
6,"prevalence",0.5,"aitchison",0.336312269238754,600,167.483913630963
6,"prevalence",0.5,"aitchison_pc0.01",0.43560767046052,600,167.483913630963
6,"prevalence",0.5,"aitchison_pc0.1",0.387495623421137,600,167.483913630963
6,"prevalence",0.5,"aitchison_pc1",0.325089649099993,600,167.483913630963
6,"prevalence",0.5,"bray",0.0612653263679799,600,167.483913630963
6,"prevalence",0.5,"euclidean",0.0516598171745233,600,167.483913630963
6,"prevalence",0.5,"jaccard",0.529039369780195,600,167.483913630963
6,"prevalence",0.55,"AHC_euclidean",0.0911202868854624,600,167.483913630963
6,"prevalence",0.55,"ILR_euclidean_pc0.01",0.473521479814556,600,167.483913630963
6,"prevalence",0.55,"ILR_euclidean_pc0.1",0.451646598183884,600,167.483913630963
6,"prevalence",0.55,"ILR_euclidean_pc0.5",0.394110437570341,600,167.483913630963
6,"prevalence",0.55,"ILR_euclidean_pc1",0.364293831587611,600,167.483913630963
6,"prevalence",0.55,"aitchison",0.391730559451262,600,167.483913630963
6,"prevalence",0.55,"aitchison_pc0.01",0.470068249208521,600,167.483913630963
6,"prevalence",0.55,"aitchison_pc0.1",0.432769884902503,600,167.483913630963
6,"prevalence",0.55,"aitchison_pc1",0.353773538248273,600,167.483913630963
6,"prevalence",0.55,"bray",0.0774037539898386,600,167.483913630963
6,"prevalence",0.55,"euclidean",0.034156564634424,600,167.483913630963
6,"prevalence",0.55,"jaccard",0.603241219565126,600,167.483913630963
6,"prevalence",0.6,"AHC_euclidean",0.0715169267481972,600,167.483913630963
6,"prevalence",0.6,"ILR_euclidean_pc0.01",0.65471695522017,600,167.483913630963
6,"prevalence",0.6,"ILR_euclidean_pc0.1",0.564968367402285,600,167.483913630963
6,"prevalence",0.6,"ILR_euclidean_pc0.5",0.513855289104641,600,167.483913630963
6,"prevalence",0.6,"ILR_euclidean_pc1",0.483103538378662,600,167.483913630963
6,"prevalence",0.6,"aitchison",0.503282062225371,600,167.483913630963
6,"prevalence",0.6,"aitchison_pc0.01",0.638352924275681,600,167.483913630963
6,"prevalence",0.6,"aitchison_pc0.1",0.572736683905678,600,167.483913630963
6,"prevalence",0.6,"aitchison_pc1",0.457656832889377,600,167.483913630963
6,"prevalence",0.6,"bray",0.0744438077512167,600,167.483913630963
6,"prevalence",0.6,"euclidean",0.0538370871915627,600,167.483913630963
6,"prevalence",0.6,"jaccard",0.75408604869823,600,167.483913630963
6,"prevalence",0.65,"AHC_euclidean",0.113751364250481,600,167.483913630963
6,"prevalence",0.65,"ILR_euclidean_pc0.01",0.765229743055563,600,167.483913630963
6,"prevalence",0.65,"ILR_euclidean_pc0.1",0.731364253443585,600,167.483913630963
6,"prevalence",0.65,"ILR_euclidean_pc0.5",0.661600591027139,600,167.483913630963
6,"prevalence",0.65,"ILR_euclidean_pc1",0.625331891126043,600,167.483913630963
6,"prevalence",0.65,"aitchison",0.668627583484922,600,167.483913630963
6,"prevalence",0.65,"aitchison_pc0.01",0.774565250984322,600,167.483913630963
6,"prevalence",0.65,"aitchison_pc0.1",0.735496054679773,600,167.483913630963
6,"prevalence",0.65,"aitchison_pc1",0.621355433147882,600,167.483913630963
6,"prevalence",0.65,"bray",0.100551973094411,600,167.483913630963
6,"prevalence",0.65,"euclidean",0.0496960516867912,600,167.483913630963
6,"prevalence",0.65,"jaccard",0.874899754839193,600,167.483913630963
6,"prevalence",0.7,"AHC_euclidean",0.129223929217561,600,167.483913630963
6,"prevalence",0.7,"ILR_euclidean_pc0.01",0.883810782684141,600,167.483913630963
6,"prevalence",0.7,"ILR_euclidean_pc0.1",0.85569240551518,600,167.483913630963
6,"prevalence",0.7,"ILR_euclidean_pc0.5",0.796349215595534,600,167.483913630963
6,"prevalence",0.7,"ILR_euclidean_pc1",0.771410926194475,600,167.483913630963
6,"prevalence",0.7,"aitchison",0.807623252903117,600,167.483913630963
6,"prevalence",0.7,"aitchison_pc0.01",0.879827394782625,600,167.483913630963
6,"prevalence",0.7,"aitchison_pc0.1",0.864821196572821,600,167.483913630963
6,"prevalence",0.7,"aitchison_pc1",0.761578933347258,600,167.483913630963
6,"prevalence",0.7,"bray",0.100656587827985,600,167.483913630963
6,"prevalence",0.7,"euclidean",0.0586120173580316,600,167.483913630963
6,"prevalence",0.7,"jaccard",0.956732085529685,600,167.483913630963
6,"prevalence",0.75,"AHC_euclidean",0.181814728259286,600,167.483913630963
6,"prevalence",0.75,"ILR_euclidean_pc0.01",0.926127434677093,600,167.483913630963
6,"prevalence",0.75,"ILR_euclidean_pc0.1",0.895912450208149,600,167.483913630963
6,"prevalence",0.75,"ILR_euclidean_pc0.5",0.866782052765841,600,167.483913630963
6,"prevalence",0.75,"ILR_euclidean_pc1",0.854673989836773,600,167.483913630963
6,"prevalence",0.75,"aitchison",0.865568431619421,600,167.483913630963
6,"prevalence",0.75,"aitchison_pc0.01",0.928935079716102,600,167.483913630963
6,"prevalence",0.75,"aitchison_pc0.1",0.890724374352185,600,167.483913630963
6,"prevalence",0.75,"aitchison_pc1",0.848290046322065,600,167.483913630963
6,"prevalence",0.75,"bray",0.117776871629071,600,167.483913630963
6,"prevalence",0.75,"euclidean",0.0642125303916888,600,167.483913630963
6,"prevalence",0.75,"jaccard",0.984151594423955,600,167.483913630963
6,"prevalence",0.8,"AHC_euclidean",0.146473625204726,600,167.483913630963
6,"prevalence",0.8,"ILR_euclidean_pc0.01",0.96482074443974,600,167.483913630963
6,"prevalence",0.8,"ILR_euclidean_pc0.1",0.9416157839175,600,167.483913630963
6,"prevalence",0.8,"ILR_euclidean_pc0.5",0.904863072602664,600,167.483913630963
6,"prevalence",0.8,"ILR_euclidean_pc1",0.875026053770959,600,167.483913630963
6,"prevalence",0.8,"aitchison",0.908479129087956,600,167.483913630963
6,"prevalence",0.8,"aitchison_pc0.01",0.964607276341906,600,167.483913630963
6,"prevalence",0.8,"aitchison_pc0.1",0.946866864810184,600,167.483913630963
6,"prevalence",0.8,"aitchison_pc1",0.879850983444572,600,167.483913630963
6,"prevalence",0.8,"bray",0.10299162466322,600,167.483913630963
6,"prevalence",0.8,"euclidean",0.0415414026185828,600,167.483913630963
6,"prevalence",0.8,"jaccard",0.99285345931228,600,167.483913630963
6,"prevalence",0.85,"AHC_euclidean",0.189903310704546,600,167.483913630963
6,"prevalence",0.85,"ILR_euclidean_pc0.01",0.98969308474494,600,167.483913630963
6,"prevalence",0.85,"ILR_euclidean_pc0.1",0.984825482371489,600,167.483913630963
6,"prevalence",0.85,"ILR_euclidean_pc0.5",0.975055918980403,600,167.483913630963
6,"prevalence",0.85,"ILR_euclidean_pc1",0.964164221887237,600,167.483913630963
6,"prevalence",0.85,"aitchison",0.975727893672875,600,167.483913630963
6,"prevalence",0.85,"aitchison_pc0.01",0.98969308474494,600,167.483913630963
6,"prevalence",0.85,"aitchison_pc0.1",0.984603756702179,600,167.483913630963
6,"prevalence",0.85,"aitchison_pc1",0.95889852908031,600,167.483913630963
6,"prevalence",0.85,"bray",0.128477016463239,600,167.483913630963
6,"prevalence",0.85,"euclidean",0.0524386878955751,600,167.483913630963
6,"prevalence",0.85,"jaccard",1,600,167.483913630963
6,"prevalence",0.9,"AHC_euclidean",0.225322375867299,600,167.483913630963
6,"prevalence",0.9,"ILR_euclidean_pc0.01",0.996331009974776,600,167.483913630963
6,"prevalence",0.9,"ILR_euclidean_pc0.1",0.989601909566524,600,167.483913630963
6,"prevalence",0.9,"ILR_euclidean_pc0.5",0.972379202498582,600,167.483913630963
6,"prevalence",0.9,"ILR_euclidean_pc1",0.960353504478577,600,167.483913630963
6,"prevalence",0.9,"aitchison",0.97,600,167.483913630963
6,"prevalence",0.9,"aitchison_pc0.01",0.990847111138267,600,167.483913630963
6,"prevalence",0.9,"aitchison_pc0.1",0.985363212301757,600,167.483913630963
6,"prevalence",0.9,"aitchison_pc1",0.962896751148438,600,167.483913630963
6,"prevalence",0.9,"bray",0.141720378598373,600,167.483913630963
6,"prevalence",0.9,"euclidean",0.0535597926489387,600,167.483913630963
6,"prevalence",0.9,"jaccard",1,600,167.483913630963
6,"prevalence",0.95,"AHC_euclidean",0.195043975928923,600,167.483913630963
6,"prevalence",0.95,"ILR_euclidean_pc0.01",0.997509596856514,600,167.483913630963
6,"prevalence",0.95,"ILR_euclidean_pc0.1",0.996264395284772,600,167.483913630963
6,"prevalence",0.95,"ILR_euclidean_pc0.5",0.996264395284772,600,167.483913630963
6,"prevalence",0.95,"ILR_euclidean_pc1",0.994778893147972,600,167.483913630963
6,"prevalence",0.95,"aitchison",0.996264395284772,600,167.483913630963
6,"prevalence",0.95,"aitchison_pc0.01",0.997509596856514,600,167.483913630963
6,"prevalence",0.95,"aitchison_pc0.1",0.996264395284772,600,167.483913630963
6,"prevalence",0.95,"aitchison_pc1",0.994987613287706,600,167.483913630963
6,"prevalence",0.95,"bray",0.124963137417321,600,167.483913630963
6,"prevalence",0.95,"euclidean",0.0586399981564215,600,167.483913630963
6,"prevalence",0.95,"jaccard",1,600,167.483913630963
6,"prevalence",1,"AHC_euclidean",0.287337680115998,600,167.483913630963
6,"prevalence",1,"ILR_euclidean_pc0.01",1,600,167.483913630963
6,"prevalence",1,"ILR_euclidean_pc0.1",1,600,167.483913630963
6,"prevalence",1,"ILR_euclidean_pc0.5",1,600,167.483913630963
6,"prevalence",1,"ILR_euclidean_pc1",1,600,167.483913630963
6,"prevalence",1,"aitchison",1,600,167.483913630963
6,"prevalence",1,"aitchison_pc0.01",1,600,167.483913630963
6,"prevalence",1,"aitchison_pc0.1",1,600,167.483913630963
6,"prevalence",1,"aitchison_pc1",1,600,167.483913630963
6,"prevalence",1,"bray",0.192749963016091,600,167.483913630963
6,"prevalence",1,"euclidean",0.0733833185286725,600,167.483913630963
6,"prevalence",1,"jaccard",1,600,167.483913630963
8,"abundance",0.05,"AHC_euclidean",0.0591623316251589,800,190.202452324782
8,"abundance",0.05,"ILR_euclidean_pc0.01",0.0481487075016662,800,190.202452324782
8,"abundance",0.05,"ILR_euclidean_pc0.1",0.0522330333372495,800,190.202452324782
8,"abundance",0.05,"ILR_euclidean_pc0.5",0.0322962541312355,800,190.202452324782
8,"abundance",0.05,"ILR_euclidean_pc1",0.0370886144330468,800,190.202452324782
8,"abundance",0.05,"aitchison",0.0337636128501044,800,190.202452324782
8,"abundance",0.05,"aitchison_pc0.01",0.0476209027139774,800,190.202452324782
8,"abundance",0.05,"aitchison_pc0.1",0.0501009847320481,800,190.202452324782
8,"abundance",0.05,"aitchison_pc1",0.0376493499947042,800,190.202452324782
8,"abundance",0.05,"bray",0.0592823295400244,800,190.202452324782
8,"abundance",0.05,"euclidean",0.0380850366616287,800,190.202452324782
8,"abundance",0.05,"jaccard",0.0590081930453293,800,190.202452324782
8,"abundance",0.1,"AHC_euclidean",0.0567204898826503,800,190.202452324782
8,"abundance",0.1,"ILR_euclidean_pc0.01",0.0504098384487908,800,190.202452324782
8,"abundance",0.1,"ILR_euclidean_pc0.1",0.052887014950804,800,190.202452324782
8,"abundance",0.1,"ILR_euclidean_pc0.5",0.0517381867671825,800,190.202452324782
8,"abundance",0.1,"ILR_euclidean_pc1",0.0485931589177936,800,190.202452324782
8,"abundance",0.1,"aitchison",0.0481783259403276,800,190.202452324782
8,"abundance",0.1,"aitchison_pc0.01",0.0489120652014974,800,190.202452324782
8,"abundance",0.1,"aitchison_pc0.1",0.0510205739132523,800,190.202452324782
8,"abundance",0.1,"aitchison_pc1",0.0512934635305303,800,190.202452324782
8,"abundance",0.1,"bray",0.0804429057083654,800,190.202452324782
8,"abundance",0.1,"euclidean",0.07733338035369,800,190.202452324782
8,"abundance",0.1,"jaccard",0.0590925270359059,800,190.202452324782
8,"abundance",0.15,"AHC_euclidean",0.0491183767894832,800,190.202452324782
8,"abundance",0.15,"ILR_euclidean_pc0.01",0.0451683321926235,800,190.202452324782
8,"abundance",0.15,"ILR_euclidean_pc0.1",0.0437575389448321,800,190.202452324782
8,"abundance",0.15,"ILR_euclidean_pc0.5",0.0374410639791488,800,190.202452324782
8,"abundance",0.15,"ILR_euclidean_pc1",0.0404061959453111,800,190.202452324782
8,"abundance",0.15,"aitchison",0.0368251091118198,800,190.202452324782
8,"abundance",0.15,"aitchison_pc0.01",0.0497399852301923,800,190.202452324782
8,"abundance",0.15,"aitchison_pc0.1",0.0470324593433652,800,190.202452324782
8,"abundance",0.15,"aitchison_pc1",0.037859058417658,800,190.202452324782
8,"abundance",0.15,"bray",0.067197828104342,800,190.202452324782
8,"abundance",0.15,"euclidean",0.0543454533412695,800,190.202452324782
8,"abundance",0.15,"jaccard",0.0434549945072863,800,190.202452324782
8,"abundance",0.2,"AHC_euclidean",0.0653987079432941,800,190.202452324782
8,"abundance",0.2,"ILR_euclidean_pc0.01",0.0540046164637972,800,190.202452324782
8,"abundance",0.2,"ILR_euclidean_pc0.1",0.0472709261960322,800,190.202452324782
8,"abundance",0.2,"ILR_euclidean_pc0.5",0.0559079563164416,800,190.202452324782
8,"abundance",0.2,"ILR_euclidean_pc1",0.0490930549322842,800,190.202452324782
8,"abundance",0.2,"aitchison",0.0492460975089607,800,190.202452324782
8,"abundance",0.2,"aitchison_pc0.01",0.0521773881281482,800,190.202452324782
8,"abundance",0.2,"aitchison_pc0.1",0.0519191764979693,800,190.202452324782
8,"abundance",0.2,"aitchison_pc1",0.0436213944607507,800,190.202452324782
8,"abundance",0.2,"bray",0.0686413844003075,800,190.202452324782
8,"abundance",0.2,"euclidean",0.0730949671710468,800,190.202452324782
8,"abundance",0.2,"jaccard",0.0539188234977688,800,190.202452324782
8,"abundance",0.25,"AHC_euclidean",0.099155942591352,800,190.202452324782
8,"abundance",0.25,"ILR_euclidean_pc0.01",0.0662982060519649,800,190.202452324782
8,"abundance",0.25,"ILR_euclidean_pc0.1",0.071956122184986,800,190.202452324782
8,"abundance",0.25,"ILR_euclidean_pc0.5",0.0620966292810422,800,190.202452324782
8,"abundance",0.25,"ILR_euclidean_pc1",0.0633471154512649,800,190.202452324782
8,"abundance",0.25,"aitchison",0.0654216308639846,800,190.202452324782
8,"abundance",0.25,"aitchison_pc0.01",0.0709408324852669,800,190.202452324782
8,"abundance",0.25,"aitchison_pc0.1",0.0668790341730368,800,190.202452324782
8,"abundance",0.25,"aitchison_pc1",0.0689050463785314,800,190.202452324782
8,"abundance",0.25,"bray",0.128797769888626,800,190.202452324782
8,"abundance",0.25,"euclidean",0.079132671022158,800,190.202452324782
8,"abundance",0.25,"jaccard",0.0629106720429293,800,190.202452324782
8,"abundance",0.3,"AHC_euclidean",0.0953289757878261,800,190.202452324782
8,"abundance",0.3,"ILR_euclidean_pc0.01",0.0476634634525088,800,190.202452324782
8,"abundance",0.3,"ILR_euclidean_pc0.1",0.0452202802495308,800,190.202452324782
8,"abundance",0.3,"ILR_euclidean_pc0.5",0.0495675835193773,800,190.202452324782
8,"abundance",0.3,"ILR_euclidean_pc1",0.0499157483688252,800,190.202452324782
8,"abundance",0.3,"aitchison",0.0518467995925707,800,190.202452324782
8,"abundance",0.3,"aitchison_pc0.01",0.0427952861005532,800,190.202452324782
8,"abundance",0.3,"aitchison_pc0.1",0.046062941998194,800,190.202452324782
8,"abundance",0.3,"aitchison_pc1",0.0507958759615594,800,190.202452324782
8,"abundance",0.3,"bray",0.123006248794019,800,190.202452324782
8,"abundance",0.3,"euclidean",0.102600209136865,800,190.202452324782
8,"abundance",0.3,"jaccard",0.0534427061170651,800,190.202452324782
8,"abundance",0.35,"AHC_euclidean",0.120636481139999,800,190.202452324782
8,"abundance",0.35,"ILR_euclidean_pc0.01",0.0427388856211972,800,190.202452324782
8,"abundance",0.35,"ILR_euclidean_pc0.1",0.0442049794562655,800,190.202452324782
8,"abundance",0.35,"ILR_euclidean_pc0.5",0.0547153252492048,800,190.202452324782
8,"abundance",0.35,"ILR_euclidean_pc1",0.0568353867762315,800,190.202452324782
8,"abundance",0.35,"aitchison",0.0582667777684956,800,190.202452324782
8,"abundance",0.35,"aitchison_pc0.01",0.043795514402449,800,190.202452324782
8,"abundance",0.35,"aitchison_pc0.1",0.0485640822971066,800,190.202452324782
8,"abundance",0.35,"aitchison_pc1",0.059556289133441,800,190.202452324782
8,"abundance",0.35,"bray",0.134168204692323,800,190.202452324782
8,"abundance",0.35,"euclidean",0.0976082650064098,800,190.202452324782
8,"abundance",0.35,"jaccard",0.0490144118536578,800,190.202452324782
8,"abundance",0.4,"AHC_euclidean",0.184586105264684,800,190.202452324782
8,"abundance",0.4,"ILR_euclidean_pc0.01",0.0513997547974263,800,190.202452324782
8,"abundance",0.4,"ILR_euclidean_pc0.1",0.0655514115252631,800,190.202452324782
8,"abundance",0.4,"ILR_euclidean_pc0.5",0.0812588238073317,800,190.202452324782
8,"abundance",0.4,"ILR_euclidean_pc1",0.0833725519219541,800,190.202452324782
8,"abundance",0.4,"aitchison",0.0754961922195914,800,190.202452324782
8,"abundance",0.4,"aitchison_pc0.01",0.0597306184828775,800,190.202452324782
8,"abundance",0.4,"aitchison_pc0.1",0.062248352430312,800,190.202452324782
8,"abundance",0.4,"aitchison_pc1",0.0877984268837386,800,190.202452324782
8,"abundance",0.4,"bray",0.212327598118175,800,190.202452324782
8,"abundance",0.4,"euclidean",0.136407203357425,800,190.202452324782
8,"abundance",0.4,"jaccard",0.0571445469370241,800,190.202452324782
8,"abundance",0.45,"AHC_euclidean",0.226317687109712,800,190.202452324782
8,"abundance",0.45,"ILR_euclidean_pc0.01",0.0452078168459188,800,190.202452324782
8,"abundance",0.45,"ILR_euclidean_pc0.1",0.0458356511439604,800,190.202452324782
8,"abundance",0.45,"ILR_euclidean_pc0.5",0.0565811899761247,800,190.202452324782
8,"abundance",0.45,"ILR_euclidean_pc1",0.0732782362959864,800,190.202452324782
8,"abundance",0.45,"aitchison",0.0573200288366914,800,190.202452324782
8,"abundance",0.45,"aitchison_pc0.01",0.0573297833096614,800,190.202452324782
8,"abundance",0.45,"aitchison_pc0.1",0.0548877701868216,800,190.202452324782
8,"abundance",0.45,"aitchison_pc1",0.0622817100744791,800,190.202452324782
8,"abundance",0.45,"bray",0.263139738502104,800,190.202452324782
8,"abundance",0.45,"euclidean",0.155607904102651,800,190.202452324782
8,"abundance",0.45,"jaccard",0.0373054185533017,800,190.202452324782
8,"abundance",0.5,"AHC_euclidean",0.273776780559592,800,190.202452324782
8,"abundance",0.5,"ILR_euclidean_pc0.01",0.0375592206901674,800,190.202452324782
8,"abundance",0.5,"ILR_euclidean_pc0.1",0.0406671575123471,800,190.202452324782
8,"abundance",0.5,"ILR_euclidean_pc0.5",0.054525793541626,800,190.202452324782
8,"abundance",0.5,"ILR_euclidean_pc1",0.0614840643110953,800,190.202452324782
8,"abundance",0.5,"aitchison",0.0533858272643519,800,190.202452324782
8,"abundance",0.5,"aitchison_pc0.01",0.0379043485869792,800,190.202452324782
8,"abundance",0.5,"aitchison_pc0.1",0.0405765987422344,800,190.202452324782
8,"abundance",0.5,"aitchison_pc1",0.0598922849596571,800,190.202452324782
8,"abundance",0.5,"bray",0.332308446128686,800,190.202452324782
8,"abundance",0.5,"euclidean",0.223475054335235,800,190.202452324782
8,"abundance",0.5,"jaccard",0.0389364094423753,800,190.202452324782
8,"abundance",0.55,"AHC_euclidean",0.371804596174574,800,190.202452324782
8,"abundance",0.55,"ILR_euclidean_pc0.01",0.0662489394914609,800,190.202452324782
8,"abundance",0.55,"ILR_euclidean_pc0.1",0.0808871256583229,800,190.202452324782
8,"abundance",0.55,"ILR_euclidean_pc0.5",0.091895275365557,800,190.202452324782
8,"abundance",0.55,"ILR_euclidean_pc1",0.107010821076189,800,190.202452324782
8,"abundance",0.55,"aitchison",0.0888177735778692,800,190.202452324782
8,"abundance",0.55,"aitchison_pc0.01",0.0663041587971325,800,190.202452324782
8,"abundance",0.55,"aitchison_pc0.1",0.0773845467839004,800,190.202452324782
8,"abundance",0.55,"aitchison_pc1",0.103751573486112,800,190.202452324782
8,"abundance",0.55,"bray",0.44952212611349,800,190.202452324782
8,"abundance",0.55,"euclidean",0.335571603181152,800,190.202452324782
8,"abundance",0.55,"jaccard",0.0376627023318792,800,190.202452324782
8,"abundance",0.6,"AHC_euclidean",0.40267701608545,800,190.202452324782
8,"abundance",0.6,"ILR_euclidean_pc0.01",0.0719407782530622,800,190.202452324782
8,"abundance",0.6,"ILR_euclidean_pc0.1",0.0848814953078916,800,190.202452324782
8,"abundance",0.6,"ILR_euclidean_pc0.5",0.0881607746912592,800,190.202452324782
8,"abundance",0.6,"ILR_euclidean_pc1",0.110879444443264,800,190.202452324782
8,"abundance",0.6,"aitchison",0.0851847994535942,800,190.202452324782
8,"abundance",0.6,"aitchison_pc0.01",0.071286446968656,800,190.202452324782
8,"abundance",0.6,"aitchison_pc0.1",0.0769995824073487,800,190.202452324782
8,"abundance",0.6,"aitchison_pc1",0.0922116052235794,800,190.202452324782
8,"abundance",0.6,"bray",0.458292270303392,800,190.202452324782
8,"abundance",0.6,"euclidean",0.287021052142987,800,190.202452324782
8,"abundance",0.6,"jaccard",0.0628141450986608,800,190.202452324782
8,"abundance",0.65,"AHC_euclidean",0.498222865213184,800,190.202452324782
8,"abundance",0.65,"ILR_euclidean_pc0.01",0.0751789853342914,800,190.202452324782
8,"abundance",0.65,"ILR_euclidean_pc0.1",0.093294241354897,800,190.202452324782
8,"abundance",0.65,"ILR_euclidean_pc0.5",0.11142341862119,800,190.202452324782
8,"abundance",0.65,"ILR_euclidean_pc1",0.117731893176356,800,190.202452324782
8,"abundance",0.65,"aitchison",0.110117969090282,800,190.202452324782
8,"abundance",0.65,"aitchison_pc0.01",0.0753930768752872,800,190.202452324782
8,"abundance",0.65,"aitchison_pc0.1",0.101593035762209,800,190.202452324782
8,"abundance",0.65,"aitchison_pc1",0.117728314405745,800,190.202452324782
8,"abundance",0.65,"bray",0.583381007242605,800,190.202452324782
8,"abundance",0.65,"euclidean",0.413641459523813,800,190.202452324782
8,"abundance",0.65,"jaccard",0.0692044451381827,800,190.202452324782
8,"abundance",0.7,"AHC_euclidean",0.589600370192777,800,190.202452324782
8,"abundance",0.7,"ILR_euclidean_pc0.01",0.0593941753540973,800,190.202452324782
8,"abundance",0.7,"ILR_euclidean_pc0.1",0.0886870060108387,800,190.202452324782
8,"abundance",0.7,"ILR_euclidean_pc0.5",0.117539584768161,800,190.202452324782
8,"abundance",0.7,"ILR_euclidean_pc1",0.1281290872884,800,190.202452324782
8,"abundance",0.7,"aitchison",0.113176647211724,800,190.202452324782
8,"abundance",0.7,"aitchison_pc0.01",0.0609611294128066,800,190.202452324782
8,"abundance",0.7,"aitchison_pc0.1",0.0815329641909526,800,190.202452324782
8,"abundance",0.7,"aitchison_pc1",0.130928667563123,800,190.202452324782
8,"abundance",0.7,"bray",0.678110346246199,800,190.202452324782
8,"abundance",0.7,"euclidean",0.458701639491083,800,190.202452324782
8,"abundance",0.7,"jaccard",0.0366392661199567,800,190.202452324782
8,"abundance",0.75,"AHC_euclidean",0.668819830204054,800,190.202452324782
8,"abundance",0.75,"ILR_euclidean_pc0.01",0.0637152294463499,800,190.202452324782
8,"abundance",0.75,"ILR_euclidean_pc0.1",0.0733162284092724,800,190.202452324782
8,"abundance",0.75,"ILR_euclidean_pc0.5",0.099225134898382,800,190.202452324782
8,"abundance",0.75,"ILR_euclidean_pc1",0.116530054393449,800,190.202452324782
8,"abundance",0.75,"aitchison",0.101698732629785,800,190.202452324782
8,"abundance",0.75,"aitchison_pc0.01",0.0638440331969612,800,190.202452324782
8,"abundance",0.75,"aitchison_pc0.1",0.0719040889960752,800,190.202452324782
8,"abundance",0.75,"aitchison_pc1",0.108863749157752,800,190.202452324782
8,"abundance",0.75,"bray",0.724466485298358,800,190.202452324782
8,"abundance",0.75,"euclidean",0.481947144070413,800,190.202452324782
8,"abundance",0.75,"jaccard",0.045762387798763,800,190.202452324782
8,"abundance",0.8,"AHC_euclidean",0.736371226438104,800,190.202452324782
8,"abundance",0.8,"ILR_euclidean_pc0.01",0.0727499707202281,800,190.202452324782
8,"abundance",0.8,"ILR_euclidean_pc0.1",0.0968001455467313,800,190.202452324782
8,"abundance",0.8,"ILR_euclidean_pc0.5",0.14398900256182,800,190.202452324782
8,"abundance",0.8,"ILR_euclidean_pc1",0.164615925209059,800,190.202452324782
8,"abundance",0.8,"aitchison",0.146915758110905,800,190.202452324782
8,"abundance",0.8,"aitchison_pc0.01",0.0784112002663528,800,190.202452324782
8,"abundance",0.8,"aitchison_pc0.1",0.100884017783531,800,190.202452324782
8,"abundance",0.8,"aitchison_pc1",0.161122126959379,800,190.202452324782
8,"abundance",0.8,"bray",0.784033837175353,800,190.202452324782
8,"abundance",0.8,"euclidean",0.54638440531089,800,190.202452324782
8,"abundance",0.8,"jaccard",0.0433967551928996,800,190.202452324782
8,"abundance",0.85,"AHC_euclidean",0.793661375150284,800,190.202452324782
8,"abundance",0.85,"ILR_euclidean_pc0.01",0.0818234734797705,800,190.202452324782
8,"abundance",0.85,"ILR_euclidean_pc0.1",0.0993316365393944,800,190.202452324782
8,"abundance",0.85,"ILR_euclidean_pc0.5",0.136498023365975,800,190.202452324782
8,"abundance",0.85,"ILR_euclidean_pc1",0.182347997375478,800,190.202452324782
8,"abundance",0.85,"aitchison",0.141768792681627,800,190.202452324782
8,"abundance",0.85,"aitchison_pc0.01",0.0807882226572155,800,190.202452324782
8,"abundance",0.85,"aitchison_pc0.1",0.108388057418692,800,190.202452324782
8,"abundance",0.85,"aitchison_pc1",0.175982939342852,800,190.202452324782
8,"abundance",0.85,"bray",0.83240715310422,800,190.202452324782
8,"abundance",0.85,"euclidean",0.57993004665976,800,190.202452324782
8,"abundance",0.85,"jaccard",0.0397653439255835,800,190.202452324782
8,"abundance",0.9,"AHC_euclidean",0.849140416560155,800,190.202452324782
8,"abundance",0.9,"ILR_euclidean_pc0.01",0.0779452757516722,800,190.202452324782
8,"abundance",0.9,"ILR_euclidean_pc0.1",0.0936075142366117,800,190.202452324782
8,"abundance",0.9,"ILR_euclidean_pc0.5",0.143834880506742,800,190.202452324782
8,"abundance",0.9,"ILR_euclidean_pc1",0.179056669951951,800,190.202452324782
8,"abundance",0.9,"aitchison",0.138392703475145,800,190.202452324782
8,"abundance",0.9,"aitchison_pc0.01",0.0767448707658589,800,190.202452324782
8,"abundance",0.9,"aitchison_pc0.1",0.102030426450169,800,190.202452324782
8,"abundance",0.9,"aitchison_pc1",0.174219258472469,800,190.202452324782
8,"abundance",0.9,"bray",0.883522751716758,800,190.202452324782
8,"abundance",0.9,"euclidean",0.681420029436588,800,190.202452324782
8,"abundance",0.9,"jaccard",0.0571092934685394,800,190.202452324782
8,"abundance",0.95,"AHC_euclidean",0.879005516571566,800,190.202452324782
8,"abundance",0.95,"ILR_euclidean_pc0.01",0.080541830026302,800,190.202452324782
8,"abundance",0.95,"ILR_euclidean_pc0.1",0.106441063324047,800,190.202452324782
8,"abundance",0.95,"ILR_euclidean_pc0.5",0.158060584577818,800,190.202452324782
8,"abundance",0.95,"ILR_euclidean_pc1",0.201907566050576,800,190.202452324782
8,"abundance",0.95,"aitchison",0.14706106166373,800,190.202452324782
8,"abundance",0.95,"aitchison_pc0.01",0.0777084439597247,800,190.202452324782
8,"abundance",0.95,"aitchison_pc0.1",0.0997337396838645,800,190.202452324782
8,"abundance",0.95,"aitchison_pc1",0.196186448207749,800,190.202452324782
8,"abundance",0.95,"bray",0.90794044616028,800,190.202452324782
8,"abundance",0.95,"euclidean",0.673688204128516,800,190.202452324782
8,"abundance",0.95,"jaccard",0.0478980894627555,800,190.202452324782
8,"abundance",1,"AHC_euclidean",0.918667578887466,800,190.202452324782
8,"abundance",1,"ILR_euclidean_pc0.01",0.0959580774446035,800,190.202452324782
8,"abundance",1,"ILR_euclidean_pc0.1",0.138352997258493,800,190.202452324782
8,"abundance",1,"ILR_euclidean_pc0.5",0.196007611304754,800,190.202452324782
8,"abundance",1,"ILR_euclidean_pc1",0.256831706175955,800,190.202452324782
8,"abundance",1,"aitchison",0.196461912929109,800,190.202452324782
8,"abundance",1,"aitchison_pc0.01",0.0961922615450139,800,190.202452324782
8,"abundance",1,"aitchison_pc0.1",0.137449800919832,800,190.202452324782
8,"abundance",1,"aitchison_pc1",0.260097084819702,800,190.202452324782
8,"abundance",1,"bray",0.94208189837851,800,190.202452324782
8,"abundance",1,"euclidean",0.780370963209975,800,190.202452324782
8,"abundance",1,"jaccard",0.0530573327904192,800,190.202452324782
8,"both",0.05,"AHC_euclidean",0.0510657023279865,800,190.202452324782
8,"both",0.05,"ILR_euclidean_pc0.01",0.0306329413485106,800,190.202452324782
8,"both",0.05,"ILR_euclidean_pc0.1",0.028169098090078,800,190.202452324782
8,"both",0.05,"ILR_euclidean_pc0.5",0.0325251434628011,800,190.202452324782
8,"both",0.05,"ILR_euclidean_pc1",0.032165273846021,800,190.202452324782
8,"both",0.05,"aitchison",0.0364095344419951,800,190.202452324782
8,"both",0.05,"aitchison_pc0.01",0.0302531918904999,800,190.202452324782
8,"both",0.05,"aitchison_pc0.1",0.0352251921305521,800,190.202452324782
8,"both",0.05,"aitchison_pc1",0.0336431672520839,800,190.202452324782
8,"both",0.05,"bray",0.0391927770037667,800,190.202452324782
8,"both",0.05,"euclidean",0.0496057647670067,800,190.202452324782
8,"both",0.05,"jaccard",0.0323784797579801,800,190.202452324782
8,"both",0.1,"AHC_euclidean",0.0689990056107521,800,190.202452324782
8,"both",0.1,"ILR_euclidean_pc0.01",0.0893964462193815,800,190.202452324782
8,"both",0.1,"ILR_euclidean_pc0.1",0.0872651778284042,800,190.202452324782
8,"both",0.1,"ILR_euclidean_pc0.5",0.0830975144967985,800,190.202452324782
8,"both",0.1,"ILR_euclidean_pc1",0.0854945149638327,800,190.202452324782
8,"both",0.1,"aitchison",0.0817758024171353,800,190.202452324782
8,"both",0.1,"aitchison_pc0.01",0.0845222692503342,800,190.202452324782
8,"both",0.1,"aitchison_pc0.1",0.0891225647474919,800,190.202452324782
8,"both",0.1,"aitchison_pc1",0.0890691175106559,800,190.202452324782
8,"both",0.1,"bray",0.0603551279553175,800,190.202452324782
8,"both",0.1,"euclidean",0.058204501016188,800,190.202452324782
8,"both",0.1,"jaccard",0.0698005157850627,800,190.202452324782
8,"both",0.15,"AHC_euclidean",0.0712600542908653,800,190.202452324782
8,"both",0.15,"ILR_euclidean_pc0.01",0.0640245359970799,800,190.202452324782
8,"both",0.15,"ILR_euclidean_pc0.1",0.0773781093691563,800,190.202452324782
8,"both",0.15,"ILR_euclidean_pc0.5",0.0755684213098621,800,190.202452324782
8,"both",0.15,"ILR_euclidean_pc1",0.0810497549727603,800,190.202452324782
8,"both",0.15,"aitchison",0.0712394817573964,800,190.202452324782
8,"both",0.15,"aitchison_pc0.01",0.0723010213572071,800,190.202452324782
8,"both",0.15,"aitchison_pc0.1",0.0724540639338835,800,190.202452324782
8,"both",0.15,"aitchison_pc1",0.0721551187730156,800,190.202452324782
8,"both",0.15,"bray",0.0673670969499716,800,190.202452324782
8,"both",0.15,"euclidean",0.0571693517236856,800,190.202452324782
8,"both",0.15,"jaccard",0.0461086283756145,800,190.202452324782
8,"both",0.2,"AHC_euclidean",0.109199473207271,800,190.202452324782
8,"both",0.2,"ILR_euclidean_pc0.01",0.0976607153122103,800,190.202452324782
8,"both",0.2,"ILR_euclidean_pc0.1",0.108278443670262,800,190.202452324782
8,"both",0.2,"ILR_euclidean_pc0.5",0.116737542188397,800,190.202452324782
8,"both",0.2,"ILR_euclidean_pc1",0.122565519871957,800,190.202452324782
8,"both",0.2,"aitchison",0.120192436320484,800,190.202452324782
8,"both",0.2,"aitchison_pc0.01",0.0917408341150193,800,190.202452324782
8,"both",0.2,"aitchison_pc0.1",0.107984546531931,800,190.202452324782
8,"both",0.2,"aitchison_pc1",0.116377672571617,800,190.202452324782
8,"both",0.2,"bray",0.0810128858624125,800,190.202452324782
8,"both",0.2,"euclidean",0.0533611849944767,800,190.202452324782
8,"both",0.2,"jaccard",0.0716511185579037,800,190.202452324782
8,"both",0.25,"AHC_euclidean",0.10392139629631,800,190.202452324782
8,"both",0.25,"ILR_euclidean_pc0.01",0.131320444972628,800,190.202452324782
8,"both",0.25,"ILR_euclidean_pc0.1",0.132893398648429,800,190.202452324782
8,"both",0.25,"ILR_euclidean_pc0.5",0.134712716672285,800,190.202452324782
8,"both",0.25,"ILR_euclidean_pc1",0.141348814403028,800,190.202452324782
8,"both",0.25,"aitchison",0.138666873507672,800,190.202452324782
8,"both",0.25,"aitchison_pc0.01",0.138156572363421,800,190.202452324782
8,"both",0.25,"aitchison_pc0.1",0.139678665718385,800,190.202452324782
8,"both",0.25,"aitchison_pc1",0.144161604147019,800,190.202452324782
8,"both",0.25,"bray",0.11908870705041,800,190.202452324782
8,"both",0.25,"euclidean",0.0809783887537818,800,190.202452324782
8,"both",0.25,"jaccard",0.0924626907270305,800,190.202452324782
8,"both",0.3,"AHC_euclidean",0.169376075022689,800,190.202452324782
8,"both",0.3,"ILR_euclidean_pc0.01",0.129945143671485,800,190.202452324782
8,"both",0.3,"ILR_euclidean_pc0.1",0.137732114683873,800,190.202452324782
8,"both",0.3,"ILR_euclidean_pc0.5",0.152689477196882,800,190.202452324782
8,"both",0.3,"ILR_euclidean_pc1",0.176560617635988,800,190.202452324782
8,"both",0.3,"aitchison",0.15707576243465,800,190.202452324782
8,"both",0.3,"aitchison_pc0.01",0.137530468524772,800,190.202452324782
8,"both",0.3,"aitchison_pc0.1",0.147827004995167,800,190.202452324782
8,"both",0.3,"aitchison_pc1",0.162365808540373,800,190.202452324782
8,"both",0.3,"bray",0.156432494404946,800,190.202452324782
8,"both",0.3,"euclidean",0.0952452633731371,800,190.202452324782
8,"both",0.3,"jaccard",0.0819805076428839,800,190.202452324782
8,"both",0.35,"AHC_euclidean",0.224917496277573,800,190.202452324782
8,"both",0.35,"ILR_euclidean_pc0.01",0.192342992923444,800,190.202452324782
8,"both",0.35,"ILR_euclidean_pc0.1",0.207094850428548,800,190.202452324782
8,"both",0.35,"ILR_euclidean_pc0.5",0.237964605301898,800,190.202452324782
8,"both",0.35,"ILR_euclidean_pc1",0.240678862231116,800,190.202452324782
8,"both",0.35,"aitchison",0.22790561898434,800,190.202452324782
8,"both",0.35,"aitchison_pc0.01",0.20617660378561,800,190.202452324782
8,"both",0.35,"aitchison_pc0.1",0.207607762622005,800,190.202452324782
8,"both",0.35,"aitchison_pc1",0.2371958732154,800,190.202452324782
8,"both",0.35,"bray",0.222597180940984,800,190.202452324782
8,"both",0.35,"euclidean",0.126829326056202,800,190.202452324782
8,"both",0.35,"jaccard",0.171919553668313,800,190.202452324782
8,"both",0.4,"AHC_euclidean",0.319021592065827,800,190.202452324782
8,"both",0.4,"ILR_euclidean_pc0.01",0.30005551546241,800,190.202452324782
8,"both",0.4,"ILR_euclidean_pc0.1",0.330830459612984,800,190.202452324782
8,"both",0.4,"ILR_euclidean_pc0.5",0.360506336187504,800,190.202452324782
8,"both",0.4,"ILR_euclidean_pc1",0.372473637448697,800,190.202452324782
8,"both",0.4,"aitchison",0.36848700344754,800,190.202452324782
8,"both",0.4,"aitchison_pc0.01",0.304318837163526,800,190.202452324782
8,"both",0.4,"aitchison_pc0.1",0.327641350196277,800,190.202452324782
8,"both",0.4,"aitchison_pc1",0.374363626051377,800,190.202452324782
8,"both",0.4,"bray",0.276508006608278,800,190.202452324782
8,"both",0.4,"euclidean",0.165842820233175,800,190.202452324782
8,"both",0.4,"jaccard",0.190086919697911,800,190.202452324782
8,"both",0.45,"AHC_euclidean",0.472330159922821,800,190.202452324782
8,"both",0.45,"ILR_euclidean_pc0.01",0.391738426426503,800,190.202452324782
8,"both",0.45,"ILR_euclidean_pc0.1",0.408708576626685,800,190.202452324782
8,"both",0.45,"ILR_euclidean_pc0.5",0.439663713611686,800,190.202452324782
8,"both",0.45,"ILR_euclidean_pc1",0.475535702201522,800,190.202452324782
8,"both",0.45,"aitchison",0.456291579120132,800,190.202452324782
8,"both",0.45,"aitchison_pc0.01",0.394957485139743,800,190.202452324782
8,"both",0.45,"aitchison_pc0.1",0.414108274201355,800,190.202452324782
8,"both",0.45,"aitchison_pc1",0.474131770066652,800,190.202452324782
8,"both",0.45,"bray",0.425293202298947,800,190.202452324782
8,"both",0.45,"euclidean",0.225137264170911,800,190.202452324782
8,"both",0.45,"jaccard",0.279191458745876,800,190.202452324782
8,"both",0.5,"AHC_euclidean",0.55247871644617,800,190.202452324782
8,"both",0.5,"ILR_euclidean_pc0.01",0.551582218799499,800,190.202452324782
8,"both",0.5,"ILR_euclidean_pc0.1",0.585096187468334,800,190.202452324782
8,"both",0.5,"ILR_euclidean_pc0.5",0.632591095599237,800,190.202452324782
8,"both",0.5,"ILR_euclidean_pc1",0.650902626424017,800,190.202452324782
8,"both",0.5,"aitchison",0.615820212516591,800,190.202452324782
8,"both",0.5,"aitchison_pc0.01",0.550834977491157,800,190.202452324782
8,"both",0.5,"aitchison_pc0.1",0.594349195167393,800,190.202452324782
8,"both",0.5,"aitchison_pc1",0.64208246110901,800,190.202452324782
8,"both",0.5,"bray",0.511082146388456,800,190.202452324782
8,"both",0.5,"euclidean",0.238157389217838,800,190.202452324782
8,"both",0.5,"jaccard",0.389156221803204,800,190.202452324782
8,"both",0.55,"AHC_euclidean",0.673819829554076,800,190.202452324782
8,"both",0.55,"ILR_euclidean_pc0.01",0.681811592354796,800,190.202452324782
8,"both",0.55,"ILR_euclidean_pc0.1",0.732248265025958,800,190.202452324782
8,"both",0.55,"ILR_euclidean_pc0.5",0.759693611757363,800,190.202452324782
8,"both",0.55,"ILR_euclidean_pc1",0.779099045459882,800,190.202452324782
8,"both",0.55,"aitchison",0.765383458542659,800,190.202452324782
8,"both",0.55,"aitchison_pc0.01",0.676594820687816,800,190.202452324782
8,"both",0.55,"aitchison_pc0.1",0.71462543877348,800,190.202452324782
8,"both",0.55,"aitchison_pc1",0.788034506366837,800,190.202452324782
8,"both",0.55,"bray",0.638178802837873,800,190.202452324782
8,"both",0.55,"euclidean",0.283705245192932,800,190.202452324782
8,"both",0.55,"jaccard",0.517635343914126,800,190.202452324782
8,"both",0.6,"AHC_euclidean",0.780660448248609,800,190.202452324782
8,"both",0.6,"ILR_euclidean_pc0.01",0.779432998893704,800,190.202452324782
8,"both",0.6,"ILR_euclidean_pc0.1",0.822440443789627,800,190.202452324782
8,"both",0.6,"ILR_euclidean_pc0.5",0.858709188824724,800,190.202452324782
8,"both",0.6,"ILR_euclidean_pc1",0.874849777286157,800,190.202452324782
8,"both",0.6,"aitchison",0.863120453503118,800,190.202452324782
8,"both",0.6,"aitchison_pc0.01",0.783229065129877,800,190.202452324782
8,"both",0.6,"aitchison_pc0.1",0.817809212461552,800,190.202452324782
8,"both",0.6,"aitchison_pc1",0.87737547608899,800,190.202452324782
8,"both",0.6,"bray",0.75384538401338,800,190.202452324782
8,"both",0.6,"euclidean",0.388212356129963,800,190.202452324782
8,"both",0.6,"jaccard",0.569928396324262,800,190.202452324782
8,"both",0.65,"AHC_euclidean",0.865416081647583,800,190.202452324782
8,"both",0.65,"ILR_euclidean_pc0.01",0.874126494751447,800,190.202452324782
8,"both",0.65,"ILR_euclidean_pc0.1",0.913139970597837,800,190.202452324782
8,"both",0.65,"ILR_euclidean_pc0.5",0.92379217658041,800,190.202452324782
8,"both",0.65,"ILR_euclidean_pc1",0.936218326692068,800,190.202452324782
8,"both",0.65,"aitchison",0.929869879736258,800,190.202452324782
8,"both",0.65,"aitchison_pc0.01",0.872129204865259,800,190.202452324782
8,"both",0.65,"aitchison_pc0.1",0.906586466781809,800,190.202452324782
8,"both",0.65,"aitchison_pc1",0.936751118726755,800,190.202452324782
8,"both",0.65,"bray",0.824832267807036,800,190.202452324782
8,"both",0.65,"euclidean",0.430632562703028,800,190.202452324782
8,"both",0.65,"jaccard",0.718444743870651,800,190.202452324782
8,"both",0.7,"AHC_euclidean",0.914456239578198,800,190.202452324782
8,"both",0.7,"ILR_euclidean_pc0.01",0.950631458433575,800,190.202452324782
8,"both",0.7,"ILR_euclidean_pc0.1",0.965625616846548,800,190.202452324782
8,"both",0.7,"ILR_euclidean_pc0.5",0.977882970291468,800,190.202452324782
8,"both",0.7,"ILR_euclidean_pc1",0.98298891348119,800,190.202452324782
8,"both",0.7,"aitchison",0.980155446133007,800,190.202452324782
8,"both",0.7,"aitchison_pc0.01",0.955264967015544,800,190.202452324782
8,"both",0.7,"aitchison_pc0.1",0.967684125655499,800,190.202452324782
8,"both",0.7,"aitchison_pc1",0.981395007750122,800,190.202452324782
8,"both",0.7,"bray",0.882870762921876,800,190.202452324782
8,"both",0.7,"euclidean",0.519225395738466,800,190.202452324782
8,"both",0.7,"jaccard",0.817662013072894,800,190.202452324782
8,"both",0.75,"AHC_euclidean",0.957289729105644,800,190.202452324782
8,"both",0.75,"ILR_euclidean_pc0.01",0.973390499424875,800,190.202452324782
8,"both",0.75,"ILR_euclidean_pc0.1",0.98440200799525,800,190.202452324782
8,"both",0.75,"ILR_euclidean_pc0.5",0.989485227060869,800,190.202452324782
8,"both",0.75,"ILR_euclidean_pc1",0.990268966224843,800,190.202452324782
8,"both",0.75,"aitchison",0.988649911094704,800,190.202452324782
8,"both",0.75,"aitchison_pc0.01",0.979435057199621,800,190.202452324782
8,"both",0.75,"aitchison_pc0.1",0.981545082035226,800,190.202452324782
8,"both",0.75,"aitchison_pc1",0.990018100377162,800,190.202452324782
8,"both",0.75,"bray",0.926915544292865,800,190.202452324782
8,"both",0.75,"euclidean",0.591569685471042,800,190.202452324782
8,"both",0.75,"jaccard",0.893750413207948,800,190.202452324782
8,"both",0.8,"AHC_euclidean",0.974551856135517,800,190.202452324782
8,"both",0.8,"ILR_euclidean_pc0.01",0.989562734898244,800,190.202452324782
8,"both",0.8,"ILR_euclidean_pc0.1",0.99386221479989,800,190.202452324782
8,"both",0.8,"ILR_euclidean_pc0.5",0.994492911387187,800,190.202452324782
8,"both",0.8,"ILR_euclidean_pc1",0.995754304561781,800,190.202452324782
8,"both",0.8,"aitchison",0.995178827280156,800,190.202452324782
8,"both",0.8,"aitchison_pc0.01",0.989562734898244,800,190.202452324782
8,"both",0.8,"aitchison_pc0.1",0.99250664085777,800,190.202452324782
8,"both",0.8,"aitchison_pc1",0.995234046585827,800,190.202452324782
8,"both",0.8,"bray",0.968013704704582,800,190.202452324782
8,"both",0.8,"euclidean",0.64045173414294,800,190.202452324782
8,"both",0.8,"jaccard",0.945317055457017,800,190.202452324782
8,"both",0.85,"AHC_euclidean",0.99285280454731,800,190.202452324782
8,"both",0.85,"ILR_euclidean_pc0.01",0.998801171913575,800,190.202452324782
8,"both",0.85,"ILR_euclidean_pc0.1",0.999902176728995,800,190.202452324782
8,"both",0.85,"ILR_euclidean_pc0.5",0.999902176728995,800,190.202452324782
8,"both",0.85,"ILR_euclidean_pc1",0.999902176728995,800,190.202452324782
8,"both",0.85,"aitchison",0.999902176728995,800,190.202452324782
8,"both",0.85,"aitchison_pc0.01",0.999161041530355,800,190.202452324782
8,"both",0.85,"aitchison_pc0.1",0.999902176728995,800,190.202452324782
8,"both",0.85,"aitchison_pc1",0.999902176728995,800,190.202452324782
8,"both",0.85,"bray",0.987833684518895,800,190.202452324782
8,"both",0.85,"euclidean",0.715047444516636,800,190.202452324782
8,"both",0.85,"jaccard",0.977407706223954,800,190.202452324782
8,"both",0.9,"AHC_euclidean",0.99557678884266,800,190.202452324782
8,"both",0.9,"ILR_euclidean_pc0.01",1,800,190.202452324782
8,"both",0.9,"ILR_euclidean_pc0.1",1,800,190.202452324782
8,"both",0.9,"ILR_euclidean_pc0.5",1,800,190.202452324782
8,"both",0.9,"ILR_euclidean_pc1",1,800,190.202452324782
8,"both",0.9,"aitchison",1,800,190.202452324782
8,"both",0.9,"aitchison_pc0.01",1,800,190.202452324782
8,"both",0.9,"aitchison_pc0.1",1,800,190.202452324782
8,"both",0.9,"aitchison_pc1",1,800,190.202452324782
8,"both",0.9,"bray",0.992439330390966,800,190.202452324782
8,"both",0.9,"euclidean",0.770301194933094,800,190.202452324782
8,"both",0.9,"jaccard",0.999364033854862,800,190.202452324782
8,"both",0.95,"AHC_euclidean",0.998580012844578,800,190.202452324782
8,"both",0.95,"ILR_euclidean_pc0.01",1,800,190.202452324782
8,"both",0.95,"ILR_euclidean_pc0.1",1,800,190.202452324782
8,"both",0.95,"ILR_euclidean_pc0.5",1,800,190.202452324782
8,"both",0.95,"ILR_euclidean_pc1",1,800,190.202452324782
8,"both",0.95,"aitchison",1,800,190.202452324782
8,"both",0.95,"aitchison_pc0.01",1,800,190.202452324782
8,"both",0.95,"aitchison_pc0.1",1,800,190.202452324782
8,"both",0.95,"aitchison_pc1",1,800,190.202452324782
8,"both",0.95,"bray",0.99445682741473,800,190.202452324782
8,"both",0.95,"euclidean",0.816712184461615,800,190.202452324782
8,"both",0.95,"jaccard",0.998589206752209,800,190.202452324782
8,"both",1,"AHC_euclidean",0.999596091575642,800,190.202452324782
8,"both",1,"ILR_euclidean_pc0.01",1,800,190.202452324782
8,"both",1,"ILR_euclidean_pc0.1",1,800,190.202452324782
8,"both",1,"ILR_euclidean_pc0.5",1,800,190.202452324782
8,"both",1,"ILR_euclidean_pc1",1,800,190.202452324782
8,"both",1,"aitchison",1,800,190.202452324782
8,"both",1,"aitchison_pc0.01",1,800,190.202452324782
8,"both",1,"aitchison_pc0.1",1,800,190.202452324782
8,"both",1,"aitchison_pc1",1,800,190.202452324782
8,"both",1,"bray",0.998725198025235,800,190.202452324782
8,"both",1,"euclidean",0.911606644386946,800,190.202452324782
8,"both",1,"jaccard",1,800,190.202452324782
8,"prevalence",0.05,"AHC_euclidean",0.0523459449673349,800,190.202452324782
8,"prevalence",0.05,"ILR_euclidean_pc0.01",0.0515123007042195,800,190.202452324782
8,"prevalence",0.05,"ILR_euclidean_pc0.1",0.061237976244697,800,190.202452324782
8,"prevalence",0.05,"ILR_euclidean_pc0.5",0.0623374649362679,800,190.202452324782
8,"prevalence",0.05,"ILR_euclidean_pc1",0.0669283695529035,800,190.202452324782
8,"prevalence",0.05,"aitchison",0.0643995525158293,800,190.202452324782
8,"prevalence",0.05,"aitchison_pc0.01",0.0541927254757257,800,190.202452324782
8,"prevalence",0.05,"aitchison_pc0.1",0.0608228873222453,800,190.202452324782
8,"prevalence",0.05,"aitchison_pc1",0.0627096939484005,800,190.202452324782
8,"prevalence",0.05,"bray",0.0443295659256803,800,190.202452324782
8,"prevalence",0.05,"euclidean",0.0578745272301316,800,190.202452324782
8,"prevalence",0.05,"jaccard",0.0471819216045728,800,190.202452324782
8,"prevalence",0.1,"AHC_euclidean",0.0385896914217851,800,190.202452324782
8,"prevalence",0.1,"ILR_euclidean_pc0.01",0.0374568491400036,800,190.202452324782
8,"prevalence",0.1,"ILR_euclidean_pc0.1",0.039894327192741,800,190.202452324782
8,"prevalence",0.1,"ILR_euclidean_pc0.5",0.0338912831629082,800,190.202452324782
8,"prevalence",0.1,"ILR_euclidean_pc1",0.0442467937948536,800,190.202452324782
8,"prevalence",0.1,"aitchison",0.0412499011348608,800,190.202452324782
8,"prevalence",0.1,"aitchison_pc0.01",0.0369991562522186,800,190.202452324782
8,"prevalence",0.1,"aitchison_pc0.1",0.0324487292212863,800,190.202452324782
8,"prevalence",0.1,"aitchison_pc1",0.037777020307508,800,190.202452324782
8,"prevalence",0.1,"bray",0.0365905311009533,800,190.202452324782
8,"prevalence",0.1,"euclidean",0.032280668464174,800,190.202452324782
8,"prevalence",0.1,"jaccard",0.0352858390729487,800,190.202452324782
8,"prevalence",0.15,"AHC_euclidean",0.0464243471765092,800,190.202452324782
8,"prevalence",0.15,"ILR_euclidean_pc0.01",0.0539958045165616,800,190.202452324782
8,"prevalence",0.15,"ILR_euclidean_pc0.1",0.0612919211332142,800,190.202452324782
8,"prevalence",0.15,"ILR_euclidean_pc0.5",0.0557000675773675,800,190.202452324782
8,"prevalence",0.15,"ILR_euclidean_pc1",0.0538315814417912,800,190.202452324782
8,"prevalence",0.15,"aitchison",0.0561903369283267,800,190.202452324782
8,"prevalence",0.15,"aitchison_pc0.01",0.0542466703642429,800,190.202452324782
8,"prevalence",0.15,"aitchison_pc0.1",0.051198456847044,800,190.202452324782
8,"prevalence",0.15,"aitchison_pc1",0.05623294089366,800,190.202452324782
8,"prevalence",0.15,"bray",0.041122502577588,800,190.202452324782
8,"prevalence",0.15,"euclidean",0.0560105658975981,800,190.202452324782
8,"prevalence",0.15,"jaccard",0.0676489535443189,800,190.202452324782
8,"prevalence",0.2,"AHC_euclidean",0.0433086588303788,800,190.202452324782
8,"prevalence",0.2,"ILR_euclidean_pc0.01",0.0528115123600918,800,190.202452324782
8,"prevalence",0.2,"ILR_euclidean_pc0.1",0.060086332299653,800,190.202452324782
8,"prevalence",0.2,"ILR_euclidean_pc0.5",0.0626693061173323,800,190.202452324782
8,"prevalence",0.2,"ILR_euclidean_pc1",0.062170213381891,800,190.202452324782
8,"prevalence",0.2,"aitchison",0.0653140541978063,800,190.202452324782
8,"prevalence",0.2,"aitchison_pc0.01",0.0566753868764183,800,190.202452324782
8,"prevalence",0.2,"aitchison_pc0.1",0.0659244781112134,800,190.202452324782
8,"prevalence",0.2,"aitchison_pc1",0.0576028486587019,800,190.202452324782
8,"prevalence",0.2,"bray",0.0482588275129509,800,190.202452324782
8,"prevalence",0.2,"euclidean",0.0479039465650565,800,190.202452324782
8,"prevalence",0.2,"jaccard",0.0571556267252418,800,190.202452324782
8,"prevalence",0.25,"AHC_euclidean",0.0408534870043679,800,190.202452324782
8,"prevalence",0.25,"ILR_euclidean_pc0.01",0.077212615550796,800,190.202452324782
8,"prevalence",0.25,"ILR_euclidean_pc0.1",0.0679757745190333,800,190.202452324782
8,"prevalence",0.25,"ILR_euclidean_pc0.5",0.067854091676727,800,190.202452324782
8,"prevalence",0.25,"ILR_euclidean_pc1",0.0685681257600466,800,190.202452324782
8,"prevalence",0.25,"aitchison",0.0676584451347173,800,190.202452324782
8,"prevalence",0.25,"aitchison_pc0.01",0.0705824537042764,800,190.202452324782
8,"prevalence",0.25,"aitchison_pc0.1",0.0689728956802338,800,190.202452324782
8,"prevalence",0.25,"aitchison_pc1",0.0659718999803922,800,190.202452324782
8,"prevalence",0.25,"bray",0.0511036766401651,800,190.202452324782
8,"prevalence",0.25,"euclidean",0.0629872802441661,800,190.202452324782
8,"prevalence",0.25,"jaccard",0.0797867699548335,800,190.202452324782
8,"prevalence",0.3,"AHC_euclidean",0.0543110327169174,800,190.202452324782
8,"prevalence",0.3,"ILR_euclidean_pc0.01",0.0954819186982598,800,190.202452324782
8,"prevalence",0.3,"ILR_euclidean_pc0.1",0.0882654362986117,800,190.202452324782
8,"prevalence",0.3,"ILR_euclidean_pc0.5",0.0933196668609305,800,190.202452324782
8,"prevalence",0.3,"ILR_euclidean_pc1",0.0930718584813671,800,190.202452324782
8,"prevalence",0.3,"aitchison",0.0958058799326714,800,190.202452324782
8,"prevalence",0.3,"aitchison_pc0.01",0.0925211252014504,800,190.202452324782
8,"prevalence",0.3,"aitchison_pc0.1",0.0861899085157987,800,190.202452324782
8,"prevalence",0.3,"aitchison_pc1",0.0921068772687608,800,190.202452324782
8,"prevalence",0.3,"bray",0.0576235090582473,800,190.202452324782
8,"prevalence",0.3,"euclidean",0.0631233052688678,800,190.202452324782
8,"prevalence",0.3,"jaccard",0.111362011570707,800,190.202452324782
8,"prevalence",0.35,"AHC_euclidean",0.0537364077418581,800,190.202452324782
8,"prevalence",0.35,"ILR_euclidean_pc0.01",0.114390053987845,800,190.202452324782
8,"prevalence",0.35,"ILR_euclidean_pc0.1",0.0996312790880228,800,190.202452324782
8,"prevalence",0.35,"ILR_euclidean_pc0.5",0.0994275522757771,800,190.202452324782
8,"prevalence",0.35,"ILR_euclidean_pc1",0.0873537357956761,800,190.202452324782
8,"prevalence",0.35,"aitchison",0.0960393489830287,800,190.202452324782
8,"prevalence",0.35,"aitchison_pc0.01",0.115198289344757,800,190.202452324782
8,"prevalence",0.35,"aitchison_pc0.1",0.102490331427677,800,190.202452324782
8,"prevalence",0.35,"aitchison_pc1",0.0872623968113394,800,190.202452324782
8,"prevalence",0.35,"bray",0.0573137275634625,800,190.202452324782
8,"prevalence",0.35,"euclidean",0.0626554558861901,800,190.202452324782
8,"prevalence",0.35,"jaccard",0.13164815434859,800,190.202452324782
8,"prevalence",0.4,"AHC_euclidean",0.073541854851547,800,190.202452324782
8,"prevalence",0.4,"ILR_euclidean_pc0.01",0.206018332672642,800,190.202452324782
8,"prevalence",0.4,"ILR_euclidean_pc0.1",0.180045602796034,800,190.202452324782
8,"prevalence",0.4,"ILR_euclidean_pc0.5",0.171118941966839,800,190.202452324782
8,"prevalence",0.4,"ILR_euclidean_pc1",0.155860441947813,800,190.202452324782
8,"prevalence",0.4,"aitchison",0.165456623622181,800,190.202452324782
8,"prevalence",0.4,"aitchison_pc0.01",0.20130766229701,800,190.202452324782
8,"prevalence",0.4,"aitchison_pc0.1",0.17209459036568,800,190.202452324782
8,"prevalence",0.4,"aitchison_pc1",0.163870592647785,800,190.202452324782
8,"prevalence",0.4,"bray",0.0735641937899236,800,190.202452324782
8,"prevalence",0.4,"euclidean",0.0601559345706769,800,190.202452324782
8,"prevalence",0.4,"jaccard",0.21351849198286,800,190.202452324782
8,"prevalence",0.45,"AHC_euclidean",0.0619685764214672,800,190.202452324782
8,"prevalence",0.45,"ILR_euclidean_pc0.01",0.232585331134038,800,190.202452324782
8,"prevalence",0.45,"ILR_euclidean_pc0.1",0.212535270455696,800,190.202452324782
8,"prevalence",0.45,"ILR_euclidean_pc0.5",0.200284869960614,800,190.202452324782
8,"prevalence",0.45,"ILR_euclidean_pc1",0.206259530442589,800,190.202452324782
8,"prevalence",0.45,"aitchison",0.184916020007083,800,190.202452324782
8,"prevalence",0.45,"aitchison_pc0.01",0.225200872225628,800,190.202452324782
8,"prevalence",0.45,"aitchison_pc0.1",0.210869631630152,800,190.202452324782
8,"prevalence",0.45,"aitchison_pc1",0.175055182359621,800,190.202452324782
8,"prevalence",0.45,"bray",0.0597403535275766,800,190.202452324782
8,"prevalence",0.45,"euclidean",0.0349368127276714,800,190.202452324782
8,"prevalence",0.45,"jaccard",0.259782598215393,800,190.202452324782
8,"prevalence",0.5,"AHC_euclidean",0.0766125111886296,800,190.202452324782
8,"prevalence",0.5,"ILR_euclidean_pc0.01",0.345934206117878,800,190.202452324782
8,"prevalence",0.5,"ILR_euclidean_pc0.1",0.330906905290549,800,190.202452324782
8,"prevalence",0.5,"ILR_euclidean_pc0.5",0.313243583885769,800,190.202452324782
8,"prevalence",0.5,"ILR_euclidean_pc1",0.296176582840923,800,190.202452324782
8,"prevalence",0.5,"aitchison",0.312611541133066,800,190.202452324782
8,"prevalence",0.5,"aitchison_pc0.01",0.358006501769193,800,190.202452324782
8,"prevalence",0.5,"aitchison_pc0.1",0.337974330703381,800,190.202452324782
8,"prevalence",0.5,"aitchison_pc1",0.30232412721894,800,190.202452324782
8,"prevalence",0.5,"bray",0.0489219394220991,800,190.202452324782
8,"prevalence",0.5,"euclidean",0.0370820441692512,800,190.202452324782
8,"prevalence",0.5,"jaccard",0.39726236573046,800,190.202452324782
8,"prevalence",0.55,"AHC_euclidean",0.0814532949583901,800,190.202452324782
8,"prevalence",0.55,"ILR_euclidean_pc0.01",0.409182288866345,800,190.202452324782
8,"prevalence",0.55,"ILR_euclidean_pc0.1",0.380202451329819,800,190.202452324782
8,"prevalence",0.55,"ILR_euclidean_pc0.5",0.328558270313276,800,190.202452324782
8,"prevalence",0.55,"ILR_euclidean_pc1",0.323423705179447,800,190.202452324782
8,"prevalence",0.55,"aitchison",0.345327850457319,800,190.202452324782
8,"prevalence",0.55,"aitchison_pc0.01",0.40926543415025,800,190.202452324782
8,"prevalence",0.55,"aitchison_pc0.1",0.387764256795727,800,190.202452324782
8,"prevalence",0.55,"aitchison_pc1",0.327513194347296,800,190.202452324782
8,"prevalence",0.55,"bray",0.0644883224791322,800,190.202452324782
8,"prevalence",0.55,"euclidean",0.0513580192655083,800,190.202452324782
8,"prevalence",0.55,"jaccard",0.484633535362417,800,190.202452324782
8,"prevalence",0.6,"AHC_euclidean",0.106853394914408,800,190.202452324782
8,"prevalence",0.6,"ILR_euclidean_pc0.01",0.501678052882134,800,190.202452324782
8,"prevalence",0.6,"ILR_euclidean_pc0.1",0.473680877144108,800,190.202452324782
8,"prevalence",0.6,"ILR_euclidean_pc0.5",0.430253824741904,800,190.202452324782
8,"prevalence",0.6,"ILR_euclidean_pc1",0.40421659917176,800,190.202452324782
8,"prevalence",0.6,"aitchison",0.434146894091106,800,190.202452324782
8,"prevalence",0.6,"aitchison_pc0.01",0.500403579125895,800,190.202452324782
8,"prevalence",0.6,"aitchison_pc0.1",0.465737785580858,800,190.202452324782
8,"prevalence",0.6,"aitchison_pc1",0.408839307709028,800,190.202452324782
8,"prevalence",0.6,"bray",0.0873883396945822,800,190.202452324782
8,"prevalence",0.6,"euclidean",0.0752361780144846,800,190.202452324782
8,"prevalence",0.6,"jaccard",0.600368867093828,800,190.202452324782
8,"prevalence",0.65,"AHC_euclidean",0.105867885549988,800,190.202452324782
8,"prevalence",0.65,"ILR_euclidean_pc0.01",0.615341838451337,800,190.202452324782
8,"prevalence",0.65,"ILR_euclidean_pc0.1",0.575477315046197,800,190.202452324782
8,"prevalence",0.65,"ILR_euclidean_pc0.5",0.540671946571388,800,190.202452324782
8,"prevalence",0.65,"ILR_euclidean_pc1",0.52015187683671,800,190.202452324782
8,"prevalence",0.65,"aitchison",0.541326269496321,800,190.202452324782
8,"prevalence",0.65,"aitchison_pc0.01",0.624586281210583,800,190.202452324782
8,"prevalence",0.65,"aitchison_pc0.1",0.581454945120799,800,190.202452324782
8,"prevalence",0.65,"aitchison_pc1",0.507658573927458,800,190.202452324782
8,"prevalence",0.65,"bray",0.0874798281312955,800,190.202452324782
8,"prevalence",0.65,"euclidean",0.0546164529751904,800,190.202452324782
8,"prevalence",0.65,"jaccard",0.712716814390608,800,190.202452324782
8,"prevalence",0.7,"AHC_euclidean",0.110337793051183,800,190.202452324782
8,"prevalence",0.7,"ILR_euclidean_pc0.01",0.767237026544633,800,190.202452324782
8,"prevalence",0.7,"ILR_euclidean_pc0.1",0.704365985237855,800,190.202452324782
8,"prevalence",0.7,"ILR_euclidean_pc0.5",0.658809903176703,800,190.202452324782
8,"prevalence",0.7,"ILR_euclidean_pc1",0.63472548474271,800,190.202452324782
8,"prevalence",0.7,"aitchison",0.646693097087896,800,190.202452324782
8,"prevalence",0.7,"aitchison_pc0.01",0.761399375669709,800,190.202452324782
8,"prevalence",0.7,"aitchison_pc0.1",0.716189439633446,800,190.202452324782
8,"prevalence",0.7,"aitchison_pc1",0.617507640646208,800,190.202452324782
8,"prevalence",0.7,"bray",0.0885600195173139,800,190.202452324782
8,"prevalence",0.7,"euclidean",0.05956487786237,800,190.202452324782
8,"prevalence",0.7,"jaccard",0.849063915794667,800,190.202452324782
8,"prevalence",0.75,"AHC_euclidean",0.109863597830213,800,190.202452324782
8,"prevalence",0.75,"ILR_euclidean_pc0.01",0.807174345607793,800,190.202452324782
8,"prevalence",0.75,"ILR_euclidean_pc0.1",0.777974144479391,800,190.202452324782
8,"prevalence",0.75,"ILR_euclidean_pc0.5",0.723627975121299,800,190.202452324782
8,"prevalence",0.75,"ILR_euclidean_pc1",0.693478102355724,800,190.202452324782
8,"prevalence",0.75,"aitchison",0.728095239319589,800,190.202452324782
8,"prevalence",0.75,"aitchison_pc0.01",0.811876513698685,800,190.202452324782
8,"prevalence",0.75,"aitchison_pc0.1",0.770784008201258,800,190.202452324782
8,"prevalence",0.75,"aitchison_pc1",0.696298548475914,800,190.202452324782
8,"prevalence",0.75,"bray",0.0865304263359559,800,190.202452324782
8,"prevalence",0.75,"euclidean",0.0483843850146062,800,190.202452324782
8,"prevalence",0.75,"jaccard",0.918221011325409,800,190.202452324782
8,"prevalence",0.8,"AHC_euclidean",0.134951250429962,800,190.202452324782
8,"prevalence",0.8,"ILR_euclidean_pc0.01",0.879021721148268,800,190.202452324782
8,"prevalence",0.8,"ILR_euclidean_pc0.1",0.834962399481919,800,190.202452324782
8,"prevalence",0.8,"ILR_euclidean_pc0.5",0.782338253850854,800,190.202452324782
8,"prevalence",0.8,"ILR_euclidean_pc1",0.754626775282561,800,190.202452324782
8,"prevalence",0.8,"aitchison",0.78952801781181,800,190.202452324782
8,"prevalence",0.8,"aitchison_pc0.01",0.876466388031235,800,190.202452324782
8,"prevalence",0.8,"aitchison_pc0.1",0.833244174915369,800,190.202452324782
8,"prevalence",0.8,"aitchison_pc1",0.751401571398193,800,190.202452324782
8,"prevalence",0.8,"bray",0.104173022782225,800,190.202452324782
8,"prevalence",0.8,"euclidean",0.0440481922627185,800,190.202452324782
8,"prevalence",0.8,"jaccard",0.94189301145517,800,190.202452324782
8,"prevalence",0.85,"AHC_euclidean",0.135987656609321,800,190.202452324782
8,"prevalence",0.85,"ILR_euclidean_pc0.01",0.954317467011504,800,190.202452324782
8,"prevalence",0.85,"ILR_euclidean_pc0.1",0.92143027550837,800,190.202452324782
8,"prevalence",0.85,"ILR_euclidean_pc0.5",0.897317651629075,800,190.202452324782
8,"prevalence",0.85,"ILR_euclidean_pc1",0.864049428235394,800,190.202452324782
8,"prevalence",0.85,"aitchison",0.895683012367318,800,190.202452324782
8,"prevalence",0.85,"aitchison_pc0.01",0.961817583934125,800,190.202452324782
8,"prevalence",0.85,"aitchison_pc0.1",0.924203907199174,800,190.202452324782
8,"prevalence",0.85,"aitchison_pc1",0.866989499479324,800,190.202452324782
8,"prevalence",0.85,"bray",0.0939195867586573,800,190.202452324782
8,"prevalence",0.85,"euclidean",0.0369415248247961,800,190.202452324782
8,"prevalence",0.85,"jaccard",0.983782288004983,800,190.202452324782
8,"prevalence",0.9,"AHC_euclidean",0.13063828896884,800,190.202452324782
8,"prevalence",0.9,"ILR_euclidean_pc0.01",0.961409448298325,800,190.202452324782
8,"prevalence",0.9,"ILR_euclidean_pc0.1",0.95354290384447,800,190.202452324782
8,"prevalence",0.9,"ILR_euclidean_pc0.5",0.928988160588443,800,190.202452324782
8,"prevalence",0.9,"ILR_euclidean_pc1",0.906678633979751,800,190.202452324782
8,"prevalence",0.9,"aitchison",0.922376461747293,800,190.202452324782
8,"prevalence",0.9,"aitchison_pc0.01",0.967162325413096,800,190.202452324782
8,"prevalence",0.9,"aitchison_pc0.1",0.953327359912494,800,190.202452324782
8,"prevalence",0.9,"aitchison_pc1",0.908163873168311,800,190.202452324782
8,"prevalence",0.9,"bray",0.107407130377855,800,190.202452324782
8,"prevalence",0.9,"euclidean",0.0474309185624682,800,190.202452324782
8,"prevalence",0.9,"jaccard",0.998373467650784,800,190.202452324782
8,"prevalence",0.95,"AHC_euclidean",0.142822761649497,800,190.202452324782
8,"prevalence",0.95,"ILR_euclidean_pc0.01",0.987050936835032,800,190.202452324782
8,"prevalence",0.95,"ILR_euclidean_pc0.1",0.985160923297796,800,190.202452324782
8,"prevalence",0.95,"ILR_euclidean_pc0.5",0.961606636649136,800,190.202452324782
8,"prevalence",0.95,"ILR_euclidean_pc1",0.941630510337895,800,190.202452324782
8,"prevalence",0.95,"aitchison",0.95931784218824,800,190.202452324782
8,"prevalence",0.95,"aitchison_pc0.01",0.990874077820669,800,190.202452324782
8,"prevalence",0.95,"aitchison_pc0.1",0.980250839368268,800,190.202452324782
8,"prevalence",0.95,"aitchison_pc1",0.942842714894703,800,190.202452324782
8,"prevalence",0.95,"bray",0.108333590053802,800,190.202452324782
8,"prevalence",0.95,"euclidean",0.0610352025718649,800,190.202452324782
8,"prevalence",0.95,"jaccard",0.996115609020806,800,190.202452324782
8,"prevalence",1,"AHC_euclidean",0.221495687597501,800,190.202452324782
8,"prevalence",1,"ILR_euclidean_pc0.01",0.98902248472866,800,190.202452324782
8,"prevalence",1,"ILR_euclidean_pc0.1",0.988759003540641,800,190.202452324782
8,"prevalence",1,"ILR_euclidean_pc0.5",0.988508137692959,800,190.202452324782
8,"prevalence",1,"ILR_euclidean_pc1",0.981407288363552,800,190.202452324782
8,"prevalence",1,"aitchison",0.986121519961059,800,190.202452324782
8,"prevalence",1,"aitchison_pc0.01",0.988967265422989,800,190.202452324782
8,"prevalence",1,"aitchison_pc0.1",0.988661180269636,800,190.202452324782
8,"prevalence",1,"aitchison_pc1",0.979810345679848,800,190.202452324782
8,"prevalence",1,"bray",0.161033300191378,800,190.202452324782
8,"prevalence",1,"euclidean",0.0597260295842373,800,190.202452324782
8,"prevalence",1,"jaccard",0.999944780694328,800,190.202452324782
