"Landmark","Arm","Taxon","MeanRecoveryContribution","SE","n"
"Early post-index","Control","01D2Z36 (family)",9.13394774854741e-08,1.98292020280185e-07,11
"Early post-index","Control","0319-7L14 (order)",1.82678954970948e-07,3.96584040560369e-07,11
"Early post-index","Control","258ds10 (order)",1.82678954970948e-07,3.96584040560369e-07,11
"Early post-index","Control","32-20 (order)",1.82678954970948e-07,3.96584040560369e-07,11
"Early post-index","Control","A17 (genus)",9.13394774854741e-08,1.98292020280185e-07,11
"Early post-index","Control","A4b (family)",4.56697387427371e-07,9.91460101400923e-07,11
"Early post-index","Control","Abiotrophia (genus)",9.13394774854741e-08,1.98292020280185e-07,11
"Early post-index","Control","Acetobacter (genus)",9.13394774854741e-08,1.98292020280185e-07,11
"Early post-index","Control","Acetobacteraceae (family)",2.74018432456422e-07,5.94876060840554e-07,11
"Early post-index","Control","Acholeplasma (genus)",1.82678954970948e-07,3.96584040560369e-07,11
"Early post-index","Control","Achromobacter (genus)",3.65425011665678e-05,3.24671017742959e-05,11
"Early post-index","Control","Acidaminococcus (genus)",9.13394774854741e-08,1.98292020280185e-07,11
"Early post-index","Control","Acidimicrobiales (order)",1.82678954970948e-07,3.96584040560369e-07,11
"Early post-index","Control","Acidobacteriaceae (family)",9.13394774854741e-08,1.98292020280185e-07,11
"Early post-index","Control","Acinetobacter (genus)",9.13394774854742e-07,1.98292020280185e-06,11
"Early post-index","Control","Actinobacillus (genus)",9.13394774854741e-08,1.98292020280185e-07,11
"Early post-index","Control","Actinobaculum (genus)",1.82678954970948e-07,3.96584040560369e-07,11
"Early post-index","Control","Actinomyces (genus)",0.0140375476265105,0.00911659199338135,11
"Early post-index","Control","Actinomycetaceae (family)",0.000101128518764344,0.000122216297723939,11
"Early post-index","Control","Actinomycetales (order)",8.22055297369268e-07,1.78462818252166e-06,11
"Early post-index","Control","Actinopolysporaceae (family)",9.13394774854741e-08,1.98292020280185e-07,11
"Early post-index","Control","Adlercreutzia (genus)",-0.000604067313668041,0.000610954566705728,11
"Early post-index","Control","Aerococcaceae (family)",3.38341247804791e-05,3.28506976688223e-05,11
"Early post-index","Control","Aerococcus (genus)",4.56697387427371e-07,9.91460101400923e-07,11
"Early post-index","Control","Aeromicrobium (genus)",1.25384782371124e-06,1.00287370630585e-06,11
"Early post-index","Control","Aeromonadaceae (family)",9.13394774854741e-08,1.98292020280185e-07,11
"Early post-index","Control","Afifella (genus)",9.13394774854741e-08,1.98292020280185e-07,11
"Early post-index","Control","Aggregatibacter (genus)",3.65357909941897e-07,7.93168081120738e-07,11
"Early post-index","Control","Agrobacterium (genus)",8.5335300942164e-07,9.40194129385629e-07,11
"Early post-index","Control","Agromyces (genus)",9.13394774854741e-08,1.98292020280185e-07,11
"Early post-index","Control","Akkermansia (genus)",-0.0396821550701595,0.0292461997662252,11
"Early post-index","Control","Alcaligenaceae (family)",9.13394774854741e-08,1.98292020280185e-07,11
"Early post-index","Control","Alicyclobacillus (genus)",9.13394774854741e-08,1.98292020280185e-07,11
"Early post-index","Control","Allobaculum (genus)",0.00478946279876938,0.00446985981893904,11
"Early post-index","Control","Alloiococcus (genus)",9.13394774854741e-08,1.98292020280185e-07,11
"Early post-index","Control","Alphaproteobacteria (class)",8.96429729791102e-05,8.95097362833395e-05,11
"Early post-index","Control","Anaerobacillus (genus)",-6.95879402346043e-06,8.3857173013624e-06,11
"Early post-index","Control","Anaerobrancaceae (family)",9.13394774854741e-08,1.98292020280185e-07,11
"Early post-index","Control","Anaerococcus (genus)",6.38541984302147e-06,8.19149997918903e-06,11
"Early post-index","Control","Anaerofilum (genus)",9.13394774854741e-08,1.98292020280185e-07,11
"Early post-index","Control","Anaeroplasma (genus)",4.9905593769593e-05,4.99828147349556e-05,11
"Early post-index","Control","Anaerostipes (genus)",0.00126129779920856,0.00143273526475716,11
"Early post-index","Control","Anaerotruncus (genus)",-0.000100220631536263,0.000147650488530962,11
"Early post-index","Control","Anoxybacillus (genus)",2.74018432456422e-07,5.94876060840554e-07,11
"Early post-index","Control","Aquicella (genus)",1.82678954970948e-07,3.96584040560369e-07,11
"Early post-index","Control","Arcanobacterium (genus)",3.06117735666226e-05,2.93562328575246e-05,11
"Early post-index","Control","Arctic97B-4 (order)",9.13394774854741e-08,1.98292020280185e-07,11
"Early post-index","Control","Arthrobacter (genus)",3.24599857731875e-05,3.26148798599503e-05,11
"Early post-index","Control","Atopobium (genus)",0.00378963142249858,0.00372147871820822,11
"Early post-index","Control","Azorhizobium (genus)",9.13394774854741e-08,1.98292020280185e-07,11
"Early post-index","Control","Azospira (genus)",9.13394774854741e-08,1.98292020280185e-07,11
"Early post-index","Control","BD7-3 (order)",1.82678954970948e-07,3.96584040560369e-07,11
"Early post-index","Control","BF311 (genus)",9.13394774854741e-08,1.98292020280185e-07,11
"Early post-index","Control","Bacillaceae (family)",3.65357909941897e-07,7.93168081120738e-07,11
"Early post-index","Control","Bacillales (order)",0.000431413871578239,0.000289925874714546,11
"Early post-index","Control","Bacilli (class)",5.48036864912845e-07,1.18975212168111e-06,11
"Early post-index","Control","Bacillus (genus)",-0.00417419646601855,0.00307583190060413,11
"Early post-index","Control","Bacteria (kingdom)",3.65357909941897e-07,7.93168081120738e-07,11
"Early post-index","Control","Bacteroidales (order)",4.08153243346561e-06,6.83302512541318e-06,11
"Early post-index","Control","Bacteroides (genus)",-0.00373277528631741,0.00610933687672893,11
"Early post-index","Control","Balneimonas (genus)",9.13394774854741e-08,1.98292020280185e-07,11
"Early post-index","Control","Beijerinckiaceae (family)",2.74018432456422e-07,5.94876060840554e-07,11
"Early post-index","Control","Betaproteobacteria (class)",3.65357909941897e-07,7.93168081120738e-07,11
"Early post-index","Control","Bifidobacteriaceae (family)",0.0244349487309195,0.0235520707180501,11
"Early post-index","Control","Bifidobacterium (genus)",-0.0351484490624711,0.0346955518667513,11
"Early post-index","Control","Bilophila (genus)",0.000116990207870925,7.96093917999545e-05,11
"Early post-index","Control","Blattabacteriaceae (family)",1.82678954970948e-07,3.96584040560369e-07,11
"Early post-index","Control","Blautia (genus)",-0.0654427140411695,0.0351366466233321,11
"Early post-index","Control","Bosea (genus)",2.70422479801785e-06,2.51439710231921e-06,11
"Early post-index","Control","Bradyrhizobiaceae (family)",0.00016627482377593,0.000135992656129165,11
"Early post-index","Control","Bradyrhizobium (genus)",0.00020647506640127,0.000181354860822731,11
"Early post-index","Control","Brevibacillus (genus)",6.39376342398319e-07,1.38804414196129e-06,11
"Early post-index","Control","Brevibacteriaceae (family)",9.13394774854741e-08,1.98292020280185e-07,11
"Early post-index","Control","Brevibacterium (genus)",5.48036864912845e-07,1.18975212168111e-06,11
"Early post-index","Control","Brochothrix (genus)",9.13394774854741e-08,1.98292020280185e-07,11
"Early post-index","Control","Bulleidia (genus)",5.48036864912845e-07,1.18975212168111e-06,11
"Early post-index","Control","Burkholderia (genus)",0.000322143168988115,0.000322041328929376,11
"Early post-index","Control","Butyricimonas (genus)",-4.93171819188385e-05,5.31559621826115e-05,11
"Early post-index","Control","Butyrivibrio (genus)",9.13394774854741e-08,1.98292020280185e-07,11
"Early post-index","Control","CAB-I (order)",9.13394774854741e-08,1.98292020280185e-07,11
"Early post-index","Control","CF231 (genus)",9.13394774854741e-08,1.98292020280185e-07,11
"Early post-index","Control","CFB-26 (order)",9.13394774854741e-08,1.98292020280185e-07,11
"Early post-index","Control","CW040 (order)",9.13394774854741e-08,1.98292020280185e-07,11
"Early post-index","Control","Campylobacter (genus)",4.07469870907153e-06,3.7133781259702e-06,11
"Early post-index","Control","Candidatus Phytoplasma (genus)",9.13394774854741e-08,1.98292020280185e-07,11
"Early post-index","Control","Candidatus Portiera (genus)",1.82678954970948e-07,3.96584040560369e-07,11
"Early post-index","Control","Candidatus Rhodoluna (genus)",9.13394774854741e-08,1.98292020280185e-07,11
"Early post-index","Control","Candidatus Solibacter (genus)",9.13394774854741e-08,1.98292020280185e-07,11
"Early post-index","Control","Candidatus Xiphinematobacter (genus)",9.13394774854741e-08,1.98292020280185e-07,11
"Early post-index","Control","Capnocytophaga (genus)",6.39376342398319e-07,1.38804414196129e-06,11
"Early post-index","Control","Catabacteriaceae (family)",1.82678954970948e-07,3.96584040560369e-07,11
"Early post-index","Control","Catenibacterium (genus)",1.64411059473853e-06,3.56925636504332e-06,11
"Early post-index","Control","Caulobacteraceae (family)",9.13394774854741e-08,1.98292020280185e-07,11
"Early post-index","Control","Cellulomonas (genus)",9.13394774854741e-08,1.98292020280185e-07,11
"Early post-index","Control","Cellulosimicrobium (genus)",1.82678954970948e-07,3.96584040560369e-07,11
"Early post-index","Control","Cellvibrio (genus)",9.13394774854741e-08,1.98292020280185e-07,11
"Early post-index","Control","Cenarchaeaceae (family)",9.13394774854741e-08,1.98292020280185e-07,11
"Early post-index","Control","Chitinophagaceae (family)",1.09607372982569e-06,2.37950424336221e-06,11
"Early post-index","Control","Chlamydiae (phylum)",-2.03695000054791e-05,2.04961091518593e-05,11
"Early post-index","Control","Chlamydiia (class)",1.32701307480858e-06,1.2557018384021e-06,11
"Early post-index","Control","Chloroflexaceae (family)",6.76217439851185e-05,6.76989363012363e-05,11
"Early post-index","Control","Chloroflexales (order)",3.23686462957021e-05,3.24459264335731e-05,11
"Early post-index","Control","Chromatiaceae (family)",2.74018432456422e-07,5.94876060840554e-07,11
"Early post-index","Control","Chromatiales (order)",0.000100678079727965,8.91481483473027e-05,11
"Early post-index","Control","Chthoniobacter (genus)",1.71866508158954e-06,1.64360557218725e-06,11
"Early post-index","Control","Citrobacter (genus)",0.000247343102763711,0.00127119750856758,11
"Early post-index","Control","Clavibacter (genus)",9.13394774854741e-08,1.98292020280185e-07,11
"Early post-index","Control","Cloacibacillus (genus)",9.13394774854741e-08,1.98292020280185e-07,11
"Early post-index","Control","Clostridiaceae (family)",-0.0384089812129035,0.0437433153129292,11
"Early post-index","Control","Clostridiales (order)",-0.00119574689447268,0.0012355424965054,11
"Early post-index","Control","Clostridium (genus)",-0.00313754797839463,0.00397836943260834,11
"Early post-index","Control","Cohnella (genus)",9.13394774854741e-08,1.98292020280185e-07,11
"Early post-index","Control","Collinsella (genus)",3.13596545268337e-05,4.5516880770343e-05,11
"Early post-index","Control","Colwelliaceae (family)",1.82678954970948e-07,3.96584040560369e-07,11
"Early post-index","Control","Comamonadaceae (family)",7.30715819883794e-07,1.58633616224148e-06,11
"Early post-index","Control","Conexibacteraceae (family)",3.23686462957021e-05,3.24459264335731e-05,11
"Early post-index","Control","Coprobacillus (genus)",-0.00425901803743467,0.00392181921109961,11
"Early post-index","Control","Coprococcus (genus)",-0.00052076940148868,0.000789084068593561,11
"Early post-index","Control","Coriobacteriaceae (family)",0.00137507984470673,0.00125047224894852,11
"Early post-index","Control","Corynebacterium (genus)",0.000785116096811156,0.000516164030856358,11
"Early post-index","Control","Coxiella (genus)",9.13394774854741e-08,1.98292020280185e-07,11
"Early post-index","Control","Cryocola (genus)",9.13394774854741e-08,1.98292020280185e-07,11
"Early post-index","Control","Cryomorphaceae (family)",1.82678954970948e-07,3.96584040560369e-07,11
"Early post-index","Control","Cupriavidus (genus)",7.36641586907703e-06,5.238343693249e-06,11
"Early post-index","Control","Curtobacterium (genus)",3.3486455873858e-07,4.27837548651885e-07,11
"Early post-index","Control","Cytophagaceae (family)",2.74018432456422e-07,5.94876060840554e-07,11
"Early post-index","Control","DA101 (genus)",9.13394774854741e-08,1.98292020280185e-07,11
"Early post-index","Control","DHVE3 (order)",9.13394774854741e-08,1.98292020280185e-07,11
"Early post-index","Control","Dehalococcoidaceae (family)",2.74018432456422e-07,5.94876060840554e-07,11
"Early post-index","Control","Deinococcus (genus)",0.000277535508694955,0.000226032895821052,11
"Early post-index","Control","Deltaproteobacteria (class)",2.27170556171569e-06,2.11543801870231e-06,11
"Early post-index","Control","Demequina (genus)",9.13394774854741e-08,1.98292020280185e-07,11
"Early post-index","Control","Dermabacter (genus)",1.82678954970948e-07,3.96584040560369e-07,11
"Early post-index","Control","Dermabacteraceae (family)",9.13394774854741e-08,1.98292020280185e-07,11
"Early post-index","Control","Dermacoccus (genus)",1.82678954970948e-07,3.96584040560369e-07,11
"Early post-index","Control","Desulfarculus (genus)",9.13394774854741e-08,1.98292020280185e-07,11
"Early post-index","Control","Desulfobacca (genus)",9.13394774854741e-08,1.98292020280185e-07,11
"Early post-index","Control","Desulfobacteraceae (family)",2.74018432456422e-07,5.94876060840554e-07,11
"Early post-index","Control","Desulfobulbaceae (family)",0.000118150076553265,8.05844973436672e-05,11
"Early post-index","Control","Desulfococcus (genus)",7.85119130982537e-05,5.57654410828616e-05,11
"Early post-index","Control","Desulfomonile (genus)",9.13394774854741e-08,1.98292020280185e-07,11
"Early post-index","Control","Desulfosporomusa (genus)",9.13394774854741e-08,1.98292020280185e-07,11
"Early post-index","Control","Desulfovibrio (genus)",2.756792239068e-06,2.60003922572596e-06,11
"Early post-index","Control","Desulfovibrionaceae (family)",9.13394774854741e-08,1.98292020280185e-07,11
"Early post-index","Control","Devosia (genus)",9.13394774854741e-08,1.98292020280185e-07,11
"Early post-index","Control","Dialister (genus)",1.71054521113861e-06,1.4240183882734e-06,11
"Early post-index","Control","Dietzia (genus)",1.82678954970948e-07,3.96584040560369e-07,11
"Early post-index","Control","Dorea (genus)",-0.0188843127083103,0.0111097474597655,11
"Early post-index","Control","Dysgonomonas (genus)",9.13394774854741e-08,1.98292020280185e-07,11
"Early post-index","Control","EB1017 (family)",9.13394774854741e-08,1.98292020280185e-07,11
"Early post-index","Control","Eggerthella (genus)",-0.00250652129313606,0.00139430961385523,11
"Early post-index","Control","Eikenella (genus)",3.24599857731875e-05,3.26148798599503e-05,11
"Early post-index","Control","Ellin515 (family)",9.13394774854741e-08,1.98292020280185e-07,11
"Early post-index","Control","Ellin6529 (class)",1.82678954970948e-07,3.96584040560369e-07,11
"Early post-index","Control","Endozoicimonaceae (family)",9.13394774854741e-08,1.98292020280185e-07,11
"Early post-index","Control","Enterobacter (genus)",2.74018432456422e-07,5.94876060840554e-07,11
"Early post-index","Control","Enterobacteriaceae (family)",-0.00414093114742939,0.0431234394883885,11
"Early post-index","Control","Enterococcus (genus)",9.29350111865671e-05,7.57736032989162e-05,11
"Early post-index","Control","Epulopiscium (genus)",-7.1222352362049e-05,6.83710208542545e-05,11
"Early post-index","Control","Erwinia (genus)",1.2089891854557e-06,1.89918350625862e-06,11
"Early post-index","Control","Erysipelothrix (genus)",1.82678954970948e-07,3.96584040560369e-07,11
"Early post-index","Control","Erysipelotrichaceae (family)",1.95008898425211e-06,2.54541025892905e-06,11
"Early post-index","Control","Erythrobacteraceae (family)",9.13394774854741e-08,1.98292020280185e-07,11
"Early post-index","Control","Exiguobacteraceae (family)",9.13394774854741e-08,1.98292020280185e-07,11
"Early post-index","Control","Exiguobacterium (genus)",1.601031507265e-06,1.4826723893642e-06,11
"Early post-index","Control","F16 (family)",9.13394774854741e-08,1.98292020280185e-07,11
"Early post-index","Control","Facklamia (genus)",3.65357909941897e-07,7.93168081120738e-07,11
"Early post-index","Control","Faecalibacterium (genus)",0.00697518672090516,0.0113556883418733,11
"Early post-index","Control","Filifactor (genus)",9.13394774854741e-08,1.98292020280185e-07,11
"Early post-index","Control","Finegoldia (genus)",-4.63875380827657e-05,5.14021977734541e-05,11
"Early post-index","Control","Firmicutes (phylum)",0.000688434056537726,0.000558552106674612,11
"Early post-index","Control","Flammeovirgaceae (family)",1.12803368688284e-06,1.05126224338961e-06,11
"Early post-index","Control","Flavobacteriaceae (family)",9.13394774854741e-08,1.98292020280185e-07,11
"Early post-index","Control","Flavobacteriales (order)",9.13394774854741e-08,1.98292020280185e-07,11
"Early post-index","Control","Flavobacterium (genus)",2.00946850468043e-06,4.36242444616406e-06,11
"Early post-index","Control","Flectobacillus (genus)",9.13394774854741e-08,1.98292020280185e-07,11
"Early post-index","Control","Francisellaceae (family)",9.13394774854741e-08,1.98292020280185e-07,11
"Early post-index","Control","Friedmanniella (genus)",3.65357909941897e-07,7.93168081120738e-07,11
"Early post-index","Control","Fructobacillus (genus)",6.35034514281674e-05,4.71917614902823e-05,11
"Early post-index","Control","Fusobacteriaceae (family)",0.00162678697182894,0.00143559427003337,11
"Early post-index","Control","Fusobacteriales (order)",1.12803368688284e-06,1.05126224338961e-06,11
"Early post-index","Control","Fusobacterium (genus)",-0.010153168110581,0.0101871998010689,11
"Early post-index","Control","GCA004 (order)",9.13394774854741e-08,1.98292020280185e-07,11
"Early post-index","Control","GMD14H09 (order)",1.82678954970948e-07,3.96584040560369e-07,11
"Early post-index","Control","GW-22 (order)",9.13394774854741e-08,1.98292020280185e-07,11
"Early post-index","Control","Gallionella (genus)",9.13394774854741e-08,1.98292020280185e-07,11
"Early post-index","Control","Gammaproteobacteria (class)",1.78371046223595e-06,1.73374398496296e-06,11
"Early post-index","Control","Gardnerella (genus)",1.82678954970948e-07,3.96584040560369e-07,11
"Early post-index","Control","Gemella (genus)",7.87948432140424e-05,6.67512067789191e-05,11
"Early post-index","Control","Gemellaceae (family)",2.97550559203981e-05,1.86375798104206e-05,11
"Early post-index","Control","Gemellales (order)",1.82678954970948e-07,3.96584040560369e-07,11
"Early post-index","Control","Gemmata (genus)",3.02127393350611e-06,2.87463052707485e-06,11
"Early post-index","Control","Gemmataceae (family)",1.66595019991398e-05,1.62544578921516e-05,11
"Early post-index","Control","Gemmatimonadetes (class)",9.13394774854741e-08,1.98292020280185e-07,11
"Early post-index","Control","Geobacillus (genus)",9.13394774854741e-08,1.98292020280185e-07,11
"Early post-index","Control","Geobacter (genus)",0.000680573388817643,0.000662226534402937,11
"Early post-index","Control","Geobacteraceae (family)",7.48940176848871e-05,7.46352098424303e-05,11
"Early post-index","Control","Gluconacetobacter (genus)",5.79334576965218e-07,5.30694344373099e-07,11
"Early post-index","Control","Glycomyces (genus)",9.13394774854741e-08,1.98292020280185e-07,11
"Early post-index","Control","Gordonia (genus)",1.41835255229405e-06,1.30588070872687e-06,11
"Early post-index","Control","Granulicatella (genus)",1.82678954970948e-07,3.96584040560369e-07,11
"Early post-index","Control","HOC36 (order)",9.13394774854741e-08,1.98292020280185e-07,11
"Early post-index","Control","HTCC2207 (genus)",9.13394774854741e-08,1.98292020280185e-07,11
"Early post-index","Control","Haemophilus (genus)",-0.000529855439953181,0.000835540532590211,11
"Early post-index","Control","Helcococcus (genus)",9.13394774854741e-08,1.98292020280185e-07,11
"Early post-index","Control","Helicobacter (genus)",9.13394774854741e-08,1.98292020280185e-07,11
"Early post-index","Control","Hirschia (genus)",9.13394774854741e-08,1.98292020280185e-07,11
"Early post-index","Control","Holdemania (genus)",-0.00112389866851305,0.00106785833553616,11
"Early post-index","Control","Hymenobacter (genus)",2.74018432456422e-07,5.94876060840554e-07,11
"Early post-index","Control","Hyphomicrobiaceae (family)",3.84855891785548e-06,3.6957704577032e-06,11
"Early post-index","Control","Hyphomonadaceae (family)",8.89790021098921e-06,8.35336418131351e-06,11
"Early post-index","Control","JG30-KF-CM45 (order)",9.45354731911891e-07,8.8089311915461e-07,11
"Early post-index","Control","JTB36 (family)",2.74018432456422e-07,5.94876060840554e-07,11
"Early post-index","Control","Janthinobacterium (genus)",9.13394774854741e-08,1.98292020280185e-07,11
"Early post-index","Control","Jeotgalicoccus (genus)",9.13394774854741e-08,1.98292020280185e-07,11
"Early post-index","Control","Kingella (genus)",9.13394774854741e-08,1.98292020280185e-07,11
"Early post-index","Control","Klebsiella (genus)",-0.000164955285298902,0.000165417188690263,11
"Early post-index","Control","Kocuria (genus)",6.41714108348285e-06,5.10124478936284e-06,11
"Early post-index","Control","Koribacteraceae (family)",4.56697387427371e-07,9.91460101400923e-07,11
"Early post-index","Control","LD1-PB3 (order)",9.13394774854741e-08,1.98292020280185e-07,11
"Early post-index","Control","Lachnobacterium (genus)",2.74018432456422e-07,5.94876060840554e-07,11
"Early post-index","Control","Lachnospira (genus)",1.64411059473853e-06,3.56925636504332e-06,11
"Early post-index","Control","Lachnospiraceae (family)",-0.00879486638648429,0.0162827721278144,11
"Early post-index","Control","Lactobacillaceae (family)",2.74018432456422e-07,5.94876060840554e-07,11
"Early post-index","Control","Lactobacillales (order)",0.000976326629648465,0.000746572698227255,11
"Early post-index","Control","Lactobacillus (genus)",0.0700822428535162,0.0612682545786549,11
"Early post-index","Control","Lactococcus (genus)",0.0780017036551814,0.0384177330283147,11
"Early post-index","Control","Lautropia (genus)",1.82678954970948e-07,3.96584040560369e-07,11
"Early post-index","Control","Legionella (genus)",0.000233052293765338,0.000224618742619869,11
"Early post-index","Control","Legionellaceae (family)",6.81210864084539e-05,6.64234377475184e-05,11
"Early post-index","Control","Legionellales (order)",9.13394774854741e-08,1.98292020280185e-07,11
"Early post-index","Control","Lentzea (genus)",9.13394774854741e-08,1.98292020280185e-07,11
"Early post-index","Control","Leptotrichia (genus)",6.59247057987153e-05,6.70997294260589e-05,11
"Early post-index","Control","Leucobacter (genus)",1.82678954970948e-07,3.96584040560369e-07,11
"Early post-index","Control","Leuconostoc (genus)",0.0009829487401303,0.000659060109554537,11
"Early post-index","Control","Leuconostocaceae (family)",-0.000104606090554629,0.000190588706919951,11
"Early post-index","Control","Leucothrix (genus)",9.13394774854741e-08,1.98292020280185e-07,11
"Early post-index","Control","Limnohabitans (genus)",2.53450607484101e-06,2.34487343147588e-06,11
"Early post-index","Control","Listeriaceae (family)",0.125433076355472,0.0693498560420864,11
"Early post-index","Control","Luteimonas (genus)",9.13394774854741e-08,1.98292020280185e-07,11
"Early post-index","Control","Luteolibacter (genus)",2.74018432456422e-07,5.94876060840554e-07,11
"Early post-index","Control","Lysinibacillus (genus)",-0.00075478100645607,0.000431821825350496,11
"Early post-index","Control","MIZ46 (order)",1.27875268479664e-06,2.77608828392258e-06,11
"Early post-index","Control","MKC10 (order)",9.13394774854741e-08,1.98292020280185e-07,11
"Early post-index","Control","Macrococcus (genus)",5.48036864912845e-07,1.18975212168111e-06,11
"Early post-index","Control","Megamonas (genus)",-2.64675881898834e-05,2.65385339119849e-05,11
"Early post-index","Control","Megasphaera (genus)",0.00022496920757789,0.000157538608962994,11
"Early post-index","Control","Methanobrevibacter (genus)",4.00772445130277e-06,2.56217267140823e-06,11
"Early post-index","Control","Methylacidiphilales (order)",9.13394774854741e-08,1.98292020280185e-07,11
"Early post-index","Control","Methylibium (genus)",0.000962791556682424,0.000688349795723323,11
"Early post-index","Control","Methylobacillus (genus)",9.13394774854741e-08,1.98292020280185e-07,11
"Early post-index","Control","Methylobacteriaceae (family)",7.62013531936166e-07,7.7752773523333e-07,11
"Early post-index","Control","Methylobacterium (genus)",4.07251927803568e-06,3.74177069968043e-06,11
"Early post-index","Control","Methylococcales (order)",1.82678954970948e-07,3.96584040560369e-07,11
"Early post-index","Control","Microbacteriaceae (family)",2.96071011106506e-06,2.44894463699453e-06,11
"Early post-index","Control","Microbacterium (genus)",0.000673939013391778,0.000664750040117698,11
"Early post-index","Control","Micrococcaceae (family)",0.00027602232848132,0.000263284506763956,11
"Early post-index","Control","Micrococcales (order)",9.13394774854741e-08,1.98292020280185e-07,11
"Early post-index","Control","Micrococcus (genus)",6.70674054450692e-07,6.35431513065362e-07,11
"Early post-index","Control","Micromonosporaceae (family)",9.13394774854741e-08,1.98292020280185e-07,11
"Early post-index","Control","Mitsuokella (genus)",2.74018432456422e-07,5.94876060840554e-07,11
"Early post-index","Control","Mobiluncus (genus)",9.13394774854741e-08,1.98292020280185e-07,11
"Early post-index","Control","Modestobacter (genus)",9.13394774854741e-08,1.98292020280185e-07,11
"Early post-index","Control","Mogibacterium (genus)",3.86188586268565e-06,4.06612051895231e-06,11
"Early post-index","Control","Mollicutes (class)",9.13394774854741e-08,1.98292020280185e-07,11
"Early post-index","Control","Morganella (genus)",1.82678954970948e-07,3.96584040560369e-07,11
"Early post-index","Control","Moryella (genus)",3.08254293975385e-06,2.6995925707453e-06,11
"Early post-index","Control","Mucispirillum (genus)",8.93689545466538e-05,8.93350417111408e-05,11
"Early post-index","Control","Mycobacterium (genus)",0.000897379649603085,0.000880435591473988,11
"Early post-index","Control","Mycoplasma (genus)",0.000135778186572097,0.000135677038353523,11
"Early post-index","Control","Myroides (genus)",9.13394774854741e-08,1.98292020280185e-07,11
"Early post-index","Control","Myxococcales (order)",8.22055297369268e-07,1.78462818252166e-06,11
"Early post-index","Control","N1423WL (order)",9.13394774854741e-08,1.98292020280185e-07,11
"Early post-index","Control","Negativicoccus (genus)",1.82678954970948e-07,3.96584040560369e-07,11
"Early post-index","Control","Neisseria (genus)",4.99969332470784e-05,5.01515926609479e-05,11
"Early post-index","Control","Neisseriaceae (family)",1.82678954970948e-07,3.96584040560369e-07,11
"Early post-index","Control","Nitrobacter (genus)",9.13394774854741e-08,1.98292020280185e-07,11
"Early post-index","Control","Nitrospira (genus)",9.13394774854741e-08,1.98292020280185e-07,11
"Early post-index","Control","Nocardioidaceae (family)",5.48036864912845e-07,1.18975212168111e-06,11
"Early post-index","Control","Nocardioides (genus)",9.13394774854741e-08,1.98292020280185e-07,11
"Early post-index","Control","Nocardiopsaceae (family)",9.13394774854741e-08,1.98292020280185e-07,11
"Early post-index","Control","Novosphingobium (genus)",2.74018432456422e-07,5.94876060840554e-07,11
"Early post-index","Control","OD1 (phylum)",9.13394774854741e-08,1.98292020280185e-07,11
"Early post-index","Control","OP11 (phylum)",9.13394774854741e-08,1.98292020280185e-07,11
"Early post-index","Control","OP11-3 (class)",1.82678954970948e-07,3.96584040560369e-07,11
"Early post-index","Control","OP11-4 (class)",3.65357909941897e-07,7.93168081120738e-07,11
"Early post-index","Control","OPB11 (order)",9.13394774854741e-08,1.98292020280185e-07,11
"Early post-index","Control","Oceanospirillales (order)",9.13394774854741e-08,1.98292020280185e-07,11
"Early post-index","Control","Ochrobactrum (genus)",1.82678954970948e-07,3.96584040560369e-07,11
"Early post-index","Control","Odoribacter (genus)",-0.000364663104873367,0.000368882068628145,11
"Early post-index","Control","Oribacterium (genus)",9.13394774854741e-08,1.98292020280185e-07,11
"Early post-index","Control","Oscillospira (genus)",-0.00103192761100101,0.00155932934096045,11
"Early post-index","Control","Oxalobacteraceae (family)",6.39376342398319e-07,1.38804414196129e-06,11
"Early post-index","Control","Paenibacillaceae (family)",9.13394774854741e-08,1.98292020280185e-07,11
"Early post-index","Control","Paenibacillus (genus)",3.94420544637917e-06,4.67003412753544e-06,11
"Early post-index","Control","Parabacteroides (genus)",0.00124209512420243,0.000888997590261031,11
"Early post-index","Control","Paracoccus (genus)",9.13394774854741e-08,1.98292020280185e-07,11
"Early post-index","Control","Parascardovia (genus)",0.00676845304523731,0.0038982540699935,11
"Early post-index","Control","Pasteurellaceae (family)",9.13394774854741e-08,1.98292020280185e-07,11
"Early post-index","Control","Patulibacter (genus)",9.13394774854741e-08,1.98292020280185e-07,11
"Early post-index","Control","Paucibacter (genus)",9.13394774854741e-08,1.98292020280185e-07,11
"Early post-index","Control","Pediococcus (genus)",-0.00820406683462518,0.00818906223156604,11
"Early post-index","Control","Pedobacter (genus)",2.74018432456422e-07,5.94876060840554e-07,11
"Early post-index","Control","Pelobacteraceae (family)",1.82678954970948e-07,3.96584040560369e-07,11
"Early post-index","Control","Peptococcaceae (family)",9.13394774854741e-08,1.98292020280185e-07,11
"Early post-index","Control","Peptococcus (genus)",9.13394774854741e-08,1.98292020280185e-07,11
"Early post-index","Control","Peptoniphilus (genus)",7.12498950469431e-05,7.18955062477615e-05,11
"Early post-index","Control","Peptostreptococcaceae (family)",-0.124114037621422,0.0454209655525964,11
"Early post-index","Control","Peptostreptococcus (genus)",3.98956928500979e-06,3.31653777242722e-06,11
"Early post-index","Control","Phascolarctobacterium (genus)",2.74018432456422e-07,5.94876060840554e-07,11
"Early post-index","Control","Phenylobacterium (genus)",9.13394774854741e-08,1.98292020280185e-07,11
"Early post-index","Control","Phycicoccus (genus)",9.13394774854741e-08,1.98292020280185e-07,11
"Early post-index","Control","Phycisphaerae (class)",1.82678954970948e-07,3.96584040560369e-07,11
"Early post-index","Control","Phycisphaerales (order)",9.13394774854741e-08,1.98292020280185e-07,11
"Early post-index","Control","Phyllobacteriaceae (family)",9.13394774854741e-08,1.98292020280185e-07,11
"Early post-index","Control","Phyllobacterium (genus)",1.71866508158954e-06,1.64360557218725e-06,11
"Early post-index","Control","Pirellulaceae (family)",3.65357909941897e-07,7.93168081120738e-07,11
"Early post-index","Control","Piscirickettsiaceae (family)",0.000455564264947486,0.000370660857490114,11
"Early post-index","Control","Planctomyces (genus)",1.55220258118217e-05,1.49770409492596e-05,11
"Early post-index","Control","Planifilum (genus)",9.13394774854741e-08,1.98292020280185e-07,11
"Early post-index","Control","Planococcaceae (family)",-5.2658806393667e-05,5.48840731368311e-05,11
"Early post-index","Control","Plesiomonas (genus)",8.6317714034602e-05,8.61679435520069e-05,11
"Early post-index","Control","Polaromonas (genus)",1.82678954970948e-07,3.96584040560369e-07,11
"Early post-index","Control","Polyangiaceae (family)",9.13394774854741e-08,1.98292020280185e-07,11
"Early post-index","Control","Porphyromonas (genus)",6.80784413725459e-05,6.85439843082495e-05,11
"Early post-index","Control","Prevotella (genus)",0.000270458834032233,0.000160017218065053,11
"Early post-index","Control","Propionibacteriaceae (family)",0.0029819812645163,0.00229544176720552,11
"Early post-index","Control","Propionibacterium (genus)",0.000672391130100996,0.000425539513146096,11
"Early post-index","Control","Propionicimonas (genus)",9.13394774854741e-08,1.98292020280185e-07,11
"Early post-index","Control","Propionigenium (genus)",9.45698551816997e-05,6.49397240565786e-05,11
"Early post-index","Control","Propionivibrio (genus)",9.13394774854741e-08,1.98292020280185e-07,11
"Early post-index","Control","Proteobacteria (phylum)",9.13394774854741e-08,1.98292020280185e-07,11
"Early post-index","Control","Proteus (genus)",3.65357909941897e-07,7.93168081120738e-07,11
"Early post-index","Control","Pseudochrobactrum (genus)",9.13394774854741e-08,1.98292020280185e-07,11
"Early post-index","Control","Pseudoclavibacter (genus)",1.82678954970948e-07,3.96584040560369e-07,11
"Early post-index","Control","Pseudomonadaceae (family)",9.13394774854741e-08,1.98292020280185e-07,11
"Early post-index","Control","Pseudomonas (genus)",0.000232397598669079,0.000160896315129976,11
"Early post-index","Control","Pseudoramibacter (genus)",9.13394774854741e-08,1.98292020280185e-07,11
"Early post-index","Control","Psychrobacter (genus)",8.95516335016247e-05,8.94511031014624e-05,11
"Early post-index","Control","Psychromonadaceae (family)",3.23686462957021e-05,3.24459264335731e-05,11
"Early post-index","Control","R4-41B (family)",9.13394774854741e-08,1.98292020280185e-07,11
"Early post-index","Control","RB25 (class)",9.13394774854741e-08,1.98292020280185e-07,11
"Early post-index","Control","RF32 (order)",1.82678954970948e-07,3.96584040560369e-07,11
"Early post-index","Control","RF39 (order)",1.82678954970948e-06,3.96584040560369e-06,11
"Early post-index","Control","Ralstonia (genus)",1.35070948523539e-05,1.33388705914324e-05,11
"Early post-index","Control","Renibacterium (genus)",9.13394774854741e-08,1.98292020280185e-07,11
"Early post-index","Control","Rhizobiaceae (family)",1.82678954970948e-07,3.96584040560369e-07,11
"Early post-index","Control","Rhizobiales (order)",3.21205667841427e-06,2.97379380132599e-06,11
"Early post-index","Control","Rhizobium (genus)",9.1395030965838e-05,8.91554561064242e-05,11
"Early post-index","Control","Rhodobacter (genus)",2.74018432456422e-07,5.94876060840554e-07,11
"Early post-index","Control","Rhodobacteraceae (family)",1.82678954970948e-07,3.96584040560369e-07,11
"Early post-index","Control","Rhodococcus (genus)",5.705021754655e-05,5.07843841156717e-05,11
"Early post-index","Control","Rhodocyclaceae (family)",6.39376342398319e-07,1.38804414196129e-06,11
"Early post-index","Control","Rhodocytophaga (genus)",9.13394774854741e-08,1.98292020280185e-07,11
"Early post-index","Control","Rhodoferax (genus)",9.13394774854741e-08,1.98292020280185e-07,11
"Early post-index","Control","Rhodoplanes (genus)",5.79334576965218e-07,5.30694344373099e-07,11
"Early post-index","Control","Rhodospirillaceae (family)",3.80978688142016e-06,3.49600615859548e-06,11
"Early post-index","Control","Rickettsiaceae (family)",9.13394774854741e-08,1.98292020280185e-07,11
"Early post-index","Control","Rickettsiales (order)",9.13394774854741e-08,1.98292020280185e-07,11
"Early post-index","Control","Rikenellaceae (family)",-6.3787818378944e-05,0.000121228720234874,11
"Early post-index","Control","Roseburia (genus)",-0.000728420986877059,0.000591832811198826,11
"Early post-index","Control","Rothia (genus)",0.00482798753674927,0.00528553877172412,11
"Early post-index","Control","Rubellimicrobium (genus)",9.13394774854741e-08,1.98292020280185e-07,11
"Early post-index","Control","Rubrobacter (genus)",9.13394774854741e-08,1.98292020280185e-07,11
"Early post-index","Control","Ruminococcaceae (family)",-0.0365875172423455,0.0170302490467698,11
"Early post-index","Control","Ruminococcus (genus)",-0.0121578002762908,0.00690907654728502,11
"Early post-index","Control","Rummeliibacillus (genus)",9.13394774854741e-08,1.98292020280185e-07,11
"Early post-index","Control","S24-7 (family)",0.000845884913012939,0.000630788016908464,11
"Early post-index","Control","SAR202 (class)",1.82678954970948e-07,3.96584040560369e-07,11
"Early post-index","Control","SBRH58 (class)",9.13394774854741e-08,1.98292020280185e-07,11
"Early post-index","Control","SHD-231 (genus)",3.26426647281585e-05,3.29537675983058e-05,11
"Early post-index","Control","SJA-4 (class)",3.88984032306473e-06,3.56187657427735e-06,11
"Early post-index","Control","SM2F11 (class)",9.13394774854741e-08,1.98292020280185e-07,11
"Early post-index","Control","SUP05 (family)",2.74018432456422e-07,5.94876060840554e-07,11
"Early post-index","Control","Saccharopolyspora (genus)",1.52402706387233e-06,1.55505547046666e-06,11
"Early post-index","Control","Salinibacterium (genus)",9.13394774854741e-08,1.98292020280185e-07,11
"Early post-index","Control","Salinicoccus (genus)",7.30715819883794e-07,1.58633616224148e-06,11
"Early post-index","Control","Salmonella (genus)",1.82678954970948e-07,3.96584040560369e-07,11
"Early post-index","Control","Sanguibacter (genus)",9.13394774854741e-08,1.98292020280185e-07,11
"Early post-index","Control","Sarcina (genus)",9.13394774854741e-08,1.98292020280185e-07,11
"Early post-index","Control","Sediment-1 (order)",9.13394774854741e-08,1.98292020280185e-07,11
"Early post-index","Control","Sediminibacterium (genus)",5.79334576965218e-07,5.30694344373099e-07,11
"Early post-index","Control","Selenomonas (genus)",6.39376342398319e-07,1.38804414196129e-06,11
"Early post-index","Control","Serratia (genus)",0.00112337529225952,0.00091863701312405,11
"Early post-index","Control","Sharpea (genus)",2.74018432456422e-07,5.94876060840554e-07,11
"Early post-index","Control","Shewanella (genus)",2.74018432456422e-07,5.94876060840554e-07,11
"Early post-index","Control","Sinobacteraceae (family)",1.82678954970948e-07,3.96584040560369e-07,11
"Early post-index","Control","Skermanella (genus)",9.13394774854741e-08,1.98292020280185e-07,11
"Early post-index","Control","Slackia (genus)",4.56697387427371e-07,9.91460101400923e-07,11
"Early post-index","Control","Solibacillus (genus)",9.13394774854741e-08,1.98292020280185e-07,11
"Early post-index","Control","Solirubrobacteraceae (family)",1.82678954970948e-07,3.96584040560369e-07,11
"Early post-index","Control","Solirubrobacterales (order)",9.13394774854741e-08,1.98292020280185e-07,11
"Early post-index","Control","Sphingobacteriaceae (family)",4.56697387427371e-07,9.91460101400923e-07,11
"Early post-index","Control","Sphingobacterium (genus)",9.13394774854741e-08,1.98292020280185e-07,11
"Early post-index","Control","Sphingomonadaceae (family)",2.74018432456422e-07,5.94876060840554e-07,11
"Early post-index","Control","Sphingomonadales (order)",9.13394774854741e-08,1.98292020280185e-07,11
"Early post-index","Control","Sphingomonas (genus)",1.21937316436831e-06,1.17800733817675e-06,11
"Early post-index","Control","Spirobacillales (order)",9.13394774854741e-08,1.98292020280185e-07,11
"Early post-index","Control","Spirochaeta (genus)",2.74018432456422e-07,5.94876060840554e-07,11
"Early post-index","Control","Spirochaetaceae (family)",9.13394774854741e-08,1.98292020280185e-07,11
"Early post-index","Control","Spirosoma (genus)",9.13394774854741e-08,1.98292020280185e-07,11
"Early post-index","Control","Sporanaerobacter (genus)",-0.0396515990933056,0.0396522206004998,11
"Early post-index","Control","Sporichthyaceae (family)",1.82678954970948e-07,3.96584040560369e-07,11
"Early post-index","Control","Sporosarcina (genus)",8.70755320361392e-06,8.39684438701594e-06,11
"Early post-index","Control","Staphylococcaceae (family)",1.82678954970948e-07,3.96584040560369e-07,11
"Early post-index","Control","Staphylococcus (genus)",0.0464324678191374,0.0298348010752424,11
"Early post-index","Control","Stenotrophomonas (genus)",9.18233390633404e-05,8.9654696069824e-05,11
"Early post-index","Control","Stramenopiles (order)",0.000139483241965204,0.000135819638415819,11
"Early post-index","Control","Streptococcaceae (family)",-1.79149228758142e-06,2.76405526653532e-06,11
"Early post-index","Control","Streptococcus (genus)",0.116375113125627,0.0651627716991144,11
"Early post-index","Control","Streptomyces (genus)",4.56697387427371e-07,9.91460101400923e-07,11
"Early post-index","Control","Streptophyta (order)",0.00153551884085454,0.00140939217378692,11
"Early post-index","Control","Sutterella (genus)",5.59668639187654e-05,5.28994477049525e-05,11
"Early post-index","Control","Sva0485 (order)",9.13394774854741e-08,1.98292020280185e-07,11
"Early post-index","Control","Sva0725 (order)",1.82678954970948e-07,3.96584040560369e-07,11
"Early post-index","Control","Synergistaceae (family)",9.13394774854741e-08,1.98292020280185e-07,11
"Early post-index","Control","Syntrophaceae (family)",9.13394774854741e-08,1.98292020280185e-07,11
"Early post-index","Control","Syntrophobacteraceae (family)",3.65357909941897e-07,7.93168081120738e-07,11
"Early post-index","Control","TG5 (genus)",2.74018432456422e-07,5.94876060840554e-07,11
"Early post-index","Control","TM7-3 (class)",1.03603196439259e-06,1.29565218964051e-06,11
"Early post-index","Control","Tannerella (genus)",1.82678954970948e-07,3.96584040560369e-07,11
"Early post-index","Control","Tatlockia (genus)",1.41835255229405e-06,1.30588070872687e-06,11
"Early post-index","Control","Tenericutes (phylum)",-1.16785428329893e-05,1.18411034842478e-05,11
"Early post-index","Control","Thauera (genus)",9.13394774854741e-08,1.98292020280185e-07,11
"Early post-index","Control","Thermoactinomycetaceae (family)",9.13394774854741e-08,1.98292020280185e-07,11
"Early post-index","Control","Thermobaculaceae (family)",9.13394774854741e-08,1.98292020280185e-07,11
"Early post-index","Control","Thermus (genus)",2.74018432456422e-07,5.94876060840554e-07,11
"Early post-index","Control","Thiohalorhabdales (order)",6.70674054450692e-07,6.35431513065362e-07,11
"Early post-index","Control","Thiotrichaceae (family)",2.74018432456422e-07,5.94876060840554e-07,11
"Early post-index","Control","Trabulsiella (genus)",9.13394774854741e-08,1.98292020280185e-07,11
"Early post-index","Control","Treponema (genus)",8.22055297369268e-07,1.78462818252166e-06,11
"Early post-index","Control","Trichococcus (genus)",2.74018432456422e-07,5.94876060840554e-07,11
"Early post-index","Control","Tsukamurella (genus)",9.13394774854741e-08,1.98292020280185e-07,11
"Early post-index","Control","Turicibacter (genus)",-2.95439931258669e-05,3.12835035848922e-05,11
"Early post-index","Control","Vagococcus (genus)",9.13394774854741e-08,1.98292020280185e-07,11
"Early post-index","Control","Varibaculum (genus)",2.92993445602064e-06,2.84977917291341e-06,11
"Early post-index","Control","Variovorax (genus)",2.20875537415516e-06,2.07290943661984e-06,11
"Early post-index","Control","Veillonella (genus)",0.0306844633868655,0.0186677159607515,11
"Early post-index","Control","Veillonellaceae (family)",2.37482641462233e-06,5.1555925272848e-06,11
"Early post-index","Control","Verrucomicrobiaceae (family)",1.82678954970948e-07,3.96584040560369e-07,11
"Early post-index","Control","Vibrio (genus)",9.13394774854741e-08,1.98292020280185e-07,11
"Early post-index","Control","Vogesella (genus)",9.13394774854741e-08,1.98292020280185e-07,11
"Early post-index","Control","WSA2 (family)",4.04162767579553e-06,3.88495850079114e-06,11
"Early post-index","Control","Weissella (genus)",1.82678954970948e-07,3.96584040560369e-07,11
"Early post-index","Control","Xanthomonadaceae (family)",1.81000455907501e-06,1.68324964954426e-06,11
"Early post-index","Control","Xenococcaceae (family)",9.13394774854741e-08,1.98292020280185e-07,11
"Early post-index","Control","YS2 (order)",1.82678954970948e-07,3.96584040560369e-07,11
"Early post-index","Control","ZB2 (class)",3.53828490527228e-05,3.81707203872291e-05,11
"Early post-index","Control","[Barnesiellaceae] (family)",1.82678954970948e-07,3.96584040560369e-07,11
"Early post-index","Control","[Cerasicoccaceae] (family)",9.81373538765498e-05,8.90660802533489e-05,11
"Early post-index","Control","[Chthoniobacteraceae] (family)",2.74018432456422e-07,5.94876060840554e-07,11
"Early post-index","Control","[Coprobacillaceae] (family)",-0.032521132456379,0.0214613664594857,11
"Early post-index","Control","[Eubacterium] (genus)",-0.0157756973992749,0.0244436023022488,11
"Early post-index","Control","[Paraprevotellaceae] (family)",1.82678954970948e-07,3.96584040560369e-07,11
"Early post-index","Control","[Pedosphaerales] (order)",3.65357909941897e-07,7.93168081120738e-07,11
"Early post-index","Control","[Prevotella] (genus)",1.58406882930543e-06,2.43932576709501e-06,11
"Early post-index","Control","[Ruminococcus] (genus)",-0.048857676931003,0.0274801654413979,11
"Early post-index","Control","[Saprospirales] (order)",1.82678954970948e-07,3.96584040560369e-07,11
"Early post-index","Control","[Weeksellaceae] (family)",3.65357909941897e-07,7.93168081120738e-07,11
"Early post-index","Control","auto67_4W (family)",1.82678954970948e-07,3.96584040560369e-07,11
"Early post-index","Control","cc_115 (genus)",0.000108561700373714,0.00010357534283056,11
"Early post-index","Control","iii1-15 (order)",4.56697387427371e-07,9.91460101400923e-07,11
"Early post-index","Control","mitochondria (family)",0.00281237408594933,0.00256041773869594,11
"Early post-index","Control","p-75-a5 (genus)",9.13394774854741e-08,1.98292020280185e-07,11
"Early post-index","Auto-FMT","01D2Z36 (family)",-5.95642600552358e-07,1.00350962760928e-07,13
"Early post-index","Auto-FMT","0319-7L14 (order)",-1.19128520110472e-06,2.00701925521856e-07,13
"Early post-index","Auto-FMT","258ds10 (order)",-1.19128520110472e-06,2.00701925521856e-07,13
"Early post-index","Auto-FMT","32-20 (order)",-1.19128520110472e-06,2.00701925521856e-07,13
"Early post-index","Auto-FMT","A17 (genus)",-5.95642600552358e-07,1.00350962760928e-07,13
"Early post-index","Auto-FMT","A4b (family)",-2.97821300276179e-06,5.0175481380464e-07,13
"Early post-index","Auto-FMT","Abiotrophia (genus)",-5.95642600552358e-07,1.00350962760928e-07,13
"Early post-index","Auto-FMT","Acetobacter (genus)",-5.95642600552358e-07,1.00350962760928e-07,13
"Early post-index","Auto-FMT","Acetobacteraceae (family)",-1.78692780165707e-06,3.01052888282784e-07,13
"Early post-index","Auto-FMT","Acholeplasma (genus)",-1.19128520110472e-06,2.00701925521856e-07,13
"Early post-index","Auto-FMT","Achromobacter (genus)",-1.19128520110472e-06,2.00701925521856e-07,13
"Early post-index","Auto-FMT","Acidaminococcus (genus)",-5.95642600552358e-07,1.00350962760928e-07,13
"Early post-index","Auto-FMT","Acidimicrobiales (order)",-1.19128520110472e-06,2.00701925521856e-07,13
"Early post-index","Auto-FMT","Acidobacteriaceae (family)",-5.95642600552358e-07,1.00350962760928e-07,13
"Early post-index","Auto-FMT","Acinetobacter (genus)",-5.95642600552358e-06,1.00350962760928e-06,13
"Early post-index","Auto-FMT","Actinobacillus (genus)",-5.95642600552358e-07,1.00350962760928e-07,13
"Early post-index","Auto-FMT","Actinobaculum (genus)",-1.19128520110472e-06,2.00701925521856e-07,13
"Early post-index","Auto-FMT","Actinomyces (genus)",0.0112012704066246,0.00786647786339832,13
"Early post-index","Auto-FMT","Actinomycetaceae (family)",-4.44977358478544e-05,4.76613058605872e-05,13
"Early post-index","Auto-FMT","Actinomycetales (order)",-5.36078340497122e-06,9.03158664848353e-07,13
"Early post-index","Auto-FMT","Actinopolysporaceae (family)",-5.95642600552358e-07,1.00350962760928e-07,13
"Early post-index","Auto-FMT","Adlercreutzia (genus)",-0.00115064736733819,0.00092749438459386,13
"Early post-index","Auto-FMT","Aerococcaceae (family)",-2.38257040220943e-06,4.01403851043712e-07,13
"Early post-index","Auto-FMT","Aerococcus (genus)",-2.97821300276179e-06,5.0175481380464e-07,13
"Early post-index","Auto-FMT","Aeromicrobium (genus)",-1.19128520110472e-06,2.00701925521856e-07,13
"Early post-index","Auto-FMT","Aeromonadaceae (family)",-5.95642600552358e-07,1.00350962760928e-07,13
"Early post-index","Auto-FMT","Afifella (genus)",-5.95642600552358e-07,1.00350962760928e-07,13
"Early post-index","Auto-FMT","Aggregatibacter (genus)",4.61351685078013e-05,4.86368472140375e-05,13
"Early post-index","Auto-FMT","Agrobacterium (genus)",-2.38257040220943e-06,4.01403851043712e-07,13
"Early post-index","Auto-FMT","Agromyces (genus)",-5.95642600552358e-07,1.00350962760928e-07,13
"Early post-index","Auto-FMT","Akkermansia (genus)",-0.022503278174914,0.0165885772960975,13
"Early post-index","Auto-FMT","Alcaligenaceae (family)",-5.95642600552358e-07,1.00350962760928e-07,13
"Early post-index","Auto-FMT","Alicyclobacillus (genus)",-5.95642600552358e-07,1.00350962760928e-07,13
"Early post-index","Auto-FMT","Allobaculum (genus)",-7.74335380718065e-06,1.30456251589207e-06,13
"Early post-index","Auto-FMT","Alloiococcus (genus)",-5.95642600552358e-07,1.00350962760928e-07,13
"Early post-index","Auto-FMT","Alphaproteobacteria (class)",-2.38257040220943e-06,4.01403851043712e-07,13
"Early post-index","Auto-FMT","Anaerobacillus (genus)",6.80526854756217e-06,1.11706866967831e-05,13
"Early post-index","Auto-FMT","Anaerobrancaceae (family)",-5.95642600552358e-07,1.00350962760928e-07,13
"Early post-index","Auto-FMT","Anaerococcus (genus)",-0.000462720455232971,0.000408469318050407,13
"Early post-index","Auto-FMT","Anaerofilum (genus)",-5.95642600552358e-07,1.00350962760928e-07,13
"Early post-index","Auto-FMT","Anaeroplasma (genus)",4.30672097024984e-06,4.85852634260063e-06,13
"Early post-index","Auto-FMT","Anaerostipes (genus)",-0.000361658675531617,0.000229535418786929,13
"Early post-index","Auto-FMT","Anaerotruncus (genus)",-6.79134613857873e-05,6.44000226935271e-05,13
"Early post-index","Auto-FMT","Anoxybacillus (genus)",-1.78692780165707e-06,3.01052888282784e-07,13
"Early post-index","Auto-FMT","Aquicella (genus)",-1.19128520110472e-06,2.00701925521856e-07,13
"Early post-index","Auto-FMT","Arcanobacterium (genus)",-1.78692780165707e-06,3.01052888282784e-07,13
"Early post-index","Auto-FMT","Arctic97B-4 (order)",-5.95642600552358e-07,1.00350962760928e-07,13
"Early post-index","Auto-FMT","Arthrobacter (genus)",-1.19128520110472e-06,2.00701925521856e-07,13
"Early post-index","Auto-FMT","Atopobium (genus)",0.000278759481099542,0.000180878839804439,13
"Early post-index","Auto-FMT","Azorhizobium (genus)",-5.95642600552358e-07,1.00350962760928e-07,13
"Early post-index","Auto-FMT","Azospira (genus)",-5.95642600552358e-07,1.00350962760928e-07,13
"Early post-index","Auto-FMT","BD7-3 (order)",-1.19128520110472e-06,2.00701925521856e-07,13
"Early post-index","Auto-FMT","BF311 (genus)",-5.95642600552358e-07,1.00350962760928e-07,13
"Early post-index","Auto-FMT","Bacillaceae (family)",-2.38257040220943e-06,4.01403851043712e-07,13
"Early post-index","Auto-FMT","Bacillales (order)",-1.3565948432411e-05,1.73215913849041e-05,13
"Early post-index","Auto-FMT","Bacilli (class)",1.03219003643031e-06,4.93187100668034e-06,13
"Early post-index","Auto-FMT","Bacillus (genus)",0.0179207203619181,0.0181570597187506,13
"Early post-index","Auto-FMT","Bacteria (kingdom)",-2.38257040220943e-06,4.01403851043712e-07,13
"Early post-index","Auto-FMT","Bacteroidales (order)",0.000105660111795295,0.000122828267775237,13
"Early post-index","Auto-FMT","Bacteroides (genus)",-0.0162856093608363,0.0198757640051422,13
"Early post-index","Auto-FMT","Balneimonas (genus)",-5.95642600552358e-07,1.00350962760928e-07,13
"Early post-index","Auto-FMT","Beijerinckiaceae (family)",-1.78692780165707e-06,3.01052888282784e-07,13
"Early post-index","Auto-FMT","Betaproteobacteria (class)",-2.38257040220943e-06,4.01403851043712e-07,13
"Early post-index","Auto-FMT","Bifidobacteriaceae (family)",0.000169157542210474,0.000127581016400629,13
"Early post-index","Auto-FMT","Bifidobacterium (genus)",-0.0576236752490159,0.0182300919884275,13
"Early post-index","Auto-FMT","Bilophila (genus)",-0.000513886807610981,0.000269542008607089,13
"Early post-index","Auto-FMT","Blattabacteriaceae (family)",-1.19128520110472e-06,2.00701925521856e-07,13
"Early post-index","Auto-FMT","Blautia (genus)",-0.110312199096335,0.0241403811001395,13
"Early post-index","Auto-FMT","Bosea (genus)",-1.78692780165707e-06,3.01052888282784e-07,13
"Early post-index","Auto-FMT","Bradyrhizobiaceae (family)",-1.70499305741351e-07,3.08698751183503e-06,13
"Early post-index","Auto-FMT","Bradyrhizobium (genus)",-2.38257040220943e-06,4.01403851043712e-07,13
"Early post-index","Auto-FMT","Brevibacillus (genus)",-4.16949820386651e-06,7.02456739326496e-07,13
"Early post-index","Auto-FMT","Brevibacteriaceae (family)",-5.95642600552358e-07,1.00350962760928e-07,13
"Early post-index","Auto-FMT","Brevibacterium (genus)",-3.57385560331415e-06,6.02105776565568e-07,13
"Early post-index","Auto-FMT","Brochothrix (genus)",-5.95642600552358e-07,1.00350962760928e-07,13
"Early post-index","Auto-FMT","Bulleidia (genus)",-3.57385560331415e-06,6.02105776565568e-07,13
"Early post-index","Auto-FMT","Burkholderia (genus)",-2.61874930712367e-05,2.4314073642541e-05,13
"Early post-index","Auto-FMT","Butyricimonas (genus)",-7.1477112066283e-06,1.20421155313114e-06,13
"Early post-index","Auto-FMT","Butyrivibrio (genus)",-5.95642600552358e-07,1.00350962760928e-07,13
"Early post-index","Auto-FMT","CAB-I (order)",-5.95642600552358e-07,1.00350962760928e-07,13
"Early post-index","Auto-FMT","CF231 (genus)",-5.95642600552358e-07,1.00350962760928e-07,13
"Early post-index","Auto-FMT","CFB-26 (order)",-5.95642600552358e-07,1.00350962760928e-07,13
"Early post-index","Auto-FMT","CW040 (order)",-5.95642600552358e-07,1.00350962760928e-07,13
"Early post-index","Auto-FMT","Campylobacter (genus)",-2.38257040220943e-06,4.01403851043712e-07,13
"Early post-index","Auto-FMT","Candidatus Phytoplasma (genus)",-5.95642600552358e-07,1.00350962760928e-07,13
"Early post-index","Auto-FMT","Candidatus Portiera (genus)",-1.19128520110472e-06,2.00701925521856e-07,13
"Early post-index","Auto-FMT","Candidatus Rhodoluna (genus)",-5.95642600552358e-07,1.00350962760928e-07,13
"Early post-index","Auto-FMT","Candidatus Solibacter (genus)",-5.95642600552358e-07,1.00350962760928e-07,13
"Early post-index","Auto-FMT","Candidatus Xiphinematobacter (genus)",-5.95642600552358e-07,1.00350962760928e-07,13
"Early post-index","Auto-FMT","Capnocytophaga (genus)",-4.16949820386651e-06,7.02456739326496e-07,13
"Early post-index","Auto-FMT","Catabacteriaceae (family)",5.19288464921048e-06,6.44582393524123e-06,13
"Early post-index","Auto-FMT","Catenibacterium (genus)",-0.000296605772465023,0.000289410641085012,13
"Early post-index","Auto-FMT","Caulobacteraceae (family)",-5.95642600552358e-07,1.00350962760928e-07,13
"Early post-index","Auto-FMT","Cellulomonas (genus)",-5.95642600552358e-07,1.00350962760928e-07,13
"Early post-index","Auto-FMT","Cellulosimicrobium (genus)",-1.19128520110472e-06,2.00701925521856e-07,13
"Early post-index","Auto-FMT","Cellvibrio (genus)",-5.95642600552358e-07,1.00350962760928e-07,13
"Early post-index","Auto-FMT","Cenarchaeaceae (family)",-5.95642600552358e-07,1.00350962760928e-07,13
"Early post-index","Auto-FMT","Chitinophagaceae (family)",-7.1477112066283e-06,1.20421155313114e-06,13
"Early post-index","Auto-FMT","Chlamydiae (phylum)",-5.95642600552358e-07,1.00350962760928e-07,13
"Early post-index","Auto-FMT","Chlamydiia (class)",-5.95642600552358e-07,1.00350962760928e-07,13
"Early post-index","Auto-FMT","Chloroflexaceae (family)",-5.95642600552358e-07,1.00350962760928e-07,13
"Early post-index","Auto-FMT","Chloroflexales (order)",-5.95642600552358e-07,1.00350962760928e-07,13
"Early post-index","Auto-FMT","Chromatiaceae (family)",-1.78692780165707e-06,3.01052888282784e-07,13
"Early post-index","Auto-FMT","Chromatiales (order)",-2.97821300276179e-06,5.0175481380464e-07,13
"Early post-index","Auto-FMT","Chthoniobacter (genus)",-5.95642600552358e-07,1.00350962760928e-07,13
"Early post-index","Auto-FMT","Citrobacter (genus)",0.00151754519372477,0.00224924831889038,13
"Early post-index","Auto-FMT","Clavibacter (genus)",-5.95642600552358e-07,1.00350962760928e-07,13
"Early post-index","Auto-FMT","Cloacibacillus (genus)",-5.95642600552358e-07,1.00350962760928e-07,13
"Early post-index","Auto-FMT","Clostridiaceae (family)",0.001267929321373,0.00880268117250437,13
"Early post-index","Auto-FMT","Clostridiales (order)",-0.00520922489218459,0.00522984685205579,13
"Early post-index","Auto-FMT","Clostridium (genus)",-0.0018363496828512,0.00123870738347859,13
"Early post-index","Auto-FMT","Cohnella (genus)",-5.95642600552358e-07,1.00350962760928e-07,13
"Early post-index","Auto-FMT","Collinsella (genus)",-0.000896001127717932,0.000497974738069031,13
"Early post-index","Auto-FMT","Colwelliaceae (family)",3.82785415098269e-06,5.00175590399819e-06,13
"Early post-index","Auto-FMT","Comamonadaceae (family)",-4.76514080441886e-06,8.02807702087425e-07,13
"Early post-index","Auto-FMT","Conexibacteraceae (family)",-5.95642600552358e-07,1.00350962760928e-07,13
"Early post-index","Auto-FMT","Coprobacillus (genus)",-0.00266978681889784,0.00189692748921573,13
"Early post-index","Auto-FMT","Coprococcus (genus)",-0.00951793547622579,0.00498061180132168,13
"Early post-index","Auto-FMT","Coriobacteriaceae (family)",-0.00025332308766146,0.000270653007363113,13
"Early post-index","Auto-FMT","Corynebacterium (genus)",0.000246008442237815,0.000163900773482169,13
"Early post-index","Auto-FMT","Coxiella (genus)",-5.95642600552358e-07,1.00350962760928e-07,13
"Early post-index","Auto-FMT","Cryocola (genus)",-5.95642600552358e-07,1.00350962760928e-07,13
"Early post-index","Auto-FMT","Cryomorphaceae (family)",-1.19128520110472e-06,2.00701925521856e-07,13
"Early post-index","Auto-FMT","Cupriavidus (genus)",-5.95642600552358e-07,1.00350962760928e-07,13
"Early post-index","Auto-FMT","Curtobacterium (genus)",-1.19128520110472e-06,2.00701925521856e-07,13
"Early post-index","Auto-FMT","Cytophagaceae (family)",-1.78692780165707e-06,3.01052888282784e-07,13
"Early post-index","Auto-FMT","DA101 (genus)",-5.95642600552358e-07,1.00350962760928e-07,13
"Early post-index","Auto-FMT","DHVE3 (order)",-5.95642600552358e-07,1.00350962760928e-07,13
"Early post-index","Auto-FMT","Dehalococcoidaceae (family)",-1.78692780165707e-06,3.01052888282784e-07,13
"Early post-index","Auto-FMT","Deinococcus (genus)",-5.95642600552358e-06,1.00350962760928e-06,13
"Early post-index","Auto-FMT","Deltaproteobacteria (class)",-3.57385560331415e-06,6.02105776565568e-07,13
"Early post-index","Auto-FMT","Demequina (genus)",-5.95642600552358e-07,1.00350962760928e-07,13
"Early post-index","Auto-FMT","Dermabacter (genus)",-1.19128520110472e-06,2.00701925521856e-07,13
"Early post-index","Auto-FMT","Dermabacteraceae (family)",-5.95642600552358e-07,1.00350962760928e-07,13
"Early post-index","Auto-FMT","Dermacoccus (genus)",-1.19128520110472e-06,2.00701925521856e-07,13
"Early post-index","Auto-FMT","Desulfarculus (genus)",-5.95642600552358e-07,1.00350962760928e-07,13
"Early post-index","Auto-FMT","Desulfobacca (genus)",-5.95642600552358e-07,1.00350962760928e-07,13
"Early post-index","Auto-FMT","Desulfobacteraceae (family)",-1.78692780165707e-06,3.01052888282784e-07,13
"Early post-index","Auto-FMT","Desulfobulbaceae (family)",1.66004507600889e-05,2.3499615966424e-05,13
"Early post-index","Auto-FMT","Desulfococcus (genus)",-0.000163848878861307,0.000103260063092982,13
"Early post-index","Auto-FMT","Desulfomonile (genus)",-5.95642600552358e-07,1.00350962760928e-07,13
"Early post-index","Auto-FMT","Desulfosporomusa (genus)",-5.95642600552358e-07,1.00350962760928e-07,13
"Early post-index","Auto-FMT","Desulfovibrio (genus)",-4.39089066743422e-05,4.03825050900103e-05,13
"Early post-index","Auto-FMT","Desulfovibrionaceae (family)",-5.95642600552358e-07,1.00350962760928e-07,13
"Early post-index","Auto-FMT","Devosia (genus)",-5.95642600552358e-07,1.00350962760928e-07,13
"Early post-index","Auto-FMT","Dialister (genus)",-0.000140311586911351,7.78672317807763e-05,13
"Early post-index","Auto-FMT","Dietzia (genus)",-1.19128520110472e-06,2.00701925521856e-07,13
"Early post-index","Auto-FMT","Dorea (genus)",-0.0416834141910528,0.0180551703702347,13
"Early post-index","Auto-FMT","Dysgonomonas (genus)",-5.95642600552358e-07,1.00350962760928e-07,13
"Early post-index","Auto-FMT","EB1017 (family)",-5.95642600552358e-07,1.00350962760928e-07,13
"Early post-index","Auto-FMT","Eggerthella (genus)",-0.0014387530671803,0.000761153967034633,13
"Early post-index","Auto-FMT","Eikenella (genus)",-1.19128520110472e-06,2.00701925521856e-07,13
"Early post-index","Auto-FMT","Ellin515 (family)",-5.95642600552358e-07,1.00350962760928e-07,13
"Early post-index","Auto-FMT","Ellin6529 (class)",-1.19128520110472e-06,2.00701925521856e-07,13
"Early post-index","Auto-FMT","Endozoicimonaceae (family)",-5.95642600552358e-07,1.00350962760928e-07,13
"Early post-index","Auto-FMT","Enterobacter (genus)",-1.78692780165707e-06,3.01052888282784e-07,13
"Early post-index","Auto-FMT","Enterobacteriaceae (family)",0.119373072068586,0.0713145303345925,13
"Early post-index","Auto-FMT","Enterococcus (genus)",0.00028675162621945,0.000252572892588413,13
"Early post-index","Auto-FMT","Epulopiscium (genus)",-0.000564354408074625,0.000542321605423811,13
"Early post-index","Auto-FMT","Erwinia (genus)",0.00159175230804863,0.00129495129098282,13
"Early post-index","Auto-FMT","Erysipelothrix (genus)",-1.19128520110472e-06,2.00701925521856e-07,13
"Early post-index","Auto-FMT","Erysipelotrichaceae (family)",-7.18153989881827e-05,3.45273739208632e-05,13
"Early post-index","Auto-FMT","Erythrobacteraceae (family)",-5.95642600552358e-07,1.00350962760928e-07,13
"Early post-index","Auto-FMT","Exiguobacteraceae (family)",-5.95642600552358e-07,1.00350962760928e-07,13
"Early post-index","Auto-FMT","Exiguobacterium (genus)",-2.38257040220943e-06,4.01403851043712e-07,13
"Early post-index","Auto-FMT","F16 (family)",-5.95642600552358e-07,1.00350962760928e-07,13
"Early post-index","Auto-FMT","Facklamia (genus)",-1.89803300404659e-06,7.10392538115353e-07,13
"Early post-index","Auto-FMT","Faecalibacterium (genus)",-0.0176959195453243,0.0149625970467017,13
"Early post-index","Auto-FMT","Filifactor (genus)",9.78025639780494e-05,9.84276518517508e-05,13
"Early post-index","Auto-FMT","Finegoldia (genus)",-2.00937816208999e-05,7.20862977316046e-06,13
"Early post-index","Auto-FMT","Firmicutes (phylum)",-6.79873201086005e-05,1.56522334132364e-05,13
"Early post-index","Auto-FMT","Flammeovirgaceae (family)",-1.78692780165707e-06,3.01052888282784e-07,13
"Early post-index","Auto-FMT","Flavobacteriaceae (family)",-5.95642600552358e-07,1.00350962760928e-07,13
"Early post-index","Auto-FMT","Flavobacteriales (order)",-5.95642600552358e-07,1.00350962760928e-07,13
"Early post-index","Auto-FMT","Flavobacterium (genus)",-1.31041372121519e-05,2.20772118074042e-06,13
"Early post-index","Auto-FMT","Flectobacillus (genus)",-5.95642600552358e-07,1.00350962760928e-07,13
"Early post-index","Auto-FMT","Francisellaceae (family)",-5.95642600552358e-07,1.00350962760928e-07,13
"Early post-index","Auto-FMT","Friedmanniella (genus)",-2.38257040220943e-06,4.01403851043712e-07,13
"Early post-index","Auto-FMT","Fructobacillus (genus)",-1.78692780165707e-06,3.01052888282784e-07,13
"Early post-index","Auto-FMT","Fusobacteriaceae (family)",0.00505436752996991,0.00545784570162875,13
"Early post-index","Auto-FMT","Fusobacteriales (order)",-0.000112713489075996,0.000110955235554623,13
"Early post-index","Auto-FMT","Fusobacterium (genus)",-0.00304351563674253,0.00256356643973259,13
"Early post-index","Auto-FMT","GCA004 (order)",-5.95642600552358e-07,1.00350962760928e-07,13
"Early post-index","Auto-FMT","GMD14H09 (order)",-1.19128520110472e-06,2.00701925521856e-07,13
"Early post-index","Auto-FMT","GW-22 (order)",-5.95642600552358e-07,1.00350962760928e-07,13
"Early post-index","Auto-FMT","Gallionella (genus)",-5.95642600552358e-07,1.00350962760928e-07,13
"Early post-index","Auto-FMT","Gammaproteobacteria (class)",-6.5725053207836e-06,3.11344059332026e-06,13
"Early post-index","Auto-FMT","Gardnerella (genus)",-1.19128520110472e-06,2.00701925521856e-07,13
"Early post-index","Auto-FMT","Gemella (genus)",-0.000539179157968072,0.000536028374543204,13
"Early post-index","Auto-FMT","Gemellaceae (family)",4.69518918219608e-06,1.02821580098458e-05,13
"Early post-index","Auto-FMT","Gemellales (order)",-1.19128520110472e-06,2.00701925521856e-07,13
"Early post-index","Auto-FMT","Gemmata (genus)",-1.19128520110472e-06,2.00701925521856e-07,13
"Early post-index","Auto-FMT","Gemmataceae (family)",-2.97821300276179e-06,5.0175481380464e-07,13
"Early post-index","Auto-FMT","Gemmatimonadetes (class)",-5.95642600552358e-07,1.00350962760928e-07,13
"Early post-index","Auto-FMT","Geobacillus (genus)",-5.95642600552358e-07,1.00350962760928e-07,13
"Early post-index","Auto-FMT","Geobacter (genus)",-9.12667631345161e-05,8.68619437852569e-05,13
"Early post-index","Auto-FMT","Geobacteraceae (family)",-1.78692780165707e-06,3.01052888282784e-07,13
"Early post-index","Auto-FMT","Gluconacetobacter (genus)",-5.95642600552358e-07,1.00350962760928e-07,13
"Early post-index","Auto-FMT","Glycomyces (genus)",-5.95642600552358e-07,1.00350962760928e-07,13
"Early post-index","Auto-FMT","Gordonia (genus)",-1.19128520110472e-06,2.00701925521856e-07,13
"Early post-index","Auto-FMT","Granulicatella (genus)",-1.19128520110472e-06,2.00701925521856e-07,13
"Early post-index","Auto-FMT","HOC36 (order)",-5.95642600552358e-07,1.00350962760928e-07,13
"Early post-index","Auto-FMT","HTCC2207 (genus)",-5.95642600552358e-07,1.00350962760928e-07,13
"Early post-index","Auto-FMT","Haemophilus (genus)",-8.64334840347738e-06,4.80009523306089e-06,13
"Early post-index","Auto-FMT","Helcococcus (genus)",-5.95642600552358e-07,1.00350962760928e-07,13
"Early post-index","Auto-FMT","Helicobacter (genus)",-5.95642600552358e-07,1.00350962760928e-07,13
"Early post-index","Auto-FMT","Hirschia (genus)",-5.95642600552358e-07,1.00350962760928e-07,13
"Early post-index","Auto-FMT","Holdemania (genus)",-3.78569037889644e-05,6.51330962912016e-05,13
"Early post-index","Auto-FMT","Hymenobacter (genus)",-1.78692780165707e-06,3.01052888282784e-07,13
"Early post-index","Auto-FMT","Hyphomicrobiaceae (family)",-1.19128520110472e-06,2.00701925521856e-07,13
"Early post-index","Auto-FMT","Hyphomonadaceae (family)",-3.02376710487426e-05,2.5570457338311e-05,13
"Early post-index","Auto-FMT","JG30-KF-CM45 (order)",-5.95642600552358e-07,1.00350962760928e-07,13
"Early post-index","Auto-FMT","JTB36 (family)",-1.78692780165707e-06,3.01052888282784e-07,13
"Early post-index","Auto-FMT","Janthinobacterium (genus)",-5.95642600552358e-07,1.00350962760928e-07,13
"Early post-index","Auto-FMT","Jeotgalicoccus (genus)",-5.95642600552358e-07,1.00350962760928e-07,13
"Early post-index","Auto-FMT","Kingella (genus)",-5.95642600552358e-07,1.00350962760928e-07,13
"Early post-index","Auto-FMT","Klebsiella (genus)",0.00284913758186408,0.00306572346009951,13
"Early post-index","Auto-FMT","Kocuria (genus)",-5.95642600552358e-07,1.00350962760928e-07,13
"Early post-index","Auto-FMT","Koribacteraceae (family)",-2.97821300276179e-06,5.0175481380464e-07,13
"Early post-index","Auto-FMT","LD1-PB3 (order)",-5.95642600552358e-07,1.00350962760928e-07,13
"Early post-index","Auto-FMT","Lachnobacterium (genus)",-1.84190805555317e-05,1.67683248967937e-05,13
"Early post-index","Auto-FMT","Lachnospira (genus)",-0.00048535029226965,0.00084792046043867,13
"Early post-index","Auto-FMT","Lachnospiraceae (family)",-0.0503098386453068,0.0117668238152756,13
"Early post-index","Auto-FMT","Lactobacillaceae (family)",0.000257966388443888,0.000259816206895058,13
"Early post-index","Auto-FMT","Lactobacillales (order)",-1.26723327807575e-05,3.12739856727082e-06,13
"Early post-index","Auto-FMT","Lactobacillus (genus)",0.0413131187234402,0.0405905571321088,13
"Early post-index","Auto-FMT","Lactococcus (genus)",0.0502886339602553,0.0353677511709938,13
"Early post-index","Auto-FMT","Lautropia (genus)",-1.19128520110472e-06,2.00701925521856e-07,13
"Early post-index","Auto-FMT","Legionella (genus)",-1.95742710739842e-06,3.28007940329927e-06,13
"Early post-index","Auto-FMT","Legionellaceae (family)",-1.25084946115995e-05,2.10737021797949e-06,13
"Early post-index","Auto-FMT","Legionellales (order)",-5.95642600552358e-07,1.00350962760928e-07,13
"Early post-index","Auto-FMT","Lentzea (genus)",-5.95642600552358e-07,1.00350962760928e-07,13
"Early post-index","Auto-FMT","Leptotrichia (genus)",-3.91549965619796e-06,5.08419005926793e-06,13
"Early post-index","Auto-FMT","Leucobacter (genus)",-1.19128520110472e-06,2.00701925521856e-07,13
"Early post-index","Auto-FMT","Leuconostoc (genus)",6.2807884864741e-05,4.14817762845389e-05,13
"Early post-index","Auto-FMT","Leuconostocaceae (family)",-0.0105197119534118,0.0186263293881895,13
"Early post-index","Auto-FMT","Leucothrix (genus)",-5.95642600552358e-07,1.00350962760928e-07,13
"Early post-index","Auto-FMT","Limnohabitans (genus)",-1.19128520110472e-06,2.00701925521856e-07,13
"Early post-index","Auto-FMT","Listeriaceae (family)",0.288580784903255,0.0959203869435691,13
"Early post-index","Auto-FMT","Luteimonas (genus)",-5.95642600552358e-07,1.00350962760928e-07,13
"Early post-index","Auto-FMT","Luteolibacter (genus)",-1.78692780165707e-06,3.01052888282784e-07,13
"Early post-index","Auto-FMT","Lysinibacillus (genus)",-3.10698563029133e-05,2.94050899983084e-05,13
"Early post-index","Auto-FMT","MIZ46 (order)",-8.33899640773301e-06,1.40491347865299e-06,13
"Early post-index","Auto-FMT","MKC10 (order)",-5.95642600552358e-07,1.00350962760928e-07,13
"Early post-index","Auto-FMT","Macrococcus (genus)",3.03290466524172e-06,7.27649247005066e-06,13
"Early post-index","Auto-FMT","Megamonas (genus)",-1.19128520110472e-06,2.00701925521856e-07,13
"Early post-index","Auto-FMT","Megasphaera (genus)",-0.000732405830752487,0.00442762056777524,13
"Early post-index","Auto-FMT","Methanobrevibacter (genus)",-4.83499995428689e-05,4.72483927928912e-05,13
"Early post-index","Auto-FMT","Methylacidiphilales (order)",-5.95642600552358e-07,1.00350962760928e-07,13
"Early post-index","Auto-FMT","Methylibium (genus)",-6.41876646922044e-06,3.93735172633392e-06,13
"Early post-index","Auto-FMT","Methylobacillus (genus)",-5.95642600552358e-07,1.00350962760928e-07,13
"Early post-index","Auto-FMT","Methylobacteriaceae (family)",-1.78692780165707e-06,3.01052888282784e-07,13
"Early post-index","Auto-FMT","Methylobacterium (genus)",-5.36078340497122e-06,9.03158664848353e-07,13
"Early post-index","Auto-FMT","Methylococcales (order)",-1.19128520110472e-06,2.00701925521856e-07,13
"Early post-index","Auto-FMT","Microbacteriaceae (family)",-2.97821300276179e-06,5.0175481380464e-07,13
"Early post-index","Auto-FMT","Microbacterium (genus)",1.45934341085597e-05,1.58240926485513e-05,13
"Early post-index","Auto-FMT","Micrococcaceae (family)",-7.74335380718065e-06,1.30456251589207e-06,13
"Early post-index","Auto-FMT","Micrococcales (order)",-5.95642600552358e-07,1.00350962760928e-07,13
"Early post-index","Auto-FMT","Micrococcus (genus)",1.00087451421565e-06,2.25651594672067e-06,13
"Early post-index","Auto-FMT","Micromonosporaceae (family)",-5.95642600552358e-07,1.00350962760928e-07,13
"Early post-index","Auto-FMT","Mitsuokella (genus)",-1.78692780165707e-06,3.01052888282784e-07,13
"Early post-index","Auto-FMT","Mobiluncus (genus)",-5.95642600552358e-07,1.00350962760928e-07,13
"Early post-index","Auto-FMT","Modestobacter (genus)",-5.95642600552358e-07,1.00350962760928e-07,13
"Early post-index","Auto-FMT","Mogibacterium (genus)",2.94895921061267e-05,4.41834024333684e-05,13
"Early post-index","Auto-FMT","Mollicutes (class)",-5.95642600552358e-07,1.00350962760928e-07,13
"Early post-index","Auto-FMT","Morganella (genus)",-1.19128520110472e-06,2.00701925521856e-07,13
"Early post-index","Auto-FMT","Moryella (genus)",-4.76514080441886e-06,8.02807702087425e-07,13
"Early post-index","Auto-FMT","Mucispirillum (genus)",-5.95642600552358e-07,1.00350962760928e-07,13
"Early post-index","Auto-FMT","Mycobacterium (genus)",-1.70499305741351e-07,3.08698751183503e-06,13
"Early post-index","Auto-FMT","Mycoplasma (genus)",-1.78692780165707e-06,3.01052888282784e-07,13
"Early post-index","Auto-FMT","Myroides (genus)",-5.95642600552358e-07,1.00350962760928e-07,13
"Early post-index","Auto-FMT","Myxococcales (order)",-5.36078340497122e-06,9.03158664848353e-07,13
"Early post-index","Auto-FMT","N1423WL (order)",-5.95642600552358e-07,1.00350962760928e-07,13
"Early post-index","Auto-FMT","Negativicoccus (genus)",-1.19128520110472e-06,2.00701925521856e-07,13
"Early post-index","Auto-FMT","Neisseria (genus)",-1.19128520110472e-06,2.00701925521856e-07,13
"Early post-index","Auto-FMT","Neisseriaceae (family)",-1.19128520110472e-06,2.00701925521856e-07,13
"Early post-index","Auto-FMT","Nitrobacter (genus)",-5.95642600552358e-07,1.00350962760928e-07,13
"Early post-index","Auto-FMT","Nitrospira (genus)",-5.95642600552358e-07,1.00350962760928e-07,13
"Early post-index","Auto-FMT","Nocardioidaceae (family)",-3.57385560331415e-06,6.02105776565568e-07,13
"Early post-index","Auto-FMT","Nocardioides (genus)",-5.95642600552358e-07,1.00350962760928e-07,13
"Early post-index","Auto-FMT","Nocardiopsaceae (family)",-5.95642600552358e-07,1.00350962760928e-07,13
"Early post-index","Auto-FMT","Novosphingobium (genus)",-1.78692780165707e-06,3.01052888282784e-07,13
"Early post-index","Auto-FMT","OD1 (phylum)",-5.95642600552358e-07,1.00350962760928e-07,13
"Early post-index","Auto-FMT","OP11 (phylum)",-5.95642600552358e-07,1.00350962760928e-07,13
"Early post-index","Auto-FMT","OP11-3 (class)",-1.19128520110472e-06,2.00701925521856e-07,13
"Early post-index","Auto-FMT","OP11-4 (class)",-2.38257040220943e-06,4.01403851043712e-07,13
"Early post-index","Auto-FMT","OPB11 (order)",-5.95642600552358e-07,1.00350962760928e-07,13
"Early post-index","Auto-FMT","Oceanospirillales (order)",-5.95642600552358e-07,1.00350962760928e-07,13
"Early post-index","Auto-FMT","Ochrobactrum (genus)",-1.19128520110472e-06,2.00701925521856e-07,13
"Early post-index","Auto-FMT","Odoribacter (genus)",-4.09167854604522e-06,1.07899080480356e-06,13
"Early post-index","Auto-FMT","Oribacterium (genus)",5.78852724976283e-06,6.41428601834796e-06,13
"Early post-index","Auto-FMT","Oscillospira (genus)",-0.00452115644279633,0.00129731360857211,13
"Early post-index","Auto-FMT","Oxalobacteraceae (family)",-4.16949820386651e-06,7.02456739326496e-07,13
"Early post-index","Auto-FMT","Paenibacillaceae (family)",-5.95642600552358e-07,1.00350962760928e-07,13
"Early post-index","Auto-FMT","Paenibacillus (genus)",-1.25084946115995e-05,2.10737021797949e-06,13
"Early post-index","Auto-FMT","Parabacteroides (genus)",-0.00883099377252541,0.00423830318810896,13
"Early post-index","Auto-FMT","Paracoccus (genus)",-5.95642600552358e-07,1.00350962760928e-07,13
"Early post-index","Auto-FMT","Parascardovia (genus)",0.000474553316617716,0.000566243721526757,13
"Early post-index","Auto-FMT","Pasteurellaceae (family)",-5.95642600552358e-07,1.00350962760928e-07,13
"Early post-index","Auto-FMT","Patulibacter (genus)",-5.95642600552358e-07,1.00350962760928e-07,13
"Early post-index","Auto-FMT","Paucibacter (genus)",-5.95642600552358e-07,1.00350962760928e-07,13
"Early post-index","Auto-FMT","Pediococcus (genus)",0.00953774681100196,0.00963343704141956,13
"Early post-index","Auto-FMT","Pedobacter (genus)",-1.78692780165707e-06,3.01052888282784e-07,13
"Early post-index","Auto-FMT","Pelobacteraceae (family)",-1.19128520110472e-06,2.00701925521856e-07,13
"Early post-index","Auto-FMT","Peptococcaceae (family)",-5.95642600552358e-07,1.00350962760928e-07,13
"Early post-index","Auto-FMT","Peptococcus (genus)",-5.95642600552358e-07,1.00350962760928e-07,13
"Early post-index","Auto-FMT","Peptoniphilus (genus)",-0.000106985324558903,0.000128442558564691,13
"Early post-index","Auto-FMT","Peptostreptococcaceae (family)",0.00949778574623288,0.0285633471597,13
"Early post-index","Auto-FMT","Peptostreptococcus (genus)",0.000116572483098884,0.000118824234909054,13
"Early post-index","Auto-FMT","Phascolarctobacterium (genus)",-1.78692780165707e-06,3.01052888282784e-07,13
"Early post-index","Auto-FMT","Phenylobacterium (genus)",-5.95642600552358e-07,1.00350962760928e-07,13
"Early post-index","Auto-FMT","Phycicoccus (genus)",-5.95642600552358e-07,1.00350962760928e-07,13
"Early post-index","Auto-FMT","Phycisphaerae (class)",-1.19128520110472e-06,2.00701925521856e-07,13
"Early post-index","Auto-FMT","Phycisphaerales (order)",-5.95642600552358e-07,1.00350962760928e-07,13
"Early post-index","Auto-FMT","Phyllobacteriaceae (family)",-5.95642600552358e-07,1.00350962760928e-07,13
"Early post-index","Auto-FMT","Phyllobacterium (genus)",-5.95642600552358e-07,1.00350962760928e-07,13
"Early post-index","Auto-FMT","Pirellulaceae (family)",-2.38257040220943e-06,4.01403851043712e-07,13
"Early post-index","Auto-FMT","Piscirickettsiaceae (family)",-9.37286653436177e-07,5.01262371731389e-06,13
"Early post-index","Auto-FMT","Planctomyces (genus)",-4.16949820386651e-06,7.02456739326496e-07,13
"Early post-index","Auto-FMT","Planifilum (genus)",-5.95642600552358e-07,1.00350962760928e-07,13
"Early post-index","Auto-FMT","Planococcaceae (family)",0.000714310395309573,0.000727627409166158,13
"Early post-index","Auto-FMT","Plesiomonas (genus)",-1.19128520110472e-06,2.00701925521856e-07,13
"Early post-index","Auto-FMT","Polaromonas (genus)",-1.19128520110472e-06,2.00701925521856e-07,13
"Early post-index","Auto-FMT","Polyangiaceae (family)",-5.95642600552358e-07,1.00350962760928e-07,13
"Early post-index","Auto-FMT","Porphyromonas (genus)",-3.57385560331415e-06,6.02105776565568e-07,13
"Early post-index","Auto-FMT","Prevotella (genus)",3.41125555535815e-05,0.000114264108451549,13
"Early post-index","Auto-FMT","Propionibacteriaceae (family)",4.64323250166108e-05,3.32029476360334e-05,13
"Early post-index","Auto-FMT","Propionibacterium (genus)",6.55696340121824e-05,5.40672300105107e-05,13
"Early post-index","Auto-FMT","Propionicimonas (genus)",-5.95642600552358e-07,1.00350962760928e-07,13
"Early post-index","Auto-FMT","Propionigenium (genus)",-0.00357948588621534,0.00327567574204557,13
"Early post-index","Auto-FMT","Propionivibrio (genus)",-5.95642600552358e-07,1.00350962760928e-07,13
"Early post-index","Auto-FMT","Proteobacteria (phylum)",-5.95642600552358e-07,1.00350962760928e-07,13
"Early post-index","Auto-FMT","Proteus (genus)",-2.38257040220943e-06,4.01403851043712e-07,13
"Early post-index","Auto-FMT","Pseudochrobactrum (genus)",-5.95642600552358e-07,1.00350962760928e-07,13
"Early post-index","Auto-FMT","Pseudoclavibacter (genus)",-1.19128520110472e-06,2.00701925521856e-07,13
"Early post-index","Auto-FMT","Pseudomonadaceae (family)",-5.95642600552358e-07,1.00350962760928e-07,13
"Early post-index","Auto-FMT","Pseudomonas (genus)",-1.13172094104948e-05,1.90666829245763e-06,13
"Early post-index","Auto-FMT","Pseudoramibacter (genus)",-5.95642600552358e-07,1.00350962760928e-07,13
"Early post-index","Auto-FMT","Psychrobacter (genus)",-1.78692780165707e-06,3.01052888282784e-07,13
"Early post-index","Auto-FMT","Psychromonadaceae (family)",-5.95642600552358e-07,1.00350962760928e-07,13
"Early post-index","Auto-FMT","R4-41B (family)",-5.95642600552358e-07,1.00350962760928e-07,13
"Early post-index","Auto-FMT","RB25 (class)",-5.95642600552358e-07,1.00350962760928e-07,13
"Early post-index","Auto-FMT","RF32 (order)",-6.70865148008598e-05,6.58693050798859e-05,13
"Early post-index","Auto-FMT","RF39 (order)",-1.19128520110472e-05,2.00701925521856e-06,13
"Early post-index","Auto-FMT","Ralstonia (genus)",-1.19128520110472e-06,2.00701925521856e-07,13
"Early post-index","Auto-FMT","Renibacterium (genus)",-5.95642600552358e-07,1.00350962760928e-07,13
"Early post-index","Auto-FMT","Rhizobiaceae (family)",-1.19128520110472e-06,2.00701925521856e-07,13
"Early post-index","Auto-FMT","Rhizobiales (order)",-4.76514080441886e-06,8.02807702087425e-07,13
"Early post-index","Auto-FMT","Rhizobium (genus)",-5.95642600552358e-07,1.00350962760928e-07,13
"Early post-index","Auto-FMT","Rhodobacter (genus)",-1.78692780165707e-06,3.01052888282784e-07,13
"Early post-index","Auto-FMT","Rhodobacteraceae (family)",-1.19128520110472e-06,2.00701925521856e-07,13
"Early post-index","Auto-FMT","Rhodococcus (genus)",-4.16949820386651e-06,7.02456739326496e-07,13
"Early post-index","Auto-FMT","Rhodocyclaceae (family)",-4.16949820386651e-06,7.02456739326496e-07,13
"Early post-index","Auto-FMT","Rhodocytophaga (genus)",-5.95642600552358e-07,1.00350962760928e-07,13
"Early post-index","Auto-FMT","Rhodoferax (genus)",-5.95642600552358e-07,1.00350962760928e-07,13
"Early post-index","Auto-FMT","Rhodoplanes (genus)",-5.95642600552358e-07,1.00350962760928e-07,13
"Early post-index","Auto-FMT","Rhodospirillaceae (family)",-3.57385560331415e-06,6.02105776565568e-07,13
"Early post-index","Auto-FMT","Rickettsiaceae (family)",-5.95642600552358e-07,1.00350962760928e-07,13
"Early post-index","Auto-FMT","Rickettsiales (order)",-5.95642600552358e-07,1.00350962760928e-07,13
"Early post-index","Auto-FMT","Rikenellaceae (family)",-0.00257702490469723,0.00202927174488523,13
"Early post-index","Auto-FMT","Roseburia (genus)",-0.00186316495295788,0.00320103814074914,13
"Early post-index","Auto-FMT","Rothia (genus)",0.00215171813694386,0.0011563330194188,13
"Early post-index","Auto-FMT","Rubellimicrobium (genus)",-5.95642600552358e-07,1.00350962760928e-07,13
"Early post-index","Auto-FMT","Rubrobacter (genus)",-5.95642600552358e-07,1.00350962760928e-07,13
"Early post-index","Auto-FMT","Ruminococcaceae (family)",-0.0178546675337942,0.00284785167094539,13
"Early post-index","Auto-FMT","Ruminococcus (genus)",-0.0272479839755442,0.00750040830949361,13
"Early post-index","Auto-FMT","Rummeliibacillus (genus)",-5.95642600552358e-07,1.00350962760928e-07,13
"Early post-index","Auto-FMT","S24-7 (family)",0.000475095028070549,0.000395850084506309,13
"Early post-index","Auto-FMT","SAR202 (class)",-1.69239478216567e-06,5.57028010845678e-07,13
"Early post-index","Auto-FMT","SBRH58 (class)",-5.95642600552358e-07,1.00350962760928e-07,13
"Early post-index","Auto-FMT","SHD-231 (genus)",-2.38257040220943e-06,4.01403851043712e-07,13
"Early post-index","Auto-FMT","SJA-4 (class)",-4.16949820386651e-06,7.02456739326496e-07,13
"Early post-index","Auto-FMT","SM2F11 (class)",-5.95642600552358e-07,1.00350962760928e-07,13
"Early post-index","Auto-FMT","SUP05 (family)",-1.78692780165707e-06,3.01052888282784e-07,13
"Early post-index","Auto-FMT","Saccharopolyspora (genus)",-3.57385560331415e-06,6.02105776565568e-07,13
"Early post-index","Auto-FMT","Salinibacterium (genus)",-5.95642600552358e-07,1.00350962760928e-07,13
"Early post-index","Auto-FMT","Salinicoccus (genus)",3.39738204826007e-05,3.86718364062673e-05,13
"Early post-index","Auto-FMT","Salmonella (genus)",-0.000131834341364788,0.000130601387815002,13
"Early post-index","Auto-FMT","Sanguibacter (genus)",-5.95642600552358e-07,1.00350962760928e-07,13
"Early post-index","Auto-FMT","Sarcina (genus)",-5.95642600552358e-07,1.00350962760928e-07,13
"Early post-index","Auto-FMT","Sediment-1 (order)",-5.95642600552358e-07,1.00350962760928e-07,13
"Early post-index","Auto-FMT","Sediminibacterium (genus)",-5.95642600552358e-07,1.00350962760928e-07,13
"Early post-index","Auto-FMT","Selenomonas (genus)",-1.06908072344787e-05,6.67082738059218e-06,13
"Early post-index","Auto-FMT","Serratia (genus)",0.000342798961037701,0.000349204787248041,13
"Early post-index","Auto-FMT","Sharpea (genus)",4.59724204865812e-06,6.47876283826917e-06,13
"Early post-index","Auto-FMT","Shewanella (genus)",-1.78692780165707e-06,3.01052888282784e-07,13
"Early post-index","Auto-FMT","Sinobacteraceae (family)",-1.19128520110472e-06,2.00701925521856e-07,13
"Early post-index","Auto-FMT","Skermanella (genus)",-5.95642600552358e-07,1.00350962760928e-07,13
"Early post-index","Auto-FMT","Slackia (genus)",-2.97821300276179e-06,5.0175481380464e-07,13
"Early post-index","Auto-FMT","Solibacillus (genus)",-5.95642600552358e-07,1.00350962760928e-07,13
"Early post-index","Auto-FMT","Solirubrobacteraceae (family)",-1.19128520110472e-06,2.00701925521856e-07,13
"Early post-index","Auto-FMT","Solirubrobacterales (order)",-5.95642600552358e-07,1.00350962760928e-07,13
"Early post-index","Auto-FMT","Sphingobacteriaceae (family)",-2.97821300276179e-06,5.0175481380464e-07,13
"Early post-index","Auto-FMT","Sphingobacterium (genus)",-5.95642600552358e-07,1.00350962760928e-07,13
"Early post-index","Auto-FMT","Sphingomonadaceae (family)",-1.78692780165707e-06,3.01052888282784e-07,13
"Early post-index","Auto-FMT","Sphingomonadales (order)",-5.95642600552358e-07,1.00350962760928e-07,13
"Early post-index","Auto-FMT","Sphingomonas (genus)",-2.38257040220943e-06,4.01403851043712e-07,13
"Early post-index","Auto-FMT","Spirobacillales (order)",-5.95642600552358e-07,1.00350962760928e-07,13
"Early post-index","Auto-FMT","Spirochaeta (genus)",-1.78692780165707e-06,3.01052888282784e-07,13
"Early post-index","Auto-FMT","Spirochaetaceae (family)",-5.95642600552358e-07,1.00350962760928e-07,13
"Early post-index","Auto-FMT","Spirosoma (genus)",-5.95642600552358e-07,1.00350962760928e-07,13
"Early post-index","Auto-FMT","Sporanaerobacter (genus)",-1.81575092855699e-06,2.12162173112469e-06,13
"Early post-index","Auto-FMT","Sporichthyaceae (family)",-1.19128520110472e-06,2.00701925521856e-07,13
"Early post-index","Auto-FMT","Sporosarcina (genus)",-2.38257040220943e-06,4.01403851043712e-07,13
"Early post-index","Auto-FMT","Staphylococcaceae (family)",-1.19128520110472e-06,2.00701925521856e-07,13
"Early post-index","Auto-FMT","Staphylococcus (genus)",0.0128196875081502,0.0128154240056723,13
"Early post-index","Auto-FMT","Stenotrophomonas (genus)",-5.36078340497122e-06,9.03158664848353e-07,13
"Early post-index","Auto-FMT","Stramenopiles (order)",-5.95642600552358e-06,1.00350962760928e-06,13
"Early post-index","Auto-FMT","Streptococcaceae (family)",1.43600718616217e-06,6.32236304863705e-06,13
"Early post-index","Auto-FMT","Streptococcus (genus)",0.0471917757164227,0.0384005013813162,13
"Early post-index","Auto-FMT","Streptomyces (genus)",-2.97821300276179e-06,5.0175481380464e-07,13
"Early post-index","Auto-FMT","Streptophyta (order)",0.0173805906177303,0.0173911654792266,13
"Early post-index","Auto-FMT","Sutterella (genus)",-0.0013809610165032,0.00114844207987367,13
"Early post-index","Auto-FMT","Sva0485 (order)",-5.95642600552358e-07,1.00350962760928e-07,13
"Early post-index","Auto-FMT","Sva0725 (order)",-1.19128520110472e-06,2.00701925521856e-07,13
"Early post-index","Auto-FMT","Synergistaceae (family)",-5.95642600552358e-07,1.00350962760928e-07,13
"Early post-index","Auto-FMT","Syntrophaceae (family)",-5.95642600552358e-07,1.00350962760928e-07,13
"Early post-index","Auto-FMT","Syntrophobacteraceae (family)",-2.38257040220943e-06,4.01403851043712e-07,13
"Early post-index","Auto-FMT","TG5 (genus)",-1.78692780165707e-06,3.01052888282784e-07,13
"Early post-index","Auto-FMT","TM7-3 (class)",-3.57385560331415e-06,6.02105776565568e-07,13
"Early post-index","Auto-FMT","Tannerella (genus)",-1.19128520110472e-06,2.00701925521856e-07,13
"Early post-index","Auto-FMT","Tatlockia (genus)",-1.19128520110472e-06,2.00701925521856e-07,13
"Early post-index","Auto-FMT","Tenericutes (phylum)",-5.95642600552358e-07,1.00350962760928e-07,13
"Early post-index","Auto-FMT","Thauera (genus)",-5.95642600552358e-07,1.00350962760928e-07,13
"Early post-index","Auto-FMT","Thermoactinomycetaceae (family)",-5.95642600552358e-07,1.00350962760928e-07,13
"Early post-index","Auto-FMT","Thermobaculaceae (family)",-5.95642600552358e-07,1.00350962760928e-07,13
"Early post-index","Auto-FMT","Thermus (genus)",-1.78692780165707e-06,3.01052888282784e-07,13
"Early post-index","Auto-FMT","Thiohalorhabdales (order)",-1.19128520110472e-06,2.00701925521856e-07,13
"Early post-index","Auto-FMT","Thiotrichaceae (family)",-2.22106968463459e-05,2.03376105984703e-05,13
"Early post-index","Auto-FMT","Trabulsiella (genus)",-0.000237470201495603,0.000156858199604537,13
"Early post-index","Auto-FMT","Treponema (genus)",-5.36078340497122e-06,9.03158664848353e-07,13
"Early post-index","Auto-FMT","Trichococcus (genus)",-1.78692780165707e-06,3.01052888282784e-07,13
"Early post-index","Auto-FMT","Tsukamurella (genus)",-5.95642600552358e-07,1.00350962760928e-07,13
"Early post-index","Auto-FMT","Turicibacter (genus)",2.34767219190144e-06,7.66509529053016e-06,13
"Early post-index","Auto-FMT","Vagococcus (genus)",-5.95642600552358e-07,1.00350962760928e-07,13
"Early post-index","Auto-FMT","Varibaculum (genus)",-5.95642600552358e-07,1.00350962760928e-07,13
"Early post-index","Auto-FMT","Variovorax (genus)",-1.19128520110472e-06,2.00701925521856e-07,13
"Early post-index","Auto-FMT","Veillonella (genus)",0.00599426477639177,0.00388991797527837,13
"Early post-index","Auto-FMT","Veillonellaceae (family)",-8.21643890182415e-05,9.31017548594355e-05,13
"Early post-index","Auto-FMT","Verrucomicrobiaceae (family)",-1.19128520110472e-06,2.00701925521856e-07,13
"Early post-index","Auto-FMT","Vibrio (genus)",-5.95642600552358e-07,1.00350962760928e-07,13
"Early post-index","Auto-FMT","Vogesella (genus)",-5.95642600552358e-07,1.00350962760928e-07,13
"Early post-index","Auto-FMT","WSA2 (family)",-5.95642600552358e-07,1.00350962760928e-07,13
"Early post-index","Auto-FMT","Weissella (genus)",-1.19128520110472e-06,2.00701925521856e-07,13
"Early post-index","Auto-FMT","Xanthomonadaceae (family)",-1.19128520110472e-06,2.00701925521856e-07,13
"Early post-index","Auto-FMT","Xenococcaceae (family)",-5.95642600552358e-07,1.00350962760928e-07,13
"Early post-index","Auto-FMT","YS2 (order)",-1.19128520110472e-06,2.00701925521856e-07,13
"Early post-index","Auto-FMT","ZB2 (class)",-2.02518484187802e-05,3.41193273387156e-06,13
"Early post-index","Auto-FMT","[Barnesiellaceae] (family)",-1.19128520110472e-06,2.00701925521856e-07,13
"Early post-index","Auto-FMT","[Cerasicoccaceae] (family)",-2.38257040220943e-06,4.01403851043712e-07,13
"Early post-index","Auto-FMT","[Chthoniobacteraceae] (family)",-1.78692780165707e-06,3.01052888282784e-07,13
"Early post-index","Auto-FMT","[Coprobacillaceae] (family)",-0.0563595657147328,0.0173148805796385,13
"Early post-index","Auto-FMT","[Eubacterium] (genus)",-0.0761457810869857,0.0171097021058456,13
"Early post-index","Auto-FMT","[Paraprevotellaceae] (family)",-1.19128520110472e-06,2.00701925521856e-07,13
"Early post-index","Auto-FMT","[Pedosphaerales] (order)",-2.38257040220943e-06,4.01403851043712e-07,13
"Early post-index","Auto-FMT","[Prevotella] (genus)",-1.27889303755164e-05,5.89235522896426e-06,13
"Early post-index","Auto-FMT","[Ruminococcus] (genus)",-0.0479414442505919,0.0223493206976891,13
"Early post-index","Auto-FMT","[Saprospirales] (order)",-1.19128520110472e-06,2.00701925521856e-07,13
"Early post-index","Auto-FMT","[Weeksellaceae] (family)",-2.38257040220943e-06,4.01403851043712e-07,13
"Early post-index","Auto-FMT","auto67_4W (family)",-1.19128520110472e-06,2.00701925521856e-07,13
"Early post-index","Auto-FMT","cc_115 (genus)",-0.00062438581372957,0.000614651049005976,13
"Early post-index","Auto-FMT","iii1-15 (order)",-2.97821300276179e-06,5.0175481380464e-07,13
"Early post-index","Auto-FMT","mitochondria (family)",0.00652690210134711,0.00651038182822553,13
"Early post-index","Auto-FMT","p-75-a5 (genus)",-5.95642600552358e-07,1.00350962760928e-07,13
"Later post-index","Control","01D2Z36 (family)",1.24718472412942e-07,1.91967965140853e-07,10
"Later post-index","Control","0319-7L14 (order)",2.49436944825884e-07,3.83935930281707e-07,10
"Later post-index","Control","258ds10 (order)",2.49436944825884e-07,3.83935930281707e-07,10
"Later post-index","Control","32-20 (order)",2.49436944825884e-07,3.83935930281707e-07,10
"Later post-index","Control","A17 (genus)",1.24718472412942e-07,1.91967965140853e-07,10
"Later post-index","Control","A4b (family)",6.2359236206471e-07,9.59839825704267e-07,10
"Later post-index","Control","Abiotrophia (genus)",1.24718472412942e-07,1.91967965140853e-07,10
"Later post-index","Control","Acetobacter (genus)",1.24718472412942e-07,1.91967965140853e-07,10
"Later post-index","Control","Acetobacteraceae (family)",3.74155417238826e-07,5.7590389542256e-07,10
"Later post-index","Control","Acholeplasma (genus)",2.49436944825884e-07,3.83935930281707e-07,10
"Later post-index","Control","Achromobacter (genus)",4.02452413775824e-05,3.55715009162872e-05,10
"Later post-index","Control","Acidaminococcus (genus)",1.24718472412942e-07,1.91967965140853e-07,10
"Later post-index","Control","Acidimicrobiales (order)",2.49436944825884e-07,3.83935930281707e-07,10
"Later post-index","Control","Acidobacteriaceae (family)",1.24718472412942e-07,1.91967965140853e-07,10
"Later post-index","Control","Acinetobacter (genus)",1.24718472412942e-06,1.91967965140853e-06,10
"Later post-index","Control","Actinobacillus (genus)",1.24718472412942e-07,1.91967965140853e-07,10
"Later post-index","Control","Actinobaculum (genus)",2.49436944825884e-07,3.83935930281707e-07,10
"Later post-index","Control","Actinomyces (genus)",0.0170988104996112,0.0105611248881695,10
"Later post-index","Control","Actinomycetaceae (family)",8.71733117513946e-05,0.000138648878075647,10
"Later post-index","Control","Actinomycetales (order)",1.12246625171648e-06,1.72771168626768e-06,10
"Later post-index","Control","Actinopolysporaceae (family)",1.24718472412942e-07,1.91967965140853e-07,10
"Later post-index","Control","Adlercreutzia (genus)",-0.000568234766264763,0.000567845702814804,10
"Later post-index","Control","Aerococcaceae (family)",3.73145174472427e-05,3.5940444346855e-05,10
"Later post-index","Control","Aerococcus (genus)",6.2359236206471e-07,9.59839825704267e-07,10
"Later post-index","Control","Aeromicrobium (genus)",1.4277227004402e-06,9.80013771332047e-07,10
"Later post-index","Control","Aeromonadaceae (family)",1.24718472412942e-07,1.91967965140853e-07,10
"Later post-index","Control","Afifella (genus)",1.24718472412942e-07,1.91967965140853e-07,10
"Later post-index","Control","Aggregatibacter (genus)",4.98873889651768e-07,7.67871860563414e-07,10
"Later post-index","Control","Agrobacterium (genus)",1.03566849907949e-06,9.36413647283911e-07,10
"Later post-index","Control","Agromyces (genus)",1.24718472412942e-07,1.91967965140853e-07,10
"Later post-index","Control","Akkermansia (genus)",-0.0410952923812777,0.0230602425917454,10
"Later post-index","Control","Alcaligenaceae (family)",1.24718472412942e-07,1.91967965140853e-07,10
"Later post-index","Control","Alicyclobacillus (genus)",1.24718472412942e-07,1.91967965140853e-07,10
"Later post-index","Control","Allobaculum (genus)",0.00526733719217366,0.00491307210435895,10
"Later post-index","Control","Alloiococcus (genus)",1.24718472412942e-07,1.91967965140853e-07,10
"Later post-index","Control","Alphaproteobacteria (class)",9.87042504657369e-05,9.8391356776896e-05,10
"Later post-index","Control","Anaerobacillus (genus)",-1.00779774865028e-05,9.24925917728787e-06,10
"Later post-index","Control","Anaerobrancaceae (family)",1.24718472412942e-07,1.91967965140853e-07,10
"Later post-index","Control","Anaerococcus (genus)",-0.000148134362108887,0.000105995030505369,10
"Later post-index","Control","Anaerofilum (genus)",1.24718472412942e-07,1.91967965140853e-07,10
"Later post-index","Control","Anaeroplasma (genus)",4.09522867739091e-05,5.81626987664607e-05,10
"Later post-index","Control","Anaerostipes (genus)",0.00240175528917206,0.00240514876573452,10
"Later post-index","Control","Anaerotruncus (genus)",-9.53101371193149e-05,5.20849750748555e-05,10
"Later post-index","Control","Anoxybacillus (genus)",3.74155417238826e-07,5.7590389542256e-07,10
"Later post-index","Control","Aquicella (genus)",2.49436944825884e-07,3.83935930281707e-07,10
"Later post-index","Control","Arcanobacterium (genus)",3.37456860648216e-05,3.23053981731054e-05,10
"Later post-index","Control","Arctic97B-4 (order)",1.24718472412942e-07,1.91967965140853e-07,10
"Later post-index","Control","Arthrobacter (genus)",3.57544744448641e-05,3.57854811958537e-05,10
"Later post-index","Control","Atopobium (genus)",0.00431607364836925,0.00410087819861052,10
"Later post-index","Control","Azorhizobium (genus)",1.24718472412942e-07,1.91967965140853e-07,10
"Later post-index","Control","Azospira (genus)",1.24718472412942e-07,1.91967965140853e-07,10
"Later post-index","Control","BD7-3 (order)",2.49436944825884e-07,3.83935930281707e-07,10
"Later post-index","Control","BF311 (genus)",1.24718472412942e-07,1.91967965140853e-07,10
"Later post-index","Control","Bacillaceae (family)",4.98873889651768e-07,7.67871860563414e-07,10
"Later post-index","Control","Bacillales (order)",0.000456393276614592,0.000319626581475872,10
"Later post-index","Control","Bacilli (class)",7.48310834477652e-07,1.15180779084512e-06,10
"Later post-index","Control","Bacillus (genus)",-0.000466271447090696,0.000581301732577949,10
"Later post-index","Control","Bacteria (kingdom)",4.98873889651768e-07,7.67871860563414e-07,10
"Later post-index","Control","Bacteroidales (order)",5.31401728089546e-06,6.61345381905224e-06,10
"Later post-index","Control","Bacteroides (genus)",-0.0183549365923469,0.0195494551575842,10
"Later post-index","Control","Balneimonas (genus)",1.24718472412942e-07,1.91967965140853e-07,10
"Later post-index","Control","Beijerinckiaceae (family)",3.74155417238826e-07,5.7590389542256e-07,10
"Later post-index","Control","Betaproteobacteria (class)",4.98873889651768e-07,7.67871860563414e-07,10
"Later post-index","Control","Bifidobacteriaceae (family)",0.026484079909154,0.0258271230904146,10
"Later post-index","Control","Bifidobacterium (genus)",-0.0531084422912626,0.0309166266778133,10
"Later post-index","Control","Bilophila (genus)",7.2875823802568e-05,5.6994889897097e-05,10
"Later post-index","Control","Blattabacteriaceae (family)",2.49436944825884e-07,3.83935930281707e-07,10
"Later post-index","Control","Blautia (genus)",-0.0415618356283756,0.0403050763943124,10
"Later post-index","Control","Bosea (genus)",3.04738241935639e-06,2.73393987879473e-06,10
"Later post-index","Control","Bradyrhizobiaceae (family)",0.000183023531389418,0.000149127356097348,10
"Later post-index","Control","Bradyrhizobium (genus)",0.000227219553230113,0.000199121676334697,10
"Later post-index","Control","Brevibacillus (genus)",8.73029306890594e-07,1.34377575598597e-06,10
"Later post-index","Control","Brevibacteriaceae (family)",1.24718472412942e-07,1.91967965140853e-07,10
"Later post-index","Control","Brevibacterium (genus)",7.48310834477652e-07,1.15180779084512e-06,10
"Later post-index","Control","Brochothrix (genus)",1.24718472412942e-07,1.91967965140853e-07,10
"Later post-index","Control","Bulleidia (genus)",-6.38761251499971e-07,1.86465500151525e-06,10
"Later post-index","Control","Burkholderia (genus)",0.000354430221028463,0.000354193872892087,10
"Later post-index","Control","Butyricimonas (genus)",3.82347444289749e-06,3.27247890085984e-06,10
"Later post-index","Control","Butyrivibrio (genus)",1.24718472412942e-07,1.91967965140853e-07,10
"Later post-index","Control","CAB-I (order)",1.24718472412942e-07,1.91967965140853e-07,10
"Later post-index","Control","CF231 (genus)",1.24718472412942e-07,1.91967965140853e-07,10
"Later post-index","Control","CFB-26 (order)",1.24718472412942e-07,1.91967965140853e-07,10
"Later post-index","Control","CW040 (order)",1.24718472412942e-07,1.91967965140853e-07,10
"Later post-index","Control","Campylobacter (genus)",4.57914876869437e-06,4.09810420305596e-06,10
"Later post-index","Control","Candidatus Phytoplasma (genus)",1.24718472412942e-07,1.91967965140853e-07,10
"Later post-index","Control","Candidatus Portiera (genus)",2.49436944825884e-07,3.83935930281707e-07,10
"Later post-index","Control","Candidatus Rhodoluna (genus)",1.24718472412942e-07,1.91967965140853e-07,10
"Later post-index","Control","Candidatus Solibacter (genus)",1.24718472412942e-07,1.91967965140853e-07,10
"Later post-index","Control","Candidatus Xiphinematobacter (genus)",1.24718472412942e-07,1.91967965140853e-07,10
"Later post-index","Control","Capnocytophaga (genus)",8.73029306890594e-07,1.34377575598597e-06,10
"Later post-index","Control","Catabacteriaceae (family)",-1.13763514115174e-06,1.46520026238791e-06,10
"Later post-index","Control","Catenibacterium (genus)",2.24493250343295e-06,3.45542337253536e-06,10
"Later post-index","Control","Caulobacteraceae (family)",1.24718472412942e-07,1.91967965140853e-07,10
"Later post-index","Control","Cellulomonas (genus)",1.24718472412942e-07,1.91967965140853e-07,10
"Later post-index","Control","Cellulosimicrobium (genus)",2.49436944825884e-07,3.83935930281707e-07,10
"Later post-index","Control","Cellvibrio (genus)",1.24718472412942e-07,1.91967965140853e-07,10
"Later post-index","Control","Cenarchaeaceae (family)",1.24718472412942e-07,1.91967965140853e-07,10
"Later post-index","Control","Chitinophagaceae (family)",1.4966216689553e-06,2.30361558169024e-06,10
"Later post-index","Control","Chlamydiae (phylum)",1.24718472412942e-07,1.91967965140853e-07,10
"Later post-index","Control","Chlamydiia (class)",1.48395942946836e-06,1.37252129324309e-06,10
"Later post-index","Control","Chloroflexaceae (family)",7.44081634308093e-05,7.44232990583942e-05,10
"Later post-index","Control","Chloroflexales (order)",3.56297559724512e-05,3.56450182276475e-05,10
"Later post-index","Control","Chromatiaceae (family)",3.74155417238826e-07,5.7590389542256e-07,10
"Later post-index","Control","Chromatiales (order)",0.000110867112936657,9.78384496159052e-05,10
"Later post-index","Control","Chthoniobacter (genus)",1.91477663692741e-06,1.80011259242757e-06,10
"Later post-index","Control","Citrobacter (genus)",-0.00102385498263997,0.000485383450304605,10
"Later post-index","Control","Clavibacter (genus)",1.24718472412942e-07,1.91967965140853e-07,10
"Later post-index","Control","Cloacibacillus (genus)",1.24718472412942e-07,1.91967965140853e-07,10
"Later post-index","Control","Clostridiaceae (family)",0.00229479979957353,0.0198645447257292,10
"Later post-index","Control","Clostridiales (order)",-0.0052201253002662,0.00470804168668766,10
"Later post-index","Control","Clostridium (genus)",0.00164284411570503,0.00224373908824311,10
"Later post-index","Control","Cohnella (genus)",1.24718472412942e-07,1.91967965140853e-07,10
"Later post-index","Control","Collinsella (genus)",-0.00205973505008261,0.00212083801090912,10
"Later post-index","Control","Colwelliaceae (family)",2.49436944825884e-07,3.83935930281707e-07,10
"Later post-index","Control","Comamonadaceae (family)",9.97747779303536e-07,1.53574372112683e-06,10
"Later post-index","Control","Conexibacteraceae (family)",3.56297559724512e-05,3.56450182276475e-05,10
"Later post-index","Control","Coprobacillus (genus)",-0.000113929533889952,0.000207146085177135,10
"Later post-index","Control","Coprococcus (genus)",3.00981067767386e-05,0.000368112158458479,10
"Later post-index","Control","Coriobacteriaceae (family)",0.00146074941454101,0.00138025162666487,10
"Later post-index","Control","Corynebacterium (genus)",0.00149925129902876,0.000911234542750509,10
"Later post-index","Control","Coxiella (genus)",1.24718472412942e-07,1.91967965140853e-07,10
"Later post-index","Control","Cryocola (genus)",1.24718472412942e-07,1.91967965140853e-07,10
"Later post-index","Control","Cryomorphaceae (family)",2.49436944825884e-07,3.83935930281707e-07,10
"Later post-index","Control","Cupriavidus (genus)",8.12730250316365e-06,5.73340386942285e-06,10
"Later post-index","Control","Curtobacterium (genus)",4.16841108970279e-07,4.18676267075236e-07,10
"Later post-index","Control","Cytophagaceae (family)",-1.0129166687388e-06,1.53908684823963e-06,10
"Later post-index","Control","DA101 (genus)",1.24718472412942e-07,1.91967965140853e-07,10
"Later post-index","Control","DHVE3 (order)",-3.78265246052569e-05,3.79278193915423e-05,10
"Later post-index","Control","Dehalococcoidaceae (family)",3.74155417238826e-07,5.7590389542256e-07,10
"Later post-index","Control","Deinococcus (genus)",0.00030553151003624,0.000247725322619092,10
"Later post-index","Control","Deltaproteobacteria (class)",2.64434640096078e-06,2.2173895672134e-06,10
"Later post-index","Control","Demequina (genus)",1.24718472412942e-07,1.91967965140853e-07,10
"Later post-index","Control","Dermabacter (genus)",2.49436944825884e-07,3.83935930281707e-07,10
"Later post-index","Control","Dermabacteraceae (family)",1.24718472412942e-07,1.91967965140853e-07,10
"Later post-index","Control","Dermacoccus (genus)",2.49436944825884e-07,3.83935930281707e-07,10
"Later post-index","Control","Desulfarculus (genus)",1.24718472412942e-07,1.91967965140853e-07,10
"Later post-index","Control","Desulfobacca (genus)",1.24718472412942e-07,1.91967965140853e-07,10
"Later post-index","Control","Desulfobacteraceae (family)",3.74155417238826e-07,5.7590389542256e-07,10
"Later post-index","Control","Desulfobulbaceae (family)",0.000162449237179916,0.000115034713334194,10
"Later post-index","Control","Desulfococcus (genus)",8.65570647855104e-05,6.091798211958e-05,10
"Later post-index","Control","Desulfomonile (genus)",1.24718472412942e-07,1.91967965140853e-07,10
"Later post-index","Control","Desulfosporomusa (genus)",1.24718472412942e-07,1.91967965140853e-07,10
"Later post-index","Control","Desulfovibrio (genus)",3.22643184040617e-06,2.7051849347271e-06,10
"Later post-index","Control","Desulfovibrionaceae (family)",1.24718472412942e-07,1.91967965140853e-07,10
"Later post-index","Control","Devosia (genus)",1.24718472412942e-07,1.91967965140853e-07,10
"Later post-index","Control","Dialister (genus)",2.05131506250491e-06,1.08646705182615e-06,10
"Later post-index","Control","Dietzia (genus)",2.49436944825884e-07,3.83935930281707e-07,10
"Later post-index","Control","Dorea (genus)",-0.00738361452943845,0.0098961533777702,10
"Later post-index","Control","Dysgonomonas (genus)",1.24718472412942e-07,1.91967965140853e-07,10
"Later post-index","Control","EB1017 (family)",1.24718472412942e-07,1.91967965140853e-07,10
"Later post-index","Control","Eggerthella (genus)",-0.00327241212795687,0.00350556726571784,10
"Later post-index","Control","Eikenella (genus)",3.57544744448641e-05,3.57854811958537e-05,10
"Later post-index","Control","Ellin515 (family)",1.24718472412942e-07,1.91967965140853e-07,10
"Later post-index","Control","Ellin6529 (class)",2.49436944825884e-07,3.83935930281707e-07,10
"Later post-index","Control","Endozoicimonaceae (family)",1.24718472412942e-07,1.91967965140853e-07,10
"Later post-index","Control","Enterobacter (genus)",3.74155417238826e-07,5.7590389542256e-07,10
"Later post-index","Control","Enterobacteriaceae (family)",-0.0232980725944584,0.0855282173996018,10
"Later post-index","Control","Enterococcus (genus)",0.000101517944302978,8.40034412342643e-05,10
"Later post-index","Control","Epulopiscium (genus)",-8.50918850803283e-05,8.7074266446515e-05,10
"Later post-index","Control","Erwinia (genus)",-4.83318860176508e-05,4.85547583244719e-05,10
"Later post-index","Control","Erysipelothrix (genus)",2.49436944825884e-07,3.83935930281707e-07,10
"Later post-index","Control","Erysipelotrichaceae (family)",2.43603844882436e-06,2.4868447034726e-06,10
"Later post-index","Control","Erythrobacteraceae (family)",1.24718472412942e-07,1.91967965140853e-07,10
"Later post-index","Control","Exiguobacteraceae (family)",1.24718472412942e-07,1.91967965140853e-07,10
"Later post-index","Control","Exiguobacterium (genus)",1.85811484670718e-06,1.56040740170501e-06,10
"Later post-index","Control","F16 (family)",1.24718472412942e-07,1.91967965140853e-07,10
"Later post-index","Control","Facklamia (genus)",4.98873889651768e-07,7.67871860563414e-07,10
"Later post-index","Control","Faecalibacterium (genus)",0.0112420931589904,0.0114000491244623,10
"Later post-index","Control","Filifactor (genus)",1.24718472412942e-07,1.91967965140853e-07,10
"Later post-index","Control","Finegoldia (genus)",-4.05201459157997e-06,7.51509685971701e-06,10
"Later post-index","Control","Firmicutes (phylum)",0.000738412471703504,0.000658957212921662,10
"Later post-index","Control","Flammeovirgaceae (family)",1.31357219710788e-06,1.10135424329933e-06,10
"Later post-index","Control","Flavobacteriaceae (family)",1.24718472412942e-07,1.91967965140853e-07,10
"Later post-index","Control","Flavobacteriales (order)",1.24718472412942e-07,1.91967965140853e-07,10
"Later post-index","Control","Flavobacterium (genus)",2.74380639308472e-06,4.22329523309877e-06,10
"Later post-index","Control","Flectobacillus (genus)",1.24718472412942e-07,1.91967965140853e-07,10
"Later post-index","Control","Francisellaceae (family)",1.24718472412942e-07,1.91967965140853e-07,10
"Later post-index","Control","Friedmanniella (genus)",4.98873889651768e-07,7.67871860563414e-07,10
"Later post-index","Control","Fructobacillus (genus)",6.99265317125209e-05,5.17182097436737e-05,10
"Later post-index","Control","Fusobacteriaceae (family)",0.00166120566171042,0.00142428479431511,10
"Later post-index","Control","Fusobacteriales (order)",1.31357219710788e-06,1.10135424329933e-06,10
"Later post-index","Control","Fusobacterium (genus)",0.00140512760383658,0.00137905071311194,10
"Later post-index","Control","GCA004 (order)",1.24718472412942e-07,1.91967965140853e-07,10
"Later post-index","Control","GMD14H09 (order)",2.49436944825884e-07,3.83935930281707e-07,10
"Later post-index","Control","GW-22 (order)",1.24718472412942e-07,1.91967965140853e-07,10
"Later post-index","Control","Gallionella (genus)",1.24718472412942e-07,1.91967965140853e-07,10
"Later post-index","Control","Gammaproteobacteria (class)",2.10755179153307e-06,1.78066259997762e-06,10
"Later post-index","Control","Gardnerella (genus)",2.49436944825884e-07,3.83935930281707e-07,10
"Later post-index","Control","Gemella (genus)",-3.82094242425794e-05,0.000120969237411784,10
"Later post-index","Control","Gemellaceae (family)",3.29487669370482e-05,2.07963725084858e-05,10
"Later post-index","Control","Gemellales (order)",2.49436944825884e-07,3.83935930281707e-07,10
"Later post-index","Control","Gemmata (genus)",3.37189142121457e-06,3.14555182086498e-06,10
"Later post-index","Control","Gemmataceae (family)",1.84466774349484e-05,1.78478594800193e-05,10
"Later post-index","Control","Gemmatimonadetes (class)",1.24718472412942e-07,1.91967965140853e-07,10
"Later post-index","Control","Geobacillus (genus)",1.24718472412942e-07,1.91967965140853e-07,10
"Later post-index","Control","Geobacter (genus)",0.00108211806127567,0.00106190630064464,10
"Later post-index","Control","Geobacteraceae (family)",8.24561545949126e-05,8.20833871804328e-05,10
"Later post-index","Control","Gluconacetobacter (genus)",6.6151308184066e-07,5.69889349187122e-07,10
"Later post-index","Control","Glycomyces (genus)",1.24718472412942e-07,1.91967965140853e-07,10
"Later post-index","Control","Gordonia (genus)",1.6086779018813e-06,1.4120187041095e-06,10
"Later post-index","Control","Granulicatella (genus)",2.49436944825884e-07,3.83935930281707e-07,10
"Later post-index","Control","HOC36 (order)",1.24718472412942e-07,1.91967965140853e-07,10
"Later post-index","Control","HTCC2207 (genus)",1.24718472412942e-07,1.91967965140853e-07,10
"Later post-index","Control","Haemophilus (genus)",-1.55143924339646e-06,2.28939635275076e-06,10
"Later post-index","Control","Helcococcus (genus)",1.24718472412942e-07,1.91967965140853e-07,10
"Later post-index","Control","Helicobacter (genus)",1.24718472412942e-07,1.91967965140853e-07,10
"Later post-index","Control","Hirschia (genus)",1.24718472412942e-07,1.91967965140853e-07,10
"Later post-index","Control","Holdemania (genus)",-0.00149325464327324,0.00149811758464882,10
"Later post-index","Control","Hymenobacter (genus)",3.74155417238826e-07,5.7590389542256e-07,10
"Later post-index","Control","Hyphomicrobiaceae (family)",4.28190490399886e-06,4.05028454835896e-06,10
"Later post-index","Control","Hyphomonadaceae (family)",9.98165060951949e-06,9.11255847858995e-06,10
"Later post-index","Control","JG30-KF-CM45 (order)",1.064135252282e-06,9.5862379551637e-07,10
"Later post-index","Control","JTB36 (family)",3.74155417238826e-07,5.7590389542256e-07,10
"Later post-index","Control","Janthinobacterium (genus)",1.24718472412942e-07,1.91967965140853e-07,10
"Later post-index","Control","Jeotgalicoccus (genus)",1.24718472412942e-07,1.91967965140853e-07,10
"Later post-index","Control","Kingella (genus)",1.24718472412942e-07,1.91967965140853e-07,10
"Later post-index","Control","Klebsiella (genus)",1.62134014136825e-06,2.49558354683109e-06,10
"Later post-index","Control","Kocuria (genus)",7.08310023901005e-06,5.60274015854043e-06,10
"Later post-index","Control","Koribacteraceae (family)",6.2359236206471e-07,9.59839825704267e-07,10
"Later post-index","Control","LD1-PB3 (order)",1.24718472412942e-07,1.91967965140853e-07,10
"Later post-index","Control","Lachnobacterium (genus)",3.74155417238826e-07,5.7590389542256e-07,10
"Later post-index","Control","Lachnospira (genus)",8.57860417455334e-07,3.81350809661393e-06,10
"Later post-index","Control","Lachnospiraceae (family)",-0.0429114327932759,0.0385053124991175,10
"Later post-index","Control","Lactobacillaceae (family)",3.74155417238826e-07,5.7590389542256e-07,10
"Later post-index","Control","Lactobacillales (order)",0.001074322968321,0.000817682271031109,10
"Later post-index","Control","Lactobacillus (genus)",0.0428577462828623,0.0813269022509133,10
"Later post-index","Control","Lactococcus (genus)",0.0844104608396172,0.0415175367088278,10
"Later post-index","Control","Lautropia (genus)",2.49436944825884e-07,3.83935930281707e-07,10
"Later post-index","Control","Legionella (genus)",0.000256551483519303,0.000246848207455454,10
"Later post-index","Control","Legionellaceae (family)",7.54423410400567e-05,7.29303306833212e-05,10
"Later post-index","Control","Legionellales (order)",1.24718472412942e-07,1.91967965140853e-07,10
"Later post-index","Control","Lentzea (genus)",1.24718472412942e-07,1.91967965140853e-07,10
"Later post-index","Control","Leptotrichia (genus)",7.28808520862706e-05,7.31327965419913e-05,10
"Later post-index","Control","Leucobacter (genus)",2.49436944825884e-07,3.83935930281707e-07,10
"Later post-index","Control","Leuconostoc (genus)",0.0010133698674478,0.000733599857093188,10
"Later post-index","Control","Leuconostocaceae (family)",0.000148709708177116,5.30058543119957e-05,10
"Later post-index","Control","Leucothrix (genus)",1.24718472412942e-07,1.91967965140853e-07,10
"Later post-index","Control","Limnohabitans (genus)",2.83644677668295e-06,2.58830676487857e-06,10
"Later post-index","Control","Listeriaceae (family)",0.00899562432565284,0.0517738274467621,10
"Later post-index","Control","Luteimonas (genus)",1.24718472412942e-07,1.91967965140853e-07,10
"Later post-index","Control","Luteolibacter (genus)",3.74155417238826e-07,5.7590389542256e-07,10
"Later post-index","Control","Lysinibacillus (genus)",-0.00129532784538405,0.00129824464260685,10
"Later post-index","Control","MIZ46 (order)",1.74605861378119e-06,2.68755151197195e-06,10
"Later post-index","Control","MKC10 (order)",1.24718472412942e-07,1.91967965140853e-07,10
"Later post-index","Control","Macrococcus (genus)",7.48310834477652e-07,1.15180779084512e-06,10
"Later post-index","Control","Megamonas (genus)",-1.13763514115174e-06,1.46520026238791e-06,10
"Later post-index","Control","Megasphaera (genus)",0.000219903129477954,0.000149931357309765,10
"Later post-index","Control","Methanobrevibacter (genus)",4.45698699079089e-06,2.75727507592727e-06,10
"Later post-index","Control","Methylacidiphilales (order)",1.24718472412942e-07,1.91967965140853e-07,10
"Later post-index","Control","Methylibium (genus)",-0.000254811504371793,0.00127649014771638,10
"Later post-index","Control","Methylobacillus (genus)",1.24718472412942e-07,1.91967965140853e-07,10
"Later post-index","Control","Methylobacteriaceae (family)",9.10950026666544e-07,7.86851258734058e-07,10
"Later post-index","Control","Methylobacterium (genus)",4.69797663044953e-06,3.96934466322968e-06,10
"Later post-index","Control","Methylococcales (order)",2.49436944825884e-07,3.83935930281707e-07,10
"Later post-index","Control","Microbacteriaceae (family)",3.37800635806617e-06,2.6820901581417e-06,10
"Later post-index","Control","Microbacterium (genus)",0.000741575365202745,0.000730657901889498,10
"Later post-index","Control","Micrococcaceae (family)",0.000303939746942778,0.00028886212401247,10
"Later post-index","Control","Micrococcales (order)",1.24718472412942e-07,1.91967965140853e-07,10
"Later post-index","Control","Micrococcus (genus)",7.86231554253602e-07,6.59623140288322e-07,10
"Later post-index","Control","Micromonosporaceae (family)",1.24718472412942e-07,1.91967965140853e-07,10
"Later post-index","Control","Mitsuokella (genus)",3.74155417238826e-07,5.7590389542256e-07,10
"Later post-index","Control","Mobiluncus (genus)",1.24718472412942e-07,1.91967965140853e-07,10
"Later post-index","Control","Modestobacter (genus)",1.24718472412942e-07,1.91967965140853e-07,10
"Later post-index","Control","Mogibacterium (genus)",1.04545557366071e-05,5.86447073106474e-06,10
"Later post-index","Control","Mollicutes (class)",1.24718472412942e-07,1.91967965140853e-07,10
"Later post-index","Control","Morganella (genus)",2.49436944825884e-07,3.83935930281707e-07,10
"Later post-index","Control","Moryella (genus)",3.5847576111606e-06,2.91347723670953e-06,10
"Later post-index","Control","Mucispirillum (genus)",9.83300950484981e-05,9.82513420180036e-05,10
"Later post-index","Control","Mycobacterium (genus)",0.000987238839799288,0.000968204539250305,10
"Later post-index","Control","Mycoplasma (genus)",0.000149428740370843,0.000149192998970513,10
"Later post-index","Control","Myroides (genus)",1.24718472412942e-07,1.91967965140853e-07,10
"Later post-index","Control","Myxococcales (order)",1.12246625171648e-06,1.72771168626768e-06,10
"Later post-index","Control","N1423WL (order)",1.24718472412942e-07,1.91967965140853e-07,10
"Later post-index","Control","Negativicoccus (genus)",2.49436944825884e-07,3.83935930281707e-07,10
"Later post-index","Control","Neisseria (genus)",5.50451166661441e-05,5.50757842695265e-05,10
"Later post-index","Control","Neisseriaceae (family)",2.49436944825884e-07,3.83935930281707e-07,10
"Later post-index","Control","Nitrobacter (genus)",1.24718472412942e-07,1.91967965140853e-07,10
"Later post-index","Control","Nitrospira (genus)",1.24718472412942e-07,1.91967965140853e-07,10
"Later post-index","Control","Nocardioidaceae (family)",7.48310834477652e-07,1.15180779084512e-06,10
"Later post-index","Control","Nocardioides (genus)",1.24718472412942e-07,1.91967965140853e-07,10
"Later post-index","Control","Nocardiopsaceae (family)",1.24718472412942e-07,1.91967965140853e-07,10
"Later post-index","Control","Novosphingobium (genus)",3.74155417238826e-07,5.7590389542256e-07,10
"Later post-index","Control","OD1 (phylum)",1.24718472412942e-07,1.91967965140853e-07,10
"Later post-index","Control","OP11 (phylum)",1.24718472412942e-07,1.91967965140853e-07,10
"Later post-index","Control","OP11-3 (class)",2.49436944825884e-07,3.83935930281707e-07,10
"Later post-index","Control","OP11-4 (class)",4.98873889651768e-07,7.67871860563414e-07,10
"Later post-index","Control","OPB11 (order)",1.24718472412942e-07,1.91967965140853e-07,10
"Later post-index","Control","Oceanospirillales (order)",1.24718472412942e-07,1.91967965140853e-07,10
"Later post-index","Control","Ochrobactrum (genus)",2.49436944825884e-07,3.83935930281707e-07,10
"Later post-index","Control","Odoribacter (genus)",4.23623614405134e-06,3.73696041753691e-06,10
"Later post-index","Control","Oribacterium (genus)",1.24718472412942e-07,1.91967965140853e-07,10
"Later post-index","Control","Oscillospira (genus)",-0.00168675993223009,0.00266968691426142,10
"Later post-index","Control","Oxalobacteraceae (family)",8.73029306890594e-07,1.34377575598597e-06,10
"Later post-index","Control","Paenibacillaceae (family)",1.24718472412942e-07,1.91967965140853e-07,10
"Later post-index","Control","Paenibacillus (genus)",4.84777198177441e-06,4.60422664233982e-06,10
"Later post-index","Control","Parabacteroides (genus)",0.000344738634006699,0.000913601339261365,10
"Later post-index","Control","Paracoccus (genus)",1.24718472412942e-07,1.91967965140853e-07,10
"Later post-index","Control","Parascardovia (genus)",0.00738228312826905,0.00425737929389071,10
"Later post-index","Control","Pasteurellaceae (family)",1.24718472412942e-07,1.91967965140853e-07,10
"Later post-index","Control","Patulibacter (genus)",1.24718472412942e-07,1.91967965140853e-07,10
"Later post-index","Control","Paucibacter (genus)",1.24718472412942e-07,1.91967965140853e-07,10
"Later post-index","Control","Pediococcus (genus)",-0.00253970754415273,0.00243783996106049,10
"Later post-index","Control","Pedobacter (genus)",3.74155417238826e-07,5.7590389542256e-07,10
"Later post-index","Control","Pelobacteraceae (family)",2.49436944825884e-07,3.83935930281707e-07,10
"Later post-index","Control","Peptococcaceae (family)",1.24718472412942e-07,1.91967965140853e-07,10
"Later post-index","Control","Peptococcus (genus)",1.24718472412942e-07,1.91967965140853e-07,10
"Later post-index","Control","Peptoniphilus (genus)",7.38530580633891e-05,7.90101395872261e-05,10
"Later post-index","Control","Peptostreptococcaceae (family)",-0.0196462184826678,0.0232794956719133,10
"Later post-index","Control","Peptostreptococcus (genus)",2.27669203518282e-06,4.30096228035871e-06,10
"Later post-index","Control","Phascolarctobacterium (genus)",3.74155417238826e-07,5.7590389542256e-07,10
"Later post-index","Control","Phenylobacterium (genus)",1.24718472412942e-07,1.91967965140853e-07,10
"Later post-index","Control","Phycicoccus (genus)",1.24718472412942e-07,1.91967965140853e-07,10
"Later post-index","Control","Phycisphaerae (class)",2.49436944825884e-07,3.83935930281707e-07,10
"Later post-index","Control","Phycisphaerales (order)",1.24718472412942e-07,1.91967965140853e-07,10
"Later post-index","Control","Phyllobacteriaceae (family)",1.24718472412942e-07,1.91967965140853e-07,10
"Later post-index","Control","Phyllobacterium (genus)",1.91477663692741e-06,1.80011259242757e-06,10
"Later post-index","Control","Pirellulaceae (family)",4.98873889651768e-07,7.67871860563414e-07,10
"Later post-index","Control","Piscirickettsiaceae (family)",0.000501363141914024,0.000406496253640223,10
"Later post-index","Control","Planctomyces (genus)",1.72439437232563e-05,1.64245019648874e-05,10
"Later post-index","Control","Planifilum (genus)",1.24718472412942e-07,1.91967965140853e-07,10
"Later post-index","Control","Planococcaceae (family)",2.28285322320891e-06,2.74005723183597e-06,10
"Later post-index","Control","Plesiomonas (genus)",9.49979755324201e-05,9.47645761787758e-05,10
"Later post-index","Control","Polaromonas (genus)",2.49436944825884e-07,3.83935930281707e-07,10
"Later post-index","Control","Polyangiaceae (family)",1.24718472412942e-07,1.91967965140853e-07,10
"Later post-index","Control","Porphyromonas (genus)",7.5031755792874e-05,7.51260223422271e-05,10
"Later post-index","Control","Prevotella (genus)",0.000174005053588385,0.00011720457579179,10
"Later post-index","Control","Propionibacteriaceae (family)",0.00327016108506177,0.00251636995177981,10
"Later post-index","Control","Propionibacterium (genus)",0.000739824203488527,0.000464157337883092,10
"Later post-index","Control","Propionicimonas (genus)",1.24718472412942e-07,1.91967965140853e-07,10
"Later post-index","Control","Propionigenium (genus)",0.000102664013661071,7.129082667534e-05,10
"Later post-index","Control","Propionivibrio (genus)",1.24718472412942e-07,1.91967965140853e-07,10
"Later post-index","Control","Proteobacteria (phylum)",1.24718472412942e-07,1.91967965140853e-07,10
"Later post-index","Control","Proteus (genus)",4.98873889651768e-07,7.67871860563414e-07,10
"Later post-index","Control","Pseudochrobactrum (genus)",1.24718472412942e-07,1.91967965140853e-07,10
"Later post-index","Control","Pseudoclavibacter (genus)",2.49436944825884e-07,3.83935930281707e-07,10
"Later post-index","Control","Pseudomonadaceae (family)",1.24718472412942e-07,1.91967965140853e-07,10
"Later post-index","Control","Pseudomonas (genus)",0.000256098014432386,0.00017505183130335,10
"Later post-index","Control","Pseudoramibacter (genus)",1.24718472412942e-07,1.91967965140853e-07,10
"Later post-index","Control","Psychrobacter (genus)",9.85795319933239e-05,9.83443326191834e-05,10
"Later post-index","Control","Psychromonadaceae (family)",3.56297559724512e-05,3.56450182276475e-05,10
"Later post-index","Control","R4-41B (family)",1.24718472412942e-07,1.91967965140853e-07,10
"Later post-index","Control","RB25 (class)",1.24718472412942e-07,1.91967965140853e-07,10
"Later post-index","Control","RF32 (order)",2.49436944825884e-07,3.83935930281707e-07,10
"Later post-index","Control","RF39 (order)",1.10729736228122e-06,4.17360865609682e-06,10
"Later post-index","Control","Ralstonia (genus)",1.49062944319471e-05,1.46614638151748e-05,10
"Later post-index","Control","Renibacterium (genus)",1.24718472412942e-07,1.91967965140853e-07,10
"Later post-index","Control","Rhizobiaceae (family)",2.49436944825884e-07,3.83935930281707e-07,10
"Later post-index","Control","Rhizobiales (order)",3.72722272368706e-06,3.13038935590596e-06,10
"Later post-index","Control","Rhizobium (genus)",0.000100558779109601,9.80288467739587e-05,10
"Later post-index","Control","Rhodobacter (genus)",3.74155417238826e-07,5.7590389542256e-07,10
"Later post-index","Control","Rhodobacteraceae (family)",2.49436944825884e-07,3.83935930281707e-07,10
"Later post-index","Control","Rhodococcus (genus)",6.29249546314575e-05,5.54602945615112e-05,10
"Later post-index","Control","Rhodocyclaceae (family)",8.73029306890594e-07,1.34377575598597e-06,10
"Later post-index","Control","Rhodocytophaga (genus)",1.24718472412942e-07,1.91967965140853e-07,10
"Later post-index","Control","Rhodoferax (genus)",1.24718472412942e-07,1.91967965140853e-07,10
"Later post-index","Control","Rhodoplanes (genus)",6.6151308184066e-07,5.69889349187122e-07,10
"Later post-index","Control","Rhodospirillaceae (family)",4.3362358526357e-06,3.76706680773747e-06,10
"Later post-index","Control","Rickettsiaceae (family)",1.24718472412942e-07,1.91967965140853e-07,10
"Later post-index","Control","Rickettsiales (order)",1.24718472412942e-07,1.91967965140853e-07,10
"Later post-index","Control","Rikenellaceae (family)",3.54512673252167e-05,4.44033437700413e-05,10
"Later post-index","Control","Roseburia (genus)",-5.4167567601667e-05,8.29443595090287e-05,10
"Later post-index","Control","Rothia (genus)",0.00719770849893891,0.00651863657898837,10
"Later post-index","Control","Rubellimicrobium (genus)",1.24718472412942e-07,1.91967965140853e-07,10
"Later post-index","Control","Rubrobacter (genus)",1.24718472412942e-07,1.91967965140853e-07,10
"Later post-index","Control","Ruminococcaceae (family)",-0.0156579698974852,0.00961815667500729,10
"Later post-index","Control","Ruminococcus (genus)",-0.0127187239931477,0.00673899034081295,10
"Later post-index","Control","Rummeliibacillus (genus)",1.24718472412942e-07,1.91967965140853e-07,10
"Later post-index","Control","S24-7 (family)",-0.000747978081579573,0.00107052407853438,10
"Later post-index","Control","SAR202 (class)",2.49436944825884e-07,3.83935930281707e-07,10
"Later post-index","Control","SBRH58 (class)",1.24718472412942e-07,1.91967965140853e-07,10
"Later post-index","Control","SHD-231 (genus)",3.600391138969e-05,3.60678312982025e-05,10
"Later post-index","Control","SJA-4 (class)",4.44853968562365e-06,3.8183055312642e-06,10
"Later post-index","Control","SM2F11 (class)",1.24718472412942e-07,1.91967965140853e-07,10
"Later post-index","Control","SUP05 (family)",3.74155417238826e-07,5.7590389542256e-07,10
"Later post-index","Control","Saccharopolyspora (genus)",1.82190005333309e-06,1.57370251746812e-06,10
"Later post-index","Control","Salinibacterium (genus)",1.24718472412942e-07,1.91967965140853e-07,10
"Later post-index","Control","Salinicoccus (genus)",9.97747779303536e-07,1.53574372112683e-06,10
"Later post-index","Control","Salmonella (genus)",2.49436944825884e-07,3.83935930281707e-07,10
"Later post-index","Control","Sanguibacter (genus)",1.24718472412942e-07,1.91967965140853e-07,10
"Later post-index","Control","Sarcina (genus)",1.24718472412942e-07,1.91967965140853e-07,10
"Later post-index","Control","Sediment-1 (order)",1.24718472412942e-07,1.91967965140853e-07,10
"Later post-index","Control","Sediminibacterium (genus)",6.6151308184066e-07,5.69889349187122e-07,10
"Later post-index","Control","Selenomonas (genus)",8.73029306890594e-07,1.34377575598597e-06,10
"Later post-index","Control","Serratia (genus)",0.000225626961966167,0.000159145787621157,10
"Later post-index","Control","Sharpea (genus)",3.74155417238826e-07,5.7590389542256e-07,10
"Later post-index","Control","Shewanella (genus)",3.74155417238826e-07,5.7590389542256e-07,10
"Later post-index","Control","Sinobacteraceae (family)",2.49436944825884e-07,3.83935930281707e-07,10
"Later post-index","Control","Skermanella (genus)",1.24718472412942e-07,1.91967965140853e-07,10
"Later post-index","Control","Slackia (genus)",6.2359236206471e-07,9.59839825704267e-07,10
"Later post-index","Control","Solibacillus (genus)",1.24718472412942e-07,1.91967965140853e-07,10
"Later post-index","Control","Solirubrobacteraceae (family)",2.49436944825884e-07,3.83935930281707e-07,10
"Later post-index","Control","Solirubrobacterales (order)",1.24718472412942e-07,1.91967965140853e-07,10
"Later post-index","Control","Sphingobacteriaceae (family)",6.2359236206471e-07,9.59839825704267e-07,10
"Later post-index","Control","Sphingobacterium (genus)",1.24718472412942e-07,1.91967965140853e-07,10
"Later post-index","Control","Sphingomonadaceae (family)",3.74155417238826e-07,5.7590389542256e-07,10
"Later post-index","Control","Sphingomonadales (order)",1.24718472412942e-07,1.91967965140853e-07,10
"Later post-index","Control","Sphingomonas (genus)",1.43829066952083e-06,1.2126611489225e-06,10
"Later post-index","Control","Spirobacillales (order)",1.24718472412942e-07,1.91967965140853e-07,10
"Later post-index","Control","Spirochaeta (genus)",3.74155417238826e-07,5.7590389542256e-07,10
"Later post-index","Control","Spirochaetaceae (family)",1.24718472412942e-07,1.91967965140853e-07,10
"Later post-index","Control","Spirosoma (genus)",1.24718472412942e-07,1.91967965140853e-07,10
"Later post-index","Control","Sporanaerobacter (genus)",0.000274828477504555,0.000273874577499064,10
"Later post-index","Control","Sporichthyaceae (family)",2.49436944825884e-07,3.83935930281707e-07,10
"Later post-index","Control","Sporosarcina (genus)",9.67528871269099e-06,9.20764590888258e-06,10
"Later post-index","Control","Staphylococcaceae (family)",2.49436944825884e-07,3.83935930281707e-07,10
"Later post-index","Control","Staphylococcus (genus)",-0.000923137323649695,0.0688521961908338,10
"Later post-index","Control","Stenotrophomonas (genus)",0.000101223878394285,9.84399871622027e-05,10
"Later post-index","Control","Stramenopiles (order)",0.000153674016633514,0.000149188178106839,10
"Later post-index","Control","Streptococcaceae (family)",7.48310834477652e-07,1.15180779084512e-06,10
"Later post-index","Control","Streptococcus (genus)",0.134313674432117,0.0688499731400762,10
"Later post-index","Control","Streptomyces (genus)",6.2359236206471e-07,9.59839825704267e-07,10
"Later post-index","Control","Streptophyta (order)",0.00169739389496338,0.00154688408227639,10
"Later post-index","Control","Sutterella (genus)",6.20484512542203e-05,5.72112796070419e-05,10
"Later post-index","Control","Sva0485 (order)",1.24718472412942e-07,1.91967965140853e-07,10
"Later post-index","Control","Sva0725 (order)",2.49436944825884e-07,3.83935930281707e-07,10
"Later post-index","Control","Synergistaceae (family)",1.24718472412942e-07,1.91967965140853e-07,10
"Later post-index","Control","Syntrophaceae (family)",1.24718472412942e-07,1.91967965140853e-07,10
"Later post-index","Control","Syntrophobacteraceae (family)",4.98873889651768e-07,7.67871860563414e-07,10
"Later post-index","Control","TG5 (genus)",3.74155417238826e-07,5.7590389542256e-07,10
"Later post-index","Control","TM7-3 (class)",1.28510544390537e-06,1.27021728360066e-06,10
"Later post-index","Control","Tannerella (genus)",2.49436944825884e-07,3.83935930281707e-07,10
"Later post-index","Control","Tatlockia (genus)",1.6086779018813e-06,1.4120187041095e-06,10
"Later post-index","Control","Tenericutes (phylum)",1.24718472412942e-07,1.91967965140853e-07,10
"Later post-index","Control","Thauera (genus)",1.24718472412942e-07,1.91967965140853e-07,10
"Later post-index","Control","Thermoactinomycetaceae (family)",1.24718472412942e-07,1.91967965140853e-07,10
"Later post-index","Control","Thermobaculaceae (family)",1.24718472412942e-07,1.91967965140853e-07,10
"Later post-index","Control","Thermus (genus)",3.74155417238826e-07,5.7590389542256e-07,10
"Later post-index","Control","Thiohalorhabdales (order)",7.86231554253602e-07,6.59623140288322e-07,10
"Later post-index","Control","Thiotrichaceae (family)",3.74155417238826e-07,5.7590389542256e-07,10
"Later post-index","Control","Trabulsiella (genus)",-0.000267258439228766,0.0002673374341301,10
"Later post-index","Control","Treponema (genus)",1.12246625171648e-06,1.72771168626768e-06,10
"Later post-index","Control","Trichococcus (genus)",3.74155417238826e-07,5.7590389542256e-07,10
"Later post-index","Control","Tsukamurella (genus)",1.24718472412942e-07,1.91967965140853e-07,10
"Later post-index","Control","Turicibacter (genus)",-0.00010279993757862,0.000119483313726432,10
"Later post-index","Control","Vagococcus (genus)",1.24718472412942e-07,1.91967965140853e-07,10
"Later post-index","Control","Varibaculum (genus)",3.24717294880162e-06,3.12813960810464e-06,10
"Later post-index","Control","Variovorax (genus)",2.47812100592851e-06,2.26109718283944e-06,10
"Later post-index","Control","Veillonella (genus)",0.0316052815753494,0.020154642434633,10
"Later post-index","Control","Veillonellaceae (family)",-3.3605253053518e-05,2.93614653669894e-05,10
"Later post-index","Control","Verrucomicrobiaceae (family)",2.49436944825884e-07,3.83935930281707e-07,10
"Later post-index","Control","Vibrio (genus)",1.24718472412942e-07,1.91967965140853e-07,10
"Later post-index","Control","Vogesella (genus)",1.24718472412942e-07,1.91967965140853e-07,10
"Later post-index","Control","WSA2 (family)",4.47003549055401e-06,4.22584418293246e-06,10
"Later post-index","Control","Weissella (genus)",2.49436944825884e-07,3.83935930281707e-07,10
"Later post-index","Control","Xanthomonadaceae (family)",2.03949510934035e-06,1.83035675696525e-06,10
"Later post-index","Control","Xenococcaceae (family)",1.24718472412942e-07,1.91967965140853e-07,10
"Later post-index","Control","YS2 (order)",2.49436944825884e-07,3.83935930281707e-07,10
"Later post-index","Control","ZB2 (class)",3.97454655620783e-05,4.05041101403587e-05,10
"Later post-index","Control","[Barnesiellaceae] (family)",2.49436944825884e-07,3.83935930281707e-07,10
"Later post-index","Control","[Cerasicoccaceae] (family)",0.00010804806945292,9.77969131828212e-05,10
"Later post-index","Control","[Chthoniobacteraceae] (family)",3.74155417238826e-07,5.7590389542256e-07,10
"Later post-index","Control","[Coprobacillaceae] (family)",-0.0381566501063877,0.0239609932242225,10
"Later post-index","Control","[Eubacterium] (genus)",-0.0218810632777591,0.0312755300531216,10
"Later post-index","Control","[Paraprevotellaceae] (family)",2.49436944825884e-07,3.83935930281707e-07,10
"Later post-index","Control","[Pedosphaerales] (order)",4.98873889651768e-07,7.67871860563414e-07,10
"Later post-index","Control","[Prevotella] (genus)",6.463441924054e-07,2.85203850717745e-06,10
"Later post-index","Control","[Ruminococcus] (genus)",-0.064275784824986,0.0348954849284912,10
"Later post-index","Control","[Saprospirales] (order)",2.49436944825884e-07,3.83935930281707e-07,10
"Later post-index","Control","[Weeksellaceae] (family)",4.98873889651768e-07,7.67871860563414e-07,10
"Later post-index","Control","auto67_4W (family)",2.49436944825884e-07,3.83935930281707e-07,10
"Later post-index","Control","cc_115 (genus)",0.000119514850599801,0.000113689229127293,10
"Later post-index","Control","iii1-15 (order)",6.2359236206471e-07,9.59839825704267e-07,10
"Later post-index","Control","mitochondria (family)",0.00293646757758106,0.00265888540939027,10
"Later post-index","Control","p-75-a5 (genus)",1.24718472412942e-07,1.91967965140853e-07,10
"Later post-index","Auto-FMT","01D2Z36 (family)",-4.53171592901998e-07,1.17253830047953e-07,13
"Later post-index","Auto-FMT","0319-7L14 (order)",-9.06343185803997e-07,2.34507660095906e-07,13
"Later post-index","Auto-FMT","258ds10 (order)",-9.06343185803997e-07,2.34507660095906e-07,13
"Later post-index","Auto-FMT","32-20 (order)",-9.06343185803997e-07,2.34507660095906e-07,13
"Later post-index","Auto-FMT","A17 (genus)",-4.53171592901998e-07,1.17253830047953e-07,13
"Later post-index","Auto-FMT","A4b (family)",-2.26585796450999e-06,5.86269150239765e-07,13
"Later post-index","Auto-FMT","Abiotrophia (genus)",-4.53171592901998e-07,1.17253830047953e-07,13
"Later post-index","Auto-FMT","Acetobacter (genus)",-4.53171592901998e-07,1.17253830047953e-07,13
"Later post-index","Auto-FMT","Acetobacteraceae (family)",-1.35951477870599e-06,3.51761490143859e-07,13
"Later post-index","Auto-FMT","Acholeplasma (genus)",-9.06343185803997e-07,2.34507660095906e-07,13
"Later post-index","Auto-FMT","Achromobacter (genus)",-9.06343185803997e-07,2.34507660095906e-07,13
"Later post-index","Auto-FMT","Acidaminococcus (genus)",-4.53171592901998e-07,1.17253830047953e-07,13
"Later post-index","Auto-FMT","Acidimicrobiales (order)",-9.06343185803997e-07,2.34507660095906e-07,13
"Later post-index","Auto-FMT","Acidobacteriaceae (family)",-4.28211440799905e-06,3.88240420729373e-06,13
"Later post-index","Auto-FMT","Acinetobacter (genus)",-4.53171592901998e-06,1.17253830047953e-06,13
"Later post-index","Auto-FMT","Actinobacillus (genus)",-4.53171592901998e-07,1.17253830047953e-07,13
"Later post-index","Auto-FMT","Actinobaculum (genus)",-9.06343185803997e-07,2.34507660095906e-07,13
"Later post-index","Auto-FMT","Actinomyces (genus)",0.0121860603923164,0.00776033586149085,13
"Later post-index","Auto-FMT","Actinomycetaceae (family)",-2.53933415939155e-05,2.69972393000232e-05,13
"Later post-index","Auto-FMT","Actinomycetales (order)",-4.07854433611798e-06,1.05528447043158e-06,13
"Later post-index","Auto-FMT","Actinopolysporaceae (family)",-4.53171592901998e-07,1.17253830047953e-07,13
"Later post-index","Auto-FMT","Adlercreutzia (genus)",-0.000404169133039138,0.000213192235683463,13
"Later post-index","Auto-FMT","Aerococcaceae (family)",-1.81268637160799e-06,4.69015320191812e-07,13
"Later post-index","Auto-FMT","Aerococcus (genus)",-2.26585796450999e-06,5.86269150239765e-07,13
"Later post-index","Auto-FMT","Aeromicrobium (genus)",-9.06343185803997e-07,2.34507660095906e-07,13
"Later post-index","Auto-FMT","Aeromonadaceae (family)",-4.53171592901998e-07,1.17253830047953e-07,13
"Later post-index","Auto-FMT","Afifella (genus)",-4.53171592901998e-07,1.17253830047953e-07,13
"Later post-index","Auto-FMT","Aggregatibacter (genus)",4.67050525384028e-05,4.86197011815658e-05,13
"Later post-index","Auto-FMT","Agrobacterium (genus)",-1.81268637160799e-06,4.69015320191812e-07,13
"Later post-index","Auto-FMT","Agromyces (genus)",-4.53171592901998e-07,1.17253830047953e-07,13
"Later post-index","Auto-FMT","Akkermansia (genus)",-0.0393788481745222,0.0271669731332272,13
"Later post-index","Auto-FMT","Alcaligenaceae (family)",-4.53171592901998e-07,1.17253830047953e-07,13
"Later post-index","Auto-FMT","Alicyclobacillus (genus)",-4.53171592901998e-07,1.17253830047953e-07,13
"Later post-index","Auto-FMT","Allobaculum (genus)",-1.71997481174912e-05,7.7056253007676e-06,13
"Later post-index","Auto-FMT","Alloiococcus (genus)",-4.53171592901998e-07,1.17253830047953e-07,13
"Later post-index","Auto-FMT","Alphaproteobacteria (class)",-1.81268637160799e-06,4.69015320191812e-07,13
"Later post-index","Auto-FMT","Anaerobacillus (genus)",8.37244963171613e-06,1.08362830223209e-05,13
"Later post-index","Auto-FMT","Anaerobrancaceae (family)",-4.53171592901998e-07,1.17253830047953e-07,13
"Later post-index","Auto-FMT","Anaerococcus (genus)",-0.000180576914638129,0.000154950208906902,13
"Later post-index","Auto-FMT","Anaerofilum (genus)",-4.53171592901998e-07,1.17253830047953e-07,13
"Later post-index","Auto-FMT","Anaeroplasma (genus)",4.4491919779002e-06,4.89659044996117e-06,13
"Later post-index","Auto-FMT","Anaerostipes (genus)",-2.04810343456616e-05,1.09571662859688e-05,13
"Later post-index","Auto-FMT","Anaerotruncus (genus)",-0.000253944995443171,0.000127375569284818,13
"Later post-index","Auto-FMT","Anoxybacillus (genus)",-1.35951477870599e-06,3.51761490143859e-07,13
"Later post-index","Auto-FMT","Aquicella (genus)",-9.06343185803997e-07,2.34507660095906e-07,13
"Later post-index","Auto-FMT","Arcanobacterium (genus)",-1.35951477870599e-06,3.51761490143859e-07,13
"Later post-index","Auto-FMT","Arctic97B-4 (order)",-4.53171592901998e-07,1.17253830047953e-07,13
"Later post-index","Auto-FMT","Arthrobacter (genus)",-9.06343185803997e-07,2.34507660095906e-07,13
"Later post-index","Auto-FMT","Atopobium (genus)",0.00022543670875513,0.000191452297520832,13
"Later post-index","Auto-FMT","Azorhizobium (genus)",-4.53171592901998e-07,1.17253830047953e-07,13
"Later post-index","Auto-FMT","Azospira (genus)",-4.53171592901998e-07,1.17253830047953e-07,13
"Later post-index","Auto-FMT","BD7-3 (order)",-9.06343185803997e-07,2.34507660095906e-07,13
"Later post-index","Auto-FMT","BF311 (genus)",-4.53171592901998e-07,1.17253830047953e-07,13
"Later post-index","Auto-FMT","Bacillaceae (family)",-1.81268637160799e-06,4.69015320191812e-07,13
"Later post-index","Auto-FMT","Bacillales (order)",-1.66017806325813e-05,2.16471494169054e-05,13
"Later post-index","Auto-FMT","Bacilli (class)",1.88701608233247e-06,5.1609726326389e-06,13
"Later post-index","Auto-FMT","Bacillus (genus)",0.0173006275090887,0.0182204679619763,13
"Later post-index","Auto-FMT","Bacteria (kingdom)",-1.81268637160799e-06,4.69015320191812e-07,13
"Later post-index","Auto-FMT","Bacteroidales (order)",0.000144782358858845,0.000123901118916274,13
"Later post-index","Auto-FMT","Bacteroides (genus)",-0.0315893231943283,0.0336628946482733,13
"Later post-index","Auto-FMT","Balneimonas (genus)",-4.53171592901998e-07,1.17253830047953e-07,13
"Later post-index","Auto-FMT","Beijerinckiaceae (family)",-1.35951477870599e-06,3.51761490143859e-07,13
"Later post-index","Auto-FMT","Betaproteobacteria (class)",-1.81268637160799e-06,4.69015320191812e-07,13
"Later post-index","Auto-FMT","Bifidobacteriaceae (family)",0.000254363494133831,0.00027680360824449,13
"Later post-index","Auto-FMT","Bifidobacterium (genus)",-0.00603809485766146,0.0086004105914942,13
"Later post-index","Auto-FMT","Bilophila (genus)",-0.000237907250403157,0.000167946897896063,13
"Later post-index","Auto-FMT","Blattabacteriaceae (family)",-9.06343185803997e-07,2.34507660095906e-07,13
"Later post-index","Auto-FMT","Blautia (genus)",-0.138825576257639,0.0317469744541296,13
"Later post-index","Auto-FMT","Bosea (genus)",-1.35951477870599e-06,3.51761490143859e-07,13
"Later post-index","Auto-FMT","Bradyrhizobiaceae (family)",5.41855732510447e-07,3.27548002524202e-06,13
"Later post-index","Auto-FMT","Bradyrhizobium (genus)",-1.81268637160799e-06,4.69015320191812e-07,13
"Later post-index","Auto-FMT","Brevibacillus (genus)",-3.17220115031399e-06,8.20776810335671e-07,13
"Later post-index","Auto-FMT","Brevibacteriaceae (family)",-4.53171592901998e-07,1.17253830047953e-07,13
"Later post-index","Auto-FMT","Brevibacterium (genus)",-2.71902955741199e-06,7.03522980287718e-07,13
"Later post-index","Auto-FMT","Brochothrix (genus)",-4.53171592901998e-07,1.17253830047953e-07,13
"Later post-index","Auto-FMT","Bulleidia (genus)",-2.71902955741199e-06,7.03522980287718e-07,13
"Later post-index","Auto-FMT","Burkholderia (genus)",-1.35951477870599e-06,3.51761490143859e-07,13
"Later post-index","Auto-FMT","Butyricimonas (genus)",-5.43805911482398e-06,1.40704596057544e-06,13
"Later post-index","Auto-FMT","Butyrivibrio (genus)",-4.53171592901998e-07,1.17253830047953e-07,13
"Later post-index","Auto-FMT","CAB-I (order)",-4.53171592901998e-07,1.17253830047953e-07,13
"Later post-index","Auto-FMT","CF231 (genus)",-8.75225638554906e-05,8.70995426879578e-05,13
"Later post-index","Auto-FMT","CFB-26 (order)",-4.53171592901998e-07,1.17253830047953e-07,13
"Later post-index","Auto-FMT","CW040 (order)",-4.53171592901998e-07,1.17253830047953e-07,13
"Later post-index","Auto-FMT","Campylobacter (genus)",-1.81268637160799e-06,4.69015320191812e-07,13
"Later post-index","Auto-FMT","Candidatus Phytoplasma (genus)",-4.53171592901998e-07,1.17253830047953e-07,13
"Later post-index","Auto-FMT","Candidatus Portiera (genus)",-9.06343185803997e-07,2.34507660095906e-07,13
"Later post-index","Auto-FMT","Candidatus Rhodoluna (genus)",-4.53171592901998e-07,1.17253830047953e-07,13
"Later post-index","Auto-FMT","Candidatus Solibacter (genus)",-4.53171592901998e-07,1.17253830047953e-07,13
"Later post-index","Auto-FMT","Candidatus Xiphinematobacter (genus)",-4.53171592901998e-07,1.17253830047953e-07,13
"Later post-index","Auto-FMT","Capnocytophaga (genus)",-3.17220115031399e-06,8.20776810335671e-07,13
"Later post-index","Auto-FMT","Catabacteriaceae (family)",5.4778266645112e-06,6.43814991508416e-06,13
"Later post-index","Auto-FMT","Catenibacterium (genus)",-0.00556710338496511,0.00556643641383992,13
"Later post-index","Auto-FMT","Caulobacteraceae (family)",-4.53171592901998e-07,1.17253830047953e-07,13
"Later post-index","Auto-FMT","Cellulomonas (genus)",-4.53171592901998e-07,1.17253830047953e-07,13
"Later post-index","Auto-FMT","Cellulosimicrobium (genus)",-9.06343185803997e-07,2.34507660095906e-07,13
"Later post-index","Auto-FMT","Cellvibrio (genus)",-4.53171592901998e-07,1.17253830047953e-07,13
"Later post-index","Auto-FMT","Cenarchaeaceae (family)",-4.53171592901998e-07,1.17253830047953e-07,13
"Later post-index","Auto-FMT","Chitinophagaceae (family)",-5.43805911482398e-06,1.40704596057544e-06,13
"Later post-index","Auto-FMT","Chlamydiae (phylum)",-4.53171592901998e-07,1.17253830047953e-07,13
"Later post-index","Auto-FMT","Chlamydiia (class)",-4.53171592901998e-07,1.17253830047953e-07,13
"Later post-index","Auto-FMT","Chloroflexaceae (family)",-4.53171592901998e-07,1.17253830047953e-07,13
"Later post-index","Auto-FMT","Chloroflexales (order)",-4.53171592901998e-07,1.17253830047953e-07,13
"Later post-index","Auto-FMT","Chromatiaceae (family)",-1.35951477870599e-06,3.51761490143859e-07,13
"Later post-index","Auto-FMT","Chromatiales (order)",-2.26585796450999e-06,5.86269150239765e-07,13
"Later post-index","Auto-FMT","Chthoniobacter (genus)",-4.53171592901998e-07,1.17253830047953e-07,13
"Later post-index","Auto-FMT","Citrobacter (genus)",0.00198684657798501,0.00218790382173389,13
"Later post-index","Auto-FMT","Clavibacter (genus)",-4.53171592901998e-07,1.17253830047953e-07,13
"Later post-index","Auto-FMT","Cloacibacillus (genus)",-4.53171592901998e-07,1.17253830047953e-07,13
"Later post-index","Auto-FMT","Clostridiaceae (family)",0.00600935275878699,0.00547334193973832,13
"Later post-index","Auto-FMT","Clostridiales (order)",-0.00724492472604817,0.00447866531723743,13
"Later post-index","Auto-FMT","Clostridium (genus)",-0.00164846058638358,0.00140832011759974,13
"Later post-index","Auto-FMT","Cohnella (genus)",-4.53171592901998e-07,1.17253830047953e-07,13
"Later post-index","Auto-FMT","Collinsella (genus)",-0.000510143049962997,0.00023325258977622,13
"Later post-index","Auto-FMT","Colwelliaceae (family)",4.11279616628341e-06,4.96416329259241e-06,13
"Later post-index","Auto-FMT","Comamonadaceae (family)",-3.62537274321599e-06,9.38030640383624e-07,13
"Later post-index","Auto-FMT","Conexibacteraceae (family)",-4.53171592901998e-07,1.17253830047953e-07,13
"Later post-index","Auto-FMT","Coprobacillus (genus)",-0.00227717025166216,0.00264233132040523,13
"Later post-index","Auto-FMT","Coprococcus (genus)",-0.0116265764065278,0.00544878437468827,13
"Later post-index","Auto-FMT","Coriobacteriaceae (family)",-0.000282977457398254,0.000282724372215725,13
"Later post-index","Auto-FMT","Corynebacterium (genus)",0.000311019472488576,0.000235542767205069,13
"Later post-index","Auto-FMT","Coxiella (genus)",-4.53171592901998e-07,1.17253830047953e-07,13
"Later post-index","Auto-FMT","Cryocola (genus)",-4.53171592901998e-07,1.17253830047953e-07,13
"Later post-index","Auto-FMT","Cryomorphaceae (family)",-9.06343185803997e-07,2.34507660095906e-07,13
"Later post-index","Auto-FMT","Cupriavidus (genus)",-4.53171592901998e-07,1.17253830047953e-07,13
"Later post-index","Auto-FMT","Curtobacterium (genus)",-9.06343185803997e-07,2.34507660095906e-07,13
"Later post-index","Auto-FMT","Cytophagaceae (family)",-1.35951477870599e-06,3.51761490143859e-07,13
"Later post-index","Auto-FMT","DA101 (genus)",-4.53171592901998e-07,1.17253830047953e-07,13
"Later post-index","Auto-FMT","DHVE3 (order)",-4.53171592901998e-07,1.17253830047953e-07,13
"Later post-index","Auto-FMT","Dehalococcoidaceae (family)",-1.35951477870599e-06,3.51761490143859e-07,13
"Later post-index","Auto-FMT","Deinococcus (genus)",-4.53171592901998e-06,1.17253830047953e-06,13
"Later post-index","Auto-FMT","Deltaproteobacteria (class)",-2.71902955741199e-06,7.03522980287718e-07,13
"Later post-index","Auto-FMT","Demequina (genus)",-4.53171592901998e-07,1.17253830047953e-07,13
"Later post-index","Auto-FMT","Dermabacter (genus)",-9.06343185803997e-07,2.34507660095906e-07,13
"Later post-index","Auto-FMT","Dermabacteraceae (family)",-4.53171592901998e-07,1.17253830047953e-07,13
"Later post-index","Auto-FMT","Dermacoccus (genus)",-9.06343185803997e-07,2.34507660095906e-07,13
"Later post-index","Auto-FMT","Desulfarculus (genus)",-4.53171592901998e-07,1.17253830047953e-07,13
"Later post-index","Auto-FMT","Desulfobacca (genus)",-4.53171592901998e-07,1.17253830047953e-07,13
"Later post-index","Auto-FMT","Desulfobacteraceae (family)",-1.35951477870599e-06,3.51761490143859e-07,13
"Later post-index","Auto-FMT","Desulfobulbaceae (family)",1.81676318442429e-05,2.34608492371882e-05,13
"Later post-index","Auto-FMT","Desulfococcus (genus)",-4.33676574221103e-05,3.32865316617443e-05,13
"Later post-index","Auto-FMT","Desulfomonile (genus)",-4.53171592901998e-07,1.17253830047953e-07,13
"Later post-index","Auto-FMT","Desulfosporomusa (genus)",-4.53171592901998e-07,1.17253830047953e-07,13
"Later post-index","Auto-FMT","Desulfovibrio (genus)",-0.000114507880380184,9.66639310964584e-05,13
"Later post-index","Auto-FMT","Desulfovibrionaceae (family)",-4.53171592901998e-07,1.17253830047953e-07,13
"Later post-index","Auto-FMT","Devosia (genus)",-4.53171592901998e-07,1.17253830047953e-07,13
"Later post-index","Auto-FMT","Dialister (genus)",-3.41900142363541e-05,3.11401576293361e-05,13
"Later post-index","Auto-FMT","Dietzia (genus)",-9.06343185803997e-07,2.34507660095906e-07,13
"Later post-index","Auto-FMT","Dorea (genus)",-0.024276461874553,0.00764627662909741,13
"Later post-index","Auto-FMT","Dysgonomonas (genus)",-4.53171592901998e-07,1.17253830047953e-07,13
"Later post-index","Auto-FMT","EB1017 (family)",-4.53171592901998e-07,1.17253830047953e-07,13
"Later post-index","Auto-FMT","Eggerthella (genus)",-0.00204267513529192,0.00107452421529074,13
"Later post-index","Auto-FMT","Eikenella (genus)",-9.06343185803997e-07,2.34507660095906e-07,13
"Later post-index","Auto-FMT","Ellin515 (family)",-4.53171592901998e-07,1.17253830047953e-07,13
"Later post-index","Auto-FMT","Ellin6529 (class)",-9.06343185803997e-07,2.34507660095906e-07,13
"Later post-index","Auto-FMT","Endozoicimonaceae (family)",-4.53171592901998e-07,1.17253830047953e-07,13
"Later post-index","Auto-FMT","Enterobacter (genus)",-1.35951477870599e-06,3.51761490143859e-07,13
"Later post-index","Auto-FMT","Enterobacteriaceae (family)",0.125740358102772,0.0704915891568649,13
"Later post-index","Auto-FMT","Enterococcus (genus)",0.000283384856900038,0.000253714361273936,13
"Later post-index","Auto-FMT","Epulopiscium (genus)",-4.23549487388088e-05,3.88134458197215e-05,13
"Later post-index","Auto-FMT","Erwinia (genus)",0.00157214108913676,0.00127294022999446,13
"Later post-index","Auto-FMT","Erysipelothrix (genus)",-9.06343185803997e-07,2.34507660095906e-07,13
"Later post-index","Auto-FMT","Erysipelotrichaceae (family)",-0.00277056567930093,0.00276523687763856,13
"Later post-index","Auto-FMT","Erythrobacteraceae (family)",-4.53171592901998e-07,1.17253830047953e-07,13
"Later post-index","Auto-FMT","Exiguobacteraceae (family)",-4.53171592901998e-07,1.17253830047953e-07,13
"Later post-index","Auto-FMT","Exiguobacterium (genus)",-1.81268637160799e-06,4.69015320191812e-07,13
"Later post-index","Auto-FMT","F16 (family)",-4.53171592901998e-07,1.17253830047953e-07,13
"Later post-index","Auto-FMT","Facklamia (genus)",-1.32814897344515e-06,7.03141287065727e-07,13
"Later post-index","Auto-FMT","Faecalibacterium (genus)",-0.0149751971420015,0.03325902716736,13
"Later post-index","Auto-FMT","Filifactor (genus)",9.79450349856998e-05,9.84232238728193e-05,13
"Later post-index","Auto-FMT","Finegoldia (genus)",-7.42962951118424e-05,5.85816066113123e-05,13
"Later post-index","Auto-FMT","Firmicutes (phylum)",-0.000264868781763416,0.000214800064101109,13
"Later post-index","Auto-FMT","Flammeovirgaceae (family)",-1.35951477870599e-06,3.51761490143859e-07,13
"Later post-index","Auto-FMT","Flavobacteriaceae (family)",-4.53171592901998e-07,1.17253830047953e-07,13
"Later post-index","Auto-FMT","Flavobacteriales (order)",-4.53171592901998e-07,1.17253830047953e-07,13
"Later post-index","Auto-FMT","Flavobacterium (genus)",-9.96977504384396e-06,2.57958426105497e-06,13
"Later post-index","Auto-FMT","Flectobacillus (genus)",-4.53171592901998e-07,1.17253830047953e-07,13
"Later post-index","Auto-FMT","Francisellaceae (family)",-4.53171592901998e-07,1.17253830047953e-07,13
"Later post-index","Auto-FMT","Friedmanniella (genus)",-1.81268637160799e-06,4.69015320191812e-07,13
"Later post-index","Auto-FMT","Fructobacillus (genus)",-1.35951477870599e-06,3.51761490143859e-07,13
"Later post-index","Auto-FMT","Fusobacteriaceae (family)",0.0014895155360182,0.00646864533953141,13
"Later post-index","Auto-FMT","Fusobacteriales (order)",-3.27095112024857e-05,3.13558026547264e-05,13
"Later post-index","Auto-FMT","Fusobacterium (genus)",-0.00204774347923456,0.00187567087813528,13
"Later post-index","Auto-FMT","GCA004 (order)",-4.53171592901998e-07,1.17253830047953e-07,13
"Later post-index","Auto-FMT","GMD14H09 (order)",-9.06343185803997e-07,2.34507660095906e-07,13
"Later post-index","Auto-FMT","GW-22 (order)",-4.53171592901998e-07,1.17253830047953e-07,13
"Later post-index","Auto-FMT","Gallionella (genus)",-4.53171592901998e-07,1.17253830047953e-07,13
"Later post-index","Auto-FMT","Gammaproteobacteria (class)",-2.71902955741199e-06,7.03522980287718e-07,13
"Later post-index","Auto-FMT","Gardnerella (genus)",-9.06343185803997e-07,2.34507660095906e-07,13
"Later post-index","Auto-FMT","Gemella (genus)",-5.7343813240943e-05,4.96473892918505e-05,13
"Later post-index","Auto-FMT","Gemellaceae (family)",5.97742825104931e-06,1.03830183780991e-05,13
"Later post-index","Auto-FMT","Gemellales (order)",-9.06343185803997e-07,2.34507660095906e-07,13
"Later post-index","Auto-FMT","Gemmata (genus)",-9.06343185803997e-07,2.34507660095906e-07,13
"Later post-index","Auto-FMT","Gemmataceae (family)",-2.26585796450999e-06,5.86269150239765e-07,13
"Later post-index","Auto-FMT","Gemmatimonadetes (class)",-4.53171592901998e-07,1.17253830047953e-07,13
"Later post-index","Auto-FMT","Geobacillus (genus)",-4.53171592901998e-07,1.17253830047953e-07,13
"Later post-index","Auto-FMT","Geobacter (genus)",-0.000207525864058174,0.000204155585549574,13
"Later post-index","Auto-FMT","Geobacteraceae (family)",-1.35951477870599e-06,3.51761490143859e-07,13
"Later post-index","Auto-FMT","Gluconacetobacter (genus)",-4.53171592901998e-07,1.17253830047953e-07,13
"Later post-index","Auto-FMT","Glycomyces (genus)",-4.53171592901998e-07,1.17253830047953e-07,13
"Later post-index","Auto-FMT","Gordonia (genus)",-9.06343185803997e-07,2.34507660095906e-07,13
"Later post-index","Auto-FMT","Granulicatella (genus)",-9.06343185803997e-07,2.34507660095906e-07,13
"Later post-index","Auto-FMT","HOC36 (order)",-4.53171592901998e-07,1.17253830047953e-07,13
"Later post-index","Auto-FMT","HTCC2207 (genus)",-4.53171592901998e-07,1.17253830047953e-07,13
"Later post-index","Auto-FMT","Haemophilus (genus)",-0.00141840073336314,0.00107788277146892,13
"Later post-index","Auto-FMT","Helcococcus (genus)",-4.53171592901998e-07,1.17253830047953e-07,13
"Later post-index","Auto-FMT","Helicobacter (genus)",-4.53171592901998e-07,1.17253830047953e-07,13
"Later post-index","Auto-FMT","Hirschia (genus)",-4.53171592901998e-07,1.17253830047953e-07,13
"Later post-index","Auto-FMT","Holdemania (genus)",-0.000124758610285809,0.000104910347561475,13
"Later post-index","Auto-FMT","Hymenobacter (genus)",-1.35951477870599e-06,3.51761490143859e-07,13
"Later post-index","Auto-FMT","Hyphomicrobiaceae (family)",-9.06343185803997e-07,2.34507660095906e-07,13
"Later post-index","Auto-FMT","Hyphomonadaceae (family)",-7.10834106178047e-06,3.52716023239445e-06,13
"Later post-index","Auto-FMT","JG30-KF-CM45 (order)",-4.53171592901998e-07,1.17253830047953e-07,13
"Later post-index","Auto-FMT","JTB36 (family)",-1.35951477870599e-06,3.51761490143859e-07,13
"Later post-index","Auto-FMT","Janthinobacterium (genus)",-4.53171592901998e-07,1.17253830047953e-07,13
"Later post-index","Auto-FMT","Jeotgalicoccus (genus)",-4.53171592901998e-07,1.17253830047953e-07,13
"Later post-index","Auto-FMT","Kingella (genus)",-4.53171592901998e-07,1.17253830047953e-07,13
"Later post-index","Auto-FMT","Klebsiella (genus)",0.00286704469652641,0.00306349322436547,13
"Later post-index","Auto-FMT","Kocuria (genus)",-4.53171592901998e-07,1.17253830047953e-07,13
"Later post-index","Auto-FMT","Koribacteraceae (family)",-2.26585796450999e-06,5.86269150239765e-07,13
"Later post-index","Auto-FMT","LD1-PB3 (order)",-4.53171592901998e-07,1.17253830047953e-07,13
"Later post-index","Auto-FMT","Lachnobacterium (genus)",-1.35951477870599e-06,3.51761490143859e-07,13
"Later post-index","Auto-FMT","Lachnospira (genus)",0.000612487931004793,0.000734816165573311,13
"Later post-index","Auto-FMT","Lachnospiraceae (family)",-0.053932716000214,0.0178103884960659,13
"Later post-index","Auto-FMT","Lactobacillaceae (family)",0.000254205357016454,0.000260228603152757,13
"Later post-index","Auto-FMT","Lactobacillales (order)",-2.32314404277062e-05,1.23384742017706e-05,13
"Later post-index","Auto-FMT","Lactobacillus (genus)",0.042945683744928,0.0318431691303291,13
"Later post-index","Auto-FMT","Lactococcus (genus)",0.0509364774897185,0.0360404967337464,13
"Later post-index","Auto-FMT","Lautropia (genus)",-9.06343185803997e-07,2.34507660095906e-07,13
"Later post-index","Auto-FMT","Legionella (genus)",-8.17659046195547e-07,3.57295960884187e-06,13
"Later post-index","Auto-FMT","Legionellaceae (family)",-9.51660345094196e-06,2.46233043100701e-06,13
"Later post-index","Auto-FMT","Legionellales (order)",-4.53171592901998e-07,1.17253830047953e-07,13
"Later post-index","Auto-FMT","Lentzea (genus)",-4.53171592901998e-07,1.17253830047953e-07,13
"Later post-index","Auto-FMT","Leptotrichia (genus)",-1.77843454144257e-06,4.87405271446892e-06,13
"Later post-index","Auto-FMT","Leucobacter (genus)",-9.06343185803997e-07,2.34507660095906e-07,13
"Later post-index","Auto-FMT","Leuconostoc (genus)",5.17460734975864e-05,4.45066856627329e-05,13
"Later post-index","Auto-FMT","Leuconostocaceae (family)",-0.00733663981929652,0.0130614926953835,13
"Later post-index","Auto-FMT","Leucothrix (genus)",-4.53171592901998e-07,1.17253830047953e-07,13
"Later post-index","Auto-FMT","Limnohabitans (genus)",-9.06343185803997e-07,2.34507660095906e-07,13
"Later post-index","Auto-FMT","Listeriaceae (family)",0.266888960545138,0.101133114855906,13
"Later post-index","Auto-FMT","Luteimonas (genus)",-4.53171592901998e-07,1.17253830047953e-07,13
"Later post-index","Auto-FMT","Luteolibacter (genus)",-1.35951477870599e-06,3.51761490143859e-07,13
"Later post-index","Auto-FMT","Lysinibacillus (genus)",-1.94027589012759e-05,1.8068171628837e-05,13
"Later post-index","Auto-FMT","MIZ46 (order)",-6.34440230062798e-06,1.64155362067134e-06,13
"Later post-index","Auto-FMT","MKC10 (order)",-4.53171592901998e-07,1.17253830047953e-07,13
"Later post-index","Auto-FMT","Macrococcus (genus)",2.47439663027964e-06,7.50982452758821e-06,13
"Later post-index","Auto-FMT","Megamonas (genus)",-1.55832544040284e-05,1.35249703831499e-05,13
"Later post-index","Auto-FMT","Megasphaera (genus)",-0.00512060010446831,0.00631101163290103,13
"Later post-index","Auto-FMT","Methanobrevibacter (genus)",-9.06343185803997e-07,2.34507660095906e-07,13
"Later post-index","Auto-FMT","Methylacidiphilales (order)",-4.53171592901998e-07,1.17253830047953e-07,13
"Later post-index","Auto-FMT","Methylibium (genus)",-1.49140229153281e-05,1.31459562523944e-05,13
"Later post-index","Auto-FMT","Methylobacillus (genus)",-4.53171592901998e-07,1.17253830047953e-07,13
"Later post-index","Auto-FMT","Methylobacteriaceae (family)",-1.35951477870599e-06,3.51761490143859e-07,13
"Later post-index","Auto-FMT","Methylobacterium (genus)",-4.07854433611798e-06,1.05528447043158e-06,13
"Later post-index","Auto-FMT","Methylococcales (order)",-9.06343185803997e-07,2.34507660095906e-07,13
"Later post-index","Auto-FMT","Microbacteriaceae (family)",-2.26585796450999e-06,5.86269150239765e-07,13
"Later post-index","Auto-FMT","Microbacterium (genus)",1.60181441850633e-05,1.54986341765787e-05,13
"Later post-index","Auto-FMT","Micrococcaceae (family)",-5.89123070772598e-06,1.52429979062339e-06,13
"Later post-index","Auto-FMT","Micrococcales (order)",-4.53171592901998e-07,1.17253830047953e-07,13
"Later post-index","Auto-FMT","Micrococcus (genus)",1.28581652951637e-06,2.22491889836408e-06,13
"Later post-index","Auto-FMT","Micromonosporaceae (family)",-4.53171592901998e-07,1.17253830047953e-07,13
"Later post-index","Auto-FMT","Mitsuokella (genus)",-1.35951477870599e-06,3.51761490143859e-07,13
"Later post-index","Auto-FMT","Mobiluncus (genus)",-4.53171592901998e-07,1.17253830047953e-07,13
"Later post-index","Auto-FMT","Modestobacter (genus)",-4.53171592901998e-07,1.17253830047953e-07,13
"Later post-index","Auto-FMT","Mogibacterium (genus)",-8.23874005679827e-05,0.000100117179453849,13
"Later post-index","Auto-FMT","Mollicutes (class)",-4.53171592901998e-07,1.17253830047953e-07,13
"Later post-index","Auto-FMT","Morganella (genus)",-9.06343185803997e-07,2.34507660095906e-07,13
"Later post-index","Auto-FMT","Moryella (genus)",-3.62537274321599e-06,9.38030640383624e-07,13
"Later post-index","Auto-FMT","Mucispirillum (genus)",-4.53171592901998e-07,1.17253830047953e-07,13
"Later post-index","Auto-FMT","Mycobacterium (genus)",5.41855732510446e-07,3.27548002524202e-06,13
"Later post-index","Auto-FMT","Mycoplasma (genus)",-1.35951477870599e-06,3.51761490143859e-07,13
"Later post-index","Auto-FMT","Myroides (genus)",-4.53171592901998e-07,1.17253830047953e-07,13
"Later post-index","Auto-FMT","Myxococcales (order)",-4.07854433611798e-06,1.05528447043158e-06,13
"Later post-index","Auto-FMT","N1423WL (order)",-4.53171592901998e-07,1.17253830047953e-07,13
"Later post-index","Auto-FMT","Negativicoccus (genus)",-9.06343185803997e-07,2.34507660095906e-07,13
"Later post-index","Auto-FMT","Neisseria (genus)",-9.06343185803997e-07,2.34507660095906e-07,13
"Later post-index","Auto-FMT","Neisseriaceae (family)",-9.06343185803997e-07,2.34507660095906e-07,13
"Later post-index","Auto-FMT","Nitrobacter (genus)",-4.53171592901998e-07,1.17253830047953e-07,13
"Later post-index","Auto-FMT","Nitrospira (genus)",-4.53171592901998e-07,1.17253830047953e-07,13
"Later post-index","Auto-FMT","Nocardioidaceae (family)",-2.71902955741199e-06,7.03522980287718e-07,13
"Later post-index","Auto-FMT","Nocardioides (genus)",-4.53171592901998e-07,1.17253830047953e-07,13
"Later post-index","Auto-FMT","Nocardiopsaceae (family)",-4.53171592901998e-07,1.17253830047953e-07,13
"Later post-index","Auto-FMT","Novosphingobium (genus)",-1.35951477870599e-06,3.51761490143859e-07,13
"Later post-index","Auto-FMT","OD1 (phylum)",-4.53171592901998e-07,1.17253830047953e-07,13
"Later post-index","Auto-FMT","OP11 (phylum)",-4.53171592901998e-07,1.17253830047953e-07,13
"Later post-index","Auto-FMT","OP11-3 (class)",-9.06343185803997e-07,2.34507660095906e-07,13
"Later post-index","Auto-FMT","OP11-4 (class)",-1.81268637160799e-06,4.69015320191812e-07,13
"Later post-index","Auto-FMT","OPB11 (order)",-4.53171592901998e-07,1.17253830047953e-07,13
"Later post-index","Auto-FMT","Oceanospirillales (order)",-4.53171592901998e-07,1.17253830047953e-07,13
"Later post-index","Auto-FMT","Ochrobactrum (genus)",-9.06343185803997e-07,2.34507660095906e-07,13
"Later post-index","Auto-FMT","Odoribacter (genus)",-2.26585796450999e-06,5.86269150239765e-07,13
"Later post-index","Auto-FMT","Oribacterium (genus)",5.93099825741319e-06,6.41014438548189e-06,13
"Later post-index","Auto-FMT","Oscillospira (genus)",-0.00847578942278146,0.00550133657382766,13
"Later post-index","Auto-FMT","Oxalobacteraceae (family)",-3.17220115031399e-06,8.20776810335671e-07,13
"Later post-index","Auto-FMT","Paenibacillaceae (family)",-4.53171592901998e-07,1.17253830047953e-07,13
"Later post-index","Auto-FMT","Paenibacillus (genus)",-9.51660345094196e-06,2.46233043100701e-06,13
"Later post-index","Auto-FMT","Parabacteroides (genus)",-0.000747858432061015,0.00171512915977526,13
"Later post-index","Auto-FMT","Paracoccus (genus)",-4.53171592901998e-07,1.17253830047953e-07,13
"Later post-index","Auto-FMT","Parascardovia (genus)",0.000680118932222285,0.000511139435998284,13
"Later post-index","Auto-FMT","Pasteurellaceae (family)",-4.53171592901998e-07,1.17253830047953e-07,13
"Later post-index","Auto-FMT","Patulibacter (genus)",-4.53171592901998e-07,1.17253830047953e-07,13
"Later post-index","Auto-FMT","Paucibacter (genus)",-4.53171592901998e-07,1.17253830047953e-07,13
"Later post-index","Auto-FMT","Pediococcus (genus)",0.00961756316469023,0.00962639298225434,13
"Later post-index","Auto-FMT","Pedobacter (genus)",-1.35951477870599e-06,3.51761490143859e-07,13
"Later post-index","Auto-FMT","Pelobacteraceae (family)",-9.06343185803997e-07,2.34507660095906e-07,13
"Later post-index","Auto-FMT","Peptococcaceae (family)",-4.53171592901998e-07,1.17253830047953e-07,13
"Later post-index","Auto-FMT","Peptococcus (genus)",-4.53171592901998e-07,1.17253830047953e-07,13
"Later post-index","Auto-FMT","Peptoniphilus (genus)",-3.42112347397463e-05,3.35297695330634e-05,13
"Later post-index","Auto-FMT","Peptostreptococcaceae (family)",0.0434907422938067,0.0302838557616916,13
"Later post-index","Auto-FMT","Peptostreptococcus (genus)",-9.01215373085775e-07,0.000151194121948816,13
"Later post-index","Auto-FMT","Phascolarctobacterium (genus)",-1.35951477870599e-06,3.51761490143859e-07,13
"Later post-index","Auto-FMT","Phenylobacterium (genus)",-4.53171592901998e-07,1.17253830047953e-07,13
"Later post-index","Auto-FMT","Phycicoccus (genus)",-4.53171592901998e-07,1.17253830047953e-07,13
"Later post-index","Auto-FMT","Phycisphaerae (class)",-9.06343185803997e-07,2.34507660095906e-07,13
"Later post-index","Auto-FMT","Phycisphaerales (order)",-4.53171592901998e-07,1.17253830047953e-07,13
"Later post-index","Auto-FMT","Phyllobacteriaceae (family)",-4.53171592901998e-07,1.17253830047953e-07,13
"Later post-index","Auto-FMT","Phyllobacterium (genus)",-4.53171592901998e-07,1.17253830047953e-07,13
"Later post-index","Auto-FMT","Pirellulaceae (family)",-1.81268637160799e-06,4.69015320191812e-07,13
"Later post-index","Auto-FMT","Piscirickettsiaceae (family)",4.87423423067419e-07,4.85256875147514e-06,13
"Later post-index","Auto-FMT","Planctomyces (genus)",-3.17220115031399e-06,8.20776810335671e-07,13
"Later post-index","Auto-FMT","Planifilum (genus)",-4.53171592901998e-07,1.17253830047953e-07,13
"Later post-index","Auto-FMT","Planococcaceae (family)",0.00072271996249765,0.000736477432535456,13
"Later post-index","Auto-FMT","Plesiomonas (genus)",-9.06343185803997e-07,2.34507660095906e-07,13
"Later post-index","Auto-FMT","Polaromonas (genus)",-9.06343185803997e-07,2.34507660095906e-07,13
"Later post-index","Auto-FMT","Polyangiaceae (family)",-4.53171592901998e-07,1.17253830047953e-07,13
"Later post-index","Auto-FMT","Porphyromonas (genus)",-2.71902955741199e-06,7.03522980287718e-07,13
"Later post-index","Auto-FMT","Prevotella (genus)",3.48300102795932e-05,0.000119534052046752,13
"Later post-index","Auto-FMT","Propionibacteriaceae (family)",6.78245366688881e-05,3.47726596472635e-05,13
"Later post-index","Auto-FMT","Propionibacterium (genus)",6.67094020733853e-05,5.43110883574648e-05,13
"Later post-index","Auto-FMT","Propionicimonas (genus)",-4.53171592901998e-07,1.17253830047953e-07,13
"Later post-index","Auto-FMT","Propionigenium (genus)",0.00240375507911532,0.00245446698043347,13
"Later post-index","Auto-FMT","Propionivibrio (genus)",-4.53171592901998e-07,1.17253830047953e-07,13
"Later post-index","Auto-FMT","Proteobacteria (phylum)",-4.53171592901998e-07,1.17253830047953e-07,13
"Later post-index","Auto-FMT","Proteus (genus)",-1.81268637160799e-06,4.69015320191812e-07,13
"Later post-index","Auto-FMT","Pseudochrobactrum (genus)",-4.53171592901998e-07,1.17253830047953e-07,13
"Later post-index","Auto-FMT","Pseudoclavibacter (genus)",-9.06343185803997e-07,2.34507660095906e-07,13
"Later post-index","Auto-FMT","Pseudomonadaceae (family)",-4.53171592901998e-07,1.17253830047953e-07,13
"Later post-index","Auto-FMT","Pseudomonas (genus)",-8.61026026513797e-06,2.22782277091111e-06,13
"Later post-index","Auto-FMT","Pseudoramibacter (genus)",-4.53171592901998e-07,1.17253830047953e-07,13
"Later post-index","Auto-FMT","Psychrobacter (genus)",-1.35951477870599e-06,3.51761490143859e-07,13
"Later post-index","Auto-FMT","Psychromonadaceae (family)",-4.53171592901998e-07,1.17253830047953e-07,13
"Later post-index","Auto-FMT","R4-41B (family)",-4.53171592901998e-07,1.17253830047953e-07,13
"Later post-index","Auto-FMT","RB25 (class)",-4.53171592901998e-07,1.17253830047953e-07,13
"Later post-index","Auto-FMT","RF32 (order)",-9.06343185803997e-07,2.34507660095906e-07,13
"Later post-index","Auto-FMT","RF39 (order)",-9.06343185803997e-06,2.34507660095906e-06,13
"Later post-index","Auto-FMT","Ralstonia (genus)",-9.06343185803997e-07,2.34507660095906e-07,13
"Later post-index","Auto-FMT","Renibacterium (genus)",-4.53171592901998e-07,1.17253830047953e-07,13
"Later post-index","Auto-FMT","Rhizobiaceae (family)",-9.06343185803997e-07,2.34507660095906e-07,13
"Later post-index","Auto-FMT","Rhizobiales (order)",-3.62537274321599e-06,9.38030640383624e-07,13
"Later post-index","Auto-FMT","Rhizobium (genus)",-4.53171592901998e-07,1.17253830047953e-07,13
"Later post-index","Auto-FMT","Rhodobacter (genus)",-1.35951477870599e-06,3.51761490143859e-07,13
"Later post-index","Auto-FMT","Rhodobacteraceae (family)",-9.06343185803997e-07,2.34507660095906e-07,13
"Later post-index","Auto-FMT","Rhodococcus (genus)",-3.17220115031399e-06,8.20776810335671e-07,13
"Later post-index","Auto-FMT","Rhodocyclaceae (family)",-4.99654104593931e-06,2.30889874616899e-06,13
"Later post-index","Auto-FMT","Rhodocytophaga (genus)",-4.53171592901998e-07,1.17253830047953e-07,13
"Later post-index","Auto-FMT","Rhodoferax (genus)",-4.53171592901998e-07,1.17253830047953e-07,13
"Later post-index","Auto-FMT","Rhodoplanes (genus)",-4.53171592901998e-07,1.17253830047953e-07,13
"Later post-index","Auto-FMT","Rhodospirillaceae (family)",-2.71902955741199e-06,7.03522980287718e-07,13
"Later post-index","Auto-FMT","Rickettsiaceae (family)",-4.53171592901998e-07,1.17253830047953e-07,13
"Later post-index","Auto-FMT","Rickettsiales (order)",-4.53171592901998e-07,1.17253830047953e-07,13
"Later post-index","Auto-FMT","Rikenellaceae (family)",-0.000111476413298405,0.000515489240660688,13
"Later post-index","Auto-FMT","Roseburia (genus)",0.000574588777272759,0.00201985026134168,13
"Later post-index","Auto-FMT","Rothia (genus)",0.00182963934326664,0.0020160703083357,13
"Later post-index","Auto-FMT","Rubellimicrobium (genus)",-4.53171592901998e-07,1.17253830047953e-07,13
"Later post-index","Auto-FMT","Rubrobacter (genus)",-4.53171592901998e-07,1.17253830047953e-07,13
"Later post-index","Auto-FMT","Ruminococcaceae (family)",-0.0317502921154455,0.0118711072134103,13
"Later post-index","Auto-FMT","Ruminococcus (genus)",-0.0487421421683749,0.0202079406744971,13
"Later post-index","Auto-FMT","Rummeliibacillus (genus)",-4.53171592901998e-07,1.17253830047953e-07,13
"Later post-index","Auto-FMT","S24-7 (family)",0.000603249731498174,0.000479557250593187,13
"Later post-index","Auto-FMT","SAR202 (class)",-9.06343185803997e-07,2.34507660095906e-07,13
"Later post-index","Auto-FMT","SBRH58 (class)",-4.53171592901998e-07,1.17253830047953e-07,13
"Later post-index","Auto-FMT","SHD-231 (genus)",-1.81268637160799e-06,4.69015320191812e-07,13
"Later post-index","Auto-FMT","SJA-4 (class)",-3.17220115031399e-06,8.20776810335671e-07,13
"Later post-index","Auto-FMT","SM2F11 (class)",-4.53171592901998e-07,1.17253830047953e-07,13
"Later post-index","Auto-FMT","SUP05 (family)",-1.35951477870599e-06,3.51761490143859e-07,13
"Later post-index","Auto-FMT","Saccharopolyspora (genus)",-2.71902955741199e-06,7.03522980287718e-07,13
"Later post-index","Auto-FMT","Salinibacterium (genus)",-4.53171592901998e-07,1.17253830047953e-07,13
"Later post-index","Auto-FMT","Salinicoccus (genus)",3.51135885438036e-05,3.87400959260748e-05,13
"Later post-index","Auto-FMT","Salmonella (genus)",-9.06343185803997e-07,2.34507660095906e-07,13
"Later post-index","Auto-FMT","Sanguibacter (genus)",-4.53171592901998e-07,1.17253830047953e-07,13
"Later post-index","Auto-FMT","Sarcina (genus)",-4.53171592901998e-07,1.17253830047953e-07,13
"Later post-index","Auto-FMT","Sediment-1 (order)",-4.53171592901998e-07,1.17253830047953e-07,13
"Later post-index","Auto-FMT","Sediminibacterium (genus)",-4.53171592901998e-07,1.17253830047953e-07,13
"Later post-index","Auto-FMT","Selenomonas (genus)",-3.17220115031399e-06,8.20776810335671e-07,13
"Later post-index","Auto-FMT","Serratia (genus)",0.000346958938010979,0.00034887172782679,13
"Later post-index","Auto-FMT","Sharpea (genus)",5.0246550716092e-06,6.46816005806855e-06,13
"Later post-index","Auto-FMT","Shewanella (genus)",-1.35951477870599e-06,3.51761490143859e-07,13
"Later post-index","Auto-FMT","Sinobacteraceae (family)",-9.06343185803997e-07,2.34507660095906e-07,13
"Later post-index","Auto-FMT","Skermanella (genus)",-4.53171592901998e-07,1.17253830047953e-07,13
"Later post-index","Auto-FMT","Slackia (genus)",-2.0000277881337e-05,1.79015083902746e-05,13
"Later post-index","Auto-FMT","Solibacillus (genus)",-4.53171592901998e-07,1.17253830047953e-07,13
"Later post-index","Auto-FMT","Solirubrobacteraceae (family)",-9.06343185803997e-07,2.34507660095906e-07,13
"Later post-index","Auto-FMT","Solirubrobacterales (order)",-4.53171592901998e-07,1.17253830047953e-07,13
"Later post-index","Auto-FMT","Sphingobacteriaceae (family)",-2.26585796450999e-06,5.86269150239765e-07,13
"Later post-index","Auto-FMT","Sphingobacterium (genus)",-4.53171592901998e-07,1.17253830047953e-07,13
"Later post-index","Auto-FMT","Sphingomonadaceae (family)",-1.35951477870599e-06,3.51761490143859e-07,13
"Later post-index","Auto-FMT","Sphingomonadales (order)",-4.53171592901998e-07,1.17253830047953e-07,13
"Later post-index","Auto-FMT","Sphingomonas (genus)",-1.81268637160799e-06,4.69015320191812e-07,13
"Later post-index","Auto-FMT","Spirobacillales (order)",-4.53171592901998e-07,1.17253830047953e-07,13
"Later post-index","Auto-FMT","Spirochaeta (genus)",-1.35951477870599e-06,3.51761490143859e-07,13
"Later post-index","Auto-FMT","Spirochaetaceae (family)",-4.53171592901998e-07,1.17253830047953e-07,13
"Later post-index","Auto-FMT","Spirosoma (genus)",-4.53171592901998e-07,1.17253830047953e-07,13
"Later post-index","Auto-FMT","Sporanaerobacter (genus)",-1.020776632978e-05,6.96912860575911e-06,13
"Later post-index","Auto-FMT","Sporichthyaceae (family)",-9.06343185803997e-07,2.34507660095906e-07,13
"Later post-index","Auto-FMT","Sporosarcina (genus)",-1.81268637160799e-06,4.69015320191812e-07,13
"Later post-index","Auto-FMT","Staphylococcaceae (family)",-9.06343185803997e-07,2.34507660095906e-07,13
"Later post-index","Auto-FMT","Staphylococcus (genus)",0.0132907456658311,0.0132691527792753,13
"Later post-index","Auto-FMT","Stenotrophomonas (genus)",-4.07854433611798e-06,1.05528447043158e-06,13
"Later post-index","Auto-FMT","Stramenopiles (order)",-4.53171592901998e-06,1.17253830047953e-06,13
"Later post-index","Auto-FMT","Streptococcaceae (family)",1.62109826948068e-06,6.48817237473906e-06,13
"Later post-index","Auto-FMT","Streptococcus (genus)",0.023604426488211,0.0421051189911092,13
"Later post-index","Auto-FMT","Streptomyces (genus)",-2.26585796450999e-06,5.86269150239765e-07,13
"Later post-index","Auto-FMT","Streptophyta (order)",0.0173980338080873,0.0173895473620482,13
"Later post-index","Auto-FMT","Sutterella (genus)",-0.00369101192550506,0.00355715978433044,13
"Later post-index","Auto-FMT","Sva0485 (order)",-4.53171592901998e-07,1.17253830047953e-07,13
"Later post-index","Auto-FMT","Sva0725 (order)",-9.06343185803997e-07,2.34507660095906e-07,13
"Later post-index","Auto-FMT","Synergistaceae (family)",-4.53171592901998e-07,1.17253830047953e-07,13
"Later post-index","Auto-FMT","Syntrophaceae (family)",-4.53171592901998e-07,1.17253830047953e-07,13
"Later post-index","Auto-FMT","Syntrophobacteraceae (family)",-1.81268637160799e-06,4.69015320191812e-07,13
"Later post-index","Auto-FMT","TG5 (genus)",-1.35951477870599e-06,3.51761490143859e-07,13
"Later post-index","Auto-FMT","TM7-3 (class)",-2.71902955741199e-06,7.03522980287718e-07,13
"Later post-index","Auto-FMT","Tannerella (genus)",-9.06343185803997e-07,2.34507660095906e-07,13
"Later post-index","Auto-FMT","Tatlockia (genus)",-9.06343185803997e-07,2.34507660095906e-07,13
"Later post-index","Auto-FMT","Tenericutes (phylum)",-4.53171592901998e-07,1.17253830047953e-07,13
"Later post-index","Auto-FMT","Thauera (genus)",-4.53171592901998e-07,1.17253830047953e-07,13
"Later post-index","Auto-FMT","Thermoactinomycetaceae (family)",-4.53171592901998e-07,1.17253830047953e-07,13
"Later post-index","Auto-FMT","Thermobaculaceae (family)",-4.53171592901998e-07,1.17253830047953e-07,13
"Later post-index","Auto-FMT","Thermus (genus)",-1.35951477870599e-06,3.51761490143859e-07,13
"Later post-index","Auto-FMT","Thiohalorhabdales (order)",-9.06343185803997e-07,2.34507660095906e-07,13
"Later post-index","Auto-FMT","Thiotrichaceae (family)",-1.35951477870599e-06,3.51761490143859e-07,13
"Later post-index","Auto-FMT","Trabulsiella (genus)",-9.11462389453717e-06,6.64955163858883e-06,13
"Later post-index","Auto-FMT","Treponema (genus)",-4.07854433611798e-06,1.05528447043158e-06,13
"Later post-index","Auto-FMT","Trichococcus (genus)",-1.35951477870599e-06,3.51761490143859e-07,13
"Later post-index","Auto-FMT","Tsukamurella (genus)",-4.53171592901998e-07,1.17253830047953e-07,13
"Later post-index","Auto-FMT","Turicibacter (genus)",1.91752840033102e-07,8.17299528681176e-06,13
"Later post-index","Auto-FMT","Vagococcus (genus)",-4.53171592901998e-07,1.17253830047953e-07,13
"Later post-index","Auto-FMT","Varibaculum (genus)",-4.53171592901998e-07,1.17253830047953e-07,13
"Later post-index","Auto-FMT","Variovorax (genus)",-9.06343185803997e-07,2.34507660095906e-07,13
"Later post-index","Auto-FMT","Veillonella (genus)",-9.41469751827601e-05,0.00723473365591378,13
"Later post-index","Auto-FMT","Veillonellaceae (family)",-0.000162006299911206,0.000159534067720832,13
"Later post-index","Auto-FMT","Verrucomicrobiaceae (family)",-9.06343185803997e-07,2.34507660095906e-07,13
"Later post-index","Auto-FMT","Vibrio (genus)",-4.53171592901998e-07,1.17253830047953e-07,13
"Later post-index","Auto-FMT","Vogesella (genus)",-4.53171592901998e-07,1.17253830047953e-07,13
"Later post-index","Auto-FMT","WSA2 (family)",-4.53171592901998e-07,1.17253830047953e-07,13
"Later post-index","Auto-FMT","Weissella (genus)",-9.06343185803997e-07,2.34507660095906e-07,13
"Later post-index","Auto-FMT","Xanthomonadaceae (family)",-9.06343185803997e-07,2.34507660095906e-07,13
"Later post-index","Auto-FMT","Xenococcaceae (family)",-4.53171592901998e-07,1.17253830047953e-07,13
"Later post-index","Auto-FMT","YS2 (order)",-9.06343185803997e-07,2.34507660095906e-07,13
"Later post-index","Auto-FMT","ZB2 (class)",-1.54078341586679e-05,3.9866302216304e-06,13
"Later post-index","Auto-FMT","[Barnesiellaceae] (family)",-9.06343185803997e-07,2.34507660095906e-07,13
"Later post-index","Auto-FMT","[Cerasicoccaceae] (family)",-1.81268637160799e-06,4.69015320191812e-07,13
"Later post-index","Auto-FMT","[Chthoniobacteraceae] (family)",-1.35951477870599e-06,3.51761490143859e-07,13
"Later post-index","Auto-FMT","[Coprobacillaceae] (family)",-0.0317139783627008,0.00952279988280465,13
"Later post-index","Auto-FMT","[Eubacterium] (genus)",-0.0655591553281532,0.0276165835200857,13
"Later post-index","Auto-FMT","[Paraprevotellaceae] (family)",-9.06343185803997e-07,2.34507660095906e-07,13
"Later post-index","Auto-FMT","[Pedosphaerales] (order)",-1.81268637160799e-06,4.69015320191812e-07,13
"Later post-index","Auto-FMT","[Prevotella] (genus)",-0.00024151645749818,0.000236443229867332,13
"Later post-index","Auto-FMT","[Ruminococcus] (genus)",-0.0609856856393051,0.0284118938038126,13
"Later post-index","Auto-FMT","[Saprospirales] (order)",-9.06343185803997e-07,2.34507660095906e-07,13
"Later post-index","Auto-FMT","[Weeksellaceae] (family)",-1.81268637160799e-06,4.69015320191812e-07,13
"Later post-index","Auto-FMT","auto67_4W (family)",-9.06343185803997e-07,2.34507660095906e-07,13
"Later post-index","Auto-FMT","cc_115 (genus)",-8.34884610573915e-06,6.67188489666083e-06,13
"Later post-index","Auto-FMT","iii1-15 (order)",-2.26585796450999e-06,5.86269150239765e-07,13
"Later post-index","Auto-FMT","mitochondria (family)",0.00654518292522078,0.00650855925000764,13
"Later post-index","Auto-FMT","p-75-a5 (genus)",-4.53171592901998e-07,1.17253830047953e-07,13
