"arm","ArmLabel","host_subject_id","day","Taxon","RelativeAbundance","n_replicates","Participant"
"control","Control","C1",0,"Streptococcus (genus)",0.0264471057884232,1,"C1"
"control","Control","C1",0,"Listeriaceae (family)",0.00257817697937458,1,"C1"
"control","Control","C1",0,"Blautia (genus)",0.118346640053227,1,"C1"
"control","Control","C1",0,"Lactobacillus (genus)",0.000665335994677312,1,"C1"
"control","Control","C1",0,"Enterobacteriaceae (family)",0,1,"C1"
"control","Control","C1",0,"Lachnospiraceae (family)",0.3416500332668,1,"C1"
"control","Control","C1",0,"[Coprobacillaceae] (family)",0.00108117099135063,1,"C1"
"control","Control","C1",0,"[Eubacterium] (genus)",0.00174650698602794,1,"C1"
"control","Control","C1",0,"Staphylococcus (genus)",0,1,"C1"
"control","Control","C1",0,"Lactococcus (genus)",0,1,"C1"
"control","Control","C1",0,"Akkermansia (genus)",0.00041583499667332,1,"C1"
"control","Control","C1",0,"[Ruminococcus] (genus)",0.00790086493679308,1,"C1"
"control","Control","C1",0,"Bifidobacterium (genus)",0,1,"C1"
"control","Control","C1",0,"Actinomyces (genus)",0.00349301397205589,1,"C1"
"control","Control","C1",0,"Bacteroides (genus)",0.0828343313373253,1,"C1"
"control","Control","C1",0,"Ruminococcus (genus)",0.125831669993347,1,"C1"
"control","Control","C1",0,"Peptostreptococcaceae (family)",0,1,"C1"
"control","Control","C1",0,"Veillonella (genus)",0,1,"C1"
"control","Control","C1",0,"Clostridiaceae (family)",0,1,"C1"
"control","Control","C1",0,"Others",0.287009314703926,1,"C1"
"control","Control","C1",1,"Streptococcus (genus)",0.0490396189878055,1,"C1"
"control","Control","C1",1,"Listeriaceae (family)",0.000471031559114461,1,"C1"
"control","Control","C1",1,"Blautia (genus)",0.0536452608991469,1,"C1"
"control","Control","C1",1,"Lactobacillus (genus)",0.00523368399016067,1,"C1"
"control","Control","C1",1,"Enterobacteriaceae (family)",0,1,"C1"
"control","Control","C1",1,"Lachnospiraceae (family)",0.289108703616476,1,"C1"
"control","Control","C1",1,"[Coprobacillaceae] (family)",0.0106767153399278,1,"C1"
"control","Control","C1",1,"[Eubacterium] (genus)",0.0742136389804784,1,"C1"
"control","Control","C1",1,"Staphylococcus (genus)",0,1,"C1"
"control","Control","C1",1,"Lactococcus (genus)",0,1,"C1"
"control","Control","C1",1,"Akkermansia (genus)",0,1,"C1"
"control","Control","C1",1,"[Ruminococcus] (genus)",0.00628042078819281,1,"C1"
"control","Control","C1",1,"Bifidobacterium (genus)",0,1,"C1"
"control","Control","C1",1,"Actinomyces (genus)",0.00408227351232533,1,"C1"
"control","Control","C1",1,"Bacteroides (genus)",0.163604961532423,1,"C1"
"control","Control","C1",1,"Ruminococcus (genus)",0.0642173025592715,1,"C1"
"control","Control","C1",1,"Peptostreptococcaceae (family)",0,1,"C1"
"control","Control","C1",1,"Veillonella (genus)",0,1,"C1"
"control","Control","C1",1,"Clostridiaceae (family)",0,1,"C1"
"control","Control","C1",1,"Others",0.279426388234678,1,"C1"
"control","Control","C1",2,"Streptococcus (genus)",0.0384440306228016,1,"C1"
"control","Control","C1",2,"Listeriaceae (family)",0.000662114628595076,1,"C1"
"control","Control","C1",2,"Blautia (genus)",0.0693565073453342,1,"C1"
"control","Control","C1",2,"Lactobacillus (genus)",0.0042623629215808,1,"C1"
"control","Control","C1",2,"Enterobacteriaceae (family)",0.000124146492861577,1,"C1"
"control","Control","C1",2,"Lachnospiraceae (family)",0.2252017380509,1,"C1"
"control","Control","C1",2,"[Coprobacillaceae] (family)",0.0175874198220567,1,"C1"
"control","Control","C1",2,"[Eubacterium] (genus)",0.0823505069315125,1,"C1"
"control","Control","C1",2,"Staphylococcus (genus)",0,1,"C1"
"control","Control","C1",2,"Lactococcus (genus)",0.000124146492861577,1,"C1"
"control","Control","C1",2,"Akkermansia (genus)",0,1,"C1"
"control","Control","C1",2,"[Ruminococcus] (genus)",0.0142768466790813,1,"C1"
"control","Control","C1",2,"Bifidobacterium (genus)",0,1,"C1"
"control","Control","C1",2,"Actinomyces (genus)",0.00612456031450445,1,"C1"
"control","Control","C1",2,"Bacteroides (genus)",0.128284709290296,1,"C1"
"control","Control","C1",2,"Ruminococcus (genus)",0.098820608317815,1,"C1"
"control","Control","C1",2,"Peptostreptococcaceae (family)",0.000206910821435961,1,"C1"
"control","Control","C1",2,"Veillonella (genus)",0,1,"C1"
"control","Control","C1",2,"Clostridiaceae (family)",8.27643285743844e-05,1,"C1"
"control","Control","C1",2,"Others",0.314090626939789,1,"C1"
"control","Control","C1",4,"Streptococcus (genus)",0.141425540558841,1,"C1"
"control","Control","C1",4,"Listeriaceae (family)",0.00185076513339051,1,"C1"
"control","Control","C1",4,"Blautia (genus)",0.0299282264253149,1,"C1"
"control","Control","C1",4,"Lactobacillus (genus)",0.00826073218074301,1,"C1"
"control","Control","C1",4,"Enterobacteriaceae (family)",0.000180562452038099,1,"C1"
"control","Control","C1",4,"Lachnospiraceae (family)",0.0894235543718684,1,"C1"
"control","Control","C1",4,"[Coprobacillaceae] (family)",0.016521464361486,1,"C1"
"control","Control","C1",4,"[Eubacterium] (genus)",0.482327450006771,1,"C1"
"control","Control","C1",4,"Staphylococcus (genus)",0.000631968582133345,1,"C1"
"control","Control","C1",4,"Lactococcus (genus)",0.000135421839028574,1,"C1"
"control","Control","C1",4,"Akkermansia (genus)",0.000180562452038099,1,"C1"
"control","Control","C1",4,"[Ruminococcus] (genus)",0.0127747934816955,1,"C1"
"control","Control","C1",4,"Bifidobacterium (genus)",0.000180562452038099,1,"C1"
"control","Control","C1",4,"Actinomyces (genus)",0.0240148061210671,1,"C1"
"control","Control","C1",4,"Bacteroides (genus)",0.00148964022931431,1,"C1"
"control","Control","C1",4,"Ruminococcus (genus)",0.0245564934771814,1,"C1"
"control","Control","C1",4,"Peptostreptococcaceae (family)",0.00234731187649528,1,"C1"
"control","Control","C1",4,"Veillonella (genus)",0,1,"C1"
"control","Control","C1",4,"Clostridiaceae (family)",9.02812260190493e-05,1,"C1"
"control","Control","C1",4,"Others",0.163679862772536,1,"C1"
"control","Control","C1",5,"Streptococcus (genus)",0.0601031621439785,1,"C1"
"control","Control","C1",5,"Listeriaceae (family)",0.00605516932047544,1,"C1"
"control","Control","C1",5,"Blautia (genus)",0.0186140390222023,1,"C1"
"control","Control","C1",5,"Lactobacillus (genus)",0.184570531509307,1,"C1"
"control","Control","C1",5,"Enterobacteriaceae (family)",0.00515810719892353,1,"C1"
"control","Control","C1",5,"Lachnospiraceae (family)",0.0562906481273828,1,"C1"
"control","Control","C1",5,"[Coprobacillaceae] (family)",0.00246692083426777,1,"C1"
"control","Control","C1",5,"[Eubacterium] (genus)",0.00291545189504373,1,"C1"
"control","Control","C1",5,"Staphylococcus (genus)",0.00246692083426777,1,"C1"
"control","Control","C1",5,"Lactococcus (genus)",0,1,"C1"
"control","Control","C1",5,"Akkermansia (genus)",0.00201838977349181,1,"C1"
"control","Control","C1",5,"[Ruminococcus] (genus)",0.00560663825969948,1,"C1"
"control","Control","C1",5,"Bifidobacterium (genus)",0.00627943485086342,1,"C1"
"control","Control","C1",5,"Actinomyces (genus)",0.340883606189729,1,"C1"
"control","Control","C1",5,"Bacteroides (genus)",0.00156985871271586,1,"C1"
"control","Control","C1",5,"Ruminococcus (genus)",0.00224265530387979,1,"C1"
"control","Control","C1",5,"Peptostreptococcaceae (family)",0.00986768333707109,1,"C1"
"control","Control","C1",5,"Veillonella (genus)",0.000448531060775959,1,"C1"
"control","Control","C1",5,"Clostridiaceae (family)",0.0152500560663826,1,"C1"
"control","Control","C1",5,"Others",0.277192195559543,1,"C1"
"control","Control","C1",6,"Streptococcus (genus)",0.0118255728011826,1,"C1"
"control","Control","C1",6,"Listeriaceae (family)",0.00517368810051737,1,"C1"
"control","Control","C1",6,"Blautia (genus)",0.00443458980044346,1,"C1"
"control","Control","C1",6,"Lactobacillus (genus)",0.49519586104952,1,"C1"
"control","Control","C1",6,"Enterobacteriaceae (family)",0,1,"C1"
"control","Control","C1",6,"Lachnospiraceae (family)",0.0073909830007391,1,"C1"
"control","Control","C1",6,"[Coprobacillaceae] (family)",0,1,"C1"
"control","Control","C1",6,"[Eubacterium] (genus)",0.0221729490022173,1,"C1"
"control","Control","C1",6,"Staphylococcus (genus)",0,1,"C1"
"control","Control","C1",6,"Lactococcus (genus)",0,1,"C1"
"control","Control","C1",6,"Akkermansia (genus)",0.0236511456023651,1,"C1"
"control","Control","C1",6,"[Ruminococcus] (genus)",0,1,"C1"
"control","Control","C1",6,"Bifidobacterium (genus)",0.00221729490022173,1,"C1"
"control","Control","C1",6,"Actinomyces (genus)",0.0879526977087953,1,"C1"
"control","Control","C1",6,"Bacteroides (genus)",0.0073909830007391,1,"C1"
"control","Control","C1",6,"Ruminococcus (genus)",0,1,"C1"
"control","Control","C1",6,"Peptostreptococcaceae (family)",0,1,"C1"
"control","Control","C1",6,"Veillonella (genus)",0.00221729490022173,1,"C1"
"control","Control","C1",6,"Clostridiaceae (family)",0.00147819660014782,1,"C1"
"control","Control","C1",6,"Others",0.32889874353289,1,"C1"
"control","Control","C1",7,"Streptococcus (genus)",0.00242522231204527,1,"C1"
"control","Control","C1",7,"Listeriaceae (family)",0.00414308811641067,1,"C1"
"control","Control","C1",7,"Blautia (genus)",0.00767987065481002,1,"C1"
"control","Control","C1",7,"Lactobacillus (genus)",0.795472918350849,1,"C1"
"control","Control","C1",7,"Enterobacteriaceae (family)",0,1,"C1"
"control","Control","C1",7,"Lachnospiraceae (family)",0.00313257881972514,1,"C1"
"control","Control","C1",7,"[Coprobacillaceae] (family)",0.000505254648342765,1,"C1"
"control","Control","C1",7,"[Eubacterium] (genus)",0.00737671786580437,1,"C1"
"control","Control","C1",7,"Staphylococcus (genus)",0,1,"C1"
"control","Control","C1",7,"Lactococcus (genus)",0,1,"C1"
"control","Control","C1",7,"Akkermansia (genus)",0.0117219078415521,1,"C1"
"control","Control","C1",7,"[Ruminococcus] (genus)",0.000202101859337106,1,"C1"
"control","Control","C1",7,"Bifidobacterium (genus)",0.000303152789005659,1,"C1"
"control","Control","C1",7,"Actinomyces (genus)",0.0448666127728375,1,"C1"
"control","Control","C1",7,"Bacteroides (genus)",0.0034357316087308,1,"C1"
"control","Control","C1",7,"Ruminococcus (genus)",0.000303152789005659,1,"C1"
"control","Control","C1",7,"Peptostreptococcaceae (family)",0.00111156022635408,1,"C1"
"control","Control","C1",7,"Veillonella (genus)",0,1,"C1"
"control","Control","C1",7,"Clostridiaceae (family)",0.000303152789005659,1,"C1"
"control","Control","C1",7,"Others",0.117016976556184,1,"C1"
"control","Control","C1",9,"Streptococcus (genus)",0.340356564019449,1,"C1"
"control","Control","C1",9,"Listeriaceae (family)",0.0103727714748784,1,"C1"
"control","Control","C1",9,"Blautia (genus)",0.00518638573743922,1,"C1"
"control","Control","C1",9,"Lactobacillus (genus)",0.0298217179902755,1,"C1"
"control","Control","C1",9,"Enterobacteriaceae (family)",0.00129659643435981,1,"C1"
"control","Control","C1",9,"Lachnospiraceae (family)",0.00324149108589951,1,"C1"
"control","Control","C1",9,"[Coprobacillaceae] (family)",0.00324149108589951,1,"C1"
"control","Control","C1",9,"[Eubacterium] (genus)",0.00421393841166937,1,"C1"
"control","Control","C1",9,"Staphylococcus (genus)",0.000648298217179903,1,"C1"
"control","Control","C1",9,"Lactococcus (genus)",0.513452188006483,1,"C1"
"control","Control","C1",9,"Akkermansia (genus)",0,1,"C1"
"control","Control","C1",9,"[Ruminococcus] (genus)",0.00226904376012966,1,"C1"
"control","Control","C1",9,"Bifidobacterium (genus)",0.000648298217179903,1,"C1"
"control","Control","C1",9,"Actinomyces (genus)",0.0142625607779579,1,"C1"
"control","Control","C1",9,"Bacteroides (genus)",0,1,"C1"
"control","Control","C1",9,"Ruminococcus (genus)",0.00162074554294976,1,"C1"
"control","Control","C1",9,"Peptostreptococcaceae (family)",0.00972447325769854,1,"C1"
"control","Control","C1",9,"Veillonella (genus)",0,1,"C1"
"control","Control","C1",9,"Clostridiaceae (family)",0.00194489465153971,1,"C1"
"control","Control","C1",9,"Others",0.0576985413290113,1,"C1"
"control","Control","C1",10,"Streptococcus (genus)",0.252268602540835,1,"C1"
"control","Control","C1",10,"Listeriaceae (family)",0.014065335753176,1,"C1"
"control","Control","C1",10,"Blautia (genus)",0.00362976406533575,1,"C1"
"control","Control","C1",10,"Lactobacillus (genus)",0.229128856624319,1,"C1"
"control","Control","C1",10,"Enterobacteriaceae (family)",0,1,"C1"
"control","Control","C1",10,"Lachnospiraceae (family)",0.00272232304900181,1,"C1"
"control","Control","C1",10,"[Coprobacillaceae] (family)",0,1,"C1"
"control","Control","C1",10,"[Eubacterium] (genus)",0.00408348457350272,1,"C1"
"control","Control","C1",10,"Staphylococcus (genus)",0.00136116152450091,1,"C1"
"control","Control","C1",10,"Lactococcus (genus)",0.313067150635209,1,"C1"
"control","Control","C1",10,"Akkermansia (genus)",0.00136116152450091,1,"C1"
"control","Control","C1",10,"[Ruminococcus] (genus)",0,1,"C1"
"control","Control","C1",10,"Bifidobacterium (genus)",0,1,"C1"
"control","Control","C1",10,"Actinomyces (genus)",0.0117967332123412,1,"C1"
"control","Control","C1",10,"Bacteroides (genus)",0.00226860254083485,1,"C1"
"control","Control","C1",10,"Ruminococcus (genus)",0,1,"C1"
"control","Control","C1",10,"Peptostreptococcaceae (family)",0,1,"C1"
"control","Control","C1",10,"Veillonella (genus)",0.0131578947368421,1,"C1"
"control","Control","C1",10,"Clostridiaceae (family)",0.000907441016333938,1,"C1"
"control","Control","C1",10,"Others",0.150181488203267,1,"C1"
"control","Control","C1",12,"Streptococcus (genus)",0.057518115942029,1,"C1"
"control","Control","C1",12,"Listeriaceae (family)",0.00951086956521739,1,"C1"
"control","Control","C1",12,"Blautia (genus)",0.0131340579710145,1,"C1"
"control","Control","C1",12,"Lactobacillus (genus)",0.016304347826087,1,"C1"
"control","Control","C1",12,"Enterobacteriaceae (family)",0.00588768115942029,1,"C1"
"control","Control","C1",12,"Lachnospiraceae (family)",0.00135869565217391,1,"C1"
"control","Control","C1",12,"[Coprobacillaceae] (family)",0.00815217391304348,1,"C1"
"control","Control","C1",12,"[Eubacterium] (genus)",0.00498188405797101,1,"C1"
"control","Control","C1",12,"Staphylococcus (genus)",0.0466485507246377,1,"C1"
"control","Control","C1",12,"Lactococcus (genus)",0.164402173913043,1,"C1"
"control","Control","C1",12,"Akkermansia (genus)",0,1,"C1"
"control","Control","C1",12,"[Ruminococcus] (genus)",0.00317028985507246,1,"C1"
"control","Control","C1",12,"Bifidobacterium (genus)",0.00407608695652174,1,"C1"
"control","Control","C1",12,"Actinomyces (genus)",0.409420289855072,1,"C1"
"control","Control","C1",12,"Bacteroides (genus)",0.00181159420289855,1,"C1"
"control","Control","C1",12,"Ruminococcus (genus)",0.00271739130434783,1,"C1"
"control","Control","C1",12,"Peptostreptococcaceae (family)",0.0158514492753623,1,"C1"
"control","Control","C1",12,"Veillonella (genus)",0.0828804347826087,1,"C1"
"control","Control","C1",12,"Clostridiaceae (family)",0.00543478260869565,1,"C1"
"control","Control","C1",12,"Others",0.146739130434783,1,"C1"
"control","Control","C1",14,"Streptococcus (genus)",0.0157000961230375,1,"C1"
"control","Control","C1",14,"Listeriaceae (family)",0.0153796859980775,1,"C1"
"control","Control","C1",14,"Blautia (genus)",0.0346042934956745,1,"C1"
"control","Control","C1",14,"Lactobacillus (genus)",0.00448574174943928,1,"C1"
"control","Control","C1",14,"Enterobacteriaceae (family)",0.00608779237423903,1,"C1"
"control","Control","C1",14,"Lachnospiraceae (family)",0.00640820249919897,1,"C1"
"control","Control","C1",14,"[Coprobacillaceae] (family)",0.100288369112464,1,"C1"
"control","Control","C1",14,"[Eubacterium] (genus)",0.0297981416212752,1,"C1"
"control","Control","C1",14,"Staphylococcus (genus)",0.0256328099967959,1,"C1"
"control","Control","C1",14,"Lactococcus (genus)",0.0105735341236783,1,"C1"
"control","Control","C1",14,"Akkermansia (genus)",0.00352451137455944,1,"C1"
"control","Control","C1",14,"[Ruminococcus] (genus)",0.00801025312399872,1,"C1"
"control","Control","C1",14,"Bifidobacterium (genus)",0.00480615187439923,1,"C1"
"control","Control","C1",14,"Actinomyces (genus)",0.576738224927908,1,"C1"
"control","Control","C1",14,"Bacteroides (genus)",0,1,"C1"
"control","Control","C1",14,"Ruminococcus (genus)",0.0105735341236783,1,"C1"
"control","Control","C1",14,"Peptostreptococcaceae (family)",0.0153796859980775,1,"C1"
"control","Control","C1",14,"Veillonella (genus)",0.0169817366228773,1,"C1"
"control","Control","C1",14,"Clostridiaceae (family)",0.00448574174943928,1,"C1"
"control","Control","C1",14,"Others",0.110541493111182,1,"C1"
"control","Control","C1",16,"Streptococcus (genus)",0.104224003829125,1,"C1"
"control","Control","C1",16,"Listeriaceae (family)",0.00454708627497906,1,"C1"
"control","Control","C1",16,"Blautia (genus)",0.000478640660524112,1,"C1"
"control","Control","C1",16,"Lactobacillus (genus)",0.231781739858801,1,"C1"
"control","Control","C1",16,"Enterobacteriaceae (family)",0.00382912528419289,1,"C1"
"control","Control","C1",16,"Lachnospiraceae (family)",0.000478640660524112,1,"C1"
"control","Control","C1",16,"[Coprobacillaceae] (family)",0.00382912528419289,1,"C1"
"control","Control","C1",16,"[Eubacterium] (genus)",0.000239320330262056,1,"C1"
"control","Control","C1",16,"Staphylococcus (genus)",0.00418810577958598,1,"C1"
"control","Control","C1",16,"Lactococcus (genus)",0.0029915041282757,1,"C1"
"control","Control","C1",16,"Akkermansia (genus)",0,1,"C1"
"control","Control","C1",16,"[Ruminococcus] (genus)",0,1,"C1"
"control","Control","C1",16,"Bifidobacterium (genus)",0,1,"C1"
"control","Control","C1",16,"Actinomyces (genus)",0.592676797893981,1,"C1"
"control","Control","C1",16,"Bacteroides (genus)",0.000358980495393084,1,"C1"
"control","Control","C1",16,"Ruminococcus (genus)",0.000358980495393084,1,"C1"
"control","Control","C1",16,"Peptostreptococcaceae (family)",0.000957281321048223,1,"C1"
"control","Control","C1",16,"Veillonella (genus)",0.00574368792628934,1,"C1"
"control","Control","C1",16,"Clostridiaceae (family)",0.00550436759602728,1,"C1"
"control","Control","C1",16,"Others",0.0378126121814049,1,"C1"
"control","Control","C1",17,"Streptococcus (genus)",0.14176072234763,1,"C1"
"control","Control","C1",17,"Listeriaceae (family)",0.00421369450714823,1,"C1"
"control","Control","C1",17,"Blautia (genus)",0.00346124905944319,1,"C1"
"control","Control","C1",17,"Lactobacillus (genus)",0.122046651617758,1,"C1"
"control","Control","C1",17,"Enterobacteriaceae (family)",0.00165537998495109,1,"C1"
"control","Control","C1",17,"Lachnospiraceae (family)",0.00090293453724605,1,"C1"
"control","Control","C1",17,"[Coprobacillaceae] (family)",0.000752445447705041,1,"C1"
"control","Control","C1",17,"[Eubacterium] (genus)",0.000752445447705041,1,"C1"
"control","Control","C1",17,"Staphylococcus (genus)",0.00647103085026336,1,"C1"
"control","Control","C1",17,"Lactococcus (genus)",0.0091798344620015,1,"C1"
"control","Control","C1",17,"Akkermansia (genus)",0,1,"C1"
"control","Control","C1",17,"[Ruminococcus] (genus)",0.000601956358164033,1,"C1"
"control","Control","C1",17,"Bifidobacterium (genus)",0.00150489089541008,1,"C1"
"control","Control","C1",17,"Actinomyces (genus)",0.599097065462754,1,"C1"
"control","Control","C1",17,"Bacteroides (genus)",0.000300978179082017,1,"C1"
"control","Control","C1",17,"Ruminococcus (genus)",0.000300978179082017,1,"C1"
"control","Control","C1",17,"Peptostreptococcaceae (family)",0.00270880361173815,1,"C1"
"control","Control","C1",17,"Veillonella (genus)",0.00662151993980436,1,"C1"
"control","Control","C1",17,"Clostridiaceae (family)",0.0349134687735139,1,"C1"
"control","Control","C1",17,"Others",0.0627539503386005,1,"C1"
"control","Control","C1",18,"Streptococcus (genus)",0.908246067364794,1,"C1"
"control","Control","C1",18,"Listeriaceae (family)",0.00439729815494809,1,"C1"
"control","Control","C1",18,"Blautia (genus)",0.00145065506142618,1,"C1"
"control","Control","C1",18,"Lactobacillus (genus)",0.00380796953624371,1,"C1"
"control","Control","C1",18,"Enterobacteriaceae (family)",0.000181331882678272,1,"C1"
"control","Control","C1",18,"Lachnospiraceae (family)",0.00067999456004352,1,"C1"
"control","Control","C1",18,"[Coprobacillaceae] (family)",0.000271997824017408,1,"C1"
"control","Control","C1",18,"[Eubacterium] (genus)",0.000997325354730495,1,"C1"
"control","Control","C1",18,"Staphylococcus (genus)",0.000498662677365248,1,"C1"
"control","Control","C1",18,"Lactococcus (genus)",0.00172265288544358,1,"C1"
"control","Control","C1",18,"Akkermansia (genus)",0.000407996736026112,1,"C1"
"control","Control","C1",18,"[Ruminococcus] (genus)",0,1,"C1"
"control","Control","C1",18,"Bifidobacterium (genus)",0,1,"C1"
"control","Control","C1",18,"Actinomyces (genus)",0.0247064690149145,1,"C1"
"control","Control","C1",18,"Bacteroides (genus)",0.000271997824017408,1,"C1"
"control","Control","C1",18,"Ruminococcus (genus)",0.000271997824017408,1,"C1"
"control","Control","C1",18,"Peptostreptococcaceae (family)",0.000181331882678272,1,"C1"
"control","Control","C1",18,"Veillonella (genus)",0.00394396844825241,1,"C1"
"control","Control","C1",18,"Clostridiaceae (family)",0,1,"C1"
"control","Control","C1",18,"Others",0.0479622829684028,1,"C1"
"control","Control","C1",19,"Streptococcus (genus)",0.869565217391304,1,"C1"
"control","Control","C1",19,"Listeriaceae (family)",0.00657894736842105,1,"C1"
"control","Control","C1",19,"Blautia (genus)",0.00128718535469108,1,"C1"
"control","Control","C1",19,"Lactobacillus (genus)",0.00328947368421053,1,"C1"
"control","Control","C1",19,"Enterobacteriaceae (family)",0.000715102974828375,1,"C1"
"control","Control","C1",19,"Lachnospiraceae (family)",0.00100114416475973,1,"C1"
"control","Control","C1",19,"[Coprobacillaceae] (family)",0.0005720823798627,1,"C1"
"control","Control","C1",19,"[Eubacterium] (genus)",0.0005720823798627,1,"C1"
"control","Control","C1",19,"Staphylococcus (genus)",0.00085812356979405,1,"C1"
"control","Control","C1",19,"Lactococcus (genus)",0.00414759725400458,1,"C1"
"control","Control","C1",19,"Akkermansia (genus)",0.00028604118993135,1,"C1"
"control","Control","C1",19,"[Ruminococcus] (genus)",0,1,"C1"
"control","Control","C1",19,"Bifidobacterium (genus)",0,1,"C1"
"control","Control","C1",19,"Actinomyces (genus)",0.0503432494279176,1,"C1"
"control","Control","C1",19,"Bacteroides (genus)",0,1,"C1"
"control","Control","C1",19,"Ruminococcus (genus)",0,1,"C1"
"control","Control","C1",19,"Peptostreptococcaceae (family)",0.00085812356979405,1,"C1"
"control","Control","C1",19,"Veillonella (genus)",0.0125858123569794,1,"C1"
"control","Control","C1",19,"Clostridiaceae (family)",0.00028604118993135,1,"C1"
"control","Control","C1",19,"Others",0.0470537757437071,1,"C1"
"control","Control","C1",20,"Streptococcus (genus)",0.88372408185391,1,"C1"
"control","Control","C1",20,"Listeriaceae (family)",0.00433663097980756,1,"C1"
"control","Control","C1",20,"Blautia (genus)",0.000271039436237973,1,"C1"
"control","Control","C1",20,"Lactobacillus (genus)",0.00230383520802277,1,"C1"
"control","Control","C1",20,"Enterobacteriaceae (family)",0.000406559154356959,1,"C1"
"control","Control","C1",20,"Lachnospiraceae (family)",0.000542078872475945,1,"C1"
"control","Control","C1",20,"[Coprobacillaceae] (family)",0.000271039436237973,1,"C1"
"control","Control","C1",20,"[Eubacterium] (genus)",0.000542078872475945,1,"C1"
"control","Control","C1",20,"Staphylococcus (genus)",0.000542078872475945,1,"C1"
"control","Control","C1",20,"Lactococcus (genus)",0,1,"C1"
"control","Control","C1",20,"Akkermansia (genus)",0.000948638026832904,1,"C1"
"control","Control","C1",20,"[Ruminococcus] (genus)",0,1,"C1"
"control","Control","C1",20,"Bifidobacterium (genus)",0,1,"C1"
"control","Control","C1",20,"Actinomyces (genus)",0.0684374576500881,1,"C1"
"control","Control","C1",20,"Bacteroides (genus)",0,1,"C1"
"control","Control","C1",20,"Ruminococcus (genus)",0,1,"C1"
"control","Control","C1",20,"Peptostreptococcaceae (family)",0,1,"C1"
"control","Control","C1",20,"Veillonella (genus)",0.00257487464426074,1,"C1"
"control","Control","C1",20,"Clostridiaceae (family)",0,1,"C1"
"control","Control","C1",20,"Others",0.0350996069928176,1,"C1"
"control","Control","C1",21,"Streptococcus (genus)",0.00863669384131084,1,"C1"
"control","Control","C1",21,"Listeriaceae (family)",0.00177576882718541,1,"C1"
"control","Control","C1",21,"Blautia (genus)",0,1,"C1"
"control","Control","C1",21,"Lactobacillus (genus)",0.000887884413592703,1,"C1"
"control","Control","C1",21,"Enterobacteriaceae (family)",0.920251836306401,1,"C1"
"control","Control","C1",21,"Lachnospiraceae (family)",0,1,"C1"
"control","Control","C1",21,"[Coprobacillaceae] (family)",0,1,"C1"
"control","Control","C1",21,"[Eubacterium] (genus)",0,1,"C1"
"control","Control","C1",21,"Staphylococcus (genus)",0,1,"C1"
"control","Control","C1",21,"Lactococcus (genus)",0.000161433529744128,1,"C1"
"control","Control","C1",21,"Akkermansia (genus)",0,1,"C1"
"control","Control","C1",21,"[Ruminococcus] (genus)",0,1,"C1"
"control","Control","C1",21,"Bifidobacterium (genus)",0,1,"C1"
"control","Control","C1",21,"Actinomyces (genus)",0.0414884171442409,1,"C1"
"control","Control","C1",21,"Bacteroides (genus)",0,1,"C1"
"control","Control","C1",21,"Ruminococcus (genus)",0,1,"C1"
"control","Control","C1",21,"Peptostreptococcaceae (family)",0.000322867059488256,1,"C1"
"control","Control","C1",21,"Veillonella (genus)",0.0136411332633788,1,"C1"
"control","Control","C1",21,"Clostridiaceae (family)",0,1,"C1"
"control","Control","C1",21,"Others",0.0128339656146581,1,"C1"
"control","Control","C1",22,"Streptococcus (genus)",0.0017950098725543,1,"C1"
"control","Control","C1",22,"Listeriaceae (family)",0.0585173218452701,1,"C1"
"control","Control","C1",22,"Blautia (genus)",0,1,"C1"
"control","Control","C1",22,"Lactobacillus (genus)",0.00394902171961946,1,"C1"
"control","Control","C1",22,"Enterobacteriaceae (family)",0.83108957099264,1,"C1"
"control","Control","C1",22,"Lachnospiraceae (family)",0.000448752468138575,1,"C1"
"control","Control","C1",22,"[Coprobacillaceae] (family)",0,1,"C1"
"control","Control","C1",22,"[Eubacterium] (genus)",0.00035900197451086,1,"C1"
"control","Control","C1",22,"Staphylococcus (genus)",0,1,"C1"
"control","Control","C1",22,"Lactococcus (genus)",0.00017950098725543,1,"C1"
"control","Control","C1",22,"Akkermansia (genus)",0,1,"C1"
"control","Control","C1",22,"[Ruminococcus] (genus)",0,1,"C1"
"control","Control","C1",22,"Bifidobacterium (genus)",0,1,"C1"
"control","Control","C1",22,"Actinomyces (genus)",0.0888529886914378,1,"C1"
"control","Control","C1",22,"Bacteroides (genus)",0,1,"C1"
"control","Control","C1",22,"Ruminococcus (genus)",0,1,"C1"
"control","Control","C1",22,"Peptostreptococcaceae (family)",0,1,"C1"
"control","Control","C1",22,"Veillonella (genus)",0.00251301382157602,1,"C1"
"control","Control","C1",22,"Clostridiaceae (family)",0,1,"C1"
"control","Control","C1",22,"Others",0.0122958176269971,1,"C1"
"control","Control","C1",33,"Streptococcus (genus)",0.0822271819570069,1,"C1"
"control","Control","C1",33,"Listeriaceae (family)",0.0407611887701163,1,"C1"
"control","Control","C1",33,"Blautia (genus)",0.000234934805591448,1,"C1"
"control","Control","C1",33,"Lactobacillus (genus)",0.0574415599671091,1,"C1"
"control","Control","C1",33,"Enterobacteriaceae (family)",0.201456595794667,1,"C1"
"control","Control","C1",33,"Lachnospiraceae (family)",0.0348878186303301,1,"C1"
"control","Control","C1",33,"[Coprobacillaceae] (family)",0.000469869611182897,1,"C1"
"control","Control","C1",33,"[Eubacterium] (genus)",0.000939739222365794,1,"C1"
"control","Control","C1",33,"Staphylococcus (genus)",0,1,"C1"
"control","Control","C1",33,"Lactococcus (genus)",0.00199694584752731,1,"C1"
"control","Control","C1",33,"Akkermansia (genus)",0,1,"C1"
"control","Control","C1",33,"[Ruminococcus] (genus)",0.000469869611182897,1,"C1"
"control","Control","C1",33,"Bifidobacterium (genus)",0.105603195113356,1,"C1"
"control","Control","C1",33,"Actinomyces (genus)",0.0348878186303301,1,"C1"
"control","Control","C1",33,"Bacteroides (genus)",0.000469869611182897,1,"C1"
"control","Control","C1",33,"Ruminococcus (genus)",0,1,"C1"
"control","Control","C1",33,"Peptostreptococcaceae (family)",0.21567015153295,1,"C1"
"control","Control","C1",33,"Veillonella (genus)",0.006813109362152,1,"C1"
"control","Control","C1",33,"Clostridiaceae (family)",0.129449077880888,1,"C1"
"control","Control","C1",33,"Others",0.0862210736520617,1,"C1"
"control","Control","C1",37,"Streptococcus (genus)",0.0708120025410112,1,"C1"
"control","Control","C1",37,"Listeriaceae (family)",0.00780987257576324,1,"C1"
"control","Control","C1",37,"Blautia (genus)",0.000896827472814917,1,"C1"
"control","Control","C1",37,"Lactobacillus (genus)",0.0165539404357087,1,"C1"
"control","Control","C1",37,"Enterobacteriaceae (family)",0.0452150517544187,1,"C1"
"control","Control","C1",37,"Lachnospiraceae (family)",0.00160681588879339,1,"C1"
"control","Control","C1",37,"[Coprobacillaceae] (family)",0.000186839056836441,1,"C1"
"control","Control","C1",37,"[Eubacterium] (genus)",0.000523149359142035,1,"C1"
"control","Control","C1",37,"Staphylococcus (genus)",0,1,"C1"
"control","Control","C1",37,"Lactococcus (genus)",0.000112103434101865,1,"C1"
"control","Control","C1",37,"Akkermansia (genus)",0.000186839056836441,1,"C1"
"control","Control","C1",37,"[Ruminococcus] (genus)",0.000298942490938306,1,"C1"
"control","Control","C1",37,"Bifidobacterium (genus)",0.000709988415978476,1,"C1"
"control","Control","C1",37,"Actinomyces (genus)",0.0146108142446097,1,"C1"
"control","Control","C1",37,"Bacteroides (genus)",0.000597884981876612,1,"C1"
"control","Control","C1",37,"Ruminococcus (genus)",0.000224206868203729,1,"C1"
"control","Control","C1",37,"Peptostreptococcaceae (family)",0.551175217667501,1,"C1"
"control","Control","C1",37,"Veillonella (genus)",0.000485781547774747,1,"C1"
"control","Control","C1",37,"Clostridiaceae (family)",0.0457382011135608,1,"C1"
"control","Control","C1",37,"Others",0.24225552109413,1,"C1"
"control","Control","C1",40,"Streptococcus (genus)",0.233445200717553,1,"C1"
"control","Control","C1",40,"Listeriaceae (family)",0.0124370209515308,1,"C1"
"control","Control","C1",40,"Blautia (genus)",0.00151063884573459,1,"C1"
"control","Control","C1",40,"Lactobacillus (genus)",0.10936681916108,1,"C1"
"control","Control","C1",40,"Enterobacteriaceae (family)",0.0599019801385324,1,"C1"
"control","Control","C1",40,"Lachnospiraceae (family)",0.00130464263949806,1,"C1"
"control","Control","C1",40,"[Coprobacillaceae] (family)",0.000781068948646862,1,"C1"
"control","Control","C1",40,"[Eubacterium] (genus)",0.00094414927858412,1,"C1"
"control","Control","C1",40,"Staphylococcus (genus)",0,1,"C1"
"control","Control","C1",40,"Lactococcus (genus)",0.000120164453637979,1,"C1"
"control","Control","C1",40,"Akkermansia (genus)",0.00133897534053748,1,"C1"
"control","Control","C1",40,"[Ruminococcus] (genus)",0.000832568000205996,1,"C1"
"control","Control","C1",40,"Bifidobacterium (genus)",0.00426583810414825,1,"C1"
"control","Control","C1",40,"Actinomyces (genus)",0.0117675332812621,1,"C1"
"control","Control","C1",40,"Bacteroides (genus)",0.0109692979820955,1,"C1"
"control","Control","C1",40,"Ruminococcus (genus)",0.000248912082535813,1,"C1"
"control","Control","C1",40,"Peptostreptococcaceae (family)",0.301818774837563,1,"C1"
"control","Control","C1",40,"Veillonella (genus)",0.00074673624760744,1,"C1"
"control","Control","C1",40,"Clostridiaceae (family)",0.0454564961761954,1,"C1"
"control","Control","C1",40,"Others",0.20274318281305,1,"C1"
"control","Control","C1",85,"Streptococcus (genus)",0.146451978315398,1,"C1"
"control","Control","C1",85,"Listeriaceae (family)",0.00509749979771826,1,"C1"
"control","Control","C1",85,"Blautia (genus)",0.00056638886641314,1,"C1"
"control","Control","C1",85,"Lactobacillus (genus)",0.00525932518812202,1,"C1"
"control","Control","C1",85,"Enterobacteriaceae (family)",0.000485476171211263,1,"C1"
"control","Control","C1",85,"Lachnospiraceae (family)",0.0208754753620843,1,"C1"
"control","Control","C1",85,"[Coprobacillaceae] (family)",0.000404563476009386,1,"C1"
"control","Control","C1",85,"[Eubacterium] (genus)",0.000323650780807509,1,"C1"
"control","Control","C1",85,"Staphylococcus (genus)",0,1,"C1"
"control","Control","C1",85,"Lactococcus (genus)",0.000728214256816895,1,"C1"
"control","Control","C1",85,"Akkermansia (genus)",0.000242738085605632,1,"C1"
"control","Control","C1",85,"[Ruminococcus] (genus)",0.360304231733959,1,"C1"
"control","Control","C1",85,"Bifidobacterium (genus)",0.241119831701594,1,"C1"
"control","Control","C1",85,"Actinomyces (genus)",0.00250829355125819,1,"C1"
"control","Control","C1",85,"Bacteroides (genus)",0,1,"C1"
"control","Control","C1",85,"Ruminococcus (genus)",0.000161825390403754,1,"C1"
"control","Control","C1",85,"Peptostreptococcaceae (family)",0.102678210211182,1,"C1"
"control","Control","C1",85,"Veillonella (genus)",0.0165871025163848,1,"C1"
"control","Control","C1",85,"Clostridiaceae (family)",0.0106804757666478,1,"C1"
"control","Control","C1",85,"Others",0.0855247188283841,1,"C1"
"control","Control","C10",0,"Streptococcus (genus)",0.0998904046376143,1,"C10"
"control","Control","C10",0,"Listeriaceae (family)",0.000468664378623136,1,"C10"
"control","Control","C10",0,"Blautia (genus)",0.268306751651141,1,"C10"
"control","Control","C10",0,"Lactobacillus (genus)",0.00118247627837222,1,"C10"
"control","Control","C10",0,"Enterobacteriaceae (family)",1.44204424191734e-05,1,"C10"
"control","Control","C10",0,"Lachnospiraceae (family)",0.0137498918466819,1,"C10"
"control","Control","C10",0,"[Coprobacillaceae] (family)",0.116488333862083,1,"C10"
"control","Control","C10",0,"[Eubacterium] (genus)",0.332088368471145,1,"C10"
"control","Control","C10",0,"Staphylococcus (genus)",0.000324459954431402,1,"C10"
"control","Control","C10",0,"Lactococcus (genus)",0.000173045309030081,1,"C10"
"control","Control","C10",0,"Akkermansia (genus)",0.000129783981772561,1,"C10"
"control","Control","C10",0,"[Ruminococcus] (genus)",0.0298286851440602,1,"C10"
"control","Control","C10",0,"Bifidobacterium (genus)",0.0527860294753843,1,"C10"
"control","Control","C10",0,"Actinomyces (genus)",0.00622242090387333,1,"C10"
"control","Control","C10",0,"Bacteroides (genus)",0.0264975629452312,1,"C10"
"control","Control","C10",0,"Ruminococcus (genus)",0.00300666224439766,1,"C10"
"control","Control","C10",0,"Peptostreptococcaceae (family)",0.00372768436535633,1,"C10"
"control","Control","C10",0,"Veillonella (genus)",0.000100943096934214,1,"C10"
"control","Control","C10",0,"Clostridiaceae (family)",0.000410982608946442,1,"C10"
"control","Control","C10",0,"Others",0.0446024284025033,1,"C10"
"control","Control","C10",1,"Streptococcus (genus)",0.0111414237586055,1,"C10"
"control","Control","C10",1,"Listeriaceae (family)",0.00101923734192666,1,"C10"
"control","Control","C10",1,"Blautia (genus)",0.234159098676822,1,"C10"
"control","Control","C10",1,"Lactobacillus (genus)",0.000238025487036766,1,"C10"
"control","Control","C10",1,"Enterobacteriaceae (family)",5.79805673551096e-05,1,"C10"
"control","Control","C10",1,"Lachnospiraceae (family)",0.0202108051364679,1,"C10"
"control","Control","C10",1,"[Coprobacillaceae] (family)",0.132003442214736,1,"C10"
"control","Control","C10",1,"[Eubacterium] (genus)",0.468876641765539,1,"C10"
"control","Control","C10",1,"Staphylococcus (genus)",0.000161735266832674,1,"C10"
"control","Control","C10",1,"Lactococcus (genus)",0.000247180313461257,1,"C10"
"control","Control","C10",1,"Akkermansia (genus)",0.000381451101020458,1,"C10"
"control","Control","C10",1,"[Ruminococcus] (genus)",0.0190420389629413,1,"C10"
"control","Control","C10",1,"Bifidobacterium (genus)",0.014394438748108,1,"C10"
"control","Control","C10",1,"Actinomyces (genus)",0.000659147502563351,1,"C10"
"control","Control","C10",1,"Bacteroides (genus)",0.0341688638250085,1,"C10"
"control","Control","C10",1,"Ruminococcus (genus)",0.00070797324349397,1,"C10"
"control","Control","C10",1,"Peptostreptococcaceae (family)",0.000222767442995947,1,"C10"
"control","Control","C10",1,"Veillonella (genus)",8.54450466285826e-05,1,"C10"
"control","Control","C10",1,"Clostridiaceae (family)",0.000472999365265368,1,"C10"
"control","Control","C10",1,"Others",0.0617493042331918,1,"C10"
"control","Control","C10",5,"Streptococcus (genus)",0.478210365215859,1,"C10"
"control","Control","C10",5,"Listeriaceae (family)",0.000429406648095747,1,"C10"
"control","Control","C10",5,"Blautia (genus)",0.00214152802704161,1,"C10"
"control","Control","C10",5,"Lactobacillus (genus)",0.0127996212413155,1,"C10"
"control","Control","C10",5,"Enterobacteriaceae (family)",0.000137630335928124,1,"C10"
"control","Control","C10",5,"Lachnospiraceae (family)",0.000291776312167623,1,"C10"
"control","Control","C10",5,"[Coprobacillaceae] (family)",0.00194884555674223,1,"C10"
"control","Control","C10",5,"[Eubacterium] (genus)",0.00114508439492199,1,"C10"
"control","Control","C10",5,"Staphylococcus (genus)",0.0452858857337899,1,"C10"
"control","Control","C10",5,"Lactococcus (genus)",0.0244541580877091,1,"C10"
"control","Control","C10",5,"Akkermansia (genus)",0.000143135549365249,1,"C10"
"control","Control","C10",5,"[Ruminococcus] (genus)",0.000473448355592746,1,"C10"
"control","Control","C10",5,"Bifidobacterium (genus)",0.0027140702245026,1,"C10"
"control","Control","C10",5,"Actinomyces (genus)",0.372394657740881,1,"C10"
"control","Control","C10",5,"Bacteroides (genus)",0.000489963995904121,1,"C10"
"control","Control","C10",5,"Ruminococcus (genus)",3.30312806227497e-05,1,"C10"
"control","Control","C10",5,"Peptostreptococcaceae (family)",0.000126619909053874,1,"C10"
"control","Control","C10",5,"Veillonella (genus)",0.00920471686687293,1,"C10"
"control","Control","C10",5,"Clostridiaceae (family)",0.00203142375829911,1,"C10"
"control","Control","C10",5,"Others",0.0455446307653347,1,"C10"
"control","Control","C10",6,"Streptococcus (genus)",0.409417488013723,1,"C10"
"control","Control","C10",6,"Listeriaceae (family)",0.000881102690643908,1,"C10"
"control","Control","C10",6,"Blautia (genus)",0.00125135328937193,1,"C10"
"control","Control","C10",6,"Lactobacillus (genus)",0.0163425802248687,1,"C10"
"control","Control","C10",6,"Enterobacteriaceae (family)",0.000196842090463001,1,"C10"
"control","Control","C10",6,"Lachnospiraceae (family)",0.000379624031607216,1,"C10"
"control","Control","C10",6,"[Coprobacillaceae] (family)",0.000749874630335241,1,"C10"
"control","Control","C10",6,"[Eubacterium] (genus)",0.00196842090463001,1,"C10"
"control","Control","C10",6,"Staphylococcus (genus)",0.0356518519560011,1,"C10"
"control","Control","C10",6,"Lactococcus (genus)",0.0730987163083672,1,"C10"
"control","Control","C10",6,"Akkermansia (genus)",0.000229649105540167,1,"C10"
"control","Control","C10",6,"[Ruminococcus] (genus)",0.000314010001452882,1,"C10"
"control","Control","C10",6,"Bifidobacterium (genus)",0.0108825555727402,1,"C10"
"control","Control","C10",6,"Actinomyces (genus)",0.351133482370916,1,"C10"
"control","Control","C10",6,"Bacteroides (genus)",0.000379624031607216,1,"C10"
"control","Control","C10",6,"Ruminococcus (genus)",9.84210452315004e-05,1,"C10"
"control","Control","C10",6,"Peptostreptococcaceae (family)",0.000534285674113859,1,"C10"
"control","Control","C10",6,"Veillonella (genus)",0.00597556346048395,1,"C10"
"control","Control","C10",6,"Clostridiaceae (family)",0.00254488702670022,1,"C10"
"control","Control","C10",6,"Others",0.0879696675712028,1,"C10"
"control","Control","C10",7,"Streptococcus (genus)",0.362618734473184,1,"C10"
"control","Control","C10",7,"Listeriaceae (family)",0.00148570315163914,1,"C10"
"control","Control","C10",7,"Blautia (genus)",0.0267036874665108,1,"C10"
"control","Control","C10",7,"Lactobacillus (genus)",0.0121778946855668,1,"C10"
"control","Control","C10",7,"Enterobacteriaceae (family)",0.000180232841346388,1,"C10"
"control","Control","C10",7,"Lachnospiraceae (family)",0.00397973598324322,1,"C10"
"control","Control","C10",7,"[Coprobacillaceae] (family)",0.00332700082809684,1,"C10"
"control","Control","C10",7,"[Eubacterium] (genus)",0.00446198061279166,1,"C10"
"control","Control","C10",7,"Staphylococcus (genus)",0.0276048516732427,1,"C10"
"control","Control","C10",7,"Lactococcus (genus)",0.0649081786740708,1,"C10"
"control","Control","C10",7,"Akkermansia (genus)",0.000711189049637099,1,"C10"
"control","Control","C10",7,"[Ruminococcus] (genus)",0.0115056748989235,1,"C10"
"control","Control","C10",7,"Bifidobacterium (genus)",0.005436212187637,1,"C10"
"control","Control","C10",7,"Actinomyces (genus)",0.383067855229188,1,"C10"
"control","Control","C10",7,"Bacteroides (genus)",0.00798869891373179,1,"C10"
"control","Control","C10",7,"Ruminococcus (genus)",0.00153441473038141,1,"C10"
"control","Control","C10",7,"Peptostreptococcaceae (family)",0.00180232841346388,1,"C10"
"control","Control","C10",7,"Veillonella (genus)",0.00590871450143699,1,"C10"
"control","Control","C10",7,"Clostridiaceae (family)",0.00297140630327829,1,"C10"
"control","Control","C10",7,"Others",0.0716255053826295,1,"C10"
"control","Control","C10",11,"Streptococcus (genus)",0.923379636833933,1,"C10"
"control","Control","C10",11,"Listeriaceae (family)",0.00135556178007393,1,"C10"
"control","Control","C10",11,"Blautia (genus)",0.000608619574727072,1,"C10"
"control","Control","C10",11,"Lactobacillus (genus)",0.00404247887986334,1,"C10"
"control","Control","C10",11,"Enterobacteriaceae (family)",0.000221316208991663,1,"C10"
"control","Control","C10",11,"Lachnospiraceae (family)",0.000145238762150779,1,"C10"
"control","Control","C10",11,"[Coprobacillaceae] (family)",0.000179819419805726,1,"C10"
"control","Control","C10",11,"[Eubacterium] (genus)",0.000231690406288147,1,"C10"
"control","Control","C10",11,"Staphylococcus (genus)",0.00384191106546464,1,"C10"
"control","Control","C10",11,"Lactococcus (genus)",0.0189571165264421,1,"C10"
"control","Control","C10",11,"Akkermansia (genus)",0.000183277485571221,1,"C10"
"control","Control","C10",11,"[Ruminococcus] (genus)",0.000183277485571221,1,"C10"
"control","Control","C10",11,"Bifidobacterium (genus)",0.000605161508961577,1,"C10"
"control","Control","C10",11,"Actinomyces (genus)",0.0323398310389067,1,"C10"
"control","Control","C10",11,"Bacteroides (genus)",0.000183277485571221,1,"C10"
"control","Control","C10",11,"Ruminococcus (genus)",4.14967891859367e-05,1,"C10"
"control","Control","C10",11,"Peptostreptococcaceae (family)",0.00019019361710221,1,"C10"
"control","Control","C10",11,"Veillonella (genus)",0.0019019361710221,1,"C10"
"control","Control","C10",11,"Clostridiaceae (family)",0.000172903288274736,1,"C10"
"control","Control","C10",11,"Others",0.0112352556720925,1,"C10"
"control","Control","C10",12,"Streptococcus (genus)",0.93309271130744,1,"C10"
"control","Control","C10",12,"Listeriaceae (family)",0.000269353014060227,1,"C10"
"control","Control","C10",12,"Blautia (genus)",0.00237030652373,1,"C10"
"control","Control","C10",12,"Lactobacillus (genus)",0.00237030652373,1,"C10"
"control","Control","C10",12,"Enterobacteriaceae (family)",0.00274740074341432,1,"C10"
"control","Control","C10",12,"Lachnospiraceae (family)",0.00161611808436136,1,"C10"
"control","Control","C10",12,"[Coprobacillaceae] (family)",0.00156224748154932,1,"C10"
"control","Control","C10",12,"[Eubacterium] (genus)",0.00204708290685773,1,"C10"
"control","Control","C10",12,"Staphylococcus (genus)",0.001185153261865,1,"C10"
"control","Control","C10",12,"Lactococcus (genus)",0.00371707159403114,1,"C10"
"control","Control","C10",12,"Akkermansia (genus)",0.00307062436028659,1,"C10"
"control","Control","C10",12,"[Ruminococcus] (genus)",0.000107741205624091,1,"C10"
"control","Control","C10",12,"Bifidobacterium (genus)",0.0230566180035555,1,"C10"
"control","Control","C10",12,"Actinomyces (genus)",0.00301675375747455,1,"C10"
"control","Control","C10",12,"Bacteroides (genus)",0.000808059042180682,1,"C10"
"control","Control","C10",12,"Ruminococcus (genus)",0.00210095350966977,1,"C10"
"control","Control","C10",12,"Peptostreptococcaceae (family)",0.000161611808436136,1,"C10"
"control","Control","C10",12,"Veillonella (genus)",0.00237030652373,1,"C10"
"control","Control","C10",12,"Clostridiaceae (family)",0,1,"C10"
"control","Control","C10",12,"Others",0.014329580348004,1,"C10"
"control","Control","C10",13,"Streptococcus (genus)",0.963137297829835,1,"C10"
"control","Control","C10",13,"Listeriaceae (family)",0.000136832598998385,1,"C10"
"control","Control","C10",13,"Blautia (genus)",0.000684162994991927,1,"C10"
"control","Control","C10",13,"Lactobacillus (genus)",0.00103992775238773,1,"C10"
"control","Control","C10",13,"Enterobacteriaceae (family)",0.000328398237596125,1,"C10"
"control","Control","C10",13,"Lachnospiraceae (family)",0.000410497796995156,1,"C10"
"control","Control","C10",13,"[Coprobacillaceae] (family)",0.000109466079198708,1,"C10"
"control","Control","C10",13,"[Eubacterium] (genus)",0.000410497796995156,1,"C10"
"control","Control","C10",13,"Staphylococcus (genus)",0.0134916942612408,1,"C10"
"control","Control","C10",13,"Lactococcus (genus)",0.00383131277195479,1,"C10"
"control","Control","C10",13,"Akkermansia (genus)",0.000355764757395802,1,"C10"
"control","Control","C10",13,"[Ruminococcus] (genus)",0.000136832598998385,1,"C10"
"control","Control","C10",13,"Bifidobacterium (genus)",0.000218932158397417,1,"C10"
"control","Control","C10",13,"Actinomyces (genus)",0.0091951506526915,1,"C10"
"control","Control","C10",13,"Bacteroides (genus)",0.000164199118798062,1,"C10"
"control","Control","C10",13,"Ruminococcus (genus)",0.000519963876193864,1,"C10"
"control","Control","C10",13,"Peptostreptococcaceae (family)",0.000136832598998385,1,"C10"
"control","Control","C10",13,"Veillonella (genus)",0.00046523083659451,1,"C10"
"control","Control","C10",13,"Clostridiaceae (family)",0,1,"C10"
"control","Control","C10",13,"Others",0.00522700528173803,1,"C10"
"control","Control","C10",19,"Streptococcus (genus)",0.443149926697185,1,"C10"
"control","Control","C10",19,"Listeriaceae (family)",0.000233372228704784,1,"C10"
"control","Control","C10",19,"Blautia (genus)",0.000197468808904048,1,"C10"
"control","Control","C10",19,"Lactobacillus (genus)",0.0662956646620591,1,"C10"
"control","Control","C10",19,"Enterobacteriaceae (family)",0.460377584298238,1,"C10"
"control","Control","C10",19,"Lachnospiraceae (family)",0.000149597582503067,1,"C10"
"control","Control","C10",19,"[Coprobacillaceae] (family)",4.18873231008587e-05,1,"C10"
"control","Control","C10",19,"[Eubacterium] (genus)",7.77907429015947e-05,1,"C10"
"control","Control","C10",19,"Staphylococcus (genus)",0.00104119917422134,1,"C10"
"control","Control","C10",19,"Lactococcus (genus)",0.000664213266313616,1,"C10"
"control","Control","C10",19,"Akkermansia (genus)",0.000143613679202944,1,"C10"
"control","Control","C10",19,"[Ruminococcus] (genus)",0.000107710259402208,1,"C10"
"control","Control","C10",19,"Bifidobacterium (genus)",0.000185501002303803,1,"C10"
"control","Control","C10",19,"Actinomyces (genus)",0.000143613679202944,1,"C10"
"control","Control","C10",19,"Bacteroides (genus)",5.98390330012267e-05,1,"C10"
"control","Control","C10",19,"Ruminococcus (genus)",0.000143613679202944,1,"C10"
"control","Control","C10",19,"Peptostreptococcaceae (family)",8.975854950184e-05,1,"C10"
"control","Control","C10",19,"Veillonella (genus)",0.0255692188014242,1,"C10"
"control","Control","C10",19,"Clostridiaceae (family)",2.99195165006133e-05,1,"C10"
"control","Control","C10",19,"Others",0.00129850701612666,1,"C10"
"control","Control","C10",20,"Streptococcus (genus)",0.444921450515837,1,"C10"
"control","Control","C10",20,"Listeriaceae (family)",8.49667064668607e-05,1,"C10"
"control","Control","C10",20,"Blautia (genus)",0.000125214093740637,1,"C10"
"control","Control","C10",20,"Lactobacillus (genus)",0.0246045694200351,1,"C10"
"control","Control","C10",20,"Enterobacteriaceae (family)",0.493285394223158,1,"C10"
"control","Control","C10",20,"Lachnospiraceae (family)",0.000371170349302602,1,"C10"
"control","Control","C10",20,"[Coprobacillaceae] (family)",3.57754553544677e-05,1,"C10"
"control","Control","C10",20,"[Eubacterium] (genus)",0.00011627022990202,1,"C10"
"control","Control","C10",20,"Staphylococcus (genus)",0.000630542400622493,1,"C10"
"control","Control","C10",20,"Lactococcus (genus)",0.000500856374962548,1,"C10"
"control","Control","C10",20,"Akkermansia (genus)",5.36631830317015e-05,1,"C10"
"control","Control","C10",20,"[Ruminococcus] (genus)",3.57754553544677e-05,1,"C10"
"control","Control","C10",20,"Bifidobacterium (genus)",0.000228068527884731,1,"C10"
"control","Control","C10",20,"Actinomyces (genus)",4.47193191930846e-05,1,"C10"
"control","Control","C10",20,"Bacteroides (genus)",0.000281731710916433,1,"C10"
"control","Control","C10",20,"Ruminococcus (genus)",0.000187821140610955,1,"C10"
"control","Control","C10",20,"Peptostreptococcaceae (family)",0.000156517617175796,1,"C10"
"control","Control","C10",20,"Veillonella (genus)",0.0291391083862139,1,"C10"
"control","Control","C10",20,"Clostridiaceae (family)",8.04947745475523e-05,1,"C10"
"control","Control","C10",20,"Others",0.00511589011568891,1,"C10"
"control","Control","C10",21,"Streptococcus (genus)",0.464437464608566,1,"C10"
"control","Control","C10",21,"Listeriaceae (family)",0.00108771372352517,1,"C10"
"control","Control","C10",21,"Blautia (genus)",0.000277020723594425,1,"C10"
"control","Control","C10",21,"Lactobacillus (genus)",0.0145639571595599,1,"C10"
"control","Control","C10",21,"Enterobacteriaceae (family)",0.383111513062749,1,"C10"
"control","Control","C10",21,"Lachnospiraceae (family)",0.000171101035161263,1,"C10"
"control","Control","C10",21,"[Coprobacillaceae] (family)",0.000146658030138225,1,"C10"
"control","Control","C10",21,"[Eubacterium] (genus)",0.000142584195967719,1,"C10"
"control","Control","C10",21,"Staphylococcus (genus)",0.00660775902456115,1,"C10"
"control","Control","C10",21,"Lactococcus (genus)",0.00385384712529892,1,"C10"
"control","Control","C10",21,"Akkermansia (genus)",0.000122215025115188,1,"C10"
"control","Control","C10",21,"[Ruminococcus] (genus)",0.000105919688433163,1,"C10"
"control","Control","C10",21,"Bifidobacterium (genus)",0.000171101035161263,1,"C10"
"control","Control","C10",21,"Actinomyces (genus)",0.000244430050230375,1,"C10"
"control","Control","C10",21,"Bacteroides (genus)",6.51813467281001e-05,1,"C10"
"control","Control","C10",21,"Ruminococcus (genus)",0.000138510361797213,1,"C10"
"control","Control","C10",21,"Peptostreptococcaceae (family)",0.000158879532649744,1,"C10"
"control","Control","C10",21,"Veillonella (genus)",0.116532026447331,1,"C10"
"control","Control","C10",21,"Clostridiaceae (family)",3.66645075345563e-05,1,"C10"
"control","Control","C10",21,"Others",0.00802545331589732,1,"C10"
"control","Control","C10",22,"Streptococcus (genus)",0.167973759722466,1,"C10"
"control","Control","C10",22,"Listeriaceae (family)",0.00035522175987009,1,"C10"
"control","Control","C10",22,"Blautia (genus)",0.000184530784348099,1,"C10"
"control","Control","C10",22,"Lactobacillus (genus)",0.0070998219277931,1,"C10"
"control","Control","C10",22,"Enterobacteriaceae (family)",0.735235230617348,1,"C10"
"control","Control","C10",22,"Lachnospiraceae (family)",0.000124558279434967,1,"C10"
"control","Control","C10",22,"[Coprobacillaceae] (family)",0.000124558279434967,1,"C10"
"control","Control","C10",22,"[Eubacterium] (genus)",4.61326960870247e-05,1,"C10"
"control","Control","C10",22,"Staphylococcus (genus)",0.00551285718239945,1,"C10"
"control","Control","C10",22,"Lactococcus (genus)",0.0112333114971905,1,"C10"
"control","Control","C10",22,"Akkermansia (genus)",8.7652122565347e-05,1,"C10"
"control","Control","C10",22,"[Ruminococcus] (genus)",0.000133784818652372,1,"C10"
"control","Control","C10",22,"Bifidobacterium (genus)",0.000161464436304587,1,"C10"
"control","Control","C10",22,"Actinomyces (genus)",0.000258343098087338,1,"C10"
"control","Control","C10",22,"Bacteroides (genus)",6.91990441305371e-05,1,"C10"
"control","Control","C10",22,"Ruminococcus (genus)",0.000216823671609016,1,"C10"
"control","Control","C10",22,"Peptostreptococcaceae (family)",2.30663480435124e-05,1,"C10"
"control","Control","C10",22,"Veillonella (genus)",0.0222820922100329,1,"C10"
"control","Control","C10",22,"Clostridiaceae (family)",9.22653921740494e-06,1,"C10"
"control","Control","C10",22,"Others",0.0488683649649854,1,"C10"
"control","Control","C10",29,"Streptococcus (genus)",0.288140080843027,1,"C10"
"control","Control","C10",29,"Listeriaceae (family)",0,1,"C10"
"control","Control","C10",29,"Blautia (genus)",5.29539477168023e-05,1,"C10"
"control","Control","C10",29,"Lactobacillus (genus)",0.0448166910843203,1,"C10"
"control","Control","C10",29,"Enterobacteriaceae (family)",0.446807759518472,1,"C10"
"control","Control","C10",29,"Lachnospiraceae (family)",3.53026318112015e-05,1,"C10"
"control","Control","C10",29,"[Coprobacillaceae] (family)",0,1,"C10"
"control","Control","C10",29,"[Eubacterium] (genus)",5.29539477168023e-05,1,"C10"
"control","Control","C10",29,"Staphylococcus (genus)",0.179019645914603,1,"C10"
"control","Control","C10",29,"Lactococcus (genus)",0.0293717896669197,1,"C10"
"control","Control","C10",29,"Akkermansia (genus)",0,1,"C10"
"control","Control","C10",29,"[Ruminococcus] (genus)",0,1,"C10"
"control","Control","C10",29,"Bifidobacterium (genus)",0,1,"C10"
"control","Control","C10",29,"Actinomyces (genus)",0.000423631581734418,1,"C10"
"control","Control","C10",29,"Bacteroides (genus)",0,1,"C10"
"control","Control","C10",29,"Ruminococcus (genus)",0,1,"C10"
"control","Control","C10",29,"Peptostreptococcaceae (family)",0,1,"C10"
"control","Control","C10",29,"Veillonella (genus)",0.00990238822304203,1,"C10"
"control","Control","C10",29,"Clostridiaceae (family)",0.000211815790867209,1,"C10"
"control","Control","C10",29,"Others",0.00116498684976962,1,"C10"
"control","Control","C10",30,"Streptococcus (genus)",0.15735906417289,1,"C10"
"control","Control","C10",30,"Listeriaceae (family)",0.32991870993325,1,"C10"
"control","Control","C10",30,"Blautia (genus)",0,1,"C10"
"control","Control","C10",30,"Lactobacillus (genus)",0.039554556870002,1,"C10"
"control","Control","C10",30,"Enterobacteriaceae (family)",0.0492366664463684,1,"C10"
"control","Control","C10",30,"Lachnospiraceae (family)",0,1,"C10"
"control","Control","C10",30,"[Coprobacillaceae] (family)",0,1,"C10"
"control","Control","C10",30,"[Eubacterium] (genus)",6.60894851629106e-05,1,"C10"
"control","Control","C10",30,"Staphylococcus (genus)",0.0580926574581984,1,"C10"
"control","Control","C10",30,"Lactococcus (genus)",0.00224704249553896,1,"C10"
"control","Control","C10",30,"Akkermansia (genus)",0,1,"C10"
"control","Control","C10",30,"[Ruminococcus] (genus)",0,1,"C10"
"control","Control","C10",30,"Bifidobacterium (genus)",0,1,"C10"
"control","Control","C10",30,"Actinomyces (genus)",0.000363492168396008,1,"C10"
"control","Control","C10",30,"Bacteroides (genus)",0,1,"C10"
"control","Control","C10",30,"Ruminococcus (genus)",0,1,"C10"
"control","Control","C10",30,"Peptostreptococcaceae (family)",0,1,"C10"
"control","Control","C10",30,"Veillonella (genus)",0.0349282929085982,1,"C10"
"control","Control","C10",30,"Clostridiaceae (family)",0.328068204348688,1,"C10"
"control","Control","C10",30,"Others",0.000165223712907281,1,"C10"
"control","Control","C10",40,"Streptococcus (genus)",0.244851597609758,1,"C10"
"control","Control","C10",40,"Listeriaceae (family)",0.6660081979357,1,"C10"
"control","Control","C10",40,"Blautia (genus)",0.000444466393402143,1,"C10"
"control","Control","C10",40,"Lactobacillus (genus)",0.014914316756383,1,"C10"
"control","Control","C10",40,"Enterobacteriaceae (family)",0.04355770655341,1,"C10"
"control","Control","C10",40,"Lachnospiraceae (family)",9.87703096449207e-05,1,"C10"
"control","Control","C10",40,"[Coprobacillaceae] (family)",0,1,"C10"
"control","Control","C10",40,"[Eubacterium] (genus)",0,1,"C10"
"control","Control","C10",40,"Staphylococcus (genus)",0,1,"C10"
"control","Control","C10",40,"Lactococcus (genus)",0,1,"C10"
"control","Control","C10",40,"Akkermansia (genus)",0.000197540619289841,1,"C10"
"control","Control","C10",40,"[Ruminococcus] (genus)",0.000197540619289841,1,"C10"
"control","Control","C10",40,"Bifidobacterium (genus)",0,1,"C10"
"control","Control","C10",40,"Actinomyces (genus)",0.00138278433502889,1,"C10"
"control","Control","C10",40,"Bacteroides (genus)",0,1,"C10"
"control","Control","C10",40,"Ruminococcus (genus)",0,1,"C10"
"control","Control","C10",40,"Peptostreptococcaceae (family)",0.000197540619289841,1,"C10"
"control","Control","C10",40,"Veillonella (genus)",0,1,"C10"
"control","Control","C10",40,"Clostridiaceae (family)",0,1,"C10"
"control","Control","C10",40,"Others",0.0281495382488023,1,"C10"
"control","Control","C10",53,"Streptococcus (genus)",0.153601625483385,1,"C10"
"control","Control","C10",53,"Listeriaceae (family)",0.0255292652552927,1,"C10"
"control","Control","C10",53,"Blautia (genus)",0.000229402897030871,1,"C10"
"control","Control","C10",53,"Lactobacillus (genus)",0.0688208691092613,1,"C10"
"control","Control","C10",53,"Enterobacteriaceae (family)",0.0209412073146752,1,"C10"
"control","Control","C10",53,"Lachnospiraceae (family)",0.125614472045618,1,"C10"
"control","Control","C10",53,"[Coprobacillaceae] (family)",0.00875008192960608,1,"C10"
"control","Control","C10",53,"[Eubacterium] (genus)",0.0821262371370518,1,"C10"
"control","Control","C10",53,"Staphylococcus (genus)",0,1,"C10"
"control","Control","C10",53,"Lactococcus (genus)",3.27718424329816e-05,1,"C10"
"control","Control","C10",53,"Akkermansia (genus)",0.000163859212164908,1,"C10"
"control","Control","C10",53,"[Ruminococcus] (genus)",0.000229402897030871,1,"C10"
"control","Control","C10",53,"Bifidobacterium (genus)",0.211607786589762,1,"C10"
"control","Control","C10",53,"Actinomyces (genus)",0.00144196106705119,1,"C10"
"control","Control","C10",53,"Bacteroides (genus)",0,1,"C10"
"control","Control","C10",53,"Ruminococcus (genus)",0.000163859212164908,1,"C10"
"control","Control","C10",53,"Peptostreptococcaceae (family)",0.074785344432064,1,"C10"
"control","Control","C10",53,"Veillonella (genus)",0.0114046011666776,1,"C10"
"control","Control","C10",53,"Clostridiaceae (family)",0.0243167070852723,1,"C10"
"control","Control","C10",53,"Others",0.190240545323458,1,"C10"
"control","Control","C11",0,"Streptococcus (genus)",0.314168174270774,1,"C11"
"control","Control","C11",0,"Listeriaceae (family)",0.000669128398304875,1,"C11"
"control","Control","C11",0,"Blautia (genus)",0.0376198855046963,1,"C11"
"control","Control","C11",0,"Lactobacillus (genus)",0.00143738692969195,1,"C11"
"control","Control","C11",0,"Enterobacteriaceae (family)",0.000446085598869916,1,"C11"
"control","Control","C11",0,"Lachnospiraceae (family)",0.0619811157096478,1,"C11"
"control","Control","C11",0,"[Coprobacillaceae] (family)",0.0227008004758246,1,"C11"
"control","Control","C11",0,"[Eubacterium] (genus)",0.0225025402096602,1,"C11"
"control","Control","C11",0,"Staphylococcus (genus)",0,1,"C11"
"control","Control","C11",0,"Lactococcus (genus)",0.117989640901093,1,"C11"
"control","Control","C11",0,"Akkermansia (genus)",0.00203216772818518,1,"C11"
"control","Control","C11",0,"[Ruminococcus] (genus)",0.0110034447721246,1,"C11"
"control","Control","C11",0,"Bifidobacterium (genus)",0.196178533369681,1,"C11"
"control","Control","C11",0,"Actinomyces (genus)",0.0127134395677926,1,"C11"
"control","Control","C11",0,"Bacteroides (genus)",0.00247825332705509,1,"C11"
"control","Control","C11",0,"Ruminococcus (genus)",0.0406433545637035,1,"C11"
"control","Control","C11",0,"Peptostreptococcaceae (family)",0.00265173105994895,1,"C11"
"control","Control","C11",0,"Veillonella (genus)",0.00473346385467522,1,"C11"
"control","Control","C11",0,"Clostridiaceae (family)",0.0319694679190107,1,"C11"
"control","Control","C11",0,"Others",0.116081385839261,1,"C11"
"control","Control","C11",1,"Streptococcus (genus)",0.266447368421053,1,"C11"
"control","Control","C11",1,"Listeriaceae (family)",0,1,"C11"
"control","Control","C11",1,"Blautia (genus)",0.0213815789473684,1,"C11"
"control","Control","C11",1,"Lactobacillus (genus)",0.00822368421052632,1,"C11"
"control","Control","C11",1,"Enterobacteriaceae (family)",0,1,"C11"
"control","Control","C11",1,"Lachnospiraceae (family)",0.0419407894736842,1,"C11"
"control","Control","C11",1,"[Coprobacillaceae] (family)",0.00986842105263158,1,"C11"
"control","Control","C11",1,"[Eubacterium] (genus)",0.0115131578947368,1,"C11"
"control","Control","C11",1,"Staphylococcus (genus)",0.00164473684210526,1,"C11"
"control","Control","C11",1,"Lactococcus (genus)",0.0337171052631579,1,"C11"
"control","Control","C11",1,"Akkermansia (genus)",0.00246710526315789,1,"C11"
"control","Control","C11",1,"[Ruminococcus] (genus)",0.00904605263157895,1,"C11"
"control","Control","C11",1,"Bifidobacterium (genus)",0.179276315789474,1,"C11"
"control","Control","C11",1,"Actinomyces (genus)",0.0945723684210526,1,"C11"
"control","Control","C11",1,"Bacteroides (genus)",0,1,"C11"
"control","Control","C11",1,"Ruminococcus (genus)",0.0189144736842105,1,"C11"
"control","Control","C11",1,"Peptostreptococcaceae (family)",0.00246710526315789,1,"C11"
"control","Control","C11",1,"Veillonella (genus)",0.0370065789473684,1,"C11"
"control","Control","C11",1,"Clostridiaceae (family)",0.0106907894736842,1,"C11"
"control","Control","C11",1,"Others",0.250822368421053,1,"C11"
"control","Control","C11",2,"Streptococcus (genus)",0.32394882286482,1,"C11"
"control","Control","C11",2,"Listeriaceae (family)",0,1,"C11"
"control","Control","C11",2,"Blautia (genus)",0.0106262786649974,1,"C11"
"control","Control","C11",2,"Lactobacillus (genus)",0.0428410027787108,1,"C11"
"control","Control","C11",2,"Enterobacteriaceae (family)",0.00024428226816086,1,"C11"
"control","Control","C11",2,"Lachnospiraceae (family)",0.0155424593117347,1,"C11"
"control","Control","C11",2,"[Coprobacillaceae] (family)",0.00525206876545849,1,"C11"
"control","Control","C11",2,"[Eubacterium] (genus)",0.0113896607530001,1,"C11"
"control","Control","C11",2,"Staphylococcus (genus)",0.00189318757824666,1,"C11"
"control","Control","C11",2,"Lactococcus (genus)",0.0432990320315124,1,"C11"
"control","Control","C11",2,"Akkermansia (genus)",0.000702311520962472,1,"C11"
"control","Control","C11",2,"[Ruminococcus] (genus)",0.00442761611041559,1,"C11"
"control","Control","C11",2,"Bifidobacterium (genus)",0.0652844361659898,1,"C11"
"control","Control","C11",2,"Actinomyces (genus)",0.152829094018138,1,"C11"
"control","Control","C11",2,"Bacteroides (genus)",0.00116034077376408,1,"C11"
"control","Control","C11",2,"Ruminococcus (genus)",0.00494671593025741,1,"C11"
"control","Control","C11",2,"Peptostreptococcaceae (family)",0.00100766435616355,1,"C11"
"control","Control","C11",2,"Veillonella (genus)",0.026138202693212,1,"C11"
"control","Control","C11",2,"Clostridiaceae (family)",0.0175272527405417,1,"C11"
"control","Control","C11",2,"Others",0.270939570673914,1,"C11"
"control","Control","C11",5,"Streptococcus (genus)",0.139685646137851,1,"C11"
"control","Control","C11",5,"Listeriaceae (family)",0.00165127515136689,1,"C11"
"control","Control","C11",5,"Blautia (genus)",0.00110085010091126,1,"C11"
"control","Control","C11",5,"Lactobacillus (genus)",0.00155953764295762,1,"C11"
"control","Control","C11",5,"Enterobacteriaceae (family)",0.000244633355758058,1,"C11"
"control","Control","C11",5,"Lachnospiraceae (family)",0.000642162558864901,1,"C11"
"control","Control","C11",5,"[Coprobacillaceae] (family)",0.000581004219925387,1,"C11"
"control","Control","C11",5,"[Eubacterium] (genus)",0.00244633355758058,1,"C11"
"control","Control","C11",5,"Staphylococcus (genus)",0.0556846676044279,1,"C11"
"control","Control","C11",5,"Lactococcus (genus)",0.503424866980613,1,"C11"
"control","Control","C11",5,"Akkermansia (genus)",0.000305791694697572,1,"C11"
"control","Control","C11",5,"[Ruminococcus] (genus)",0.000458687542046358,1,"C11"
"control","Control","C11",5,"Bifidobacterium (genus)",0.0002140541862883,1,"C11"
"control","Control","C11",5,"Actinomyces (genus)",0.0129044095162375,1,"C11"
"control","Control","C11",5,"Bacteroides (genus)",0.00137606262613907,1,"C11"
"control","Control","C11",5,"Ruminococcus (genus)",0.0002140541862883,1,"C11"
"control","Control","C11",5,"Peptostreptococcaceae (family)",0.000152895847348786,1,"C11"
"control","Control","C11",5,"Veillonella (genus)",0.138156687664363,1,"C11"
"control","Control","C11",5,"Clostridiaceae (family)",0.00113142927038102,1,"C11"
"control","Control","C11",5,"Others",0.138064950155954,1,"C11"
"control","Control","C11",9,"Streptococcus (genus)",0.185943223443223,1,"C11"
"control","Control","C11",9,"Listeriaceae (family)",0,1,"C11"
"control","Control","C11",9,"Blautia (genus)",6.86813186813187e-05,1,"C11"
"control","Control","C11",9,"Lactobacillus (genus)",0.000274725274725275,1,"C11"
"control","Control","C11",9,"Enterobacteriaceae (family)",4.57875457875458e-05,1,"C11"
"control","Control","C11",9,"Lachnospiraceae (family)",0,1,"C11"
"control","Control","C11",9,"[Coprobacillaceae] (family)",4.57875457875458e-05,1,"C11"
"control","Control","C11",9,"[Eubacterium] (genus)",0.000183150183150183,1,"C11"
"control","Control","C11",9,"Staphylococcus (genus)",0.506387362637363,1,"C11"
"control","Control","C11",9,"Lactococcus (genus)",0.00840201465201465,1,"C11"
"control","Control","C11",9,"Akkermansia (genus)",0,1,"C11"
"control","Control","C11",9,"[Ruminococcus] (genus)",4.57875457875458e-05,1,"C11"
"control","Control","C11",9,"Bifidobacterium (genus)",4.57875457875458e-05,1,"C11"
"control","Control","C11",9,"Actinomyces (genus)",0.0745192307692308,1,"C11"
"control","Control","C11",9,"Bacteroides (genus)",0.000137362637362637,1,"C11"
"control","Control","C11",9,"Ruminococcus (genus)",0,1,"C11"
"control","Control","C11",9,"Peptostreptococcaceae (family)",6.86813186813187e-05,1,"C11"
"control","Control","C11",9,"Veillonella (genus)",0.00764652014652015,1,"C11"
"control","Control","C11",9,"Clostridiaceae (family)",0.000572344322344322,1,"C11"
"control","Control","C11",9,"Others",0.215613553113553,1,"C11"
"control","Control","C11",10,"Streptococcus (genus)",0.161052731832757,1,"C11"
"control","Control","C11",10,"Listeriaceae (family)",0,1,"C11"
"control","Control","C11",10,"Blautia (genus)",0.000126988158354233,1,"C11"
"control","Control","C11",10,"Lactobacillus (genus)",0.0011428934251881,1,"C11"
"control","Control","C11",10,"Enterobacteriaceae (family)",0,1,"C11"
"control","Control","C11",10,"Lachnospiraceae (family)",0,1,"C11"
"control","Control","C11",10,"[Coprobacillaceae] (family)",9.52411187656751e-05,1,"C11"
"control","Control","C11",10,"[Eubacterium] (genus)",9.52411187656751e-05,1,"C11"
"control","Control","C11",10,"Staphylococcus (genus)",0.449633321692752,1,"C11"
"control","Control","C11",10,"Lactococcus (genus)",0.00425410330486682,1,"C11"
"control","Control","C11",10,"Akkermansia (genus)",6.34940791771167e-05,1,"C11"
"control","Control","C11",10,"[Ruminococcus] (genus)",0.000158735197942792,1,"C11"
"control","Control","C11",10,"Bifidobacterium (genus)",0,1,"C11"
"control","Control","C11",10,"Actinomyces (genus)",0.131781961332106,1,"C11"
"control","Control","C11",10,"Bacteroides (genus)",0.00019048223753135,1,"C11"
"control","Control","C11",10,"Ruminococcus (genus)",0,1,"C11"
"control","Control","C11",10,"Peptostreptococcaceae (family)",0,1,"C11"
"control","Control","C11",10,"Veillonella (genus)",0.0166671957839931,1,"C11"
"control","Control","C11",10,"Clostridiaceae (family)",0.00123813454395378,1,"C11"
"control","Control","C11",10,"Others",0.233499476173847,1,"C11"
"control","Control","C11",12,"Streptococcus (genus)",0.257996853696906,1,"C11"
"control","Control","C11",12,"Listeriaceae (family)",0,1,"C11"
"control","Control","C11",12,"Blautia (genus)",0.000324618573176518,1,"C11"
"control","Control","C11",12,"Lactobacillus (genus)",0.00061178115714036,1,"C11"
"control","Control","C11",12,"Enterobacteriaceae (family)",0,1,"C11"
"control","Control","C11",12,"Lachnospiraceae (family)",0.000262191924488726,1,"C11"
"control","Control","C11",12,"[Coprobacillaceae] (family)",0.000224735935276051,1,"C11"
"control","Control","C11",12,"[Eubacterium] (genus)",0.000324618573176518,1,"C11"
"control","Control","C11",12,"Staphylococcus (genus)",0.16363273154044,1,"C11"
"control","Control","C11",12,"Lactococcus (genus)",0.0101755437361101,1,"C11"
"control","Control","C11",12,"Akkermansia (genus)",0.000224735935276051,1,"C11"
"control","Control","C11",12,"[Ruminococcus] (genus)",9.9882637900467e-05,1,"C11"
"control","Control","C11",12,"Bifidobacterium (genus)",7.49119784253502e-05,1,"C11"
"control","Control","C11",12,"Actinomyces (genus)",0.0609408944490224,1,"C11"
"control","Control","C11",12,"Bacteroides (genus)",0.00046195720028966,1,"C11"
"control","Control","C11",12,"Ruminococcus (genus)",0.000424501211076985,1,"C11"
"control","Control","C11",12,"Peptostreptococcaceae (family)",0.000849002422153969,1,"C11"
"control","Control","C11",12,"Veillonella (genus)",0.00541863310610033,1,"C11"
"control","Control","C11",12,"Clostridiaceae (family)",0.000699178465303269,1,"C11"
"control","Control","C11",12,"Others",0.497253227457737,1,"C11"
"control","Control","C11",13,"Streptococcus (genus)",0.532892014894497,1,"C11"
"control","Control","C11",13,"Listeriaceae (family)",0.000744724865535788,1,"C11"
"control","Control","C11",13,"Blautia (genus)",0.00038615363398152,1,"C11"
"control","Control","C11",13,"Lactobacillus (genus)",0.000606812853399531,1,"C11"
"control","Control","C11",13,"Enterobacteriaceae (family)",0,1,"C11"
"control","Control","C11",13,"Lachnospiraceae (family)",5.51648048545028e-05,1,"C11"
"control","Control","C11",13,"[Coprobacillaceae] (family)",0.00019307681699076,1,"C11"
"control","Control","C11",13,"[Eubacterium] (genus)",0.000303406426699766,1,"C11"
"control","Control","C11",13,"Staphylococcus (genus)",0.11460488208523,1,"C11"
"control","Control","C11",13,"Lactococcus (genus)",0.0256792166597711,1,"C11"
"control","Control","C11",13,"Akkermansia (genus)",0.000937801682526548,1,"C11"
"control","Control","C11",13,"[Ruminococcus] (genus)",0.000220659219418011,1,"C11"
"control","Control","C11",13,"Bifidobacterium (genus)",5.51648048545028e-05,1,"C11"
"control","Control","C11",13,"Actinomyces (genus)",0.101806647358985,1,"C11"
"control","Control","C11",13,"Bacteroides (genus)",5.51648048545028e-05,1,"C11"
"control","Control","C11",13,"Ruminococcus (genus)",0,1,"C11"
"control","Control","C11",13,"Peptostreptococcaceae (family)",0,1,"C11"
"control","Control","C11",13,"Veillonella (genus)",0.0078885670941939,1,"C11"
"control","Control","C11",13,"Clostridiaceae (family)",0.00124120810922631,1,"C11"
"control","Control","C11",13,"Others",0.212329333884981,1,"C11"
"control","Control","C11",15,"Streptococcus (genus)",0.474563347391998,1,"C11"
"control","Control","C11",15,"Listeriaceae (family)",0.000166797722019682,1,"C11"
"control","Control","C11",15,"Blautia (genus)",0,1,"C11"
"control","Control","C11",15,"Lactobacillus (genus)",0.00231133986227274,1,"C11"
"control","Control","C11",15,"Enterobacteriaceae (family)",4.76564920056235e-05,1,"C11"
"control","Control","C11",15,"Lachnospiraceae (family)",0,1,"C11"
"control","Control","C11",15,"[Coprobacillaceae] (family)",0,1,"C11"
"control","Control","C11",15,"[Eubacterium] (genus)",0.000452736674053423,1,"C11"
"control","Control","C11",15,"Staphylococcus (genus)",0.126504158028927,1,"C11"
"control","Control","C11",15,"Lactococcus (genus)",0.0247575475969214,1,"C11"
"control","Control","C11",15,"Akkermansia (genus)",0,1,"C11"
"control","Control","C11",15,"[Ruminococcus] (genus)",0,1,"C11"
"control","Control","C11",15,"Bifidobacterium (genus)",0,1,"C11"
"control","Control","C11",15,"Actinomyces (genus)",0.09822003002359,1,"C11"
"control","Control","C11",15,"Bacteroides (genus)",0,1,"C11"
"control","Control","C11",15,"Ruminococcus (genus)",0,1,"C11"
"control","Control","C11",15,"Peptostreptococcaceae (family)",0,1,"C11"
"control","Control","C11",15,"Veillonella (genus)",0.0159887530678867,1,"C11"
"control","Control","C11",15,"Clostridiaceae (family)",0.000786332118092787,1,"C11"
"control","Control","C11",15,"Others",0.256201301022232,1,"C11"
"control","Control","C11",16,"Streptococcus (genus)",0.417290767903365,1,"C11"
"control","Control","C11",16,"Listeriaceae (family)",0,1,"C11"
"control","Control","C11",16,"Blautia (genus)",0.000517687661777394,1,"C11"
"control","Control","C11",16,"Lactobacillus (genus)",0.00124245038826575,1,"C11"
"control","Control","C11",16,"Enterobacteriaceae (family)",0.000724762726488352,1,"C11"
"control","Control","C11",16,"Lachnospiraceae (family)",0.00113891285591027,1,"C11"
"control","Control","C11",16,"[Coprobacillaceae] (family)",0.00410698878343399,1,"C11"
"control","Control","C11",16,"[Eubacterium] (genus)",0.000759275237273512,1,"C11"
"control","Control","C11",16,"Staphylococcus (genus)",0.101397756686799,1,"C11"
"control","Control","C11",16,"Lactococcus (genus)",0.0133908541846419,1,"C11"
"control","Control","C11",16,"Akkermansia (genus)",0.00714408973252804,1,"C11"
"control","Control","C11",16,"[Ruminococcus] (genus)",0.000138050043140638,1,"C11"
"control","Control","C11",16,"Bifidobacterium (genus)",0,1,"C11"
"control","Control","C11",16,"Actinomyces (genus)",0.129594477998274,1,"C11"
"control","Control","C11",16,"Bacteroides (genus)",0.00100086281276963,1,"C11"
"control","Control","C11",16,"Ruminococcus (genus)",0.000276100086281277,1,"C11"
"control","Control","C11",16,"Peptostreptococcaceae (family)",0.000379637618636756,1,"C11"
"control","Control","C11",16,"Veillonella (genus)",0.0155306298533218,1,"C11"
"control","Control","C11",16,"Clostridiaceae (family)",0.00103537532355479,1,"C11"
"control","Control","C11",16,"Others",0.304331320103537,1,"C11"
"control","Control","C11",17,"Streptococcus (genus)",0.5842012636681,1,"C11"
"control","Control","C11",17,"Listeriaceae (family)",0,1,"C11"
"control","Control","C11",17,"Blautia (genus)",0.00014425434926863,1,"C11"
"control","Control","C11",17,"Lactobacillus (genus)",0.0109344796745622,1,"C11"
"control","Control","C11",17,"Enterobacteriaceae (family)",8.65526095611783e-05,1,"C11"
"control","Control","C11",17,"Lachnospiraceae (family)",0,1,"C11"
"control","Control","C11",17,"[Coprobacillaceae] (family)",0.000173105219122357,1,"C11"
"control","Control","C11",17,"[Eubacterium] (genus)",0.00014425434926863,1,"C11"
"control","Control","C11",17,"Staphylococcus (genus)",0.0347075964340325,1,"C11"
"control","Control","C11",17,"Lactococcus (genus)",0.12853062519835,1,"C11"
"control","Control","C11",17,"Akkermansia (genus)",0,1,"C11"
"control","Control","C11",17,"[Ruminococcus] (genus)",5.77017397074522e-05,1,"C11"
"control","Control","C11",17,"Bifidobacterium (genus)",5.77017397074522e-05,1,"C11"
"control","Control","C11",17,"Actinomyces (genus)",0.0579902484059894,1,"C11"
"control","Control","C11",17,"Bacteroides (genus)",5.77017397074522e-05,1,"C11"
"control","Control","C11",17,"Ruminococcus (genus)",0,1,"C11"
"control","Control","C11",17,"Peptostreptococcaceae (family)",0,1,"C11"
"control","Control","C11",17,"Veillonella (genus)",0.00504890222440207,1,"C11"
"control","Control","C11",17,"Clostridiaceae (family)",5.77017397074522e-05,1,"C11"
"control","Control","C11",17,"Others",0.177807910908514,1,"C11"
"control","Control","C11",19,"Streptococcus (genus)",0.376185458377239,1,"C11"
"control","Control","C11",19,"Listeriaceae (family)",0,1,"C11"
"control","Control","C11",19,"Blautia (genus)",0.00110920082080861,1,"C11"
"control","Control","C11",19,"Lactobacillus (genus)",0.0147801009372747,1,"C11"
"control","Control","C11",19,"Enterobacteriaceae (family)",8.31900615606456e-05,1,"C11"
"control","Control","C11",19,"Lachnospiraceae (family)",0.000915090677167101,1,"C11"
"control","Control","C11",19,"[Coprobacillaceae] (family)",0.000665520492485164,1,"C11"
"control","Control","C11",19,"[Eubacterium] (genus)",0.00108147080028839,1,"C11"
"control","Control","C11",19,"Staphylococcus (genus)",0.0376573678664522,1,"C11"
"control","Control","C11",19,"Lactococcus (genus)",0.11984914868837,1,"C11"
"control","Control","C11",19,"Akkermansia (genus)",0.000360490266762797,1,"C11"
"control","Control","C11",19,"[Ruminococcus] (genus)",0.00069325051300538,1,"C11"
"control","Control","C11",19,"Bifidobacterium (genus)",0.000138650102601076,1,"C11"
"control","Control","C11",19,"Actinomyces (genus)",0.0773667572514004,1,"C11"
"control","Control","C11",19,"Bacteroides (genus)",0.00080417059508624,1,"C11"
"control","Control","C11",19,"Ruminococcus (genus)",0.000194110143641506,1,"C11"
"control","Control","C11",19,"Peptostreptococcaceae (family)",0.000277300205202152,1,"C11"
"control","Control","C11",19,"Veillonella (genus)",0.00196883145693528,1,"C11"
"control","Control","C11",19,"Clostridiaceae (family)",0.000610060451444734,1,"C11"
"control","Control","C11",19,"Others",0.365259830292274,1,"C11"
"control","Control","C11",20,"Streptococcus (genus)",0.0124949383930121,1,"C11"
"control","Control","C11",20,"Listeriaceae (family)",0,1,"C11"
"control","Control","C11",20,"Blautia (genus)",5.78469370046856e-05,1,"C11"
"control","Control","C11",20,"Lactobacillus (genus)",0.000376005090530456,1,"C11"
"control","Control","C11",20,"Enterobacteriaceae (family)",0,1,"C11"
"control","Control","C11",20,"Lachnospiraceae (family)",3.85646246697904e-05,1,"C11"
"control","Control","C11",20,"[Coprobacillaceae] (family)",0.000183181967181504,1,"C11"
"control","Control","C11",20,"[Eubacterium] (genus)",0.000501340120707275,1,"C11"
"control","Control","C11",20,"Staphylococcus (genus)",0.000549545901544513,1,"C11"
"control","Control","C11",20,"Lactococcus (genus)",0.00127263261410308,1,"C11"
"control","Control","C11",20,"Akkermansia (genus)",0.000231387748018742,1,"C11"
"control","Control","C11",20,"[Ruminococcus] (genus)",1.92823123348952e-05,1,"C11"
"control","Control","C11",20,"Bifidobacterium (genus)",0,1,"C11"
"control","Control","C11",20,"Actinomyces (genus)",0.0196101116445884,1,"C11"
"control","Control","C11",20,"Bacteroides (genus)",0.000597751682381751,1,"C11"
"control","Control","C11",20,"Ruminococcus (genus)",0.000221746591851295,1,"C11"
"control","Control","C11",20,"Peptostreptococcaceae (family)",0.00151366151828927,1,"C11"
"control","Control","C11",20,"Veillonella (genus)",0.000106052717841924,1,"C11"
"control","Control","C11",20,"Clostridiaceae (family)",0.000212105435683847,1,"C11"
"control","Control","C11",20,"Others",0.962013844700256,1,"C11"
"control","Control","C11",21,"Streptococcus (genus)",0.559778622391145,1,"C11"
"control","Control","C11",21,"Listeriaceae (family)",0,1,"C11"
"control","Control","C11",21,"Blautia (genus)",0.000166700006668,1,"C11"
"control","Control","C11",21,"Lactobacillus (genus)",0.0032006401280256,1,"C11"
"control","Control","C11",21,"Enterobacteriaceae (family)",0.0003000600120024,1,"C11"
"control","Control","C11",21,"Lachnospiraceae (family)",6.66800026672001e-05,1,"C11"
"control","Control","C11",21,"[Coprobacillaceae] (family)",0.000366740014669601,1,"C11"
"control","Control","C11",21,"[Eubacterium] (genus)",0.0001333600053344,1,"C11"
"control","Control","C11",21,"Staphylococcus (genus)",0.0837500833500033,1,"C11"
"control","Control","C11",21,"Lactococcus (genus)",0.0340401413616057,1,"C11"
"control","Control","C11",21,"Akkermansia (genus)",0.0001000200040008,1,"C11"
"control","Control","C11",21,"[Ruminococcus] (genus)",0,1,"C11"
"control","Control","C11",21,"Bifidobacterium (genus)",0.0002000400080016,1,"C11"
"control","Control","C11",21,"Actinomyces (genus)",0.0564112822564513,1,"C11"
"control","Control","C11",21,"Bacteroides (genus)",0,1,"C11"
"control","Control","C11",21,"Ruminococcus (genus)",0,1,"C11"
"control","Control","C11",21,"Peptostreptococcaceae (family)",0.000166700006668,1,"C11"
"control","Control","C11",21,"Veillonella (genus)",0.001000200040008,1,"C11"
"control","Control","C11",21,"Clostridiaceae (family)",0.0002333800093352,1,"C11"
"control","Control","C11",21,"Others",0.260085350403414,1,"C11"
"control","Control","C11",23,"Streptococcus (genus)",0.0123254441749164,1,"C11"
"control","Control","C11",23,"Listeriaceae (family)",0.610175047531633,1,"C11"
"control","Control","C11",23,"Blautia (genus)",0.142332655870976,1,"C11"
"control","Control","C11",23,"Lactobacillus (genus)",0.000393365239624992,1,"C11"
"control","Control","C11",23,"Enterobacteriaceae (family)",0.0559889857732905,1,"C11"
"control","Control","C11",23,"Lachnospiraceae (family)",0.000131121746541664,1,"C11"
"control","Control","C11",23,"[Coprobacillaceae] (family)",0,1,"C11"
"control","Control","C11",23,"[Eubacterium] (genus)",0.000131121746541664,1,"C11"
"control","Control","C11",23,"Staphylococcus (genus)",0.0247820100963745,1,"C11"
"control","Control","C11",23,"Lactococcus (genus)",0.000393365239624992,1,"C11"
"control","Control","C11",23,"Akkermansia (genus)",0,1,"C11"
"control","Control","C11",23,"[Ruminococcus] (genus)",0.000393365239624992,1,"C11"
"control","Control","C11",23,"Bifidobacterium (genus)",0,1,"C11"
"control","Control","C11",23,"Actinomyces (genus)",0.00367140890316659,1,"C11"
"control","Control","C11",23,"Bacteroides (genus)",0,1,"C11"
"control","Control","C11",23,"Ruminococcus (genus)",0,1,"C11"
"control","Control","C11",23,"Peptostreptococcaceae (family)",0.0047203828754999,1,"C11"
"control","Control","C11",23,"Veillonella (genus)",0.00131121746541664,1,"C11"
"control","Control","C11",23,"Clostridiaceae (family)",0.109289975742477,1,"C11"
"control","Control","C11",23,"Others",0.0339605323542911,1,"C11"
"control","Control","C11",28,"Streptococcus (genus)",0.00370804975357897,1,"C11"
"control","Control","C11",28,"Listeriaceae (family)",0.0749119924900258,1,"C11"
"control","Control","C11",28,"Blautia (genus)",0.145881248533208,1,"C11"
"control","Control","C11",28,"Lactobacillus (genus)",0.000140812015958695,1,"C11"
"control","Control","C11",28,"Enterobacteriaceae (family)",0.146303684581084,1,"C11"
"control","Control","C11",28,"Lachnospiraceae (family)",0.000328561370570289,1,"C11"
"control","Control","C11",28,"[Coprobacillaceae] (family)",0.146256747242431,1,"C11"
"control","Control","C11",28,"[Eubacterium] (genus)",9.38746773057968e-05,1,"C11"
"control","Control","C11",28,"Staphylococcus (genus)",9.38746773057968e-05,1,"C11"
"control","Control","C11",28,"Lactococcus (genus)",0,1,"C11"
"control","Control","C11",28,"Akkermansia (genus)",0.000140812015958695,1,"C11"
"control","Control","C11",28,"[Ruminococcus] (genus)",0.282515841351795,1,"C11"
"control","Control","C11",28,"Bifidobacterium (genus)",0,1,"C11"
"control","Control","C11",28,"Actinomyces (genus)",0.00971602910114996,1,"C11"
"control","Control","C11",28,"Bacteroides (genus)",0,1,"C11"
"control","Control","C11",28,"Ruminococcus (genus)",0,1,"C11"
"control","Control","C11",28,"Peptostreptococcaceae (family)",0.0975827270593757,1,"C11"
"control","Control","C11",28,"Veillonella (genus)",0.00891809434405069,1,"C11"
"control","Control","C11",28,"Clostridiaceae (family)",0.0211687397324572,1,"C11"
"control","Control","C11",28,"Others",0.0622389110537431,1,"C11"
"control","Control","C11",35,"Streptococcus (genus)",0.0698022208098105,1,"C11"
"control","Control","C11",35,"Listeriaceae (family)",0.00927206789546491,1,"C11"
"control","Control","C11",35,"Blautia (genus)",0.159531910120761,1,"C11"
"control","Control","C11",35,"Lactobacillus (genus)",0.000149549482184918,1,"C11"
"control","Control","C11",35,"Enterobacteriaceae (family)",0.0315923281115639,1,"C11"
"control","Control","C11",35,"Lachnospiraceae (family)",0.0140202639548361,1,"C11"
"control","Control","C11",35,"[Coprobacillaceae] (family)",0.221034134669309,1,"C11"
"control","Control","C11",35,"[Eubacterium] (genus)",0,1,"C11"
"control","Control","C11",35,"Staphylococcus (genus)",0,1,"C11"
"control","Control","C11",35,"Lactococcus (genus)",0,1,"C11"
"control","Control","C11",35,"Akkermansia (genus)",0,1,"C11"
"control","Control","C11",35,"[Ruminococcus] (genus)",0.185964781096945,1,"C11"
"control","Control","C11",35,"Bifidobacterium (genus)",0,1,"C11"
"control","Control","C11",35,"Actinomyces (genus)",0.0109544995700452,1,"C11"
"control","Control","C11",35,"Bacteroides (genus)",7.4774741092459e-05,1,"C11"
"control","Control","C11",35,"Ruminococcus (genus)",0.0503981754963173,1,"C11"
"control","Control","C11",35,"Peptostreptococcaceae (family)",0.0802332971922085,1,"C11"
"control","Control","C11",35,"Veillonella (genus)",0,1,"C11"
"control","Control","C11",35,"Clostridiaceae (family)",0.00654278984559016,1,"C11"
"control","Control","C11",35,"Others",0.160429207013871,1,"C11"
"control","Control","C11",68,"Streptococcus (genus)",0.0013482728160305,1,"C11"
"control","Control","C11",68,"Listeriaceae (family)",0.974894230322191,1,"C11"
"control","Control","C11",68,"Blautia (genus)",0.000278952996420103,1,"C11"
"control","Control","C11",68,"Lactobacillus (genus)",0.0128783300013948,1,"C11"
"control","Control","C11",68,"Enterobacteriaceae (family)",0,1,"C11"
"control","Control","C11",68,"Lachnospiraceae (family)",0,1,"C11"
"control","Control","C11",68,"[Coprobacillaceae] (family)",9.29843321400344e-05,1,"C11"
"control","Control","C11",68,"[Eubacterium] (genus)",0,1,"C11"
"control","Control","C11",68,"Staphylococcus (genus)",0.0097168627086336,1,"C11"
"control","Control","C11",68,"Lactococcus (genus)",0,1,"C11"
"control","Control","C11",68,"Akkermansia (genus)",0,1,"C11"
"control","Control","C11",68,"[Ruminococcus] (genus)",0,1,"C11"
"control","Control","C11",68,"Bifidobacterium (genus)",0.000139476498210052,1,"C11"
"control","Control","C11",68,"Actinomyces (genus)",0.000278952996420103,1,"C11"
"control","Control","C11",68,"Bacteroides (genus)",0,1,"C11"
"control","Control","C11",68,"Ruminococcus (genus)",9.29843321400344e-05,1,"C11"
"control","Control","C11",68,"Peptostreptococcaceae (family)",0,1,"C11"
"control","Control","C11",68,"Veillonella (genus)",0,1,"C11"
"control","Control","C11",68,"Clostridiaceae (family)",0,1,"C11"
"control","Control","C11",68,"Others",0.000278952996420334,1,"C11"
"control","Control","C2",10,"Streptococcus (genus)",0.389471476510067,1,"C2"
"control","Control","C2",10,"Listeriaceae (family)",0.000157298657718121,1,"C2"
"control","Control","C2",10,"Blautia (genus)",0,1,"C2"
"control","Control","C2",10,"Lactobacillus (genus)",0.015572567114094,1,"C2"
"control","Control","C2",10,"Enterobacteriaceae (family)",0.000314597315436242,1,"C2"
"control","Control","C2",10,"Lachnospiraceae (family)",0.000157298657718121,1,"C2"
"control","Control","C2",10,"[Coprobacillaceae] (family)",0.548605285234899,1,"C2"
"control","Control","C2",10,"[Eubacterium] (genus)",0,1,"C2"
"control","Control","C2",10,"Staphylococcus (genus)",0,1,"C2"
"control","Control","C2",10,"Lactococcus (genus)",0,1,"C2"
"control","Control","C2",10,"Akkermansia (genus)",0,1,"C2"
"control","Control","C2",10,"[Ruminococcus] (genus)",0,1,"C2"
"control","Control","C2",10,"Bifidobacterium (genus)",0.000629194630872483,1,"C2"
"control","Control","C2",10,"Actinomyces (genus)",0.0167785234899329,1,"C2"
"control","Control","C2",10,"Bacteroides (genus)",0.0126363255033557,1,"C2"
"control","Control","C2",10,"Ruminococcus (genus)",0,1,"C2"
"control","Control","C2",10,"Peptostreptococcaceae (family)",0.000157298657718121,1,"C2"
"control","Control","C2",10,"Veillonella (genus)",0.000629194630872483,1,"C2"
"control","Control","C2",10,"Clostridiaceae (family)",0.000104865771812081,1,"C2"
"control","Control","C2",10,"Others",0.0147860738255032,1,"C2"
"control","Control","C2",13,"Streptococcus (genus)",0.0634261182661681,1,"C2"
"control","Control","C2",13,"Listeriaceae (family)",0.00027696994876056,1,"C2"
"control","Control","C2",13,"Blautia (genus)",0.00027696994876056,1,"C2"
"control","Control","C2",13,"Lactobacillus (genus)",0.0303282093892813,1,"C2"
"control","Control","C2",13,"Enterobacteriaceae (family)",0.00346212435950699,1,"C2"
"control","Control","C2",13,"Lachnospiraceae (family)",0.0311591192355629,1,"C2"
"control","Control","C2",13,"[Coprobacillaceae] (family)",0.0909846281678438,1,"C2"
"control","Control","C2",13,"[Eubacterium] (genus)",0.000553939897521119,1,"C2"
"control","Control","C2",13,"Staphylococcus (genus)",0,1,"C2"
"control","Control","C2",13,"Lactococcus (genus)",0.000969394820661958,1,"C2"
"control","Control","C2",13,"Akkermansia (genus)",0,1,"C2"
"control","Control","C2",13,"[Ruminococcus] (genus)",0.00166181969256336,1,"C2"
"control","Control","C2",13,"Bifidobacterium (genus)",0.000969394820661958,1,"C2"
"control","Control","C2",13,"Actinomyces (genus)",0.134468910123252,1,"C2"
"control","Control","C2",13,"Bacteroides (genus)",0,1,"C2"
"control","Control","C2",13,"Ruminococcus (genus)",0.00166181969256336,1,"C2"
"control","Control","C2",13,"Peptostreptococcaceae (family)",0.00304666943636615,1,"C2"
"control","Control","C2",13,"Veillonella (genus)",0.00124636476942252,1,"C2"
"control","Control","C2",13,"Clostridiaceae (family)",0.0786594654479989,1,"C2"
"control","Control","C2",13,"Others",0.556848081983105,1,"C2"
"control","Control","C2",14,"Streptococcus (genus)",0.0841253791708797,1,"C2"
"control","Control","C2",14,"Listeriaceae (family)",0.0070778564206269,1,"C2"
"control","Control","C2",14,"Blautia (genus)",0.00647118301314459,1,"C2"
"control","Control","C2",14,"Lactobacillus (genus)",0.0329625884732053,1,"C2"
"control","Control","C2",14,"Enterobacteriaceae (family)",0.00202224469160768,1,"C2"
"control","Control","C2",14,"Lachnospiraceae (family)",0.0695652173913043,1,"C2"
"control","Control","C2",14,"[Coprobacillaceae] (family)",0.0295247724974722,1,"C2"
"control","Control","C2",14,"[Eubacterium] (genus)",0.0032355915065723,1,"C2"
"control","Control","C2",14,"Staphylococcus (genus)",0.000202224469160768,1,"C2"
"control","Control","C2",14,"Lactococcus (genus)",0.0115267947421638,1,"C2"
"control","Control","C2",14,"Akkermansia (genus)",0.00161779575328615,1,"C2"
"control","Control","C2",14,"[Ruminococcus] (genus)",0.00182002022244692,1,"C2"
"control","Control","C2",14,"Bifidobacterium (genus)",0.000808897876643074,1,"C2"
"control","Control","C2",14,"Actinomyces (genus)",0.0402426693629929,1,"C2"
"control","Control","C2",14,"Bacteroides (genus)",0.00161779575328615,1,"C2"
"control","Control","C2",14,"Ruminococcus (genus)",0.000808897876643074,1,"C2"
"control","Control","C2",14,"Peptostreptococcaceae (family)",0.00424671385237614,1,"C2"
"control","Control","C2",14,"Veillonella (genus)",0.0236602628918099,1,"C2"
"control","Control","C2",14,"Clostridiaceae (family)",0.0786653185035389,1,"C2"
"control","Control","C2",14,"Others",0.599797775530839,1,"C2"
"control","Control","C2",16,"Streptococcus (genus)",0.0493358633776091,1,"C2"
"control","Control","C2",16,"Listeriaceae (family)",0.00521821631878558,1,"C2"
"control","Control","C2",16,"Blautia (genus)",0.00759013282732448,1,"C2"
"control","Control","C2",16,"Lactobacillus (genus)",0.0189753320683112,1,"C2"
"control","Control","C2",16,"Enterobacteriaceae (family)",0.00142314990512334,1,"C2"
"control","Control","C2",16,"Lachnospiraceae (family)",0.0147058823529412,1,"C2"
"control","Control","C2",16,"[Coprobacillaceae] (family)",0.0327324478178368,1,"C2"
"control","Control","C2",16,"[Eubacterium] (genus)",0.0142314990512334,1,"C2"
"control","Control","C2",16,"Staphylococcus (genus)",0,1,"C2"
"control","Control","C2",16,"Lactococcus (genus)",0.0759013282732448,1,"C2"
"control","Control","C2",16,"Akkermansia (genus)",0.00094876660341556,1,"C2"
"control","Control","C2",16,"[Ruminococcus] (genus)",0.0294117647058824,1,"C2"
"control","Control","C2",16,"Bifidobacterium (genus)",0.0023719165085389,1,"C2"
"control","Control","C2",16,"Actinomyces (genus)",0.0161290322580645,1,"C2"
"control","Control","C2",16,"Bacteroides (genus)",0,1,"C2"
"control","Control","C2",16,"Ruminococcus (genus)",0.00759013282732448,1,"C2"
"control","Control","C2",16,"Peptostreptococcaceae (family)",0.00332068311195446,1,"C2"
"control","Control","C2",16,"Veillonella (genus)",0.0502846299810247,1,"C2"
"control","Control","C2",16,"Clostridiaceae (family)",0.0403225806451613,1,"C2"
"control","Control","C2",16,"Others",0.629506641366224,1,"C2"
"control","Control","C2",20,"Streptococcus (genus)",0.062879850397382,1,"C2"
"control","Control","C2",20,"Listeriaceae (family)",0.0507246376811594,1,"C2"
"control","Control","C2",20,"Blautia (genus)",0.0752688172043011,1,"C2"
"control","Control","C2",20,"Lactobacillus (genus)",0.0121552127162225,1,"C2"
"control","Control","C2",20,"Enterobacteriaceae (family)",0.00771388499298738,1,"C2"
"control","Control","C2",20,"Lachnospiraceae (family)",0.0109864422627396,1,"C2"
"control","Control","C2",20,"[Coprobacillaceae] (family)",0.122954651706405,1,"C2"
"control","Control","C2",20,"[Eubacterium] (genus)",0.0640486208508649,1,"C2"
"control","Control","C2",20,"Staphylococcus (genus)",0.00864890135577373,1,"C2"
"control","Control","C2",20,"Lactococcus (genus)",0.00397381954184198,1,"C2"
"control","Control","C2",20,"Akkermansia (genus)",0.0126227208976157,1,"C2"
"control","Control","C2",20,"[Ruminococcus] (genus)",0.0172978027115475,1,"C2"
"control","Control","C2",20,"Bifidobacterium (genus)",0.0205703599812997,1,"C2"
"control","Control","C2",20,"Actinomyces (genus)",0.0133239831697055,1,"C2"
"control","Control","C2",20,"Bacteroides (genus)",0.0116877045348294,1,"C2"
"control","Control","C2",20,"Ruminococcus (genus)",0.00210378681626928,1,"C2"
"control","Control","C2",20,"Peptostreptococcaceae (family)",0.0121552127162225,1,"C2"
"control","Control","C2",20,"Veillonella (genus)",0.0834502103786816,1,"C2"
"control","Control","C2",20,"Clostridiaceae (family)",0.0172978027115475,1,"C2"
"control","Control","C2",20,"Others",0.390135577372604,1,"C2"
"control","Control","C2",29,"Streptococcus (genus)",0.0276243093922652,1,"C2"
"control","Control","C2",29,"Listeriaceae (family)",0,1,"C2"
"control","Control","C2",29,"Blautia (genus)",0,1,"C2"
"control","Control","C2",29,"Lactobacillus (genus)",0,1,"C2"
"control","Control","C2",29,"Enterobacteriaceae (family)",0.30939226519337,1,"C2"
"control","Control","C2",29,"Lachnospiraceae (family)",0,1,"C2"
"control","Control","C2",29,"[Coprobacillaceae] (family)",0,1,"C2"
"control","Control","C2",29,"[Eubacterium] (genus)",0,1,"C2"
"control","Control","C2",29,"Staphylococcus (genus)",0,1,"C2"
"control","Control","C2",29,"Lactococcus (genus)",0,1,"C2"
"control","Control","C2",29,"Akkermansia (genus)",0,1,"C2"
"control","Control","C2",29,"[Ruminococcus] (genus)",0,1,"C2"
"control","Control","C2",29,"Bifidobacterium (genus)",0,1,"C2"
"control","Control","C2",29,"Actinomyces (genus)",0,1,"C2"
"control","Control","C2",29,"Bacteroides (genus)",0,1,"C2"
"control","Control","C2",29,"Ruminococcus (genus)",0,1,"C2"
"control","Control","C2",29,"Peptostreptococcaceae (family)",0.159116022099448,1,"C2"
"control","Control","C2",29,"Veillonella (genus)",0,1,"C2"
"control","Control","C2",29,"Clostridiaceae (family)",0.483977900552486,1,"C2"
"control","Control","C2",29,"Others",0.0198895027624311,1,"C2"
"control","Control","C2",61,"Streptococcus (genus)",0.0141163184641446,1,"C2"
"control","Control","C2",61,"Listeriaceae (family)",0.0197628458498024,1,"C2"
"control","Control","C2",61,"Blautia (genus)",0.0920383963862225,1,"C2"
"control","Control","C2",61,"Lactobacillus (genus)",0.000564652738565782,1,"C2"
"control","Control","C2",61,"Enterobacteriaceae (family)",0.00677583286278938,1,"C2"
"control","Control","C2",61,"Lachnospiraceae (family)",0.0186335403726708,1,"C2"
"control","Control","C2",61,"[Coprobacillaceae] (family)",0.0158102766798419,1,"C2"
"control","Control","C2",61,"[Eubacterium] (genus)",0.0502540937323546,1,"C2"
"control","Control","C2",61,"Staphylococcus (genus)",0.583286278938453,1,"C2"
"control","Control","C2",61,"Lactococcus (genus)",0.0141163184641446,1,"C2"
"control","Control","C2",61,"Akkermansia (genus)",0.0553359683794466,1,"C2"
"control","Control","C2",61,"[Ruminococcus] (genus)",0.00338791643139469,1,"C2"
"control","Control","C2",61,"Bifidobacterium (genus)",0.00395256916996047,1,"C2"
"control","Control","C2",61,"Actinomyces (genus)",0.00112930547713156,1,"C2"
"control","Control","C2",61,"Bacteroides (genus)",0.0158102766798419,1,"C2"
"control","Control","C2",61,"Ruminococcus (genus)",0.0062111801242236,1,"C2"
"control","Control","C2",61,"Peptostreptococcaceae (family)",0.012987012987013,1,"C2"
"control","Control","C2",61,"Veillonella (genus)",0.00564652738565782,1,"C2"
"control","Control","C2",61,"Clostridiaceae (family)",0.00564652738565782,1,"C2"
"control","Control","C2",61,"Others",0.0745341614906831,1,"C2"
"control","Control","C3",14,"Streptococcus (genus)",0.0261267906362825,1,"C3"
"control","Control","C3",14,"Listeriaceae (family)",0.000116464148452968,1,"C3"
"control","Control","C3",14,"Blautia (genus)",0.000931713187623743,1,"C3"
"control","Control","C3",14,"Lactobacillus (genus)",0.142125082495438,1,"C3"
"control","Control","C3",14,"Enterobacteriaceae (family)",0.0543499359447184,1,"C3"
"control","Control","C3",14,"Lachnospiraceae (family)",0.0953064948173454,1,"C3"
"control","Control","C3",14,"[Coprobacillaceae] (family)",0.00737606273535463,1,"C3"
"control","Control","C3",14,"[Eubacterium] (genus)",0.000271749679723592,1,"C3"
"control","Control","C3",14,"Staphylococcus (genus)",0,1,"C3"
"control","Control","C3",14,"Lactococcus (genus)",0.00306688924259482,1,"C3"
"control","Control","C3",14,"Akkermansia (genus)",0,1,"C3"
"control","Control","C3",14,"[Ruminococcus] (genus)",0.00104817733607671,1,"C3"
"control","Control","C3",14,"Bifidobacterium (genus)",0.148142396832175,1,"C3"
"control","Control","C3",14,"Actinomyces (genus)",0.000310571062541248,1,"C3"
"control","Control","C3",14,"Bacteroides (genus)",0.328817112465546,1,"C3"
"control","Control","C3",14,"Ruminococcus (genus)",0,1,"C3"
"control","Control","C3",14,"Peptostreptococcaceae (family)",0.000155285531270624,1,"C3"
"control","Control","C3",14,"Veillonella (genus)",0,1,"C3"
"control","Control","C3",14,"Clostridiaceae (family)",0.000155285531270624,1,"C3"
"control","Control","C3",14,"Others",0.191699988353585,1,"C3"
"control","Control","C3",16,"Streptococcus (genus)",0.00566251415628539,1,"C3"
"control","Control","C3",16,"Listeriaceae (family)",0,1,"C3"
"control","Control","C3",16,"Blautia (genus)",0.0124575311438279,1,"C3"
"control","Control","C3",16,"Lactobacillus (genus)",0.0985277463193658,1,"C3"
"control","Control","C3",16,"Enterobacteriaceae (family)",0,1,"C3"
"control","Control","C3",16,"Lachnospiraceae (family)",0.0226500566251416,1,"C3"
"control","Control","C3",16,"[Coprobacillaceae] (family)",0.00339750849377123,1,"C3"
"control","Control","C3",16,"[Eubacterium] (genus)",0,1,"C3"
"control","Control","C3",16,"Staphylococcus (genus)",0,1,"C3"
"control","Control","C3",16,"Lactococcus (genus)",0,1,"C3"
"control","Control","C3",16,"Akkermansia (genus)",0,1,"C3"
"control","Control","C3",16,"[Ruminococcus] (genus)",0.0135900339750849,1,"C3"
"control","Control","C3",16,"Bifidobacterium (genus)",0.0101925254813137,1,"C3"
"control","Control","C3",16,"Actinomyces (genus)",0.00339750849377123,1,"C3"
"control","Control","C3",16,"Bacteroides (genus)",0,1,"C3"
"control","Control","C3",16,"Ruminococcus (genus)",0.00792751981879955,1,"C3"
"control","Control","C3",16,"Peptostreptococcaceae (family)",0.00339750849377123,1,"C3"
"control","Control","C3",16,"Veillonella (genus)",0.0158550396375991,1,"C3"
"control","Control","C3",16,"Clostridiaceae (family)",0.132502831257078,1,"C3"
"control","Control","C3",16,"Others",0.67044167610419,1,"C3"
"control","Control","C3",21,"Streptococcus (genus)",0.0302166476624857,1,"C3"
"control","Control","C3",21,"Listeriaceae (family)",0.0131128848346636,1,"C3"
"control","Control","C3",21,"Blautia (genus)",0.0205245153933865,1,"C3"
"control","Control","C3",21,"Lactobacillus (genus)",0.0267958950969213,1,"C3"
"control","Control","C3",21,"Enterobacteriaceae (family)",0,1,"C3"
"control","Control","C3",21,"Lachnospiraceae (family)",0.0222348916761688,1,"C3"
"control","Control","C3",21,"[Coprobacillaceae] (family)",0.00228050171037628,1,"C3"
"control","Control","C3",21,"[Eubacterium] (genus)",0.00228050171037628,1,"C3"
"control","Control","C3",21,"Staphylococcus (genus)",0.00456100342075257,1,"C3"
"control","Control","C3",21,"Lactococcus (genus)",0.0649942987457241,1,"C3"
"control","Control","C3",21,"Akkermansia (genus)",0.0171037628278221,1,"C3"
"control","Control","C3",21,"[Ruminococcus] (genus)",0.00741163055872292,1,"C3"
"control","Control","C3",21,"Bifidobacterium (genus)",0.0182440136830103,1,"C3"
"control","Control","C3",21,"Actinomyces (genus)",0.0450399087799316,1,"C3"
"control","Control","C3",21,"Bacteroides (genus)",0.0136830102622577,1,"C3"
"control","Control","C3",21,"Ruminococcus (genus)",0,1,"C3"
"control","Control","C3",21,"Peptostreptococcaceae (family)",0.0114025085518814,1,"C3"
"control","Control","C3",21,"Veillonella (genus)",0.217217787913341,1,"C3"
"control","Control","C3",21,"Clostridiaceae (family)",0.00342075256556442,1,"C3"
"control","Control","C3",21,"Others",0.479475484606613,1,"C3"
"control","Control","C3",38,"Streptococcus (genus)",0.201107011070111,1,"C3"
"control","Control","C3",38,"Listeriaceae (family)",0.0427610158454526,1,"C3"
"control","Control","C3",38,"Blautia (genus)",0.00162795745604515,1,"C3"
"control","Control","C3",38,"Lactobacillus (genus)",0.0467766442370306,1,"C3"
"control","Control","C3",38,"Enterobacteriaceae (family)",0.100282179292381,1,"C3"
"control","Control","C3",38,"Lachnospiraceae (family)",0.000217060994139353,1,"C3"
"control","Control","C3",38,"[Coprobacillaceae] (family)",0.00032559149120903,1,"C3"
"control","Control","C3",38,"[Eubacterium] (genus)",0.00065118298241806,1,"C3"
"control","Control","C3",38,"Staphylococcus (genus)",0,1,"C3"
"control","Control","C3",38,"Lactococcus (genus)",0.000434121988278706,1,"C3"
"control","Control","C3",38,"Akkermansia (genus)",0,1,"C3"
"control","Control","C3",38,"[Ruminococcus] (genus)",0.0440633818102887,1,"C3"
"control","Control","C3",38,"Bifidobacterium (genus)",0.00727154330366833,1,"C3"
"control","Control","C3",38,"Actinomyces (genus)",0.00358150640329933,1,"C3"
"control","Control","C3",38,"Bacteroides (genus)",0,1,"C3"
"control","Control","C3",38,"Ruminococcus (genus)",0.00108530497069677,1,"C3"
"control","Control","C3",38,"Peptostreptococcaceae (family)",0.509116561753853,1,"C3"
"control","Control","C3",38,"Veillonella (genus)",0.000217060994139353,1,"C3"
"control","Control","C3",38,"Clostridiaceae (family)",0.0358150640329933,1,"C3"
"control","Control","C3",38,"Others",0.00466681137399616,1,"C3"
"control","Control","C3",52,"Streptococcus (genus)",0.0369222096956032,1,"C3"
"control","Control","C3",52,"Listeriaceae (family)",0.00732807215332582,1,"C3"
"control","Control","C3",52,"Blautia (genus)",0.00084554678692221,1,"C3"
"control","Control","C3",52,"Lactobacillus (genus)",0.448421645997745,1,"C3"
"control","Control","C3",52,"Enterobacteriaceae (family)",0.00577790304396843,1,"C3"
"control","Control","C3",52,"Lachnospiraceae (family)",0.0903325817361894,1,"C3"
"control","Control","C3",52,"[Coprobacillaceae] (family)",0.0861753100338219,1,"C3"
"control","Control","C3",52,"[Eubacterium] (genus)",0.000140924464487035,1,"C3"
"control","Control","C3",52,"Staphylococcus (genus)",0,1,"C3"
"control","Control","C3",52,"Lactococcus (genus)",0.000352311161217587,1,"C3"
"control","Control","C3",52,"Akkermansia (genus)",0.000140924464487035,1,"C3"
"control","Control","C3",52,"[Ruminococcus] (genus)",0.0648957158962796,1,"C3"
"control","Control","C3",52,"Bifidobacterium (genus)",0.105411499436302,1,"C3"
"control","Control","C3",52,"Actinomyces (genus)",0.00197294250281849,1,"C3"
"control","Control","C3",52,"Bacteroides (genus)",0,1,"C3"
"control","Control","C3",52,"Ruminococcus (genus)",0.000352311161217587,1,"C3"
"control","Control","C3",52,"Peptostreptococcaceae (family)",0.0761696730552424,1,"C3"
"control","Control","C3",52,"Veillonella (genus)",0.0032412626832018,1,"C3"
"control","Control","C3",52,"Clostridiaceae (family)",0.060315670800451,1,"C3"
"control","Control","C3",52,"Others",0.0112034949267193,1,"C3"
"control","Control","C4",1,"Streptococcus (genus)",0.095071335927367,1,"C4"
"control","Control","C4",1,"Listeriaceae (family)",0.00324254215304799,1,"C4"
"control","Control","C4",1,"Blautia (genus)",0.00168612191958495,1,"C4"
"control","Control","C4",1,"Lactobacillus (genus)",0.823346303501945,1,"C4"
"control","Control","C4",1,"Enterobacteriaceae (family)",0.00142671854734112,1,"C4"
"control","Control","C4",1,"Lachnospiraceae (family)",0.000907911802853437,1,"C4"
"control","Control","C4",1,"[Coprobacillaceae] (family)",0.000259403372243839,1,"C4"
"control","Control","C4",1,"[Eubacterium] (genus)",0.000648508430609598,1,"C4"
"control","Control","C4",1,"Staphylococcus (genus)",0.00752269779507134,1,"C4"
"control","Control","C4",1,"Lactococcus (genus)",0,1,"C4"
"control","Control","C4",1,"Akkermansia (genus)",0,1,"C4"
"control","Control","C4",1,"[Ruminococcus] (genus)",0,1,"C4"
"control","Control","C4",1,"Bifidobacterium (genus)",0.000518806744487678,1,"C4"
"control","Control","C4",1,"Actinomyces (genus)",0.00583657587548638,1,"C4"
"control","Control","C4",1,"Bacteroides (genus)",0,1,"C4"
"control","Control","C4",1,"Ruminococcus (genus)",0,1,"C4"
"control","Control","C4",1,"Peptostreptococcaceae (family)",0.000389105058365759,1,"C4"
"control","Control","C4",1,"Veillonella (genus)",0.00428015564202335,1,"C4"
"control","Control","C4",1,"Clostridiaceae (family)",0,1,"C4"
"control","Control","C4",1,"Others",0.0548638132295721,1,"C4"
"control","Control","C4",4,"Streptococcus (genus)",0.0178018575851393,1,"C4"
"control","Control","C4",4,"Listeriaceae (family)",0.010061919504644,1,"C4"
"control","Control","C4",4,"Blautia (genus)",0.00696594427244582,1,"C4"
"control","Control","C4",4,"Lactobacillus (genus)",0.0394736842105263,1,"C4"
"control","Control","C4",4,"Enterobacteriaceae (family)",0.0441176470588235,1,"C4"
"control","Control","C4",4,"Lachnospiraceae (family)",0.0208978328173375,1,"C4"
"control","Control","C4",4,"[Coprobacillaceae] (family)",0.00773993808049536,1,"C4"
"control","Control","C4",4,"[Eubacterium] (genus)",0.0371517027863777,1,"C4"
"control","Control","C4",4,"Staphylococcus (genus)",0.191950464396285,1,"C4"
"control","Control","C4",4,"Lactococcus (genus)",0,1,"C4"
"control","Control","C4",4,"Akkermansia (genus)",0.00619195046439629,1,"C4"
"control","Control","C4",4,"[Ruminococcus] (genus)",0.0123839009287926,1,"C4"
"control","Control","C4",4,"Bifidobacterium (genus)",0.0185758513931889,1,"C4"
"control","Control","C4",4,"Actinomyces (genus)",0.00232198142414861,1,"C4"
"control","Control","C4",4,"Bacteroides (genus)",0.102941176470588,1,"C4"
"control","Control","C4",4,"Ruminococcus (genus)",0,1,"C4"
"control","Control","C4",4,"Peptostreptococcaceae (family)",0.00386996904024768,1,"C4"
"control","Control","C4",4,"Veillonella (genus)",0.11609907120743,1,"C4"
"control","Control","C4",4,"Clostridiaceae (family)",0.0998452012383901,1,"C4"
"control","Control","C4",4,"Others",0.261609907120743,1,"C4"
"control","Control","C4",11,"Streptococcus (genus)",0.00137712593816705,1,"C4"
"control","Control","C4",11,"Listeriaceae (family)",0,1,"C4"
"control","Control","C4",11,"Blautia (genus)",0.000413137781450114,1,"C4"
"control","Control","C4",11,"Lactobacillus (genus)",0.00213454520415892,1,"C4"
"control","Control","C4",11,"Enterobacteriaceae (family)",0.979411967224403,1,"C4"
"control","Control","C4",11,"Lachnospiraceae (family)",0.000550850375266818,1,"C4"
"control","Control","C4",11,"[Coprobacillaceae] (family)",0.000137712593816705,1,"C4"
"control","Control","C4",11,"[Eubacterium] (genus)",0.000137712593816705,1,"C4"
"control","Control","C4",11,"Staphylococcus (genus)",0.000275425187633409,1,"C4"
"control","Control","C4",11,"Lactococcus (genus)",0,1,"C4"
"control","Control","C4",11,"Akkermansia (genus)",0.000137712593816705,1,"C4"
"control","Control","C4",11,"[Ruminococcus] (genus)",0.000137712593816705,1,"C4"
"control","Control","C4",11,"Bifidobacterium (genus)",0.000550850375266818,1,"C4"
"control","Control","C4",11,"Actinomyces (genus)",0,1,"C4"
"control","Control","C4",11,"Bacteroides (genus)",0.00275425187633409,1,"C4"
"control","Control","C4",11,"Ruminococcus (genus)",0,1,"C4"
"control","Control","C4",11,"Peptostreptococcaceae (family)",0,1,"C4"
"control","Control","C4",11,"Veillonella (genus)",0.00681677339392687,1,"C4"
"control","Control","C4",11,"Clostridiaceae (family)",0,1,"C4"
"control","Control","C4",11,"Others",0.00516422226812652,1,"C4"
"control","Control","C4",13,"Streptococcus (genus)",0.00158132530120482,1,"C4"
"control","Control","C4",13,"Listeriaceae (family)",0.00105421686746988,1,"C4"
"control","Control","C4",13,"Blautia (genus)",0.000150602409638554,1,"C4"
"control","Control","C4",13,"Lactobacillus (genus)",0.244201807228916,1,"C4"
"control","Control","C4",13,"Enterobacteriaceae (family)",0.74796686746988,1,"C4"
"control","Control","C4",13,"Lachnospiraceae (family)",0.00052710843373494,1,"C4"
"control","Control","C4",13,"[Coprobacillaceae] (family)",0.000150602409638554,1,"C4"
"control","Control","C4",13,"[Eubacterium] (genus)",0,1,"C4"
"control","Control","C4",13,"Staphylococcus (genus)",0.00135542168674699,1,"C4"
"control","Control","C4",13,"Lactococcus (genus)",0,1,"C4"
"control","Control","C4",13,"Akkermansia (genus)",0,1,"C4"
"control","Control","C4",13,"[Ruminococcus] (genus)",0,1,"C4"
"control","Control","C4",13,"Bifidobacterium (genus)",0.000301204819277108,1,"C4"
"control","Control","C4",13,"Actinomyces (genus)",0,1,"C4"
"control","Control","C4",13,"Bacteroides (genus)",0,1,"C4"
"control","Control","C4",13,"Ruminococcus (genus)",0.000150602409638554,1,"C4"
"control","Control","C4",13,"Peptostreptococcaceae (family)",0.000376506024096386,1,"C4"
"control","Control","C4",13,"Veillonella (genus)",0.000978915662650602,1,"C4"
"control","Control","C4",13,"Clostridiaceae (family)",0.000225903614457831,1,"C4"
"control","Control","C4",13,"Others",0.000978915662650626,1,"C4"
"control","Control","C4",18,"Streptococcus (genus)",0.0100678997892765,1,"C4"
"control","Control","C4",18,"Listeriaceae (family)",0.00199016623741513,1,"C4"
"control","Control","C4",18,"Blautia (genus)",0.0645047998126902,1,"C4"
"control","Control","C4",18,"Lactobacillus (genus)",0.713884336221026,1,"C4"
"control","Control","C4",18,"Enterobacteriaceae (family)",0.00995083118707563,1,"C4"
"control","Control","C4",18,"Lachnospiraceae (family)",0.0079606649496605,1,"C4"
"control","Control","C4",18,"[Coprobacillaceae] (family)",0.0627487707796769,1,"C4"
"control","Control","C4",18,"[Eubacterium] (genus)",0.0174432217279326,1,"C4"
"control","Control","C4",18,"Staphylococcus (genus)",0.0125263404354952,1,"C4"
"control","Control","C4",18,"Lactococcus (genus)",0,1,"C4"
"control","Control","C4",18,"Akkermansia (genus)",0.000351205806602669,1,"C4"
"control","Control","C4",18,"[Ruminococcus] (genus)",0.0391009131350972,1,"C4"
"control","Control","C4",18,"Bifidobacterium (genus)",0.000702411613205338,1,"C4"
"control","Control","C4",18,"Actinomyces (genus)",0.000234137204401779,1,"C4"
"control","Control","C4",18,"Bacteroides (genus)",0.000702411613205338,1,"C4"
"control","Control","C4",18,"Ruminococcus (genus)",0.00140482322641068,1,"C4"
"control","Control","C4",18,"Peptostreptococcaceae (family)",0.00468274408803559,1,"C4"
"control","Control","C4",18,"Veillonella (genus)",0.0022243034418169,1,"C4"
"control","Control","C4",18,"Clostridiaceae (family)",0,1,"C4"
"control","Control","C4",18,"Others",0.0495200187309763,1,"C4"
"control","Control","C4",28,"Streptococcus (genus)",0.0337620082088775,2,"C4"
"control","Control","C4",28,"Listeriaceae (family)",0.00192131314323004,2,"C4"
"control","Control","C4",28,"Blautia (genus)",0.179995640348316,2,"C4"
"control","Control","C4",28,"Lactobacillus (genus)",0.0470772963072712,2,"C4"
"control","Control","C4",28,"Enterobacteriaceae (family)",0.0408051858789638,2,"C4"
"control","Control","C4",28,"Lachnospiraceae (family)",0.03869489250097,2,"C4"
"control","Control","C4",28,"[Coprobacillaceae] (family)",0.0590529217166677,2,"C4"
"control","Control","C4",28,"[Eubacterium] (genus)",0.0399214104099617,2,"C4"
"control","Control","C4",28,"Staphylococcus (genus)",0.000731177404529122,2,"C4"
"control","Control","C4",28,"Lactococcus (genus)",0.000116732828111768,2,"C4"
"control","Control","C4",28,"Akkermansia (genus)",0.000220547851512273,2,"C4"
"control","Control","C4",28,"[Ruminococcus] (genus)",0.198836537774887,2,"C4"
"control","Control","C4",28,"Bifidobacterium (genus)",0.0735388267938059,2,"C4"
"control","Control","C4",28,"Actinomyces (genus)",0.00305674951124659,2,"C4"
"control","Control","C4",28,"Bacteroides (genus)",0.0960339897612601,2,"C4"
"control","Control","C4",28,"Ruminococcus (genus)",0.00162309215762834,2,"C4"
"control","Control","C4",28,"Peptostreptococcaceae (family)",0.00148721891530487,2,"C4"
"control","Control","C4",28,"Veillonella (genus)",0.000304749874990685,2,"C4"
"control","Control","C4",28,"Clostridiaceae (family)",0.00150780341840286,2,"C4"
"control","Control","C4",28,"Others",0.181311905194062,2,"C4"
"control","Control","C4",40,"Streptococcus (genus)",0.00139396451041706,1,"C4"
"control","Control","C4",40,"Listeriaceae (family)",0.00463399012922428,1,"C4"
"control","Control","C4",40,"Blautia (genus)",0.119014429416419,1,"C4"
"control","Control","C4",40,"Lactobacillus (genus)",0.000301397731982067,1,"C4"
"control","Control","C4",40,"Enterobacteriaceae (family)",0.0208717929397581,1,"C4"
"control","Control","C4",40,"Lachnospiraceae (family)",0.0849564857024451,1,"C4"
"control","Control","C4",40,"[Coprobacillaceae] (family)",0.156350073465697,1,"C4"
"control","Control","C4",40,"[Eubacterium] (genus)",0.00143163922691482,1,"C4"
"control","Control","C4",40,"Staphylococcus (genus)",0.000150698865991033,1,"C4"
"control","Control","C4",40,"Lactococcus (genus)",7.53494329955167e-05,1,"C4"
"control","Control","C4",40,"Akkermansia (genus)",0.000188373582488792,1,"C4"
"control","Control","C4",40,"[Ruminococcus] (genus)",0.238631654296801,1,"C4"
"control","Control","C4",40,"Bifidobacterium (genus)",7.53494329955167e-05,1,"C4"
"control","Control","C4",40,"Actinomyces (genus)",0.00357909806728704,1,"C4"
"control","Control","C4",40,"Bacteroides (genus)",0.0690954300568888,1,"C4"
"control","Control","C4",40,"Ruminococcus (genus)",0.00983310100591493,1,"C4"
"control","Control","C4",40,"Peptostreptococcaceae (family)",0.000376747164977584,1,"C4"
"control","Control","C4",40,"Veillonella (genus)",0,1,"C4"
"control","Control","C4",40,"Clostridiaceae (family)",0.0296123271672381,1,"C4"
"control","Control","C4",40,"Others",0.259428097803564,1,"C4"
"control","Control","C4",41,"Streptococcus (genus)",0.00169869412888842,1,"C4"
"control","Control","C4",41,"Listeriaceae (family)",0.000477757723749867,1,"C4"
"control","Control","C4",41,"Blautia (genus)",0.102346321265527,1,"C4"
"control","Control","C4",41,"Lactobacillus (genus)",0.000265420957638815,1,"C4"
"control","Control","C4",41,"Enterobacteriaceae (family)",0.0329121987472131,1,"C4"
"control","Control","C4",41,"Lachnospiraceae (family)",0.104841278267332,1,"C4"
"control","Control","C4",41,"[Coprobacillaceae] (family)",0.0702303853912305,1,"C4"
"control","Control","C4",41,"[Eubacterium] (genus)",0.00180486251194394,1,"C4"
"control","Control","C4",41,"Staphylococcus (genus)",0,1,"C4"
"control","Control","C4",41,"Lactococcus (genus)",0.000265420957638815,1,"C4"
"control","Control","C4",41,"Akkermansia (genus)",0.000265420957638815,1,"C4"
"control","Control","C4",41,"[Ruminococcus] (genus)",0.211965176770358,1,"C4"
"control","Control","C4",41,"Bifidobacterium (genus)",0,1,"C4"
"control","Control","C4",41,"Actinomyces (genus)",0.00185794670347171,1,"C4"
"control","Control","C4",41,"Bacteroides (genus)",0.0856248009342818,1,"C4"
"control","Control","C4",41,"Ruminococcus (genus)",0.0044590720883321,1,"C4"
"control","Control","C4",41,"Peptostreptococcaceae (family)",0,1,"C4"
"control","Control","C4",41,"Veillonella (genus)",0,1,"C4"
"control","Control","C4",41,"Clostridiaceae (family)",0.0225607813992993,1,"C4"
"control","Control","C4",41,"Others",0.358424461195456,1,"C4"
"control","Control","C4",46,"Streptococcus (genus)",0.00334714695569015,1,"C4"
"control","Control","C4",46,"Listeriaceae (family)",0.517213898629264,1,"C4"
"control","Control","C4",46,"Blautia (genus)",0.00143449155243864,1,"C4"
"control","Control","C4",46,"Lactobacillus (genus)",0.0105196047178833,1,"C4"
"control","Control","C4",46,"Enterobacteriaceae (family)",0.422218680267772,1,"C4"
"control","Control","C4",46,"Lachnospiraceae (family)",0.00223143130379343,1,"C4"
"control","Control","C4",46,"[Coprobacillaceae] (family)",0.00541919030921262,1,"C4"
"control","Control","C4",46,"[Eubacterium] (genus)",0.000637551801083838,1,"C4"
"control","Control","C4",46,"Staphylococcus (genus)",0.00430347465731591,1,"C4"
"control","Control","C4",46,"Lactococcus (genus)",0,1,"C4"
"control","Control","C4",46,"Akkermansia (genus)",0.000637551801083838,1,"C4"
"control","Control","C4",46,"[Ruminococcus] (genus)",0.0082881734140899,1,"C4"
"control","Control","C4",46,"Bifidobacterium (genus)",0.000318775900541919,1,"C4"
"control","Control","C4",46,"Actinomyces (genus)",0.000637551801083838,1,"C4"
"control","Control","C4",46,"Bacteroides (genus)",0.00223143130379343,1,"C4"
"control","Control","C4",46,"Ruminococcus (genus)",0,1,"C4"
"control","Control","C4",46,"Peptostreptococcaceae (family)",0,1,"C4"
"control","Control","C4",46,"Veillonella (genus)",0.000318775900541919,1,"C4"
"control","Control","C4",46,"Clostridiaceae (family)",0.00956327701625757,1,"C4"
"control","Control","C4",46,"Others",0.010678992668154,1,"C4"
"control","Control","C4",53,"Streptococcus (genus)",0.0270829164165166,1,"C4"
"control","Control","C4",53,"Listeriaceae (family)",0.0713761590287506,1,"C4"
"control","Control","C4",53,"Blautia (genus)",0.00100060036021613,1,"C4"
"control","Control","C4",53,"Lactobacillus (genus)",0.0900540324194517,1,"C4"
"control","Control","C4",53,"Enterobacteriaceae (family)",0.729904609432326,1,"C4"
"control","Control","C4",53,"Lachnospiraceae (family)",0.00160096057634581,1,"C4"
"control","Control","C4",53,"[Coprobacillaceae] (family)",0.000867186978853979,1,"C4"
"control","Control","C4",53,"[Eubacterium] (genus)",0.000533653525448603,1,"C4"
"control","Control","C4",53,"Staphylococcus (genus)",0.0482956440530985,1,"C4"
"control","Control","C4",53,"Lactococcus (genus)",0,1,"C4"
"control","Control","C4",53,"Akkermansia (genus)",0.000133413381362151,1,"C4"
"control","Control","C4",53,"[Ruminococcus] (genus)",0.00393569475018344,1,"C4"
"control","Control","C4",53,"Bifidobacterium (genus)",0.000133413381362151,1,"C4"
"control","Control","C4",53,"Actinomyces (genus)",0.00113401374157828,1,"C4"
"control","Control","C4",53,"Bacteroides (genus)",0.00140084050430258,1,"C4"
"control","Control","C4",53,"Ruminococcus (genus)",0,1,"C4"
"control","Control","C4",53,"Peptostreptococcaceae (family)",0,1,"C4"
"control","Control","C4",53,"Veillonella (genus)",0.00140084050430258,1,"C4"
"control","Control","C4",53,"Clostridiaceae (family)",0.000933893669535054,1,"C4"
"control","Control","C4",53,"Others",0.0202121272763658,1,"C4"
"control","Control","C4",55,"Streptococcus (genus)",0.000722717417489762,1,"C4"
"control","Control","C4",55,"Listeriaceae (family)",0.0085923070746005,1,"C4"
"control","Control","C4",55,"Blautia (genus)",0.000562113546936481,1,"C4"
"control","Control","C4",55,"Lactobacillus (genus)",0.00843170320404722,1,"C4"
"control","Control","C4",55,"Enterobacteriaceae (family)",0.764795631574721,1,"C4"
"control","Control","C4",55,"Lachnospiraceae (family)",0.00521962579298161,1,"C4"
"control","Control","C4",55,"[Coprobacillaceae] (family)",0,1,"C4"
"control","Control","C4",55,"[Eubacterium] (genus)",0.00232875612302256,1,"C4"
"control","Control","C4",55,"Staphylococcus (genus)",0.00112422709387296,1,"C4"
"control","Control","C4",55,"Lactococcus (genus)",0,1,"C4"
"control","Control","C4",55,"Akkermansia (genus)",0.000401509676383201,1,"C4"
"control","Control","C4",55,"[Ruminococcus] (genus)",0.0012045290291496,1,"C4"
"control","Control","C4",55,"Bifidobacterium (genus)",0,1,"C4"
"control","Control","C4",55,"Actinomyces (genus)",0.00016060387055328,1,"C4"
"control","Control","C4",55,"Bacteroides (genus)",0.198907893680238,1,"C4"
"control","Control","C4",55,"Ruminococcus (genus)",0,1,"C4"
"control","Control","C4",55,"Peptostreptococcaceae (family)",0,1,"C4"
"control","Control","C4",55,"Veillonella (genus)",0.00104392515859632,1,"C4"
"control","Control","C4",55,"Clostridiaceae (family)",0.00016060387055328,1,"C4"
"control","Control","C4",55,"Others",0.00634385288685468,1,"C4"
"control","Control","C4",63,"Streptococcus (genus)",0.00819453950870789,1,"C4"
"control","Control","C4",63,"Listeriaceae (family)",0.00127386113012396,1,"C4"
"control","Control","C4",63,"Blautia (genus)",0.261426724465739,1,"C4"
"control","Control","C4",63,"Lactobacillus (genus)",0.227013461099703,1,"C4"
"control","Control","C4",63,"Enterobacteriaceae (family)",0.082268613582782,1,"C4"
"control","Control","C4",63,"Lachnospiraceae (family)",0.0039356605065024,1,"C4"
"control","Control","C4",63,"[Coprobacillaceae] (family)",0.043824625446802,1,"C4"
"control","Control","C4",63,"[Eubacterium] (genus)",0.00163510533120389,1,"C4"
"control","Control","C4",63,"Staphylococcus (genus)",0.020590919461556,1,"C4"
"control","Control","C4",63,"Lactococcus (genus)",3.80257053768347e-05,1,"C4"
"control","Control","C4",63,"Akkermansia (genus)",3.80257053768347e-05,1,"C4"
"control","Control","C4",63,"[Ruminococcus] (genus)",0.166001216822572,1,"C4"
"control","Control","C4",63,"Bifidobacterium (genus)",0.000228154232261008,1,"C4"
"control","Control","C4",63,"Actinomyces (genus)",0.00136892539356605,1,"C4"
"control","Control","C4",63,"Bacteroides (genus)",0.00319415925165412,1,"C4"
"control","Control","C4",63,"Ruminococcus (genus)",0.000665449844094608,1,"C4"
"control","Control","C4",63,"Peptostreptococcaceae (family)",0.000133089968818922,1,"C4"
"control","Control","C4",63,"Veillonella (genus)",0,1,"C4"
"control","Control","C4",63,"Clostridiaceae (family)",0.0206479580196213,1,"C4"
"control","Control","C4",63,"Others",0.157521484523538,1,"C4"
"control","Control","C4",68,"Streptococcus (genus)",0.0036691477094035,1,"C4"
"control","Control","C4",68,"Listeriaceae (family)",0.000314498375091729,1,"C4"
"control","Control","C4",68,"Blautia (genus)",0.233881958276549,1,"C4"
"control","Control","C4",68,"Lactobacillus (genus)",0.210609078519761,1,"C4"
"control","Control","C4",68,"Enterobacteriaceae (family)",0.0488520809309152,1,"C4"
"control","Control","C4",68,"Lachnospiraceae (family)",0.0126847677953664,1,"C4"
"control","Control","C4",68,"[Coprobacillaceae] (family)",0.0306111751755949,1,"C4"
"control","Control","C4",68,"[Eubacterium] (genus)",0.00136282629206416,1,"C4"
"control","Control","C4",68,"Staphylococcus (genus)",0.00230632141733934,1,"C4"
"control","Control","C4",68,"Lactococcus (genus)",0,1,"C4"
"control","Control","C4",68,"Akkermansia (genus)",0.000419331166788972,1,"C4"
"control","Control","C4",68,"[Ruminococcus] (genus)",0.0968654995282524,1,"C4"
"control","Control","C4",68,"Bifidobacterium (genus)",0.0334416605514205,1,"C4"
"control","Control","C4",68,"Actinomyces (genus)",0.000314498375091729,1,"C4"
"control","Control","C4",68,"Bacteroides (genus)",0.00995911521123807,1,"C4"
"control","Control","C4",68,"Ruminococcus (genus)",0.00555613795995387,1,"C4"
"control","Control","C4",68,"Peptostreptococcaceae (family)",0,1,"C4"
"control","Control","C4",68,"Veillonella (genus)",0.00408847887619247,1,"C4"
"control","Control","C4",68,"Clostridiaceae (family)",0.0159345843379809,1,"C4"
"control","Control","C4",68,"Others",0.289128839500996,1,"C4"
"control","Control","C4",76,"Streptococcus (genus)",0.0569565386158086,1,"C4"
"control","Control","C4",76,"Listeriaceae (family)",0.000232898158810667,1,"C4"
"control","Control","C4",76,"Blautia (genus)",0.0168592389405722,1,"C4"
"control","Control","C4",76,"Lactobacillus (genus)",0.134589258219364,1,"C4"
"control","Control","C4",76,"Enterobacteriaceae (family)",0.0935603659088851,1,"C4"
"control","Control","C4",76,"Lachnospiraceae (family)",0.00173379740447941,1,"C4"
"control","Control","C4",76,"[Coprobacillaceae] (family)",0.041287668042491,1,"C4"
"control","Control","C4",76,"[Eubacterium] (genus)",0.000414041171218963,1,"C4"
"control","Control","C4",76,"Staphylococcus (genus)",0.0332785591367242,1,"C4"
"control","Control","C4",76,"Lactococcus (genus)",3.88163598017778e-05,1,"C4"
"control","Control","C4",76,"Akkermansia (genus)",0.000103510292804741,1,"C4"
"control","Control","C4",76,"[Ruminococcus] (genus)",0.244504250391398,1,"C4"
"control","Control","C4",76,"Bifidobacterium (genus)",0.0148537270174803,1,"C4"
"control","Control","C4",76,"Actinomyces (genus)",0.0500601653576928,1,"C4"
"control","Control","C4",76,"Bacteroides (genus)",0.00333820694295289,1,"C4"
"control","Control","C4",76,"Ruminococcus (genus)",0.000414041171218963,1,"C4"
"control","Control","C4",76,"Peptostreptococcaceae (family)",2.58775732011852e-05,1,"C4"
"control","Control","C4",76,"Veillonella (genus)",0.00106098050124859,1,"C4"
"control","Control","C4",76,"Clostridiaceae (family)",0.0342877844915704,1,"C4"
"control","Control","C4",76,"Others",0.272400274302276,1,"C4"
"control","Control","C4",81,"Streptococcus (genus)",0.00488123774242754,1,"C4"
"control","Control","C4",81,"Listeriaceae (family)",0.000217912399215515,1,"C4"
"control","Control","C4",81,"Blautia (genus)",0.174722161691,1,"C4"
"control","Control","C4",81,"Lactobacillus (genus)",0.120854216604925,1,"C4"
"control","Control","C4",81,"Enterobacteriaceae (family)",0.361691000217912,1,"C4"
"control","Control","C4",81,"Lachnospiraceae (family)",0.00636304205709305,1,"C4"
"control","Control","C4",81,"[Coprobacillaceae] (family)",0.0699934626280235,1,"C4"
"control","Control","C4",81,"[Eubacterium] (genus)",0.00549139246023099,1,"C4"
"control","Control","C4",81,"Staphylococcus (genus)",0.000392242318587928,1,"C4"
"control","Control","C4",81,"Lactococcus (genus)",0,1,"C4"
"control","Control","C4",81,"Akkermansia (genus)",0.000174329919372412,1,"C4"
"control","Control","C4",81,"[Ruminococcus] (genus)",0.0770102418827631,1,"C4"
"control","Control","C4",81,"Bifidobacterium (genus)",0.0180867291348878,1,"C4"
"control","Control","C4",81,"Actinomyces (genus)",0.00292002614948791,1,"C4"
"control","Control","C4",81,"Bacteroides (genus)",0.00209195903246895,1,"C4"
"control","Control","C4",81,"Ruminococcus (genus)",0.00161255175419481,1,"C4"
"control","Control","C4",81,"Peptostreptococcaceae (family)",0,1,"C4"
"control","Control","C4",81,"Veillonella (genus)",0.00414033558509479,1,"C4"
"control","Control","C4",81,"Clostridiaceae (family)",0.0604924820222271,1,"C4"
"control","Control","C4",81,"Others",0.0888646764000871,1,"C4"
"control","Control","C5",6,"Streptococcus (genus)",0.000442412623506857,1,"C5"
"control","Control","C5",6,"Listeriaceae (family)",0,1,"C5"
"control","Control","C5",6,"Blautia (genus)",0.00383424273705943,1,"C5"
"control","Control","C5",6,"Lactobacillus (genus)",0.00117976699601829,1,"C5"
"control","Control","C5",6,"Enterobacteriaceae (family)",0.000294941749004572,1,"C5"
"control","Control","C5",6,"Lachnospiraceae (family)",0.00176965049402743,1,"C5"
"control","Control","C5",6,"[Coprobacillaceae] (family)",0.000294941749004572,1,"C5"
"control","Control","C5",6,"[Eubacterium] (genus)",0.00176965049402743,1,"C5"
"control","Control","C5",6,"Staphylococcus (genus)",0.947647839551689,1,"C5"
"control","Control","C5",6,"Lactococcus (genus)",0,1,"C5"
"control","Control","C5",6,"Akkermansia (genus)",0.000294941749004572,1,"C5"
"control","Control","C5",6,"[Ruminococcus] (genus)",0,1,"C5"
"control","Control","C5",6,"Bifidobacterium (genus)",0.000442412623506857,1,"C5"
"control","Control","C5",6,"Actinomyces (genus)",0.00988054859165315,1,"C5"
"control","Control","C5",6,"Bacteroides (genus)",0.000294941749004572,1,"C5"
"control","Control","C5",6,"Ruminococcus (genus)",0,1,"C5"
"control","Control","C5",6,"Peptostreptococcaceae (family)",0.000294941749004572,1,"C5"
"control","Control","C5",6,"Veillonella (genus)",0.023742810794868,1,"C5"
"control","Control","C5",6,"Clostridiaceae (family)",0,1,"C5"
"control","Control","C5",6,"Others",0.0078159563486212,1,"C5"
"control","Control","C5",10,"Streptococcus (genus)",0.0059724746819008,1,"C5"
"control","Control","C5",10,"Listeriaceae (family)",0,1,"C5"
"control","Control","C5",10,"Blautia (genus)",0.00372197697567731,1,"C5"
"control","Control","C5",10,"Lactobacillus (genus)",0.0110793733229464,1,"C5"
"control","Control","C5",10,"Enterobacteriaceae (family)",0.000346230416342076,1,"C5"
"control","Control","C5",10,"Lachnospiraceae (family)",0.00121180645719726,1,"C5"
"control","Control","C5",10,"[Coprobacillaceae] (family)",0.00103869124902623,1,"C5"
"control","Control","C5",10,"[Eubacterium] (genus)",0.000432788020427595,1,"C5"
"control","Control","C5",10,"Staphylococcus (genus)",0.941919847658617,1,"C5"
"control","Control","C5",10,"Lactococcus (genus)",0.000346230416342076,1,"C5"
"control","Control","C5",10,"Akkermansia (genus)",0.000692460832684151,1,"C5"
"control","Control","C5",10,"[Ruminococcus] (genus)",0.000865576040855189,1,"C5"
"control","Control","C5",10,"Bifidobacterium (genus)",0,1,"C5"
"control","Control","C5",10,"Actinomyces (genus)",0.00216394010213797,1,"C5"
"control","Control","C5",10,"Bacteroides (genus)",0.000173115208171038,1,"C5"
"control","Control","C5",10,"Ruminococcus (genus)",0,1,"C5"
"control","Control","C5",10,"Peptostreptococcaceae (family)",0.000173115208171038,1,"C5"
"control","Control","C5",10,"Veillonella (genus)",0.00268328572665109,1,"C5"
"control","Control","C5",10,"Clostridiaceae (family)",0,1,"C5"
"control","Control","C5",10,"Others",0.0271790876828528,1,"C5"
"control","Control","C5",11,"Streptococcus (genus)",0.000476758045292014,1,"C5"
"control","Control","C5",11,"Listeriaceae (family)",0,1,"C5"
"control","Control","C5",11,"Blautia (genus)",0.00143027413587604,1,"C5"
"control","Control","C5",11,"Lactobacillus (genus)",0.00190703218116806,1,"C5"
"control","Control","C5",11,"Enterobacteriaceae (family)",0,1,"C5"
"control","Control","C5",11,"Lachnospiraceae (family)",0.00166865315852205,1,"C5"
"control","Control","C5",11,"[Coprobacillaceae] (family)",0,1,"C5"
"control","Control","C5",11,"[Eubacterium] (genus)",0.00166865315852205,1,"C5"
"control","Control","C5",11,"Staphylococcus (genus)",0.970282081843464,1,"C5"
"control","Control","C5",11,"Lactococcus (genus)",0,1,"C5"
"control","Control","C5",11,"Akkermansia (genus)",0.000715137067938021,1,"C5"
"control","Control","C5",11,"[Ruminococcus] (genus)",0,1,"C5"
"control","Control","C5",11,"Bifidobacterium (genus)",0,1,"C5"
"control","Control","C5",11,"Actinomyces (genus)",0.000317838696861343,1,"C5"
"control","Control","C5",11,"Bacteroides (genus)",0.000158919348430671,1,"C5"
"control","Control","C5",11,"Ruminococcus (genus)",0,1,"C5"
"control","Control","C5",11,"Peptostreptococcaceae (family)",0,1,"C5"
"control","Control","C5",11,"Veillonella (genus)",0.00723083035359555,1,"C5"
"control","Control","C5",11,"Clostridiaceae (family)",0,1,"C5"
"control","Control","C5",11,"Others",0.0141438220103298,1,"C5"
"control","Control","C5",17,"Streptococcus (genus)",0.0559379118465368,1,"C5"
"control","Control","C5",17,"Listeriaceae (family)",0,1,"C5"
"control","Control","C5",17,"Blautia (genus)",0.00161077756626153,1,"C5"
"control","Control","C5",17,"Lactobacillus (genus)",0.0114218772880363,1,"C5"
"control","Control","C5",17,"Enterobacteriaceae (family)",0,1,"C5"
"control","Control","C5",17,"Lachnospiraceae (family)",0.000439302972616781,1,"C5"
"control","Control","C5",17,"[Coprobacillaceae] (family)",0,1,"C5"
"control","Control","C5",17,"[Eubacterium] (genus)",0.000292868648411188,1,"C5"
"control","Control","C5",17,"Staphylococcus (genus)",0.599941426270318,1,"C5"
"control","Control","C5",17,"Lactococcus (genus)",0.0445160345585005,1,"C5"
"control","Control","C5",17,"Akkermansia (genus)",0,1,"C5"
"control","Control","C5",17,"[Ruminococcus] (genus)",0,1,"C5"
"control","Control","C5",17,"Bifidobacterium (genus)",0,1,"C5"
"control","Control","C5",17,"Actinomyces (genus)",0.148337970420267,1,"C5"
"control","Control","C5",17,"Bacteroides (genus)",0.000585737296822375,1,"C5"
"control","Control","C5",17,"Ruminococcus (genus)",0,1,"C5"
"control","Control","C5",17,"Peptostreptococcaceae (family)",0.000439302972616781,1,"C5"
"control","Control","C5",17,"Veillonella (genus)",0.0553521745497145,1,"C5"
"control","Control","C5",17,"Clostridiaceae (family)",0.0123004832332699,1,"C5"
"control","Control","C5",17,"Others",0.068824132376629,1,"C5"
"control","Control","C5",18,"Streptococcus (genus)",0.26365357783536,1,"C5"
"control","Control","C5",18,"Listeriaceae (family)",0,1,"C5"
"control","Control","C5",18,"Blautia (genus)",0.00169423958540961,1,"C5"
"control","Control","C5",18,"Lactobacillus (genus)",0.0261361371337453,1,"C5"
"control","Control","C5",18,"Enterobacteriaceae (family)",0.000348814032290213,1,"C5"
"control","Control","C5",18,"Lachnospiraceae (family)",0.000448475184373131,1,"C5"
"control","Control","C5",18,"[Coprobacillaceae] (family)",0.000921865656766992,1,"C5"
"control","Control","C5",18,"[Eubacterium] (genus)",0.000423559896352402,1,"C5"
"control","Control","C5",18,"Staphylococcus (genus)",0.269982060992625,1,"C5"
"control","Control","C5",18,"Lactococcus (genus)",0.222418776161052,1,"C5"
"control","Control","C5",18,"Akkermansia (genus)",0.000672712776559697,1,"C5"
"control","Control","C5",18,"[Ruminococcus] (genus)",0.000373729320310943,1,"C5"
"control","Control","C5",18,"Bifidobacterium (genus)",0.000348814032290213,1,"C5"
"control","Control","C5",18,"Actinomyces (genus)",0.0725782340043851,1,"C5"
"control","Control","C5",18,"Bacteroides (genus)",0.000622882200518238,1,"C5"
"control","Control","C5",18,"Ruminococcus (genus)",0.000124576440103648,1,"C5"
"control","Control","C5",18,"Peptostreptococcaceae (family)",0.000323898744269484,1,"C5"
"control","Control","C5",18,"Veillonella (genus)",0.0324646202910106,1,"C5"
"control","Control","C5",18,"Clostridiaceae (family)",0.000672712776559697,1,"C5"
"control","Control","C5",18,"Others",0.105790312936017,1,"C5"
"control","Control","C5",19,"Streptococcus (genus)",0.214679921307822,1,"C5"
"control","Control","C5",19,"Listeriaceae (family)",0,1,"C5"
"control","Control","C5",19,"Blautia (genus)",0.00060934208464632,1,"C5"
"control","Control","C5",19,"Lactobacillus (genus)",0.0181932136701544,1,"C5"
"control","Control","C5",19,"Enterobacteriaceae (family)",0.000208917286164453,1,"C5"
"control","Control","C5",19,"Lachnospiraceae (family)",0.000313375929246679,1,"C5"
"control","Control","C5",19,"[Coprobacillaceae] (family)",0.000191507512317415,1,"C5"
"control","Control","C5",19,"[Eubacterium] (genus)",0.000104458643082226,1,"C5"
"control","Control","C5",19,"Staphylococcus (genus)",0.336687616427863,1,"C5"
"control","Control","C5",19,"Lactococcus (genus)",0.182506659238496,1,"C5"
"control","Control","C5",19,"Akkermansia (genus)",0.000191507512317415,1,"C5"
"control","Control","C5",19,"[Ruminococcus] (genus)",8.70488692351886e-05,1,"C5"
"control","Control","C5",19,"Bifidobacterium (genus)",0.000104458643082226,1,"C5"
"control","Control","C5",19,"Actinomyces (genus)",0.10743571441007,1,"C5"
"control","Control","C5",19,"Bacteroides (genus)",0.000313375929246679,1,"C5"
"control","Control","C5",19,"Ruminococcus (genus)",0,1,"C5"
"control","Control","C5",19,"Peptostreptococcaceae (family)",0.00160169919392747,1,"C5"
"control","Control","C5",19,"Veillonella (genus)",0.0679851668726823,1,"C5"
"control","Control","C5",19,"Clostridiaceae (family)",0.00130573303852783,1,"C5"
"control","Control","C5",19,"Others",0.0674802834311182,1,"C5"
"control","Control","C5",38,"Streptococcus (genus)",0.129440912490651,1,"C5"
"control","Control","C5",38,"Listeriaceae (family)",0.0208489154824233,1,"C5"
"control","Control","C5",38,"Blautia (genus)",0.0594147344801795,1,"C5"
"control","Control","C5",38,"Lactobacillus (genus)",0.00635751682872102,1,"C5"
"control","Control","C5",38,"Enterobacteriaceae (family)",0.000467464472700075,1,"C5"
"control","Control","C5",38,"Lachnospiraceae (family)",0.019072550486163,1,"C5"
"control","Control","C5",38,"[Coprobacillaceae] (family)",0.0413238593866866,1,"C5"
"control","Control","C5",38,"[Eubacterium] (genus)",9.3492894540015e-05,1,"C5"
"control","Control","C5",38,"Staphylococcus (genus)",0,1,"C5"
"control","Control","C5",38,"Lactococcus (genus)",0,1,"C5"
"control","Control","C5",38,"Akkermansia (genus)",0.000467464472700075,1,"C5"
"control","Control","C5",38,"[Ruminococcus] (genus)",0.0150056095736724,1,"C5"
"control","Control","C5",38,"Bifidobacterium (genus)",0.331572550486163,1,"C5"
"control","Control","C5",38,"Actinomyces (genus)",0.00537584143605086,1,"C5"
"control","Control","C5",38,"Bacteroides (genus)",9.3492894540015e-05,1,"C5"
"control","Control","C5",38,"Ruminococcus (genus)",0.00135564697083022,1,"C5"
"control","Control","C5",38,"Peptostreptococcaceae (family)",0.0599756918474196,1,"C5"
"control","Control","C5",38,"Veillonella (genus)",0,1,"C5"
"control","Control","C5",38,"Clostridiaceae (family)",0.0173896783844428,1,"C5"
"control","Control","C5",38,"Others",0.291744577412117,1,"C5"
"control","Control","C5",76,"Streptococcus (genus)",0.0253429197899138,1,"C5"
"control","Control","C5",76,"Listeriaceae (family)",0.00412013665799806,1,"C5"
"control","Control","C5",76,"Blautia (genus)",0.046025189944419,1,"C5"
"control","Control","C5",76,"Lactobacillus (genus)",3.05950741930549e-05,1,"C5"
"control","Control","C5",76,"Enterobacteriaceae (family)",0.000581306409668043,1,"C5"
"control","Control","C5",76,"Lachnospiraceae (family)",0.00442608739992861,1,"C5"
"control","Control","C5",76,"[Coprobacillaceae] (family)",0.0875631023405232,1,"C5"
"control","Control","C5",76,"[Eubacterium] (genus)",0.0993014124725919,1,"C5"
"control","Control","C5",76,"Staphylococcus (genus)",0,1,"C5"
"control","Control","C5",76,"Lactococcus (genus)",0,1,"C5"
"control","Control","C5",76,"Akkermansia (genus)",0.209392687777268,1,"C5"
"control","Control","C5",76,"[Ruminococcus] (genus)",0.143817245423487,1,"C5"
"control","Control","C5",76,"Bifidobacterium (genus)",0.31427260211106,1,"C5"
"control","Control","C5",76,"Actinomyces (genus)",9.17852225791648e-05,1,"C5"
"control","Control","C5",76,"Bacteroides (genus)",0.000693488348375911,1,"C5"
"control","Control","C5",76,"Ruminococcus (genus)",0.00196828310641987,1,"C5"
"control","Control","C5",76,"Peptostreptococcaceae (family)",0.00876038957727806,1,"C5"
"control","Control","C5",76,"Veillonella (genus)",0.00223344041609301,1,"C5"
"control","Control","C5",76,"Clostridiaceae (family)",0.00585385752893784,1,"C5"
"control","Control","C5",76,"Others",0.0455254703992658,1,"C5"
"control","Control","C6",0,"Streptococcus (genus)",0.0872617093801288,1,"C6"
"control","Control","C6",0,"Listeriaceae (family)",0,1,"C6"
"control","Control","C6",0,"Blautia (genus)",0.000277742709253882,1,"C6"
"control","Control","C6",0,"Lactobacillus (genus)",0,1,"C6"
"control","Control","C6",0,"Enterobacteriaceae (family)",0.289281656356521,1,"C6"
"control","Control","C6",0,"Lachnospiraceae (family)",0.0276227749021588,1,"C6"
"control","Control","C6",0,"[Coprobacillaceae] (family)",0,1,"C6"
"control","Control","C6",0,"[Eubacterium] (genus)",0,1,"C6"
"control","Control","C6",0,"Staphylococcus (genus)",0,1,"C6"
"control","Control","C6",0,"Lactococcus (genus)",0,1,"C6"
"control","Control","C6",0,"Akkermansia (genus)",5.04986744097967e-05,1,"C6"
"control","Control","C6",0,"[Ruminococcus] (genus)",0.00358540588309557,1,"C6"
"control","Control","C6",0,"Bifidobacterium (genus)",0.00015149602322939,1,"C6"
"control","Control","C6",0,"Actinomyces (genus)",0.319000126246686,1,"C6"
"control","Control","C6",0,"Bacteroides (genus)",0,1,"C6"
"control","Control","C6",0,"Ruminococcus (genus)",0,1,"C6"
"control","Control","C6",0,"Peptostreptococcaceae (family)",5.04986744097967e-05,1,"C6"
"control","Control","C6",0,"Veillonella (genus)",0.113394773387199,1,"C6"
"control","Control","C6",0,"Clostridiaceae (family)",0.0114631990910239,1,"C6"
"control","Control","C6",0,"Others",0.147860118671885,1,"C6"
"control","Control","C6",1,"Streptococcus (genus)",0.154699520570855,1,"C6"
"control","Control","C6",1,"Listeriaceae (family)",0.0110658936336269,1,"C6"
"control","Control","C6",1,"Blautia (genus)",0.000278737874902442,1,"C6"
"control","Control","C6",1,"Lactobacillus (genus)",0.00209053406176831,1,"C6"
"control","Control","C6",1,"Enterobacteriaceae (family)",0.693862191994648,1,"C6"
"control","Control","C6",1,"Lachnospiraceae (family)",0.0489184970453785,1,"C6"
"control","Control","C6",1,"[Coprobacillaceae] (family)",0.00864087412197569,1,"C6"
"control","Control","C6",1,"[Eubacterium] (genus)",0.000111495149960977,1,"C6"
"control","Control","C6",1,"Staphylococcus (genus)",0,1,"C6"
"control","Control","C6",1,"Lactococcus (genus)",0.00186754376184636,1,"C6"
"control","Control","C6",1,"Akkermansia (genus)",8.36213624707325e-05,1,"C6"
"control","Control","C6",1,"[Ruminococcus] (genus)",0.000139368937451221,1,"C6"
"control","Control","C6",1,"Bifidobacterium (genus)",5.57475749804884e-05,1,"C6"
"control","Control","C6",1,"Actinomyces (genus)",0.00897535957185862,1,"C6"
"control","Control","C6",1,"Bacteroides (genus)",0,1,"C6"
"control","Control","C6",1,"Ruminococcus (genus)",0.000780466049726837,1,"C6"
"control","Control","C6",1,"Peptostreptococcaceae (family)",0,1,"C6"
"control","Control","C6",1,"Veillonella (genus)",0.0190099230683465,1,"C6"
"control","Control","C6",1,"Clostridiaceae (family)",0.0035957185862415,1,"C6"
"control","Control","C6",1,"Others",0.0458245066339613,1,"C6"
"control","Control","C6",2,"Streptococcus (genus)",0.0600756364372601,2,"C6"
"control","Control","C6",2,"Listeriaceae (family)",0.000325878390794463,2,"C6"
"control","Control","C6",2,"Blautia (genus)",8.54723693006352e-05,2,"C6"
"control","Control","C6",2,"Lactobacillus (genus)",0.000657036732921937,2,"C6"
"control","Control","C6",2,"Enterobacteriaceae (family)",0.0918807644694875,2,"C6"
"control","Control","C6",2,"Lachnospiraceae (family)",0.000112197467542875,2,"C6"
"control","Control","C6",2,"[Coprobacillaceae] (family)",0.000870769025896239,2,"C6"
"control","Control","C6",2,"[Eubacterium] (genus)",4.80846289469466e-05,2,"C6"
"control","Control","C6",2,"Staphylococcus (genus)",6.41128385959288e-05,2,"C6"
"control","Control","C6",2,"Lactococcus (genus)",0.000395305427205212,2,"C6"
"control","Control","C6",2,"Akkermansia (genus)",0,2,"C6"
"control","Control","C6",2,"[Ruminococcus] (genus)",0,2,"C6"
"control","Control","C6",2,"Bifidobacterium (genus)",3.20564192979644e-05,2,"C6"
"control","Control","C6",2,"Actinomyces (genus)",0.00808793852694871,2,"C6"
"control","Control","C6",2,"Bacteroides (genus)",0,2,"C6"
"control","Control","C6",2,"Ruminococcus (genus)",0,2,"C6"
"control","Control","C6",2,"Peptostreptococcaceae (family)",0,2,"C6"
"control","Control","C6",2,"Veillonella (genus)",0.0393701921310677,2,"C6"
"control","Control","C6",2,"Clostridiaceae (family)",0.000251085786846181,2,"C6"
"control","Control","C6",2,"Others",0.797743469347888,2,"C6"
"control","Control","C6",3,"Streptococcus (genus)",0.0607885849682372,2,"C6"
"control","Control","C6",3,"Listeriaceae (family)",0.00292471120726678,2,"C6"
"control","Control","C6",3,"Blautia (genus)",0.000326639021675176,2,"C6"
"control","Control","C6",3,"Lactobacillus (genus)",0.00177622901953375,2,"C6"
"control","Control","C6",3,"Enterobacteriaceae (family)",0.423423104604169,2,"C6"
"control","Control","C6",3,"Lachnospiraceae (family)",3.16475726311792e-05,2,"C6"
"control","Control","C6",3,"[Coprobacillaceae] (family)",0.000645676067351341,2,"C6"
"control","Control","C6",3,"[Eubacterium] (genus)",3.16475726311792e-05,2,"C6"
"control","Control","C6",3,"Staphylococcus (genus)",0.000627992778083052,2,"C6"
"control","Control","C6",3,"Lactococcus (genus)",3.92495486301908e-05,2,"C6"
"control","Control","C6",3,"Akkermansia (genus)",0,2,"C6"
"control","Control","C6",3,"[Ruminococcus] (genus)",0,2,"C6"
"control","Control","C6",3,"Bifidobacterium (genus)",8.67209075769595e-05,2,"C6"
"control","Control","C6",3,"Actinomyces (genus)",0.0191457777822871,2,"C6"
"control","Control","C6",3,"Bacteroides (genus)",0,2,"C6"
"control","Control","C6",3,"Ruminococcus (genus)",0.000137373420205668,2,"C6"
"control","Control","C6",3,"Peptostreptococcaceae (family)",0,2,"C6"
"control","Control","C6",3,"Veillonella (genus)",0.0470597107042694,2,"C6"
"control","Control","C6",3,"Clostridiaceae (family)",0.000149396218521751,2,"C6"
"control","Control","C6",3,"Others",0.442805538606931,2,"C6"
"control","Control","C6",4,"Streptococcus (genus)",0.0186092605847052,1,"C6"
"control","Control","C6",4,"Listeriaceae (family)",0.000275284919892088,1,"C6"
"control","Control","C6",4,"Blautia (genus)",0.000440455871827341,1,"C6"
"control","Control","C6",4,"Lactobacillus (genus)",0.00173429499532016,1,"C6"
"control","Control","C6",4,"Enterobacteriaceae (family)",0.24739855750702,1,"C6"
"control","Control","C6",4,"Lachnospiraceae (family)",0.000165170951935253,1,"C6"
"control","Control","C6",4,"[Coprobacillaceae] (family)",0.000880911743654683,1,"C6"
"control","Control","C6",4,"[Eubacterium] (genus)",0.000110113967956835,1,"C6"
"control","Control","C6",4,"Staphylococcus (genus)",0,1,"C6"
"control","Control","C6",4,"Lactococcus (genus)",0,1,"C6"
"control","Control","C6",4,"Akkermansia (genus)",5.50569839784177e-05,1,"C6"
"control","Control","C6",4,"[Ruminococcus] (genus)",0,1,"C6"
"control","Control","C6",4,"Bifidobacterium (genus)",0,1,"C6"
"control","Control","C6",4,"Actinomyces (genus)",0.0129934482189066,1,"C6"
"control","Control","C6",4,"Bacteroides (genus)",0,1,"C6"
"control","Control","C6",4,"Ruminococcus (genus)",0.000110113967956835,1,"C6"
"control","Control","C6",4,"Peptostreptococcaceae (family)",0.000110113967956835,1,"C6"
"control","Control","C6",4,"Veillonella (genus)",0.0186918460606728,1,"C6"
"control","Control","C6",4,"Clostridiaceae (family)",0.000110113967956835,1,"C6"
"control","Control","C6",4,"Others",0.69831525629026,1,"C6"
"control","Control","C6",5,"Streptococcus (genus)",0.0351477363643888,1,"C6"
"control","Control","C6",5,"Listeriaceae (family)",0.00264849504786603,1,"C6"
"control","Control","C6",5,"Blautia (genus)",0.000137942450409689,1,"C6"
"control","Control","C6",5,"Lactobacillus (genus)",0.296162441029602,1,"C6"
"control","Control","C6",5,"Enterobacteriaceae (family)",0.582117140728888,1,"C6"
"control","Control","C6",5,"Lachnospiraceae (family)",8.27654702458135e-05,1,"C6"
"control","Control","C6",5,"[Coprobacillaceae] (family)",0,1,"C6"
"control","Control","C6",5,"[Eubacterium] (genus)",0,1,"C6"
"control","Control","C6",5,"Staphylococcus (genus)",0.000496592821474881,1,"C6"
"control","Control","C6",5,"Lactococcus (genus)",0,1,"C6"
"control","Control","C6",5,"Akkermansia (genus)",0,1,"C6"
"control","Control","C6",5,"[Ruminococcus] (genus)",0,1,"C6"
"control","Control","C6",5,"Bifidobacterium (genus)",5.51769801638756e-05,1,"C6"
"control","Control","C6",5,"Actinomyces (genus)",0.00662123761966508,1,"C6"
"control","Control","C6",5,"Bacteroides (genus)",0,1,"C6"
"control","Control","C6",5,"Ruminococcus (genus)",0,1,"C6"
"control","Control","C6",5,"Peptostreptococcaceae (family)",0,1,"C6"
"control","Control","C6",5,"Veillonella (genus)",0.0488868044251938,1,"C6"
"control","Control","C6",5,"Clostridiaceae (family)",0.000165530940491627,1,"C6"
"control","Control","C6",5,"Others",0.0274781361216102,1,"C6"
"control","Control","C6",6,"Streptococcus (genus)",0.120669207962728,1,"C6"
"control","Control","C6",6,"Listeriaceae (family)",0.0125158831003812,1,"C6"
"control","Control","C6",6,"Blautia (genus)",0.00262600592969081,1,"C6"
"control","Control","C6",6,"Lactobacillus (genus)",0.09858110969928,1,"C6"
"control","Control","C6",6,"Enterobacteriaceae (family)",0.429034307496823,1,"C6"
"control","Control","C6",6,"Lachnospiraceae (family)",0.00442609063955951,1,"C6"
"control","Control","C6",6,"[Coprobacillaceae] (family)",0.00127064803049555,1,"C6"
"control","Control","C6",6,"[Eubacterium] (genus)",0.00830156713257094,1,"C6"
"control","Control","C6",6,"Staphylococcus (genus)",0.00518847945785684,1,"C6"
"control","Control","C6",6,"Lactococcus (genus)",0.000105887335874629,1,"C6"
"control","Control","C6",6,"Akkermansia (genus)",0.0162431173231681,1,"C6"
"control","Control","C6",6,"[Ruminococcus] (genus)",0.0013130029648454,1,"C6"
"control","Control","C6",6,"Bifidobacterium (genus)",0.00277424819991529,1,"C6"
"control","Control","C6",6,"Actinomyces (genus)",0.0049131723845828,1,"C6"
"control","Control","C6",6,"Bacteroides (genus)",0.04570097416349,1,"C6"
"control","Control","C6",6,"Ruminococcus (genus)",0.000275307073274036,1,"C6"
"control","Control","C6",6,"Peptostreptococcaceae (family)",0.00036001694197374,1,"C6"
"control","Control","C6",6,"Veillonella (genus)",0.156162642947903,1,"C6"
"control","Control","C6",6,"Clostridiaceae (family)",0.000889453621346887,1,"C6"
"control","Control","C6",6,"Others",0.0886488775942398,1,"C6"
"control","Control","C6",13,"Streptococcus (genus)",0.943233986737594,1,"C6"
"control","Control","C6",13,"Listeriaceae (family)",0.00269620345405524,1,"C6"
"control","Control","C6",13,"Blautia (genus)",0.0110034249070903,1,"C6"
"control","Control","C6",13,"Lactobacillus (genus)",0.00123879618159295,1,"C6"
"control","Control","C6",13,"Enterobacteriaceae (family)",0.000874444363477374,1,"C6"
"control","Control","C6",13,"Lachnospiraceae (family)",0.00247759236318589,1,"C6"
"control","Control","C6",13,"[Coprobacillaceae] (family)",0.00211324054507032,1,"C6"
"control","Control","C6",13,"[Eubacterium] (genus)",0.00218611090869343,1,"C6"
"control","Control","C6",13,"Staphylococcus (genus)",0.000874444363477374,1,"C6"
"control","Control","C6",13,"Lactococcus (genus)",0.000255046272680901,1,"C6"
"control","Control","C6",13,"Akkermansia (genus)",0.00160314799970852,1,"C6"
"control","Control","C6",13,"[Ruminococcus] (genus)",0.0015302776360854,1,"C6"
"control","Control","C6",13,"Bifidobacterium (genus)",0.000874444363477374,1,"C6"
"control","Control","C6",13,"Actinomyces (genus)",7.28703636231145e-05,1,"C6"
"control","Control","C6",13,"Bacteroides (genus)",0.00429935145376375,1,"C6"
"control","Control","C6",13,"Ruminococcus (genus)",0.00123879618159295,1,"C6"
"control","Control","C6",13,"Peptostreptococcaceae (family)",0.000838009181665817,1,"C6"
"control","Control","C6",13,"Veillonella (genus)",0.000364351818115572,1,"C6"
"control","Control","C6",13,"Clostridiaceae (family)",0.00185819427238942,1,"C6"
"control","Control","C6",13,"Others",0.0203672666326605,1,"C6"
"control","Control","C6",28,"Streptococcus (genus)",0.981384055038446,1,"C6"
"control","Control","C6",28,"Listeriaceae (family)",0.000910562525293403,1,"C6"
"control","Control","C6",28,"Blautia (genus)",0.00106232294617564,1,"C6"
"control","Control","C6",28,"Lactobacillus (genus)",0.000505868069607446,1,"C6"
"control","Control","C6",28,"Enterobacteriaceae (family)",0.000202347227842979,1,"C6"
"control","Control","C6",28,"Lachnospiraceae (family)",0.000354107648725212,1,"C6"
"control","Control","C6",28,"[Coprobacillaceae] (family)",0.000252934034803723,1,"C6"
"control","Control","C6",28,"[Eubacterium] (genus)",0,1,"C6"
"control","Control","C6",28,"Staphylococcus (genus)",5.05868069607446e-05,1,"C6"
"control","Control","C6",28,"Lactococcus (genus)",0.00101173613921489,1,"C6"
"control","Control","C6",28,"Akkermansia (genus)",0,1,"C6"
"control","Control","C6",28,"[Ruminococcus] (genus)",0.000252934034803723,1,"C6"
"control","Control","C6",28,"Bifidobacterium (genus)",0,1,"C6"
"control","Control","C6",28,"Actinomyces (genus)",0,1,"C6"
"control","Control","C6",28,"Bacteroides (genus)",0,1,"C6"
"control","Control","C6",28,"Ruminococcus (genus)",0.000202347227842979,1,"C6"
"control","Control","C6",28,"Peptostreptococcaceae (family)",0.000354107648725212,1,"C6"
"control","Control","C6",28,"Veillonella (genus)",0,1,"C6"
"control","Control","C6",28,"Clostridiaceae (family)",0.00075880210441117,1,"C6"
"control","Control","C6",28,"Others",0.0126972885471469,1,"C6"
"control","Control","C6",30,"Streptococcus (genus)",0.987467522543176,1,"C6"
"control","Control","C6",30,"Listeriaceae (family)",0.00133730704569769,1,"C6"
"control","Control","C6",30,"Blautia (genus)",0.000305670181873758,1,"C6"
"control","Control","C6",30,"Lactobacillus (genus)",0,1,"C6"
"control","Control","C6",30,"Enterobacteriaceae (family)",0.000534922818279077,1,"C6"
"control","Control","C6",30,"Lachnospiraceae (family)",0.000305670181873758,1,"C6"
"control","Control","C6",30,"[Coprobacillaceae] (family)",7.64175454684396e-05,1,"C6"
"control","Control","C6",30,"[Eubacterium] (genus)",7.64175454684396e-05,1,"C6"
"control","Control","C6",30,"Staphylococcus (genus)",7.64175454684396e-05,1,"C6"
"control","Control","C6",30,"Lactococcus (genus)",0.000917010545621275,1,"C6"
"control","Control","C6",30,"Akkermansia (genus)",0,1,"C6"
"control","Control","C6",30,"[Ruminococcus] (genus)",7.64175454684396e-05,1,"C6"
"control","Control","C6",30,"Bifidobacterium (genus)",7.64175454684396e-05,1,"C6"
"control","Control","C6",30,"Actinomyces (genus)",0,1,"C6"
"control","Control","C6",30,"Bacteroides (genus)",7.64175454684396e-05,1,"C6"
"control","Control","C6",30,"Ruminococcus (genus)",0,1,"C6"
"control","Control","C6",30,"Peptostreptococcaceae (family)",0.000305670181873758,1,"C6"
"control","Control","C6",30,"Veillonella (genus)",7.64175454684396e-05,1,"C6"
"control","Control","C6",30,"Clostridiaceae (family)",0.000191043863671099,1,"C6"
"control","Control","C6",30,"Others",0.0081002598196549,1,"C6"
"control","Control","C6",31,"Streptococcus (genus)",0.631640559674452,1,"C6"
"control","Control","C6",31,"Listeriaceae (family)",0.000836167010424215,1,"C6"
"control","Control","C6",31,"Blautia (genus)",0.00451530185629076,1,"C6"
"control","Control","C6",31,"Lactobacillus (genus)",0.111265956853782,1,"C6"
"control","Control","C6",31,"Enterobacteriaceae (family)",0.000278722336808072,1,"C6"
"control","Control","C6",31,"Lachnospiraceae (family)",0.00334466804169686,1,"C6"
"control","Control","C6",31,"[Coprobacillaceae] (family)",0.000668933608339372,1,"C6"
"control","Control","C6",31,"[Eubacterium] (genus)",0.000668933608339372,1,"C6"
"control","Control","C6",31,"Staphylococcus (genus)",0,1,"C6"
"control","Control","C6",31,"Lactococcus (genus)",0.232064217626401,1,"C6"
"control","Control","C6",31,"Akkermansia (genus)",0.00105914487987067,1,"C6"
"control","Control","C6",31,"[Ruminococcus] (genus)",0.0015608450861252,1,"C6"
"control","Control","C6",31,"Bifidobacterium (genus)",0,1,"C6"
"control","Control","C6",31,"Actinomyces (genus)",0.000111488934723229,1,"C6"
"control","Control","C6",31,"Bacteroides (genus)",0.000557444673616144,1,"C6"
"control","Control","C6",31,"Ruminococcus (genus)",0.000390211271531301,1,"C6"
"control","Control","C6",31,"Peptostreptococcaceae (family)",0.000334466804169686,1,"C6"
"control","Control","C6",31,"Veillonella (genus)",0.000334466804169686,1,"C6"
"control","Control","C6",31,"Clostridiaceae (family)",0.000780422543062601,1,"C6"
"control","Control","C6",31,"Others",0.00958804838619742,1,"C6"
"control","Control","C6",34,"Streptococcus (genus)",0.468700802159082,1,"C6"
"control","Control","C6",34,"Listeriaceae (family)",0.00082464952395232,1,"C6"
"control","Control","C6",34,"Blautia (genus)",0.00119949021665792,1,"C6"
"control","Control","C6",34,"Lactobacillus (genus)",0.120398830497039,1,"C6"
"control","Control","C6",34,"Enterobacteriaceae (family)",0.0185171302196566,1,"C6"
"control","Control","C6",34,"Lachnospiraceae (family)",0.00082464952395232,1,"C6"
"control","Control","C6",34,"[Coprobacillaceae] (family)",0.00108703800884624,1,"C6"
"control","Control","C6",34,"[Eubacterium] (genus)",0.0001874203463528,1,"C6"
"control","Control","C6",34,"Staphylococcus (genus)",0.00044980883124672,1,"C6"
"control","Control","C6",34,"Lactococcus (genus)",0.250730939350776,1,"C6"
"control","Control","C6",34,"Akkermansia (genus)",0.0001874203463528,1,"C6"
"control","Control","C6",34,"[Ruminococcus] (genus)",0.00033735662343504,1,"C6"
"control","Control","C6",34,"Bifidobacterium (genus)",0.00048729290051728,1,"C6"
"control","Control","C6",34,"Actinomyces (genus)",0.00082464952395232,1,"C6"
"control","Control","C6",34,"Bacteroides (genus)",0.00026238848489392,1,"C6"
"control","Control","C6",34,"Ruminococcus (genus)",0.00014993627708224,1,"C6"
"control","Control","C6",34,"Peptostreptococcaceae (family)",0.00172426718644576,1,"C6"
"control","Control","C6",34,"Veillonella (genus)",0.00622235549891296,1,"C6"
"control","Control","C6",34,"Clostridiaceae (family)",0.00457305645100832,1,"C6"
"control","Control","C6",34,"Others",0.122310518029837,1,"C6"
"control","Control","C6",35,"Streptococcus (genus)",0.924058610367103,1,"C6"
"control","Control","C6",35,"Listeriaceae (family)",0.00181187962817079,1,"C6"
"control","Control","C6",35,"Blautia (genus)",0.00252087600441153,1,"C6"
"control","Control","C6",35,"Lactobacillus (genus)",0.0096502284543879,1,"C6"
"control","Control","C6",35,"Enterobacteriaceae (family)",0.000827162438947534,1,"C6"
"control","Control","C6",35,"Lachnospiraceae (family)",0.00200882306601544,1,"C6"
"control","Control","C6",35,"[Coprobacillaceae] (family)",0.00133921537734363,1,"C6"
"control","Control","C6",35,"[Eubacterium] (genus)",0.000393886875689302,1,"C6"
"control","Control","C6",35,"Staphylococcus (genus)",0.000157554750275721,1,"C6"
"control","Control","C6",35,"Lactococcus (genus)",0.0177642980935875,1,"C6"
"control","Control","C6",35,"Akkermansia (genus)",0.000275720812982511,1,"C6"
"control","Control","C6",35,"[Ruminococcus] (genus)",0.00157554750275721,1,"C6"
"control","Control","C6",35,"Bifidobacterium (genus)",0.000669607688671813,1,"C6"
"control","Control","C6",35,"Actinomyces (genus)",0,1,"C6"
"control","Control","C6",35,"Bacteroides (genus)",0.000512052938396093,1,"C6"
"control","Control","C6",35,"Ruminococcus (genus)",0.000157554750275721,1,"C6"
"control","Control","C6",35,"Peptostreptococcaceae (family)",0.00122104931463684,1,"C6"
"control","Control","C6",35,"Veillonella (genus)",7.87773751378604e-05,1,"C6"
"control","Control","C6",35,"Clostridiaceae (family)",0.00397825744446195,1,"C6"
"control","Control","C6",35,"Others",0.0309988971167482,1,"C6"
"control","Control","C6",40,"Streptococcus (genus)",0.709517431126235,1,"C6"
"control","Control","C6",40,"Listeriaceae (family)",3.62017159613366e-05,1,"C6"
"control","Control","C6",40,"Blautia (genus)",0.00249791840133222,1,"C6"
"control","Control","C6",40,"Lactobacillus (genus)",0.0190059008797017,1,"C6"
"control","Control","C6",40,"Enterobacteriaceae (family)",0.00181008579806683,1,"C6"
"control","Control","C6",40,"Lachnospiraceae (family)",0.00358396988017232,1,"C6"
"control","Control","C6",40,"[Coprobacillaceae] (family)",0.00133946349056945,1,"C6"
"control","Control","C6",40,"[Eubacterium] (genus)",0.000434420591536039,1,"C6"
"control","Control","C6",40,"Staphylococcus (genus)",0.164428193896391,1,"C6"
"control","Control","C6",40,"Lactococcus (genus)",0.0151323172718387,1,"C6"
"control","Control","C6",40,"Akkermansia (genus)",0.000398218875574702,1,"C6"
"control","Control","C6",40,"[Ruminococcus] (genus)",0.00474242479093509,1,"C6"
"control","Control","C6",40,"Bifidobacterium (genus)",0.000181008579806683,1,"C6"
"control","Control","C6",40,"Actinomyces (genus)",0.000181008579806683,1,"C6"
"control","Control","C6",40,"Bacteroides (genus)",0.000217210295768019,1,"C6"
"control","Control","C6",40,"Ruminococcus (genus)",0.000506824023458712,1,"C6"
"control","Control","C6",40,"Peptostreptococcaceae (family)",0.00503203851862578,1,"C6"
"control","Control","C6",40,"Veillonella (genus)",0.00434420591536039,1,"C6"
"control","Control","C6",40,"Clostridiaceae (family)",0.00803678094341672,1,"C6"
"control","Control","C6",40,"Others",0.0585743764254427,1,"C6"
"control","Control","C6",45,"Streptococcus (genus)",0.0421737558742017,1,"C6"
"control","Control","C6",45,"Listeriaceae (family)",0.774310157850343,1,"C6"
"control","Control","C6",45,"Blautia (genus)",0.00060248222677431,1,"C6"
"control","Control","C6",45,"Lactobacillus (genus)",0.0122605133148572,1,"C6"
"control","Control","C6",45,"Enterobacteriaceae (family)",0.000542234004096879,1,"C6"
"control","Control","C6",45,"Lachnospiraceae (family)",0.000331365224725871,1,"C6"
"control","Control","C6",45,"[Coprobacillaceae] (family)",6.0248222677431e-05,1,"C6"
"control","Control","C6",45,"[Eubacterium] (genus)",0,1,"C6"
"control","Control","C6",45,"Staphylococcus (genus)",0.157790095192192,1,"C6"
"control","Control","C6",45,"Lactococcus (genus)",0.000481985781419448,1,"C6"
"control","Control","C6",45,"Akkermansia (genus)",0,1,"C6"
"control","Control","C6",45,"[Ruminococcus] (genus)",0.000120496445354862,1,"C6"
"control","Control","C6",45,"Bifidobacterium (genus)",0,1,"C6"
"control","Control","C6",45,"Actinomyces (genus)",0,1,"C6"
"control","Control","C6",45,"Bacteroides (genus)",0,1,"C6"
"control","Control","C6",45,"Ruminococcus (genus)",0.000150620556693578,1,"C6"
"control","Control","C6",45,"Peptostreptococcaceae (family)",0,1,"C6"
"control","Control","C6",45,"Veillonella (genus)",0.00801301361609832,1,"C6"
"control","Control","C6",45,"Clostridiaceae (family)",0.000150620556693578,1,"C6"
"control","Control","C6",45,"Others",0.00301241113387163,1,"C6"
"control","Control","C6",46,"Streptococcus (genus)",0.0238393977415307,1,"C6"
"control","Control","C6",46,"Listeriaceae (family)",0.748808030112924,1,"C6"
"control","Control","C6",46,"Blautia (genus)",0.000752823086574655,1,"C6"
"control","Control","C6",46,"Lactobacillus (genus)",0.0064930991217064,1,"C6"
"control","Control","C6",46,"Enterobacteriaceae (family)",0.00100376411543287,1,"C6"
"control","Control","C6",46,"Lachnospiraceae (family)",0.000658720200752823,1,"C6"
"control","Control","C6",46,"[Coprobacillaceae] (family)",0.000156838143036386,1,"C6"
"control","Control","C6",46,"[Eubacterium] (genus)",0,1,"C6"
"control","Control","C6",46,"Staphylococcus (genus)",0.112013801756587,1,"C6"
"control","Control","C6",46,"Lactococcus (genus)",0.000846925972396487,1,"C6"
"control","Control","C6",46,"Akkermansia (genus)",6.27352572145546e-05,1,"C6"
"control","Control","C6",46,"[Ruminococcus] (genus)",0.000188205771643664,1,"C6"
"control","Control","C6",46,"Bifidobacterium (genus)",0,1,"C6"
"control","Control","C6",46,"Actinomyces (genus)",6.27352572145546e-05,1,"C6"
"control","Control","C6",46,"Bacteroides (genus)",0,1,"C6"
"control","Control","C6",46,"Ruminococcus (genus)",6.27352572145546e-05,1,"C6"
"control","Control","C6",46,"Peptostreptococcaceae (family)",0,1,"C6"
"control","Control","C6",46,"Veillonella (genus)",0.0902446675031368,1,"C6"
"control","Control","C6",46,"Clostridiaceae (family)",0.000219573400250941,1,"C6"
"control","Control","C6",46,"Others",0.0145859473023838,1,"C6"
"control","Control","C6",48,"Streptococcus (genus)",0.212899748472871,1,"C6"
"control","Control","C6",48,"Listeriaceae (family)",0.474068750748593,1,"C6"
"control","Control","C6",48,"Blautia (genus)",0.000119774823332136,1,"C6"
"control","Control","C6",48,"Lactobacillus (genus)",0.00568930410827644,1,"C6"
"control","Control","C6",48,"Enterobacteriaceae (family)",0.000299437058330339,1,"C6"
"control","Control","C6",48,"Lachnospiraceae (family)",0.000419211881662475,1,"C6"
"control","Control","C6",48,"[Coprobacillaceae] (family)",0,1,"C6"
"control","Control","C6",48,"[Eubacterium] (genus)",0.000359324469996407,1,"C6"
"control","Control","C6",48,"Staphylococcus (genus)",0.182716492993173,1,"C6"
"control","Control","C6",48,"Lactococcus (genus)",0.00329380764163373,1,"C6"
"control","Control","C6",48,"Akkermansia (genus)",0.000119774823332136,1,"C6"
"control","Control","C6",48,"[Ruminococcus] (genus)",0.000119774823332136,1,"C6"
"control","Control","C6",48,"Bifidobacterium (genus)",0,1,"C6"
"control","Control","C6",48,"Actinomyces (genus)",0,1,"C6"
"control","Control","C6",48,"Bacteroides (genus)",0,1,"C6"
"control","Control","C6",48,"Ruminococcus (genus)",0,1,"C6"
"control","Control","C6",48,"Peptostreptococcaceae (family)",0,1,"C6"
"control","Control","C6",48,"Veillonella (genus)",0.00844412504491556,1,"C6"
"control","Control","C6",48,"Clostridiaceae (family)",0.000299437058330339,1,"C6"
"control","Control","C6",48,"Others",0.111151036052222,1,"C6"
"control","Control","C6",49,"Streptococcus (genus)",0.113697888467786,1,"C6"
"control","Control","C6",49,"Listeriaceae (family)",0.495397942609637,1,"C6"
"control","Control","C6",49,"Blautia (genus)",0,1,"C6"
"control","Control","C6",49,"Lactobacillus (genus)",0.00216567406605306,1,"C6"
"control","Control","C6",49,"Enterobacteriaceae (family)",0,1,"C6"
"control","Control","C6",49,"Lachnospiraceae (family)",0,1,"C6"
"control","Control","C6",49,"[Coprobacillaceae] (family)",0,1,"C6"
"control","Control","C6",49,"[Eubacterium] (genus)",0,1,"C6"
"control","Control","C6",49,"Staphylococcus (genus)",0.121277747698971,1,"C6"
"control","Control","C6",49,"Lactococcus (genus)",0.00378992961559285,1,"C6"
"control","Control","C6",49,"Akkermansia (genus)",0,1,"C6"
"control","Control","C6",49,"[Ruminococcus] (genus)",0,1,"C6"
"control","Control","C6",49,"Bifidobacterium (genus)",0,1,"C6"
"control","Control","C6",49,"Actinomyces (genus)",0,1,"C6"
"control","Control","C6",49,"Bacteroides (genus)",0,1,"C6"
"control","Control","C6",49,"Ruminococcus (genus)",0,1,"C6"
"control","Control","C6",49,"Peptostreptococcaceae (family)",0,1,"C6"
"control","Control","C6",49,"Veillonella (genus)",0.00433134813210612,1,"C6"
"control","Control","C6",49,"Clostridiaceae (family)",0,1,"C6"
"control","Control","C6",49,"Others",0.259339469409854,1,"C6"
"control","Control","C6",51,"Streptococcus (genus)",0.0773764545866707,1,"C6"
"control","Control","C6",51,"Listeriaceae (family)",0.350763185733716,1,"C6"
"control","Control","C6",51,"Blautia (genus)",0.00251876479774319,1,"C6"
"control","Control","C6",51,"Lactobacillus (genus)",0.000654878847413229,1,"C6"
"control","Control","C6",51,"Enterobacteriaceae (family)",0.000302251775729182,1,"C6"
"control","Control","C6",51,"Lachnospiraceae (family)",0.00176313535842023,1,"C6"
"control","Control","C6",51,"[Coprobacillaceae] (family)",0.000579315903480933,1,"C6"
"control","Control","C6",51,"[Eubacterium] (genus)",0.000906755327187547,1,"C6"
"control","Control","C6",51,"Staphylococcus (genus)",0.0408795526673719,1,"C6"
"control","Control","C6",51,"Lactococcus (genus)",0.00375295954863735,1,"C6"
"control","Control","C6",51,"Akkermansia (genus)",7.55629439322956e-05,1,"C6"
"control","Control","C6",51,"[Ruminococcus] (genus)",0.000705254143368092,1,"C6"
"control","Control","C6",51,"Bifidobacterium (genus)",0,1,"C6"
"control","Control","C6",51,"Actinomyces (genus)",0.000100750591909727,1,"C6"
"control","Control","C6",51,"Bacteroides (genus)",0,1,"C6"
"control","Control","C6",51,"Ruminococcus (genus)",0.000100750591909727,1,"C6"
"control","Control","C6",51,"Peptostreptococcaceae (family)",0.000931942975164979,1,"C6"
"control","Control","C6",51,"Veillonella (genus)",0.00385371014054708,1,"C6"
"control","Control","C6",51,"Clostridiaceae (family)",0.000302251775729182,1,"C6"
"control","Control","C6",51,"Others",0.514432522291069,1,"C6"
"control","Control","C6",53,"Streptococcus (genus)",0.072357792704702,1,"C6"
"control","Control","C6",53,"Listeriaceae (family)",0.201003316044554,1,"C6"
"control","Control","C6",53,"Blautia (genus)",0.000113369044582377,1,"C6"
"control","Control","C6",53,"Lactobacillus (genus)",0.00141711305727971,1,"C6"
"control","Control","C6",53,"Enterobacteriaceae (family)",5.66845222911884e-05,1,"C6"
"control","Control","C6",53,"Lachnospiraceae (family)",0.000283422611455942,1,"C6"
"control","Control","C6",53,"[Coprobacillaceae] (family)",5.66845222911884e-05,1,"C6"
"control","Control","C6",53,"[Eubacterium] (genus)",0.000141711305727971,1,"C6"
"control","Control","C6",53,"Staphylococcus (genus)",0.00365615168778165,1,"C6"
"control","Control","C6",53,"Lactococcus (genus)",0.00102032140124139,1,"C6"
"control","Control","C6",53,"Akkermansia (genus)",0,1,"C6"
"control","Control","C6",53,"[Ruminococcus] (genus)",0.000283422611455942,1,"C6"
"control","Control","C6",53,"Bifidobacterium (genus)",5.66845222911884e-05,1,"C6"
"control","Control","C6",53,"Actinomyces (genus)",0,1,"C6"
"control","Control","C6",53,"Bacteroides (genus)",0.000198395828019159,1,"C6"
"control","Control","C6",53,"Ruminococcus (genus)",0.000170053566873565,1,"C6"
"control","Control","C6",53,"Peptostreptococcaceae (family)",0.000141711305727971,1,"C6"
"control","Control","C6",53,"Veillonella (genus)",0.00158716662415327,1,"C6"
"control","Control","C6",53,"Clostridiaceae (family)",0.025564719553326,1,"C6"
"control","Control","C6",53,"Others",0.691891279086246,1,"C6"
"control","Control","C6",55,"Streptococcus (genus)",0.128994874080678,1,"C6"
"control","Control","C6",55,"Listeriaceae (family)",0.576955649654558,1,"C6"
"control","Control","C6",55,"Blautia (genus)",8.91464229997771e-05,1,"C6"
"control","Control","C6",55,"Lactobacillus (genus)",0.00249609984399376,1,"C6"
"control","Control","C6",55,"Enterobacteriaceae (family)",0.000133719634499666,1,"C6"
"control","Control","C6",55,"Lachnospiraceae (family)",0.000445732114998886,1,"C6"
"control","Control","C6",55,"[Coprobacillaceae] (family)",8.91464229997771e-05,1,"C6"
"control","Control","C6",55,"[Eubacterium] (genus)",0,1,"C6"
"control","Control","C6",55,"Staphylococcus (genus)",0.000445732114998886,1,"C6"
"control","Control","C6",55,"Lactococcus (genus)",0.00120347671049699,1,"C6"
"control","Control","C6",55,"Akkermansia (genus)",8.91464229997771e-05,1,"C6"
"control","Control","C6",55,"[Ruminococcus] (genus)",0,1,"C6"
"control","Control","C6",55,"Bifidobacterium (genus)",0,1,"C6"
"control","Control","C6",55,"Actinomyces (genus)",0,1,"C6"
"control","Control","C6",55,"Bacteroides (genus)",0.00031201248049922,1,"C6"
"control","Control","C6",55,"Ruminococcus (genus)",0,1,"C6"
"control","Control","C6",55,"Peptostreptococcaceae (family)",0,1,"C6"
"control","Control","C6",55,"Veillonella (genus)",0.00717628705148206,1,"C6"
"control","Control","C6",55,"Clostridiaceae (family)",0.00164920882549588,1,"C6"
"control","Control","C6",55,"Others",0.2799197682193,1,"C6"
"control","Control","C6",57,"Streptococcus (genus)",0.0985811831616484,2,"C6"
"control","Control","C6",57,"Listeriaceae (family)",0.713319865592763,2,"C6"
"control","Control","C6",57,"Blautia (genus)",0.000774519172028398,2,"C6"
"control","Control","C6",57,"Lactobacillus (genus)",0.000101506560355218,2,"C6"
"control","Control","C6",57,"Enterobacteriaceae (family)",0.00154108735880298,2,"C6"
"control","Control","C6",57,"Lachnospiraceae (family)",0.0925459221403892,2,"C6"
"control","Control","C6",57,"[Coprobacillaceae] (family)",3.01377294234652e-05,2,"C6"
"control","Control","C6",57,"[Eubacterium] (genus)",0,2,"C6"
"control","Control","C6",57,"Staphylococcus (genus)",3.75333108133468e-05,2,"C6"
"control","Control","C6",57,"Lactococcus (genus)",0.000687526072520974,2,"C6"
"control","Control","C6",57,"Akkermansia (genus)",4.52065941351979e-05,2,"C6"
"control","Control","C6",57,"[Ruminococcus] (genus)",0.000120550917693861,2,"C6"
"control","Control","C6",57,"Bifidobacterium (genus)",0,2,"C6"
"control","Control","C6",57,"Actinomyces (genus)",0,2,"C6"
"control","Control","C6",57,"Bacteroides (genus)",3.75333108133468e-05,2,"C6"
"control","Control","C6",57,"Ruminococcus (genus)",0.000135342080473624,2,"C6"
"control","Control","C6",57,"Peptostreptococcaceae (family)",7.50666216266937e-05,2,"C6"
"control","Control","C6",57,"Veillonella (genus)",0.0369997916715173,2,"C6"
"control","Control","C6",57,"Clostridiaceae (family)",0.0305248866387061,2,"C6"
"control","Control","C6",57,"Others",0.0244423410662892,2,"C6"
"control","Control","C6",58,"Streptococcus (genus)",0.0603311196333364,1,"C6"
"control","Control","C6",58,"Listeriaceae (family)",0.613600224487887,1,"C6"
"control","Control","C6",58,"Blautia (genus)",0.000327378168552988,1,"C6"
"control","Control","C6",58,"Lactobacillus (genus)",0.00224487887007764,1,"C6"
"control","Control","C6",58,"Enterobacteriaceae (family)",0.000607988027312693,1,"C6"
"control","Control","C6",58,"Lachnospiraceae (family)",0.169722196239828,1,"C6"
"control","Control","C6",58,"[Coprobacillaceae] (family)",0.00023384154896642,1,"C6"
"control","Control","C6",58,"[Eubacterium] (genus)",0,1,"C6"
"control","Control","C6",58,"Staphylococcus (genus)",0,1,"C6"
"control","Control","C6",58,"Lactococcus (genus)",0.00130951267421195,1,"C6"
"control","Control","C6",58,"Akkermansia (genus)",0,1,"C6"
"control","Control","C6",58,"[Ruminococcus] (genus)",0.000280609858759704,1,"C6"
"control","Control","C6",58,"Bifidobacterium (genus)",0,1,"C6"
"control","Control","C6",58,"Actinomyces (genus)",0,1,"C6"
"control","Control","C6",58,"Bacteroides (genus)",0,1,"C6"
"control","Control","C6",58,"Ruminococcus (genus)",9.35366195865681e-05,1,"C6"
"control","Control","C6",58,"Peptostreptococcaceae (family)",0.000140304929379852,1,"C6"
"control","Control","C6",58,"Veillonella (genus)",0.0032270133757366,1,"C6"
"control","Control","C6",58,"Clostridiaceae (family)",0.103872416050884,1,"C6"
"control","Control","C6",58,"Others",0.0440089795154803,1,"C6"
"control","Control","C6",59,"Streptococcus (genus)",0.0879528524845185,1,"C6"
"control","Control","C6",59,"Listeriaceae (family)",0.497651599006791,1,"C6"
"control","Control","C6",59,"Blautia (genus)",0.000628234660603704,1,"C6"
"control","Control","C6",59,"Lactobacillus (genus)",0.000119663744876896,1,"C6"
"control","Control","C6",59,"Enterobacteriaceae (family)",0.000717982469261376,1,"C6"
"control","Control","C6",59,"Lachnospiraceae (family)",0.0803542046848356,1,"C6"
"control","Control","C6",59,"[Coprobacillaceae] (family)",0,1,"C6"
"control","Control","C6",59,"[Eubacterium] (genus)",5.9831872438448e-05,1,"C6"
"control","Control","C6",59,"Staphylococcus (genus)",0,1,"C6"
"control","Control","C6",59,"Lactococcus (genus)",0.00864570556735573,1,"C6"
"control","Control","C6",59,"Akkermansia (genus)",0,1,"C6"
"control","Control","C6",59,"[Ruminococcus] (genus)",0.000239327489753792,1,"C6"
"control","Control","C6",59,"Bifidobacterium (genus)",0,1,"C6"
"control","Control","C6",59,"Actinomyces (genus)",0,1,"C6"
"control","Control","C6",59,"Bacteroides (genus)",0,1,"C6"
"control","Control","C6",59,"Ruminococcus (genus)",0,1,"C6"
"control","Control","C6",59,"Peptostreptococcaceae (family)",5.9831872438448e-05,1,"C6"
"control","Control","C6",59,"Veillonella (genus)",0.000688066533042152,1,"C6"
"control","Control","C6",59,"Clostridiaceae (family)",0.266550991713286,1,"C6"
"control","Control","C6",59,"Others",0.0563317079007988,1,"C6"
"control","Control","C6",60,"Streptococcus (genus)",0.127019880521007,1,"C6"
"control","Control","C6",60,"Listeriaceae (family)",0.45338360591519,1,"C6"
"control","Control","C6",60,"Blautia (genus)",0.000293800803055528,1,"C6"
"control","Control","C6",60,"Lactobacillus (genus)",0.00328077563412007,1,"C6"
"control","Control","C6",60,"Enterobacteriaceae (family)",0.000146900401527764,1,"C6"
"control","Control","C6",60,"Lachnospiraceae (family)",0.211683478601508,1,"C6"
"control","Control","C6",60,"[Coprobacillaceae] (family)",0.000244834002546274,1,"C6"
"control","Control","C6",60,"[Eubacterium] (genus)",0,1,"C6"
"control","Control","C6",60,"Staphylococcus (genus)",0,1,"C6"
"control","Control","C6",60,"Lactococcus (genus)",0.0292331799040251,1,"C6"
"control","Control","C6",60,"Akkermansia (genus)",0,1,"C6"
"control","Control","C6",60,"[Ruminococcus] (genus)",0.000636568406620311,1,"C6"
"control","Control","C6",60,"Bifidobacterium (genus)",0,1,"C6"
"control","Control","C6",60,"Actinomyces (genus)",0,1,"C6"
"control","Control","C6",60,"Bacteroides (genus)",0,1,"C6"
"control","Control","C6",60,"Ruminococcus (genus)",0,1,"C6"
"control","Control","C6",60,"Peptostreptococcaceae (family)",9.79336010185095e-05,1,"C6"
"control","Control","C6",60,"Veillonella (genus)",0.00146900401527764,1,"C6"
"control","Control","C6",60,"Clostridiaceae (family)",0.140730584663598,1,"C6"
"control","Control","C6",60,"Others",0.0317794535305064,1,"C6"
"control","Control","C6",61,"Streptococcus (genus)",0.0882632762497838,1,"C6"
"control","Control","C6",61,"Listeriaceae (family)",0.393919737069711,1,"C6"
"control","Control","C6",61,"Blautia (genus)",0.000345960906417575,1,"C6"
"control","Control","C6",61,"Lactobacillus (genus)",0.00121086317246151,1,"C6"
"control","Control","C6",61,"Enterobacteriaceae (family)",8.64902266043937e-05,1,"C6"
"control","Control","C6",61,"Lachnospiraceae (family)",0.420039785504238,1,"C6"
"control","Control","C6",61,"[Coprobacillaceae] (family)",0,1,"C6"
"control","Control","C6",61,"[Eubacterium] (genus)",0,1,"C6"
"control","Control","C6",61,"Staphylococcus (genus)",0,1,"C6"
"control","Control","C6",61,"Lactococcus (genus)",0.011200484345269,1,"C6"
"control","Control","C6",61,"Akkermansia (genus)",0.000216225566510984,1,"C6"
"control","Control","C6",61,"[Ruminococcus] (genus)",0.000432451133021969,1,"C6"
"control","Control","C6",61,"Bifidobacterium (genus)",0,1,"C6"
"control","Control","C6",61,"Actinomyces (genus)",0,1,"C6"
"control","Control","C6",61,"Bacteroides (genus)",0,1,"C6"
"control","Control","C6",61,"Ruminococcus (genus)",0,1,"C6"
"control","Control","C6",61,"Peptostreptococcaceae (family)",0,1,"C6"
"control","Control","C6",61,"Veillonella (genus)",0.0114599550250822,1,"C6"
"control","Control","C6",61,"Clostridiaceae (family)",0.0432451133021969,1,"C6"
"control","Control","C6",61,"Others",0.0295796574987027,1,"C6"
"control","Control","C6",67,"Streptococcus (genus)",0.165287553648069,1,"C6"
"control","Control","C6",67,"Listeriaceae (family)",0.20775965665236,1,"C6"
"control","Control","C6",67,"Blautia (genus)",0.000206008583690987,1,"C6"
"control","Control","C6",67,"Lactobacillus (genus)",0.00188841201716738,1,"C6"
"control","Control","C6",67,"Enterobacteriaceae (family)",0.000618025751072961,1,"C6"
"control","Control","C6",67,"Lachnospiraceae (family)",0.46719313304721,1,"C6"
"control","Control","C6",67,"[Coprobacillaceae] (family)",0.000412017167381974,1,"C6"
"control","Control","C6",67,"[Eubacterium] (genus)",0.000103004291845494,1,"C6"
"control","Control","C6",67,"Staphylococcus (genus)",0,1,"C6"
"control","Control","C6",67,"Lactococcus (genus)",0.0178540772532189,1,"C6"
"control","Control","C6",67,"Akkermansia (genus)",0,1,"C6"
"control","Control","C6",67,"[Ruminococcus] (genus)",0.000274678111587983,1,"C6"
"control","Control","C6",67,"Bifidobacterium (genus)",0.000103004291845494,1,"C6"
"control","Control","C6",67,"Actinomyces (genus)",0,1,"C6"
"control","Control","C6",67,"Bacteroides (genus)",0,1,"C6"
"control","Control","C6",67,"Ruminococcus (genus)",0.000892703862660944,1,"C6"
"control","Control","C6",67,"Peptostreptococcaceae (family)",0,1,"C6"
"control","Control","C6",67,"Veillonella (genus)",0.016755364806867,1,"C6"
"control","Control","C6",67,"Clostridiaceae (family)",0.00607725321888412,1,"C6"
"control","Control","C6",67,"Others",0.114575107296138,1,"C6"
"control","Control","C6",68,"Streptococcus (genus)",0.114752008160143,1,"C6"
"control","Control","C6",68,"Listeriaceae (family)",0.281014917761061,1,"C6"
"control","Control","C6",68,"Blautia (genus)",0.000255004462578095,1,"C6"
"control","Control","C6",68,"Lactobacillus (genus)",0.00102001785031238,1,"C6"
"control","Control","C6",68,"Enterobacteriaceae (family)",0.000680011900208254,1,"C6"
"control","Control","C6",68,"Lachnospiraceae (family)",0.489651068893706,1,"C6"
"control","Control","C6",68,"[Coprobacillaceae] (family)",0.00408007140124952,1,"C6"
"control","Control","C6",68,"[Eubacterium] (genus)",0,1,"C6"
"control","Control","C6",68,"Staphylococcus (genus)",0,1,"C6"
"control","Control","C6",68,"Lactococcus (genus)",0.00820264354626206,1,"C6"
"control","Control","C6",68,"Akkermansia (genus)",8.50014875260317e-05,1,"C6"
"control","Control","C6",68,"[Ruminococcus] (genus)",0.000637511156445238,1,"C6"
"control","Control","C6",68,"Bifidobacterium (genus)",0,1,"C6"
"control","Control","C6",68,"Actinomyces (genus)",0,1,"C6"
"control","Control","C6",68,"Bacteroides (genus)",0.000127502231289048,1,"C6"
"control","Control","C6",68,"Ruminococcus (genus)",0.00157252751923159,1,"C6"
"control","Control","C6",68,"Peptostreptococcaceae (family)",0,1,"C6"
"control","Control","C6",68,"Veillonella (genus)",0.00603510561434825,1,"C6"
"control","Control","C6",68,"Clostridiaceae (family)",0.0067151175145565,1,"C6"
"control","Control","C6",68,"Others",0.0851714905010836,1,"C6"
"control","Control","C6",69,"Streptococcus (genus)",0.0541091593475533,1,"C6"
"control","Control","C6",69,"Listeriaceae (family)",0.177462358845671,1,"C6"
"control","Control","C6",69,"Blautia (genus)",0.00148996235884567,1,"C6"
"control","Control","C6",69,"Lactobacillus (genus)",0.00870451693851945,1,"C6"
"control","Control","C6",69,"Enterobacteriaceae (family)",0.000156838143036386,1,"C6"
"control","Control","C6",69,"Lachnospiraceae (family)",0.521643663739021,1,"C6"
"control","Control","C6",69,"[Coprobacillaceae] (family)",0.0543444165621079,1,"C6"
"control","Control","C6",69,"[Eubacterium] (genus)",0.00148996235884567,1,"C6"
"control","Control","C6",69,"Staphylococcus (genus)",0,1,"C6"
"control","Control","C6",69,"Lactococcus (genus)",0.00729297365119197,1,"C6"
"control","Control","C6",69,"Akkermansia (genus)",0,1,"C6"
"control","Control","C6",69,"[Ruminococcus] (genus)",0.000784190715181932,1,"C6"
"control","Control","C6",69,"Bifidobacterium (genus)",0.000392095357590966,1,"C6"
"control","Control","C6",69,"Actinomyces (genus)",0,1,"C6"
"control","Control","C6",69,"Bacteroides (genus)",0.000156838143036386,1,"C6"
"control","Control","C6",69,"Ruminococcus (genus)",0.00509723964868256,1,"C6"
"control","Control","C6",69,"Peptostreptococcaceae (family)",0.000705771643663739,1,"C6"
"control","Control","C6",69,"Veillonella (genus)",0.00862609786700125,1,"C6"
"control","Control","C6",69,"Clostridiaceae (family)",0.00399937264742785,1,"C6"
"control","Control","C6",69,"Others",0.153544542032622,1,"C6"
"control","Control","C6",70,"Streptococcus (genus)",0.0486941258360318,1,"C6"
"control","Control","C6",70,"Listeriaceae (family)",0.288048905971007,1,"C6"
"control","Control","C6",70,"Blautia (genus)",0.000393426746966074,1,"C6"
"control","Control","C6",70,"Lactobacillus (genus)",0.000393426746966074,1,"C6"
"control","Control","C6",70,"Enterobacteriaceae (family)",0,1,"C6"
"control","Control","C6",70,"Lachnospiraceae (family)",0.525103652816028,1,"C6"
"control","Control","C6",70,"[Coprobacillaceae] (family)",0.0511454771055897,1,"C6"
"control","Control","C6",70,"[Eubacterium] (genus)",6.05271918409345e-05,1,"C6"
"control","Control","C6",70,"Staphylococcus (genus)",0,1,"C6"
"control","Control","C6",70,"Lactococcus (genus)",0.00529612928608177,1,"C6"
"control","Control","C6",70,"Akkermansia (genus)",0,1,"C6"
"control","Control","C6",70,"[Ruminococcus] (genus)",0.000544744726568411,1,"C6"
"control","Control","C6",70,"Bifidobacterium (genus)",6.05271918409345e-05,1,"C6"
"control","Control","C6",70,"Actinomyces (genus)",0,1,"C6"
"control","Control","C6",70,"Bacteroides (genus)",0,1,"C6"
"control","Control","C6",70,"Ruminococcus (genus)",0.00432769421662682,1,"C6"
"control","Control","C6",70,"Peptostreptococcaceae (family)",0,1,"C6"
"control","Control","C6",70,"Veillonella (genus)",0.00429743062070635,1,"C6"
"control","Control","C6",70,"Clostridiaceae (family)",0.00154344339194383,1,"C6"
"control","Control","C6",70,"Others",0.0700904881518024,1,"C6"
"control","Control","C6",72,"Streptococcus (genus)",0.19365915073824,1,"C6"
"control","Control","C6",72,"Listeriaceae (family)",0.155774293235664,1,"C6"
"control","Control","C6",72,"Blautia (genus)",0.000114455762847659,1,"C6"
"control","Control","C6",72,"Lactobacillus (genus)",0.00137346915417191,1,"C6"
"control","Control","C6",72,"Enterobacteriaceae (family)",0,1,"C6"
"control","Control","C6",72,"Lachnospiraceae (family)",0.479512418450269,1,"C6"
"control","Control","C6",72,"[Coprobacillaceae] (family)",0.0879592537484262,1,"C6"
"control","Control","C6",72,"[Eubacterium] (genus)",0,1,"C6"
"control","Control","C6",72,"Staphylococcus (genus)",0,1,"C6"
"control","Control","C6",72,"Lactococcus (genus)",0.000686734577085956,1,"C6"
"control","Control","C6",72,"Akkermansia (genus)",0,1,"C6"
"control","Control","C6",72,"[Ruminococcus] (genus)",0.000629506695662127,1,"C6"
"control","Control","C6",72,"Bifidobacterium (genus)",0,1,"C6"
"control","Control","C6",72,"Actinomyces (genus)",0.000743962458509786,1,"C6"
"control","Control","C6",72,"Bacteroides (genus)",0,1,"C6"
"control","Control","C6",72,"Ruminococcus (genus)",0.000858418221357445,1,"C6"
"control","Control","C6",72,"Peptostreptococcaceae (family)",0.000114455762847659,1,"C6"
"control","Control","C6",72,"Veillonella (genus)",0.0195147075655259,1,"C6"
"control","Control","C6",72,"Clostridiaceae (family)",0.0417191255579718,1,"C6"
"control","Control","C6",72,"Others",0.0173400480714203,1,"C6"
"control","Control","C6",74,"Streptococcus (genus)",0.252666666666667,1,"C6"
"control","Control","C6",74,"Listeriaceae (family)",0.133333333333333,1,"C6"
"control","Control","C6",74,"Blautia (genus)",0,1,"C6"
"control","Control","C6",74,"Lactobacillus (genus)",0,1,"C6"
"control","Control","C6",74,"Enterobacteriaceae (family)",0,1,"C6"
"control","Control","C6",74,"Lachnospiraceae (family)",0.455333333333333,1,"C6"
"control","Control","C6",74,"[Coprobacillaceae] (family)",0.0226666666666667,1,"C6"
"control","Control","C6",74,"[Eubacterium] (genus)",0,1,"C6"
"control","Control","C6",74,"Staphylococcus (genus)",0,1,"C6"
"control","Control","C6",74,"Lactococcus (genus)",0,1,"C6"
"control","Control","C6",74,"Akkermansia (genus)",0,1,"C6"
"control","Control","C6",74,"[Ruminococcus] (genus)",0,1,"C6"
"control","Control","C6",74,"Bifidobacterium (genus)",0,1,"C6"
"control","Control","C6",74,"Actinomyces (genus)",0,1,"C6"
"control","Control","C6",74,"Bacteroides (genus)",0,1,"C6"
"control","Control","C6",74,"Ruminococcus (genus)",0.018,1,"C6"
"control","Control","C6",74,"Peptostreptococcaceae (family)",0,1,"C6"
"control","Control","C6",74,"Veillonella (genus)",0.006,1,"C6"
"control","Control","C6",74,"Clostridiaceae (family)",0.0446666666666667,1,"C6"
"control","Control","C6",74,"Others",0.0673333333333335,1,"C6"
"control","Control","C6",75,"Streptococcus (genus)",0.208458673542472,1,"C6"
"control","Control","C6",75,"Listeriaceae (family)",0.202907892852027,1,"C6"
"control","Control","C6",75,"Blautia (genus)",0.000286491906603638,1,"C6"
"control","Control","C6",75,"Lactobacillus (genus)",0.00175476292794729,1,"C6"
"control","Control","C6",75,"Enterobacteriaceae (family)",0.000286491906603638,1,"C6"
"control","Control","C6",75,"Lachnospiraceae (family)",0.472568399942702,1,"C6"
"control","Control","C6",75,"[Coprobacillaceae] (family)",0.0587666523420713,1,"C6"
"control","Control","C6",75,"[Eubacterium] (genus)",0,1,"C6"
"control","Control","C6",75,"Staphylococcus (genus)",0,1,"C6"
"control","Control","C6",75,"Lactococcus (genus)",0.0128921357971637,1,"C6"
"control","Control","C6",75,"Akkermansia (genus)",0,1,"C6"
"control","Control","C6",75,"[Ruminococcus] (genus)",0.000572983813207277,1,"C6"
"control","Control","C6",75,"Bifidobacterium (genus)",7.16229766509096e-05,1,"C6"
"control","Control","C6",75,"Actinomyces (genus)",0.00415413264575276,1,"C6"
"control","Control","C6",75,"Bacteroides (genus)",0,1,"C6"
"control","Control","C6",75,"Ruminococcus (genus)",0.00325884543761639,1,"C6"
"control","Control","C6",75,"Peptostreptococcaceae (family)",0,1,"C6"
"control","Control","C6",75,"Veillonella (genus)",0.00537172324881822,1,"C6"
"control","Control","C6",75,"Clostridiaceae (family)",0.0106360120326601,1,"C6"
"control","Control","C6",75,"Others",0.018013178627704,1,"C6"
"control","Control","C6",77,"Streptococcus (genus)",0.136524187356028,1,"C6"
"control","Control","C6",77,"Listeriaceae (family)",0.0968006142820578,1,"C6"
"control","Control","C6",77,"Blautia (genus)",0.000844637829536729,1,"C6"
"control","Control","C6",77,"Lactobacillus (genus)",0.000665472229331968,1,"C6"
"control","Control","C6",77,"Enterobacteriaceae (family)",0.000204760685948298,1,"C6"
"control","Control","C6",77,"Lachnospiraceae (family)",0.493140517020732,1,"C6"
"control","Control","C6",77,"[Coprobacillaceae] (family)",0.145712823137958,1,"C6"
"control","Control","C6",77,"[Eubacterium] (genus)",0.000127975428717686,1,"C6"
"control","Control","C6",77,"Staphylococcus (genus)",0,1,"C6"
"control","Control","C6",77,"Lactococcus (genus)",0.0105451753263373,1,"C6"
"control","Control","C6",77,"Akkermansia (genus)",0.000179165600204761,1,"C6"
"control","Control","C6",77,"[Ruminococcus] (genus)",0.000153570514461223,1,"C6"
"control","Control","C6",77,"Bifidobacterium (genus)",0,1,"C6"
"control","Control","C6",77,"Actinomyces (genus)",0.00450473509086255,1,"C6"
"control","Control","C6",77,"Bacteroides (genus)",0,1,"C6"
"control","Control","C6",77,"Ruminococcus (genus)",0.00225236754543128,1,"C6"
"control","Control","C6",77,"Peptostreptococcaceae (family)",0.000102380342974149,1,"C6"
"control","Control","C6",77,"Veillonella (genus)",0.00363450217558229,1,"C6"
"control","Control","C6",77,"Clostridiaceae (family)",0.0720245712823138,1,"C6"
"control","Control","C6",77,"Others",0.032582544151523,1,"C6"
"control","Control","C6",79,"Streptococcus (genus)",0.141883781684671,1,"C6"
"control","Control","C6",79,"Listeriaceae (family)",0.195032832027113,1,"C6"
"control","Control","C6",79,"Blautia (genus)",0.000582503706841771,1,"C6"
"control","Control","C6",79,"Lactobacillus (genus)",3.53032549601073e-05,1,"C6"
"control","Control","C6",79,"Enterobacteriaceae (family)",0.000423639059521288,1,"C6"
"control","Control","C6",79,"Lachnospiraceae (family)",0.388335804561181,1,"C6"
"control","Control","C6",79,"[Coprobacillaceae] (family)",0.130410223822636,1,"C6"
"control","Control","C6",79,"[Eubacterium] (genus)",3.53032549601073e-05,1,"C6"
"control","Control","C6",79,"Staphylococcus (genus)",0,1,"C6"
"control","Control","C6",79,"Lactococcus (genus)",0.00317729294640966,1,"C6"
"control","Control","C6",79,"Akkermansia (genus)",0,1,"C6"
"control","Control","C6",79,"[Ruminococcus] (genus)",0.000176516274800537,1,"C6"
"control","Control","C6",79,"Bifidobacterium (genus)",3.53032549601073e-05,1,"C6"
"control","Control","C6",79,"Actinomyces (genus)",0.00545435289133658,1,"C6"
"control","Control","C6",79,"Bacteroides (genus)",0,1,"C6"
"control","Control","C6",79,"Ruminococcus (genus)",0.0157452517122079,1,"C6"
"control","Control","C6",79,"Peptostreptococcaceae (family)",0,1,"C6"
"control","Control","C6",79,"Veillonella (genus)",0.0174045046953329,1,"C6"
"control","Control","C6",79,"Clostridiaceae (family)",0.0388688837110782,1,"C6"
"control","Control","C6",79,"Others",0.0623985031419896,1,"C6"
"control","Control","C7",0,"Streptococcus (genus)",0.930356430532417,1,"C7"
"control","Control","C7",0,"Listeriaceae (family)",0.000211183330595772,1,"C7"
"control","Control","C7",0,"Blautia (genus)",0.00290963699931952,1,"C7"
"control","Control","C7",0,"Lactobacillus (genus)",0.01170894244081,1,"C7"
"control","Control","C7",0,"Enterobacteriaceae (family)",0,1,"C7"
"control","Control","C7",0,"Lachnospiraceae (family)",0.00305042588638337,1,"C7"
"control","Control","C7",0,"[Coprobacillaceae] (family)",0.000844733322383087,1,"C7"
"control","Control","C7",0,"[Eubacterium] (genus)",9.38592580425652e-05,1,"C7"
"control","Control","C7",0,"Staphylococcus (genus)",9.38592580425652e-05,1,"C7"
"control","Control","C7",0,"Lactococcus (genus)",0.00326160921697914,1,"C7"
"control","Control","C7",0,"Akkermansia (genus)",0,1,"C7"
"control","Control","C7",0,"[Ruminococcus] (genus)",0.000586620362766032,1,"C7"
"control","Control","C7",0,"Bifidobacterium (genus)",9.38592580425652e-05,1,"C7"
"control","Control","C7",0,"Actinomyces (genus)",0.0148062979562147,1,"C7"
"control","Control","C7",0,"Bacteroides (genus)",4.69296290212826e-05,1,"C7"
"control","Control","C7",0,"Ruminococcus (genus)",0.000258112959617054,1,"C7"
"control","Control","C7",0,"Peptostreptococcaceae (family)",0,1,"C7"
"control","Control","C7",0,"Veillonella (genus)",0.00633549991787315,1,"C7"
"control","Control","C7",0,"Clostridiaceae (family)",0.000633549991787315,1,"C7"
"control","Control","C7",0,"Others",0.0247084496797049,1,"C7"
"control","Control","C7",1,"Streptococcus (genus)",0.799249099685848,1,"C7"
"control","Control","C7",1,"Listeriaceae (family)",0.000127704135059893,1,"C7"
"control","Control","C7",1,"Blautia (genus)",0.00380558322478482,1,"C7"
"control","Control","C7",1,"Lactobacillus (genus)",0.00546573698056343,1,"C7"
"control","Control","C7",1,"Enterobacteriaceae (family)",0.000102163308047915,1,"C7"
"control","Control","C7",1,"Lachnospiraceae (family)",0.00291165427936557,1,"C7"
"control","Control","C7",1,"[Coprobacillaceae] (family)",0.00679385998518632,1,"C7"
"control","Control","C7",1,"[Eubacterium] (genus)",0.000434194059203637,1,"C7"
"control","Control","C7",1,"Staphylococcus (genus)",0.000229867443107808,1,"C7"
"control","Control","C7",1,"Lactococcus (genus)",0.115955354634383,1,"C7"
"control","Control","C7",1,"Akkermansia (genus)",0,1,"C7"
"control","Control","C7",1,"[Ruminococcus] (genus)",0.000434194059203637,1,"C7"
"control","Control","C7",1,"Bifidobacterium (genus)",5.10816540239573e-05,1,"C7"
"control","Control","C7",1,"Actinomyces (genus)",0.0146093530508518,1,"C7"
"control","Control","C7",1,"Bacteroides (genus)",0,1,"C7"
"control","Control","C7",1,"Ruminococcus (genus)",0.000102163308047915,1,"C7"
"control","Control","C7",1,"Peptostreptococcaceae (family)",0.000102163308047915,1,"C7"
"control","Control","C7",1,"Veillonella (genus)",0.0229356626567568,1,"C7"
"control","Control","C7",1,"Clostridiaceae (family)",0.000127704135059893,1,"C7"
"control","Control","C7",1,"Others",0.0265624600924577,1,"C7"
"control","Control","C7",2,"Streptococcus (genus)",0.730706329561528,1,"C7"
"control","Control","C7",2,"Listeriaceae (family)",0.00015470297029703,1,"C7"
"control","Control","C7",2,"Blautia (genus)",0.00525990099009901,1,"C7"
"control","Control","C7",2,"Lactobacillus (genus)",0.00806665487977369,1,"C7"
"control","Control","C7",2,"Enterobacteriaceae (family)",6.63012729844413e-05,1,"C7"
"control","Control","C7",2,"Lachnospiraceae (family)",0.00501679632248939,1,"C7"
"control","Control","C7",2,"[Coprobacillaceae] (family)",0.0276255304101839,1,"C7"
"control","Control","C7",2,"[Eubacterium] (genus)",0.000972418670438472,1,"C7"
"control","Control","C7",2,"Staphylococcus (genus)",0.000861916548797737,1,"C7"
"control","Control","C7",2,"Lactococcus (genus)",0.123762376237624,1,"C7"
"control","Control","C7",2,"Akkermansia (genus)",0,1,"C7"
"control","Control","C7",2,"[Ruminococcus] (genus)",0.000198903818953324,1,"C7"
"control","Control","C7",2,"Bifidobacterium (genus)",4.42008486562942e-05,1,"C7"
"control","Control","C7",2,"Actinomyces (genus)",0.0162659123055163,1,"C7"
"control","Control","C7",2,"Bacteroides (genus)",0,1,"C7"
"control","Control","C7",2,"Ruminococcus (genus)",0.000132602545968883,1,"C7"
"control","Control","C7",2,"Peptostreptococcaceae (family)",0.000309405940594059,1,"C7"
"control","Control","C7",2,"Veillonella (genus)",0.0434936350777935,1,"C7"
"control","Control","C7",2,"Clostridiaceae (family)",0.000309405940594059,1,"C7"
"control","Control","C7",2,"Others",0.0367530056577086,1,"C7"
"control","Control","C7",3,"Streptococcus (genus)",0.526702761918807,1,"C7"
"control","Control","C7",3,"Listeriaceae (family)",0.00495080792971959,1,"C7"
"control","Control","C7",3,"Blautia (genus)",0.00842690711441633,1,"C7"
"control","Control","C7",3,"Lactobacillus (genus)",0.0195504245054459,1,"C7"
"control","Control","C7",3,"Enterobacteriaceae (family)",4.21345355720817e-05,1,"C7"
"control","Control","C7",3,"Lachnospiraceae (family)",0.0149156255925169,1,"C7"
"control","Control","C7",3,"[Coprobacillaceae] (family)",0.00697326563717951,1,"C7"
"control","Control","C7",3,"[Eubacterium] (genus)",0.00808983082983968,1,"C7"
"control","Control","C7",3,"Staphylococcus (genus)",0.000969094318157878,1,"C7"
"control","Control","C7",3,"Lactococcus (genus)",0.21486506414983,1,"C7"
"control","Control","C7",3,"Akkermansia (genus)",0.000463479891292898,1,"C7"
"control","Control","C7",3,"[Ruminococcus] (genus)",0.00189605410074367,1,"C7"
"control","Control","C7",3,"Bifidobacterium (genus)",0,1,"C7"
"control","Control","C7",3,"Actinomyces (genus)",0.0440516569406114,1,"C7"
"control","Control","C7",3,"Bacteroides (genus)",0.000168538142288327,1,"C7"
"control","Control","C7",3,"Ruminococcus (genus)",0.00440305896728253,1,"C7"
"control","Control","C7",3,"Peptostreptococcaceae (family)",0.000800556175869551,1,"C7"
"control","Control","C7",3,"Veillonella (genus)",0.099606042092401,1,"C7"
"control","Control","C7",3,"Clostridiaceae (family)",0.0035603682558409,1,"C7"
"control","Control","C7",3,"Others",0.0395643289021845,1,"C7"
"control","Control","C7",4,"Streptococcus (genus)",0.842462558946987,1,"C7"
"control","Control","C7",4,"Listeriaceae (family)",0.00186557495983832,1,"C7"
"control","Control","C7",4,"Blautia (genus)",0.000388661449966316,1,"C7"
"control","Control","C7",4,"Lactobacillus (genus)",0.0709695807638493,1,"C7"
"control","Control","C7",4,"Enterobacteriaceae (family)",0.000259107633310877,1,"C7"
"control","Control","C7",4,"Lachnospiraceae (family)",0.000932787479919158,1,"C7"
"control","Control","C7",4,"[Coprobacillaceae] (family)",0.00116598434989895,1,"C7"
"control","Control","C7",4,"[Eubacterium] (genus)",0.00119189511323004,1,"C7"
"control","Control","C7",4,"Staphylococcus (genus)",0.00365341762968337,1,"C7"
"control","Control","C7",4,"Lactococcus (genus)",0.00365341762968337,1,"C7"
"control","Control","C7",4,"Akkermansia (genus)",0.000103643053324351,1,"C7"
"control","Control","C7",4,"[Ruminococcus] (genus)",0.000440482976628491,1,"C7"
"control","Control","C7",4,"Bifidobacterium (genus)",0,1,"C7"
"control","Control","C7",4,"Actinomyces (genus)",0.0010623412965746,1,"C7"
"control","Control","C7",4,"Bacteroides (genus)",0,1,"C7"
"control","Control","C7",4,"Ruminococcus (genus)",5.18215266621755e-05,1,"C7"
"control","Control","C7",4,"Peptostreptococcaceae (family)",0.000155464579986526,1,"C7"
"control","Control","C7",4,"Veillonella (genus)",0.011530289682334,1,"C7"
"control","Control","C7",4,"Clostridiaceae (family)",0.000518215266621755,1,"C7"
"control","Control","C7",4,"Others",0.0595947556615019,1,"C7"
"control","Control","C7",5,"Streptococcus (genus)",0.983882322427656,1,"C7"
"control","Control","C7",5,"Listeriaceae (family)",0.000370521323502168,1,"C7"
"control","Control","C7",5,"Blautia (genus)",0.00011115639705065,1,"C7"
"control","Control","C7",5,"Lactobacillus (genus)",0.00515024639668013,1,"C7"
"control","Control","C7",5,"Enterobacteriaceae (family)",0,1,"C7"
"control","Control","C7",5,"Lachnospiraceae (family)",0.00011115639705065,1,"C7"
"control","Control","C7",5,"[Coprobacillaceae] (family)",0,1,"C7"
"control","Control","C7",5,"[Eubacterium] (genus)",0.000296417058801734,1,"C7"
"control","Control","C7",5,"Staphylococcus (genus)",7.41042647004335e-05,1,"C7"
"control","Control","C7",5,"Lactococcus (genus)",0.000518729852903035,1,"C7"
"control","Control","C7",5,"Akkermansia (genus)",0,1,"C7"
"control","Control","C7",5,"[Ruminococcus] (genus)",0.000407573455852384,1,"C7"
"control","Control","C7",5,"Bifidobacterium (genus)",0,1,"C7"
"control","Control","C7",5,"Actinomyces (genus)",7.41042647004335e-05,1,"C7"
"control","Control","C7",5,"Bacteroides (genus)",0.00011115639705065,1,"C7"
"control","Control","C7",5,"Ruminococcus (genus)",0,1,"C7"
"control","Control","C7",5,"Peptostreptococcaceae (family)",7.41042647004335e-05,1,"C7"
"control","Control","C7",5,"Veillonella (genus)",0.000259364926451517,1,"C7"
"control","Control","C7",5,"Clostridiaceae (family)",0,1,"C7"
"control","Control","C7",5,"Others",0.00855904257290019,1,"C7"
"control","Control","C7",6,"Streptococcus (genus)",0.943036780886514,1,"C7"
"control","Control","C7",6,"Listeriaceae (family)",0.00245205910091166,1,"C7"
"control","Control","C7",6,"Blautia (genus)",0.00314366551398931,1,"C7"
"control","Control","C7",6,"Lactobacillus (genus)",0.00348946872052814,1,"C7"
"control","Control","C7",6,"Enterobacteriaceae (family)",0.000125746620559572,1,"C7"
"control","Control","C7",6,"Lachnospiraceae (family)",0.00572147123546055,1,"C7"
"control","Control","C7",6,"[Coprobacillaceae] (family)",0.00308079220370953,1,"C7"
"control","Control","C7",6,"[Eubacterium] (genus)",0.00864508016347061,1,"C7"
"control","Control","C7",6,"Staphylococcus (genus)",0.000345803206538824,1,"C7"
"control","Control","C7",6,"Lactococcus (genus)",0.000471549827098397,1,"C7"
"control","Control","C7",6,"Akkermansia (genus)",0.000220056585979252,1,"C7"
"control","Control","C7",6,"[Ruminococcus] (genus)",0.00292360892801006,1,"C7"
"control","Control","C7",6,"Bifidobacterium (genus)",0,1,"C7"
"control","Control","C7",6,"Actinomyces (genus)",0.000125746620559572,1,"C7"
"control","Control","C7",6,"Bacteroides (genus)",6.28733102797862e-05,1,"C7"
"control","Control","C7",6,"Ruminococcus (genus)",0.00238918579063188,1,"C7"
"control","Control","C7",6,"Peptostreptococcaceae (family)",0.00125746620559572,1,"C7"
"control","Control","C7",6,"Veillonella (genus)",0.000723043068217542,1,"C7"
"control","Control","C7",6,"Clostridiaceae (family)",0.00207481923923295,1,"C7"
"control","Control","C7",6,"Others",0.0197107827727132,1,"C7"
"control","Control","C7",9,"Streptococcus (genus)",0.861999880389929,1,"C7"
"control","Control","C7",9,"Listeriaceae (family)",0.000657855391423958,1,"C7"
"control","Control","C7",9,"Blautia (genus)",0.00248190897673584,1,"C7"
"control","Control","C7",9,"Lactobacillus (genus)",0.0015848334429759,1,"C7"
"control","Control","C7",9,"Enterobacteriaceae (family)",0.000119610071167992,1,"C7"
"control","Control","C7",9,"Lachnospiraceae (family)",0.00391722983075175,1,"C7"
"control","Control","C7",9,"[Coprobacillaceae] (family)",0.0125291549548472,1,"C7"
"control","Control","C7",9,"[Eubacterium] (genus)",0.000807367980383948,1,"C7"
"control","Control","C7",9,"Staphylococcus (genus)",0.0391722983075175,1,"C7"
"control","Control","C7",9,"Lactococcus (genus)",0.0132169128640632,1,"C7"
"control","Control","C7",9,"Akkermansia (genus)",0.00014951258895999,1,"C7"
"control","Control","C7",9,"[Ruminococcus] (genus)",0.00014951258895999,1,"C7"
"control","Control","C7",9,"Bifidobacterium (genus)",0,1,"C7"
"control","Control","C7",9,"Actinomyces (genus)",0.00382752227737576,1,"C7"
"control","Control","C7",9,"Bacteroides (genus)",5.98050355839962e-05,1,"C7"
"control","Control","C7",9,"Ruminococcus (genus)",5.98050355839962e-05,1,"C7"
"control","Control","C7",9,"Peptostreptococcaceae (family)",0.000209317624543987,1,"C7"
"control","Control","C7",9,"Veillonella (genus)",0.0105256862627833,1,"C7"
"control","Control","C7",9,"Clostridiaceae (family)",0.000598050355839962,1,"C7"
"control","Control","C7",9,"Others",0.0479337360205732,1,"C7"
"control","Control","C7",10,"Streptococcus (genus)",0.0904044409199048,1,"C7"
"control","Control","C7",10,"Listeriaceae (family)",0.00300687285223368,1,"C7"
"control","Control","C7",10,"Blautia (genus)",0.00366772402854877,1,"C7"
"control","Control","C7",10,"Lactobacillus (genus)",0.0839611419508327,1,"C7"
"control","Control","C7",10,"Enterobacteriaceae (family)",0.000165212794078773,1,"C7"
"control","Control","C7",10,"Lachnospiraceae (family)",0.0111353423209093,1,"C7"
"control","Control","C7",10,"[Coprobacillaceae] (family)",0.0214776632302405,1,"C7"
"control","Control","C7",10,"[Eubacterium] (genus)",0.0697528416600582,1,"C7"
"control","Control","C7",10,"Staphylococcus (genus)",0.159694686756542,1,"C7"
"control","Control","C7",10,"Lactococcus (genus)",0.00740153317472905,1,"C7"
"control","Control","C7",10,"Akkermansia (genus)",0.000198255352894528,1,"C7"
"control","Control","C7",10,"[Ruminococcus] (genus)",0.0174464710547185,1,"C7"
"control","Control","C7",10,"Bifidobacterium (genus)",0,1,"C7"
"control","Control","C7",10,"Actinomyces (genus)",0.0152326196140629,1,"C7"
"control","Control","C7",10,"Bacteroides (genus)",0,1,"C7"
"control","Control","C7",10,"Ruminococcus (genus)",0.00049563838223632,1,"C7"
"control","Control","C7",10,"Peptostreptococcaceae (family)",0.0010904044409199,1,"C7"
"control","Control","C7",10,"Veillonella (genus)",0.0189994713190589,1,"C7"
"control","Control","C7",10,"Clostridiaceae (family)",0.00155300026434047,1,"C7"
"control","Control","C7",10,"Others",0.49431667988369,1,"C7"
"control","Control","C7",11,"Streptococcus (genus)",0.01141471981028,1,"C7"
"control","Control","C7",11,"Listeriaceae (family)",0.00359477369436168,1,"C7"
"control","Control","C7",11,"Blautia (genus)",0.00133584492191311,1,"C7"
"control","Control","C7",11,"Lactobacillus (genus)",0.0133584492191311,1,"C7"
"control","Control","C7",11,"Enterobacteriaceae (family)",0.000465294298643892,1,"C7"
"control","Control","C7",11,"Lachnospiraceae (family)",0.0128518788133494,1,"C7"
"control","Control","C7",11,"[Coprobacillaceae] (family)",0.0185780005853702,1,"C7"
"control","Control","C7",11,"[Eubacterium] (genus)",0.257773041448716,1,"C7"
"control","Control","C7",11,"Staphylococcus (genus)",0.13317548349331,1,"C7"
"control","Control","C7",11,"Lactococcus (genus)",0.00312197464896547,1,"C7"
"control","Control","C7",11,"Akkermansia (genus)",0.00343342163918679,1,"C7"
"control","Control","C7",11,"[Ruminococcus] (genus)",0.021613670646684,1,"C7"
"control","Control","C7",11,"Bifidobacterium (genus)",9.00569610278501e-05,1,"C7"
"control","Control","C7",11,"Actinomyces (genus)",0.0100451035279814,1,"C7"
"control","Control","C7",11,"Bacteroides (genus)",0.000495313285653176,1,"C7"
"control","Control","C7",11,"Ruminococcus (genus)",0.00152721596409729,1,"C7"
"control","Control","C7",11,"Peptostreptococcaceae (family)",0.00658541527516154,1,"C7"
"control","Control","C7",11,"Veillonella (genus)",0.0273135258050717,1,"C7"
"control","Control","C7",11,"Clostridiaceae (family)",0.00656290103490458,1,"C7"
"control","Control","C7",11,"Others",0.466663914926191,1,"C7"
"control","Control","C7",12,"Streptococcus (genus)",0.0201526006173918,1,"C7"
"control","Control","C7",12,"Listeriaceae (family)",0.0663987419185742,1,"C7"
"control","Control","C7",12,"Blautia (genus)",0.00681460772322209,1,"C7"
"control","Control","C7",12,"Lactobacillus (genus)",0.000116489020909779,1,"C7"
"control","Control","C7",12,"Enterobacteriaceae (family)",0.000815423146368455,1,"C7"
"control","Control","C7",12,"Lachnospiraceae (family)",0.122313471955268,1,"C7"
"control","Control","C7",12,"[Coprobacillaceae] (family)",0.0347137282311142,1,"C7"
"control","Control","C7",12,"[Eubacterium] (genus)",0.0357621294193022,1,"C7"
"control","Control","C7",12,"Staphylococcus (genus)",0.402877278816472,1,"C7"
"control","Control","C7",12,"Lactococcus (genus)",0.00419360475275205,1,"C7"
"control","Control","C7",12,"Akkermansia (genus)",0.00442658279457161,1,"C7"
"control","Control","C7",12,"[Ruminococcus] (genus)",0.00763003086959054,1,"C7"
"control","Control","C7",12,"Bifidobacterium (genus)",0,1,"C7"
"control","Control","C7",12,"Actinomyces (genus)",0.0159589958646398,1,"C7"
"control","Control","C7",12,"Bacteroides (genus)",0.000698934125458675,1,"C7"
"control","Control","C7",12,"Ruminococcus (genus)",0.00489253887821073,1,"C7"
"control","Control","C7",12,"Peptostreptococcaceae (family)",0.0061739181082183,1,"C7"
"control","Control","C7",12,"Veillonella (genus)",0.0147358611450871,1,"C7"
"control","Control","C7",12,"Clostridiaceae (family)",0.0802609354068379,1,"C7"
"control","Control","C7",12,"Others",0.171064127206011,1,"C7"
"control","Control","C7",14,"Streptococcus (genus)",0.473420027109454,1,"C7"
"control","Control","C7",14,"Listeriaceae (family)",0.0126016604540834,1,"C7"
"control","Control","C7",14,"Blautia (genus)",8.4717045069468e-05,1,"C7"
"control","Control","C7",14,"Lactobacillus (genus)",0.000148254828871569,1,"C7"
"control","Control","C7",14,"Enterobacteriaceae (family)",8.4717045069468e-05,1,"C7"
"control","Control","C7",14,"Lachnospiraceae (family)",0.00042358522534734,1,"C7"
"control","Control","C7",14,"[Coprobacillaceae] (family)",0.000105896306336835,1,"C7"
"control","Control","C7",14,"[Eubacterium] (genus)",0.000232971873941037,1,"C7"
"control","Control","C7",14,"Staphylococcus (genus)",0.0805447305997967,1,"C7"
"control","Control","C7",14,"Lactococcus (genus)",0.399652660115215,1,"C7"
"control","Control","C7",14,"Akkermansia (genus)",8.4717045069468e-05,1,"C7"
"control","Control","C7",14,"[Ruminococcus] (genus)",0,1,"C7"
"control","Control","C7",14,"Bifidobacterium (genus)",0,1,"C7"
"control","Control","C7",14,"Actinomyces (genus)",0.00457472043375127,1,"C7"
"control","Control","C7",14,"Bacteroides (genus)",0,1,"C7"
"control","Control","C7",14,"Ruminococcus (genus)",0,1,"C7"
"control","Control","C7",14,"Peptostreptococcaceae (family)",0.000105896306336835,1,"C7"
"control","Control","C7",14,"Veillonella (genus)",0.00298627583869875,1,"C7"
"control","Control","C7",14,"Clostridiaceae (family)",0.00021179261267367,1,"C7"
"control","Control","C7",14,"Others",0.0247373771602847,1,"C7"
"control","Control","C7",15,"Streptococcus (genus)",0.104311665572335,1,"C7"
"control","Control","C7",15,"Listeriaceae (family)",0.00463996498139637,1,"C7"
"control","Control","C7",15,"Blautia (genus)",8.75465090829503e-05,1,"C7"
"control","Control","C7",15,"Lactobacillus (genus)",0.000131319763624425,1,"C7"
"control","Control","C7",15,"Enterobacteriaceae (family)",0.770671919457212,1,"C7"
"control","Control","C7",15,"Lachnospiraceae (family)",0,1,"C7"
"control","Control","C7",15,"[Coprobacillaceae] (family)",0,1,"C7"
"control","Control","C7",15,"[Eubacterium] (genus)",0,1,"C7"
"control","Control","C7",15,"Staphylococcus (genus)",0.00728824688115561,1,"C7"
"control","Control","C7",15,"Lactococcus (genus)",0.0127817903261107,1,"C7"
"control","Control","C7",15,"Akkermansia (genus)",0,1,"C7"
"control","Control","C7",15,"[Ruminococcus] (genus)",0,1,"C7"
"control","Control","C7",15,"Bifidobacterium (genus)",0,1,"C7"
"control","Control","C7",15,"Actinomyces (genus)",0.00161961041803458,1,"C7"
"control","Control","C7",15,"Bacteroides (genus)",0.000372072663602539,1,"C7"
"control","Control","C7",15,"Ruminococcus (genus)",0,1,"C7"
"control","Control","C7",15,"Peptostreptococcaceae (family)",4.37732545414752e-05,1,"C7"
"control","Control","C7",15,"Veillonella (genus)",0.092492886846137,1,"C7"
"control","Control","C7",15,"Clostridiaceae (family)",0,1,"C7"
"control","Control","C7",15,"Others",0.00555920332676729,1,"C7"
"control","Control","C7",16,"Streptococcus (genus)",0.0579546325388919,1,"C7"
"control","Control","C7",16,"Listeriaceae (family)",0.173059238255805,1,"C7"
"control","Control","C7",16,"Blautia (genus)",0,1,"C7"
"control","Control","C7",16,"Lactobacillus (genus)",3.83171124224078e-05,1,"C7"
"control","Control","C7",16,"Enterobacteriaceae (family)",0.581615449459729,1,"C7"
"control","Control","C7",16,"Lachnospiraceae (family)",0.000172427005900835,1,"C7"
"control","Control","C7",16,"[Coprobacillaceae] (family)",5.74756686336118e-05,1,"C7"
"control","Control","C7",16,"[Eubacterium] (genus)",0.144244769714154,1,"C7"
"control","Control","C7",16,"Staphylococcus (genus)",0.00109203770403862,1,"C7"
"control","Control","C7",16,"Lactococcus (genus)",0.00519196873323626,1,"C7"
"control","Control","C7",16,"Akkermansia (genus)",0,1,"C7"
"control","Control","C7",16,"[Ruminococcus] (genus)",0,1,"C7"
"control","Control","C7",16,"Bifidobacterium (genus)",0,1,"C7"
"control","Control","C7",16,"Actinomyces (genus)",0.00101540347919381,1,"C7"
"control","Control","C7",16,"Bacteroides (genus)",0.00360180856770634,1,"C7"
"control","Control","C7",16,"Ruminococcus (genus)",0,1,"C7"
"control","Control","C7",16,"Peptostreptococcaceae (family)",0,1,"C7"
"control","Control","C7",16,"Veillonella (genus)",0.0275308452755,1,"C7"
"control","Control","C7",16,"Clostridiaceae (family)",5.74756686336118e-05,1,"C7"
"control","Control","C7",16,"Others",0.0043681508161546,1,"C7"
"control","Control","C7",18,"Streptococcus (genus)",0.0556046048645373,1,"C7"
"control","Control","C7",18,"Listeriaceae (family)",0.36939323119536,1,"C7"
"control","Control","C7",18,"Blautia (genus)",0,1,"C7"
"control","Control","C7",18,"Lactobacillus (genus)",5.19345624513114e-05,1,"C7"
"control","Control","C7",18,"Enterobacteriaceae (family)",0.115675582099887,1,"C7"
"control","Control","C7",18,"Lachnospiraceae (family)",0.0198043798147667,1,"C7"
"control","Control","C7",18,"[Coprobacillaceae] (family)",0.000225049770622349,1,"C7"
"control","Control","C7",18,"[Eubacterium] (genus)",0.08290487319311,1,"C7"
"control","Control","C7",18,"Staphylococcus (genus)",0,1,"C7"
"control","Control","C7",18,"Lactococcus (genus)",0.0018523327274301,1,"C7"
"control","Control","C7",18,"Akkermansia (genus)",0,1,"C7"
"control","Control","C7",18,"[Ruminococcus] (genus)",0,1,"C7"
"control","Control","C7",18,"Bifidobacterium (genus)",0,1,"C7"
"control","Control","C7",18,"Actinomyces (genus)",0.000830952999220982,1,"C7"
"control","Control","C7",18,"Bacteroides (genus)",8.65576040855189e-05,1,"C7"
"control","Control","C7",18,"Ruminococcus (genus)",3.46230416342076e-05,1,"C7"
"control","Control","C7",18,"Peptostreptococcaceae (family)",0.344204968406475,1,"C7"
"control","Control","C7",18,"Veillonella (genus)",0.00323725439279841,1,"C7"
"control","Control","C7",18,"Clostridiaceae (family)",5.19345624513114e-05,1,"C7"
"control","Control","C7",18,"Others",0.00604172076516918,1,"C7"
"control","Control","C7",20,"Streptococcus (genus)",0.0075209366615172,1,"C7"
"control","Control","C7",20,"Listeriaceae (family)",0.177494105211806,1,"C7"
"control","Control","C7",20,"Blautia (genus)",6.09805675258151e-05,1,"C7"
"control","Control","C7",20,"Lactobacillus (genus)",0,1,"C7"
"control","Control","C7",20,"Enterobacteriaceae (family)",0.131331815594764,1,"C7"
"control","Control","C7",20,"Lachnospiraceae (family)",0.102813236848524,1,"C7"
"control","Control","C7",20,"[Coprobacillaceae] (family)",0.147003821448898,1,"C7"
"control","Control","C7",20,"[Eubacterium] (genus)",0.142206683470201,1,"C7"
"control","Control","C7",20,"Staphylococcus (genus)",0.0045532157085942,1,"C7"
"control","Control","C7",20,"Lactococcus (genus)",4.06537116838767e-05,1,"C7"
"control","Control","C7",20,"Akkermansia (genus)",0,1,"C7"
"control","Control","C7",20,"[Ruminococcus] (genus)",0,1,"C7"
"control","Control","C7",20,"Bifidobacterium (genus)",6.09805675258151e-05,1,"C7"
"control","Control","C7",20,"Actinomyces (genus)",0.00195137816082608,1,"C7"
"control","Control","C7",20,"Bacteroides (genus)",0.0024392227010326,1,"C7"
"control","Control","C7",20,"Ruminococcus (genus)",4.06537116838767e-05,1,"C7"
"control","Control","C7",20,"Peptostreptococcaceae (family)",0.267501422879909,1,"C7"
"control","Control","C7",20,"Veillonella (genus)",0.000365883405154891,1,"C7"
"control","Control","C7",20,"Clostridiaceae (family)",0,1,"C7"
"control","Control","C7",20,"Others",0.0146150093503538,1,"C7"
"control","Control","C7",21,"Streptococcus (genus)",0.0596647765176785,1,"C7"
"control","Control","C7",21,"Listeriaceae (family)",0.163150433622415,1,"C7"
"control","Control","C7",21,"Blautia (genus)",0.000542028018679119,1,"C7"
"control","Control","C7",21,"Lactobacillus (genus)",0.00191794529686458,1,"C7"
"control","Control","C7",21,"Enterobacteriaceae (family)",0.292028018679119,1,"C7"
"control","Control","C7",21,"Lachnospiraceae (family)",0.116744496330887,1,"C7"
"control","Control","C7",21,"[Coprobacillaceae] (family)",0.000333555703802535,1,"C7"
"control","Control","C7",21,"[Eubacterium] (genus)",0.222356571047365,1,"C7"
"control","Control","C7",21,"Staphylococcus (genus)",0.004211140760507,1,"C7"
"control","Control","C7",21,"Lactococcus (genus)",0,1,"C7"
"control","Control","C7",21,"Akkermansia (genus)",8.33889259506337e-05,1,"C7"
"control","Control","C7",21,"[Ruminococcus] (genus)",0.000125083388925951,1,"C7"
"control","Control","C7",21,"Bifidobacterium (genus)",0,1,"C7"
"control","Control","C7",21,"Actinomyces (genus)",0.00170947298198799,1,"C7"
"control","Control","C7",21,"Bacteroides (genus)",0.00758839226150767,1,"C7"
"control","Control","C7",21,"Ruminococcus (genus)",8.33889259506337e-05,1,"C7"
"control","Control","C7",21,"Peptostreptococcaceae (family)",0.106737825216811,1,"C7"
"control","Control","C7",21,"Veillonella (genus)",0.00704636424282855,1,"C7"
"control","Control","C7",21,"Clostridiaceae (family)",0,1,"C7"
"control","Control","C7",21,"Others",0.0156771180787192,1,"C7"
"control","Control","C7",39,"Streptococcus (genus)",0.0167664670658683,1,"C7"
"control","Control","C7",39,"Listeriaceae (family)",0.0160928143712575,1,"C7"
"control","Control","C7",39,"Blautia (genus)",0.23312125748503,1,"C7"
"control","Control","C7",39,"Lactobacillus (genus)",0.000973053892215569,1,"C7"
"control","Control","C7",39,"Enterobacteriaceae (family)",7.48502994011976e-05,1,"C7"
"control","Control","C7",39,"Lachnospiraceae (family)",0.0217440119760479,1,"C7"
"control","Control","C7",39,"[Coprobacillaceae] (family)",0.148278443113772,1,"C7"
"control","Control","C7",39,"[Eubacterium] (genus)",0.120321856287425,1,"C7"
"control","Control","C7",39,"Staphylococcus (genus)",0,1,"C7"
"control","Control","C7",39,"Lactococcus (genus)",0.00392964071856287,1,"C7"
"control","Control","C7",39,"Akkermansia (genus)",0.198652694610778,1,"C7"
"control","Control","C7",39,"[Ruminococcus] (genus)",0.0104790419161677,1,"C7"
"control","Control","C7",39,"Bifidobacterium (genus)",0.000112275449101796,1,"C7"
"control","Control","C7",39,"Actinomyces (genus)",0.00194610778443114,1,"C7"
"control","Control","C7",39,"Bacteroides (genus)",0.00872005988023952,1,"C7"
"control","Control","C7",39,"Ruminococcus (genus)",0.0624251497005988,1,"C7"
"control","Control","C7",39,"Peptostreptococcaceae (family)",0.0964071856287425,1,"C7"
"control","Control","C7",39,"Veillonella (genus)",0.00205838323353293,1,"C7"
"control","Control","C7",39,"Clostridiaceae (family)",0.0293787425149701,1,"C7"
"control","Control","C7",39,"Others",0.0285179640718566,1,"C7"
"control","Control","C7",67,"Streptococcus (genus)",0.00714856230031949,1,"C7"
"control","Control","C7",67,"Listeriaceae (family)",0.00431309904153355,1,"C7"
"control","Control","C7",67,"Blautia (genus)",0.187819488817891,1,"C7"
"control","Control","C7",67,"Lactobacillus (genus)",0,1,"C7"
"control","Control","C7",67,"Enterobacteriaceae (family)",0.000718849840255591,1,"C7"
"control","Control","C7",67,"Lachnospiraceae (family)",0.0240814696485623,1,"C7"
"control","Control","C7",67,"[Coprobacillaceae] (family)",0.142531948881789,1,"C7"
"control","Control","C7",67,"[Eubacterium] (genus)",0.0944888178913738,1,"C7"
"control","Control","C7",67,"Staphylococcus (genus)",7.98722044728435e-05,1,"C7"
"control","Control","C7",67,"Lactococcus (genus)",7.98722044728435e-05,1,"C7"
"control","Control","C7",67,"Akkermansia (genus)",0.158546325878594,1,"C7"
"control","Control","C7",67,"[Ruminococcus] (genus)",0.045167731629393,1,"C7"
"control","Control","C7",67,"Bifidobacterium (genus)",0,1,"C7"
"control","Control","C7",67,"Actinomyces (genus)",0.00351437699680511,1,"C7"
"control","Control","C7",67,"Bacteroides (genus)",0.00587060702875399,1,"C7"
"control","Control","C7",67,"Ruminococcus (genus)",0.0569888178913738,1,"C7"
"control","Control","C7",67,"Peptostreptococcaceae (family)",0.107348242811502,1,"C7"
"control","Control","C7",67,"Veillonella (genus)",0.00343450479233227,1,"C7"
"control","Control","C7",67,"Clostridiaceae (family)",0.0186102236421725,1,"C7"
"control","Control","C7",67,"Others",0.139257188498402,1,"C7"
"control","Control","C7",90,"Streptococcus (genus)",0.0304761904761905,1,"C7"
"control","Control","C7",90,"Listeriaceae (family)",0.00419866871479775,1,"C7"
"control","Control","C7",90,"Blautia (genus)",0.400573476702509,1,"C7"
"control","Control","C7",90,"Lactobacillus (genus)",0.000245775729646697,1,"C7"
"control","Control","C7",90,"Enterobacteriaceae (family)",0,1,"C7"
"control","Control","C7",90,"Lachnospiraceae (family)",0.0315616999487967,1,"C7"
"control","Control","C7",90,"[Coprobacillaceae] (family)",0.134603174603175,1,"C7"
"control","Control","C7",90,"[Eubacterium] (genus)",0.125140809011777,1,"C7"
"control","Control","C7",90,"Staphylococcus (genus)",0.000901177675371224,1,"C7"
"control","Control","C7",90,"Lactococcus (genus)",0.00309267793138761,1,"C7"
"control","Control","C7",90,"Akkermansia (genus)",0.0860624679979519,1,"C7"
"control","Control","C7",90,"[Ruminococcus] (genus)",0.0545622119815668,1,"C7"
"control","Control","C7",90,"Bifidobacterium (genus)",0.00014336917562724,1,"C7"
"control","Control","C7",90,"Actinomyces (genus)",0.00448540706605223,1,"C7"
"control","Control","C7",90,"Bacteroides (genus)",0.00419866871479775,1,"C7"
"control","Control","C7",90,"Ruminococcus (genus)",0.0291449052739375,1,"C7"
"control","Control","C7",90,"Peptostreptococcaceae (family)",0.00878648233486943,1,"C7"
"control","Control","C7",90,"Veillonella (genus)",0.000327700972862263,1,"C7"
"control","Control","C7",90,"Clostridiaceae (family)",0.00188428059395801,1,"C7"
"control","Control","C7",90,"Others",0.0796108550947259,1,"C7"
"control","Control","C8",0,"Streptococcus (genus)",0.902607538575706,1,"C8"
"control","Control","C8",0,"Listeriaceae (family)",0.00202154609892781,1,"C8"
"control","Control","C8",0,"Blautia (genus)",0.00849561145372195,1,"C8"
"control","Control","C8",0,"Lactobacillus (genus)",0.000409427058010696,1,"C8"
"control","Control","C8",0,"Enterobacteriaceae (family)",0.000562962204764707,1,"C8"
"control","Control","C8",0,"Lachnospiraceae (family)",0.00547608690089306,1,"C8"
"control","Control","C8",0,"[Coprobacillaceae] (family)",0.000332659484633691,1,"C8"
"control","Control","C8",0,"[Eubacterium] (genus)",0.000409427058010696,1,"C8"
"control","Control","C8",0,"Staphylococcus (genus)",0.0174774175388316,1,"C8"
"control","Control","C8",0,"Lactococcus (genus)",0.000460605440262033,1,"C8"
"control","Control","C8",0,"Akkermansia (genus)",0.000409427058010696,1,"C8"
"control","Control","C8",0,"[Ruminococcus] (genus)",0.00112592440952941,1,"C8"
"control","Control","C8",0,"Bifidobacterium (genus)",0.00271245425932086,1,"C8"
"control","Control","C8",0,"Actinomyces (genus)",0.00102356764502674,1,"C8"
"control","Control","C8",0,"Bacteroides (genus)",0.000255891911256685,1,"C8"
"control","Control","C8",0,"Ruminococcus (genus)",0.000153535146754011,1,"C8"
"control","Control","C8",0,"Peptostreptococcaceae (family)",0.000537373013639039,1,"C8"
"control","Control","C8",0,"Veillonella (genus)",0.00939123314312035,1,"C8"
"control","Control","C8",0,"Clostridiaceae (family)",0.0155070498221551,1,"C8"
"control","Control","C8",0,"Others",0.0306302617774253,1,"C8"
"control","Control","C8",1,"Streptococcus (genus)",0.20224192477444,1,"C8"
"control","Control","C8",1,"Listeriaceae (family)",0.000937390149591845,1,"C8"
"control","Control","C8",1,"Blautia (genus)",0.00101550599539117,1,"C8"
"control","Control","C8",1,"Lactobacillus (genus)",0.000781158457993204,1,"C8"
"control","Control","C8",1,"Enterobacteriaceae (family)",0.000156231691598641,1,"C8"
"control","Control","C8",1,"Lachnospiraceae (family)",0.00554622505175175,1,"C8"
"control","Control","C8",1,"[Coprobacillaceae] (family)",0.000117173768698981,1,"C8"
"control","Control","C8",1,"[Eubacterium] (genus)",0.000273405460297621,1,"C8"
"control","Control","C8",1,"Staphylococcus (genus)",0.14142873881967,1,"C8"
"control","Control","C8",1,"Lactococcus (genus)",0.000781158457993204,1,"C8"
"control","Control","C8",1,"Akkermansia (genus)",0,1,"C8"
"control","Control","C8",1,"[Ruminococcus] (genus)",7.81158457993204e-05,1,"C8"
"control","Control","C8",1,"Bifidobacterium (genus)",0.000703042612193884,1,"C8"
"control","Control","C8",1,"Actinomyces (genus)",0.0978400968636488,1,"C8"
"control","Control","C8",1,"Bacteroides (genus)",7.81158457993204e-05,1,"C8"
"control","Control","C8",1,"Ruminococcus (genus)",0.000351521306096942,1,"C8"
"control","Control","C8",1,"Peptostreptococcaceae (family)",0.00312463383197282,1,"C8"
"control","Control","C8",1,"Veillonella (genus)",0.251845486857009,1,"C8"
"control","Control","C8",1,"Clostridiaceae (family)",0.0349958989180955,1,"C8"
"control","Control","C8",1,"Others",0.257704175291958,1,"C8"
"control","Control","C8",2,"Streptococcus (genus)",0.0740108169655565,1,"C8"
"control","Control","C8",2,"Listeriaceae (family)",0.000533731853116994,1,"C8"
"control","Control","C8",2,"Blautia (genus)",0.00368274978650726,1,"C8"
"control","Control","C8",2,"Lactobacillus (genus)",0.00060489610019926,1,"C8"
"control","Control","C8",2,"Enterobacteriaceae (family)",0.000409194420723029,1,"C8"
"control","Control","C8",2,"Lachnospiraceae (family)",0.00444776544264162,1,"C8"
"control","Control","C8",2,"[Coprobacillaceae] (family)",0.00229504696840307,1,"C8"
"control","Control","C8",2,"[Eubacterium] (genus)",0.0029177341303729,1,"C8"
"control","Control","C8",2,"Staphylococcus (genus)",0.121335041275263,1,"C8"
"control","Control","C8",2,"Lactococcus (genus)",0.000213492741246798,1,"C8"
"control","Control","C8",2,"Akkermansia (genus)",0.000124537432393965,1,"C8"
"control","Control","C8",2,"[Ruminococcus] (genus)",0.000587105038428693,1,"C8"
"control","Control","C8",2,"Bifidobacterium (genus)",0.000373612297181896,1,"C8"
"control","Control","C8",2,"Actinomyces (genus)",0.105287503558212,1,"C8"
"control","Control","C8",2,"Bacteroides (genus)",0.00199259891830344,1,"C8"
"control","Control","C8",2,"Ruminococcus (genus)",0.000338030173640763,1,"C8"
"control","Control","C8",2,"Peptostreptococcaceae (family)",0.000622687161969826,1,"C8"
"control","Control","C8",2,"Veillonella (genus)",0.333653572445204,1,"C8"
"control","Control","C8",2,"Clostridiaceae (family)",0.0299245658980928,1,"C8"
"control","Control","C8",2,"Others",0.316645317392542,1,"C8"
"control","Control","C8",5,"Streptococcus (genus)",0.0153499842505167,1,"C8"
"control","Control","C8",5,"Listeriaceae (family)",0,1,"C8"
"control","Control","C8",5,"Blautia (genus)",0.0261441423445987,1,"C8"
"control","Control","C8",5,"Lactobacillus (genus)",0.00423315381483217,1,"C8"
"control","Control","C8",5,"Enterobacteriaceae (family)",0.000484008512403678,1,"C8"
"control","Control","C8",5,"Lachnospiraceae (family)",0.0073292717592557,1,"C8"
"control","Control","C8",5,"[Coprobacillaceae] (family)",0.00196676474881495,1,"C8"
"control","Control","C8",5,"[Eubacterium] (genus)",0.00427924986363252,1,"C8"
"control","Control","C8",5,"Staphylococcus (genus)",0.073031506649355,1,"C8"
"control","Control","C8",5,"Lactococcus (genus)",0.000276576292802102,1,"C8"
"control","Control","C8",5,"Akkermansia (genus)",0.0148967064373132,1,"C8"
"control","Control","C8",5,"[Ruminococcus] (genus)",0.0150273119089142,1,"C8"
"control","Control","C8",5,"Bifidobacterium (genus)",0.00812826993846177,1,"C8"
"control","Control","C8",5,"Actinomyces (genus)",0.00387206809922943,1,"C8"
"control","Control","C8",5,"Bacteroides (genus)",0.00927298848367047,1,"C8"
"control","Control","C8",5,"Ruminococcus (genus)",0.000453277813203445,1,"C8"
"control","Control","C8",5,"Peptostreptococcaceae (family)",0.00434071126203299,1,"C8"
"control","Control","C8",5,"Veillonella (genus)",0.637101173144442,1,"C8"
"control","Control","C8",5,"Clostridiaceae (family)",0.00624601461244747,1,"C8"
"control","Control","C8",5,"Others",0.167566820064074,1,"C8"
"control","Control","C8",7,"Streptococcus (genus)",0.906448764238366,1,"C8"
"control","Control","C8",7,"Listeriaceae (family)",0.00154260611006159,1,"C8"
"control","Control","C8",7,"Blautia (genus)",0.00403536815747996,1,"C8"
"control","Control","C8",7,"Lactobacillus (genus)",0.00261572340401748,1,"C8"
"control","Control","C8",7,"Enterobacteriaceae (family)",0.000234744408052851,1,"C8"
"control","Control","C8",7,"Lachnospiraceae (family)",0.00134139661744486,1,"C8"
"control","Control","C8",7,"[Coprobacillaceae] (family)",0.00118490034540963,1,"C8"
"control","Control","C8",7,"[Eubacterium] (genus)",0.000894264411629909,1,"C8"
"control","Control","C8",7,"Staphylococcus (genus)",0.00746710783710974,1,"C8"
"control","Control","C8",7,"Lactococcus (genus)",0.000614806782995562,1,"C8"
"control","Control","C8",7,"Akkermansia (genus)",0.000972512547647526,1,"C8"
"control","Control","C8",7,"[Ruminococcus] (genus)",0.000614806782995562,1,"C8"
"control","Control","C8",7,"Bifidobacterium (genus)",0.00128550509171799,1,"C8"
"control","Control","C8",7,"Actinomyces (genus)",0.000245922713198225,1,"C8"
"control","Control","C8",7,"Bacteroides (genus)",0.0017549939078237,1,"C8"
"control","Control","C8",7,"Ruminococcus (genus)",0.000122961356599112,1,"C8"
"control","Control","C8",7,"Peptostreptococcaceae (family)",0.00144200136375323,1,"C8"
"control","Control","C8",7,"Veillonella (genus)",0.0352563744285092,1,"C8"
"control","Control","C8",7,"Clostridiaceae (family)",0.0012407918711365,1,"C8"
"control","Control","C8",7,"Others",0.0306844476240514,1,"C8"
"control","Control","C8",8,"Streptococcus (genus)",0.829373904991875,1,"C8"
"control","Control","C8",8,"Listeriaceae (family)",0.00382174856344012,1,"C8"
"control","Control","C8",8,"Blautia (genus)",0.00421209342858958,1,"C8"
"control","Control","C8",8,"Lactobacillus (genus)",0.00477491625740974,1,"C8"
"control","Control","C8",8,"Enterobacteriaceae (family)",0.000553745041258544,1,"C8"
"control","Control","C8",8,"Lachnospiraceae (family)",0.000998556631777703,1,"C8"
"control","Control","C8",8,"[Coprobacillaceae] (family)",0.00139797928448878,1,"C8"
"control","Control","C8",8,"[Eubacterium] (genus)",0.00127996804618778,1,"C8"
"control","Control","C8",8,"Staphylococcus (genus)",0.0246371154422244,1,"C8"
"control","Control","C8",8,"Lactococcus (genus)",0.00046296716564239,1,"C8"
"control","Control","C8",8,"Akkermansia (genus)",0.00147967937254332,1,"C8"
"control","Control","C8",8,"[Ruminococcus] (genus)",0.00107117893227063,1,"C8"
"control","Control","C8",8,"Bifidobacterium (genus)",0.000689911854682777,1,"C8"
"control","Control","C8",8,"Actinomyces (genus)",0.00066267849199793,1,"C8"
"control","Control","C8",8,"Bacteroides (genus)",0.00172477963670694,1,"C8"
"control","Control","C8",8,"Ruminococcus (genus)",0.000263255839286849,1,"C8"
"control","Control","C8",8,"Peptostreptococcaceae (family)",0.000889623181038317,1,"C8"
"control","Control","C8",8,"Veillonella (genus)",0.018791020252544,1,"C8"
"control","Control","C8",8,"Clostridiaceae (family)",0.000871467605915086,1,"C8"
"control","Control","C8",8,"Others",0.102043409980119,1,"C8"
"control","Control","C8",11,"Streptococcus (genus)",0.988500730564147,1,"C8"
"control","Control","C8",11,"Listeriaceae (family)",0.00153703106320803,1,"C8"
"control","Control","C8",11,"Blautia (genus)",0.000958272452987723,1,"C8"
"control","Control","C8",11,"Lactobacillus (genus)",0.000578758610220308,1,"C8"
"control","Control","C8",11,"Enterobacteriaceae (family)",0.000445928765251713,1,"C8"
"control","Control","C8",11,"Lachnospiraceae (family)",0.000104366306761039,1,"C8"
"control","Control","C8",11,"[Coprobacillaceae] (family)",0.000407977380974971,1,"C8"
"control","Control","C8",11,"[Eubacterium] (genus)",0.000863393992295869,1,"C8"
"control","Control","C8",11,"Staphylococcus (genus)",0.00341562458490673,1,"C8"
"control","Control","C8",11,"Lactococcus (genus)",0.000227708305660449,1,"C8"
"control","Control","C8",11,"Akkermansia (genus)",0.000284635382075561,1,"C8"
"control","Control","C8",11,"[Ruminococcus] (genus)",0.000151805537106966,1,"C8"
"control","Control","C8",11,"Bifidobacterium (genus)",0.000161293383176151,1,"C8"
"control","Control","C8",11,"Actinomyces (genus)",0.000113854152830224,1,"C8"
"control","Control","C8",11,"Bacteroides (genus)",0.000189756921383707,1,"C8"
"control","Control","C8",11,"Ruminococcus (genus)",1.89756921383707e-05,1,"C8"
"control","Control","C8",11,"Peptostreptococcaceae (family)",0.00012334199889941,1,"C8"
"control","Control","C8",11,"Veillonella (genus)",0.000227708305660449,1,"C8"
"control","Control","C8",11,"Clostridiaceae (family)",0.00024668399779882,1,"C8"
"control","Control","C8",11,"Others",0.00144215260251623,1,"C8"
"control","Control","C8",12,"Streptococcus (genus)",0.363752640731213,1,"C8"
"control","Control","C8",12,"Listeriaceae (family)",0.00316169179253553,1,"C8"
"control","Control","C8",12,"Blautia (genus)",0.0448097954960263,1,"C8"
"control","Control","C8",12,"Lactobacillus (genus)",0.00502996421539744,1,"C8"
"control","Control","C8",12,"Enterobacteriaceae (family)",0.00307546383455729,1,"C8"
"control","Control","C8",12,"Lachnospiraceae (family)",0.0208671658307345,1,"C8"
"control","Control","C8",12,"[Coprobacillaceae] (family)",0.00307546383455729,1,"C8"
"control","Control","C8",12,"[Eubacterium] (genus)",0.00244312547605018,1,"C8"
"control","Control","C8",12,"Staphylococcus (genus)",0.312360777776181,1,"C8"
"control","Control","C8",12,"Lactococcus (genus)",0.000761680295474469,1,"C8"
"control","Control","C8",12,"Akkermansia (genus)",0.00162395987525689,1,"C8"
"control","Control","C8",12,"[Ruminococcus] (genus)",0.00944196139861748,1,"C8"
"control","Control","C8",12,"Bifidobacterium (genus)",0.00628026960608195,1,"C8"
"control","Control","C8",12,"Actinomyces (genus)",0.00257246741301755,1,"C8"
"control","Control","C8",12,"Bacteroides (genus)",0.0125605392121639,1,"C8"
"control","Control","C8",12,"Ruminococcus (genus)",0.00955693200925513,1,"C8"
"control","Control","C8",12,"Peptostreptococcaceae (family)",0.00250061078136901,1,"C8"
"control","Control","C8",12,"Veillonella (genus)",0.00204072833881839,1,"C8"
"control","Control","C8",12,"Clostridiaceae (family)",0.0220168719371111,1,"C8"
"control","Control","C8",12,"Others",0.172067890145581,1,"C8"
"control","Control","C8",13,"Streptococcus (genus)",0.98664921126651,1,"C8"
"control","Control","C8",13,"Listeriaceae (family)",0.00239795719970447,1,"C8"
"control","Control","C8",13,"Blautia (genus)",0.000725868125315947,1,"C8"
"control","Control","C8",13,"Lactobacillus (genus)",0.00108880218797392,1,"C8"
"control","Control","C8",13,"Enterobacteriaceae (family)",0.00027220054699348,1,"C8"
"control","Control","C8",13,"Lachnospiraceae (family)",0.00027220054699348,1,"C8"
"control","Control","C8",13,"[Coprobacillaceae] (family)",0.000129619308092133,1,"C8"
"control","Control","C8",13,"[Eubacterium] (genus)",0.000596248817223814,1,"C8"
"control","Control","C8",13,"Staphylococcus (genus)",0.000324048270230334,1,"C8"
"control","Control","C8",13,"Lactococcus (genus)",0.00104991639554628,1,"C8"
"control","Control","C8",13,"Akkermansia (genus)",0.000518477232368534,1,"C8"
"control","Control","C8",13,"[Ruminococcus] (genus)",0.0011665737728292,1,"C8"
"control","Control","C8",13,"Bifidobacterium (genus)",0.00011665737728292,1,"C8"
"control","Control","C8",13,"Actinomyces (genus)",0.000103695446473707,1,"C8"
"control","Control","C8",13,"Bacteroides (genus)",5.18477232368534e-05,1,"C8"
"control","Control","C8",13,"Ruminococcus (genus)",0,1,"C8"
"control","Control","C8",13,"Peptostreptococcaceae (family)",0.000207390892947413,1,"C8"
"control","Control","C8",13,"Veillonella (genus)",0.000401819855085614,1,"C8"
"control","Control","C8",13,"Clostridiaceae (family)",0.00011665737728292,1,"C8"
"control","Control","C8",13,"Others",0.00381080765790842,1,"C8"
"control","Control","C8",14,"Streptococcus (genus)",0.633072014042813,1,"C8"
"control","Control","C8",14,"Listeriaceae (family)",0.00126444817993841,1,"C8"
"control","Control","C8",14,"Blautia (genus)",0.000357020662570846,1,"C8"
"control","Control","C8",14,"Lactobacillus (genus)",0.01130069569443,1,"C8"
"control","Control","C8",14,"Enterobacteriaceae (family)",0.000158675850031487,1,"C8"
"control","Control","C8",14,"Lachnospiraceae (family)",0.000114048267210131,1,"C8"
"control","Control","C8",14,"[Coprobacillaceae] (family)",8.92551656427116e-05,1,"C8"
"control","Control","C8",14,"[Eubacterium] (genus)",0.000208262053166327,1,"C8"
"control","Control","C8",14,"Staphylococcus (genus)",0.000991724062696795,1,"C8"
"control","Control","C8",14,"Lactococcus (genus)",0.336650650323054,1,"C8"
"control","Control","C8",14,"Akkermansia (genus)",0.000188427571912391,1,"C8"
"control","Control","C8",14,"[Ruminococcus] (genus)",0.000128924128150583,1,"C8"
"control","Control","C8",14,"Bifidobacterium (genus)",7.43793047022596e-05,1,"C8"
"control","Control","C8",14,"Actinomyces (genus)",0.000119006887523615,1,"C8"
"control","Control","C8",14,"Bacteroides (genus)",5.45448234483237e-05,1,"C8"
"control","Control","C8",14,"Ruminococcus (genus)",0,1,"C8"
"control","Control","C8",14,"Peptostreptococcaceae (family)",0.000168593090658455,1,"C8"
"control","Control","C8",14,"Veillonella (genus)",0.000942137859561955,1,"C8"
"control","Control","C8",14,"Clostridiaceae (family)",0.0010512275064586,1,"C8"
"control","Control","C8",14,"Others",0.0130659645260303,1,"C8"
"control","Control","C8",49,"Streptococcus (genus)",0.0282044008590996,1,"C8"
"control","Control","C8",49,"Listeriaceae (family)",0.000850994853507315,1,"C8"
"control","Control","C8",49,"Blautia (genus)",0.171252583377234,1,"C8"
"control","Control","C8",49,"Lactobacillus (genus)",0.000688900595696397,1,"C8"
"control","Control","C8",49,"Enterobacteriaceae (family)",0.00243141386716376,1,"C8"
"control","Control","C8",49,"Lachnospiraceae (family)",0.0318920452242979,1,"C8"
"control","Control","C8",49,"[Coprobacillaceae] (family)",0.0602990639056611,1,"C8"
"control","Control","C8",49,"[Eubacterium] (genus)",0.0606637759857357,1,"C8"
"control","Control","C8",49,"Staphylococcus (genus)",0,1,"C8"
"control","Control","C8",49,"Lactococcus (genus)",8.10471289054585e-05,1,"C8"
"control","Control","C8",49,"Akkermansia (genus)",0.298253434372087,1,"C8"
"control","Control","C8",49,"[Ruminococcus] (genus)",0.0278802123434777,1,"C8"
"control","Control","C8",49,"Bifidobacterium (genus)",0.000324188515621834,1,"C8"
"control","Control","C8",49,"Actinomyces (genus)",0.00056732990233821,1,"C8"
"control","Control","C8",49,"Bacteroides (genus)",0,1,"C8"
"control","Control","C8",49,"Ruminococcus (genus)",0.0104956031932569,1,"C8"
"control","Control","C8",49,"Peptostreptococcaceae (family)",0.144547554402885,1,"C8"
"control","Control","C8",49,"Veillonella (genus)",0.000162094257810917,1,"C8"
"control","Control","C8",49,"Clostridiaceae (family)",0.00239089030271103,1,"C8"
"control","Control","C8",49,"Others",0.15901446691251,1,"C8"
"control","Control","C8",78,"Streptococcus (genus)",0.0311492069102638,1,"C8"
"control","Control","C8",78,"Listeriaceae (family)",0.000486015994344541,1,"C8"
"control","Control","C8",78,"Blautia (genus)",0.0786904078116025,1,"C8"
"control","Control","C8",78,"Lactobacillus (genus)",0.000574382538770821,1,"C8"
"control","Control","C8",78,"Enterobacteriaceae (family)",0.000883665444262802,1,"C8"
"control","Control","C8",78,"Lachnospiraceae (family)",0.0574824371492953,1,"C8"
"control","Control","C8",78,"[Coprobacillaceae] (family)",0.0950382185304644,1,"C8"
"control","Control","C8",78,"[Eubacterium] (genus)",0.0183802412406663,1,"C8"
"control","Control","C8",78,"Staphylococcus (genus)",0,1,"C8"
"control","Control","C8",78,"Lactococcus (genus)",0.00521362612115053,1,"C8"
"control","Control","C8",78,"Akkermansia (genus)",0.0421066584191225,1,"C8"
"control","Control","C8",78,"[Ruminococcus] (genus)",0.100693677373746,1,"C8"
"control","Control","C8",78,"Bifidobacterium (genus)",0.000927848716475942,1,"C8"
"control","Control","C8",78,"Actinomyces (genus)",0.00247426324393585,1,"C8"
"control","Control","C8",78,"Bacteroides (genus)",0,1,"C8"
"control","Control","C8",78,"Ruminococcus (genus)",0.0577917200547873,1,"C8"
"control","Control","C8",78,"Peptostreptococcaceae (family)",0.206733530685283,1,"C8"
"control","Control","C8",78,"Veillonella (genus)",0,1,"C8"
"control","Control","C8",78,"Clostridiaceae (family)",0.0974241152299739,1,"C8"
"control","Control","C8",78,"Others",0.203949984535855,1,"C8"
"control","Control","C9",3,"Streptococcus (genus)",0.241466362293541,1,"C9"
"control","Control","C9",3,"Listeriaceae (family)",0.00013428226131328,1,"C9"
"control","Control","C9",3,"Blautia (genus)",0.00413589364844904,1,"C9"
"control","Control","C9",3,"Lactobacillus (genus)",0.148220760037599,1,"C9"
"control","Control","C9",3,"Enterobacteriaceae (family)",0.0123808244930845,1,"C9"
"control","Control","C9",3,"Lachnospiraceae (family)",0.0101248825030214,1,"C9"
"control","Control","C9",3,"[Coprobacillaceae] (family)",0.00107425809050624,1,"C9"
"control","Control","C9",3,"[Eubacterium] (genus)",0.0105814421914865,1,"C9"
"control","Control","C9",3,"Staphylococcus (genus)",0.0756277695716396,1,"C9"
"control","Control","C9",3,"Lactococcus (genus)",0.0699879145964818,1,"C9"
"control","Control","C9",3,"Akkermansia (genus)",0.0131596616087015,1,"C9"
"control","Control","C9",3,"[Ruminococcus] (genus)",0.00198737746743655,1,"C9"
"control","Control","C9",3,"Bifidobacterium (genus)",0.0022022290855378,1,"C9"
"control","Control","C9",3,"Actinomyces (genus)",0.0999060024170807,1,"C9"
"control","Control","C9",3,"Bacteroides (genus)",0.000939975829192964,1,"C9"
"control","Control","C9",3,"Ruminococcus (genus)",0.00048341614072781,1,"C9"
"control","Control","C9",3,"Peptostreptococcaceae (family)",0.000698267758829059,1,"C9"
"control","Control","C9",3,"Veillonella (genus)",0.0623606821538875,1,"C9"
"control","Control","C9",3,"Clostridiaceae (family)",0.00894319860346448,1,"C9"
"control","Control","C9",3,"Others",0.235584799248019,1,"C9"
"control","Control","C9",4,"Streptococcus (genus)",0.159957015658582,1,"C9"
"control","Control","C9",4,"Listeriaceae (family)",9.2109303039607e-05,1,"C9"
"control","Control","C9",4,"Blautia (genus)",0.000368437212158428,1,"C9"
"control","Control","C9",4,"Lactobacillus (genus)",0.0404421246545901,1,"C9"
"control","Control","C9",4,"Enterobacteriaceae (family)",0.000313171630334664,1,"C9"
"control","Control","C9",4,"Lachnospiraceae (family)",0.000429843414184833,1,"C9"
"control","Control","C9",4,"[Coprobacillaceae] (family)",0.000362296591955788,1,"C9"
"control","Control","C9",4,"[Eubacterium] (genus)",0.000325452870739945,1,"C9"
"control","Control","C9",4,"Staphylococcus (genus)",0.00136321768498618,1,"C9"
"control","Control","C9",4,"Lactococcus (genus)",0.585759901750077,1,"C9"
"control","Control","C9",4,"Akkermansia (genus)",0.000196499846484495,1,"C9"
"control","Control","C9",4,"[Ruminococcus] (genus)",0.000343874731347866,1,"C9"
"control","Control","C9",4,"Bifidobacterium (genus)",0.00013509364445809,1,"C9"
"control","Control","C9",4,"Actinomyces (genus)",0.000356155971753147,1,"C9"
"control","Control","C9",4,"Bacteroides (genus)",6.75468222290451e-05,1,"C9"
"control","Control","C9",4,"Ruminococcus (genus)",4.29843414184833e-05,1,"C9"
"control","Control","C9",4,"Peptostreptococcaceae (family)",0.000141234264660731,1,"C9"
"control","Control","C9",4,"Veillonella (genus)",0.0115443659809641,1,"C9"
"control","Control","C9",4,"Clostridiaceae (family)",0.000104390543444888,1,"C9"
"control","Control","C9",4,"Others",0.197654283082591,1,"C9"
"control","Control","C9",6,"Streptococcus (genus)",0.00770860927152318,1,"C9"
"control","Control","C9",6,"Listeriaceae (family)",0.00279911699779249,1,"C9"
"control","Control","C9",6,"Blautia (genus)",0.0011037527593819,1,"C9"
"control","Control","C9",6,"Lactobacillus (genus)",0.0549492273730684,1,"C9"
"control","Control","C9",6,"Enterobacteriaceae (family)",0.000988962472406181,1,"C9"
"control","Control","C9",6,"Lachnospiraceae (family)",0.000750551876379691,1,"C9"
"control","Control","C9",6,"[Coprobacillaceae] (family)",0.000309050772626932,1,"C9"
"control","Control","C9",6,"[Eubacterium] (genus)",0.00113024282560706,1,"C9"
"control","Control","C9",6,"Staphylococcus (genus)",5.29801324503311e-05,1,"C9"
"control","Control","C9",6,"Lactococcus (genus)",0.891752759381898,1,"C9"
"control","Control","C9",6,"Akkermansia (genus)",0.000618101545253863,1,"C9"
"control","Control","C9",6,"[Ruminococcus] (genus)",0.000291390728476821,1,"C9"
"control","Control","C9",6,"Bifidobacterium (genus)",0.000273730684326711,1,"C9"
"control","Control","C9",6,"Actinomyces (genus)",0.000150110375275938,1,"C9"
"control","Control","C9",6,"Bacteroides (genus)",0.000335540838852097,1,"C9"
"control","Control","C9",6,"Ruminococcus (genus)",0.00045916114790287,1,"C9"
"control","Control","C9",6,"Peptostreptococcaceae (family)",0.000379690949227373,1,"C9"
"control","Control","C9",6,"Veillonella (genus)",0.0243973509933775,1,"C9"
"control","Control","C9",6,"Clostridiaceae (family)",0.000467991169977925,1,"C9"
"control","Control","C9",6,"Others",0.0110816777041942,1,"C9"
"control","Control","C9",7,"Streptococcus (genus)",0.719053093141878,1,"C9"
"control","Control","C9",7,"Listeriaceae (family)",0.00285669050683885,1,"C9"
"control","Control","C9",7,"Blautia (genus)",0.0010738402869081,1,"C9"
"control","Control","C9",7,"Lactobacillus (genus)",0.0162796940931901,1,"C9"
"control","Control","C9",7,"Enterobacteriaceae (family)",0.0010738402869081,1,"C9"
"control","Control","C9",7,"Lachnospiraceae (family)",0.000681475566691677,1,"C9"
"control","Control","C9",7,"[Coprobacillaceae] (family)",0.000481851410792095,1,"C9"
"control","Control","C9",7,"[Eubacterium] (genus)",0.00181038458626173,1,"C9"
"control","Control","C9",7,"Staphylococcus (genus)",0,1,"C9"
"control","Control","C9",7,"Lactococcus (genus)",0.240801800747558,1,"C9"
"control","Control","C9",7,"Akkermansia (genus)",0.00123216289331121,1,"C9"
"control","Control","C9",7,"[Ruminococcus] (genus)",0.000316645212806234,1,"C9"
"control","Control","C9",7,"Bifidobacterium (genus)",0.00039236472021642,1,"C9"
"control","Control","C9",7,"Actinomyces (genus)",0.000123904648489396,1,"C9"
"control","Control","C9",7,"Bacteroides (genus)",0.000853565356260282,1,"C9"
"control","Control","C9",7,"Ruminococcus (genus)",0.000647057608777956,1,"C9"
"control","Control","C9",7,"Peptostreptococcaceae (family)",0.00039236472021642,1,"C9"
"control","Control","C9",7,"Veillonella (genus)",0.00450186889511472,1,"C9"
"control","Control","C9",7,"Clostridiaceae (family)",0.000227158522230559,1,"C9"
"control","Control","C9",7,"Others",0.0072002367955506,1,"C9"
"control","Control","C9",8,"Streptococcus (genus)",0.78527436063451,1,"C9"
"control","Control","C9",8,"Listeriaceae (family)",0.00308352217546131,1,"C9"
"control","Control","C9",8,"Blautia (genus)",0.00125445127873098,1,"C9"
"control","Control","C9",8,"Lactobacillus (genus)",0.00628844286176756,1,"C9"
"control","Control","C9",8,"Enterobacteriaceae (family)",0.000234703787633538,1,"C9"
"control","Control","C9",8,"Lachnospiraceae (family)",0.000752670767238589,1,"C9"
"control","Control","C9",8,"[Coprobacillaceae] (family)",0.00122207834250567,1,"C9"
"control","Control","C9",8,"[Eubacterium] (genus)",0.00096309485270314,1,"C9"
"control","Control","C9",8,"Staphylococcus (genus)",0,1,"C9"
"control","Control","C9",8,"Lactococcus (genus)",0.186249595338297,1,"C9"
"control","Control","C9",8,"Akkermansia (genus)",0.00066364519261897,1,"C9"
"control","Control","C9",8,"[Ruminococcus] (genus)",0.000356102298478472,1,"C9"
"control","Control","C9",8,"Bifidobacterium (genus)",0.000258983489802525,1,"C9"
"control","Control","C9",8,"Actinomyces (genus)",7.68857235351246e-05,1,"C9"
"control","Control","C9",8,"Bacteroides (genus)",0.000428941404985432,1,"C9"
"control","Control","C9",8,"Ruminococcus (genus)",0.000453221107154419,1,"C9"
"control","Control","C9",8,"Peptostreptococcaceae (family)",0.000343962447393979,1,"C9"
"control","Control","C9",8,"Veillonella (genus)",0.0057947555843315,1,"C9"
"control","Control","C9",8,"Clostridiaceae (family)",0.000137584978957591,1,"C9"
"control","Control","C9",8,"Others",0.00616299773389439,1,"C9"
"control","Control","C9",11,"Streptococcus (genus)",0.561106656289942,2,"C9"
"control","Control","C9",11,"Listeriaceae (family)",0.0016380689447483,2,"C9"
"control","Control","C9",11,"Blautia (genus)",0.00633284134172889,2,"C9"
"control","Control","C9",11,"Lactobacillus (genus)",0.0204277063509712,2,"C9"
"control","Control","C9",11,"Enterobacteriaceae (family)",0.000427895238076809,2,"C9"
"control","Control","C9",11,"Lachnospiraceae (family)",0.00554121723437928,2,"C9"
"control","Control","C9",11,"[Coprobacillaceae] (family)",0.00730409743931438,2,"C9"
"control","Control","C9",11,"[Eubacterium] (genus)",0.00669244596534226,2,"C9"
"control","Control","C9",11,"Staphylococcus (genus)",0.00167998716860384,2,"C9"
"control","Control","C9",11,"Lactococcus (genus)",0.348207920840183,2,"C9"
"control","Control","C9",11,"Akkermansia (genus)",0.00118421495822821,2,"C9"
"control","Control","C9",11,"[Ruminococcus] (genus)",0.00101134058370744,2,"C9"
"control","Control","C9",11,"Bifidobacterium (genus)",0.000799486608511017,2,"C9"
"control","Control","C9",11,"Actinomyces (genus)",2.16553337086924e-05,2,"C9"
"control","Control","C9",11,"Bacteroides (genus)",0.00900014251537242,2,"C9"
"control","Control","C9",11,"Ruminococcus (genus)",0.00102700254400571,2,"C9"
"control","Control","C9",11,"Peptostreptococcaceae (family)",0.00070262157055732,2,"C9"
"control","Control","C9",11,"Veillonella (genus)",0.00229188085367565,2,"C9"
"control","Control","C9",11,"Clostridiaceae (family)",0.00091203130177168,2,"C9"
"control","Control","C9",11,"Others",0.0236907869171722,2,"C9"
"control","Control","C9",13,"Streptococcus (genus)",0.262054830786409,2,"C9"
"control","Control","C9",13,"Listeriaceae (family)",0.00282248244842224,2,"C9"
"control","Control","C9",13,"Blautia (genus)",0.0010061944318586,2,"C9"
"control","Control","C9",13,"Lactobacillus (genus)",0.118312887107835,2,"C9"
"control","Control","C9",13,"Enterobacteriaceae (family)",0.000237724463426726,2,"C9"
"control","Control","C9",13,"Lachnospiraceae (family)",0.000870543382782526,2,"C9"
"control","Control","C9",13,"[Coprobacillaceae] (family)",0.00054471689886715,2,"C9"
"control","Control","C9",13,"[Eubacterium] (genus)",0.00132514011597908,2,"C9"
"control","Control","C9",13,"Staphylococcus (genus)",0.00144270173628814,2,"C9"
"control","Control","C9",13,"Lactococcus (genus)",0.578136378290011,2,"C9"
"control","Control","C9",13,"Akkermansia (genus)",0.000512453175136056,2,"C9"
"control","Control","C9",13,"[Ruminococcus] (genus)",0.000341328476214051,2,"C9"
"control","Control","C9",13,"Bifidobacterium (genus)",0.000764480956758434,2,"C9"
"control","Control","C9",13,"Actinomyces (genus)",0.000133734354445166,2,"C9"
"control","Control","C9",13,"Bacteroides (genus)",0.000799907327913912,2,"C9"
"control","Control","C9",13,"Ruminococcus (genus)",0.000590565920266011,2,"C9"
"control","Control","C9",13,"Peptostreptococcaceae (family)",0.000476268397932375,2,"C9"
"control","Control","C9",13,"Veillonella (genus)",0.00285626298424974,2,"C9"
"control","Control","C9",13,"Clostridiaceae (family)",0.00153147449861422,2,"C9"
"control","Control","C9",13,"Others",0.0252399242465917,2,"C9"
"control","Control","C9",26,"Streptococcus (genus)",0.0298465036952814,1,"C9"
"control","Control","C9",26,"Listeriaceae (family)",0.0581580443433769,1,"C9"
"control","Control","C9",26,"Blautia (genus)",0.336839113132462,1,"C9"
"control","Control","C9",26,"Lactobacillus (genus)",0.0182490051165435,1,"C9"
"control","Control","C9",26,"Enterobacteriaceae (family)",0.00653780557134736,1,"C9"
"control","Control","C9",26,"Lachnospiraceae (family)",0.0161455372370665,1,"C9"
"control","Control","C9",26,"[Coprobacillaceae] (family)",0.000170551449687322,1,"C9"
"control","Control","C9",26,"[Eubacterium] (genus)",0.228993746446845,1,"C9"
"control","Control","C9",26,"Staphylococcus (genus)",0,1,"C9"
"control","Control","C9",26,"Lactococcus (genus)",0,1,"C9"
"control","Control","C9",26,"Akkermansia (genus)",0.000511654349061967,1,"C9"
"control","Control","C9",26,"[Ruminococcus] (genus)",0.0144400227401933,1,"C9"
"control","Control","C9",26,"Bifidobacterium (genus)",0.00540079590676521,1,"C9"
"control","Control","C9",26,"Actinomyces (genus)",0.000909607731665719,1,"C9"
"control","Control","C9",26,"Bacteroides (genus)",0,1,"C9"
"control","Control","C9",26,"Ruminococcus (genus)",0.0622512791358727,1,"C9"
"control","Control","C9",26,"Peptostreptococcaceae (family)",0.0929505400795907,1,"C9"
"control","Control","C9",26,"Veillonella (genus)",0,1,"C9"
"control","Control","C9",26,"Clostridiaceae (family)",0.00494599204093235,1,"C9"
"control","Control","C9",26,"Others",0.123649801023309,1,"C9"
"control","Control","C9",60,"Streptococcus (genus)",0.0171729251375269,1,"C9"
"control","Control","C9",60,"Listeriaceae (family)",0.018703659411624,1,"C9"
"control","Control","C9",60,"Blautia (genus)",0.341258072231524,1,"C9"
"control","Control","C9",60,"Lactobacillus (genus)",0.027648887825879,1,"C9"
"control","Control","C9",60,"Enterobacteriaceae (family)",0.0111456589332696,1,"C9"
"control","Control","C9",60,"Lachnospiraceae (family)",0.0432910786893088,1,"C9"
"control","Control","C9",60,"[Coprobacillaceae] (family)",0.0312843817268596,1,"C9"
"control","Control","C9",60,"[Eubacterium] (genus)",0.277302080841904,1,"C9"
"control","Control","C9",60,"Staphylococcus (genus)",0,1,"C9"
"control","Control","C9",60,"Lactococcus (genus)",0,1,"C9"
"control","Control","C9",60,"Akkermansia (genus)",0.0013872279359005,1,"C9"
"control","Control","C9",60,"[Ruminococcus] (genus)",0.0263573307821095,1,"C9"
"control","Control","C9",60,"Bifidobacterium (genus)",0.0361635972255441,1,"C9"
"control","Control","C9",60,"Actinomyces (genus)",0.00545324085147094,1,"C9"
"control","Control","C9",60,"Bacteroides (genus)",0,1,"C9"
"control","Control","C9",60,"Ruminococcus (genus)",0.00459220282229132,1,"C9"
"control","Control","C9",60,"Peptostreptococcaceae (family)",0.0598899784740493,1,"C9"
"control","Control","C9",60,"Veillonella (genus)",0.000430519014589811,1,"C9"
"control","Control","C9",60,"Clostridiaceae (family)",0.00765367137048553,1,"C9"
"control","Control","C9",60,"Others",0.0902654867256636,1,"C9"
"treatment","Treatment","T1",12,"Streptococcus (genus)",0.049633441100132,1,"T1"
"treatment","Treatment","T1",12,"Listeriaceae (family)",0.390419379809663,1,"T1"
"treatment","Treatment","T1",12,"Blautia (genus)",0.000159373434725195,1,"T1"
"treatment","Treatment","T1",12,"Lactobacillus (genus)",0.000508477148885145,1,"T1"
"treatment","Treatment","T1",12,"Enterobacteriaceae (family)",0.540086213438975,1,"T1"
"treatment","Treatment","T1",12,"Lachnospiraceae (family)",0.000379460558869511,1,"T1"
"treatment","Treatment","T1",12,"[Coprobacillaceae] (family)",8.34813229512924e-05,1,"T1"
"treatment","Treatment","T1",12,"[Eubacterium] (genus)",0,1,"T1"
"treatment","Treatment","T1",12,"Staphylococcus (genus)",0,1,"T1"
"treatment","Treatment","T1",12,"Lactococcus (genus)",2.27676335321707e-05,1,"T1"
"treatment","Treatment","T1",12,"Akkermansia (genus)",0,1,"T1"
"treatment","Treatment","T1",12,"[Ruminococcus] (genus)",0.000136605801193024,1,"T1"
"treatment","Treatment","T1",12,"Bifidobacterium (genus)",0.000455352670643413,1,"T1"
"treatment","Treatment","T1",12,"Actinomyces (genus)",0.000743742695384242,1,"T1"
"treatment","Treatment","T1",12,"Bacteroides (genus)",0.000159373434725195,1,"T1"
"treatment","Treatment","T1",12,"Ruminococcus (genus)",0.00032633608062778,1,"T1"
"treatment","Treatment","T1",12,"Peptostreptococcaceae (family)",7.58921117739022e-05,1,"T1"
"treatment","Treatment","T1",12,"Veillonella (genus)",0,1,"T1"
"treatment","Treatment","T1",12,"Clostridiaceae (family)",9.86597453060729e-05,1,"T1"
"treatment","Treatment","T1",12,"Others",0.0167114430126132,1,"T1"
"treatment","Treatment","T1",14,"Streptococcus (genus)",0.0824176852666454,1,"T1"
"treatment","Treatment","T1",14,"Listeriaceae (family)",0.8334799618142,1,"T1"
"treatment","Treatment","T1",14,"Blautia (genus)",0.000467963236808116,1,"T1"
"treatment","Treatment","T1",14,"Lactobacillus (genus)",0.00327574265765681,1,"T1"
"treatment","Treatment","T1",14,"Enterobacteriaceae (family)",0.00127286000411808,1,"T1"
"treatment","Treatment","T1",14,"Lachnospiraceae (family)",0.000861052355726934,1,"T1"
"treatment","Treatment","T1",14,"[Coprobacillaceae] (family)",0.000205903824195571,1,"T1"
"treatment","Treatment","T1",14,"[Eubacterium] (genus)",0.000112311176833948,1,"T1"
"treatment","Treatment","T1",14,"Staphylococcus (genus)",3.74370589446493e-05,1,"T1"
"treatment","Treatment","T1",14,"Lactococcus (genus)",0,1,"T1"
"treatment","Treatment","T1",14,"Akkermansia (genus)",0,1,"T1"
"treatment","Treatment","T1",14,"[Ruminococcus] (genus)",0.00024334088314022,1,"T1"
"treatment","Treatment","T1",14,"Bifidobacterium (genus)",0.00149748235778597,1,"T1"
"treatment","Treatment","T1",14,"Actinomyces (genus)",0.00293880912715497,1,"T1"
"treatment","Treatment","T1",14,"Bacteroides (genus)",0.000374370589446493,1,"T1"
"treatment","Treatment","T1",14,"Ruminococcus (genus)",0.000467963236808116,1,"T1"
"treatment","Treatment","T1",14,"Peptostreptococcaceae (family)",7.48741178892986e-05,1,"T1"
"treatment","Treatment","T1",14,"Veillonella (genus)",0.000336933530501844,1,"T1"
"treatment","Treatment","T1",14,"Clostridiaceae (family)",0.000131029706306273,1,"T1"
"treatment","Treatment","T1",14,"Others",0.0718042790558373,1,"T1"
"treatment","Treatment","T1",19,"Streptococcus (genus)",0.0124052889615213,1,"T1"
"treatment","Treatment","T1",19,"Listeriaceae (family)",0.917359976229386,1,"T1"
"treatment","Treatment","T1",19,"Blautia (genus)",0.00064997771504977,1,"T1"
"treatment","Treatment","T1",19,"Lactobacillus (genus)",0.0013742385975338,1,"T1"
"treatment","Treatment","T1",19,"Enterobacteriaceae (family)",0.00141138018125093,1,"T1"
"treatment","Treatment","T1",19,"Lachnospiraceae (family)",0.0016899420591294,1,"T1"
"treatment","Treatment","T1",19,"[Coprobacillaceae] (family)",0.000185707918585648,1,"T1"
"treatment","Treatment","T1",19,"[Eubacterium] (genus)",0,1,"T1"
"treatment","Treatment","T1",19,"Staphylococcus (genus)",0,1,"T1"
"treatment","Treatment","T1",19,"Lactococcus (genus)",0,1,"T1"
"treatment","Treatment","T1",19,"Akkermansia (genus)",0,1,"T1"
"treatment","Treatment","T1",19,"[Ruminococcus] (genus)",0.000222849502302778,1,"T1"
"treatment","Treatment","T1",19,"Bifidobacterium (genus)",0.0111053335314218,1,"T1"
"treatment","Treatment","T1",19,"Actinomyces (genus)",0.00794829891546575,1,"T1"
"treatment","Treatment","T1",19,"Bacteroides (genus)",0.000408557420888427,1,"T1"
"treatment","Treatment","T1",19,"Ruminococcus (genus)",0.000389986629029862,1,"T1"
"treatment","Treatment","T1",19,"Peptostreptococcaceae (family)",0.000167137126727084,1,"T1"
"treatment","Treatment","T1",19,"Veillonella (genus)",0.000705690090625464,1,"T1"
"treatment","Treatment","T1",19,"Clostridiaceae (family)",0.000315703461595602,1,"T1"
"treatment","Treatment","T1",19,"Others",0.0436599316594858,1,"T1"
"treatment","Treatment","T10",0,"Streptococcus (genus)",0.00901275208539742,1,"T10"
"treatment","Treatment","T10",0,"Listeriaceae (family)",0.0134871680143181,1,"T10"
"treatment","Treatment","T10",0,"Blautia (genus)",0.101185720221164,1,"T10"
"treatment","Treatment","T10",0,"Lactobacillus (genus)",0.0499536578350219,1,"T10"
"treatment","Treatment","T10",0,"Enterobacteriaceae (family)",0.00862923072006136,1,"T10"
"treatment","Treatment","T10",0,"Lachnospiraceae (family)",0.0193678289494711,1,"T10"
"treatment","Treatment","T10",0,"[Coprobacillaceae] (family)",0.0225318802134936,1,"T10"
"treatment","Treatment","T10",0,"[Eubacterium] (genus)",0.0265268944357442,1,"T10"
"treatment","Treatment","T10",0,"Staphylococcus (genus)",0.0202946722490332,1,"T10"
"treatment","Treatment","T10",0,"Lactococcus (genus)",0.00019176068266803,1,"T10"
"treatment","Treatment","T10",0,"Akkermansia (genus)",0.13793985106587,1,"T10"
"treatment","Treatment","T10",0,"[Ruminococcus] (genus)",0.0112499600498578,1,"T10"
"treatment","Treatment","T10",0,"Bifidobacterium (genus)",0.0525104669372623,1,"T10"
"treatment","Treatment","T10",0,"Actinomyces (genus)",0.0147016523378823,1,"T10"
"treatment","Treatment","T10",0,"Bacteroides (genus)",0.0145738118827703,1,"T10"
"treatment","Treatment","T10",0,"Ruminococcus (genus)",0.069353446898271,1,"T10"
"treatment","Treatment","T10",0,"Peptostreptococcaceae (family)",0.0278052989868644,1,"T10"
"treatment","Treatment","T10",0,"Veillonella (genus)",0.0151810540445524,1,"T10"
"treatment","Treatment","T10",0,"Clostridiaceae (family)",0.00447441592892071,1,"T10"
"treatment","Treatment","T10",0,"Others",0.381028476461376,1,"T10"
"treatment","Treatment","T10",1,"Streptococcus (genus)",0.350106274835967,1,"T10"
"treatment","Treatment","T10",1,"Listeriaceae (family)",0,1,"T10"
"treatment","Treatment","T10",1,"Blautia (genus)",0.00614545790592367,1,"T10"
"treatment","Treatment","T10",1,"Lactobacillus (genus)",0.00323445152943351,1,"T10"
"treatment","Treatment","T10",1,"Enterobacteriaceae (family)",0.000138619351261436,1,"T10"
"treatment","Treatment","T10",1,"Lachnospiraceae (family)",0.00203308381850106,1,"T10"
"treatment","Treatment","T10",1,"[Coprobacillaceae] (family)",0.000184825801681915,1,"T10"
"treatment","Treatment","T10",1,"[Eubacterium] (genus)",0.00036965160336383,1,"T10"
"treatment","Treatment","T10",1,"Staphylococcus (genus)",0.227982626374642,1,"T10"
"treatment","Treatment","T10",1,"Lactococcus (genus)",0.000138619351261436,1,"T10"
"treatment","Treatment","T10",1,"Akkermansia (genus)",0.000924129008409574,1,"T10"
"treatment","Treatment","T10",1,"[Ruminococcus] (genus)",0.0012937806117734,1,"T10"
"treatment","Treatment","T10",1,"Bifidobacterium (genus)",0.000739303206727659,1,"T10"
"treatment","Treatment","T10",1,"Actinomyces (genus)",0.106644487570465,1,"T10"
"treatment","Treatment","T10",1,"Bacteroides (genus)",0.000508270954625266,1,"T10"
"treatment","Treatment","T10",1,"Ruminococcus (genus)",0.000277238702522872,1,"T10"
"treatment","Treatment","T10",1,"Peptostreptococcaceae (family)",0.000646890305886702,1,"T10"
"treatment","Treatment","T10",1,"Veillonella (genus)",0.148091673597634,1,"T10"
"treatment","Treatment","T10",1,"Clostridiaceae (family)",0.000600683855466223,1,"T10"
"treatment","Treatment","T10",1,"Others",0.149939931614453,1,"T10"
"treatment","Treatment","T10",2,"Streptococcus (genus)",0.255590237847507,1,"T10"
"treatment","Treatment","T10",2,"Listeriaceae (family)",0.000292061405910593,1,"T10"
"treatment","Treatment","T10",2,"Blautia (genus)",0.000273807568041181,1,"T10"
"treatment","Treatment","T10",2,"Lactobacillus (genus)",0.00631582790281657,1,"T10"
"treatment","Treatment","T10",2,"Enterobacteriaceae (family)",0.000164284540824708,1,"T10"
"treatment","Treatment","T10",2,"Lachnospiraceae (family)",3.65076757388241e-05,1,"T10"
"treatment","Treatment","T10",2,"[Coprobacillaceae] (family)",0.000164284540824708,1,"T10"
"treatment","Treatment","T10",2,"[Eubacterium] (genus)",0,1,"T10"
"treatment","Treatment","T10",2,"Staphylococcus (genus)",0.0238577660953215,1,"T10"
"treatment","Treatment","T10",2,"Lactococcus (genus)",0.000164284540824708,1,"T10"
"treatment","Treatment","T10",2,"Akkermansia (genus)",0,1,"T10"
"treatment","Treatment","T10",2,"[Ruminococcus] (genus)",0,1,"T10"
"treatment","Treatment","T10",2,"Bifidobacterium (genus)",7.30153514776482e-05,1,"T10"
"treatment","Treatment","T10",2,"Actinomyces (genus)",0.0897723746417684,1,"T10"
"treatment","Treatment","T10",2,"Bacteroides (genus)",0,1,"T10"
"treatment","Treatment","T10",2,"Ruminococcus (genus)",0,1,"T10"
"treatment","Treatment","T10",2,"Peptostreptococcaceae (family)",0,1,"T10"
"treatment","Treatment","T10",2,"Veillonella (genus)",0.358815690999033,1,"T10"
"treatment","Treatment","T10",2,"Clostridiaceae (family)",0,1,"T10"
"treatment","Treatment","T10",2,"Others",0.264479856889911,1,"T10"
"treatment","Treatment","T10",3,"Streptococcus (genus)",0.301943740190752,1,"T10"
"treatment","Treatment","T10",3,"Listeriaceae (family)",0.000362187613183629,1,"T10"
"treatment","Treatment","T10",3,"Blautia (genus)",0.000603646021972715,1,"T10"
"treatment","Treatment","T10",3,"Lactobacillus (genus)",0.00386333454062538,1,"T10"
"treatment","Treatment","T10",3,"Enterobacteriaceae (family)",0.00223349028129905,1,"T10"
"treatment","Treatment","T10",3,"Lachnospiraceae (family)",0.000845104430761801,1,"T10"
"treatment","Treatment","T10",3,"[Coprobacillaceae] (family)",0.000181093806591815,1,"T10"
"treatment","Treatment","T10",3,"[Eubacterium] (genus)",0.000664010624169987,1,"T10"
"treatment","Treatment","T10",3,"Staphylococcus (genus)",0.009115054931788,1,"T10"
"treatment","Treatment","T10",3,"Lactococcus (genus)",0,1,"T10"
"treatment","Treatment","T10",3,"Akkermansia (genus)",0.000301823010986358,1,"T10"
"treatment","Treatment","T10",3,"[Ruminococcus] (genus)",0,1,"T10"
"treatment","Treatment","T10",3,"Bifidobacterium (genus)",0,1,"T10"
"treatment","Treatment","T10",3,"Actinomyces (genus)",0.0503440782325244,1,"T10"
"treatment","Treatment","T10",3,"Bacteroides (genus)",0.000543281419775444,1,"T10"
"treatment","Treatment","T10",3,"Ruminococcus (genus)",0,1,"T10"
"treatment","Treatment","T10",3,"Peptostreptococcaceae (family)",0,1,"T10"
"treatment","Treatment","T10",3,"Veillonella (genus)",0.335446094410238,1,"T10"
"treatment","Treatment","T10",3,"Clostridiaceae (family)",0.000422552215380901,1,"T10"
"treatment","Treatment","T10",3,"Others",0.29313050826995,1,"T10"
"treatment","Treatment","T10",5,"Streptococcus (genus)",0.189573708525829,1,"T10"
"treatment","Treatment","T10",5,"Listeriaceae (family)",0.000682486350272995,1,"T10"
"treatment","Treatment","T10",5,"Blautia (genus)",0.000682486350272995,1,"T10"
"treatment","Treatment","T10",5,"Lactobacillus (genus)",0.0101322973540529,1,"T10"
"treatment","Treatment","T10",5,"Enterobacteriaceae (family)",0,1,"T10"
"treatment","Treatment","T10",5,"Lachnospiraceae (family)",0.000209995800083998,1,"T10"
"treatment","Treatment","T10",5,"[Coprobacillaceae] (family)",0.000367492650146997,1,"T10"
"treatment","Treatment","T10",5,"[Eubacterium] (genus)",0.000262494750104998,1,"T10"
"treatment","Treatment","T10",5,"Staphylococcus (genus)",0.0465665686686266,1,"T10"
"treatment","Treatment","T10",5,"Lactococcus (genus)",0.000787484250314994,1,"T10"
"treatment","Treatment","T10",5,"Akkermansia (genus)",0,1,"T10"
"treatment","Treatment","T10",5,"[Ruminococcus] (genus)",0.000209995800083998,1,"T10"
"treatment","Treatment","T10",5,"Bifidobacterium (genus)",0.000262494750104998,1,"T10"
"treatment","Treatment","T10",5,"Actinomyces (genus)",0.116862662746745,1,"T10"
"treatment","Treatment","T10",5,"Bacteroides (genus)",0.000104997900041999,1,"T10"
"treatment","Treatment","T10",5,"Ruminococcus (genus)",0,1,"T10"
"treatment","Treatment","T10",5,"Peptostreptococcaceae (family)",0.000419991600167997,1,"T10"
"treatment","Treatment","T10",5,"Veillonella (genus)",0.26312473750525,1,"T10"
"treatment","Treatment","T10",5,"Clostridiaceae (family)",0,1,"T10"
"treatment","Treatment","T10",5,"Others",0.3697501049979,1,"T10"
"treatment","Treatment","T10",6,"Streptococcus (genus)",0.264161220043573,1,"T10"
"treatment","Treatment","T10",6,"Listeriaceae (family)",0,1,"T10"
"treatment","Treatment","T10",6,"Blautia (genus)",0.000392156862745098,1,"T10"
"treatment","Treatment","T10",6,"Lactobacillus (genus)",0.02,1,"T10"
"treatment","Treatment","T10",6,"Enterobacteriaceae (family)",6.5359477124183e-05,1,"T10"
"treatment","Treatment","T10",6,"Lachnospiraceae (family)",6.5359477124183e-05,1,"T10"
"treatment","Treatment","T10",6,"[Coprobacillaceae] (family)",0.000217864923747277,1,"T10"
"treatment","Treatment","T10",6,"[Eubacterium] (genus)",0.000217864923747277,1,"T10"
"treatment","Treatment","T10",6,"Staphylococcus (genus)",0.0893681917211329,1,"T10"
"treatment","Treatment","T10",6,"Lactococcus (genus)",0.000915032679738562,1,"T10"
"treatment","Treatment","T10",6,"Akkermansia (genus)",4.35729847494553e-05,1,"T10"
"treatment","Treatment","T10",6,"[Ruminococcus] (genus)",0,1,"T10"
"treatment","Treatment","T10",6,"Bifidobacterium (genus)",0.000130718954248366,1,"T10"
"treatment","Treatment","T10",6,"Actinomyces (genus)",0.110392156862745,1,"T10"
"treatment","Treatment","T10",6,"Bacteroides (genus)",0.000348583877995643,1,"T10"
"treatment","Treatment","T10",6,"Ruminococcus (genus)",0,1,"T10"
"treatment","Treatment","T10",6,"Peptostreptococcaceae (family)",0,1,"T10"
"treatment","Treatment","T10",6,"Veillonella (genus)",0.272592592592593,1,"T10"
"treatment","Treatment","T10",6,"Clostridiaceae (family)",0,1,"T10"
"treatment","Treatment","T10",6,"Others",0.241089324618736,1,"T10"
"treatment","Treatment","T10",7,"Streptococcus (genus)",0.0181664229081672,1,"T10"
"treatment","Treatment","T10",7,"Listeriaceae (family)",0.000307905473019783,1,"T10"
"treatment","Treatment","T10",7,"Blautia (genus)",0.000384881841274729,1,"T10"
"treatment","Treatment","T10",7,"Lactobacillus (genus)",0.00877530598106381,1,"T10"
"treatment","Treatment","T10",7,"Enterobacteriaceae (family)",0,1,"T10"
"treatment","Treatment","T10",7,"Lachnospiraceae (family)",0.000307905473019783,1,"T10"
"treatment","Treatment","T10",7,"[Coprobacillaceae] (family)",0,1,"T10"
"treatment","Treatment","T10",7,"[Eubacterium] (genus)",0,1,"T10"
"treatment","Treatment","T10",7,"Staphylococcus (genus)",0.0495727811561851,1,"T10"
"treatment","Treatment","T10",7,"Lactococcus (genus)",0,1,"T10"
"treatment","Treatment","T10",7,"Akkermansia (genus)",0,1,"T10"
"treatment","Treatment","T10",7,"[Ruminococcus] (genus)",0.000384881841274729,1,"T10"
"treatment","Treatment","T10",7,"Bifidobacterium (genus)",0.000230929104764837,1,"T10"
"treatment","Treatment","T10",7,"Actinomyces (genus)",0.157647602186129,1,"T10"
"treatment","Treatment","T10",7,"Bacteroides (genus)",0,1,"T10"
"treatment","Treatment","T10",7,"Ruminococcus (genus)",0,1,"T10"
"treatment","Treatment","T10",7,"Peptostreptococcaceae (family)",0.000230929104764837,1,"T10"
"treatment","Treatment","T10",7,"Veillonella (genus)",0.435070433376953,1,"T10"
"treatment","Treatment","T10",7,"Clostridiaceae (family)",0,1,"T10"
"treatment","Treatment","T10",7,"Others",0.328920021553383,1,"T10"
"treatment","Treatment","T10",8,"Streptococcus (genus)",0.552499380505057,1,"T10"
"treatment","Treatment","T10",8,"Listeriaceae (family)",0.00250050685949855,1,"T10"
"treatment","Treatment","T10",8,"Blautia (genus)",0.000563177220607781,1,"T10"
"treatment","Treatment","T10",8,"Lactobacillus (genus)",0.0117816674551148,1,"T10"
"treatment","Treatment","T10",8,"Enterobacteriaceae (family)",0.000518123042959158,1,"T10"
"treatment","Treatment","T10",8,"Lachnospiraceae (family)",0.000653285575905026,1,"T10"
"treatment","Treatment","T10",8,"[Coprobacillaceae] (family)",0.000698339753553648,1,"T10"
"treatment","Treatment","T10",8,"[Eubacterium] (genus)",0.000292852154716046,1,"T10"
"treatment","Treatment","T10",8,"Staphylococcus (genus)",0.0302088261134014,1,"T10"
"treatment","Treatment","T10",8,"Lactococcus (genus)",0.00072086684237796,1,"T10"
"treatment","Treatment","T10",8,"Akkermansia (genus)",0,1,"T10"
"treatment","Treatment","T10",8,"[Ruminococcus] (genus)",0.000563177220607781,1,"T10"
"treatment","Treatment","T10",8,"Bifidobacterium (genus)",0.000292852154716046,1,"T10"
"treatment","Treatment","T10",8,"Actinomyces (genus)",0.052623279493591,1,"T10"
"treatment","Treatment","T10",8,"Bacteroides (genus)",0.000112635444121556,1,"T10"
"treatment","Treatment","T10",8,"Ruminococcus (genus)",0.000135162532945867,1,"T10"
"treatment","Treatment","T10",8,"Peptostreptococcaceae (family)",0.000112635444121556,1,"T10"
"treatment","Treatment","T10",8,"Veillonella (genus)",0.227591178392016,1,"T10"
"treatment","Treatment","T10",8,"Clostridiaceae (family)",0.000135162532945867,1,"T10"
"treatment","Treatment","T10",8,"Others",0.117996891261742,1,"T10"
"treatment","Treatment","T10",9,"Streptococcus (genus)",0.802043220223803,1,"T10"
"treatment","Treatment","T10",9,"Listeriaceae (family)",0.000113260544556698,1,"T10"
"treatment","Treatment","T10",9,"Blautia (genus)",0.000158564762379378,1,"T10"
"treatment","Treatment","T10",9,"Lactobacillus (genus)",0.0152448692973316,1,"T10"
"treatment","Treatment","T10",9,"Enterobacteriaceae (family)",0.000543650613872151,1,"T10"
"treatment","Treatment","T10",9,"Lachnospiraceae (family)",0.000181216871290717,1,"T10"
"treatment","Treatment","T10",9,"[Coprobacillaceae] (family)",0.000113260544556698,1,"T10"
"treatment","Treatment","T10",9,"[Eubacterium] (genus)",6.79563267340189e-05,1,"T10"
"treatment","Treatment","T10",9,"Staphylococcus (genus)",0.0434693970008608,1,"T10"
"treatment","Treatment","T10",9,"Lactococcus (genus)",0.0234675848321479,1,"T10"
"treatment","Treatment","T10",9,"Akkermansia (genus)",9.06084356453586e-05,1,"T10"
"treatment","Treatment","T10",9,"[Ruminococcus] (genus)",0.000815475920808227,1,"T10"
"treatment","Treatment","T10",9,"Bifidobacterium (genus)",4.53042178226793e-05,1,"T10"
"treatment","Treatment","T10",9,"Actinomyces (genus)",0.0363113305848775,1,"T10"
"treatment","Treatment","T10",9,"Bacteroides (genus)",0,1,"T10"
"treatment","Treatment","T10",9,"Ruminococcus (genus)",0,1,"T10"
"treatment","Treatment","T10",9,"Peptostreptococcaceae (family)",9.06084356453586e-05,1,"T10"
"treatment","Treatment","T10",9,"Veillonella (genus)",0.0254609704163458,1,"T10"
"treatment","Treatment","T10",9,"Clostridiaceae (family)",0.000339781633670095,1,"T10"
"treatment","Treatment","T10",9,"Others",0.0514429393376522,1,"T10"
"treatment","Treatment","T10",11,"Streptococcus (genus)",0.838246088468225,1,"T10"
"treatment","Treatment","T10",11,"Listeriaceae (family)",0.00112033996523083,1,"T10"
"treatment","Treatment","T10",11,"Blautia (genus)",0.000695383426694997,1,"T10"
"treatment","Treatment","T10",11,"Lactobacillus (genus)",0.00745605563067414,1,"T10"
"treatment","Treatment","T10",11,"Enterobacteriaceae (family)",0.0590689588564806,1,"T10"
"treatment","Treatment","T10",11,"Lachnospiraceae (family)",0.000231794475564999,1,"T10"
"treatment","Treatment","T10",11,"[Coprobacillaceae] (family)",0.000579486188912498,1,"T10"
"treatment","Treatment","T10",11,"[Eubacterium] (genus)",0.000386324125941665,1,"T10"
"treatment","Treatment","T10",11,"Staphylococcus (genus)",0.0202820166119374,1,"T10"
"treatment","Treatment","T10",11,"Lactococcus (genus)",0.0149121112613483,1,"T10"
"treatment","Treatment","T10",11,"Akkermansia (genus)",0.000270426888159166,1,"T10"
"treatment","Treatment","T10",11,"[Ruminococcus] (genus)",0.0001158972377825,1,"T10"
"treatment","Treatment","T10",11,"Bifidobacterium (genus)",0.000734015839289164,1,"T10"
"treatment","Treatment","T10",11,"Actinomyces (genus)",0.0132895499323933,1,"T10"
"treatment","Treatment","T10",11,"Bacteroides (genus)",0.000463588951129998,1,"T10"
"treatment","Treatment","T10",11,"Ruminococcus (genus)",7.7264825188333e-05,1,"T10"
"treatment","Treatment","T10",11,"Peptostreptococcaceae (family)",0.000347691713347499,1,"T10"
"treatment","Treatment","T10",11,"Veillonella (genus)",0.0152598029746958,1,"T10"
"treatment","Treatment","T10",11,"Clostridiaceae (family)",7.7264825188333e-05,1,"T10"
"treatment","Treatment","T10",11,"Others",0.0263859378018161,1,"T10"
"treatment","Treatment","T10",12,"Streptococcus (genus)",0.134310618066561,1,"T10"
"treatment","Treatment","T10",12,"Listeriaceae (family)",0,1,"T10"
"treatment","Treatment","T10",12,"Blautia (genus)",0,1,"T10"
"treatment","Treatment","T10",12,"Lactobacillus (genus)",0.0137083993660856,1,"T10"
"treatment","Treatment","T10",12,"Enterobacteriaceae (family)",0.773851030110935,1,"T10"
"treatment","Treatment","T10",12,"Lachnospiraceae (family)",0.000396196513470681,1,"T10"
"treatment","Treatment","T10",12,"[Coprobacillaceae] (family)",0.000316957210776545,1,"T10"
"treatment","Treatment","T10",12,"[Eubacterium] (genus)",0,1,"T10"
"treatment","Treatment","T10",12,"Staphylococcus (genus)",0.00404120443740095,1,"T10"
"treatment","Treatment","T10",12,"Lactococcus (genus)",0.0133122028526149,1,"T10"
"treatment","Treatment","T10",12,"Akkermansia (genus)",0,1,"T10"
"treatment","Treatment","T10",12,"[Ruminococcus] (genus)",0,1,"T10"
"treatment","Treatment","T10",12,"Bifidobacterium (genus)",0.000158478605388273,1,"T10"
"treatment","Treatment","T10",12,"Actinomyces (genus)",0.00356576862123613,1,"T10"
"treatment","Treatment","T10",12,"Bacteroides (genus)",0,1,"T10"
"treatment","Treatment","T10",12,"Ruminococcus (genus)",0.000237717908082409,1,"T10"
"treatment","Treatment","T10",12,"Peptostreptococcaceae (family)",0,1,"T10"
"treatment","Treatment","T10",12,"Veillonella (genus)",0.00713153724247227,1,"T10"
"treatment","Treatment","T10",12,"Clostridiaceae (family)",0,1,"T10"
"treatment","Treatment","T10",12,"Others",0.0489698890649761,1,"T10"
"treatment","Treatment","T10",13,"Streptococcus (genus)",0.0903350289422908,1,"T10"
"treatment","Treatment","T10",13,"Listeriaceae (family)",0.000877039115944571,1,"T10"
"treatment","Treatment","T10",13,"Blautia (genus)",0.000701631292755657,1,"T10"
"treatment","Treatment","T10",13,"Lactobacillus (genus)",0.00280652517102263,1,"T10"
"treatment","Treatment","T10",13,"Enterobacteriaceae (family)",0.852131205051745,1,"T10"
"treatment","Treatment","T10",13,"Lachnospiraceae (family)",0.000701631292755657,1,"T10"
"treatment","Treatment","T10",13,"[Coprobacillaceae] (family)",0.000701631292755657,1,"T10"
"treatment","Treatment","T10",13,"[Eubacterium] (genus)",0.00140326258551131,1,"T10"
"treatment","Treatment","T10",13,"Staphylococcus (genus)",0,1,"T10"
"treatment","Treatment","T10",13,"Lactococcus (genus)",0.00105244693913349,1,"T10"
"treatment","Treatment","T10",13,"Akkermansia (genus)",0.000526223469566743,1,"T10"
"treatment","Treatment","T10",13,"[Ruminococcus] (genus)",0.000701631292755657,1,"T10"
"treatment","Treatment","T10",13,"Bifidobacterium (genus)",0,1,"T10"
"treatment","Treatment","T10",13,"Actinomyces (genus)",0.0012278547623224,1,"T10"
"treatment","Treatment","T10",13,"Bacteroides (genus)",0,1,"T10"
"treatment","Treatment","T10",13,"Ruminococcus (genus)",0.000350815646377828,1,"T10"
"treatment","Treatment","T10",13,"Peptostreptococcaceae (family)",0.000701631292755657,1,"T10"
"treatment","Treatment","T10",13,"Veillonella (genus)",0.00192948605507806,1,"T10"
"treatment","Treatment","T10",13,"Clostridiaceae (family)",0,1,"T10"
"treatment","Treatment","T10",13,"Others",0.0438519557972284,1,"T10"
"treatment","Treatment","T10",28,"Streptococcus (genus)",0.013259397461594,2,"T10"
"treatment","Treatment","T10",28,"Listeriaceae (family)",0.00112905708937107,2,"T10"
"treatment","Treatment","T10",28,"Blautia (genus)",0.136155952496067,2,"T10"
"treatment","Treatment","T10",28,"Lactobacillus (genus)",0.000905274853718031,2,"T10"
"treatment","Treatment","T10",28,"Enterobacteriaceae (family)",0.00131130061866178,2,"T10"
"treatment","Treatment","T10",28,"Lachnospiraceae (family)",0.0847564518993489,2,"T10"
"treatment","Treatment","T10",28,"[Coprobacillaceae] (family)",0.0143288233529544,2,"T10"
"treatment","Treatment","T10",28,"[Eubacterium] (genus)",0.0568375739291087,2,"T10"
"treatment","Treatment","T10",28,"Staphylococcus (genus)",7.243280863754e-05,2,"T10"
"treatment","Treatment","T10",28,"Lactococcus (genus)",6.50323521773855e-05,2,"T10"
"treatment","Treatment","T10",28,"Akkermansia (genus)",0.0276967211821477,2,"T10"
"treatment","Treatment","T10",28,"[Ruminococcus] (genus)",0.0304063851148078,2,"T10"
"treatment","Treatment","T10",28,"Bifidobacterium (genus)",0.133949942663514,2,"T10"
"treatment","Treatment","T10",28,"Actinomyces (genus)",0.000157631965358032,2,"T10"
"treatment","Treatment","T10",28,"Bacteroides (genus)",0.295792596766007,2,"T10"
"treatment","Treatment","T10",28,"Ruminococcus (genus)",0.000662486677227173,2,"T10"
"treatment","Treatment","T10",28,"Peptostreptococcaceae (family)",0.0150324109312043,2,"T10"
"treatment","Treatment","T10",28,"Veillonella (genus)",0.00122883985510722,2,"T10"
"treatment","Treatment","T10",28,"Clostridiaceae (family)",0.00299272918154371,2,"T10"
"treatment","Treatment","T10",28,"Others",0.183258958801444,2,"T10"
"treatment","Treatment","T10",35,"Streptococcus (genus)",0.0360434288599924,1,"T10"
"treatment","Treatment","T10",35,"Listeriaceae (family)",0.000617206020564182,1,"T10"
"treatment","Treatment","T10",35,"Blautia (genus)",0.138927464265174,1,"T10"
"treatment","Treatment","T10",35,"Lactobacillus (genus)",0.00859178835444458,1,"T10"
"treatment","Treatment","T10",35,"Enterobacteriaceae (family)",0.000112219276466215,1,"T10"
"treatment","Treatment","T10",35,"Lachnospiraceae (family)",0.0319404115641964,1,"T10"
"treatment","Treatment","T10",35,"[Coprobacillaceae] (family)",0.0143640673876755,1,"T10"
"treatment","Treatment","T10",35,"[Eubacterium] (genus)",0.0447965324243572,1,"T10"
"treatment","Treatment","T10",35,"Staphylococcus (genus)",5.61096382331075e-05,1,"T10"
"treatment","Treatment","T10",35,"Lactococcus (genus)",0.000259507076828122,1,"T10"
"treatment","Treatment","T10",35,"Akkermansia (genus)",0.130132278472135,1,"T10"
"treatment","Treatment","T10",35,"[Ruminococcus] (genus)",0.12528580846975,1,"T10"
"treatment","Treatment","T10",35,"Bifidobacterium (genus)",0.0758111349577074,1,"T10"
"treatment","Treatment","T10",35,"Actinomyces (genus)",0.00186564547125082,1,"T10"
"treatment","Treatment","T10",35,"Bacteroides (genus)",0.0455750536548416,1,"T10"
"treatment","Treatment","T10",35,"Ruminococcus (genus)",0.00692252661700964,1,"T10"
"treatment","Treatment","T10",35,"Peptostreptococcaceae (family)",0.0422786124086465,1,"T10"
"treatment","Treatment","T10",35,"Veillonella (genus)",0.00140975466060683,1,"T10"
"treatment","Treatment","T10",35,"Clostridiaceae (family)",0.00140975466060683,1,"T10"
"treatment","Treatment","T10",35,"Others",0.293600695759514,1,"T10"
"treatment","Treatment","T10",59,"Streptococcus (genus)",0.00895743272189119,1,"T10"
"treatment","Treatment","T10",59,"Listeriaceae (family)",0.000350508236943568,1,"T10"
"treatment","Treatment","T10",59,"Blautia (genus)",0.236865677454531,1,"T10"
"treatment","Treatment","T10",59,"Lactobacillus (genus)",0.00354402772909608,1,"T10"
"treatment","Treatment","T10",59,"Enterobacteriaceae (family)",0.000155781438641586,1,"T10"
"treatment","Treatment","T10",59,"Lachnospiraceae (family)",0.039685321493944,1,"T10"
"treatment","Treatment","T10",59,"[Coprobacillaceae] (family)",0.0401137204502084,1,"T10"
"treatment","Treatment","T10",59,"[Eubacterium] (genus)",0.0781633368384157,1,"T10"
"treatment","Treatment","T10",59,"Staphylococcus (genus)",0,1,"T10"
"treatment","Treatment","T10",59,"Lactococcus (genus)",0.00101257935117031,1,"T10"
"treatment","Treatment","T10",59,"Akkermansia (genus)",0.329789305604237,1,"T10"
"treatment","Treatment","T10",59,"[Ruminococcus] (genus)",0.059820072438369,1,"T10"
"treatment","Treatment","T10",59,"Bifidobacterium (genus)",0.00338824629045449,1,"T10"
"treatment","Treatment","T10",59,"Actinomyces (genus)",0.0021809401409822,1,"T10"
"treatment","Treatment","T10",59,"Bacteroides (genus)",0.000973633991509912,1,"T10"
"treatment","Treatment","T10",59,"Ruminococcus (genus)",0.134400436188028,1,"T10"
"treatment","Treatment","T10",59,"Peptostreptococcaceae (family)",0.0011294154301515,1,"T10"
"treatment","Treatment","T10",59,"Veillonella (genus)",7.78907193207929e-05,1,"T10"
"treatment","Treatment","T10",59,"Clostridiaceae (family)",0.000311562877283172,1,"T10"
"treatment","Treatment","T10",59,"Others",0.0590801106048213,1,"T10"
"treatment","Treatment","T11",0,"Streptococcus (genus)",0.468917609810269,1,"T11"
"treatment","Treatment","T11",0,"Listeriaceae (family)",0.00040167284927817,1,"T11"
"treatment","Treatment","T11",0,"Blautia (genus)",0.161023556931219,1,"T11"
"treatment","Treatment","T11",0,"Lactobacillus (genus)",0.00507998015263568,1,"T11"
"treatment","Treatment","T11",0,"Enterobacteriaceae (family)",0.000118139073317109,1,"T11"
"treatment","Treatment","T11",0,"Lachnospiraceae (family)",0.0163268199324244,1,"T11"
"treatment","Treatment","T11",0,"[Coprobacillaceae] (family)",0.0128062755475746,1,"T11"
"treatment","Treatment","T11",0,"[Eubacterium] (genus)",0.00822247950287078,1,"T11"
"treatment","Treatment","T11",0,"Staphylococcus (genus)",4.72556293268436e-05,1,"T11"
"treatment","Treatment","T11",0,"Lactococcus (genus)",0.00500909670864542,1,"T11"
"treatment","Treatment","T11",0,"Akkermansia (genus)",0.0736242704912223,1,"T11"
"treatment","Treatment","T11",0,"[Ruminococcus] (genus)",0.0655199300616686,1,"T11"
"treatment","Treatment","T11",0,"Bifidobacterium (genus)",0.061172412163599,1,"T11"
"treatment","Treatment","T11",0,"Actinomyces (genus)",0.0117902795170475,1,"T11"
"treatment","Treatment","T11",0,"Bacteroides (genus)",0.000732462254566075,1,"T11"
"treatment","Treatment","T11",0,"Ruminococcus (genus)",0.00266994305696666,1,"T11"
"treatment","Treatment","T11",0,"Peptostreptococcaceae (family)",0.00141766887980531,1,"T11"
"treatment","Treatment","T11",0,"Veillonella (genus)",0.00025990596129764,1,"T11"
"treatment","Treatment","T11",0,"Clostridiaceae (family)",0.00125227417716135,1,"T11"
"treatment","Treatment","T11",0,"Others",0.103607967299104,1,"T11"
"treatment","Treatment","T11",3,"Streptococcus (genus)",0.436216446527482,1,"T11"
"treatment","Treatment","T11",3,"Listeriaceae (family)",0.000255645504899872,1,"T11"
"treatment","Treatment","T11",3,"Blautia (genus)",0.184178383752308,1,"T11"
"treatment","Treatment","T11",3,"Lactobacillus (genus)",0.00570941627609715,1,"T11"
"treatment","Treatment","T11",3,"Enterobacteriaceae (family)",0,1,"T11"
"treatment","Treatment","T11",3,"Lachnospiraceae (family)",0.0108223263740946,1,"T11"
"treatment","Treatment","T11",3,"[Coprobacillaceae] (family)",0.00161908819769919,1,"T11"
"treatment","Treatment","T11",3,"[Eubacterium] (genus)",0.00224399943189888,1,"T11"
"treatment","Treatment","T11",3,"Staphylococcus (genus)",8.52151682999574e-05,1,"T11"
"treatment","Treatment","T11",3,"Lactococcus (genus)",0.00116460730009942,1,"T11"
"treatment","Treatment","T11",3,"Akkermansia (genus)",0.132623206930834,1,"T11"
"treatment","Treatment","T11",3,"[Ruminococcus] (genus)",0.0676892486862661,1,"T11"
"treatment","Treatment","T11",3,"Bifidobacterium (genus)",0.0185200965771907,1,"T11"
"treatment","Treatment","T11",3,"Actinomyces (genus)",0.0343985229370828,1,"T11"
"treatment","Treatment","T11",3,"Bacteroides (genus)",0.00201675898309899,1,"T11"
"treatment","Treatment","T11",3,"Ruminococcus (genus)",0.00161908819769919,1,"T11"
"treatment","Treatment","T11",3,"Peptostreptococcaceae (family)",0.000227240448799886,1,"T11"
"treatment","Treatment","T11",3,"Veillonella (genus)",0.000198835392699901,1,"T11"
"treatment","Treatment","T11",3,"Clostridiaceae (family)",0.00088055673909956,1,"T11"
"treatment","Treatment","T11",3,"Others",0.0995313165743502,1,"T11"
"treatment","Treatment","T11",4,"Streptococcus (genus)",0.119806617313794,1,"T11"
"treatment","Treatment","T11",4,"Listeriaceae (family)",0.580601299289923,1,"T11"
"treatment","Treatment","T11",4,"Blautia (genus)",0.0672810595759682,1,"T11"
"treatment","Treatment","T11",4,"Lactobacillus (genus)",0.000705041043460744,1,"T11"
"treatment","Treatment","T11",4,"Enterobacteriaceae (family)",0,1,"T11"
"treatment","Treatment","T11",4,"Lachnospiraceae (family)",0.00614392909301506,1,"T11"
"treatment","Treatment","T11",4,"[Coprobacillaceae] (family)",0.00216548320491514,1,"T11"
"treatment","Treatment","T11",4,"[Eubacterium] (genus)",0.000302160447197462,1,"T11"
"treatment","Treatment","T11",4,"Staphylococcus (genus)",0,1,"T11"
"treatment","Treatment","T11",4,"Lactococcus (genus)",0.000302160447197462,1,"T11"
"treatment","Treatment","T11",4,"Akkermansia (genus)",0.0180289066827819,1,"T11"
"treatment","Treatment","T11",4,"[Ruminococcus] (genus)",0.0311225260613386,1,"T11"
"treatment","Treatment","T11",4,"Bifidobacterium (genus)",0.00921589363952259,1,"T11"
"treatment","Treatment","T11",4,"Actinomyces (genus)",0.0232159943596717,1,"T11"
"treatment","Treatment","T11",4,"Bacteroides (genus)",0.0907488543083044,1,"T11"
"treatment","Treatment","T11",4,"Ruminococcus (genus)",0.00125900186332276,1,"T11"
"treatment","Treatment","T11",4,"Peptostreptococcaceae (family)",0.000503600745329103,1,"T11"
"treatment","Treatment","T11",4,"Veillonella (genus)",0.000453240670796193,1,"T11"
"treatment","Treatment","T11",4,"Clostridiaceae (family)",0.000654680968927834,1,"T11"
"treatment","Treatment","T11",4,"Others",0.0474895502845344,1,"T11"
"treatment","Treatment","T11",6,"Streptococcus (genus)",0.0031355685457681,1,"T11"
"treatment","Treatment","T11",6,"Listeriaceae (family)",0.991511568008242,1,"T11"
"treatment","Treatment","T11",6,"Blautia (genus)",0.000873479809178257,1,"T11"
"treatment","Treatment","T11",6,"Lactobacillus (genus)",4.47938363681157e-05,1,"T11"
"treatment","Treatment","T11",6,"Enterobacteriaceae (family)",4.47938363681157e-05,1,"T11"
"treatment","Treatment","T11",6,"Lachnospiraceae (family)",0.000156778427288405,1,"T11"
"treatment","Treatment","T11",6,"[Coprobacillaceae] (family)",0.000134381509104347,1,"T11"
"treatment","Treatment","T11",6,"[Eubacterium] (genus)",0,1,"T11"
"treatment","Treatment","T11",6,"Staphylococcus (genus)",0,1,"T11"
"treatment","Treatment","T11",6,"Lactococcus (genus)",0,1,"T11"
"treatment","Treatment","T11",6,"Akkermansia (genus)",0.000671907545521736,1,"T11"
"treatment","Treatment","T11",6,"[Ruminococcus] (genus)",0.000761495218257968,1,"T11"
"treatment","Treatment","T11",6,"Bifidobacterium (genus)",0.000515129118233331,1,"T11"
"treatment","Treatment","T11",6,"Actinomyces (genus)",0.000380747609128984,1,"T11"
"treatment","Treatment","T11",6,"Bacteroides (genus)",0.000335953772760868,1,"T11"
"treatment","Treatment","T11",6,"Ruminococcus (genus)",0,1,"T11"
"treatment","Treatment","T11",6,"Peptostreptococcaceae (family)",8.95876727362315e-05,1,"T11"
"treatment","Treatment","T11",6,"Veillonella (genus)",0,1,"T11"
"treatment","Treatment","T11",6,"Clostridiaceae (family)",0,1,"T11"
"treatment","Treatment","T11",6,"Others",0.00134381509104331,1,"T11"
"treatment","Treatment","T11",7,"Streptococcus (genus)",0.0334237133517472,1,"T11"
"treatment","Treatment","T11",7,"Listeriaceae (family)",0.965461318196792,1,"T11"
"treatment","Treatment","T11",7,"Blautia (genus)",0.000278742112865216,1,"T11"
"treatment","Treatment","T11",7,"Lactobacillus (genus)",0,1,"T11"
"treatment","Treatment","T11",7,"Enterobacteriaceae (family)",0.000101360768314624,1,"T11"
"treatment","Treatment","T11",7,"Lachnospiraceae (family)",5.06803841573119e-05,1,"T11"
"treatment","Treatment","T11",7,"[Coprobacillaceae] (family)",0,1,"T11"
"treatment","Treatment","T11",7,"[Eubacterium] (genus)",0,1,"T11"
"treatment","Treatment","T11",7,"Staphylococcus (genus)",0,1,"T11"
"treatment","Treatment","T11",7,"Lactococcus (genus)",0,1,"T11"
"treatment","Treatment","T11",7,"Akkermansia (genus)",0.000202721536629248,1,"T11"
"treatment","Treatment","T11",7,"[Ruminococcus] (genus)",7.60205762359679e-05,1,"T11"
"treatment","Treatment","T11",7,"Bifidobacterium (genus)",7.60205762359679e-05,1,"T11"
"treatment","Treatment","T11",7,"Actinomyces (genus)",0.000101360768314624,1,"T11"
"treatment","Treatment","T11",7,"Bacteroides (genus)",5.06803841573119e-05,1,"T11"
"treatment","Treatment","T11",7,"Ruminococcus (genus)",0,1,"T11"
"treatment","Treatment","T11",7,"Peptostreptococcaceae (family)",5.06803841573119e-05,1,"T11"
"treatment","Treatment","T11",7,"Veillonella (genus)",0,1,"T11"
"treatment","Treatment","T11",7,"Clostridiaceae (family)",0,1,"T11"
"treatment","Treatment","T11",7,"Others",0.000126700960393245,1,"T11"
"treatment","Treatment","T11",8,"Streptococcus (genus)",0.00972858479877839,1,"T11"
"treatment","Treatment","T11",8,"Listeriaceae (family)",0.987808482340771,1,"T11"
"treatment","Treatment","T11",8,"Blautia (genus)",0.000246293286045022,1,"T11"
"treatment","Treatment","T11",8,"Lactobacillus (genus)",9.8517314418009e-05,1,"T11"
"treatment","Treatment","T11",8,"Enterobacteriaceae (family)",9.8517314418009e-05,1,"T11"
"treatment","Treatment","T11",8,"Lachnospiraceae (family)",0,1,"T11"
"treatment","Treatment","T11",8,"[Coprobacillaceae] (family)",7.38879858135067e-05,1,"T11"
"treatment","Treatment","T11",8,"[Eubacterium] (genus)",0,1,"T11"
"treatment","Treatment","T11",8,"Staphylococcus (genus)",0,1,"T11"
"treatment","Treatment","T11",8,"Lactococcus (genus)",0.00098517314418009,1,"T11"
"treatment","Treatment","T11",8,"Akkermansia (genus)",0,1,"T11"
"treatment","Treatment","T11",8,"[Ruminococcus] (genus)",0.000295551943254027,1,"T11"
"treatment","Treatment","T11",8,"Bifidobacterium (genus)",0.000123146643022511,1,"T11"
"treatment","Treatment","T11",8,"Actinomyces (genus)",9.8517314418009e-05,1,"T11"
"treatment","Treatment","T11",8,"Bacteroides (genus)",0,1,"T11"
"treatment","Treatment","T11",8,"Ruminococcus (genus)",0,1,"T11"
"treatment","Treatment","T11",8,"Peptostreptococcaceae (family)",0,1,"T11"
"treatment","Treatment","T11",8,"Veillonella (genus)",0,1,"T11"
"treatment","Treatment","T11",8,"Clostridiaceae (family)",7.38879858135067e-05,1,"T11"
"treatment","Treatment","T11",8,"Others",0.000369439929067572,1,"T11"
"treatment","Treatment","T11",9,"Streptococcus (genus)",0.000544616673648932,1,"T11"
"treatment","Treatment","T11",9,"Listeriaceae (family)",0.994113950565564,1,"T11"
"treatment","Treatment","T11",9,"Blautia (genus)",0.000146627565982405,1,"T11"
"treatment","Treatment","T11",9,"Lactobacillus (genus)",0,1,"T11"
"treatment","Treatment","T11",9,"Enterobacteriaceae (family)",0.00502723083368245,1,"T11"
"treatment","Treatment","T11",9,"Lachnospiraceae (family)",0,1,"T11"
"treatment","Treatment","T11",9,"[Coprobacillaceae] (family)",6.28403854210306e-05,1,"T11"
"treatment","Treatment","T11",9,"[Eubacterium] (genus)",4.18935902806871e-05,1,"T11"
"treatment","Treatment","T11",9,"Staphylococcus (genus)",0,1,"T11"
"treatment","Treatment","T11",9,"Lactococcus (genus)",6.28403854210306e-05,1,"T11"
"treatment","Treatment","T11",9,"Akkermansia (genus)",0,1,"T11"
"treatment","Treatment","T11",9,"[Ruminococcus] (genus)",0,1,"T11"
"treatment","Treatment","T11",9,"Bifidobacterium (genus)",0,1,"T11"
"treatment","Treatment","T11",9,"Actinomyces (genus)",0,1,"T11"
"treatment","Treatment","T11",9,"Bacteroides (genus)",0,1,"T11"
"treatment","Treatment","T11",9,"Ruminococcus (genus)",0,1,"T11"
"treatment","Treatment","T11",9,"Peptostreptococcaceae (family)",0,1,"T11"
"treatment","Treatment","T11",9,"Veillonella (genus)",0,1,"T11"
"treatment","Treatment","T11",9,"Clostridiaceae (family)",0,1,"T11"
"treatment","Treatment","T11",9,"Others",0,1,"T11"
"treatment","Treatment","T11",10,"Streptococcus (genus)",0.00243346007604563,1,"T11"
"treatment","Treatment","T11",10,"Listeriaceae (family)",0.997414448669201,1,"T11"
"treatment","Treatment","T11",10,"Blautia (genus)",0,1,"T11"
"treatment","Treatment","T11",10,"Lactobacillus (genus)",0,1,"T11"
"treatment","Treatment","T11",10,"Enterobacteriaceae (family)",0,1,"T11"
"treatment","Treatment","T11",10,"Lachnospiraceae (family)",0,1,"T11"
"treatment","Treatment","T11",10,"[Coprobacillaceae] (family)",0,1,"T11"
"treatment","Treatment","T11",10,"[Eubacterium] (genus)",7.60456273764259e-05,1,"T11"
"treatment","Treatment","T11",10,"Staphylococcus (genus)",0,1,"T11"
"treatment","Treatment","T11",10,"Lactococcus (genus)",0,1,"T11"
"treatment","Treatment","T11",10,"Akkermansia (genus)",0,1,"T11"
"treatment","Treatment","T11",10,"[Ruminococcus] (genus)",0,1,"T11"
"treatment","Treatment","T11",10,"Bifidobacterium (genus)",0,1,"T11"
"treatment","Treatment","T11",10,"Actinomyces (genus)",0,1,"T11"
"treatment","Treatment","T11",10,"Bacteroides (genus)",0,1,"T11"
"treatment","Treatment","T11",10,"Ruminococcus (genus)",0,1,"T11"
"treatment","Treatment","T11",10,"Peptostreptococcaceae (family)",0,1,"T11"
"treatment","Treatment","T11",10,"Veillonella (genus)",0,1,"T11"
"treatment","Treatment","T11",10,"Clostridiaceae (family)",0,1,"T11"
"treatment","Treatment","T11",10,"Others",7.60456273765087e-05,1,"T11"
"treatment","Treatment","T11",11,"Streptococcus (genus)",0.117590395413857,1,"T11"
"treatment","Treatment","T11",11,"Listeriaceae (family)",0.879637243615347,1,"T11"
"treatment","Treatment","T11",11,"Blautia (genus)",4.69891689965463e-05,1,"T11"
"treatment","Treatment","T11",11,"Lactobacillus (genus)",0.000211451260484458,1,"T11"
"treatment","Treatment","T11",11,"Enterobacteriaceae (family)",0.00105725630242229,1,"T11"
"treatment","Treatment","T11",11,"Lachnospiraceae (family)",0,1,"T11"
"treatment","Treatment","T11",11,"[Coprobacillaceae] (family)",0,1,"T11"
"treatment","Treatment","T11",11,"[Eubacterium] (genus)",4.69891689965463e-05,1,"T11"
"treatment","Treatment","T11",11,"Staphylococcus (genus)",0,1,"T11"
"treatment","Treatment","T11",11,"Lactococcus (genus)",0,1,"T11"
"treatment","Treatment","T11",11,"Akkermansia (genus)",0,1,"T11"
"treatment","Treatment","T11",11,"[Ruminococcus] (genus)",0,1,"T11"
"treatment","Treatment","T11",11,"Bifidobacterium (genus)",0,1,"T11"
"treatment","Treatment","T11",11,"Actinomyces (genus)",0,1,"T11"
"treatment","Treatment","T11",11,"Bacteroides (genus)",0,1,"T11"
"treatment","Treatment","T11",11,"Ruminococcus (genus)",0,1,"T11"
"treatment","Treatment","T11",11,"Peptostreptococcaceae (family)",0,1,"T11"
"treatment","Treatment","T11",11,"Veillonella (genus)",0,1,"T11"
"treatment","Treatment","T11",11,"Clostridiaceae (family)",0,1,"T11"
"treatment","Treatment","T11",11,"Others",0.00140967506989631,1,"T11"
"treatment","Treatment","T11",12,"Streptococcus (genus)",0.0123817834485036,1,"T11"
"treatment","Treatment","T11",12,"Listeriaceae (family)",0.967807363033891,1,"T11"
"treatment","Treatment","T11",12,"Blautia (genus)",0.000283012193108653,1,"T11"
"treatment","Treatment","T11",12,"Lactobacillus (genus)",0.000117921747128605,1,"T11"
"treatment","Treatment","T11",12,"Enterobacteriaceae (family)",0.00528289427136152,1,"T11"
"treatment","Treatment","T11",12,"Lachnospiraceae (family)",0,1,"T11"
"treatment","Treatment","T11",12,"[Coprobacillaceae] (family)",4.71686988514422e-05,1,"T11"
"treatment","Treatment","T11",12,"[Eubacterium] (genus)",4.71686988514422e-05,1,"T11"
"treatment","Treatment","T11",12,"Staphylococcus (genus)",0,1,"T11"
"treatment","Treatment","T11",12,"Lactococcus (genus)",4.71686988514422e-05,1,"T11"
"treatment","Treatment","T11",12,"Akkermansia (genus)",0,1,"T11"
"treatment","Treatment","T11",12,"[Ruminococcus] (genus)",7.07530482771633e-05,1,"T11"
"treatment","Treatment","T11",12,"Bifidobacterium (genus)",0,1,"T11"
"treatment","Treatment","T11",12,"Actinomyces (genus)",4.71686988514422e-05,1,"T11"
"treatment","Treatment","T11",12,"Bacteroides (genus)",0,1,"T11"
"treatment","Treatment","T11",12,"Ruminococcus (genus)",0,1,"T11"
"treatment","Treatment","T11",12,"Peptostreptococcaceae (family)",0,1,"T11"
"treatment","Treatment","T11",12,"Veillonella (genus)",0,1,"T11"
"treatment","Treatment","T11",12,"Clostridiaceae (family)",0.0101412702530601,1,"T11"
"treatment","Treatment","T11",12,"Others",0.00372632720926369,1,"T11"
"treatment","Treatment","T11",13,"Streptococcus (genus)",0.0485564344905282,2,"T11"
"treatment","Treatment","T11",13,"Listeriaceae (family)",0.945268171037439,2,"T11"
"treatment","Treatment","T11",13,"Blautia (genus)",7.3183032673002e-05,2,"T11"
"treatment","Treatment","T11",13,"Lactobacillus (genus)",0.000110017154118981,2,"T11"
"treatment","Treatment","T11",13,"Enterobacteriaceae (family)",0.00464146204721322,2,"T11"
"treatment","Treatment","T11",13,"Lachnospiraceae (family)",5.15718005245913e-05,2,"T11"
"treatment","Treatment","T11",13,"[Coprobacillaceae] (family)",2.65237918412816e-05,2,"T11"
"treatment","Treatment","T11",13,"[Eubacterium] (genus)",0,2,"T11"
"treatment","Treatment","T11",13,"Staphylococcus (genus)",2.50480086833097e-05,2,"T11"
"treatment","Treatment","T11",13,"Lactococcus (genus)",4.32224642968214e-05,2,"T11"
"treatment","Treatment","T11",13,"Akkermansia (genus)",0,2,"T11"
"treatment","Treatment","T11",13,"[Ruminococcus] (genus)",2.65237918412816e-05,2,"T11"
"treatment","Treatment","T11",13,"Bifidobacterium (genus)",4.32224642968214e-05,2,"T11"
"treatment","Treatment","T11",13,"Actinomyces (genus)",0,2,"T11"
"treatment","Treatment","T11",13,"Bacteroides (genus)",0,2,"T11"
"treatment","Treatment","T11",13,"Ruminococcus (genus)",0,2,"T11"
"treatment","Treatment","T11",13,"Peptostreptococcaceae (family)",0,2,"T11"
"treatment","Treatment","T11",13,"Veillonella (genus)",0,2,"T11"
"treatment","Treatment","T11",13,"Clostridiaceae (family)",1.66986724555398e-05,2,"T11"
"treatment","Treatment","T11",13,"Others",0.00111792124408788,2,"T11"
"treatment","Treatment","T11",14,"Streptococcus (genus)",0.00170183798502383,1,"T11"
"treatment","Treatment","T11",14,"Listeriaceae (family)",0.954901293396869,1,"T11"
"treatment","Treatment","T11",14,"Blautia (genus)",0.000106364874063989,1,"T11"
"treatment","Treatment","T11",14,"Lactobacillus (genus)",0,1,"T11"
"treatment","Treatment","T11",14,"Enterobacteriaceae (family)",0.04303522804629,1,"T11"
"treatment","Treatment","T11",14,"Lachnospiraceae (family)",0,1,"T11"
"treatment","Treatment","T11",14,"[Coprobacillaceae] (family)",0,1,"T11"
"treatment","Treatment","T11",14,"[Eubacterium] (genus)",0,1,"T11"
"treatment","Treatment","T11",14,"Staphylococcus (genus)",6.38189244383935e-05,1,"T11"
"treatment","Treatment","T11",14,"Lactococcus (genus)",4.25459496255956e-05,1,"T11"
"treatment","Treatment","T11",14,"Akkermansia (genus)",0,1,"T11"
"treatment","Treatment","T11",14,"[Ruminococcus] (genus)",0,1,"T11"
"treatment","Treatment","T11",14,"Bifidobacterium (genus)",0,1,"T11"
"treatment","Treatment","T11",14,"Actinomyces (genus)",0,1,"T11"
"treatment","Treatment","T11",14,"Bacteroides (genus)",0,1,"T11"
"treatment","Treatment","T11",14,"Ruminococcus (genus)",0,1,"T11"
"treatment","Treatment","T11",14,"Peptostreptococcaceae (family)",0,1,"T11"
"treatment","Treatment","T11",14,"Veillonella (genus)",0,1,"T11"
"treatment","Treatment","T11",14,"Clostridiaceae (family)",0,1,"T11"
"treatment","Treatment","T11",14,"Others",0.000148910823689508,1,"T11"
"treatment","Treatment","T11",15,"Streptococcus (genus)",0.0467464744685339,1,"T11"
"treatment","Treatment","T11",15,"Listeriaceae (family)",0.850553102976792,1,"T11"
"treatment","Treatment","T11",15,"Blautia (genus)",0.0011963897394125,1,"T11"
"treatment","Treatment","T11",15,"Lactobacillus (genus)",0.000280006109224201,1,"T11"
"treatment","Treatment","T11",15,"Enterobacteriaceae (family)",0.0926783857102337,1,"T11"
"treatment","Treatment","T11",15,"Lachnospiraceae (family)",0.000920020073165233,1,"T11"
"treatment","Treatment","T11",15,"[Coprobacillaceae] (family)",0.000163639933962196,1,"T11"
"treatment","Treatment","T11",15,"[Eubacterium] (genus)",6.90924165618159e-05,1,"T11"
"treatment","Treatment","T11",15,"Staphylococcus (genus)",7.27288595387536e-06,1,"T11"
"treatment","Treatment","T11",15,"Lactococcus (genus)",8.00017454926289e-05,1,"T11"
"treatment","Treatment","T11",15,"Akkermansia (genus)",0.000105456846331193,1,"T11"
"treatment","Treatment","T11",15,"[Ruminococcus] (genus)",0.000585467319286966,1,"T11"
"treatment","Treatment","T11",15,"Bifidobacterium (genus)",7.63653025156913e-05,1,"T11"
"treatment","Treatment","T11",15,"Actinomyces (genus)",2.54551008385637e-05,1,"T11"
"treatment","Treatment","T11",15,"Bacteroides (genus)",0.000523647788679026,1,"T11"
"treatment","Treatment","T11",15,"Ruminococcus (genus)",0.000327279867924391,1,"T11"
"treatment","Treatment","T11",15,"Peptostreptococcaceae (family)",0.00101820403354255,1,"T11"
"treatment","Treatment","T11",15,"Veillonella (genus)",4.00008727463145e-05,1,"T11"
"treatment","Treatment","T11",15,"Clostridiaceae (family)",0.000196367920754635,1,"T11"
"treatment","Treatment","T11",15,"Others",0.00440736888804849,1,"T11"
"treatment","Treatment","T11",16,"Streptococcus (genus)",0.113833588565595,1,"T11"
"treatment","Treatment","T11",16,"Listeriaceae (family)",0.794282797345584,1,"T11"
"treatment","Treatment","T11",16,"Blautia (genus)",0,1,"T11"
"treatment","Treatment","T11",16,"Lactobacillus (genus)",0.00510464522715671,1,"T11"
"treatment","Treatment","T11",16,"Enterobacteriaceae (family)",0.0592138846350179,1,"T11"
"treatment","Treatment","T11",16,"Lachnospiraceae (family)",0.00102092904543134,1,"T11"
"treatment","Treatment","T11",16,"[Coprobacillaceae] (family)",0,1,"T11"
"treatment","Treatment","T11",16,"[Eubacterium] (genus)",0,1,"T11"
"treatment","Treatment","T11",16,"Staphylococcus (genus)",0,1,"T11"
"treatment","Treatment","T11",16,"Lactococcus (genus)",0.0265441551812149,1,"T11"
"treatment","Treatment","T11",16,"Akkermansia (genus)",0,1,"T11"
"treatment","Treatment","T11",16,"[Ruminococcus] (genus)",0,1,"T11"
"treatment","Treatment","T11",16,"Bifidobacterium (genus)",0,1,"T11"
"treatment","Treatment","T11",16,"Actinomyces (genus)",0,1,"T11"
"treatment","Treatment","T11",16,"Bacteroides (genus)",0,1,"T11"
"treatment","Treatment","T11",16,"Ruminococcus (genus)",0,1,"T11"
"treatment","Treatment","T11",16,"Peptostreptococcaceae (family)",0,1,"T11"
"treatment","Treatment","T11",16,"Veillonella (genus)",0,1,"T11"
"treatment","Treatment","T11",16,"Clostridiaceae (family)",0,1,"T11"
"treatment","Treatment","T11",16,"Others",0,1,"T11"
"treatment","Treatment","T11",17,"Streptococcus (genus)",0.0633487730363654,1,"T11"
"treatment","Treatment","T11",17,"Listeriaceae (family)",0.635852961466443,1,"T11"
"treatment","Treatment","T11",17,"Blautia (genus)",9.85512959495417e-05,1,"T11"
"treatment","Treatment","T11",17,"Lactobacillus (genus)",0.00390263131960185,1,"T11"
"treatment","Treatment","T11",17,"Enterobacteriaceae (family)",0.257514536316153,1,"T11"
"treatment","Treatment","T11",17,"Lachnospiraceae (family)",3.94205183798167e-05,1,"T11"
"treatment","Treatment","T11",17,"[Coprobacillaceae] (family)",0,1,"T11"
"treatment","Treatment","T11",17,"[Eubacterium] (genus)",0,1,"T11"
"treatment","Treatment","T11",17,"Staphylococcus (genus)",0,1,"T11"
"treatment","Treatment","T11",17,"Lactococcus (genus)",0.0378239873854341,1,"T11"
"treatment","Treatment","T11",17,"Akkermansia (genus)",0,1,"T11"
"treatment","Treatment","T11",17,"[Ruminococcus] (genus)",9.85512959495417e-05,1,"T11"
"treatment","Treatment","T11",17,"Bifidobacterium (genus)",0,1,"T11"
"treatment","Treatment","T11",17,"Actinomyces (genus)",0,1,"T11"
"treatment","Treatment","T11",17,"Bacteroides (genus)",7.88410367596334e-05,1,"T11"
"treatment","Treatment","T11",17,"Ruminococcus (genus)",0,1,"T11"
"treatment","Treatment","T11",17,"Peptostreptococcaceae (family)",3.94205183798167e-05,1,"T11"
"treatment","Treatment","T11",17,"Veillonella (genus)",0,1,"T11"
"treatment","Treatment","T11",17,"Clostridiaceae (family)",0,1,"T11"
"treatment","Treatment","T11",17,"Others",0.00120232581058455,1,"T11"
"treatment","Treatment","T11",18,"Streptococcus (genus)",0.00200283631478118,1,"T11"
"treatment","Treatment","T11",18,"Listeriaceae (family)",0.589704674943398,1,"T11"
"treatment","Treatment","T11",18,"Blautia (genus)",9.95198168835369e-05,1,"T11"
"treatment","Treatment","T11",18,"Lactobacillus (genus)",8.70798397730948e-05,1,"T11"
"treatment","Treatment","T11",18,"Enterobacteriaceae (family)",0.382131216878561,1,"T11"
"treatment","Treatment","T11",18,"Lachnospiraceae (family)",4.97599084417685e-05,1,"T11"
"treatment","Treatment","T11",18,"[Coprobacillaceae] (family)",0,1,"T11"
"treatment","Treatment","T11",18,"[Eubacterium] (genus)",4.97599084417685e-05,1,"T11"
"treatment","Treatment","T11",18,"Staphylococcus (genus)",0,1,"T11"
"treatment","Treatment","T11",18,"Lactococcus (genus)",0.00185355658945588,1,"T11"
"treatment","Treatment","T11",18,"Akkermansia (genus)",0,1,"T11"
"treatment","Treatment","T11",18,"[Ruminococcus] (genus)",6.21998855522106e-05,1,"T11"
"treatment","Treatment","T11",18,"Bifidobacterium (genus)",0,1,"T11"
"treatment","Treatment","T11",18,"Actinomyces (genus)",2.48799542208842e-05,1,"T11"
"treatment","Treatment","T11",18,"Bacteroides (genus)",0,1,"T11"
"treatment","Treatment","T11",18,"Ruminococcus (genus)",2.48799542208842e-05,1,"T11"
"treatment","Treatment","T11",18,"Peptostreptococcaceae (family)",2.48799542208842e-05,1,"T11"
"treatment","Treatment","T11",18,"Veillonella (genus)",0.00668026770830742,1,"T11"
"treatment","Treatment","T11",18,"Clostridiaceae (family)",0,1,"T11"
"treatment","Treatment","T11",18,"Others",0.0172044883437416,1,"T11"
"treatment","Treatment","T11",19,"Streptococcus (genus)",0.000365890842565301,1,"T11"
"treatment","Treatment","T11",19,"Listeriaceae (family)",0.485923366195752,1,"T11"
"treatment","Treatment","T11",19,"Blautia (genus)",8.13090761256225e-05,1,"T11"
"treatment","Treatment","T11",19,"Lactobacillus (genus)",0,1,"T11"
"treatment","Treatment","T11",19,"Enterobacteriaceae (family)",0.510377070840533,1,"T11"
"treatment","Treatment","T11",19,"Lachnospiraceae (family)",0,1,"T11"
"treatment","Treatment","T11",19,"[Coprobacillaceae] (family)",0,1,"T11"
"treatment","Treatment","T11",19,"[Eubacterium] (genus)",0,1,"T11"
"treatment","Treatment","T11",19,"Staphylococcus (genus)",0,1,"T11"
"treatment","Treatment","T11",19,"Lactococcus (genus)",0.000162618152251245,1,"T11"
"treatment","Treatment","T11",19,"Akkermansia (genus)",0,1,"T11"
"treatment","Treatment","T11",19,"[Ruminococcus] (genus)",0,1,"T11"
"treatment","Treatment","T11",19,"Bifidobacterium (genus)",0,1,"T11"
"treatment","Treatment","T11",19,"Actinomyces (genus)",0,1,"T11"
"treatment","Treatment","T11",19,"Bacteroides (genus)",0,1,"T11"
"treatment","Treatment","T11",19,"Ruminococcus (genus)",0,1,"T11"
"treatment","Treatment","T11",19,"Peptostreptococcaceae (family)",0,1,"T11"
"treatment","Treatment","T11",19,"Veillonella (genus)",0.000142290883219839,1,"T11"
"treatment","Treatment","T11",19,"Clostridiaceae (family)",0,1,"T11"
"treatment","Treatment","T11",19,"Others",0.00294745400955387,1,"T11"
"treatment","Treatment","T11",20,"Streptococcus (genus)",0.000221131307770554,1,"T11"
"treatment","Treatment","T11",20,"Listeriaceae (family)",0.455331475830348,1,"T11"
"treatment","Treatment","T11",20,"Blautia (genus)",4.42262615541108e-05,1,"T11"
"treatment","Treatment","T11",20,"Lactobacillus (genus)",4.42262615541108e-05,1,"T11"
"treatment","Treatment","T11",20,"Enterobacteriaceae (family)",0.536221308212817,1,"T11"
"treatment","Treatment","T11",20,"Lachnospiraceae (family)",4.42262615541108e-05,1,"T11"
"treatment","Treatment","T11",20,"[Coprobacillaceae] (family)",0,1,"T11"
"treatment","Treatment","T11",20,"[Eubacterium] (genus)",0,1,"T11"
"treatment","Treatment","T11",20,"Staphylococcus (genus)",0,1,"T11"
"treatment","Treatment","T11",20,"Lactococcus (genus)",8.84525231082217e-05,1,"T11"
"treatment","Treatment","T11",20,"Akkermansia (genus)",0,1,"T11"
"treatment","Treatment","T11",20,"[Ruminococcus] (genus)",4.42262615541108e-05,1,"T11"
"treatment","Treatment","T11",20,"Bifidobacterium (genus)",0,1,"T11"
"treatment","Treatment","T11",20,"Actinomyces (genus)",0,1,"T11"
"treatment","Treatment","T11",20,"Bacteroides (genus)",0,1,"T11"
"treatment","Treatment","T11",20,"Ruminococcus (genus)",0,1,"T11"
"treatment","Treatment","T11",20,"Peptostreptococcaceae (family)",0,1,"T11"
"treatment","Treatment","T11",20,"Veillonella (genus)",0.000972977754190438,1,"T11"
"treatment","Treatment","T11",20,"Clostridiaceae (family)",0,1,"T11"
"treatment","Treatment","T11",20,"Others",0.00698774932554957,1,"T11"
"treatment","Treatment","T11",21,"Streptococcus (genus)",0.00116692034500254,1,"T11"
"treatment","Treatment","T11",21,"Listeriaceae (family)",0.478640284119736,1,"T11"
"treatment","Treatment","T11",21,"Blautia (genus)",0.00076103500761035,1,"T11"
"treatment","Treatment","T11",21,"Lactobacillus (genus)",0.00015220700152207,1,"T11"
"treatment","Treatment","T11",21,"Enterobacteriaceae (family)",0.50050735667174,1,"T11"
"treatment","Treatment","T11",21,"Lachnospiraceae (family)",0.000101471334348047,1,"T11"
"treatment","Treatment","T11",21,"[Coprobacillaceae] (family)",0.00015220700152207,1,"T11"
"treatment","Treatment","T11",21,"[Eubacterium] (genus)",0.00030441400304414,1,"T11"
"treatment","Treatment","T11",21,"Staphylococcus (genus)",0,1,"T11"
"treatment","Treatment","T11",21,"Lactococcus (genus)",0,1,"T11"
"treatment","Treatment","T11",21,"Akkermansia (genus)",0.000202942668696093,1,"T11"
"treatment","Treatment","T11",21,"[Ruminococcus] (genus)",0.00030441400304414,1,"T11"
"treatment","Treatment","T11",21,"Bifidobacterium (genus)",0.000405885337392187,1,"T11"
"treatment","Treatment","T11",21,"Actinomyces (genus)",0.000507356671740233,1,"T11"
"treatment","Treatment","T11",21,"Bacteroides (genus)",0,1,"T11"
"treatment","Treatment","T11",21,"Ruminococcus (genus)",0.000558092338914257,1,"T11"
"treatment","Treatment","T11",21,"Peptostreptococcaceae (family)",0.000101471334348047,1,"T11"
"treatment","Treatment","T11",21,"Veillonella (genus)",0.00136986301369863,1,"T11"
"treatment","Treatment","T11",21,"Clostridiaceae (family)",0.00015220700152207,1,"T11"
"treatment","Treatment","T11",21,"Others",0.0146118721461186,1,"T11"
"treatment","Treatment","T11",29,"Streptococcus (genus)",0.0585747158559468,2,"T11"
"treatment","Treatment","T11",29,"Listeriaceae (family)",0.00978427292189841,2,"T11"
"treatment","Treatment","T11",29,"Blautia (genus)",0.129347162716521,2,"T11"
"treatment","Treatment","T11",29,"Lactobacillus (genus)",0.000498129514890755,2,"T11"
"treatment","Treatment","T11",29,"Enterobacteriaceae (family)",0.0902834628633407,2,"T11"
"treatment","Treatment","T11",29,"Lachnospiraceae (family)",0.0856640720984239,2,"T11"
"treatment","Treatment","T11",29,"[Coprobacillaceae] (family)",0.0134566691420031,2,"T11"
"treatment","Treatment","T11",29,"[Eubacterium] (genus)",0.0347731492136555,2,"T11"
"treatment","Treatment","T11",29,"Staphylococcus (genus)",0,2,"T11"
"treatment","Treatment","T11",29,"Lactococcus (genus)",8.91516020717243e-05,2,"T11"
"treatment","Treatment","T11",29,"Akkermansia (genus)",0.0314424522080567,2,"T11"
"treatment","Treatment","T11",29,"[Ruminococcus] (genus)",0.0222069231946578,2,"T11"
"treatment","Treatment","T11",29,"Bifidobacterium (genus)",0.0108403651782526,2,"T11"
"treatment","Treatment","T11",29,"Actinomyces (genus)",0.00055369136901219,2,"T11"
"treatment","Treatment","T11",29,"Bacteroides (genus)",0.0964235772956855,2,"T11"
"treatment","Treatment","T11",29,"Ruminococcus (genus)",0.115394995663437,2,"T11"
"treatment","Treatment","T11",29,"Peptostreptococcaceae (family)",0.00716486363919799,2,"T11"
"treatment","Treatment","T11",29,"Veillonella (genus)",0.00843881856540084,2,"T11"
"treatment","Treatment","T11",29,"Clostridiaceae (family)",0.0354695032887962,2,"T11"
"treatment","Treatment","T11",29,"Others",0.249594023668751,2,"T11"
"treatment","Treatment","T11",33,"Streptococcus (genus)",0.0866678737401171,1,"T11"
"treatment","Treatment","T11",33,"Listeriaceae (family)",0.0229343955579697,1,"T11"
"treatment","Treatment","T11",33,"Blautia (genus)",0.124026797030599,1,"T11"
"treatment","Treatment","T11",33,"Lactobacillus (genus)",0.0057939525620134,1,"T11"
"treatment","Treatment","T11",33,"Enterobacteriaceae (family)",0.00295732995352767,1,"T11"
"treatment","Treatment","T11",33,"Lachnospiraceae (family)",0.0711268030659666,1,"T11"
"treatment","Treatment","T11",33,"[Coprobacillaceae] (family)",0,1,"T11"
"treatment","Treatment","T11",33,"[Eubacterium] (genus)",0.207676987144668,1,"T11"
"treatment","Treatment","T11",33,"Staphylococcus (genus)",0,1,"T11"
"treatment","Treatment","T11",33,"Lactococcus (genus)",9.05305087814593e-05,1,"T11"
"treatment","Treatment","T11",33,"Akkermansia (genus)",0,1,"T11"
"treatment","Treatment","T11",33,"[Ruminococcus] (genus)",0.086788581085159,1,"T11"
"treatment","Treatment","T11",33,"Bifidobacterium (genus)",0.000120707345041946,1,"T11"
"treatment","Treatment","T11",33,"Actinomyces (genus)",0.00995835596596053,1,"T11"
"treatment","Treatment","T11",33,"Bacteroides (genus)",0.000754420906512161,1,"T11"
"treatment","Treatment","T11",33,"Ruminococcus (genus)",0.000995835596596053,1,"T11"
"treatment","Treatment","T11",33,"Peptostreptococcaceae (family)",0.0296638300440582,1,"T11"
"treatment","Treatment","T11",33,"Veillonella (genus)",6.03536725209729e-05,1,"T11"
"treatment","Treatment","T11",33,"Clostridiaceae (family)",0.00150884181302432,1,"T11"
"treatment","Treatment","T11",33,"Others",0.348874404007484,1,"T11"
"treatment","Treatment","T11",62,"Streptococcus (genus)",0.111908456167572,1,"T11"
"treatment","Treatment","T11",62,"Listeriaceae (family)",0.000678820791311094,1,"T11"
"treatment","Treatment","T11",62,"Blautia (genus)",0.167232350659426,1,"T11"
"treatment","Treatment","T11",62,"Lactobacillus (genus)",0.00213343677269201,1,"T11"
"treatment","Treatment","T11",62,"Enterobacteriaceae (family)",0.000193948797517455,1,"T11"
"treatment","Treatment","T11",62,"Lachnospiraceae (family)",0.0931923972071373,1,"T11"
"treatment","Treatment","T11",62,"[Coprobacillaceae] (family)",9.69743987587277e-05,1,"T11"
"treatment","Treatment","T11",62,"[Eubacterium] (genus)",0.11738750969744,1,"T11"
"treatment","Treatment","T11",62,"Staphylococcus (genus)",0,1,"T11"
"treatment","Treatment","T11",62,"Lactococcus (genus)",0,1,"T11"
"treatment","Treatment","T11",62,"Akkermansia (genus)",0.000387897595034911,1,"T11"
"treatment","Treatment","T11",62,"[Ruminococcus] (genus)",0.0146916214119472,1,"T11"
"treatment","Treatment","T11",62,"Bifidobacterium (genus)",0.0185705973622964,1,"T11"
"treatment","Treatment","T11",62,"Actinomyces (genus)",0.000824282389449185,1,"T11"
"treatment","Treatment","T11",62,"Bacteroides (genus)",0.00145461598138092,1,"T11"
"treatment","Treatment","T11",62,"Ruminococcus (genus)",0.260570209464701,1,"T11"
"treatment","Treatment","T11",62,"Peptostreptococcaceae (family)",0.0173099301784329,1,"T11"
"treatment","Treatment","T11",62,"Veillonella (genus)",0,1,"T11"
"treatment","Treatment","T11",62,"Clostridiaceae (family)",0,1,"T11"
"treatment","Treatment","T11",62,"Others",0.193366951124903,1,"T11"
"treatment","Treatment","T11",86,"Streptococcus (genus)",0.19614711033275,1,"T11"
"treatment","Treatment","T11",86,"Listeriaceae (family)",0.000607598556059902,1,"T11"
"treatment","Treatment","T11",86,"Blautia (genus)",0.0602594803245291,1,"T11"
"treatment","Treatment","T11",86,"Lactobacillus (genus)",0.000107223274598806,1,"T11"
"treatment","Treatment","T11",86,"Enterobacteriaceae (family)",0.000214446549197612,1,"T11"
"treatment","Treatment","T11",86,"Lachnospiraceae (family)",0.0212302083705636,1,"T11"
"treatment","Treatment","T11",86,"[Coprobacillaceae] (family)",0,1,"T11"
"treatment","Treatment","T11",86,"[Eubacterium] (genus)",0.260838486007363,1,"T11"
"treatment","Treatment","T11",86,"Staphylococcus (genus)",0,1,"T11"
"treatment","Treatment","T11",86,"Lactococcus (genus)",0,1,"T11"
"treatment","Treatment","T11",86,"Akkermansia (genus)",7.14821830658708e-05,1,"T11"
"treatment","Treatment","T11",86,"[Ruminococcus] (genus)",0.193323564101648,1,"T11"
"treatment","Treatment","T11",86,"Bifidobacterium (genus)",0.00250187640730548,1,"T11"
"treatment","Treatment","T11",86,"Actinomyces (genus)",0.00375281461095822,1,"T11"
"treatment","Treatment","T11",86,"Bacteroides (genus)",0.00264484077343722,1,"T11"
"treatment","Treatment","T11",86,"Ruminococcus (genus)",0,1,"T11"
"treatment","Treatment","T11",86,"Peptostreptococcaceae (family)",0.0782015082740627,1,"T11"
"treatment","Treatment","T11",86,"Veillonella (genus)",0,1,"T11"
"treatment","Treatment","T11",86,"Clostridiaceae (family)",0.000142964366131742,1,"T11"
"treatment","Treatment","T11",86,"Others",0.17995639586833,1,"T11"
"treatment","Treatment","T11",90,"Streptococcus (genus)",0.145898079952318,1,"T11"
"treatment","Treatment","T11",90,"Listeriaceae (family)",0.000468304312656988,1,"T11"
"treatment","Treatment","T11",90,"Blautia (genus)",0.0821235471923028,1,"T11"
"treatment","Treatment","T11",90,"Lactobacillus (genus)",0.000936608625313977,1,"T11"
"treatment","Treatment","T11",90,"Enterobacteriaceae (family)",0.00344842266592873,1,"T11"
"treatment","Treatment","T11",90,"Lachnospiraceae (family)",0.0184767337902848,1,"T11"
"treatment","Treatment","T11",90,"[Coprobacillaceae] (family)",0,1,"T11"
"treatment","Treatment","T11",90,"[Eubacterium] (genus)",0.32449231555196,1,"T11"
"treatment","Treatment","T11",90,"Staphylococcus (genus)",0,1,"T11"
"treatment","Treatment","T11",90,"Lactococcus (genus)",0,1,"T11"
"treatment","Treatment","T11",90,"Akkermansia (genus)",8.5146238664907e-05,1,"T11"
"treatment","Treatment","T11",90,"[Ruminococcus] (genus)",0.195495763974626,1,"T11"
"treatment","Treatment","T11",90,"Bifidobacterium (genus)",0.0401890246498361,1,"T11"
"treatment","Treatment","T11",90,"Actinomyces (genus)",0.00178807101196305,1,"T11"
"treatment","Treatment","T11",90,"Bacteroides (genus)",0.0018306441312955,1,"T11"
"treatment","Treatment","T11",90,"Ruminococcus (genus)",0.000170292477329814,1,"T11"
"treatment","Treatment","T11",90,"Peptostreptococcaceae (family)",0.0329941674826515,1,"T11"
"treatment","Treatment","T11",90,"Veillonella (genus)",0.000340584954659628,1,"T11"
"treatment","Treatment","T11",90,"Clostridiaceae (family)",0,1,"T11"
"treatment","Treatment","T11",90,"Others",0.151262292988207,1,"T11"
"treatment","Treatment","T12",0,"Streptococcus (genus)",0.251617669536862,1,"T12"
"treatment","Treatment","T12",0,"Listeriaceae (family)",0.000101900443266928,1,"T12"
"treatment","Treatment","T12",0,"Blautia (genus)",0.459086972028328,1,"T12"
"treatment","Treatment","T12",0,"Lactobacillus (genus)",0.0336780964997198,1,"T12"
"treatment","Treatment","T12",0,"Enterobacteriaceae (family)",0,1,"T12"
"treatment","Treatment","T12",0,"Lachnospiraceae (family)",0.0649615325826667,1,"T12"
"treatment","Treatment","T12",0,"[Coprobacillaceae] (family)",0.046109950578285,1,"T12"
"treatment","Treatment","T12",0,"[Eubacterium] (genus)",0.00629235237173282,1,"T12"
"treatment","Treatment","T12",0,"Staphylococcus (genus)",0.000178325775717124,1,"T12"
"treatment","Treatment","T12",0,"Lactococcus (genus)",0.017781627350079,1,"T12"
"treatment","Treatment","T12",0,"Akkermansia (genus)",0.0456513985835838,1,"T12"
"treatment","Treatment","T12",0,"[Ruminococcus] (genus)",0.0164059713659754,1,"T12"
"treatment","Treatment","T12",0,"Bifidobacterium (genus)",5.09502216334641e-05,1,"T12"
"treatment","Treatment","T12",0,"Actinomyces (genus)",0.0177052020176288,1,"T12"
"treatment","Treatment","T12",0,"Bacteroides (genus)",0.000254751108167321,1,"T12"
"treatment","Treatment","T12",0,"Ruminococcus (genus)",0.000152850664900392,1,"T12"
"treatment","Treatment","T12",0,"Peptostreptococcaceae (family)",0.00012737555408366,1,"T12"
"treatment","Treatment","T12",0,"Veillonella (genus)",0.000356651551434249,1,"T12"
"treatment","Treatment","T12",0,"Clostridiaceae (family)",5.09502216334641e-05,1,"T12"
"treatment","Treatment","T12",0,"Others",0.0394354715443012,1,"T12"
"treatment","Treatment","T12",2,"Streptococcus (genus)",0.166242381376368,2,"T12"
"treatment","Treatment","T12",2,"Listeriaceae (family)",0.000694349088871577,2,"T12"
"treatment","Treatment","T12",2,"Blautia (genus)",0.120364736938931,2,"T12"
"treatment","Treatment","T12",2,"Lactobacillus (genus)",0.019018949151165,2,"T12"
"treatment","Treatment","T12",2,"Enterobacteriaceae (family)",0.000183299781930404,2,"T12"
"treatment","Treatment","T12",2,"Lachnospiraceae (family)",0.050221703426756,2,"T12"
"treatment","Treatment","T12",2,"[Coprobacillaceae] (family)",0.00722884368262718,2,"T12"
"treatment","Treatment","T12",2,"[Eubacterium] (genus)",0.0457844367536257,2,"T12"
"treatment","Treatment","T12",2,"Staphylococcus (genus)",0.00124174893387501,2,"T12"
"treatment","Treatment","T12",2,"Lactococcus (genus)",0.00399764958258643,2,"T12"
"treatment","Treatment","T12",2,"Akkermansia (genus)",0.19166812279786,2,"T12"
"treatment","Treatment","T12",2,"[Ruminococcus] (genus)",0.054527496358449,2,"T12"
"treatment","Treatment","T12",2,"Bifidobacterium (genus)",0.00460616871902434,2,"T12"
"treatment","Treatment","T12",2,"Actinomyces (genus)",0.00449852202301736,2,"T12"
"treatment","Treatment","T12",2,"Bacteroides (genus)",0.0058903036827721,2,"T12"
"treatment","Treatment","T12",2,"Ruminococcus (genus)",0.0115955449387158,2,"T12"
"treatment","Treatment","T12",2,"Peptostreptococcaceae (family)",0.00769263943033274,2,"T12"
"treatment","Treatment","T12",2,"Veillonella (genus)",0.00466791938282907,2,"T12"
"treatment","Treatment","T12",2,"Clostridiaceae (family)",0.016691825250437,2,"T12"
"treatment","Treatment","T12",2,"Others",0.283183358699827,2,"T12"
"treatment","Treatment","T12",3,"Streptococcus (genus)",0.42386653204481,1,"T12"
"treatment","Treatment","T12",3,"Listeriaceae (family)",0.00110582239530747,1,"T12"
"treatment","Treatment","T12",3,"Blautia (genus)",0.00774075676715227,1,"T12"
"treatment","Treatment","T12",3,"Lactobacillus (genus)",0.0104812731381316,1,"T12"
"treatment","Treatment","T12",3,"Enterobacteriaceae (family)",9.6158469157171e-05,1,"T12"
"treatment","Treatment","T12",3,"Lachnospiraceae (family)",0.00254819943266503,1,"T12"
"treatment","Treatment","T12",3,"[Coprobacillaceae] (family)",0.000769267753257368,1,"T12"
"treatment","Treatment","T12",3,"[Eubacterium] (genus)",0.00360594259339391,1,"T12"
"treatment","Treatment","T12",3,"Staphylococcus (genus)",0.000288475407471513,1,"T12"
"treatment","Treatment","T12",3,"Lactococcus (genus)",0.510841867397471,1,"T12"
"treatment","Treatment","T12",3,"Akkermansia (genus)",0.00947160921198134,1,"T12"
"treatment","Treatment","T12",3,"[Ruminococcus] (genus)",0.00173085244482908,1,"T12"
"treatment","Treatment","T12",3,"Bifidobacterium (genus)",9.6158469157171e-05,1,"T12"
"treatment","Treatment","T12",3,"Actinomyces (genus)",0.000480792345785855,1,"T12"
"treatment","Treatment","T12",3,"Bacteroides (genus)",0.00120198086446464,1,"T12"
"treatment","Treatment","T12",3,"Ruminococcus (genus)",0.000528871580364441,1,"T12"
"treatment","Treatment","T12",3,"Peptostreptococcaceae (family)",0.000769267753257368,1,"T12"
"treatment","Treatment","T12",3,"Veillonella (genus)",0.000865426222414539,1,"T12"
"treatment","Treatment","T12",3,"Clostridiaceae (family)",0.000480792345785855,1,"T12"
"treatment","Treatment","T12",3,"Others",0.0230299533631423,1,"T12"
"treatment","Treatment","T12",6,"Streptococcus (genus)",0.327697587564348,1,"T12"
"treatment","Treatment","T12",6,"Listeriaceae (family)",0.0199353992126779,1,"T12"
"treatment","Treatment","T12",6,"Blautia (genus)",0.0778742303421823,1,"T12"
"treatment","Treatment","T12",6,"Lactobacillus (genus)",0.0115070152417483,1,"T12"
"treatment","Treatment","T12",6,"Enterobacteriaceae (family)",0.0011607953971939,1,"T12"
"treatment","Treatment","T12",6,"Lachnospiraceae (family)",0.0339658827091955,1,"T12"
"treatment","Treatment","T12",6,"[Coprobacillaceae] (family)",0.007822751589785,1,"T12"
"treatment","Treatment","T12",6,"[Eubacterium] (genus)",0.0144847077823761,1,"T12"
"treatment","Treatment","T12",6,"Staphylococcus (genus)",0.00772181285959423,1,"T12"
"treatment","Treatment","T12",6,"Lactococcus (genus)",0.00570303825577874,1,"T12"
"treatment","Treatment","T12",6,"Akkermansia (genus)",0.0406278389017866,1,"T12"
"treatment","Treatment","T12",6,"[Ruminococcus] (genus)",0.0146361158776623,1,"T12"
"treatment","Treatment","T12",6,"Bifidobacterium (genus)",0.0179166246088624,1,"T12"
"treatment","Treatment","T12",6,"Actinomyces (genus)",0.00565256889068336,1,"T12"
"treatment","Treatment","T12",6,"Bacteroides (genus)",0.00893307762188352,1,"T12"
"treatment","Treatment","T12",6,"Ruminococcus (genus)",0.0192288281013425,1,"T12"
"treatment","Treatment","T12",6,"Peptostreptococcaceae (family)",0.0440597557282729,1,"T12"
"treatment","Treatment","T12",6,"Veillonella (genus)",0.0206419703240133,1,"T12"
"treatment","Treatment","T12",6,"Clostridiaceae (family)",0.0105480973049359,1,"T12"
"treatment","Treatment","T12",6,"Others",0.309881901685677,1,"T12"
"treatment","Treatment","T12",8,"Streptococcus (genus)",0.354261520169359,1,"T12"
"treatment","Treatment","T12",8,"Listeriaceae (family)",0.00142099005306963,1,"T12"
"treatment","Treatment","T12",8,"Blautia (genus)",0.00510396427225009,1,"T12"
"treatment","Treatment","T12",8,"Lactobacillus (genus)",0.00388597279819041,1,"T12"
"treatment","Treatment","T12",8,"Enterobacteriaceae (family)",0.000318997767015631,1,"T12"
"treatment","Treatment","T12",8,"Lachnospiraceae (family)",0.00533596264826146,1,"T12"
"treatment","Treatment","T12",8,"[Coprobacillaceae] (family)",0.00086999391004263,1,"T12"
"treatment","Treatment","T12",8,"[Eubacterium] (genus)",0.00449496853522025,1,"T12"
"treatment","Treatment","T12",8,"Staphylococcus (genus)",0.00681495229533393,1,"T12"
"treatment","Treatment","T12",8,"Lactococcus (genus)",0.530261288170983,1,"T12"
"treatment","Treatment","T12",8,"Akkermansia (genus)",0.00971493199547603,1,"T12"
"treatment","Treatment","T12",8,"[Ruminococcus] (genus)",0.00200098599309805,1,"T12"
"treatment","Treatment","T12",8,"Bifidobacterium (genus)",0.000521996346025578,1,"T12"
"treatment","Treatment","T12",8,"Actinomyces (genus)",0.000376997361018473,1,"T12"
"treatment","Treatment","T12",8,"Bacteroides (genus)",0.00298697909114636,1,"T12"
"treatment","Treatment","T12",8,"Ruminococcus (genus)",0.00107299248905258,1,"T12"
"treatment","Treatment","T12",8,"Peptostreptococcaceae (family)",0.00156598903807673,1,"T12"
"treatment","Treatment","T12",8,"Veillonella (genus)",0.000637995534031262,1,"T12"
"treatment","Treatment","T12",8,"Clostridiaceae (family)",0.00385697300118899,1,"T12"
"treatment","Treatment","T12",8,"Others",0.0644955485311605,1,"T12"
"treatment","Treatment","T12",11,"Streptococcus (genus)",0.251288497800126,1,"T12"
"treatment","Treatment","T12",11,"Listeriaceae (family)",0.000282840980515399,1,"T12"
"treatment","Treatment","T12",11,"Blautia (genus)",0.00175989943431804,1,"T12"
"treatment","Treatment","T12",11,"Lactobacillus (genus)",0.00493400377121307,1,"T12"
"treatment","Treatment","T12",11,"Enterobacteriaceae (family)",0,1,"T12"
"treatment","Treatment","T12",11,"Lachnospiraceae (family)",0.00267127592708988,1,"T12"
"treatment","Treatment","T12",11,"[Coprobacillaceae] (family)",0.000314267756128221,1,"T12"
"treatment","Treatment","T12",11,"[Eubacterium] (genus)",0.00669390320553111,1,"T12"
"treatment","Treatment","T12",11,"Staphylococcus (genus)",0.00461973601508485,1,"T12"
"treatment","Treatment","T12",11,"Lactococcus (genus)",0.716090509113765,1,"T12"
"treatment","Treatment","T12",11,"Akkermansia (genus)",0.000691389063482087,1,"T12"
"treatment","Treatment","T12",11,"[Ruminococcus] (genus)",0.00301697045883092,1,"T12"
"treatment","Treatment","T12",11,"Bifidobacterium (genus)",0,1,"T12"
"treatment","Treatment","T12",11,"Actinomyces (genus)",6.28535512256442e-05,1,"T12"
"treatment","Treatment","T12",11,"Bacteroides (genus)",0.000157133878064111,1,"T12"
"treatment","Treatment","T12",11,"Ruminococcus (genus)",0.000125707102451288,1,"T12"
"treatment","Treatment","T12",11,"Peptostreptococcaceae (family)",0,1,"T12"
"treatment","Treatment","T12",11,"Veillonella (genus)",0.000471401634192332,1,"T12"
"treatment","Treatment","T12",11,"Clostridiaceae (family)",0.000345694531741043,1,"T12"
"treatment","Treatment","T12",11,"Others",0.00647391577624146,1,"T12"
"treatment","Treatment","T12",14,"Streptococcus (genus)",0.0310543878023236,1,"T12"
"treatment","Treatment","T12",14,"Listeriaceae (family)",0.121976764011009,1,"T12"
"treatment","Treatment","T12",14,"Blautia (genus)",0.00153445210317364,1,"T12"
"treatment","Treatment","T12",14,"Lactobacillus (genus)",0.000511484034391212,1,"T12"
"treatment","Treatment","T12",14,"Enterobacteriaceae (family)",0.00121781912950289,1,"T12"
"treatment","Treatment","T12",14,"Lachnospiraceae (family)",0.000608909564751443,1,"T12"
"treatment","Treatment","T12",14,"[Coprobacillaceae] (family)",0.00389702121440924,1,"T12"
"treatment","Treatment","T12",14,"[Eubacterium] (genus)",0.00170494678130404,1,"T12"
"treatment","Treatment","T12",14,"Staphylococcus (genus)",0.659205494799912,1,"T12"
"treatment","Treatment","T12",14,"Lactococcus (genus)",0.000414058504030981,1,"T12"
"treatment","Treatment","T12",14,"Akkermansia (genus)",0.000876829773242078,1,"T12"
"treatment","Treatment","T12",14,"[Ruminococcus] (genus)",0.000608909564751443,1,"T12"
"treatment","Treatment","T12",14,"Bifidobacterium (genus)",0.000511484034391212,1,"T12"
"treatment","Treatment","T12",14,"Actinomyces (genus)",0.000170494678130404,1,"T12"
"treatment","Treatment","T12",14,"Bacteroides (genus)",0.0021920744331052,1,"T12"
"treatment","Treatment","T12",14,"Ruminococcus (genus)",0.000365345738850866,1,"T12"
"treatment","Treatment","T12",14,"Peptostreptococcaceae (family)",0.00107168083396254,1,"T12"
"treatment","Treatment","T12",14,"Veillonella (genus)",0.0058211754390238,1,"T12"
"treatment","Treatment","T12",14,"Clostridiaceae (family)",0.00250870740677595,1,"T12"
"treatment","Treatment","T12",14,"Others",0.163747960152958,1,"T12"
"treatment","Treatment","T12",15,"Streptococcus (genus)",0.0135692366705025,1,"T12"
"treatment","Treatment","T12",15,"Listeriaceae (family)",0.0875047947832758,1,"T12"
"treatment","Treatment","T12",15,"Blautia (genus)",0.000958956655159187,1,"T12"
"treatment","Treatment","T12",15,"Lactobacillus (genus)",0.00148638281549674,1,"T12"
"treatment","Treatment","T12",15,"Enterobacteriaceae (family)",9.58956655159187e-05,1,"T12"
"treatment","Treatment","T12",15,"Lachnospiraceae (family)",0.000335634829305715,1,"T12"
"treatment","Treatment","T12",15,"[Coprobacillaceae] (family)",0.000911008822401227,1,"T12"
"treatment","Treatment","T12",15,"[Eubacterium] (genus)",0.000815113156885309,1,"T12"
"treatment","Treatment","T12",15,"Staphylococcus (genus)",0.769466820099731,1,"T12"
"treatment","Treatment","T12",15,"Lactococcus (genus)",0,1,"T12"
"treatment","Treatment","T12",15,"Akkermansia (genus)",0.000143843498273878,1,"T12"
"treatment","Treatment","T12",15,"[Ruminococcus] (genus)",0.000287686996547756,1,"T12"
"treatment","Treatment","T12",15,"Bifidobacterium (genus)",0.000143843498273878,1,"T12"
"treatment","Treatment","T12",15,"Actinomyces (genus)",0.000287686996547756,1,"T12"
"treatment","Treatment","T12",15,"Bacteroides (genus)",0.000767165324127349,1,"T12"
"treatment","Treatment","T12",15,"Ruminococcus (genus)",0.000431530494821634,1,"T12"
"treatment","Treatment","T12",15,"Peptostreptococcaceae (family)",0.000671269658611431,1,"T12"
"treatment","Treatment","T12",15,"Veillonella (genus)",0.00326045262754124,1,"T12"
"treatment","Treatment","T12",15,"Clostridiaceae (family)",0.00139048714998082,1,"T12"
"treatment","Treatment","T12",15,"Others",0.117472190257,1,"T12"
"treatment","Treatment","T12",16,"Streptococcus (genus)",0.00347538270583368,1,"T12"
"treatment","Treatment","T12",16,"Listeriaceae (family)",0.14370431664598,1,"T12"
"treatment","Treatment","T12",16,"Blautia (genus)",0.000606812853399531,1,"T12"
"treatment","Treatment","T12",16,"Lactobacillus (genus)",0.000496483243690525,1,"T12"
"treatment","Treatment","T12",16,"Enterobacteriaceae (family)",0.000303406426699766,1,"T12"
"treatment","Treatment","T12",16,"Lachnospiraceae (family)",0.000110329609709006,1,"T12"
"treatment","Treatment","T12",16,"[Coprobacillaceae] (family)",0.000137912012136257,1,"T12"
"treatment","Treatment","T12",16,"[Eubacterium] (genus)",0.000165494414563508,1,"T12"
"treatment","Treatment","T12",16,"Staphylococcus (genus)",0.730878499517308,1,"T12"
"treatment","Treatment","T12",16,"Lactococcus (genus)",0.0158047165908151,1,"T12"
"treatment","Treatment","T12",16,"Akkermansia (genus)",0,1,"T12"
"treatment","Treatment","T12",16,"[Ruminococcus] (genus)",0.000220659219418011,1,"T12"
"treatment","Treatment","T12",16,"Bifidobacterium (genus)",5.51648048545028e-05,1,"T12"
"treatment","Treatment","T12",16,"Actinomyces (genus)",0,1,"T12"
"treatment","Treatment","T12",16,"Bacteroides (genus)",5.51648048545028e-05,1,"T12"
"treatment","Treatment","T12",16,"Ruminococcus (genus)",5.51648048545028e-05,1,"T12"
"treatment","Treatment","T12",16,"Peptostreptococcaceae (family)",0.000220659219418011,1,"T12"
"treatment","Treatment","T12",16,"Veillonella (genus)",0.00419252516894222,1,"T12"
"treatment","Treatment","T12",16,"Clostridiaceae (family)",0.000496483243690525,1,"T12"
"treatment","Treatment","T12",16,"Others",0.0990208247138326,1,"T12"
"treatment","Treatment","T12",17,"Streptococcus (genus)",0.0574003131815894,1,"T12"
"treatment","Treatment","T12",17,"Listeriaceae (family)",0.923899670040825,1,"T12"
"treatment","Treatment","T12",17,"Blautia (genus)",0.000901795201610648,1,"T12"
"treatment","Treatment","T12",17,"Lactobacillus (genus)",0.000293607740059281,1,"T12"
"treatment","Treatment","T12",17,"Enterobacteriaceae (family)",0.000412448968178513,1,"T12"
"treatment","Treatment","T12",17,"Lachnospiraceae (family)",0.000796935294446619,1,"T12"
"treatment","Treatment","T12",17,"[Coprobacillaceae] (family)",0.000251663777193669,1,"T12"
"treatment","Treatment","T12",17,"[Eubacterium] (genus)",4.19439628656115e-05,1,"T12"
"treatment","Treatment","T12",17,"Staphylococcus (genus)",0.00134919747217717,1,"T12"
"treatment","Treatment","T12",17,"Lactococcus (genus)",0.00459985459426207,1,"T12"
"treatment","Treatment","T12",17,"Akkermansia (genus)",0.000118841228119233,1,"T12"
"treatment","Treatment","T12",17,"[Ruminococcus] (genus)",0.000447402270566523,1,"T12"
"treatment","Treatment","T12",17,"Bifidobacterium (genus)",5.59252838208154e-05,1,"T12"
"treatment","Treatment","T12",17,"Actinomyces (genus)",0.000321570381969688,1,"T12"
"treatment","Treatment","T12",17,"Bacteroides (genus)",0.000440411610088921,1,"T12"
"treatment","Treatment","T12",17,"Ruminococcus (genus)",0.000132822549074437,1,"T12"
"treatment","Treatment","T12",17,"Peptostreptococcaceae (family)",0.000454392931044125,1,"T12"
"treatment","Treatment","T12",17,"Veillonella (genus)",8.38879257312231e-05,1,"T12"
"treatment","Treatment","T12",17,"Clostridiaceae (family)",0.000223701135283262,1,"T12"
"treatment","Treatment","T12",17,"Others",0.00777361445109359,1,"T12"
"treatment","Treatment","T12",18,"Streptococcus (genus)",0.0854745673833246,1,"T12"
"treatment","Treatment","T12",18,"Listeriaceae (family)",0.0070637589068139,1,"T12"
"treatment","Treatment","T12",18,"Blautia (genus)",0.304574477929609,1,"T12"
"treatment","Treatment","T12",18,"Lactobacillus (genus)",0.00259107313612388,1,"T12"
"treatment","Treatment","T12",18,"Enterobacteriaceae (family)",0.000154230543816898,1,"T12"
"treatment","Treatment","T12",18,"Lachnospiraceae (family)",0.0941423239458342,1,"T12"
"treatment","Treatment","T12",18,"[Coprobacillaceae] (family)",0.0217465066781825,1,"T12"
"treatment","Treatment","T12",18,"[Eubacterium] (genus)",0.050310003393072,1,"T12"
"treatment","Treatment","T12",18,"Staphylococcus (genus)",0.0393596347820722,1,"T12"
"treatment","Treatment","T12",18,"Lactococcus (genus)",0.0566026095808014,1,"T12"
"treatment","Treatment","T12",18,"Akkermansia (genus)",0.0150220549677658,1,"T12"
"treatment","Treatment","T12",18,"[Ruminococcus] (genus)",0.108362380085752,1,"T12"
"treatment","Treatment","T12",18,"Bifidobacterium (genus)",0.0075264505382646,1,"T12"
"treatment","Treatment","T12",18,"Actinomyces (genus)",0.000493537740214072,1,"T12"
"treatment","Treatment","T12",18,"Bacteroides (genus)",0.000400999413923934,1,"T12"
"treatment","Treatment","T12",18,"Ruminococcus (genus)",0.0693728986088405,1,"T12"
"treatment","Treatment","T12",18,"Peptostreptococcaceae (family)",0.00549060735988155,1,"T12"
"treatment","Treatment","T12",18,"Veillonella (genus)",0.000185076652580277,1,"T12"
"treatment","Treatment","T12",18,"Clostridiaceae (family)",0.00129553656806194,1,"T12"
"treatment","Treatment","T12",18,"Others",0.129831271785064,1,"T12"
"treatment","Treatment","T12",19,"Streptococcus (genus)",0.277926977428224,1,"T12"
"treatment","Treatment","T12",19,"Listeriaceae (family)",0.0568450668201292,1,"T12"
"treatment","Treatment","T12",19,"Blautia (genus)",0.000703369780676514,1,"T12"
"treatment","Treatment","T12",19,"Lactobacillus (genus)",0.0060425858430846,1,"T12"
"treatment","Treatment","T12",19,"Enterobacteriaceae (family)",0.000191828122002686,1,"T12"
"treatment","Treatment","T12",19,"Lachnospiraceae (family)",0.000607455719675171,1,"T12"
"treatment","Treatment","T12",19,"[Coprobacillaceae] (family)",0.000415627597672485,1,"T12"
"treatment","Treatment","T12",19,"[Eubacterium] (genus)",0.00121491143935034,1,"T12"
"treatment","Treatment","T12",19,"Staphylococcus (genus)",0.301521836434555,1,"T12"
"treatment","Treatment","T12",19,"Lactococcus (genus)",0.0888803631945777,1,"T12"
"treatment","Treatment","T12",19,"Akkermansia (genus)",0.00712961186776648,1,"T12"
"treatment","Treatment","T12",19,"[Ruminococcus] (genus)",0,1,"T12"
"treatment","Treatment","T12",19,"Bifidobacterium (genus)",0.000607455719675171,1,"T12"
"treatment","Treatment","T12",19,"Actinomyces (genus)",9.59140610013428e-05,1,"T12"
"treatment","Treatment","T12",19,"Bacteroides (genus)",6.39427073342285e-05,1,"T12"
"treatment","Treatment","T12",19,"Ruminococcus (genus)",0,1,"T12"
"treatment","Treatment","T12",19,"Peptostreptococcaceae (family)",0.000127885414668457,1,"T12"
"treatment","Treatment","T12",19,"Veillonella (genus)",0.0147068226868726,1,"T12"
"treatment","Treatment","T12",19,"Clostridiaceae (family)",0.000479570305006714,1,"T12"
"treatment","Treatment","T12",19,"Others",0.242438774857728,1,"T12"
"treatment","Treatment","T12",20,"Streptococcus (genus)",0.192337164750958,1,"T12"
"treatment","Treatment","T12",20,"Listeriaceae (family)",0.0859416445623342,1,"T12"
"treatment","Treatment","T12",20,"Blautia (genus)",0.00026525198938992,1,"T12"
"treatment","Treatment","T12",20,"Lactobacillus (genus)",0.0108458591217212,1,"T12"
"treatment","Treatment","T12",20,"Enterobacteriaceae (family)",0.000206307102858827,1,"T12"
"treatment","Treatment","T12",20,"Lachnospiraceae (family)",0.00017683465959328,1,"T12"
"treatment","Treatment","T12",20,"[Coprobacillaceae] (family)",0.000353669319186561,1,"T12"
"treatment","Treatment","T12",20,"[Eubacterium] (genus)",0.000736811081638668,1,"T12"
"treatment","Treatment","T12",20,"Staphylococcus (genus)",0.346684350132626,1,"T12"
"treatment","Treatment","T12",20,"Lactococcus (genus)",0.0308281756557619,1,"T12"
"treatment","Treatment","T12",20,"Akkermansia (genus)",0.000206307102858827,1,"T12"
"treatment","Treatment","T12",20,"[Ruminococcus] (genus)",0.000206307102858827,1,"T12"
"treatment","Treatment","T12",20,"Bifidobacterium (genus)",0.000412614205717654,1,"T12"
"treatment","Treatment","T12",20,"Actinomyces (genus)",0.000825228411435308,1,"T12"
"treatment","Treatment","T12",20,"Bacteroides (genus)",0.000707338638373121,1,"T12"
"treatment","Treatment","T12",20,"Ruminococcus (genus)",0,1,"T12"
"treatment","Treatment","T12",20,"Peptostreptococcaceae (family)",8.84173297966401e-05,1,"T12"
"treatment","Treatment","T12",20,"Veillonella (genus)",0.00533451223106395,1,"T12"
"treatment","Treatment","T12",20,"Clostridiaceae (family)",0.00017683465959328,1,"T12"
"treatment","Treatment","T12",20,"Others",0.323666371942234,1,"T12"
"treatment","Treatment","T12",21,"Streptococcus (genus)",0.654517843583903,1,"T12"
"treatment","Treatment","T12",21,"Listeriaceae (family)",0.030516686553133,1,"T12"
"treatment","Treatment","T12",21,"Blautia (genus)",0.000325414904002603,1,"T12"
"treatment","Treatment","T12",21,"Lactobacillus (genus)",0.000397729327114293,1,"T12"
"treatment","Treatment","T12",21,"Enterobacteriaceae (family)",0.000216943269335069,1,"T12"
"treatment","Treatment","T12",21,"Lachnospiraceae (family)",0.000180786057779224,1,"T12"
"treatment","Treatment","T12",21,"[Coprobacillaceae] (family)",7.23144231116896e-05,1,"T12"
"treatment","Treatment","T12",21,"[Eubacterium] (genus)",7.23144231116896e-05,1,"T12"
"treatment","Treatment","T12",21,"Staphylococcus (genus)",0.126984126984127,1,"T12"
"treatment","Treatment","T12",21,"Lactococcus (genus)",0.00169938894312471,1,"T12"
"treatment","Treatment","T12",21,"Akkermansia (genus)",0,1,"T12"
"treatment","Treatment","T12",21,"[Ruminococcus] (genus)",0.000108471634667534,1,"T12"
"treatment","Treatment","T12",21,"Bifidobacterium (genus)",0,1,"T12"
"treatment","Treatment","T12",21,"Actinomyces (genus)",0.053584987525762,1,"T12"
"treatment","Treatment","T12",21,"Bacteroides (genus)",0.000180786057779224,1,"T12"
"treatment","Treatment","T12",21,"Ruminococcus (genus)",0,1,"T12"
"treatment","Treatment","T12",21,"Peptostreptococcaceae (family)",0.000180786057779224,1,"T12"
"treatment","Treatment","T12",21,"Veillonella (genus)",0.00390497884803124,1,"T12"
"treatment","Treatment","T12",21,"Clostridiaceae (family)",0,1,"T12"
"treatment","Treatment","T12",21,"Others",0.127056441407238,1,"T12"
"treatment","Treatment","T12",22,"Streptococcus (genus)",0.723606627931999,1,"T12"
"treatment","Treatment","T12",22,"Listeriaceae (family)",0.0220357219711642,1,"T12"
"treatment","Treatment","T12",22,"Blautia (genus)",0.00021519259737465,1,"T12"
"treatment","Treatment","T12",22,"Lactobacillus (genus)",0.00163546374004734,1,"T12"
"treatment","Treatment","T12",22,"Enterobacteriaceae (family)",8.60770389498601e-05,1,"T12"
"treatment","Treatment","T12",22,"Lachnospiraceae (family)",0,1,"T12"
"treatment","Treatment","T12",22,"[Coprobacillaceae] (family)",0.00017215407789972,1,"T12"
"treatment","Treatment","T12",22,"[Eubacterium] (genus)",0.00017215407789972,1,"T12"
"treatment","Treatment","T12",22,"Staphylococcus (genus)",0.0772541424574995,1,"T12"
"treatment","Treatment","T12",22,"Lactococcus (genus)",0.000387346675274371,1,"T12"
"treatment","Treatment","T12",22,"Akkermansia (genus)",0,1,"T12"
"treatment","Treatment","T12",22,"[Ruminococcus] (genus)",0,1,"T12"
"treatment","Treatment","T12",22,"Bifidobacterium (genus)",0,1,"T12"
"treatment","Treatment","T12",22,"Actinomyces (genus)",0.0700667097051861,1,"T12"
"treatment","Treatment","T12",22,"Bacteroides (genus)",8.60770389498601e-05,1,"T12"
"treatment","Treatment","T12",22,"Ruminococcus (genus)",0,1,"T12"
"treatment","Treatment","T12",22,"Peptostreptococcaceae (family)",0.00021519259737465,1,"T12"
"treatment","Treatment","T12",22,"Veillonella (genus)",0.000946847428448461,1,"T12"
"treatment","Treatment","T12",22,"Clostridiaceae (family)",0,1,"T12"
"treatment","Treatment","T12",22,"Others",0.103120292661932,1,"T12"
"treatment","Treatment","T12",23,"Streptococcus (genus)",0.62205344762385,1,"T12"
"treatment","Treatment","T12",23,"Listeriaceae (family)",0.0353271145846464,1,"T12"
"treatment","Treatment","T12",23,"Blautia (genus)",0.000441195008193622,1,"T12"
"treatment","Treatment","T12",23,"Lactobacillus (genus)",0.00267868397831842,1,"T12"
"treatment","Treatment","T12",23,"Enterobacteriaceae (family)",0.000157569645783436,1,"T12"
"treatment","Treatment","T12",23,"Lachnospiraceae (family)",9.45417874700618e-05,1,"T12"
"treatment","Treatment","T12",23,"[Coprobacillaceae] (family)",0.000189083574940124,1,"T12"
"treatment","Treatment","T12",23,"[Eubacterium] (genus)",0.000126055716626749,1,"T12"
"treatment","Treatment","T12",23,"Staphylococcus (genus)",0.0762006807008698,1,"T12"
"treatment","Treatment","T12",23,"Lactococcus (genus)",0.0017332661036178,1,"T12"
"treatment","Treatment","T12",23,"Akkermansia (genus)",6.30278583133745e-05,1,"T12"
"treatment","Treatment","T12",23,"[Ruminococcus] (genus)",9.45417874700618e-05,1,"T12"
"treatment","Treatment","T12",23,"Bifidobacterium (genus)",0.000126055716626749,1,"T12"
"treatment","Treatment","T12",23,"Actinomyces (genus)",0.0714105634690533,1,"T12"
"treatment","Treatment","T12",23,"Bacteroides (genus)",0.000189083574940124,1,"T12"
"treatment","Treatment","T12",23,"Ruminococcus (genus)",0,1,"T12"
"treatment","Treatment","T12",23,"Peptostreptococcaceae (family)",6.30278583133745e-05,1,"T12"
"treatment","Treatment","T12",23,"Veillonella (genus)",0.000787848228917181,1,"T12"
"treatment","Treatment","T12",23,"Clostridiaceae (family)",6.30278583133745e-05,1,"T12"
"treatment","Treatment","T12",23,"Others",0.188201184923737,1,"T12"
"treatment","Treatment","T12",24,"Streptococcus (genus)",0.0570084542254679,1,"T12"
"treatment","Treatment","T12",24,"Listeriaceae (family)",0.858613770189809,1,"T12"
"treatment","Treatment","T12",24,"Blautia (genus)",0.000690812197769663,1,"T12"
"treatment","Treatment","T12",24,"Lactobacillus (genus)",9.86874568242376e-05,1,"T12"
"treatment","Treatment","T12",24,"Enterobacteriaceae (family)",0.000361854008355538,1,"T12"
"treatment","Treatment","T12",24,"Lachnospiraceae (family)",0,1,"T12"
"treatment","Treatment","T12",24,"[Coprobacillaceae] (family)",0.000328958189414125,1,"T12"
"treatment","Treatment","T12",24,"[Eubacterium] (genus)",0,1,"T12"
"treatment","Treatment","T12",24,"Staphylococcus (genus)",0,1,"T12"
"treatment","Treatment","T12",24,"Lactococcus (genus)",6.57916378828251e-05,1,"T12"
"treatment","Treatment","T12",24,"Akkermansia (genus)",0,1,"T12"
"treatment","Treatment","T12",24,"[Ruminococcus] (genus)",9.86874568242376e-05,1,"T12"
"treatment","Treatment","T12",24,"Bifidobacterium (genus)",6.57916378828251e-05,1,"T12"
"treatment","Treatment","T12",24,"Actinomyces (genus)",0.0166781802032962,1,"T12"
"treatment","Treatment","T12",24,"Bacteroides (genus)",6.57916378828251e-05,1,"T12"
"treatment","Treatment","T12",24,"Ruminococcus (genus)",0,1,"T12"
"treatment","Treatment","T12",24,"Peptostreptococcaceae (family)",0.000164479094707063,1,"T12"
"treatment","Treatment","T12",24,"Veillonella (genus)",0.000164479094707063,1,"T12"
"treatment","Treatment","T12",24,"Clostridiaceae (family)",0,1,"T12"
"treatment","Treatment","T12",24,"Others",0.0655942629691766,1,"T12"
"treatment","Treatment","T12",26,"Streptococcus (genus)",0.0962875110326567,1,"T12"
"treatment","Treatment","T12",26,"Listeriaceae (family)",0.599652471315093,1,"T12"
"treatment","Treatment","T12",26,"Blautia (genus)",0.000606796116504854,1,"T12"
"treatment","Treatment","T12",26,"Lactobacillus (genus)",0.0221480582524272,1,"T12"
"treatment","Treatment","T12",26,"Enterobacteriaceae (family)",0.21836385701677,1,"T12"
"treatment","Treatment","T12",26,"Lachnospiraceae (family)",0.000330979699911739,1,"T12"
"treatment","Treatment","T12",26,"[Coprobacillaceae] (family)",0.000220653133274493,1,"T12"
"treatment","Treatment","T12",26,"[Eubacterium] (genus)",0.00559907325684025,1,"T12"
"treatment","Treatment","T12",26,"Staphylococcus (genus)",0,1,"T12"
"treatment","Treatment","T12",26,"Lactococcus (genus)",0.000220653133274493,1,"T12"
"treatment","Treatment","T12",26,"Akkermansia (genus)",0,1,"T12"
"treatment","Treatment","T12",26,"[Ruminococcus] (genus)",0.000137908208296558,1,"T12"
"treatment","Treatment","T12",26,"Bifidobacterium (genus)",5.51632833186231e-05,1,"T12"
"treatment","Treatment","T12",26,"Actinomyces (genus)",0.00656443071491615,1,"T12"
"treatment","Treatment","T12",26,"Bacteroides (genus)",5.51632833186231e-05,1,"T12"
"treatment","Treatment","T12",26,"Ruminococcus (genus)",0,1,"T12"
"treatment","Treatment","T12",26,"Peptostreptococcaceae (family)",0.000165489849955869,1,"T12"
"treatment","Treatment","T12",26,"Veillonella (genus)",0.000496469549867608,1,"T12"
"treatment","Treatment","T12",26,"Clostridiaceae (family)",0,1,"T12"
"treatment","Treatment","T12",26,"Others",0.0490953221535746,1,"T12"
"treatment","Treatment","T12",27,"Streptococcus (genus)",0.013127752258187,1,"T12"
"treatment","Treatment","T12",27,"Listeriaceae (family)",0.516552125247777,1,"T12"
"treatment","Treatment","T12",27,"Blautia (genus)",0.000391696043869957,1,"T12"
"treatment","Treatment","T12",27,"Lactobacillus (genus)",0.00249261118826336,1,"T12"
"treatment","Treatment","T12",27,"Enterobacteriaceae (family)",0.313528943963727,1,"T12"
"treatment","Treatment","T12",27,"Lachnospiraceae (family)",0.000166174079217557,1,"T12"
"treatment","Treatment","T12",27,"[Coprobacillaceae] (family)",9.49566166957471e-05,1,"T12"
"treatment","Treatment","T12",27,"[Eubacterium] (genus)",0.0473892865197213,1,"T12"
"treatment","Treatment","T12",27,"Staphylococcus (genus)",0,1,"T12"
"treatment","Treatment","T12",27,"Lactococcus (genus)",0.000142434925043621,1,"T12"
"treatment","Treatment","T12",27,"Akkermansia (genus)",0.000172108867761042,1,"T12"
"treatment","Treatment","T12",27,"[Ruminococcus] (genus)",0.0354188180275137,1,"T12"
"treatment","Treatment","T12",27,"Bifidobacterium (genus)",7.71522510652945e-05,1,"T12"
"treatment","Treatment","T12",27,"Actinomyces (genus)",0.000273000273000273,1,"T12"
"treatment","Treatment","T12",27,"Bacteroides (genus)",5.34130968913578e-05,1,"T12"
"treatment","Treatment","T12",27,"Ruminococcus (genus)",3.56087312609052e-05,1,"T12"
"treatment","Treatment","T12",27,"Peptostreptococcaceae (family)",4.15435198043894e-05,1,"T12"
"treatment","Treatment","T12",27,"Veillonella (genus)",0.000278935061543757,1,"T12"
"treatment","Treatment","T12",27,"Clostridiaceae (family)",1.78043656304526e-05,1,"T12"
"treatment","Treatment","T12",27,"Others",0.0697456349630263,1,"T12"
"treatment","Treatment","T12",30,"Streptococcus (genus)",0.0802632004049237,1,"T12"
"treatment","Treatment","T12",30,"Listeriaceae (family)",0.180508739244214,1,"T12"
"treatment","Treatment","T12",30,"Blautia (genus)",0.000344615914793715,1,"T12"
"treatment","Treatment","T12",30,"Lactobacillus (genus)",0.000603077850889001,1,"T12"
"treatment","Treatment","T12",30,"Enterobacteriaceae (family)",0.106653241004986,1,"T12"
"treatment","Treatment","T12",30,"Lachnospiraceae (family)",0.000215384946746072,1,"T12"
"treatment","Treatment","T12",30,"[Coprobacillaceae] (family)",8.0769355029777e-05,1,"T12"
"treatment","Treatment","T12",30,"[Eubacterium] (genus)",0.0939993753836544,1,"T12"
"treatment","Treatment","T12",30,"Staphylococcus (genus)",0,1,"T12"
"treatment","Treatment","T12",30,"Lactococcus (genus)",0.000183077204734161,1,"T12"
"treatment","Treatment","T12",30,"Akkermansia (genus)",0.000102307849704384,1,"T12"
"treatment","Treatment","T12",30,"[Ruminococcus] (genus)",0.168980259969631,1,"T12"
"treatment","Treatment","T12",30,"Bifidobacterium (genus)",8.0769355029777e-05,1,"T12"
"treatment","Treatment","T12",30,"Actinomyces (genus)",0.00345692839527445,1,"T12"
"treatment","Treatment","T12",30,"Bacteroides (genus)",3.23077420119108e-05,1,"T12"
"treatment","Treatment","T12",30,"Ruminococcus (genus)",0,1,"T12"
"treatment","Treatment","T12",30,"Peptostreptococcaceae (family)",0.210716478025351,1,"T12"
"treatment","Treatment","T12",30,"Veillonella (genus)",0.000113077097041688,1,"T12"
"treatment","Treatment","T12",30,"Clostridiaceae (family)",0.0672970266108102,1,"T12"
"treatment","Treatment","T12",30,"Others",0.0863693636451748,1,"T12"
"treatment","Treatment","T12",44,"Streptococcus (genus)",0.0482193764675418,2,"T12"
"treatment","Treatment","T12",44,"Listeriaceae (family)",0.00897358132302921,2,"T12"
"treatment","Treatment","T12",44,"Blautia (genus)",0.0754679693014103,2,"T12"
"treatment","Treatment","T12",44,"Lactobacillus (genus)",0.00598980504270689,2,"T12"
"treatment","Treatment","T12",44,"Enterobacteriaceae (family)",0.0317473101771487,2,"T12"
"treatment","Treatment","T12",44,"Lachnospiraceae (family)",0.0538520976790245,2,"T12"
"treatment","Treatment","T12",44,"[Coprobacillaceae] (family)",2.52033697260944e-05,2,"T12"
"treatment","Treatment","T12",44,"[Eubacterium] (genus)",0.156341609405652,2,"T12"
"treatment","Treatment","T12",44,"Staphylococcus (genus)",1.38522524307987e-05,2,"T12"
"treatment","Treatment","T12",44,"Lactococcus (genus)",0.000289096287896743,2,"T12"
"treatment","Treatment","T12",44,"Akkermansia (genus)",0.0810224460160643,2,"T12"
"treatment","Treatment","T12",44,"[Ruminococcus] (genus)",0.0057307162560466,2,"T12"
"treatment","Treatment","T12",44,"Bifidobacterium (genus)",3.82553078766487e-05,2,"T12"
"treatment","Treatment","T12",44,"Actinomyces (genus)",8.53605979130901e-05,2,"T12"
"treatment","Treatment","T12",44,"Bacteroides (genus)",0.188542847400463,2,"T12"
"treatment","Treatment","T12",44,"Ruminococcus (genus)",0.00547395596907047,2,"T12"
"treatment","Treatment","T12",44,"Peptostreptococcaceae (family)",0.0110780870806111,2,"T12"
"treatment","Treatment","T12",44,"Veillonella (genus)",0.00018929065000271,2,"T12"
"treatment","Treatment","T12",44,"Clostridiaceae (family)",0.0101557601837366,2,"T12"
"treatment","Treatment","T12",44,"Others",0.316763379231648,2,"T12"
"treatment","Treatment","T12",47,"Streptococcus (genus)",0.0814004859730506,1,"T12"
"treatment","Treatment","T12",47,"Listeriaceae (family)",0.0150209851999116,1,"T12"
"treatment","Treatment","T12",47,"Blautia (genus)",0.0254031367351447,1,"T12"
"treatment","Treatment","T12",47,"Lactobacillus (genus)",0.0038656947205655,1,"T12"
"treatment","Treatment","T12",47,"Enterobacteriaceae (family)",0.00971946101170753,1,"T12"
"treatment","Treatment","T12",47,"Lachnospiraceae (family)",0.0117075325822841,1,"T12"
"treatment","Treatment","T12",47,"[Coprobacillaceae] (family)",0.00165672630881378,1,"T12"
"treatment","Treatment","T12",47,"[Eubacterium] (genus)",0.259001546277888,1,"T12"
"treatment","Treatment","T12",47,"Staphylococcus (genus)",0,1,"T12"
"treatment","Treatment","T12",47,"Lactococcus (genus)",0.000220896841175171,1,"T12"
"treatment","Treatment","T12",47,"Akkermansia (genus)",0.00552242102937928,1,"T12"
"treatment","Treatment","T12",47,"[Ruminococcus] (genus)",0.0152418820410868,1,"T12"
"treatment","Treatment","T12",47,"Bifidobacterium (genus)",0.0124806715263972,1,"T12"
"treatment","Treatment","T12",47,"Actinomyces (genus)",0.000220896841175171,1,"T12"
"treatment","Treatment","T12",47,"Bacteroides (genus)",0.00684780207643031,1,"T12"
"treatment","Treatment","T12",47,"Ruminococcus (genus)",0.066379500773139,1,"T12"
"treatment","Treatment","T12",47,"Peptostreptococcaceae (family)",0.0958692290700243,1,"T12"
"treatment","Treatment","T12",47,"Veillonella (genus)",0,1,"T12"
"treatment","Treatment","T12",47,"Clostridiaceae (family)",0.000662690523525514,1,"T12"
"treatment","Treatment","T12",47,"Others",0.388778440468301,1,"T12"
"treatment","Treatment","T12",65,"Streptococcus (genus)",0.110958304682128,1,"T12"
"treatment","Treatment","T12",65,"Listeriaceae (family)",0.000875164093267488,1,"T12"
"treatment","Treatment","T12",65,"Blautia (genus)",0.148371569669313,1,"T12"
"treatment","Treatment","T12",65,"Lactobacillus (genus)",0.00228167781459024,1,"T12"
"treatment","Treatment","T12",65,"Enterobacteriaceae (family)",0.00203163093079953,1,"T12"
"treatment","Treatment","T12",65,"Lachnospiraceae (family)",0.0606676251797212,1,"T12"
"treatment","Treatment","T12",65,"[Coprobacillaceae] (family)",0.000437582046633744,1,"T12"
"treatment","Treatment","T12",65,"[Eubacterium] (genus)",0.00400075014065137,1,"T12"
"treatment","Treatment","T12",65,"Staphylococcus (genus)",0,1,"T12"
"treatment","Treatment","T12",65,"Lactococcus (genus)",9.37675814215165e-05,1,"T12"
"treatment","Treatment","T12",65,"Akkermansia (genus)",0.0118772269800588,1,"T12"
"treatment","Treatment","T12",65,"[Ruminococcus] (genus)",0.035881727823967,1,"T12"
"treatment","Treatment","T12",65,"Bifidobacterium (genus)",0.0215040320060011,1,"T12"
"treatment","Treatment","T12",65,"Actinomyces (genus)",0.000375070325686066,1,"T12"
"treatment","Treatment","T12",65,"Bacteroides (genus)",0.000968931674689004,1,"T12"
"treatment","Treatment","T12",65,"Ruminococcus (genus)",0.00468837907107583,1,"T12"
"treatment","Treatment","T12",65,"Peptostreptococcaceae (family)",0,1,"T12"
"treatment","Treatment","T12",65,"Veillonella (genus)",0.000500093767581422,1,"T12"
"treatment","Treatment","T12",65,"Clostridiaceae (family)",0.0456335562918047,1,"T12"
"treatment","Treatment","T12",65,"Others",0.54885290992061,1,"T12"
"treatment","Treatment","T13",0,"Streptococcus (genus)",0.934589951177307,1,"T13"
"treatment","Treatment","T13",0,"Listeriaceae (family)",0.000234843334775354,1,"T13"
"treatment","Treatment","T13",0,"Blautia (genus)",0.00372041282986218,1,"T13"
"treatment","Treatment","T13",0,"Lactobacillus (genus)",0.00348556949508683,1,"T13"
"treatment","Treatment","T13",0,"Enterobacteriaceae (family)",0.000420245967492738,1,"T13"
"treatment","Treatment","T13",0,"Lachnospiraceae (family)",0.00260799703355788,1,"T13"
"treatment","Treatment","T13",0,"[Coprobacillaceae] (family)",0.00671157530436932,1,"T13"
"treatment","Treatment","T13",0,"[Eubacterium] (genus)",0.00101353439218837,1,"T13"
"treatment","Treatment","T13",0,"Staphylococcus (genus)",0.00105061491873185,1,"T13"
"treatment","Treatment","T13",0,"Lactococcus (genus)",0.00145850071071009,1,"T13"
"treatment","Treatment","T13",0,"Akkermansia (genus)",0.000309004387862308,1,"T13"
"treatment","Treatment","T13",0,"[Ruminococcus] (genus)",0.00113713614733329,1,"T13"
"treatment","Treatment","T13",0,"Bifidobacterium (genus)",0.00170570422099994,1,"T13"
"treatment","Treatment","T13",0,"Actinomyces (genus)",0.00181694580063037,1,"T13"
"treatment","Treatment","T13",0,"Bacteroides (genus)",0.00342376861751437,1,"T13"
"treatment","Treatment","T13",0,"Ruminococcus (genus)",0.00427662072801434,1,"T13"
"treatment","Treatment","T13",0,"Peptostreptococcaceae (family)",0.000271923861318831,1,"T13"
"treatment","Treatment","T13",0,"Veillonella (genus)",0.000383165440949261,1,"T13"
"treatment","Treatment","T13",0,"Clostridiaceae (family)",0.0065879735492244,1,"T13"
"treatment","Treatment","T13",0,"Others",0.0247945120820718,1,"T13"
"treatment","Treatment","T13",2,"Streptococcus (genus)",0.724396209110364,1,"T13"
"treatment","Treatment","T13",2,"Listeriaceae (family)",0.00484051768062774,1,"T13"
"treatment","Treatment","T13",2,"Blautia (genus)",0.000203811270763273,1,"T13"
"treatment","Treatment","T13",2,"Lactobacillus (genus)",0.145368388871905,1,"T13"
"treatment","Treatment","T13",2,"Enterobacteriaceae (family)",0.000152858453072455,1,"T13"
"treatment","Treatment","T13",2,"Lachnospiraceae (family)",0,1,"T13"
"treatment","Treatment","T13",2,"[Coprobacillaceae] (family)",0.000101905635381637,1,"T13"
"treatment","Treatment","T13",2,"[Eubacterium] (genus)",0.000203811270763273,1,"T13"
"treatment","Treatment","T13",2,"Staphylococcus (genus)",0.00443289513910119,1,"T13"
"treatment","Treatment","T13",2,"Lactococcus (genus)",0,1,"T13"
"treatment","Treatment","T13",2,"Akkermansia (genus)",0,1,"T13"
"treatment","Treatment","T13",2,"[Ruminococcus] (genus)",0,1,"T13"
"treatment","Treatment","T13",2,"Bifidobacterium (genus)",0,1,"T13"
"treatment","Treatment","T13",2,"Actinomyces (genus)",0.000968103536125548,1,"T13"
"treatment","Treatment","T13",2,"Bacteroides (genus)",0,1,"T13"
"treatment","Treatment","T13",2,"Ruminococcus (genus)",0,1,"T13"
"treatment","Treatment","T13",2,"Peptostreptococcaceae (family)",0,1,"T13"
"treatment","Treatment","T13",2,"Veillonella (genus)",0.0219097116070519,1,"T13"
"treatment","Treatment","T13",2,"Clostridiaceae (family)",0.00152858453072455,1,"T13"
"treatment","Treatment","T13",2,"Others",0.09589320289412,1,"T13"
"treatment","Treatment","T13",7,"Streptococcus (genus)",0.117782683345597,1,"T13"
"treatment","Treatment","T13",7,"Listeriaceae (family)",0.000318861908265882,1,"T13"
"treatment","Treatment","T13",7,"Blautia (genus)",0.000196222712779004,1,"T13"
"treatment","Treatment","T13",7,"Lactobacillus (genus)",0.0479028697571744,1,"T13"
"treatment","Treatment","T13",7,"Enterobacteriaceae (family)",4.9055678194751e-05,1,"T13"
"treatment","Treatment","T13",7,"Lachnospiraceae (family)",7.35835172921266e-05,1,"T13"
"treatment","Treatment","T13",7,"[Coprobacillaceae] (family)",0,1,"T13"
"treatment","Treatment","T13",7,"[Eubacterium] (genus)",4.9055678194751e-05,1,"T13"
"treatment","Treatment","T13",7,"Staphylococcus (genus)",0.00654893303899926,1,"T13"
"treatment","Treatment","T13",7,"Lactococcus (genus)",0.000613195977434388,1,"T13"
"treatment","Treatment","T13",7,"Akkermansia (genus)",4.9055678194751e-05,1,"T13"
"treatment","Treatment","T13",7,"[Ruminococcus] (genus)",4.9055678194751e-05,1,"T13"
"treatment","Treatment","T13",7,"Bifidobacterium (genus)",0,1,"T13"
"treatment","Treatment","T13",7,"Actinomyces (genus)",7.35835172921266e-05,1,"T13"
"treatment","Treatment","T13",7,"Bacteroides (genus)",0,1,"T13"
"treatment","Treatment","T13",7,"Ruminococcus (genus)",0,1,"T13"
"treatment","Treatment","T13",7,"Peptostreptococcaceae (family)",0,1,"T13"
"treatment","Treatment","T13",7,"Veillonella (genus)",0,1,"T13"
"treatment","Treatment","T13",7,"Clostridiaceae (family)",4.9055678194751e-05,1,"T13"
"treatment","Treatment","T13",7,"Others",0.826244787834192,1,"T13"
"treatment","Treatment","T13",10,"Streptococcus (genus)",0.126841953192719,1,"T13"
"treatment","Treatment","T13",10,"Listeriaceae (family)",0,1,"T13"
"treatment","Treatment","T13",10,"Blautia (genus)",0.00223543545370215,1,"T13"
"treatment","Treatment","T13",10,"Lactobacillus (genus)",0.528809744673733,1,"T13"
"treatment","Treatment","T13",10,"Enterobacteriaceae (family)",4.56211317082072e-05,1,"T13"
"treatment","Treatment","T13",10,"Lachnospiraceae (family)",0.0014446691707599,1,"T13"
"treatment","Treatment","T13",10,"[Coprobacillaceae] (family)",0.000851594458553202,1,"T13"
"treatment","Treatment","T13",10,"[Eubacterium] (genus)",0.000288933834151979,1,"T13"
"treatment","Treatment","T13",10,"Staphylococcus (genus)",0.00526163719034657,1,"T13"
"treatment","Treatment","T13",10,"Lactococcus (genus)",0.0801715354552229,1,"T13"
"treatment","Treatment","T13",10,"Akkermansia (genus)",0.000577867668303958,1,"T13"
"treatment","Treatment","T13",10,"[Ruminococcus] (genus)",0.000364969053665658,1,"T13"
"treatment","Treatment","T13",10,"Bifidobacterium (genus)",0.000517039492693015,1,"T13"
"treatment","Treatment","T13",10,"Actinomyces (genus)",0,1,"T13"
"treatment","Treatment","T13",10,"Bacteroides (genus)",0.00374093280007299,1,"T13"
"treatment","Treatment","T13",10,"Ruminococcus (genus)",0.00124697760002433,1,"T13"
"treatment","Treatment","T13",10,"Peptostreptococcaceae (family)",0.000699524019525844,1,"T13"
"treatment","Treatment","T13",10,"Veillonella (genus)",0,1,"T13"
"treatment","Treatment","T13",10,"Clostridiaceae (family)",0.000517039492693015,1,"T13"
"treatment","Treatment","T13",10,"Others",0.246384525312125,1,"T13"
"treatment","Treatment","T13",11,"Streptococcus (genus)",0.000578368999421631,1,"T13"
"treatment","Treatment","T13",11,"Listeriaceae (family)",0,1,"T13"
"treatment","Treatment","T13",11,"Blautia (genus)",0.000289184499710815,1,"T13"
"treatment","Treatment","T13",11,"Lactobacillus (genus)",0.998001998001998,1,"T13"
"treatment","Treatment","T13",11,"Enterobacteriaceae (family)",0,1,"T13"
"treatment","Treatment","T13",11,"Lachnospiraceae (family)",0.000341763499658237,1,"T13"
"treatment","Treatment","T13",11,"[Coprobacillaceae] (family)",7.88684999211315e-05,1,"T13"
"treatment","Treatment","T13",11,"[Eubacterium] (genus)",0,1,"T13"
"treatment","Treatment","T13",11,"Staphylococcus (genus)",0,1,"T13"
"treatment","Treatment","T13",11,"Lactococcus (genus)",0,1,"T13"
"treatment","Treatment","T13",11,"Akkermansia (genus)",0,1,"T13"
"treatment","Treatment","T13",11,"[Ruminococcus] (genus)",5.2578999947421e-05,1,"T13"
"treatment","Treatment","T13",11,"Bifidobacterium (genus)",0,1,"T13"
"treatment","Treatment","T13",11,"Actinomyces (genus)",0,1,"T13"
"treatment","Treatment","T13",11,"Bacteroides (genus)",0,1,"T13"
"treatment","Treatment","T13",11,"Ruminococcus (genus)",0,1,"T13"
"treatment","Treatment","T13",11,"Peptostreptococcaceae (family)",0,1,"T13"
"treatment","Treatment","T13",11,"Veillonella (genus)",0,1,"T13"
"treatment","Treatment","T13",11,"Clostridiaceae (family)",0,1,"T13"
"treatment","Treatment","T13",11,"Others",0.000657237499342878,1,"T13"
"treatment","Treatment","T13",13,"Streptococcus (genus)",0.000261009870918755,1,"T13"
"treatment","Treatment","T13",13,"Listeriaceae (family)",0,1,"T13"
"treatment","Treatment","T13",13,"Blautia (genus)",4.74563401670463e-05,1,"T13"
"treatment","Treatment","T13",13,"Lactobacillus (genus)",0.975678625664389,1,"T13"
"treatment","Treatment","T13",13,"Enterobacteriaceae (family)",0.000142369020501139,1,"T13"
"treatment","Treatment","T13",13,"Lachnospiraceae (family)",4.74563401670463e-05,1,"T13"
"treatment","Treatment","T13",13,"[Coprobacillaceae] (family)",4.74563401670463e-05,1,"T13"
"treatment","Treatment","T13",13,"[Eubacterium] (genus)",0,1,"T13"
"treatment","Treatment","T13",13,"Staphylococcus (genus)",7.11845102505695e-05,1,"T13"
"treatment","Treatment","T13",13,"Lactococcus (genus)",7.11845102505695e-05,1,"T13"
"treatment","Treatment","T13",13,"Akkermansia (genus)",0,1,"T13"
"treatment","Treatment","T13",13,"[Ruminococcus] (genus)",0,1,"T13"
"treatment","Treatment","T13",13,"Bifidobacterium (genus)",0.000118640850417616,1,"T13"
"treatment","Treatment","T13",13,"Actinomyces (genus)",0,1,"T13"
"treatment","Treatment","T13",13,"Bacteroides (genus)",0,1,"T13"
"treatment","Treatment","T13",13,"Ruminococcus (genus)",0,1,"T13"
"treatment","Treatment","T13",13,"Peptostreptococcaceae (family)",0,1,"T13"
"treatment","Treatment","T13",13,"Veillonella (genus)",0,1,"T13"
"treatment","Treatment","T13",13,"Clostridiaceae (family)",0,1,"T13"
"treatment","Treatment","T13",13,"Others",0.0235146165527715,1,"T13"
"treatment","Treatment","T13",17,"Streptococcus (genus)",0.0018720152817574,1,"T13"
"treatment","Treatment","T13",17,"Listeriaceae (family)",0,1,"T13"
"treatment","Treatment","T13",17,"Blautia (genus)",7.64087870105062e-05,1,"T13"
"treatment","Treatment","T13",17,"Lactobacillus (genus)",0.105520534861509,1,"T13"
"treatment","Treatment","T13",17,"Enterobacteriaceae (family)",0.0025214899713467,1,"T13"
"treatment","Treatment","T13",17,"Lachnospiraceae (family)",0,1,"T13"
"treatment","Treatment","T13",17,"[Coprobacillaceae] (family)",0.000152817574021012,1,"T13"
"treatment","Treatment","T13",17,"[Eubacterium] (genus)",7.64087870105062e-05,1,"T13"
"treatment","Treatment","T13",17,"Staphylococcus (genus)",0.179255014326648,1,"T13"
"treatment","Treatment","T13",17,"Lactococcus (genus)",0.119579751671442,1,"T13"
"treatment","Treatment","T13",17,"Akkermansia (genus)",7.64087870105062e-05,1,"T13"
"treatment","Treatment","T13",17,"[Ruminococcus] (genus)",0,1,"T13"
"treatment","Treatment","T13",17,"Bifidobacterium (genus)",0.000114613180515759,1,"T13"
"treatment","Treatment","T13",17,"Actinomyces (genus)",0.000114613180515759,1,"T13"
"treatment","Treatment","T13",17,"Bacteroides (genus)",0,1,"T13"
"treatment","Treatment","T13",17,"Ruminococcus (genus)",0,1,"T13"
"treatment","Treatment","T13",17,"Peptostreptococcaceae (family)",7.64087870105062e-05,1,"T13"
"treatment","Treatment","T13",17,"Veillonella (genus)",0.00049665711556829,1,"T13"
"treatment","Treatment","T13",17,"Clostridiaceae (family)",0,1,"T13"
"treatment","Treatment","T13",17,"Others",0.590066857688634,1,"T13"
"treatment","Treatment","T13",20,"Streptococcus (genus)",0.0039518630492934,3,"T13"
"treatment","Treatment","T13",20,"Listeriaceae (family)",0.162666418808886,3,"T13"
"treatment","Treatment","T13",20,"Blautia (genus)",0.0754522510395508,3,"T13"
"treatment","Treatment","T13",20,"Lactobacillus (genus)",0.0966565952591535,3,"T13"
"treatment","Treatment","T13",20,"Enterobacteriaceae (family)",0.0280553142165292,3,"T13"
"treatment","Treatment","T13",20,"Lachnospiraceae (family)",0.0636919961864786,3,"T13"
"treatment","Treatment","T13",20,"[Coprobacillaceae] (family)",0.0372768565504664,3,"T13"
"treatment","Treatment","T13",20,"[Eubacterium] (genus)",0.014143234832599,3,"T13"
"treatment","Treatment","T13",20,"Staphylococcus (genus)",0,3,"T13"
"treatment","Treatment","T13",20,"Lactococcus (genus)",0.000355099298445127,3,"T13"
"treatment","Treatment","T13",20,"Akkermansia (genus)",0,3,"T13"
"treatment","Treatment","T13",20,"[Ruminococcus] (genus)",0.0515741422887225,3,"T13"
"treatment","Treatment","T13",20,"Bifidobacterium (genus)",0.0583597135588068,3,"T13"
"treatment","Treatment","T13",20,"Actinomyces (genus)",5.23997543324128e-05,3,"T13"
"treatment","Treatment","T13",20,"Bacteroides (genus)",0.0692983083419759,3,"T13"
"treatment","Treatment","T13",20,"Ruminococcus (genus)",0.0870059369111537,3,"T13"
"treatment","Treatment","T13",20,"Peptostreptococcaceae (family)",0.0108765596217905,3,"T13"
"treatment","Treatment","T13",20,"Veillonella (genus)",0,3,"T13"
"treatment","Treatment","T13",20,"Clostridiaceae (family)",0.0766549981910194,3,"T13"
"treatment","Treatment","T13",20,"Others",0.163928312090797,3,"T13"
"treatment","Treatment","T13",25,"Streptococcus (genus)",0.000352183537935198,1,"T13"
"treatment","Treatment","T13",25,"Listeriaceae (family)",0.00140873415174079,1,"T13"
"treatment","Treatment","T13",25,"Blautia (genus)",0.101881666331254,1,"T13"
"treatment","Treatment","T13",25,"Lactobacillus (genus)",0.213221976252767,1,"T13"
"treatment","Treatment","T13",25,"Enterobacteriaceae (family)",0.0456329241296035,1,"T13"
"treatment","Treatment","T13",25,"Lachnospiraceae (family)",0.116019319782652,1,"T13"
"treatment","Treatment","T13",25,"[Coprobacillaceae] (family)",0.0468907224793721,1,"T13"
"treatment","Treatment","T13",25,"[Eubacterium] (genus)",0.121855504125579,1,"T13"
"treatment","Treatment","T13",25,"Staphylococcus (genus)",0.00664117528677802,1,"T13"
"treatment","Treatment","T13",25,"Lactococcus (genus)",0,1,"T13"
"treatment","Treatment","T13",25,"Akkermansia (genus)",0,1,"T13"
"treatment","Treatment","T13",25,"[Ruminococcus] (genus)",0.215586637150332,1,"T13"
"treatment","Treatment","T13",25,"Bifidobacterium (genus)",0.00120748641577782,1,"T13"
"treatment","Treatment","T13",25,"Actinomyces (genus)",0,1,"T13"
"treatment","Treatment","T13",25,"Bacteroides (genus)",0.00311933990742604,1,"T13"
"treatment","Treatment","T13",25,"Ruminococcus (genus)",0.0152948279331858,1,"T13"
"treatment","Treatment","T13",25,"Peptostreptococcaceae (family)",0.00186154155765748,1,"T13"
"treatment","Treatment","T13",25,"Veillonella (genus)",0,1,"T13"
"treatment","Treatment","T13",25,"Clostridiaceae (family)",0.000100623867981485,1,"T13"
"treatment","Treatment","T13",25,"Others",0.108925337089958,1,"T13"
"treatment","Treatment","T13",47,"Streptococcus (genus)",0.243424625649779,1,"T13"
"treatment","Treatment","T13",47,"Listeriaceae (family)",0.0236635891069905,1,"T13"
"treatment","Treatment","T13",47,"Blautia (genus)",0.0683528590270774,1,"T13"
"treatment","Treatment","T13",47,"Lactobacillus (genus)",0.0242066878733804,1,"T13"
"treatment","Treatment","T13",47,"Enterobacteriaceae (family)",0.0541934983319109,1,"T13"
"treatment","Treatment","T13",47,"Lachnospiraceae (family)",0.0529521297230196,1,"T13"
"treatment","Treatment","T13",47,"[Coprobacillaceae] (family)",0.00504305997362092,1,"T13"
"treatment","Treatment","T13",47,"[Eubacterium] (genus)",0.0456978819148111,1,"T13"
"treatment","Treatment","T13",47,"Staphylococcus (genus)",0,1,"T13"
"treatment","Treatment","T13",47,"Lactococcus (genus)",0,1,"T13"
"treatment","Treatment","T13",47,"Akkermansia (genus)",0.0222670494219877,1,"T13"
"treatment","Treatment","T13",47,"[Ruminococcus] (genus)",0.0353402125843743,1,"T13"
"treatment","Treatment","T13",47,"Bifidobacterium (genus)",0,1,"T13"
"treatment","Treatment","T13",47,"Actinomyces (genus)",0.00558615874001086,1,"T13"
"treatment","Treatment","T13",47,"Bacteroides (genus)",0.159399487935449,1,"T13"
"treatment","Treatment","T13",47,"Ruminococcus (genus)",0.00349134921250679,1,"T13"
"treatment","Treatment","T13",47,"Peptostreptococcaceae (family)",0.00186205291333695,1,"T13"
"treatment","Treatment","T13",47,"Veillonella (genus)",0.0711847311661106,1,"T13"
"treatment","Treatment","T13",47,"Clostridiaceae (family)",0.000659477073473505,1,"T13"
"treatment","Treatment","T13",47,"Others",0.182675149352161,1,"T13"
"treatment","Treatment","T13",60,"Streptococcus (genus)",0.932134267489282,1,"T13"
"treatment","Treatment","T13",60,"Listeriaceae (family)",0.00386907874098086,1,"T13"
"treatment","Treatment","T13",60,"Blautia (genus)",0.000261424239255464,1,"T13"
"treatment","Treatment","T13",60,"Lactobacillus (genus)",0.0481020600230053,1,"T13"
"treatment","Treatment","T13",60,"Enterobacteriaceae (family)",0,1,"T13"
"treatment","Treatment","T13",60,"Lachnospiraceae (family)",0.000104569695702186,1,"T13"
"treatment","Treatment","T13",60,"[Coprobacillaceae] (family)",0,1,"T13"
"treatment","Treatment","T13",60,"[Eubacterium] (genus)",0.000313709087106557,1,"T13"
"treatment","Treatment","T13",60,"Staphylococcus (genus)",0.000679703022064206,1,"T13"
"treatment","Treatment","T13",60,"Lactococcus (genus)",0,1,"T13"
"treatment","Treatment","T13",60,"Akkermansia (genus)",0,1,"T13"
"treatment","Treatment","T13",60,"[Ruminococcus] (genus)",0,1,"T13"
"treatment","Treatment","T13",60,"Bifidobacterium (genus)",0.000104569695702186,1,"T13"
"treatment","Treatment","T13",60,"Actinomyces (genus)",0.000313709087106557,1,"T13"
"treatment","Treatment","T13",60,"Bacteroides (genus)",0.000104569695702186,1,"T13"
"treatment","Treatment","T13",60,"Ruminococcus (genus)",0,1,"T13"
"treatment","Treatment","T13",60,"Peptostreptococcaceae (family)",0.000156854543553278,1,"T13"
"treatment","Treatment","T13",60,"Veillonella (genus)",0.00167311513123497,1,"T13"
"treatment","Treatment","T13",60,"Clostridiaceae (family)",0,1,"T13"
"treatment","Treatment","T13",60,"Others",0.0121823695493046,1,"T13"
"treatment","Treatment","T13",61,"Streptococcus (genus)",0.182781850604319,1,"T13"
"treatment","Treatment","T13",61,"Listeriaceae (family)",0.00490390330889637,1,"T13"
"treatment","Treatment","T13",61,"Blautia (genus)",0.000941153160293244,1,"T13"
"treatment","Treatment","T13",61,"Lactobacillus (genus)",0.704973251436497,1,"T13"
"treatment","Treatment","T13",61,"Enterobacteriaceae (family)",0.000495343768575391,1,"T13"
"treatment","Treatment","T13",61,"Lachnospiraceae (family)",0.000247671884287696,1,"T13"
"treatment","Treatment","T13",61,"[Coprobacillaceae] (family)",0.000148603130572617,1,"T13"
"treatment","Treatment","T13",61,"[Eubacterium] (genus)",0.000346740638002774,1,"T13"
"treatment","Treatment","T13",61,"Staphylococcus (genus)",0,1,"T13"
"treatment","Treatment","T13",61,"Lactococcus (genus)",0,1,"T13"
"treatment","Treatment","T13",61,"Akkermansia (genus)",0,1,"T13"
"treatment","Treatment","T13",61,"[Ruminococcus] (genus)",0.000297206261145235,1,"T13"
"treatment","Treatment","T13",61,"Bifidobacterium (genus)",0.00054487814543293,1,"T13"
"treatment","Treatment","T13",61,"Actinomyces (genus)",0.000247671884287696,1,"T13"
"treatment","Treatment","T13",61,"Bacteroides (genus)",0.000693481276005548,1,"T13"
"treatment","Treatment","T13",61,"Ruminococcus (genus)",0.000247671884287696,1,"T13"
"treatment","Treatment","T13",61,"Peptostreptococcaceae (family)",0.000148603130572617,1,"T13"
"treatment","Treatment","T13",61,"Veillonella (genus)",0.0593917178521894,1,"T13"
"treatment","Treatment","T13",61,"Clostridiaceae (family)",0,1,"T13"
"treatment","Treatment","T13",61,"Others",0.0435902516346345,1,"T13"
"treatment","Treatment","T13",66,"Streptococcus (genus)",0.0214912486509314,1,"T13"
"treatment","Treatment","T13",66,"Listeriaceae (family)",0.0290460325653418,1,"T13"
"treatment","Treatment","T13",66,"Blautia (genus)",0.00023462061845995,1,"T13"
"treatment","Treatment","T13",66,"Lactobacillus (genus)",0.841208765426306,1,"T13"
"treatment","Treatment","T13",66,"Enterobacteriaceae (family)",0.000469241236919901,1,"T13"
"treatment","Treatment","T13",66,"Lachnospiraceae (family)",0.00042231711322791,1,"T13"
"treatment","Treatment","T13",66,"[Coprobacillaceae] (family)",0,1,"T13"
"treatment","Treatment","T13",66,"[Eubacterium] (genus)",0,1,"T13"
"treatment","Treatment","T13",66,"Staphylococcus (genus)",0,1,"T13"
"treatment","Treatment","T13",66,"Lactococcus (genus)",0,1,"T13"
"treatment","Treatment","T13",66,"Akkermansia (genus)",0,1,"T13"
"treatment","Treatment","T13",66,"[Ruminococcus] (genus)",0,1,"T13"
"treatment","Treatment","T13",66,"Bifidobacterium (genus)",0,1,"T13"
"treatment","Treatment","T13",66,"Actinomyces (genus)",9.38482473839801e-05,1,"T13"
"treatment","Treatment","T13",66,"Bacteroides (genus)",0,1,"T13"
"treatment","Treatment","T13",66,"Ruminococcus (genus)",0,1,"T13"
"treatment","Treatment","T13",66,"Peptostreptococcaceae (family)",9.38482473839801e-05,1,"T13"
"treatment","Treatment","T13",66,"Veillonella (genus)",0.00727323917225846,1,"T13"
"treatment","Treatment","T13",66,"Clostridiaceae (family)",0.0882642766646333,1,"T13"
"treatment","Treatment","T13",66,"Others",0.0114025620571535,1,"T13"
"treatment","Treatment","T13",67,"Streptococcus (genus)",0.0221111805121799,1,"T13"
"treatment","Treatment","T13",67,"Listeriaceae (family)",0.0107432854465959,1,"T13"
"treatment","Treatment","T13",67,"Blautia (genus)",0.000124921923797626,1,"T13"
"treatment","Treatment","T13",67,"Lactobacillus (genus)",0.873266708307308,1,"T13"
"treatment","Treatment","T13",67,"Enterobacteriaceae (family)",0.000749531542785759,1,"T13"
"treatment","Treatment","T13",67,"Lachnospiraceae (family)",0.00018738288569644,1,"T13"
"treatment","Treatment","T13",67,"[Coprobacillaceae] (family)",0,1,"T13"
"treatment","Treatment","T13",67,"[Eubacterium] (genus)",0,1,"T13"
"treatment","Treatment","T13",67,"Staphylococcus (genus)",0,1,"T13"
"treatment","Treatment","T13",67,"Lactococcus (genus)",0,1,"T13"
"treatment","Treatment","T13",67,"Akkermansia (genus)",0,1,"T13"
"treatment","Treatment","T13",67,"[Ruminococcus] (genus)",0,1,"T13"
"treatment","Treatment","T13",67,"Bifidobacterium (genus)",0,1,"T13"
"treatment","Treatment","T13",67,"Actinomyces (genus)",0,1,"T13"
"treatment","Treatment","T13",67,"Bacteroides (genus)",0,1,"T13"
"treatment","Treatment","T13",67,"Ruminococcus (genus)",0,1,"T13"
"treatment","Treatment","T13",67,"Peptostreptococcaceae (family)",0,1,"T13"
"treatment","Treatment","T13",67,"Veillonella (genus)",0.0198625858838226,1,"T13"
"treatment","Treatment","T13",67,"Clostridiaceae (family)",0.0708307307932542,1,"T13"
"treatment","Treatment","T13",67,"Others",0.00212367270455971,1,"T13"
"treatment","Treatment","T13",68,"Streptococcus (genus)",0.00675365823154209,1,"T13"
"treatment","Treatment","T13",68,"Listeriaceae (family)",0.00250135490057114,1,"T13"
"treatment","Treatment","T13",68,"Blautia (genus)",0.00016675699337141,1,"T13"
"treatment","Treatment","T13",68,"Lactobacillus (genus)",0.981281527494059,1,"T13"
"treatment","Treatment","T13",68,"Enterobacteriaceae (family)",0.000500270980114229,1,"T13"
"treatment","Treatment","T13",68,"Lachnospiraceae (family)",0.00250135490057114,1,"T13"
"treatment","Treatment","T13",68,"[Coprobacillaceae] (family)",0,1,"T13"
"treatment","Treatment","T13",68,"[Eubacterium] (genus)",0,1,"T13"
"treatment","Treatment","T13",68,"Staphylococcus (genus)",0,1,"T13"
"treatment","Treatment","T13",68,"Lactococcus (genus)",0,1,"T13"
"treatment","Treatment","T13",68,"Akkermansia (genus)",0,1,"T13"
"treatment","Treatment","T13",68,"[Ruminococcus] (genus)",0.000125067745028557,1,"T13"
"treatment","Treatment","T13",68,"Bifidobacterium (genus)",0,1,"T13"
"treatment","Treatment","T13",68,"Actinomyces (genus)",0,1,"T13"
"treatment","Treatment","T13",68,"Bacteroides (genus)",0,1,"T13"
"treatment","Treatment","T13",68,"Ruminococcus (genus)",0,1,"T13"
"treatment","Treatment","T13",68,"Peptostreptococcaceae (family)",8.33784966857048e-05,1,"T13"
"treatment","Treatment","T13",68,"Veillonella (genus)",0.00137574519531413,1,"T13"
"treatment","Treatment","T13",68,"Clostridiaceae (family)",0,1,"T13"
"treatment","Treatment","T13",68,"Others",0.00471088506274242,1,"T13"
"treatment","Treatment","T13",69,"Streptococcus (genus)",0.00568990042674253,1,"T13"
"treatment","Treatment","T13",69,"Listeriaceae (family)",0.00382974067184594,1,"T13"
"treatment","Treatment","T13",69,"Blautia (genus)",0.000109421162052741,1,"T13"
"treatment","Treatment","T13",69,"Lactobacillus (genus)",0.954426086005033,1,"T13"
"treatment","Treatment","T13",69,"Enterobacteriaceae (family)",0.000218842324105482,1,"T13"
"treatment","Treatment","T13",69,"Lachnospiraceae (family)",0.00787832366779735,1,"T13"
"treatment","Treatment","T13",69,"[Coprobacillaceae] (family)",0,1,"T13"
"treatment","Treatment","T13",69,"[Eubacterium] (genus)",0.000328263486158223,1,"T13"
"treatment","Treatment","T13",69,"Staphylococcus (genus)",0,1,"T13"
"treatment","Treatment","T13",69,"Lactococcus (genus)",0,1,"T13"
"treatment","Treatment","T13",69,"Akkermansia (genus)",0,1,"T13"
"treatment","Treatment","T13",69,"[Ruminococcus] (genus)",0.000109421162052741,1,"T13"
"treatment","Treatment","T13",69,"Bifidobacterium (genus)",0,1,"T13"
"treatment","Treatment","T13",69,"Actinomyces (genus)",0.000109421162052741,1,"T13"
"treatment","Treatment","T13",69,"Bacteroides (genus)",0,1,"T13"
"treatment","Treatment","T13",69,"Ruminococcus (genus)",0,1,"T13"
"treatment","Treatment","T13",69,"Peptostreptococcaceae (family)",0,1,"T13"
"treatment","Treatment","T13",69,"Veillonella (genus)",0.016686727213043,1,"T13"
"treatment","Treatment","T13",69,"Clostridiaceae (family)",0,1,"T13"
"treatment","Treatment","T13",69,"Others",0.0106138527191159,1,"T13"
"treatment","Treatment","T13",80,"Streptococcus (genus)",0.00454105560932033,1,"T13"
"treatment","Treatment","T13",80,"Listeriaceae (family)",0.826397677361721,1,"T13"
"treatment","Treatment","T13",80,"Blautia (genus)",0.000669991811211196,1,"T13"
"treatment","Treatment","T13",80,"Lactobacillus (genus)",0.0192064319213876,1,"T13"
"treatment","Treatment","T13",80,"Enterobacteriaceae (family)",0.00133998362242239,1,"T13"
"treatment","Treatment","T13",80,"Lachnospiraceae (family)",0.000372217672895109,1,"T13"
"treatment","Treatment","T13",80,"[Coprobacillaceae] (family)",0.000148887069158044,1,"T13"
"treatment","Treatment","T13",80,"[Eubacterium] (genus)",0.000297774138316087,1,"T13"
"treatment","Treatment","T13",80,"Staphylococcus (genus)",0,1,"T13"
"treatment","Treatment","T13",80,"Lactococcus (genus)",0,1,"T13"
"treatment","Treatment","T13",80,"Akkermansia (genus)",0,1,"T13"
"treatment","Treatment","T13",80,"[Ruminococcus] (genus)",0.000372217672895109,1,"T13"
"treatment","Treatment","T13",80,"Bifidobacterium (genus)",0,1,"T13"
"treatment","Treatment","T13",80,"Actinomyces (genus)",0,1,"T13"
"treatment","Treatment","T13",80,"Bacteroides (genus)",0.000148887069158044,1,"T13"
"treatment","Treatment","T13",80,"Ruminococcus (genus)",0.000223330603737065,1,"T13"
"treatment","Treatment","T13",80,"Peptostreptococcaceae (family)",0.000148887069158044,1,"T13"
"treatment","Treatment","T13",80,"Veillonella (genus)",0,1,"T13"
"treatment","Treatment","T13",80,"Clostridiaceae (family)",0.000148887069158044,1,"T13"
"treatment","Treatment","T13",80,"Others",0.145983771309462,1,"T13"
"treatment","Treatment","T13",81,"Streptococcus (genus)",0.00349382190029825,1,"T13"
"treatment","Treatment","T13",81,"Listeriaceae (family)",0.327737537281636,1,"T13"
"treatment","Treatment","T13",81,"Blautia (genus)",0,1,"T13"
"treatment","Treatment","T13",81,"Lactobacillus (genus)",0.0721772475500639,1,"T13"
"treatment","Treatment","T13",81,"Enterobacteriaceae (family)",0.00034086067319983,1,"T13"
"treatment","Treatment","T13",81,"Lachnospiraceae (family)",0.000170430336599915,1,"T13"
"treatment","Treatment","T13",81,"[Coprobacillaceae] (family)",0,1,"T13"
"treatment","Treatment","T13",81,"[Eubacterium] (genus)",0,1,"T13"
"treatment","Treatment","T13",81,"Staphylococcus (genus)",0,1,"T13"
"treatment","Treatment","T13",81,"Lactococcus (genus)",0,1,"T13"
"treatment","Treatment","T13",81,"Akkermansia (genus)",0,1,"T13"
"treatment","Treatment","T13",81,"[Ruminococcus] (genus)",0,1,"T13"
"treatment","Treatment","T13",81,"Bifidobacterium (genus)",0,1,"T13"
"treatment","Treatment","T13",81,"Actinomyces (genus)",0,1,"T13"
"treatment","Treatment","T13",81,"Bacteroides (genus)",0,1,"T13"
"treatment","Treatment","T13",81,"Ruminococcus (genus)",0,1,"T13"
"treatment","Treatment","T13",81,"Peptostreptococcaceae (family)",0,1,"T13"
"treatment","Treatment","T13",81,"Veillonella (genus)",0,1,"T13"
"treatment","Treatment","T13",81,"Clostridiaceae (family)",0,1,"T13"
"treatment","Treatment","T13",81,"Others",0.596080102258202,1,"T13"
"treatment","Treatment","T13",84,"Streptococcus (genus)",0.0353341643494103,1,"T13"
"treatment","Treatment","T13",84,"Listeriaceae (family)",0.0392175664013808,1,"T13"
"treatment","Treatment","T13",84,"Blautia (genus)",9.58864704190239e-05,1,"T13"
"treatment","Treatment","T13",84,"Lactobacillus (genus)",0.769920414229552,1,"T13"
"treatment","Treatment","T13",84,"Enterobacteriaceae (family)",0.000287659411257072,1,"T13"
"treatment","Treatment","T13",84,"Lachnospiraceae (family)",9.58864704190239e-05,1,"T13"
"treatment","Treatment","T13",84,"[Coprobacillaceae] (family)",0,1,"T13"
"treatment","Treatment","T13",84,"[Eubacterium] (genus)",0,1,"T13"
"treatment","Treatment","T13",84,"Staphylococcus (genus)",0,1,"T13"
"treatment","Treatment","T13",84,"Lactococcus (genus)",0,1,"T13"
"treatment","Treatment","T13",84,"Akkermansia (genus)",0,1,"T13"
"treatment","Treatment","T13",84,"[Ruminococcus] (genus)",0,1,"T13"
"treatment","Treatment","T13",84,"Bifidobacterium (genus)",0,1,"T13"
"treatment","Treatment","T13",84,"Actinomyces (genus)",0,1,"T13"
"treatment","Treatment","T13",84,"Bacteroides (genus)",0,1,"T13"
"treatment","Treatment","T13",84,"Ruminococcus (genus)",0,1,"T13"
"treatment","Treatment","T13",84,"Peptostreptococcaceae (family)",0,1,"T13"
"treatment","Treatment","T13",84,"Veillonella (genus)",0,1,"T13"
"treatment","Treatment","T13",84,"Clostridiaceae (family)",0,1,"T13"
"treatment","Treatment","T13",84,"Others",0.155048422667562,1,"T13"
"treatment","Treatment","T13",86,"Streptococcus (genus)",0.00774193548387097,1,"T13"
"treatment","Treatment","T13",86,"Listeriaceae (family)",0.0993548387096774,1,"T13"
"treatment","Treatment","T13",86,"Blautia (genus)",0,1,"T13"
"treatment","Treatment","T13",86,"Lactobacillus (genus)",0.889032258064516,1,"T13"
"treatment","Treatment","T13",86,"Enterobacteriaceae (family)",0,1,"T13"
"treatment","Treatment","T13",86,"Lachnospiraceae (family)",0,1,"T13"
"treatment","Treatment","T13",86,"[Coprobacillaceae] (family)",0,1,"T13"
"treatment","Treatment","T13",86,"[Eubacterium] (genus)",0,1,"T13"
"treatment","Treatment","T13",86,"Staphylococcus (genus)",0,1,"T13"
"treatment","Treatment","T13",86,"Lactococcus (genus)",0,1,"T13"
"treatment","Treatment","T13",86,"Akkermansia (genus)",0,1,"T13"
"treatment","Treatment","T13",86,"[Ruminococcus] (genus)",0,1,"T13"
"treatment","Treatment","T13",86,"Bifidobacterium (genus)",0,1,"T13"
"treatment","Treatment","T13",86,"Actinomyces (genus)",0,1,"T13"
"treatment","Treatment","T13",86,"Bacteroides (genus)",0,1,"T13"
"treatment","Treatment","T13",86,"Ruminococcus (genus)",0,1,"T13"
"treatment","Treatment","T13",86,"Peptostreptococcaceae (family)",0,1,"T13"
"treatment","Treatment","T13",86,"Veillonella (genus)",0,1,"T13"
"treatment","Treatment","T13",86,"Clostridiaceae (family)",0,1,"T13"
"treatment","Treatment","T13",86,"Others",0.00387096774193552,1,"T13"
"treatment","Treatment","T13",87,"Streptococcus (genus)",0.00256710502612142,1,"T13"
"treatment","Treatment","T13",87,"Listeriaceae (family)",0.16555575571969,1,"T13"
"treatment","Treatment","T13",87,"Blautia (genus)",0,1,"T13"
"treatment","Treatment","T13",87,"Lactobacillus (genus)",0.828994775716087,1,"T13"
"treatment","Treatment","T13",87,"Enterobacteriaceae (family)",0.000450369302828319,1,"T13"
"treatment","Treatment","T13",87,"Lachnospiraceae (family)",9.00738605656638e-05,1,"T13"
"treatment","Treatment","T13",87,"[Coprobacillaceae] (family)",0,1,"T13"
"treatment","Treatment","T13",87,"[Eubacterium] (genus)",9.00738605656638e-05,1,"T13"
"treatment","Treatment","T13",87,"Staphylococcus (genus)",0,1,"T13"
"treatment","Treatment","T13",87,"Lactococcus (genus)",0.000270221581696992,1,"T13"
"treatment","Treatment","T13",87,"Akkermansia (genus)",0,1,"T13"
"treatment","Treatment","T13",87,"[Ruminococcus] (genus)",0,1,"T13"
"treatment","Treatment","T13",87,"Bifidobacterium (genus)",0.000135110790848496,1,"T13"
"treatment","Treatment","T13",87,"Actinomyces (genus)",0,1,"T13"
"treatment","Treatment","T13",87,"Bacteroides (genus)",0,1,"T13"
"treatment","Treatment","T13",87,"Ruminococcus (genus)",0,1,"T13"
"treatment","Treatment","T13",87,"Peptostreptococcaceae (family)",0,1,"T13"
"treatment","Treatment","T13",87,"Veillonella (genus)",0,1,"T13"
"treatment","Treatment","T13",87,"Clostridiaceae (family)",0,1,"T13"
"treatment","Treatment","T13",87,"Others",0.00184651414159609,1,"T13"
"treatment","Treatment","T14",2,"Streptococcus (genus)",0.0618898373548506,1,"T14"
"treatment","Treatment","T14",2,"Listeriaceae (family)",0.338955995289033,1,"T14"
"treatment","Treatment","T14",2,"Blautia (genus)",0.00416589610566581,1,"T14"
"treatment","Treatment","T14",2,"Lactobacillus (genus)",9.73340211604162e-05,1,"T14"
"treatment","Treatment","T14",2,"Enterobacteriaceae (family)",0.000267668558191145,1,"T14"
"treatment","Treatment","T14",2,"Lachnospiraceae (family)",0.0139868988407518,1,"T14"
"treatment","Treatment","T14",2,"[Coprobacillaceae] (family)",0.0493775489346791,1,"T14"
"treatment","Treatment","T14",2,"[Eubacterium] (genus)",0.231800971393531,1,"T14"
"treatment","Treatment","T14",2,"Staphylococcus (genus)",0,1,"T14"
"treatment","Treatment","T14",2,"Lactococcus (genus)",0.00023846835184302,1,"T14"
"treatment","Treatment","T14",2,"Akkermansia (genus)",0.206216723931516,1,"T14"
"treatment","Treatment","T14",2,"[Ruminococcus] (genus)",0.000184934640204791,1,"T14"
"treatment","Treatment","T14",2,"Bifidobacterium (genus)",8.76006190443746e-05,1,"T14"
"treatment","Treatment","T14",2,"Actinomyces (genus)",0.0148337048248474,1,"T14"
"treatment","Treatment","T14",2,"Bacteroides (genus)",0.000579137425904476,1,"T14"
"treatment","Treatment","T14",2,"Ruminococcus (genus)",0.000272535259249165,1,"T14"
"treatment","Treatment","T14",2,"Peptostreptococcaceae (family)",0.000116800825392499,1,"T14"
"treatment","Treatment","T14",2,"Veillonella (genus)",0.000175201238088749,1,"T14"
"treatment","Treatment","T14",2,"Clostridiaceae (family)",0.00362082558716748,1,"T14"
"treatment","Treatment","T14",2,"Others",0.0731319167988788,1,"T14"
"treatment","Treatment","T14",3,"Streptococcus (genus)",0.0593288861936527,1,"T14"
"treatment","Treatment","T14",3,"Listeriaceae (family)",0.145327976551445,1,"T14"
"treatment","Treatment","T14",3,"Blautia (genus)",0.0737357657839768,1,"T14"
"treatment","Treatment","T14",3,"Lactobacillus (genus)",6.73809042517351e-05,1,"T14"
"treatment","Treatment","T14",3,"Enterobacteriaceae (family)",0.00013476180850347,1,"T14"
"treatment","Treatment","T14",3,"Lachnospiraceae (family)",0.0284136850616535,1,"T14"
"treatment","Treatment","T14",3,"[Coprobacillaceae] (family)",0.126212856276531,1,"T14"
"treatment","Treatment","T14",3,"[Eubacterium] (genus)",0.0503798598477192,1,"T14"
"treatment","Treatment","T14",3,"Staphylococcus (genus)",0,1,"T14"
"treatment","Treatment","T14",3,"Lactococcus (genus)",0.000130550501987737,1,"T14"
"treatment","Treatment","T14",3,"Akkermansia (genus)",0.416144464658716,1,"T14"
"treatment","Treatment","T14",3,"[Ruminococcus] (genus)",0.00585792736338522,1,"T14"
"treatment","Treatment","T14",3,"Bifidobacterium (genus)",0.000105282662893336,1,"T14"
"treatment","Treatment","T14",3,"Actinomyces (genus)",0.0103471801091571,1,"T14"
"treatment","Treatment","T14",3,"Bacteroides (genus)",0.0038533454618961,1,"T14"
"treatment","Treatment","T14",3,"Ruminococcus (genus)",0.000273734923522674,1,"T14"
"treatment","Treatment","T14",3,"Peptostreptococcaceae (family)",9.68600498618691e-05,1,"T14"
"treatment","Treatment","T14",3,"Veillonella (genus)",0.000126339195472003,1,"T14"
"treatment","Treatment","T14",3,"Clostridiaceae (family)",6.31695977360016e-05,1,"T14"
"treatment","Treatment","T14",3,"Others",0.0793999730476384,1,"T14"
"treatment","Treatment","T14",6,"Streptococcus (genus)",0.0617212269376218,1,"T14"
"treatment","Treatment","T14",6,"Listeriaceae (family)",0.128851369418236,1,"T14"
"treatment","Treatment","T14",6,"Blautia (genus)",0.0683015648675147,1,"T14"
"treatment","Treatment","T14",6,"Lactobacillus (genus)",0.000213911914129646,1,"T14"
"treatment","Treatment","T14",6,"Enterobacteriaceae (family)",9.9316245845907e-05,1,"T14"
"treatment","Treatment","T14",6,"Lachnospiraceae (family)",0.0233087589289125,1,"T14"
"treatment","Treatment","T14",6,"[Coprobacillaceae] (family)",0.164806396984861,1,"T14"
"treatment","Treatment","T14",6,"[Eubacterium] (genus)",0.0584896290920203,1,"T14"
"treatment","Treatment","T14",6,"Staphylococcus (genus)",0,1,"T14"
"treatment","Treatment","T14",6,"Lactococcus (genus)",0.000106955957064823,1,"T14"
"treatment","Treatment","T14",6,"Akkermansia (genus)",0.382087423762048,1,"T14"
"treatment","Treatment","T14",6,"[Ruminococcus] (genus)",0.0059029502018157,1,"T14"
"treatment","Treatment","T14",6,"Bifidobacterium (genus)",4.07451265008849e-05,1,"T14"
"treatment","Treatment","T14",6,"Actinomyces (genus)",0.0113755300049658,1,"T14"
"treatment","Treatment","T14",6,"Bacteroides (genus)",0.00456600073850542,1,"T14"
"treatment","Treatment","T14",6,"Ruminococcus (genus)",0.000145154513159403,1,"T14"
"treatment","Treatment","T14",6,"Peptostreptococcaceae (family)",4.07451265008849e-05,1,"T14"
"treatment","Treatment","T14",6,"Veillonella (genus)",0.000150247653972013,1,"T14"
"treatment","Treatment","T14",6,"Clostridiaceae (family)",4.58382673134955e-05,1,"T14"
"treatment","Treatment","T14",6,"Others",0.0897462342590117,1,"T14"
"treatment","Treatment","T14",8,"Streptococcus (genus)",0.0603753842898207,1,"T14"
"treatment","Treatment","T14",8,"Listeriaceae (family)",0.136863019415821,1,"T14"
"treatment","Treatment","T14",8,"Blautia (genus)",0.047519677402289,1,"T14"
"treatment","Treatment","T14",8,"Lactobacillus (genus)",0.000149895073448586,1,"T14"
"treatment","Treatment","T14",8,"Enterobacteriaceae (family)",7.34779771806794e-05,1,"T14"
"treatment","Treatment","T14",8,"Lachnospiraceae (family)",0.00400895843497787,1,"T14"
"treatment","Treatment","T14",8,"[Coprobacillaceae] (family)",0.176588152998783,1,"T14"
"treatment","Treatment","T14",8,"[Eubacterium] (genus)",0.178275207354852,1,"T14"
"treatment","Treatment","T14",8,"Staphylococcus (genus)",0,1,"T14"
"treatment","Treatment","T14",8,"Lactococcus (genus)",0.000285094551461036,1,"T14"
"treatment","Treatment","T14",8,"Akkermansia (genus)",0.259294964113356,1,"T14"
"treatment","Treatment","T14",8,"[Ruminococcus] (genus)",0.0133230268224008,1,"T14"
"treatment","Treatment","T14",8,"Bifidobacterium (genus)",2.93911908722718e-05,1,"T14"
"treatment","Treatment","T14",8,"Actinomyces (genus)",0.00221903491085652,1,"T14"
"treatment","Treatment","T14",8,"Bacteroides (genus)",0.0008435271780342,1,"T14"
"treatment","Treatment","T14",8,"Ruminococcus (genus)",0.000205738336105902,1,"T14"
"treatment","Treatment","T14",8,"Peptostreptococcaceae (family)",4.40867863084076e-05,1,"T14"
"treatment","Treatment","T14",8,"Veillonella (genus)",6.75997390062251e-05,1,"T14"
"treatment","Treatment","T14",8,"Clostridiaceae (family)",5.87823817445435e-06,1,"T14"
"treatment","Treatment","T14",8,"Others",0.119827885186252,1,"T14"
"treatment","Treatment","T14",9,"Streptococcus (genus)",0.0791176248030873,1,"T14"
"treatment","Treatment","T14",9,"Listeriaceae (family)",0.287982651046647,1,"T14"
"treatment","Treatment","T14",9,"Blautia (genus)",0.0340650344984144,1,"T14"
"treatment","Treatment","T14",9,"Lactobacillus (genus)",0.00023216779368366,1,"T14"
"treatment","Treatment","T14",9,"Enterobacteriaceae (family)",0.000216689940771416,1,"T14"
"treatment","Treatment","T14",9,"Lachnospiraceae (family)",0.0149430071060542,1,"T14"
"treatment","Treatment","T14",9,"[Coprobacillaceae] (family)",0.0692169582235552,1,"T14"
"treatment","Treatment","T14",9,"[Eubacterium] (genus)",0.324149234018257,1,"T14"
"treatment","Treatment","T14",9,"Staphylococcus (genus)",3.43952286938756e-06,1,"T14"
"treatment","Treatment","T14",9,"Lactococcus (genus)",0.000197772564989785,1,"T14"
"treatment","Treatment","T14",9,"Akkermansia (genus)",0.139089145553729,1,"T14"
"treatment","Treatment","T14",9,"[Ruminococcus] (genus)",0.00531234307176908,1,"T14"
"treatment","Treatment","T14",9,"Bifidobacterium (genus)",4.12742744326507e-05,1,"T14"
"treatment","Treatment","T14",9,"Actinomyces (genus)",0.00371468469893856,1,"T14"
"treatment","Treatment","T14",9,"Bacteroides (genus)",0.00313512509544676,1,"T14"
"treatment","Treatment","T14",9,"Ruminococcus (genus)",0.000151339006253053,1,"T14"
"treatment","Treatment","T14",9,"Peptostreptococcaceae (family)",7.39497416918325e-05,1,"T14"
"treatment","Treatment","T14",9,"Veillonella (genus)",0.000165097097730603,1,"T14"
"treatment","Treatment","T14",9,"Clostridiaceae (family)",0.000123822823297952,1,"T14"
"treatment","Treatment","T14",9,"Others",0.0380686391183815,1,"T14"
"treatment","Treatment","T14",12,"Streptococcus (genus)",0.0359886561838444,1,"T14"
"treatment","Treatment","T14",12,"Listeriaceae (family)",0.434574673465855,1,"T14"
"treatment","Treatment","T14",12,"Blautia (genus)",0.0973278123210886,1,"T14"
"treatment","Treatment","T14",12,"Lactobacillus (genus)",0.000114503308613045,1,"T14"
"treatment","Treatment","T14",12,"Enterobacteriaceae (family)",0.000287589705353695,1,"T14"
"treatment","Treatment","T14",12,"Lachnospiraceae (family)",0.00576244557764256,1,"T14"
"treatment","Treatment","T14",12,"[Coprobacillaceae] (family)",0.0200460676102094,1,"T14"
"treatment","Treatment","T14",12,"[Eubacterium] (genus)",0.271734991412252,1,"T14"
"treatment","Treatment","T14",12,"Staphylococcus (genus)",0,1,"T14"
"treatment","Treatment","T14",12,"Lactococcus (genus)",0.000234332352510418,1,"T14"
"treatment","Treatment","T14",12,"Akkermansia (genus)",0.0159079712942868,1,"T14"
"treatment","Treatment","T14",12,"[Ruminococcus] (genus)",0.0894883299825582,1,"T14"
"treatment","Treatment","T14",12,"Bifidobacterium (genus)",3.72801469902938e-05,1,"T14"
"treatment","Treatment","T14",12,"Actinomyces (genus)",0.0015391374971707,1,"T14"
"treatment","Treatment","T14",12,"Bacteroides (genus)",0.0003461727934813,1,"T14"
"treatment","Treatment","T14",12,"Ruminococcus (genus)",0.000252972426005565,1,"T14"
"treatment","Treatment","T14",12,"Peptostreptococcaceae (family)",9.05374998335708e-05,1,"T14"
"treatment","Treatment","T14",12,"Veillonella (genus)",5.05944852011131e-05,1,"T14"
"treatment","Treatment","T14",12,"Clostridiaceae (family)",3.461727934813e-05,1,"T14"
"treatment","Treatment","T14",12,"Others",0.0261813146577549,1,"T14"
"treatment","Treatment","T14",13,"Streptococcus (genus)",0.0291075399839354,1,"T14"
"treatment","Treatment","T14",13,"Listeriaceae (family)",0.491910322330352,1,"T14"
"treatment","Treatment","T14",13,"Blautia (genus)",0.0948959352170088,1,"T14"
"treatment","Treatment","T14",13,"Lactobacillus (genus)",0.00016938872526788,1,"T14"
"treatment","Treatment","T14",13,"Enterobacteriaceae (family)",0.000431668041811694,1,"T14"
"treatment","Treatment","T14",13,"Lachnospiraceae (family)",0.00876996464693379,1,"T14"
"treatment","Treatment","T14",13,"[Coprobacillaceae] (family)",0.00843665134882603,1,"T14"
"treatment","Treatment","T14",13,"[Eubacterium] (genus)",0.152761309429488,1,"T14"
"treatment","Treatment","T14",13,"Staphylococcus (genus)",0,1,"T14"
"treatment","Treatment","T14",13,"Lactococcus (genus)",0.000234958554403834,1,"T14"
"treatment","Treatment","T14",13,"Akkermansia (genus)",0.00944751954800531,1,"T14"
"treatment","Treatment","T14",13,"[Ruminococcus] (genus)",0.187212790488003,1,"T14"
"treatment","Treatment","T14",13,"Bifidobacterium (genus)",0.000961690827327319,1,"T14"
"treatment","Treatment","T14",13,"Actinomyces (genus)",0.000584664309795586,1,"T14"
"treatment","Treatment","T14",13,"Bacteroides (genus)",0.00162285327111485,1,"T14"
"treatment","Treatment","T14",13,"Ruminococcus (genus)",0.00107097387588724,1,"T14"
"treatment","Treatment","T14",13,"Peptostreptococcaceae (family)",0.00016938872526788,1,"T14"
"treatment","Treatment","T14",13,"Veillonella (genus)",2.73207621399807e-05,1,"T14"
"treatment","Treatment","T14",13,"Clostridiaceae (family)",0.000114747200987919,1,"T14"
"treatment","Treatment","T14",13,"Others",0.0120703127134436,1,"T14"
"treatment","Treatment","T14",14,"Streptococcus (genus)",0.122118633671979,1,"T14"
"treatment","Treatment","T14",14,"Listeriaceae (family)",0.671856006958771,1,"T14"
"treatment","Treatment","T14",14,"Blautia (genus)",0.00472282008676161,1,"T14"
"treatment","Treatment","T14",14,"Lactobacillus (genus)",0.00102597272250783,1,"T14"
"treatment","Treatment","T14",14,"Enterobacteriaceae (family)",0.000512986361253917,1,"T14"
"treatment","Treatment","T14",14,"Lachnospiraceae (family)",0.00298312720946571,1,"T14"
"treatment","Treatment","T14",14,"[Coprobacillaceae] (family)",0.0181441045600027,1,"T14"
"treatment","Treatment","T14",14,"[Eubacterium] (genus)",0.128151799355421,1,"T14"
"treatment","Treatment","T14",14,"Staphylococcus (genus)",0,1,"T14"
"treatment","Treatment","T14",14,"Lactococcus (genus)",0.00328980383847621,1,"T14"
"treatment","Treatment","T14",14,"Akkermansia (genus)",0.00183448383535368,1,"T14"
"treatment","Treatment","T14",14,"[Ruminococcus] (genus)",0.00770594729622732,1,"T14"
"treatment","Treatment","T14",14,"Bifidobacterium (genus)",7.24872032206622e-05,1,"T14"
"treatment","Treatment","T14",14,"Actinomyces (genus)",0.00224152736113125,1,"T14"
"treatment","Treatment","T14",14,"Bacteroides (genus)",0.000356860077394029,1,"T14"
"treatment","Treatment","T14",14,"Ruminococcus (genus)",0.000323404445138339,1,"T14"
"treatment","Treatment","T14",14,"Peptostreptococcaceae (family)",0.000111518774185634,1,"T14"
"treatment","Treatment","T14",14,"Veillonella (genus)",0.000105942835476352,1,"T14"
"treatment","Treatment","T14",14,"Clostridiaceae (family)",0.00016170222256917,1,"T14"
"treatment","Treatment","T14",14,"Others",0.034280871184664,1,"T14"
"treatment","Treatment","T14",20,"Streptococcus (genus)",0.0520167913852893,1,"T14"
"treatment","Treatment","T14",20,"Listeriaceae (family)",0.868881182697573,1,"T14"
"treatment","Treatment","T14",20,"Blautia (genus)",0.000109509034495346,1,"T14"
"treatment","Treatment","T14",20,"Lactobacillus (genus)",0.00124110239094725,1,"T14"
"treatment","Treatment","T14",20,"Enterobacteriaceae (family)",0,1,"T14"
"treatment","Treatment","T14",20,"Lachnospiraceae (family)",0.000584048183975178,1,"T14"
"treatment","Treatment","T14",20,"[Coprobacillaceae] (family)",0.000292024091987589,1,"T14"
"treatment","Treatment","T14",20,"[Eubacterium] (genus)",7.30060229968972e-05,1,"T14"
"treatment","Treatment","T14",20,"Staphylococcus (genus)",0,1,"T14"
"treatment","Treatment","T14",20,"Lactococcus (genus)",0.00361379813834641,1,"T14"
"treatment","Treatment","T14",20,"Akkermansia (genus)",7.30060229968972e-05,1,"T14"
"treatment","Treatment","T14",20,"[Ruminococcus] (genus)",0,1,"T14"
"treatment","Treatment","T14",20,"Bifidobacterium (genus)",0,1,"T14"
"treatment","Treatment","T14",20,"Actinomyces (genus)",0.0604854900529294,1,"T14"
"treatment","Treatment","T14",20,"Bacteroides (genus)",0.000584048183975178,1,"T14"
"treatment","Treatment","T14",20,"Ruminococcus (genus)",0,1,"T14"
"treatment","Treatment","T14",20,"Peptostreptococcaceae (family)",0.000912575287461216,1,"T14"
"treatment","Treatment","T14",20,"Veillonella (genus)",0.0014236174484395,1,"T14"
"treatment","Treatment","T14",20,"Clostridiaceae (family)",0.00025552108048914,1,"T14"
"treatment","Treatment","T14",20,"Others",0.00945427997809833,1,"T14"
"treatment","Treatment","T14",21,"Streptococcus (genus)",0.0697551523692091,1,"T14"
"treatment","Treatment","T14",21,"Listeriaceae (family)",0.8628089953614,1,"T14"
"treatment","Treatment","T14",21,"Blautia (genus)",0.00038165697845106,1,"T14"
"treatment","Treatment","T14",21,"Lactobacillus (genus)",0.00026422406200458,1,"T14"
"treatment","Treatment","T14",21,"Enterobacteriaceae (family)",0,1,"T14"
"treatment","Treatment","T14",21,"Lachnospiraceae (family)",5.871645822324e-05,1,"T14"
"treatment","Treatment","T14",21,"[Coprobacillaceae] (family)",0,1,"T14"
"treatment","Treatment","T14",21,"[Eubacterium] (genus)",0.00055780635312078,1,"T14"
"treatment","Treatment","T14",21,"Staphylococcus (genus)",0,1,"T14"
"treatment","Treatment","T14",21,"Lactococcus (genus)",0.00152662791380424,1,"T14"
"treatment","Treatment","T14",21,"Akkermansia (genus)",0,1,"T14"
"treatment","Treatment","T14",21,"[Ruminococcus] (genus)",0.0005871645822324,1,"T14"
"treatment","Treatment","T14",21,"Bifidobacterium (genus)",5.871645822324e-05,1,"T14"
"treatment","Treatment","T14",21,"Actinomyces (genus)",0.0514062591744466,1,"T14"
"treatment","Treatment","T14",21,"Bacteroides (genus)",0.00023486583289296,1,"T14"
"treatment","Treatment","T14",21,"Ruminococcus (genus)",0,1,"T14"
"treatment","Treatment","T14",21,"Peptostreptococcaceae (family)",5.871645822324e-05,1,"T14"
"treatment","Treatment","T14",21,"Veillonella (genus)",0.00032294052022782,1,"T14"
"treatment","Treatment","T14",21,"Clostridiaceae (family)",0.00020550760378134,1,"T14"
"treatment","Treatment","T14",21,"Others",0.0117726498737598,1,"T14"
"treatment","Treatment","T14",22,"Streptococcus (genus)",0.104426002766252,1,"T14"
"treatment","Treatment","T14",22,"Listeriaceae (family)",0.794052558782849,1,"T14"
"treatment","Treatment","T14",22,"Blautia (genus)",0.00179806362378976,1,"T14"
"treatment","Treatment","T14",22,"Lactobacillus (genus)",0.000553250345781466,1,"T14"
"treatment","Treatment","T14",22,"Enterobacteriaceae (family)",0.00110650069156293,1,"T14"
"treatment","Treatment","T14",22,"Lachnospiraceae (family)",0.000691562932226833,1,"T14"
"treatment","Treatment","T14",22,"[Coprobacillaceae] (family)",0,1,"T14"
"treatment","Treatment","T14",22,"[Eubacterium] (genus)",0.0045643153526971,1,"T14"
"treatment","Treatment","T14",22,"Staphylococcus (genus)",0,1,"T14"
"treatment","Treatment","T14",22,"Lactococcus (genus)",0.000968188105117566,1,"T14"
"treatment","Treatment","T14",22,"Akkermansia (genus)",0,1,"T14"
"treatment","Treatment","T14",22,"[Ruminococcus] (genus)",0.0037344398340249,1,"T14"
"treatment","Treatment","T14",22,"Bifidobacterium (genus)",0.0012448132780083,1,"T14"
"treatment","Treatment","T14",22,"Actinomyces (genus)",0.0340248962655602,1,"T14"
"treatment","Treatment","T14",22,"Bacteroides (genus)",0.00580912863070539,1,"T14"
"treatment","Treatment","T14",22,"Ruminococcus (genus)",0,1,"T14"
"treatment","Treatment","T14",22,"Peptostreptococcaceae (family)",0.00193637621023513,1,"T14"
"treatment","Treatment","T14",22,"Veillonella (genus)",0.00746887966804979,1,"T14"
"treatment","Treatment","T14",22,"Clostridiaceae (family)",0.00470262793914246,1,"T14"
"treatment","Treatment","T14",22,"Others",0.0329183955739974,1,"T14"
"treatment","Treatment","T14",34,"Streptococcus (genus)",0.0568830317506748,2,"T14"
"treatment","Treatment","T14",34,"Listeriaceae (family)",0.00689589461657217,2,"T14"
"treatment","Treatment","T14",34,"Blautia (genus)",0.19135301426504,2,"T14"
"treatment","Treatment","T14",34,"Lactobacillus (genus)",0.00452190060382105,2,"T14"
"treatment","Treatment","T14",34,"Enterobacteriaceae (family)",0.013358976025778,2,"T14"
"treatment","Treatment","T14",34,"Lachnospiraceae (family)",0.0312486160414623,2,"T14"
"treatment","Treatment","T14",34,"[Coprobacillaceae] (family)",0.0424299020194773,2,"T14"
"treatment","Treatment","T14",34,"[Eubacterium] (genus)",0.0890286661098972,2,"T14"
"treatment","Treatment","T14",34,"Staphylococcus (genus)",0,2,"T14"
"treatment","Treatment","T14",34,"Lactococcus (genus)",0.000297899257642619,2,"T14"
"treatment","Treatment","T14",34,"Akkermansia (genus)",0.17649734510936,2,"T14"
"treatment","Treatment","T14",34,"[Ruminococcus] (genus)",0.103574934293423,2,"T14"
"treatment","Treatment","T14",34,"Bifidobacterium (genus)",0.0141316977568904,2,"T14"
"treatment","Treatment","T14",34,"Actinomyces (genus)",0.00439527515154806,2,"T14"
"treatment","Treatment","T14",34,"Bacteroides (genus)",0.138770016765451,2,"T14"
"treatment","Treatment","T14",34,"Ruminococcus (genus)",0.0006025204683397,2,"T14"
"treatment","Treatment","T14",34,"Peptostreptococcaceae (family)",0.021908099122155,2,"T14"
"treatment","Treatment","T14",34,"Veillonella (genus)",0.00461817582055088,2,"T14"
"treatment","Treatment","T14",34,"Clostridiaceae (family)",0,2,"T14"
"treatment","Treatment","T14",34,"Others",0.0994840348219163,2,"T14"
"treatment","Treatment","T14",36,"Streptococcus (genus)",0.145812977757342,1,"T14"
"treatment","Treatment","T14",36,"Listeriaceae (family)",0.00425311799528709,1,"T14"
"treatment","Treatment","T14",36,"Blautia (genus)",0.00709810908672912,1,"T14"
"treatment","Treatment","T14",36,"Lactobacillus (genus)",0,1,"T14"
"treatment","Treatment","T14",36,"Enterobacteriaceae (family)",0.0407782056440025,1,"T14"
"treatment","Treatment","T14",36,"Lachnospiraceae (family)",0.0713834128398184,1,"T14"
"treatment","Treatment","T14",36,"[Coprobacillaceae] (family)",0.166302661072475,1,"T14"
"treatment","Treatment","T14",36,"[Eubacterium] (genus)",0.105350882234611,1,"T14"
"treatment","Treatment","T14",36,"Staphylococcus (genus)",0,1,"T14"
"treatment","Treatment","T14",36,"Lactococcus (genus)",0,1,"T14"
"treatment","Treatment","T14",36,"Akkermansia (genus)",0.0366975113512271,1,"T14"
"treatment","Treatment","T14",36,"[Ruminococcus] (genus)",0.1429679866659,1,"T14"
"treatment","Treatment","T14",36,"Bifidobacterium (genus)",0.000201160986263578,1,"T14"
"treatment","Treatment","T14",36,"Actinomyces (genus)",0.0303178343582965,1,"T14"
"treatment","Treatment","T14",36,"Bacteroides (genus)",0.00649462612793839,1,"T14"
"treatment","Treatment","T14",36,"Ruminococcus (genus)",0.000689694810046554,1,"T14"
"treatment","Treatment","T14",36,"Peptostreptococcaceae (family)",0.122909362607046,1,"T14"
"treatment","Treatment","T14",36,"Veillonella (genus)",0.0031036266452095,1,"T14"
"treatment","Treatment","T14",36,"Clostridiaceae (family)",0.000316110121271337,1,"T14"
"treatment","Treatment","T14",36,"Others",0.115322719696534,1,"T14"
"treatment","Treatment","T14",83,"Streptococcus (genus)",0.0374693683960897,1,"T14"
"treatment","Treatment","T14",83,"Listeriaceae (family)",0.000289847434850202,1,"T14"
"treatment","Treatment","T14",83,"Blautia (genus)",0.249505941872414,1,"T14"
"treatment","Treatment","T14",83,"Lactobacillus (genus)",0,1,"T14"
"treatment","Treatment","T14",83,"Enterobacteriaceae (family)",0.00234512924560618,1,"T14"
"treatment","Treatment","T14",83,"Lachnospiraceae (family)",0.00674554030196833,1,"T14"
"treatment","Treatment","T14",83,"[Coprobacillaceae] (family)",0.0452161998366314,1,"T14"
"treatment","Treatment","T14",83,"[Eubacterium] (genus)",0.365603014413322,1,"T14"
"treatment","Treatment","T14",83,"Staphylococcus (genus)",0,1,"T14"
"treatment","Treatment","T14",83,"Lactococcus (genus)",5.26995336091276e-05,1,"T14"
"treatment","Treatment","T14",83,"Akkermansia (genus)",0.0314616215646492,1,"T14"
"treatment","Treatment","T14",83,"[Ruminococcus] (genus)",0.0952544069984981,1,"T14"
"treatment","Treatment","T14",83,"Bifidobacterium (genus)",0,1,"T14"
"treatment","Treatment","T14",83,"Actinomyces (genus)",0.00216068087797423,1,"T14"
"treatment","Treatment","T14",83,"Bacteroides (genus)",0.00569154962978578,1,"T14"
"treatment","Treatment","T14",83,"Ruminococcus (genus)",0.000131748834022819,1,"T14"
"treatment","Treatment","T14",83,"Peptostreptococcaceae (family)",0.0147822191773603,1,"T14"
"treatment","Treatment","T14",83,"Veillonella (genus)",0,1,"T14"
"treatment","Treatment","T14",83,"Clostridiaceae (family)",0.000158098600827383,1,"T14"
"treatment","Treatment","T14",83,"Others",0.14313193328239,1,"T14"
"treatment","Treatment","T2",3,"Streptococcus (genus)",0.0926844583987441,1,"T2"
"treatment","Treatment","T2",3,"Listeriaceae (family)",0.000941915227629513,1,"T2"
"treatment","Treatment","T2",3,"Blautia (genus)",0.000313971742543171,1,"T2"
"treatment","Treatment","T2",3,"Lactobacillus (genus)",0.00125588697017268,1,"T2"
"treatment","Treatment","T2",3,"Enterobacteriaceae (family)",0.00043956043956044,1,"T2"
"treatment","Treatment","T2",3,"Lachnospiraceae (family)",0.000251177394034537,1,"T2"
"treatment","Treatment","T2",3,"[Coprobacillaceae] (family)",0.882888540031397,1,"T2"
"treatment","Treatment","T2",3,"[Eubacterium] (genus)",0.0100470957613815,1,"T2"
"treatment","Treatment","T2",3,"Staphylococcus (genus)",0,1,"T2"
"treatment","Treatment","T2",3,"Lactococcus (genus)",0,1,"T2"
"treatment","Treatment","T2",3,"Akkermansia (genus)",0,1,"T2"
"treatment","Treatment","T2",3,"[Ruminococcus] (genus)",0,1,"T2"
"treatment","Treatment","T2",3,"Bifidobacterium (genus)",0.00156985871271586,1,"T2"
"treatment","Treatment","T2",3,"Actinomyces (genus)",0.00163265306122449,1,"T2"
"treatment","Treatment","T2",3,"Bacteroides (genus)",0.00156985871271586,1,"T2"
"treatment","Treatment","T2",3,"Ruminococcus (genus)",0.000565149136577708,1,"T2"
"treatment","Treatment","T2",3,"Peptostreptococcaceae (family)",0.000565149136577708,1,"T2"
"treatment","Treatment","T2",3,"Veillonella (genus)",0.0023861852433281,1,"T2"
"treatment","Treatment","T2",3,"Clostridiaceae (family)",0.000502354788069074,1,"T2"
"treatment","Treatment","T2",3,"Others",0.00238618524332812,1,"T2"
"treatment","Treatment","T2",4,"Streptococcus (genus)",0.0333840690005074,1,"T2"
"treatment","Treatment","T2",4,"Listeriaceae (family)",0.00669710806697108,1,"T2"
"treatment","Treatment","T2",4,"Blautia (genus)",0.000202942668696093,1,"T2"
"treatment","Treatment","T2",4,"Lactobacillus (genus)",0.0211060375443937,1,"T2"
"treatment","Treatment","T2",4,"Enterobacteriaceae (family)",0.000405885337392187,1,"T2"
"treatment","Treatment","T2",4,"Lachnospiraceae (family)",0.00030441400304414,1,"T2"
"treatment","Treatment","T2",4,"[Coprobacillaceae] (family)",0.0764079147640792,1,"T2"
"treatment","Treatment","T2",4,"[Eubacterium] (genus)",0.283510908168442,1,"T2"
"treatment","Treatment","T2",4,"Staphylococcus (genus)",0,1,"T2"
"treatment","Treatment","T2",4,"Lactococcus (genus)",0.304718417047184,1,"T2"
"treatment","Treatment","T2",4,"Akkermansia (genus)",0,1,"T2"
"treatment","Treatment","T2",4,"[Ruminococcus] (genus)",0.00030441400304414,1,"T2"
"treatment","Treatment","T2",4,"Bifidobacterium (genus)",0.00994419076610857,1,"T2"
"treatment","Treatment","T2",4,"Actinomyces (genus)",0.0180618975139523,1,"T2"
"treatment","Treatment","T2",4,"Bacteroides (genus)",0.172907153729072,1,"T2"
"treatment","Treatment","T2",4,"Ruminococcus (genus)",0,1,"T2"
"treatment","Treatment","T2",4,"Peptostreptococcaceae (family)",0.000507356671740233,1,"T2"
"treatment","Treatment","T2",4,"Veillonella (genus)",0.0193810248604769,1,"T2"
"treatment","Treatment","T2",4,"Clostridiaceae (family)",0.00060882800608828,1,"T2"
"treatment","Treatment","T2",4,"Others",0.0515474378488079,1,"T2"
"treatment","Treatment","T2",12,"Streptococcus (genus)",0.0185549275006144,1,"T2"
"treatment","Treatment","T2",12,"Listeriaceae (family)",0.541779306955026,1,"T2"
"treatment","Treatment","T2",12,"Blautia (genus)",0.000983042516588842,1,"T2"
"treatment","Treatment","T2",12,"Lactobacillus (genus)",0.000860162202015237,1,"T2"
"treatment","Treatment","T2",12,"Enterobacteriaceae (family)",0.000614401572868027,1,"T2"
"treatment","Treatment","T2",12,"Lachnospiraceae (family)",0.00196608503317768,1,"T2"
"treatment","Treatment","T2",12,"[Coprobacillaceae] (family)",0.074096829687884,1,"T2"
"treatment","Treatment","T2",12,"[Eubacterium] (genus)",0.219587122143033,1,"T2"
"treatment","Treatment","T2",12,"Staphylococcus (genus)",0,1,"T2"
"treatment","Treatment","T2",12,"Lactococcus (genus)",0.000245760629147211,1,"T2"
"treatment","Treatment","T2",12,"Akkermansia (genus)",0,1,"T2"
"treatment","Treatment","T2",12,"[Ruminococcus] (genus)",0,1,"T2"
"treatment","Treatment","T2",12,"Bifidobacterium (genus)",0.00442369132464979,1,"T2"
"treatment","Treatment","T2",12,"Actinomyces (genus)",0.0045465716392234,1,"T2"
"treatment","Treatment","T2",12,"Bacteroides (genus)",0.0162202015237159,1,"T2"
"treatment","Treatment","T2",12,"Ruminococcus (genus)",0,1,"T2"
"treatment","Treatment","T2",12,"Peptostreptococcaceae (family)",0.000491521258294421,1,"T2"
"treatment","Treatment","T2",12,"Veillonella (genus)",0.00491521258294421,1,"T2"
"treatment","Treatment","T2",12,"Clostridiaceae (family)",0.000245760629147211,1,"T2"
"treatment","Treatment","T2",12,"Others",0.110469402801671,1,"T2"
"treatment","Treatment","T2",15,"Streptococcus (genus)",0.00163547156096675,1,"T2"
"treatment","Treatment","T2",15,"Listeriaceae (family)",0.697801199345811,1,"T2"
"treatment","Treatment","T2",15,"Blautia (genus)",0.000545157186988915,1,"T2"
"treatment","Treatment","T2",15,"Lactobacillus (genus)",0.10733539281604,1,"T2"
"treatment","Treatment","T2",15,"Enterobacteriaceae (family)",0.000424011145435823,1,"T2"
"treatment","Treatment","T2",15,"Lachnospiraceae (family)",0.000363438124659277,1,"T2"
"treatment","Treatment","T2",15,"[Coprobacillaceae] (family)",0.0174450299836453,1,"T2"
"treatment","Treatment","T2",15,"[Eubacterium] (genus)",0.0411290811072748,1,"T2"
"treatment","Treatment","T2",15,"Staphylococcus (genus)",0,1,"T2"
"treatment","Treatment","T2",15,"Lactococcus (genus)",0,1,"T2"
"treatment","Treatment","T2",15,"Akkermansia (genus)",0.000302865103882731,1,"T2"
"treatment","Treatment","T2",15,"[Ruminococcus] (genus)",0.000242292083106184,1,"T2"
"treatment","Treatment","T2",15,"Bifidobacterium (genus)",0.000424011145435823,1,"T2"
"treatment","Treatment","T2",15,"Actinomyces (genus)",0.000605730207765461,1,"T2"
"treatment","Treatment","T2",15,"Bacteroides (genus)",0.00302865103882731,1,"T2"
"treatment","Treatment","T2",15,"Ruminococcus (genus)",0,1,"T2"
"treatment","Treatment","T2",15,"Peptostreptococcaceae (family)",0,1,"T2"
"treatment","Treatment","T2",15,"Veillonella (genus)",0.00975225634502393,1,"T2"
"treatment","Treatment","T2",15,"Clostridiaceae (family)",0.000545157186988915,1,"T2"
"treatment","Treatment","T2",15,"Others",0.118420255618148,1,"T2"
"treatment","Treatment","T2",17,"Streptococcus (genus)",0.00318716342455215,1,"T2"
"treatment","Treatment","T2",17,"Listeriaceae (family)",0.990548411913397,1,"T2"
"treatment","Treatment","T2",17,"Blautia (genus)",0.000549510935267612,1,"T2"
"treatment","Treatment","T2",17,"Lactobacillus (genus)",0.000329706561160567,1,"T2"
"treatment","Treatment","T2",17,"Enterobacteriaceae (family)",0.00153863061874931,1,"T2"
"treatment","Treatment","T2",17,"Lachnospiraceae (family)",0,1,"T2"
"treatment","Treatment","T2",17,"[Coprobacillaceae] (family)",0.000439608748214089,1,"T2"
"treatment","Treatment","T2",17,"[Eubacterium] (genus)",0.000659413122321134,1,"T2"
"treatment","Treatment","T2",17,"Staphylococcus (genus)",0,1,"T2"
"treatment","Treatment","T2",17,"Lactococcus (genus)",0.000219804374107045,1,"T2"
"treatment","Treatment","T2",17,"Akkermansia (genus)",0,1,"T2"
"treatment","Treatment","T2",17,"[Ruminococcus] (genus)",0.000219804374107045,1,"T2"
"treatment","Treatment","T2",17,"Bifidobacterium (genus)",0,1,"T2"
"treatment","Treatment","T2",17,"Actinomyces (genus)",0,1,"T2"
"treatment","Treatment","T2",17,"Bacteroides (genus)",0,1,"T2"
"treatment","Treatment","T2",17,"Ruminococcus (genus)",0.000219804374107045,1,"T2"
"treatment","Treatment","T2",17,"Peptostreptococcaceae (family)",0.000439608748214089,1,"T2"
"treatment","Treatment","T2",17,"Veillonella (genus)",0.000219804374107045,1,"T2"
"treatment","Treatment","T2",17,"Clostridiaceae (family)",0,1,"T2"
"treatment","Treatment","T2",17,"Others",0.00142872843169572,1,"T2"
"treatment","Treatment","T2",18,"Streptococcus (genus)",0.00279017857142857,1,"T2"
"treatment","Treatment","T2",18,"Listeriaceae (family)",0.987909226190476,1,"T2"
"treatment","Treatment","T2",18,"Blautia (genus)",0.000930059523809524,1,"T2"
"treatment","Treatment","T2",18,"Lactobacillus (genus)",0.00037202380952381,1,"T2"
"treatment","Treatment","T2",18,"Enterobacteriaceae (family)",0.00037202380952381,1,"T2"
"treatment","Treatment","T2",18,"Lachnospiraceae (family)",0.000558035714285714,1,"T2"
"treatment","Treatment","T2",18,"[Coprobacillaceae] (family)",0.000930059523809524,1,"T2"
"treatment","Treatment","T2",18,"[Eubacterium] (genus)",0.000558035714285714,1,"T2"
"treatment","Treatment","T2",18,"Staphylococcus (genus)",0,1,"T2"
"treatment","Treatment","T2",18,"Lactococcus (genus)",0.000558035714285714,1,"T2"
"treatment","Treatment","T2",18,"Akkermansia (genus)",0,1,"T2"
"treatment","Treatment","T2",18,"[Ruminococcus] (genus)",0,1,"T2"
"treatment","Treatment","T2",18,"Bifidobacterium (genus)",0,1,"T2"
"treatment","Treatment","T2",18,"Actinomyces (genus)",0,1,"T2"
"treatment","Treatment","T2",18,"Bacteroides (genus)",0.00037202380952381,1,"T2"
"treatment","Treatment","T2",18,"Ruminococcus (genus)",0,1,"T2"
"treatment","Treatment","T2",18,"Peptostreptococcaceae (family)",0.000930059523809524,1,"T2"
"treatment","Treatment","T2",18,"Veillonella (genus)",0.00037202380952381,1,"T2"
"treatment","Treatment","T2",18,"Clostridiaceae (family)",0,1,"T2"
"treatment","Treatment","T2",18,"Others",0.00334821428571419,1,"T2"
"treatment","Treatment","T2",19,"Streptococcus (genus)",0.00427655024946543,1,"T2"
"treatment","Treatment","T2",19,"Listeriaceae (family)",0.989783796626277,1,"T2"
"treatment","Treatment","T2",19,"Blautia (genus)",0.000237586124970302,1,"T2"
"treatment","Treatment","T2",19,"Lactobacillus (genus)",0.000237586124970302,1,"T2"
"treatment","Treatment","T2",19,"Enterobacteriaceae (family)",0,1,"T2"
"treatment","Treatment","T2",19,"Lachnospiraceae (family)",0.00106913756236636,1,"T2"
"treatment","Treatment","T2",19,"[Coprobacillaceae] (family)",0.000237586124970302,1,"T2"
"treatment","Treatment","T2",19,"[Eubacterium] (genus)",0.000356379187455453,1,"T2"
"treatment","Treatment","T2",19,"Staphylococcus (genus)",0,1,"T2"
"treatment","Treatment","T2",19,"Lactococcus (genus)",0.000475172249940603,1,"T2"
"treatment","Treatment","T2",19,"Akkermansia (genus)",0,1,"T2"
"treatment","Treatment","T2",19,"[Ruminococcus] (genus)",0.000237586124970302,1,"T2"
"treatment","Treatment","T2",19,"Bifidobacterium (genus)",0.000237586124970302,1,"T2"
"treatment","Treatment","T2",19,"Actinomyces (genus)",0,1,"T2"
"treatment","Treatment","T2",19,"Bacteroides (genus)",0,1,"T2"
"treatment","Treatment","T2",19,"Ruminococcus (genus)",0,1,"T2"
"treatment","Treatment","T2",19,"Peptostreptococcaceae (family)",0.000950344499881207,1,"T2"
"treatment","Treatment","T2",19,"Veillonella (genus)",0,1,"T2"
"treatment","Treatment","T2",19,"Clostridiaceae (family)",0,1,"T2"
"treatment","Treatment","T2",19,"Others",0.00190068899976259,1,"T2"
"treatment","Treatment","T2",20,"Streptococcus (genus)",0.00393105533716359,1,"T2"
"treatment","Treatment","T2",20,"Listeriaceae (family)",0.973087390384034,1,"T2"
"treatment","Treatment","T2",20,"Blautia (genus)",0.00120955548835803,1,"T2"
"treatment","Treatment","T2",20,"Lactobacillus (genus)",0.000604777744179014,1,"T2"
"treatment","Treatment","T2",20,"Enterobacteriaceae (family)",0,1,"T2"
"treatment","Treatment","T2",20,"Lachnospiraceae (family)",0.000604777744179014,1,"T2"
"treatment","Treatment","T2",20,"[Coprobacillaceae] (family)",0.000907166616268521,1,"T2"
"treatment","Treatment","T2",20,"[Eubacterium] (genus)",0,1,"T2"
"treatment","Treatment","T2",20,"Staphylococcus (genus)",0,1,"T2"
"treatment","Treatment","T2",20,"Lactococcus (genus)",0.000604777744179014,1,"T2"
"treatment","Treatment","T2",20,"Akkermansia (genus)",0,1,"T2"
"treatment","Treatment","T2",20,"[Ruminococcus] (genus)",0.000604777744179014,1,"T2"
"treatment","Treatment","T2",20,"Bifidobacterium (genus)",0,1,"T2"
"treatment","Treatment","T2",20,"Actinomyces (genus)",0.0111883882673118,1,"T2"
"treatment","Treatment","T2",20,"Bacteroides (genus)",0,1,"T2"
"treatment","Treatment","T2",20,"Ruminococcus (genus)",0.000604777744179014,1,"T2"
"treatment","Treatment","T2",20,"Peptostreptococcaceae (family)",0.000907166616268521,1,"T2"
"treatment","Treatment","T2",20,"Veillonella (genus)",0.000907166616268521,1,"T2"
"treatment","Treatment","T2",20,"Clostridiaceae (family)",0.000604777744179014,1,"T2"
"treatment","Treatment","T2",20,"Others",0.00423344420925309,1,"T2"
"treatment","Treatment","T2",22,"Streptococcus (genus)",0.00176697956929873,1,"T2"
"treatment","Treatment","T2",22,"Listeriaceae (family)",0.991165102153506,1,"T2"
"treatment","Treatment","T2",22,"Blautia (genus)",0.00176697956929873,1,"T2"
"treatment","Treatment","T2",22,"Lactobacillus (genus)",0.000220872446162341,1,"T2"
"treatment","Treatment","T2",22,"Enterobacteriaceae (family)",0.000220872446162341,1,"T2"
"treatment","Treatment","T2",22,"Lachnospiraceae (family)",0.000220872446162341,1,"T2"
"treatment","Treatment","T2",22,"[Coprobacillaceae] (family)",0.000220872446162341,1,"T2"
"treatment","Treatment","T2",22,"[Eubacterium] (genus)",0.000552181115405853,1,"T2"
"treatment","Treatment","T2",22,"Staphylococcus (genus)",0,1,"T2"
"treatment","Treatment","T2",22,"Lactococcus (genus)",0,1,"T2"
"treatment","Treatment","T2",22,"Akkermansia (genus)",0.000220872446162341,1,"T2"
"treatment","Treatment","T2",22,"[Ruminococcus] (genus)",0.000220872446162341,1,"T2"
"treatment","Treatment","T2",22,"Bifidobacterium (genus)",0,1,"T2"
"treatment","Treatment","T2",22,"Actinomyces (genus)",0,1,"T2"
"treatment","Treatment","T2",22,"Bacteroides (genus)",0,1,"T2"
"treatment","Treatment","T2",22,"Ruminococcus (genus)",0,1,"T2"
"treatment","Treatment","T2",22,"Peptostreptococcaceae (family)",0.000441744892324683,1,"T2"
"treatment","Treatment","T2",22,"Veillonella (genus)",0.000441744892324683,1,"T2"
"treatment","Treatment","T2",22,"Clostridiaceae (family)",0.000220872446162341,1,"T2"
"treatment","Treatment","T2",22,"Others",0.00231916068470461,1,"T2"
"treatment","Treatment","T2",24,"Streptococcus (genus)",0.00382972455442628,1,"T2"
"treatment","Treatment","T2",24,"Listeriaceae (family)",0.975990572985712,1,"T2"
"treatment","Treatment","T2",24,"Blautia (genus)",0.00162026808071881,1,"T2"
"treatment","Treatment","T2",24,"Lactobacillus (genus)",0,1,"T2"
"treatment","Treatment","T2",24,"Enterobacteriaceae (family)",0,1,"T2"
"treatment","Treatment","T2",24,"Lachnospiraceae (family)",0.00589188392988658,1,"T2"
"treatment","Treatment","T2",24,"[Coprobacillaceae] (family)",0,1,"T2"
"treatment","Treatment","T2",24,"[Eubacterium] (genus)",0.000441891294741494,1,"T2"
"treatment","Treatment","T2",24,"Staphylococcus (genus)",0,1,"T2"
"treatment","Treatment","T2",24,"Lactococcus (genus)",0.000441891294741494,1,"T2"
"treatment","Treatment","T2",24,"Akkermansia (genus)",0.000883782589482987,1,"T2"
"treatment","Treatment","T2",24,"[Ruminococcus] (genus)",0.000441891294741494,1,"T2"
"treatment","Treatment","T2",24,"Bifidobacterium (genus)",0,1,"T2"
"treatment","Treatment","T2",24,"Actinomyces (genus)",0.000441891294741494,1,"T2"
"treatment","Treatment","T2",24,"Bacteroides (genus)",0,1,"T2"
"treatment","Treatment","T2",24,"Ruminococcus (genus)",0.0025040506702018,1,"T2"
"treatment","Treatment","T2",24,"Peptostreptococcaceae (family)",0.000736485491235823,1,"T2"
"treatment","Treatment","T2",24,"Veillonella (genus)",0,1,"T2"
"treatment","Treatment","T2",24,"Clostridiaceae (family)",0,1,"T2"
"treatment","Treatment","T2",24,"Others",0.00677566651936956,1,"T2"
"treatment","Treatment","T2",25,"Streptococcus (genus)",0.00245864997764864,1,"T2"
"treatment","Treatment","T2",25,"Listeriaceae (family)",0.980219043361645,1,"T2"
"treatment","Treatment","T2",25,"Blautia (genus)",0,1,"T2"
"treatment","Treatment","T2",25,"Lactobacillus (genus)",0,1,"T2"
"treatment","Treatment","T2",25,"Enterobacteriaceae (family)",0.000670540902995083,1,"T2"
"treatment","Treatment","T2",25,"Lachnospiraceae (family)",0.000894054537326777,1,"T2"
"treatment","Treatment","T2",25,"[Coprobacillaceae] (family)",0.000335270451497541,1,"T2"
"treatment","Treatment","T2",25,"[Eubacterium] (genus)",0.000447027268663388,1,"T2"
"treatment","Treatment","T2",25,"Staphylococcus (genus)",0,1,"T2"
"treatment","Treatment","T2",25,"Lactococcus (genus)",0.00491729995529727,1,"T2"
"treatment","Treatment","T2",25,"Akkermansia (genus)",0,1,"T2"
"treatment","Treatment","T2",25,"[Ruminococcus] (genus)",0.000335270451497541,1,"T2"
"treatment","Treatment","T2",25,"Bifidobacterium (genus)",0,1,"T2"
"treatment","Treatment","T2",25,"Actinomyces (genus)",0,1,"T2"
"treatment","Treatment","T2",25,"Bacteroides (genus)",0,1,"T2"
"treatment","Treatment","T2",25,"Ruminococcus (genus)",0,1,"T2"
"treatment","Treatment","T2",25,"Peptostreptococcaceae (family)",0.00145283862315601,1,"T2"
"treatment","Treatment","T2",25,"Veillonella (genus)",0.000223513634331694,1,"T2"
"treatment","Treatment","T2",25,"Clostridiaceae (family)",0,1,"T2"
"treatment","Treatment","T2",25,"Others",0.00804649083594078,1,"T2"
"treatment","Treatment","T2",26,"Streptococcus (genus)",0.0015631978561858,1,"T2"
"treatment","Treatment","T2",26,"Listeriaceae (family)",0.980571683787405,1,"T2"
"treatment","Treatment","T2",26,"Blautia (genus)",0.000669941938365342,1,"T2"
"treatment","Treatment","T2",26,"Lactobacillus (genus)",0,1,"T2"
"treatment","Treatment","T2",26,"Enterobacteriaceae (family)",0.00111656989727557,1,"T2"
"treatment","Treatment","T2",26,"Lachnospiraceae (family)",0.0015631978561858,1,"T2"
"treatment","Treatment","T2",26,"[Coprobacillaceae] (family)",0,1,"T2"
"treatment","Treatment","T2",26,"[Eubacterium] (genus)",0.000446627958910228,1,"T2"
"treatment","Treatment","T2",26,"Staphylococcus (genus)",0,1,"T2"
"treatment","Treatment","T2",26,"Lactococcus (genus)",0.0100491290754801,1,"T2"
"treatment","Treatment","T2",26,"Akkermansia (genus)",0.00133988387673068,1,"T2"
"treatment","Treatment","T2",26,"[Ruminococcus] (genus)",0,1,"T2"
"treatment","Treatment","T2",26,"Bifidobacterium (genus)",0.000446627958910228,1,"T2"
"treatment","Treatment","T2",26,"Actinomyces (genus)",0,1,"T2"
"treatment","Treatment","T2",26,"Bacteroides (genus)",0.000893255917820456,1,"T2"
"treatment","Treatment","T2",26,"Ruminococcus (genus)",0,1,"T2"
"treatment","Treatment","T2",26,"Peptostreptococcaceae (family)",0,1,"T2"
"treatment","Treatment","T2",26,"Veillonella (genus)",0.000446627958910228,1,"T2"
"treatment","Treatment","T2",26,"Clostridiaceae (family)",0.000446627958910228,1,"T2"
"treatment","Treatment","T2",26,"Others",0.000446627958910151,1,"T2"
"treatment","Treatment","T2",27,"Streptococcus (genus)",0.00206431986093003,1,"T2"
"treatment","Treatment","T2",27,"Listeriaceae (family)",0.974684919600174,1,"T2"
"treatment","Treatment","T2",27,"Blautia (genus)",0.000325945241199478,1,"T2"
"treatment","Treatment","T2",27,"Lactobacillus (genus)",0,1,"T2"
"treatment","Treatment","T2",27,"Enterobacteriaceae (family)",0.000217296827466319,1,"T2"
"treatment","Treatment","T2",27,"Lachnospiraceae (family)",0.000217296827466319,1,"T2"
"treatment","Treatment","T2",27,"[Coprobacillaceae] (family)",0.000434593654932638,1,"T2"
"treatment","Treatment","T2",27,"[Eubacterium] (genus)",0.000217296827466319,1,"T2"
"treatment","Treatment","T2",27,"Staphylococcus (genus)",0,1,"T2"
"treatment","Treatment","T2",27,"Lactococcus (genus)",0.00249891351586267,1,"T2"
"treatment","Treatment","T2",27,"Akkermansia (genus)",0,1,"T2"
"treatment","Treatment","T2",27,"[Ruminococcus] (genus)",0.000217296827466319,1,"T2"
"treatment","Treatment","T2",27,"Bifidobacterium (genus)",0,1,"T2"
"treatment","Treatment","T2",27,"Actinomyces (genus)",0,1,"T2"
"treatment","Treatment","T2",27,"Bacteroides (genus)",0,1,"T2"
"treatment","Treatment","T2",27,"Ruminococcus (genus)",0,1,"T2"
"treatment","Treatment","T2",27,"Peptostreptococcaceae (family)",0.000760538896132116,1,"T2"
"treatment","Treatment","T2",27,"Veillonella (genus)",0.00206431986093003,1,"T2"
"treatment","Treatment","T2",27,"Clostridiaceae (family)",0,1,"T2"
"treatment","Treatment","T2",27,"Others",0.0162972620599742,1,"T2"
"treatment","Treatment","T2",28,"Streptococcus (genus)",0.00359513274336283,1,"T2"
"treatment","Treatment","T2",28,"Listeriaceae (family)",0.957273230088496,1,"T2"
"treatment","Treatment","T2",28,"Blautia (genus)",0.000967920353982301,1,"T2"
"treatment","Treatment","T2",28,"Lactobacillus (genus)",0,1,"T2"
"treatment","Treatment","T2",28,"Enterobacteriaceae (family)",0.000276548672566372,1,"T2"
"treatment","Treatment","T2",28,"Lachnospiraceae (family)",0.000414823008849558,1,"T2"
"treatment","Treatment","T2",28,"[Coprobacillaceae] (family)",0.000414823008849558,1,"T2"
"treatment","Treatment","T2",28,"[Eubacterium] (genus)",0,1,"T2"
"treatment","Treatment","T2",28,"Staphylococcus (genus)",0,1,"T2"
"treatment","Treatment","T2",28,"Lactococcus (genus)",0.00138274336283186,1,"T2"
"treatment","Treatment","T2",28,"Akkermansia (genus)",0,1,"T2"
"treatment","Treatment","T2",28,"[Ruminococcus] (genus)",0.000276548672566372,1,"T2"
"treatment","Treatment","T2",28,"Bifidobacterium (genus)",0,1,"T2"
"treatment","Treatment","T2",28,"Actinomyces (genus)",0,1,"T2"
"treatment","Treatment","T2",28,"Bacteroides (genus)",0,1,"T2"
"treatment","Treatment","T2",28,"Ruminococcus (genus)",0,1,"T2"
"treatment","Treatment","T2",28,"Peptostreptococcaceae (family)",0.00110619469026549,1,"T2"
"treatment","Treatment","T2",28,"Veillonella (genus)",0.00318030973451327,1,"T2"
"treatment","Treatment","T2",28,"Clostridiaceae (family)",0,1,"T2"
"treatment","Treatment","T2",28,"Others",0.0311117256637169,1,"T2"
"treatment","Treatment","T2",33,"Streptococcus (genus)",0.0561346039309113,1,"T2"
"treatment","Treatment","T2",33,"Listeriaceae (family)",0.0664830256104824,1,"T2"
"treatment","Treatment","T2",33,"Blautia (genus)",0.000148898153662895,1,"T2"
"treatment","Treatment","T2",33,"Lactobacillus (genus)",0.0445205479452055,1,"T2"
"treatment","Treatment","T2",33,"Enterobacteriaceae (family)",0.029630732578916,1,"T2"
"treatment","Treatment","T2",33,"Lachnospiraceae (family)",0.000372245384157236,1,"T2"
"treatment","Treatment","T2",33,"[Coprobacillaceae] (family)",0.000223347230494342,1,"T2"
"treatment","Treatment","T2",33,"[Eubacterium] (genus)",0.00081893984514592,1,"T2"
"treatment","Treatment","T2",33,"Staphylococcus (genus)",0,1,"T2"
"treatment","Treatment","T2",33,"Lactococcus (genus)",0.000372245384157236,1,"T2"
"treatment","Treatment","T2",33,"Akkermansia (genus)",0,1,"T2"
"treatment","Treatment","T2",33,"[Ruminococcus] (genus)",0.000223347230494342,1,"T2"
"treatment","Treatment","T2",33,"Bifidobacterium (genus)",0.074225729600953,1,"T2"
"treatment","Treatment","T2",33,"Actinomyces (genus)",0.0131030375223347,1,"T2"
"treatment","Treatment","T2",33,"Bacteroides (genus)",0.000223347230494342,1,"T2"
"treatment","Treatment","T2",33,"Ruminococcus (genus)",0,1,"T2"
"treatment","Treatment","T2",33,"Peptostreptococcaceae (family)",0.336286480047647,1,"T2"
"treatment","Treatment","T2",33,"Veillonella (genus)",0.0368522930315664,1,"T2"
"treatment","Treatment","T2",33,"Clostridiaceae (family)",0.0628350208457415,1,"T2"
"treatment","Treatment","T2",33,"Others",0.277546158427636,1,"T2"
"treatment","Treatment","T2",39,"Streptococcus (genus)",0.00454785827604442,1,"T2"
"treatment","Treatment","T2",39,"Listeriaceae (family)",0,1,"T2"
"treatment","Treatment","T2",39,"Blautia (genus)",0.137387625594923,1,"T2"
"treatment","Treatment","T2",39,"Lactobacillus (genus)",0.000158646218931782,1,"T2"
"treatment","Treatment","T2",39,"Enterobacteriaceae (family)",0.00200951877313591,1,"T2"
"treatment","Treatment","T2",39,"Lachnospiraceae (family)",0.0610787942887361,1,"T2"
"treatment","Treatment","T2",39,"[Coprobacillaceae] (family)",0.0312533051295611,1,"T2"
"treatment","Treatment","T2",39,"[Eubacterium] (genus)",0.154204124801692,1,"T2"
"treatment","Treatment","T2",39,"Staphylococcus (genus)",0,1,"T2"
"treatment","Treatment","T2",39,"Lactococcus (genus)",0.00074034902168165,1,"T2"
"treatment","Treatment","T2",39,"Akkermansia (genus)",0.000105764145954521,1,"T2"
"treatment","Treatment","T2",39,"[Ruminococcus] (genus)",0.0461131676361713,1,"T2"
"treatment","Treatment","T2",39,"Bifidobacterium (genus)",0.00074034902168165,1,"T2"
"treatment","Treatment","T2",39,"Actinomyces (genus)",0.000211528291909043,1,"T2"
"treatment","Treatment","T2",39,"Bacteroides (genus)",0.0736647276573242,1,"T2"
"treatment","Treatment","T2",39,"Ruminococcus (genus)",0.0855103120042306,1,"T2"
"treatment","Treatment","T2",39,"Peptostreptococcaceae (family)",0.0343733474352195,1,"T2"
"treatment","Treatment","T2",39,"Veillonella (genus)",0,1,"T2"
"treatment","Treatment","T2",39,"Clostridiaceae (family)",0.0124272871496563,1,"T2"
"treatment","Treatment","T2",39,"Others",0.355473294553147,1,"T2"
"treatment","Treatment","T2",40,"Streptococcus (genus)",0.0232305393288955,1,"T2"
"treatment","Treatment","T2",40,"Listeriaceae (family)",0.0069284064665127,1,"T2"
"treatment","Treatment","T2",40,"Blautia (genus)",0.18326314359462,1,"T2"
"treatment","Treatment","T2",40,"Lactobacillus (genus)",0.0137209618258389,1,"T2"
"treatment","Treatment","T2",40,"Enterobacteriaceae (family)",0.00298872435810352,1,"T2"
"treatment","Treatment","T2",40,"Lachnospiraceae (family)",0.0264909659013721,1,"T2"
"treatment","Treatment","T2",40,"[Coprobacillaceae] (family)",0.0103246841461758,1,"T2"
"treatment","Treatment","T2",40,"[Eubacterium] (genus)",0.114522483358239,1,"T2"
"treatment","Treatment","T2",40,"Staphylococcus (genus)",0,1,"T2"
"treatment","Treatment","T2",40,"Lactococcus (genus)",0.000543404428746094,1,"T2"
"treatment","Treatment","T2",40,"Akkermansia (genus)",0.000271702214373047,1,"T2"
"treatment","Treatment","T2",40,"[Ruminococcus] (genus)",0.00312457546529004,1,"T2"
"treatment","Treatment","T2",40,"Bifidobacterium (genus)",0.17117239505502,1,"T2"
"treatment","Treatment","T2",40,"Actinomyces (genus)",0.00353212878684961,1,"T2"
"treatment","Treatment","T2",40,"Bacteroides (genus)",0.000679255535932618,1,"T2"
"treatment","Treatment","T2",40,"Ruminococcus (genus)",0.00556989539464747,1,"T2"
"treatment","Treatment","T2",40,"Peptostreptococcaceae (family)",0.0706425757369923,1,"T2"
"treatment","Treatment","T2",40,"Veillonella (genus)",0.0023094688221709,1,"T2"
"treatment","Treatment","T2",40,"Clostridiaceae (family)",0.0243173481863877,1,"T2"
"treatment","Treatment","T2",40,"Others",0.336367341393832,1,"T2"
"treatment","Treatment","T2",85,"Streptococcus (genus)",0.00238571648453132,1,"T2"
"treatment","Treatment","T2",85,"Listeriaceae (family)",0.282130213944898,1,"T2"
"treatment","Treatment","T2",85,"Blautia (genus)",0.00885023857164845,1,"T2"
"treatment","Treatment","T2",85,"Lactobacillus (genus)",0,1,"T2"
"treatment","Treatment","T2",85,"Enterobacteriaceae (family)",0.000153917192550408,1,"T2"
"treatment","Treatment","T2",85,"Lachnospiraceae (family)",0.251346775434816,1,"T2"
"treatment","Treatment","T2",85,"[Coprobacillaceae] (family)",0.000153917192550408,1,"T2"
"treatment","Treatment","T2",85,"[Eubacterium] (genus)",0.0663383099892258,1,"T2"
"treatment","Treatment","T2",85,"Staphylococcus (genus)",0,1,"T2"
"treatment","Treatment","T2",85,"Lactococcus (genus)",0.000615668770201632,1,"T2"
"treatment","Treatment","T2",85,"Akkermansia (genus)",0.000538710173926428,1,"T2"
"treatment","Treatment","T2",85,"[Ruminococcus] (genus)",0.316992458057565,1,"T2"
"treatment","Treatment","T2",85,"Bifidobacterium (genus)",0.00038479298137602,1,"T2"
"treatment","Treatment","T2",85,"Actinomyces (genus)",0.00161613052177928,1,"T2"
"treatment","Treatment","T2",85,"Bacteroides (genus)",0,1,"T2"
"treatment","Treatment","T2",85,"Ruminococcus (genus)",0.0127751269816839,1,"T2"
"treatment","Treatment","T2",85,"Peptostreptococcaceae (family)",0.000230875788825612,1,"T2"
"treatment","Treatment","T2",85,"Veillonella (genus)",0.000769585962752039,1,"T2"
"treatment","Treatment","T2",85,"Clostridiaceae (family)",0.000230875788825612,1,"T2"
"treatment","Treatment","T2",85,"Others",0.0544866861628441,1,"T2"
"treatment","Treatment","T3",5,"Streptococcus (genus)",0.00350145273038814,1,"T3"
"treatment","Treatment","T3",5,"Listeriaceae (family)",0.000124164990439296,1,"T3"
"treatment","Treatment","T3",5,"Blautia (genus)",9.93319923514366e-05,1,"T3"
"treatment","Treatment","T3",5,"Lactobacillus (genus)",0.110233678512007,1,"T3"
"treatment","Treatment","T3",5,"Enterobacteriaceae (family)",0.000148997988527155,1,"T3"
"treatment","Treatment","T3",5,"Lachnospiraceae (family)",0.0194194045047059,1,"T3"
"treatment","Treatment","T3",5,"[Coprobacillaceae] (family)",0.773547890436812,1,"T3"
"treatment","Treatment","T3",5,"[Eubacterium] (genus)",0.0292781047455859,1,"T3"
"treatment","Treatment","T3",5,"Staphylococcus (genus)",0,1,"T3"
"treatment","Treatment","T3",5,"Lactococcus (genus)",0,1,"T3"
"treatment","Treatment","T3",5,"Akkermansia (genus)",0,1,"T3"
"treatment","Treatment","T3",5,"[Ruminococcus] (genus)",0,1,"T3"
"treatment","Treatment","T3",5,"Bifidobacterium (genus)",9.93319923514366e-05,1,"T3"
"treatment","Treatment","T3",5,"Actinomyces (genus)",0.000769822940723634,1,"T3"
"treatment","Treatment","T3",5,"Bacteroides (genus)",0,1,"T3"
"treatment","Treatment","T3",5,"Ruminococcus (genus)",4.96659961757183e-05,1,"T3"
"treatment","Treatment","T3",5,"Peptostreptococcaceae (family)",0,1,"T3"
"treatment","Treatment","T3",5,"Veillonella (genus)",0.0353373562790236,1,"T3"
"treatment","Treatment","T3",5,"Clostridiaceae (family)",0,1,"T3"
"treatment","Treatment","T3",5,"Others",0.0273907968909086,1,"T3"
"treatment","Treatment","T3",12,"Streptococcus (genus)",0,1,"T3"
"treatment","Treatment","T3",12,"Listeriaceae (family)",0,1,"T3"
"treatment","Treatment","T3",12,"Blautia (genus)",0,1,"T3"
"treatment","Treatment","T3",12,"Lactobacillus (genus)",0.807172251616696,1,"T3"
"treatment","Treatment","T3",12,"Enterobacteriaceae (family)",0,1,"T3"
"treatment","Treatment","T3",12,"Lachnospiraceae (family)",0,1,"T3"
"treatment","Treatment","T3",12,"[Coprobacillaceae] (family)",0,1,"T3"
"treatment","Treatment","T3",12,"[Eubacterium] (genus)",0,1,"T3"
"treatment","Treatment","T3",12,"Staphylococcus (genus)",0,1,"T3"
"treatment","Treatment","T3",12,"Lactococcus (genus)",0,1,"T3"
"treatment","Treatment","T3",12,"Akkermansia (genus)",0,1,"T3"
"treatment","Treatment","T3",12,"[Ruminococcus] (genus)",0,1,"T3"
"treatment","Treatment","T3",12,"Bifidobacterium (genus)",0,1,"T3"
"treatment","Treatment","T3",12,"Actinomyces (genus)",0,1,"T3"
"treatment","Treatment","T3",12,"Bacteroides (genus)",0,1,"T3"
"treatment","Treatment","T3",12,"Ruminococcus (genus)",0,1,"T3"
"treatment","Treatment","T3",12,"Peptostreptococcaceae (family)",0,1,"T3"
"treatment","Treatment","T3",12,"Veillonella (genus)",0,1,"T3"
"treatment","Treatment","T3",12,"Clostridiaceae (family)",0.00117577895355673,1,"T3"
"treatment","Treatment","T3",12,"Others",0.191651969429747,1,"T3"
"treatment","Treatment","T3",19,"Streptococcus (genus)",0.00808671713695802,1,"T3"
"treatment","Treatment","T3",19,"Listeriaceae (family)",0,1,"T3"
"treatment","Treatment","T3",19,"Blautia (genus)",0.000516173434273916,1,"T3"
"treatment","Treatment","T3",19,"Lactobacillus (genus)",0.858625831612755,1,"T3"
"treatment","Treatment","T3",19,"Enterobacteriaceae (family)",0.000688231245698555,1,"T3"
"treatment","Treatment","T3",19,"Lachnospiraceae (family)",0.000630878641890342,1,"T3"
"treatment","Treatment","T3",19,"[Coprobacillaceae] (family)",0.000458820830465703,1,"T3"
"treatment","Treatment","T3",19,"[Eubacterium] (genus)",0.000688231245698555,1,"T3"
"treatment","Treatment","T3",19,"Staphylococcus (genus)",0,1,"T3"
"treatment","Treatment","T3",19,"Lactococcus (genus)",0,1,"T3"
"treatment","Treatment","T3",19,"Akkermansia (genus)",0,1,"T3"
"treatment","Treatment","T3",19,"[Ruminococcus] (genus)",0.000344115622849277,1,"T3"
"treatment","Treatment","T3",19,"Bifidobacterium (genus)",0,1,"T3"
"treatment","Treatment","T3",19,"Actinomyces (genus)",0,1,"T3"
"treatment","Treatment","T3",19,"Bacteroides (genus)",0,1,"T3"
"treatment","Treatment","T3",19,"Ruminococcus (genus)",0,1,"T3"
"treatment","Treatment","T3",19,"Peptostreptococcaceae (family)",0.000286763019041064,1,"T3"
"treatment","Treatment","T3",19,"Veillonella (genus)",0,1,"T3"
"treatment","Treatment","T3",19,"Clostridiaceae (family)",0,1,"T3"
"treatment","Treatment","T3",19,"Others",0.129674237210369,1,"T3"
"treatment","Treatment","T3",37,"Streptococcus (genus)",0.00176827861920504,1,"T3"
"treatment","Treatment","T3",37,"Listeriaceae (family)",0.00080725763050665,1,"T3"
"treatment","Treatment","T3",37,"Blautia (genus)",0.321711386176674,1,"T3"
"treatment","Treatment","T3",37,"Lactobacillus (genus)",0.0539324978857538,1,"T3"
"treatment","Treatment","T3",37,"Enterobacteriaceae (family)",0.00103790266779426,1,"T3"
"treatment","Treatment","T3",37,"Lachnospiraceae (family)",0.0373260552010456,1,"T3"
"treatment","Treatment","T3",37,"[Coprobacillaceae] (family)",0.00665026524179288,1,"T3"
"treatment","Treatment","T3",37,"[Eubacterium] (genus)",0.0395171830552779,1,"T3"
"treatment","Treatment","T3",37,"Staphylococcus (genus)",0.000115322518643807,1,"T3"
"treatment","Treatment","T3",37,"Lactococcus (genus)",0,1,"T3"
"treatment","Treatment","T3",37,"Akkermansia (genus)",0.000115322518643807,1,"T3"
"treatment","Treatment","T3",37,"[Ruminococcus] (genus)",0.0123010686553394,1,"T3"
"treatment","Treatment","T3",37,"Bifidobacterium (genus)",0.153494272314907,1,"T3"
"treatment","Treatment","T3",37,"Actinomyces (genus)",7.68816790958715e-05,1,"T3"
"treatment","Treatment","T3",37,"Bacteroides (genus)",0,1,"T3"
"treatment","Treatment","T3",37,"Ruminococcus (genus)",0.141385407857308,1,"T3"
"treatment","Treatment","T3",37,"Peptostreptococcaceae (family)",0.0096870915660798,1,"T3"
"treatment","Treatment","T3",37,"Veillonella (genus)",0.000192204197739679,1,"T3"
"treatment","Treatment","T3",37,"Clostridiaceae (family)",0.000345967555931422,1,"T3"
"treatment","Treatment","T3",37,"Others",0.219535634658261,1,"T3"
"treatment","Treatment","T3",40,"Streptococcus (genus)",0.016195351178988,1,"T3"
"treatment","Treatment","T3",40,"Listeriaceae (family)",0.003020894520433,1,"T3"
"treatment","Treatment","T3",40,"Blautia (genus)",0.0320550474112612,1,"T3"
"treatment","Treatment","T3",40,"Lactobacillus (genus)",0.344969371486112,1,"T3"
"treatment","Treatment","T3",40,"Enterobacteriaceae (family)",0.0119157506083746,1,"T3"
"treatment","Treatment","T3",40,"Lachnospiraceae (family)",0.0685575228664932,1,"T3"
"treatment","Treatment","T3",40,"[Coprobacillaceae] (family)",0.12016447092389,1,"T3"
"treatment","Treatment","T3",40,"[Eubacterium] (genus)",0.0104053033481581,1,"T3"
"treatment","Treatment","T3",40,"Staphylococcus (genus)",0.000167827473357389,1,"T3"
"treatment","Treatment","T3",40,"Lactococcus (genus)",0,1,"T3"
"treatment","Treatment","T3",40,"Akkermansia (genus)",0,1,"T3"
"treatment","Treatment","T3",40,"[Ruminococcus] (genus)",0.00537047914743644,1,"T3"
"treatment","Treatment","T3",40,"Bifidobacterium (genus)",0.222287488461861,1,"T3"
"treatment","Treatment","T3",40,"Actinomyces (genus)",0,1,"T3"
"treatment","Treatment","T3",40,"Bacteroides (genus)",0,1,"T3"
"treatment","Treatment","T3",40,"Ruminococcus (genus)",0.0472434337501049,1,"T3"
"treatment","Treatment","T3",40,"Peptostreptococcaceae (family)",0.0412855584459176,1,"T3"
"treatment","Treatment","T3",40,"Veillonella (genus)",0.000671309893429554,1,"T3"
"treatment","Treatment","T3",40,"Clostridiaceae (family)",0.00511873793740035,1,"T3"
"treatment","Treatment","T3",40,"Others",0.0705714525467818,1,"T3"
"treatment","Treatment","T3",61,"Streptococcus (genus)",0.0234391291654502,1,"T3"
"treatment","Treatment","T3",61,"Listeriaceae (family)",0.00166826542102849,1,"T3"
"treatment","Treatment","T3",61,"Blautia (genus)",0.0179755599115819,1,"T3"
"treatment","Treatment","T3",61,"Lactobacillus (genus)",0.45472744713684,1,"T3"
"treatment","Treatment","T3",61,"Enterobacteriaceae (family)",0.000917545981565667,1,"T3"
"treatment","Treatment","T3",61,"Lachnospiraceae (family)",0.0180172665471076,1,"T3"
"treatment","Treatment","T3",61,"[Coprobacillaceae] (family)",0.0366184259915753,1,"T3"
"treatment","Treatment","T3",61,"[Eubacterium] (genus)",0.0460441256203862,1,"T3"
"treatment","Treatment","T3",61,"Staphylococcus (genus)",0,1,"T3"
"treatment","Treatment","T3",61,"Lactococcus (genus)",8.34132710514243e-05,1,"T3"
"treatment","Treatment","T3",61,"Akkermansia (genus)",0.000125119906577136,1,"T3"
"treatment","Treatment","T3",61,"[Ruminococcus] (genus)",0.0182675063602619,1,"T3"
"treatment","Treatment","T3",61,"Bifidobacterium (genus)",8.34132710514243e-05,1,"T3"
"treatment","Treatment","T3",61,"Actinomyces (genus)",0.00325311757100555,1,"T3"
"treatment","Treatment","T3",61,"Bacteroides (genus)",0,1,"T3"
"treatment","Treatment","T3",61,"Ruminococcus (genus)",0.0973432873170121,1,"T3"
"treatment","Treatment","T3",61,"Peptostreptococcaceae (family)",0.0169328940234391,1,"T3"
"treatment","Treatment","T3",61,"Veillonella (genus)",0,1,"T3"
"treatment","Treatment","T3",61,"Clostridiaceae (family)",0.000875839346039955,1,"T3"
"treatment","Treatment","T3",61,"Others",0.263627643158026,1,"T3"
"treatment","Treatment","T3",90,"Streptococcus (genus)",0.0144702477588763,1,"T3"
"treatment","Treatment","T3",90,"Listeriaceae (family)",0.00218818380743982,1,"T3"
"treatment","Treatment","T3",90,"Blautia (genus)",0.0758805675160584,1,"T3"
"treatment","Treatment","T3",90,"Lactobacillus (genus)",0.202442295475401,1,"T3"
"treatment","Treatment","T3",90,"Enterobacteriaceae (family)",0.00169407778640503,1,"T3"
"treatment","Treatment","T3",90,"Lachnospiraceae (family)",0.0453165807863344,1,"T3"
"treatment","Treatment","T3",90,"[Coprobacillaceae] (family)",0.0568221924190019,1,"T3"
"treatment","Treatment","T3",90,"[Eubacterium] (genus)",0.172372414766711,1,"T3"
"treatment","Treatment","T3",90,"Staphylococcus (genus)",0.000141173148867085,1,"T3"
"treatment","Treatment","T3",90,"Lactococcus (genus)",0,1,"T3"
"treatment","Treatment","T3",90,"Akkermansia (genus)",0.0591515493753088,1,"T3"
"treatment","Treatment","T3",90,"[Ruminococcus] (genus)",0.0861862073833557,1,"T3"
"treatment","Treatment","T3",90,"Bifidobacterium (genus)",0.000494106021034799,1,"T3"
"treatment","Treatment","T3",90,"Actinomyces (genus)",0.000141173148867085,1,"T3"
"treatment","Treatment","T3",90,"Bacteroides (genus)",0,1,"T3"
"treatment","Treatment","T3",90,"Ruminococcus (genus)",0.031340439048493,1,"T3"
"treatment","Treatment","T3",90,"Peptostreptococcaceae (family)",0.00811745605985741,1,"T3"
"treatment","Treatment","T3",90,"Veillonella (genus)",0,1,"T3"
"treatment","Treatment","T3",90,"Clostridiaceae (family)",0.00409402131714548,1,"T3"
"treatment","Treatment","T3",90,"Others",0.239147314180843,1,"T3"
"treatment","Treatment","T4",5,"Streptococcus (genus)",0.0267428571428571,1,"T4"
"treatment","Treatment","T4",5,"Listeriaceae (family)",0.5568,1,"T4"
"treatment","Treatment","T4",5,"Blautia (genus)",0,1,"T4"
"treatment","Treatment","T4",5,"Lactobacillus (genus)",0.00182857142857143,1,"T4"
"treatment","Treatment","T4",5,"Enterobacteriaceae (family)",0.0450285714285714,1,"T4"
"treatment","Treatment","T4",5,"Lachnospiraceae (family)",0.00137142857142857,1,"T4"
"treatment","Treatment","T4",5,"[Coprobacillaceae] (family)",0.0016,1,"T4"
"treatment","Treatment","T4",5,"[Eubacterium] (genus)",0.0016,1,"T4"
"treatment","Treatment","T4",5,"Staphylococcus (genus)",0.00182857142857143,1,"T4"
"treatment","Treatment","T4",5,"Lactococcus (genus)",0,1,"T4"
"treatment","Treatment","T4",5,"Akkermansia (genus)",0.0016,1,"T4"
"treatment","Treatment","T4",5,"[Ruminococcus] (genus)",0.00182857142857143,1,"T4"
"treatment","Treatment","T4",5,"Bifidobacterium (genus)",0.00205714285714286,1,"T4"
"treatment","Treatment","T4",5,"Actinomyces (genus)",0.0649142857142857,1,"T4"
"treatment","Treatment","T4",5,"Bacteroides (genus)",0.00274285714285714,1,"T4"
"treatment","Treatment","T4",5,"Ruminococcus (genus)",0,1,"T4"
"treatment","Treatment","T4",5,"Peptostreptococcaceae (family)",0.00411428571428571,1,"T4"
"treatment","Treatment","T4",5,"Veillonella (genus)",0.226057142857143,1,"T4"
"treatment","Treatment","T4",5,"Clostridiaceae (family)",0.00388571428571429,1,"T4"
"treatment","Treatment","T4",5,"Others",0.0559999999999999,1,"T4"
"treatment","Treatment","T4",10,"Streptococcus (genus)",0.0036502476018605,2,"T4"
"treatment","Treatment","T4",10,"Listeriaceae (family)",0.973887000096678,2,"T4"
"treatment","Treatment","T4",10,"Blautia (genus)",0.00284124477672865,2,"T4"
"treatment","Treatment","T4",10,"Lactobacillus (genus)",0.0022799780864297,2,"T4"
"treatment","Treatment","T4",10,"Enterobacteriaceae (family)",5.90807042419946e-05,2,"T4"
"treatment","Treatment","T4",10,"Lachnospiraceae (family)",0.000531726338177951,2,"T4"
"treatment","Treatment","T4",10,"[Coprobacillaceae] (family)",8.86210563629918e-05,2,"T4"
"treatment","Treatment","T4",10,"[Eubacterium] (genus)",8.86210563629918e-05,2,"T4"
"treatment","Treatment","T4",10,"Staphylococcus (genus)",0.00393356643356643,2,"T4"
"treatment","Treatment","T4",10,"Lactococcus (genus)",0,2,"T4"
"treatment","Treatment","T4",10,"Akkermansia (genus)",0.00032494387333097,2,"T4"
"treatment","Treatment","T4",10,"[Ruminococcus] (genus)",5.90807042419946e-05,2,"T4"
"treatment","Treatment","T4",10,"Bifidobacterium (genus)",0,2,"T4"
"treatment","Treatment","T4",10,"Actinomyces (genus)",0,2,"T4"
"treatment","Treatment","T4",10,"Bacteroides (genus)",0.0014293502196728,2,"T4"
"treatment","Treatment","T4",10,"Ruminococcus (genus)",5.90807042419946e-05,2,"T4"
"treatment","Treatment","T4",10,"Peptostreptococcaceae (family)",8.86210563629918e-05,2,"T4"
"treatment","Treatment","T4",10,"Veillonella (genus)",0,2,"T4"
"treatment","Treatment","T4",10,"Clostridiaceae (family)",0,2,"T4"
"treatment","Treatment","T4",10,"Others",0.0106788372917406,2,"T4"
"treatment","Treatment","T4",19,"Streptococcus (genus)",0.100536323744515,1,"T4"
"treatment","Treatment","T4",19,"Listeriaceae (family)",0.557484154071185,1,"T4"
"treatment","Treatment","T4",19,"Blautia (genus)",0,1,"T4"
"treatment","Treatment","T4",19,"Lactobacillus (genus)",0.0222330570453437,1,"T4"
"treatment","Treatment","T4",19,"Enterobacteriaceae (family)",0.165480253534861,1,"T4"
"treatment","Treatment","T4",19,"Lachnospiraceae (family)",0,1,"T4"
"treatment","Treatment","T4",19,"[Coprobacillaceae] (family)",0,1,"T4"
"treatment","Treatment","T4",19,"[Eubacterium] (genus)",0,1,"T4"
"treatment","Treatment","T4",19,"Staphylococcus (genus)",0.0118966357874208,1,"T4"
"treatment","Treatment","T4",19,"Lactococcus (genus)",0,1,"T4"
"treatment","Treatment","T4",19,"Akkermansia (genus)",0.0943929790346173,1,"T4"
"treatment","Treatment","T4",19,"[Ruminococcus] (genus)",0,1,"T4"
"treatment","Treatment","T4",19,"Bifidobacterium (genus)",0.00273037542662116,1,"T4"
"treatment","Treatment","T4",19,"Actinomyces (genus)",0.000877620672842516,1,"T4"
"treatment","Treatment","T4",19,"Bacteroides (genus)",0,1,"T4"
"treatment","Treatment","T4",19,"Ruminococcus (genus)",0.00107264748902974,1,"T4"
"treatment","Treatment","T4",19,"Peptostreptococcaceae (family)",0.00068259385665529,1,"T4"
"treatment","Treatment","T4",19,"Veillonella (genus)",0,1,"T4"
"treatment","Treatment","T4",19,"Clostridiaceae (family)",0.000487567040468064,1,"T4"
"treatment","Treatment","T4",19,"Others",0.0421257922964409,1,"T4"
"treatment","Treatment","T4",22,"Streptococcus (genus)",0.000912783533385058,1,"T4"
"treatment","Treatment","T4",22,"Listeriaceae (family)",0.974578978595226,1,"T4"
"treatment","Treatment","T4",22,"Blautia (genus)",0.00114097941673132,1,"T4"
"treatment","Treatment","T4",22,"Lactobacillus (genus)",0.00184838665510474,1,"T4"
"treatment","Treatment","T4",22,"Enterobacteriaceae (family)",0.00127789694673908,1,"T4"
"treatment","Treatment","T4",22,"Lachnospiraceae (family)",0.000205376295011638,1,"T4"
"treatment","Treatment","T4",22,"[Coprobacillaceae] (family)",6.84587650038793e-05,1,"T4"
"treatment","Treatment","T4",22,"[Eubacterium] (genus)",0.000136917530007759,1,"T4"
"treatment","Treatment","T4",22,"Staphylococcus (genus)",0.000205376295011638,1,"T4"
"treatment","Treatment","T4",22,"Lactococcus (genus)",0.000684587650038793,1,"T4"
"treatment","Treatment","T4",22,"Akkermansia (genus)",0.000182556706677012,1,"T4"
"treatment","Treatment","T4",22,"[Ruminococcus] (genus)",9.12783533385058e-05,1,"T4"
"treatment","Treatment","T4",22,"Bifidobacterium (genus)",0,1,"T4"
"treatment","Treatment","T4",22,"Actinomyces (genus)",0,1,"T4"
"treatment","Treatment","T4",22,"Bacteroides (genus)",0.00031947423668477,1,"T4"
"treatment","Treatment","T4",22,"Ruminococcus (genus)",0,1,"T4"
"treatment","Treatment","T4",22,"Peptostreptococcaceae (family)",0.000182556706677012,1,"T4"
"treatment","Treatment","T4",22,"Veillonella (genus)",0,1,"T4"
"treatment","Treatment","T4",22,"Clostridiaceae (family)",0.000273835060015517,1,"T4"
"treatment","Treatment","T4",22,"Others",0.0178905572543472,1,"T4"
"treatment","Treatment","T4",25,"Streptococcus (genus)",0.000396510705789056,1,"T4"
"treatment","Treatment","T4",25,"Listeriaceae (family)",0.992334126354745,1,"T4"
"treatment","Treatment","T4",25,"Blautia (genus)",0.000903163274297295,1,"T4"
"treatment","Treatment","T4",25,"Lactobacillus (genus)",0.0018724116662261,1,"T4"
"treatment","Treatment","T4",25,"Enterobacteriaceae (family)",0.00127764560754251,1,"T4"
"treatment","Treatment","T4",25,"Lachnospiraceae (family)",0.000264340470526038,1,"T4"
"treatment","Treatment","T4",25,"[Coprobacillaceae] (family)",0,1,"T4"
"treatment","Treatment","T4",25,"[Eubacterium] (genus)",6.60851176315094e-05,1,"T4"
"treatment","Treatment","T4",25,"Staphylococcus (genus)",0,1,"T4"
"treatment","Treatment","T4",25,"Lactococcus (genus)",0.000176226980350692,1,"T4"
"treatment","Treatment","T4",25,"Akkermansia (genus)",0.000110141862719182,1,"T4"
"treatment","Treatment","T4",25,"[Ruminococcus] (genus)",0,1,"T4"
"treatment","Treatment","T4",25,"Bifidobacterium (genus)",0,1,"T4"
"treatment","Treatment","T4",25,"Actinomyces (genus)",0,1,"T4"
"treatment","Treatment","T4",25,"Bacteroides (genus)",0.000132170235263019,1,"T4"
"treatment","Treatment","T4",25,"Ruminococcus (genus)",0,1,"T4"
"treatment","Treatment","T4",25,"Peptostreptococcaceae (family)",0.000242312097982201,1,"T4"
"treatment","Treatment","T4",25,"Veillonella (genus)",0,1,"T4"
"treatment","Treatment","T4",25,"Clostridiaceae (family)",0.000132170235263019,1,"T4"
"treatment","Treatment","T4",25,"Others",0.00209269539166446,1,"T4"
"treatment","Treatment","T4",26,"Streptococcus (genus)",0.00617558421026629,1,"T4"
"treatment","Treatment","T4",26,"Listeriaceae (family)",0.534064522503829,1,"T4"
"treatment","Treatment","T4",26,"Blautia (genus)",9.88093473642607e-05,1,"T4"
"treatment","Treatment","T4",26,"Lactobacillus (genus)",0.0605207252606097,1,"T4"
"treatment","Treatment","T4",26,"Enterobacteriaceae (family)",0.136455708710044,1,"T4"
"treatment","Treatment","T4",26,"Lachnospiraceae (family)",0,1,"T4"
"treatment","Treatment","T4",26,"[Coprobacillaceae] (family)",0,1,"T4"
"treatment","Treatment","T4",26,"[Eubacterium] (genus)",0,1,"T4"
"treatment","Treatment","T4",26,"Staphylococcus (genus)",0,1,"T4"
"treatment","Treatment","T4",26,"Lactococcus (genus)",0.000543451410503434,1,"T4"
"treatment","Treatment","T4",26,"Akkermansia (genus)",0.0410058791561682,1,"T4"
"treatment","Treatment","T4",26,"[Ruminococcus] (genus)",9.88093473642607e-05,1,"T4"
"treatment","Treatment","T4",26,"Bifidobacterium (genus)",0.00143273553678178,1,"T4"
"treatment","Treatment","T4",26,"Actinomyces (genus)",9.88093473642607e-05,1,"T4"
"treatment","Treatment","T4",26,"Bacteroides (genus)",0,1,"T4"
"treatment","Treatment","T4",26,"Ruminococcus (genus)",0,1,"T4"
"treatment","Treatment","T4",26,"Peptostreptococcaceae (family)",0.000691665431549825,1,"T4"
"treatment","Treatment","T4",26,"Veillonella (genus)",0.0518255026925547,1,"T4"
"treatment","Treatment","T4",26,"Clostridiaceae (family)",0.00316189911565634,1,"T4"
"treatment","Treatment","T4",26,"Others",0.163825897929944,1,"T4"
"treatment","Treatment","T4",29,"Streptococcus (genus)",0.0365630184627428,2,"T4"
"treatment","Treatment","T4",29,"Listeriaceae (family)",0.104441029907207,2,"T4"
"treatment","Treatment","T4",29,"Blautia (genus)",0.201783482272196,2,"T4"
"treatment","Treatment","T4",29,"Lactobacillus (genus)",0.0623203081302053,2,"T4"
"treatment","Treatment","T4",29,"Enterobacteriaceae (family)",0.128750348844497,2,"T4"
"treatment","Treatment","T4",29,"Lachnospiraceae (family)",0.00816965579099603,2,"T4"
"treatment","Treatment","T4",29,"[Coprobacillaceae] (family)",0.0938356383676916,2,"T4"
"treatment","Treatment","T4",29,"[Eubacterium] (genus)",0.0966048191980361,2,"T4"
"treatment","Treatment","T4",29,"Staphylococcus (genus)",0,2,"T4"
"treatment","Treatment","T4",29,"Lactococcus (genus)",4.03225806451613e-05,2,"T4"
"treatment","Treatment","T4",29,"Akkermansia (genus)",5.76036866359447e-05,2,"T4"
"treatment","Treatment","T4",29,"[Ruminococcus] (genus)",0.00328316476457727,2,"T4"
"treatment","Treatment","T4",29,"Bifidobacterium (genus)",6.41519117269695e-05,2,"T4"
"treatment","Treatment","T4",29,"Actinomyces (genus)",0.00116728837851165,2,"T4"
"treatment","Treatment","T4",29,"Bacteroides (genus)",0.000120967741935484,2,"T4"
"treatment","Treatment","T4",29,"Ruminococcus (genus)",0.00643657267968152,2,"T4"
"treatment","Treatment","T4",29,"Peptostreptococcaceae (family)",0.0443084010032531,2,"T4"
"treatment","Treatment","T4",29,"Veillonella (genus)",0.0399632116871184,2,"T4"
"treatment","Treatment","T4",29,"Clostridiaceae (family)",0.0438600412227768,2,"T4"
"treatment","Treatment","T4",29,"Others",0.128229973369566,2,"T4"
"treatment","Treatment","T4",33,"Streptococcus (genus)",0.0583419086394345,1,"T4"
"treatment","Treatment","T4",33,"Listeriaceae (family)",0.116415372913964,1,"T4"
"treatment","Treatment","T4",33,"Blautia (genus)",0.0757907923582837,1,"T4"
"treatment","Treatment","T4",33,"Lactobacillus (genus)",0.0450539125766185,1,"T4"
"treatment","Treatment","T4",33,"Enterobacteriaceae (family)",0.0440696165719655,1,"T4"
"treatment","Treatment","T4",33,"Lachnospiraceae (family)",0.0231309561093463,1,"T4"
"treatment","Treatment","T4",33,"[Coprobacillaceae] (family)",0.310545389468033,1,"T4"
"treatment","Treatment","T4",33,"[Eubacterium] (genus)",0.000581629457294976,1,"T4"
"treatment","Treatment","T4",33,"Staphylococcus (genus)",0,1,"T4"
"treatment","Treatment","T4",33,"Lactococcus (genus)",0,1,"T4"
"treatment","Treatment","T4",33,"Akkermansia (genus)",0,1,"T4"
"treatment","Treatment","T4",33,"[Ruminococcus] (genus)",0.0218334750123037,1,"T4"
"treatment","Treatment","T4",33,"Bifidobacterium (genus)",0.000178962909936916,1,"T4"
"treatment","Treatment","T4",33,"Actinomyces (genus)",0.0020133327367903,1,"T4"
"treatment","Treatment","T4",33,"Bacteroides (genus)",0.000178962909936916,1,"T4"
"treatment","Treatment","T4",33,"Ruminococcus (genus)",0,1,"T4"
"treatment","Treatment","T4",33,"Peptostreptococcaceae (family)",0.156100398192475,1,"T4"
"treatment","Treatment","T4",33,"Veillonella (genus)",0.0380296183615946,1,"T4"
"treatment","Treatment","T4",33,"Clostridiaceae (family)",0.0200438459129345,1,"T4"
"treatment","Treatment","T4",33,"Others",0.0876918258690886,1,"T4"
"treatment","Treatment","T4",36,"Streptococcus (genus)",0.0571293113665995,1,"T4"
"treatment","Treatment","T4",36,"Listeriaceae (family)",0.00628185373948086,1,"T4"
"treatment","Treatment","T4",36,"Blautia (genus)",0.231954486191774,1,"T4"
"treatment","Treatment","T4",36,"Lactobacillus (genus)",0.00853383904231362,1,"T4"
"treatment","Treatment","T4",36,"Enterobacteriaceae (family)",0.0240606850776342,1,"T4"
"treatment","Treatment","T4",36,"Lachnospiraceae (family)",0.0797676899371815,1,"T4"
"treatment","Treatment","T4",36,"[Coprobacillaceae] (family)",0.0849828137963731,1,"T4"
"treatment","Treatment","T4",36,"[Eubacterium] (genus)",0.140334242029157,1,"T4"
"treatment","Treatment","T4",36,"Staphylococcus (genus)",0.000592627711271779,1,"T4"
"treatment","Treatment","T4",36,"Lactococcus (genus)",0,1,"T4"
"treatment","Treatment","T4",36,"Akkermansia (genus)",0.100272608747185,1,"T4"
"treatment","Treatment","T4",36,"[Ruminococcus] (genus)",0.0122081308521986,1,"T4"
"treatment","Treatment","T4",36,"Bifidobacterium (genus)",0,1,"T4"
"treatment","Treatment","T4",36,"Actinomyces (genus)",0,1,"T4"
"treatment","Treatment","T4",36,"Bacteroides (genus)",0.00165935759156098,1,"T4"
"treatment","Treatment","T4",36,"Ruminococcus (genus)",0.0117340286831812,1,"T4"
"treatment","Treatment","T4",36,"Peptostreptococcaceae (family)",0.0525068152186796,1,"T4"
"treatment","Treatment","T4",36,"Veillonella (genus)",0.00189640867606969,1,"T4"
"treatment","Treatment","T4",36,"Clostridiaceae (family)",0.00651890482398957,1,"T4"
"treatment","Treatment","T4",36,"Others",0.179566196515349,1,"T4"
"treatment","Treatment","T4",43,"Streptococcus (genus)",0.148808060948636,1,"T4"
"treatment","Treatment","T4",43,"Listeriaceae (family)",0.0183091668714672,1,"T4"
"treatment","Treatment","T4",43,"Blautia (genus)",0.275620545588597,1,"T4"
"treatment","Treatment","T4",43,"Lactobacillus (genus)",0.07532563283362,1,"T4"
"treatment","Treatment","T4",43,"Enterobacteriaceae (family)",0.00270336692061932,1,"T4"
"treatment","Treatment","T4",43,"Lachnospiraceae (family)",0.203858441877611,1,"T4"
"treatment","Treatment","T4",43,"[Coprobacillaceae] (family)",0.078766281641681,1,"T4"
"treatment","Treatment","T4",43,"[Eubacterium] (genus)",0.0476775620545589,1,"T4"
"treatment","Treatment","T4",43,"Staphylococcus (genus)",0,1,"T4"
"treatment","Treatment","T4",43,"Lactococcus (genus)",0.00122880314573605,1,"T4"
"treatment","Treatment","T4",43,"Akkermansia (genus)",0.000368640943720816,1,"T4"
"treatment","Treatment","T4",43,"[Ruminococcus] (genus)",0.0208896534775129,1,"T4"
"treatment","Treatment","T4",43,"Bifidobacterium (genus)",0.000368640943720816,1,"T4"
"treatment","Treatment","T4",43,"Actinomyces (genus)",0,1,"T4"
"treatment","Treatment","T4",43,"Bacteroides (genus)",0,1,"T4"
"treatment","Treatment","T4",43,"Ruminococcus (genus)",0.000368640943720816,1,"T4"
"treatment","Treatment","T4",43,"Peptostreptococcaceae (family)",0.0766773162939297,1,"T4"
"treatment","Treatment","T4",43,"Veillonella (genus)",0.00307200786434013,1,"T4"
"treatment","Treatment","T4",43,"Clostridiaceae (family)",0.00823298107643156,1,"T4"
"treatment","Treatment","T4",43,"Others",0.0377242565740968,1,"T4"
"treatment","Treatment","T4",57,"Streptococcus (genus)",0.0555671392827356,1,"T4"
"treatment","Treatment","T4",57,"Listeriaceae (family)",0.00458715596330275,1,"T4"
"treatment","Treatment","T4",57,"Blautia (genus)",0.458507089241034,1,"T4"
"treatment","Treatment","T4",57,"Lactobacillus (genus)",0.0863740617180984,1,"T4"
"treatment","Treatment","T4",57,"Enterobacteriaceae (family)",0.00114678899082569,1,"T4"
"treatment","Treatment","T4",57,"Lachnospiraceae (family)",0.065731859883236,1,"T4"
"treatment","Treatment","T4",57,"[Coprobacillaceae] (family)",0.0795975813177648,1,"T4"
"treatment","Treatment","T4",57,"[Eubacterium] (genus)",0.159924937447873,1,"T4"
"treatment","Treatment","T4",57,"Staphylococcus (genus)",0.000104253544620517,1,"T4"
"treatment","Treatment","T4",57,"Lactococcus (genus)",0,1,"T4"
"treatment","Treatment","T4",57,"Akkermansia (genus)",0.000156380316930776,1,"T4"
"treatment","Treatment","T4",57,"[Ruminococcus] (genus)",0.00875729774812344,1,"T4"
"treatment","Treatment","T4",57,"Bifidobacterium (genus)",0.000521267723102585,1,"T4"
"treatment","Treatment","T4",57,"Actinomyces (genus)",0.000677648040033361,1,"T4"
"treatment","Treatment","T4",57,"Bacteroides (genus)",0.000208507089241034,1,"T4"
"treatment","Treatment","T4",57,"Ruminococcus (genus)",0.00177231025854879,1,"T4"
"treatment","Treatment","T4",57,"Peptostreptococcaceae (family)",0.0149082568807339,1,"T4"
"treatment","Treatment","T4",57,"Veillonella (genus)",0.00198081734778982,1,"T4"
"treatment","Treatment","T4",57,"Clostridiaceae (family)",0.0271059216013344,1,"T4"
"treatment","Treatment","T4",57,"Others",0.0323707256046706,1,"T4"
"treatment","Treatment","T5",3,"Streptococcus (genus)",0.0138024076380241,1,"T5"
"treatment","Treatment","T5",3,"Listeriaceae (family)",0.0577521793275218,1,"T5"
"treatment","Treatment","T5",3,"Blautia (genus)",0.295506434205064,1,"T5"
"treatment","Treatment","T5",3,"Lactobacillus (genus)",0.000311332503113325,1,"T5"
"treatment","Treatment","T5",3,"Enterobacteriaceae (family)",0.000103777501037775,1,"T5"
"treatment","Treatment","T5",3,"Lachnospiraceae (family)",0.0200809464508095,1,"T5"
"treatment","Treatment","T5",3,"[Coprobacillaceae] (family)",0.135014528850145,1,"T5"
"treatment","Treatment","T5",3,"[Eubacterium] (genus)",0.193648816936488,1,"T5"
"treatment","Treatment","T5",3,"Staphylococcus (genus)",0,1,"T5"
"treatment","Treatment","T5",3,"Lactococcus (genus)",0,1,"T5"
"treatment","Treatment","T5",3,"Akkermansia (genus)",0.013387297633873,1,"T5"
"treatment","Treatment","T5",3,"[Ruminococcus] (genus)",0.000985886259858863,1,"T5"
"treatment","Treatment","T5",3,"Bifidobacterium (genus)",0.00020755500207555,1,"T5"
"treatment","Treatment","T5",3,"Actinomyces (genus)",0.0254773765047738,1,"T5"
"treatment","Treatment","T5",3,"Bacteroides (genus)",0.0814653383146534,1,"T5"
"treatment","Treatment","T5",3,"Ruminococcus (genus)",0.00020755500207555,1,"T5"
"treatment","Treatment","T5",3,"Peptostreptococcaceae (family)",0.000103777501037775,1,"T5"
"treatment","Treatment","T5",3,"Veillonella (genus)",0.00757575757575758,1,"T5"
"treatment","Treatment","T5",3,"Clostridiaceae (family)",0.000103777501037775,1,"T5"
"treatment","Treatment","T5",3,"Others",0.154265255292652,1,"T5"
"treatment","Treatment","T5",13,"Streptococcus (genus)",0.0154249126891735,1,"T5"
"treatment","Treatment","T5",13,"Listeriaceae (family)",0.298700038804812,1,"T5"
"treatment","Treatment","T5",13,"Blautia (genus)",0.0680054326736515,1,"T5"
"treatment","Treatment","T5",13,"Lactobacillus (genus)",0.00776096235933256,1,"T5"
"treatment","Treatment","T5",13,"Enterobacteriaceae (family)",0.00097012029491657,1,"T5"
"treatment","Treatment","T5",13,"Lachnospiraceae (family)",0.00252231276678308,1,"T5"
"treatment","Treatment","T5",13,"[Coprobacillaceae] (family)",0.0684904928211098,1,"T5"
"treatment","Treatment","T5",13,"[Eubacterium] (genus)",0.0569460613116026,1,"T5"
"treatment","Treatment","T5",13,"Staphylococcus (genus)",0,1,"T5"
"treatment","Treatment","T5",13,"Lactococcus (genus)",0.00116414435389988,1,"T5"
"treatment","Treatment","T5",13,"Akkermansia (genus)",0.112048894062864,1,"T5"
"treatment","Treatment","T5",13,"[Ruminococcus] (genus)",0.00417151726814125,1,"T5"
"treatment","Treatment","T5",13,"Bifidobacterium (genus)",0.0139697322467986,1,"T5"
"treatment","Treatment","T5",13,"Actinomyces (genus)",0.0587892898719441,1,"T5"
"treatment","Treatment","T5",13,"Bacteroides (genus)",0.00339542103220799,1,"T5"
"treatment","Treatment","T5",13,"Ruminococcus (genus)",0,1,"T5"
"treatment","Treatment","T5",13,"Peptostreptococcaceae (family)",0.00232828870779977,1,"T5"
"treatment","Treatment","T5",13,"Veillonella (genus)",0.0639309274350019,1,"T5"
"treatment","Treatment","T5",13,"Clostridiaceae (family)",0.000776096235933256,1,"T5"
"treatment","Treatment","T5",13,"Others",0.220605355064028,1,"T5"
"treatment","Treatment","T5",21,"Streptococcus (genus)",0.00294704819849796,1,"T5"
"treatment","Treatment","T5",21,"Listeriaceae (family)",0.940583705675444,1,"T5"
"treatment","Treatment","T5",21,"Blautia (genus)",0.00114079285103147,1,"T5"
"treatment","Treatment","T5",21,"Lactobacillus (genus)",0.00579903032607662,1,"T5"
"treatment","Treatment","T5",21,"Enterobacteriaceae (family)",0,1,"T5"
"treatment","Treatment","T5",21,"Lachnospiraceae (family)",0.00408784104952942,1,"T5"
"treatment","Treatment","T5",21,"[Coprobacillaceae] (family)",0.000760528567354311,1,"T5"
"treatment","Treatment","T5",21,"[Eubacterium] (genus)",0.00922140887917102,1,"T5"
"treatment","Treatment","T5",21,"Staphylococcus (genus)",0,1,"T5"
"treatment","Treatment","T5",21,"Lactococcus (genus)",0.000475330354596445,1,"T5"
"treatment","Treatment","T5",21,"Akkermansia (genus)",0.000475330354596445,1,"T5"
"treatment","Treatment","T5",21,"[Ruminococcus] (genus)",0.000475330354596445,1,"T5"
"treatment","Treatment","T5",21,"Bifidobacterium (genus)",0,1,"T5"
"treatment","Treatment","T5",21,"Actinomyces (genus)",0.0218651963114364,1,"T5"
"treatment","Treatment","T5",21,"Bacteroides (genus)",0.0025667839148208,1,"T5"
"treatment","Treatment","T5",21,"Ruminococcus (genus)",0.000190132141838578,1,"T5"
"treatment","Treatment","T5",21,"Peptostreptococcaceae (family)",0.000190132141838578,1,"T5"
"treatment","Treatment","T5",21,"Veillonella (genus)",0.000190132141838578,1,"T5"
"treatment","Treatment","T5",21,"Clostridiaceae (family)",0,1,"T5"
"treatment","Treatment","T5",21,"Others",0.00903127673733228,1,"T5"
"treatment","Treatment","T5",30,"Streptococcus (genus)",0.00101626016260163,1,"T5"
"treatment","Treatment","T5",30,"Listeriaceae (family)",0.843778229448961,1,"T5"
"treatment","Treatment","T5",30,"Blautia (genus)",0.000959801264679313,1,"T5"
"treatment","Treatment","T5",30,"Lactobacillus (genus)",0.001806684733514,1,"T5"
"treatment","Treatment","T5",30,"Enterobacteriaceae (family)",0.0004516711833785,1,"T5"
"treatment","Treatment","T5",30,"Lachnospiraceae (family)",0.0004516711833785,1,"T5"
"treatment","Treatment","T5",30,"[Coprobacillaceae] (family)",0.000282294489611563,1,"T5"
"treatment","Treatment","T5",30,"[Eubacterium] (genus)",0.000112917795844625,1,"T5"
"treatment","Treatment","T5",30,"Staphylococcus (genus)",0,1,"T5"
"treatment","Treatment","T5",30,"Lactococcus (genus)",0.000395212285456188,1,"T5"
"treatment","Treatment","T5",30,"Akkermansia (genus)",0.000395212285456188,1,"T5"
"treatment","Treatment","T5",30,"[Ruminococcus] (genus)",0.000338753387533875,1,"T5"
"treatment","Treatment","T5",30,"Bifidobacterium (genus)",0.000282294489611563,1,"T5"
"treatment","Treatment","T5",30,"Actinomyces (genus)",0.146172086720867,1,"T5"
"treatment","Treatment","T5",30,"Bacteroides (genus)",0.000338753387533875,1,"T5"
"treatment","Treatment","T5",30,"Ruminococcus (genus)",0.000112917795844625,1,"T5"
"treatment","Treatment","T5",30,"Peptostreptococcaceae (family)",0.000112917795844625,1,"T5"
"treatment","Treatment","T5",30,"Veillonella (genus)",0.000677506775067751,1,"T5"
"treatment","Treatment","T5",30,"Clostridiaceae (family)",0,1,"T5"
"treatment","Treatment","T5",30,"Others",0.00231481481481477,1,"T5"
"treatment","Treatment","T5",39,"Streptococcus (genus)",0.00123735030270891,1,"T5"
"treatment","Treatment","T5",39,"Listeriaceae (family)",0.872641300985461,1,"T5"
"treatment","Treatment","T5",39,"Blautia (genus)",0.000618675151354457,1,"T5"
"treatment","Treatment","T5",39,"Lactobacillus (genus)",0.0121083565336515,1,"T5"
"treatment","Treatment","T5",39,"Enterobacteriaceae (family)",0.000574484069114853,1,"T5"
"treatment","Treatment","T5",39,"Lachnospiraceae (family)",0.000662866233594061,1,"T5"
"treatment","Treatment","T5",39,"[Coprobacillaceae] (family)",0.000176764328958416,1,"T5"
"treatment","Treatment","T5",39,"[Eubacterium] (genus)",8.83821644792081e-05,1,"T5"
"treatment","Treatment","T5",39,"Staphylococcus (genus)",0,1,"T5"
"treatment","Treatment","T5",39,"Lactococcus (genus)",0.00044191082239604,1,"T5"
"treatment","Treatment","T5",39,"Akkermansia (genus)",0.000132573246718812,1,"T5"
"treatment","Treatment","T5",39,"[Ruminococcus] (genus)",0.00022095541119802,1,"T5"
"treatment","Treatment","T5",39,"Bifidobacterium (genus)",0.000309337575677228,1,"T5"
"treatment","Treatment","T5",39,"Actinomyces (genus)",0.0997392726147863,1,"T5"
"treatment","Treatment","T5",39,"Bacteroides (genus)",0,1,"T5"
"treatment","Treatment","T5",39,"Ruminococcus (genus)",8.83821644792081e-05,1,"T5"
"treatment","Treatment","T5",39,"Peptostreptococcaceae (family)",0.000309337575677228,1,"T5"
"treatment","Treatment","T5",39,"Veillonella (genus)",0.000839630562552477,1,"T5"
"treatment","Treatment","T5",39,"Clostridiaceae (family)",0,1,"T5"
"treatment","Treatment","T5",39,"Others",0.00981042025719214,1,"T5"
"treatment","Treatment","T5",49,"Streptococcus (genus)",0.00182248666704625,2,"T5"
"treatment","Treatment","T5",49,"Listeriaceae (family)",0.0368210875524546,2,"T5"
"treatment","Treatment","T5",49,"Blautia (genus)",0.143677600686369,2,"T5"
"treatment","Treatment","T5",49,"Lactobacillus (genus)",0.000904399838238021,2,"T5"
"treatment","Treatment","T5",49,"Enterobacteriaceae (family)",0.00270029116182962,2,"T5"
"treatment","Treatment","T5",49,"Lachnospiraceae (family)",0.0659027890315256,2,"T5"
"treatment","Treatment","T5",49,"[Coprobacillaceae] (family)",0.0554907704668566,2,"T5"
"treatment","Treatment","T5",49,"[Eubacterium] (genus)",0.0193253177450069,2,"T5"
"treatment","Treatment","T5",49,"Staphylococcus (genus)",0,2,"T5"
"treatment","Treatment","T5",49,"Lactococcus (genus)",0.000145736642348838,2,"T5"
"treatment","Treatment","T5",49,"Akkermansia (genus)",0.21216451057025,2,"T5"
"treatment","Treatment","T5",49,"[Ruminococcus] (genus)",0.0415496155233102,2,"T5"
"treatment","Treatment","T5",49,"Bifidobacterium (genus)",0.0407050856233798,2,"T5"
"treatment","Treatment","T5",49,"Actinomyces (genus)",0.00083716204082884,2,"T5"
"treatment","Treatment","T5",49,"Bacteroides (genus)",0.144302985442882,2,"T5"
"treatment","Treatment","T5",49,"Ruminococcus (genus)",0.0720639835785312,2,"T5"
"treatment","Treatment","T5",49,"Peptostreptococcaceae (family)",0.0328606199610584,2,"T5"
"treatment","Treatment","T5",49,"Veillonella (genus)",0.00196501872866959,2,"T5"
"treatment","Treatment","T5",49,"Clostridiaceae (family)",0.0126648923460402,2,"T5"
"treatment","Treatment","T5",49,"Others",0.114095646393375,2,"T5"
"treatment","Treatment","T5",53,"Streptococcus (genus)",0.0139995980976623,1,"T5"
"treatment","Treatment","T5",53,"Listeriaceae (family)",0.0574720342956662,1,"T5"
"treatment","Treatment","T5",53,"Blautia (genus)",0.0322191707415098,1,"T5"
"treatment","Treatment","T5",53,"Lactobacillus (genus)",0.0111862817335387,1,"T5"
"treatment","Treatment","T5",53,"Enterobacteriaceae (family)",0.000401902337731931,1,"T5"
"treatment","Treatment","T5",53,"Lachnospiraceae (family)",0.104896510148034,1,"T5"
"treatment","Treatment","T5",53,"[Coprobacillaceae] (family)",0.117824368678411,1,"T5"
"treatment","Treatment","T5",53,"[Eubacterium] (genus)",0.0143345167124389,1,"T5"
"treatment","Treatment","T5",53,"Staphylococcus (genus)",0,1,"T5"
"treatment","Treatment","T5",53,"Lactococcus (genus)",0,1,"T5"
"treatment","Treatment","T5",53,"Akkermansia (genus)",0.199678478129814,1,"T5"
"treatment","Treatment","T5",53,"[Ruminococcus] (genus)",0.0424676803536741,1,"T5"
"treatment","Treatment","T5",53,"Bifidobacterium (genus)",0.0142005492665282,1,"T5"
"treatment","Treatment","T5",53,"Actinomyces (genus)",0.0036841047625427,1,"T5"
"treatment","Treatment","T5",53,"Bacteroides (genus)",0.0614910576729855,1,"T5"
"treatment","Treatment","T5",53,"Ruminococcus (genus)",0.0630316833009579,1,"T5"
"treatment","Treatment","T5",53,"Peptostreptococcaceae (family)",0.0728782905753902,1,"T5"
"treatment","Treatment","T5",53,"Veillonella (genus)",0.00147364190501708,1,"T5"
"treatment","Treatment","T5",53,"Clostridiaceae (family)",0.0250519123852904,1,"T5"
"treatment","Treatment","T5",53,"Others",0.163708218902807,1,"T5"
"treatment","Treatment","T5",69,"Streptococcus (genus)",0.0160797828044495,1,"T5"
"treatment","Treatment","T5",69,"Listeriaceae (family)",0.104095436049857,1,"T5"
"treatment","Treatment","T5",69,"Blautia (genus)",0.0564721972092267,1,"T5"
"treatment","Treatment","T5",69,"Lactobacillus (genus)",0.00277587829466287,1,"T5"
"treatment","Treatment","T5",69,"Enterobacteriaceae (family)",0,1,"T5"
"treatment","Treatment","T5",69,"Lachnospiraceae (family)",0.0763366531032288,1,"T5"
"treatment","Treatment","T5",69,"[Coprobacillaceae] (family)",0.0153959688830814,1,"T5"
"treatment","Treatment","T5",69,"[Eubacterium] (genus)",0.0815228062098429,1,"T5"
"treatment","Treatment","T5",69,"Staphylococcus (genus)",0,1,"T5"
"treatment","Treatment","T5",69,"Lactococcus (genus)",0.000257276524871192,1,"T5"
"treatment","Treatment","T5",69,"Akkermansia (genus)",0.21356659738255,1,"T5"
"treatment","Treatment","T5",69,"[Ruminococcus] (genus)",0.0863230445291501,1,"T5"
"treatment","Treatment","T5",69,"Bifidobacterium (genus)",0.0111441357878417,1,"T5"
"treatment","Treatment","T5",69,"Actinomyces (genus)",0.00792817922695175,1,"T5"
"treatment","Treatment","T5",69,"Bacteroides (genus)",0.0135002471208726,1,"T5"
"treatment","Treatment","T5",69,"Ruminococcus (genus)",0.12179335278705,1,"T5"
"treatment","Treatment","T5",69,"Peptostreptococcaceae (family)",0.0130195462454553,1,"T5"
"treatment","Treatment","T5",69,"Veillonella (genus)",0.000115097392705533,1,"T5"
"treatment","Treatment","T5",69,"Clostridiaceae (family)",0.0051996939763441,1,"T5"
"treatment","Treatment","T5",69,"Others",0.174474106471859,1,"T5"
"treatment","Treatment","T6",1,"Streptococcus (genus)",0.288095909732017,1,"T6"
"treatment","Treatment","T6",1,"Listeriaceae (family)",0.000366713681241185,1,"T6"
"treatment","Treatment","T6",1,"Blautia (genus)",0.0508885754583921,1,"T6"
"treatment","Treatment","T6",1,"Lactobacillus (genus)",0.00231311706629055,1,"T6"
"treatment","Treatment","T6",1,"Enterobacteriaceae (family)",0.000366713681241185,1,"T6"
"treatment","Treatment","T6",1,"Lachnospiraceae (family)",0.0395768688293371,1,"T6"
"treatment","Treatment","T6",1,"[Coprobacillaceae] (family)",0.219915373765867,1,"T6"
"treatment","Treatment","T6",1,"[Eubacterium] (genus)",0.00400564174894217,1,"T6"
"treatment","Treatment","T6",1,"Staphylococcus (genus)",0.00485190409026798,1,"T6"
"treatment","Treatment","T6",1,"Lactococcus (genus)",0.0122143864598025,1,"T6"
"treatment","Treatment","T6",1,"Akkermansia (genus)",0.0176868829337095,1,"T6"
"treatment","Treatment","T6",1,"[Ruminococcus] (genus)",0.00823695345557123,1,"T6"
"treatment","Treatment","T6",1,"Bifidobacterium (genus)",0.022820874471086,1,"T6"
"treatment","Treatment","T6",1,"Actinomyces (genus)",0.0174330042313117,1,"T6"
"treatment","Treatment","T6",1,"Bacteroides (genus)",0,1,"T6"
"treatment","Treatment","T6",1,"Ruminococcus (genus)",0.00126939351198872,1,"T6"
"treatment","Treatment","T6",1,"Peptostreptococcaceae (family)",0.000141043723554302,1,"T6"
"treatment","Treatment","T6",1,"Veillonella (genus)",0.0027080394922426,1,"T6"
"treatment","Treatment","T6",1,"Clostridiaceae (family)",0.000225669957686883,1,"T6"
"treatment","Treatment","T6",1,"Others",0.30688293370945,1,"T6"
"treatment","Treatment","T6",2,"Streptococcus (genus)",0.205973864343497,1,"T6"
"treatment","Treatment","T6",2,"Listeriaceae (family)",0.000414851690520639,1,"T6"
"treatment","Treatment","T6",2,"Blautia (genus)",0.00269653598838415,1,"T6"
"treatment","Treatment","T6",2,"Lactobacillus (genus)",0.00112602601712745,1,"T6"
"treatment","Treatment","T6",2,"Enterobacteriaceae (family)",0.000177793581651702,1,"T6"
"treatment","Treatment","T6",2,"Lachnospiraceae (family)",0.00536343971315969,1,"T6"
"treatment","Treatment","T6",2,"[Coprobacillaceae] (family)",0.0141345897413103,1,"T6"
"treatment","Treatment","T6",2,"[Eubacterium] (genus)",0.000325954899694788,1,"T6"
"treatment","Treatment","T6",2,"Staphylococcus (genus)",0.00370403295107713,1,"T6"
"treatment","Treatment","T6",2,"Lactococcus (genus)",0.00115565828073607,1,"T6"
"treatment","Treatment","T6",2,"Akkermansia (genus)",0.000592645272172341,1,"T6"
"treatment","Treatment","T6",2,"[Ruminococcus] (genus)",0.000622277535780958,1,"T6"
"treatment","Treatment","T6",2,"Bifidobacterium (genus)",0.00340771031499096,1,"T6"
"treatment","Treatment","T6",2,"Actinomyces (genus)",0.0086822532373248,1,"T6"
"treatment","Treatment","T6",2,"Bacteroides (genus)",0,1,"T6"
"treatment","Treatment","T6",2,"Ruminococcus (genus)",0.000148161318043085,1,"T6"
"treatment","Treatment","T6",2,"Peptostreptococcaceae (family)",5.92645272172341e-05,1,"T6"
"treatment","Treatment","T6",2,"Veillonella (genus)",0.000325954899694788,1,"T6"
"treatment","Treatment","T6",2,"Clostridiaceae (family)",0,1,"T6"
"treatment","Treatment","T6",2,"Others",0.751088985687617,1,"T6"
"treatment","Treatment","T6",3,"Streptococcus (genus)",0.0144505553758223,1,"T6"
"treatment","Treatment","T6",3,"Listeriaceae (family)",0.00134799956864014,1,"T6"
"treatment","Treatment","T6",3,"Blautia (genus)",0.099374528200151,1,"T6"
"treatment","Treatment","T6",3,"Lactobacillus (genus)",0.0145583953413135,1,"T6"
"treatment","Treatment","T6",3,"Enterobacteriaceae (family)",0.000593119810201661,1,"T6"
"treatment","Treatment","T6",3,"Lachnospiraceae (family)",0.15534347029009,1,"T6"
"treatment","Treatment","T6",3,"[Coprobacillaceae] (family)",0.00404399870592041,1,"T6"
"treatment","Treatment","T6",3,"[Eubacterium] (genus)",0.0574787016068155,1,"T6"
"treatment","Treatment","T6",3,"Staphylococcus (genus)",0.00237247924080664,1,"T6"
"treatment","Treatment","T6",3,"Lactococcus (genus)",0,1,"T6"
"treatment","Treatment","T6",3,"Akkermansia (genus)",0.000161759948236817,1,"T6"
"treatment","Treatment","T6",3,"[Ruminococcus] (genus)",0.0458319853337647,1,"T6"
"treatment","Treatment","T6",3,"Bifidobacterium (genus)",0.331284373989,1,"T6"
"treatment","Treatment","T6",3,"Actinomyces (genus)",0.00226463927531543,1,"T6"
"treatment","Treatment","T6",3,"Bacteroides (genus)",0.000431359861964844,1,"T6"
"treatment","Treatment","T6",3,"Ruminococcus (genus)",0.00237247924080664,1,"T6"
"treatment","Treatment","T6",3,"Peptostreptococcaceae (family)",0.0342391890434595,1,"T6"
"treatment","Treatment","T6",3,"Veillonella (genus)",0.000754879758438477,1,"T6"
"treatment","Treatment","T6",3,"Clostridiaceae (family)",0.000593119810201661,1,"T6"
"treatment","Treatment","T6",3,"Others",0.232502965599051,1,"T6"
"treatment","Treatment","T6",4,"Streptococcus (genus)",0.0681912394638662,1,"T6"
"treatment","Treatment","T6",4,"Listeriaceae (family)",0.000414536410114688,1,"T6"
"treatment","Treatment","T6",4,"Blautia (genus)",0.00276357606743126,1,"T6"
"treatment","Treatment","T6",4,"Lactobacillus (genus)",0.677974298742573,1,"T6"
"treatment","Treatment","T6",4,"Enterobacteriaceae (family)",0.000690894016857814,1,"T6"
"treatment","Treatment","T6",4,"Lachnospiraceae (family)",0.00393809589608954,1,"T6"
"treatment","Treatment","T6",4,"[Coprobacillaceae] (family)",0.00103634102528672,1,"T6"
"treatment","Treatment","T6",4,"[Eubacterium] (genus)",0.00207268205057344,1,"T6"
"treatment","Treatment","T6",4,"Staphylococcus (genus)",0.00573442033991986,1,"T6"
"treatment","Treatment","T6",4,"Lactococcus (genus)",0,1,"T6"
"treatment","Treatment","T6",4,"Akkermansia (genus)",0.00096725162360094,1,"T6"
"treatment","Treatment","T6",4,"[Ruminococcus] (genus)",0.00151996683708719,1,"T6"
"treatment","Treatment","T6",4,"Bifidobacterium (genus)",0.0163050987978444,1,"T6"
"treatment","Treatment","T6",4,"Actinomyces (genus)",0.0147851319607572,1,"T6"
"treatment","Treatment","T6",4,"Bacteroides (genus)",0,1,"T6"
"treatment","Treatment","T6",4,"Ruminococcus (genus)",0.000829072820229377,1,"T6"
"treatment","Treatment","T6",4,"Peptostreptococcaceae (family)",0.00138178803371563,1,"T6"
"treatment","Treatment","T6",4,"Veillonella (genus)",0.000414536410114688,1,"T6"
"treatment","Treatment","T6",4,"Clostridiaceae (family)",0.00151996683708719,1,"T6"
"treatment","Treatment","T6",4,"Others",0.199461102666851,1,"T6"
"treatment","Treatment","T6",5,"Streptococcus (genus)",0.00402079976504572,2,"T6"
"treatment","Treatment","T6",5,"Listeriaceae (family)",0,2,"T6"
"treatment","Treatment","T6",5,"Blautia (genus)",0.000470158584676488,2,"T6"
"treatment","Treatment","T6",5,"Lactobacillus (genus)",0.40206382134512,2,"T6"
"treatment","Treatment","T6",5,"Enterobacteriaceae (family)",0.000310524418583089,2,"T6"
"treatment","Treatment","T6",5,"Lachnospiraceae (family)",0.000282822527098965,2,"T6"
"treatment","Treatment","T6",5,"[Coprobacillaceae] (family)",0.000855044764108239,2,"T6"
"treatment","Treatment","T6",5,"[Eubacterium] (genus)",0.000294119956771851,2,"T6"
"treatment","Treatment","T6",5,"Staphylococcus (genus)",0.00617373277173138,2,"T6"
"treatment","Treatment","T6",5,"Lactococcus (genus)",0,2,"T6"
"treatment","Treatment","T6",5,"Akkermansia (genus)",0.000100593501659793,2,"T6"
"treatment","Treatment","T6",5,"[Ruminococcus] (genus)",5.02967508298964e-05,2,"T6"
"treatment","Treatment","T6",5,"Bifidobacterium (genus)",0.0010285298759437,2,"T6"
"treatment","Treatment","T6",5,"Actinomyces (genus)",0.000701600995549374,2,"T6"
"treatment","Treatment","T6",5,"Bacteroides (genus)",0.000364458050878344,2,"T6"
"treatment","Treatment","T6",5,"Ruminococcus (genus)",0.000201187003319586,2,"T6"
"treatment","Treatment","T6",5,"Peptostreptococcaceae (family)",5.02967508298964e-05,2,"T6"
"treatment","Treatment","T6",5,"Veillonella (genus)",0.000226335378734534,2,"T6"
"treatment","Treatment","T6",5,"Clostridiaceae (family)",0.00198416814171173,2,"T6"
"treatment","Treatment","T6",5,"Others",0.580821509417408,2,"T6"
"treatment","Treatment","T6",6,"Streptococcus (genus)",0.0072495037542073,1,"T6"
"treatment","Treatment","T6",6,"Listeriaceae (family)",0,1,"T6"
"treatment","Treatment","T6",6,"Blautia (genus)",0.000690428928972124,1,"T6"
"treatment","Treatment","T6",6,"Lactobacillus (genus)",0.860015534650902,1,"T6"
"treatment","Treatment","T6",6,"Enterobacteriaceae (family)",0.000863036161215155,1,"T6"
"treatment","Treatment","T6",6,"Lachnospiraceae (family)",0.000431518080607577,1,"T6"
"treatment","Treatment","T6",6,"[Coprobacillaceae] (family)",0.000776732545093639,1,"T6"
"treatment","Treatment","T6",6,"[Eubacterium] (genus)",0,1,"T6"
"treatment","Treatment","T6",6,"Staphylococcus (genus)",0.00181237593855183,1,"T6"
"treatment","Treatment","T6",6,"Lactococcus (genus)",0,1,"T6"
"treatment","Treatment","T6",6,"Akkermansia (genus)",0.00120825062570122,1,"T6"
"treatment","Treatment","T6",6,"[Ruminococcus] (genus)",0.000172607232243031,1,"T6"
"treatment","Treatment","T6",6,"Bifidobacterium (genus)",0.00258910848364546,1,"T6"
"treatment","Treatment","T6",6,"Actinomyces (genus)",0.000172607232243031,1,"T6"
"treatment","Treatment","T6",6,"Bacteroides (genus)",0,1,"T6"
"treatment","Treatment","T6",6,"Ruminococcus (genus)",0,1,"T6"
"treatment","Treatment","T6",6,"Peptostreptococcaceae (family)",0,1,"T6"
"treatment","Treatment","T6",6,"Veillonella (genus)",0,1,"T6"
"treatment","Treatment","T6",6,"Clostridiaceae (family)",0.00310693018037456,1,"T6"
"treatment","Treatment","T6",6,"Others",0.120911366186243,1,"T6"
"treatment","Treatment","T6",7,"Streptococcus (genus)",0.00418985679444688,1,"T6"
"treatment","Treatment","T6",7,"Listeriaceae (family)",0.000375211056219123,1,"T6"
"treatment","Treatment","T6",7,"Blautia (genus)",0.000312675880182603,1,"T6"
"treatment","Treatment","T6",7,"Lactobacillus (genus)",0.85029078856857,1,"T6"
"treatment","Treatment","T6",7,"Enterobacteriaceae (family)",0.00112563316865737,1,"T6"
"treatment","Treatment","T6",7,"Lachnospiraceae (family)",0.000187605528109562,1,"T6"
"treatment","Treatment","T6",7,"[Coprobacillaceae] (family)",0.00187605528109562,1,"T6"
"treatment","Treatment","T6",7,"[Eubacterium] (genus)",0,1,"T6"
"treatment","Treatment","T6",7,"Staphylococcus (genus)",0.000625351760365205,1,"T6"
"treatment","Treatment","T6",7,"Lactococcus (genus)",0,1,"T6"
"treatment","Treatment","T6",7,"Akkermansia (genus)",0.000250140704146082,1,"T6"
"treatment","Treatment","T6",7,"[Ruminococcus] (genus)",0.000312675880182603,1,"T6"
"treatment","Treatment","T6",7,"Bifidobacterium (genus)",0.00769182665249203,1,"T6"
"treatment","Treatment","T6",7,"Actinomyces (genus)",0.00206366080920518,1,"T6"
"treatment","Treatment","T6",7,"Bacteroides (genus)",0,1,"T6"
"treatment","Treatment","T6",7,"Ruminococcus (genus)",0.000500281408292164,1,"T6"
"treatment","Treatment","T6",7,"Peptostreptococcaceae (family)",0,1,"T6"
"treatment","Treatment","T6",7,"Veillonella (genus)",0.000125070352073041,1,"T6"
"treatment","Treatment","T6",7,"Clostridiaceae (family)",0.0175723844662623,1,"T6"
"treatment","Treatment","T6",7,"Others",0.112500781689701,1,"T6"
"treatment","Treatment","T6",8,"Streptococcus (genus)",0.00250064671897905,1,"T6"
"treatment","Treatment","T6",8,"Listeriaceae (family)",0,1,"T6"
"treatment","Treatment","T6",8,"Blautia (genus)",0.000172458394412348,1,"T6"
"treatment","Treatment","T6",8,"Lactobacillus (genus)",0.599637837371734,1,"T6"
"treatment","Treatment","T6",8,"Enterobacteriaceae (family)",0.000948521169267914,1,"T6"
"treatment","Treatment","T6",8,"Lachnospiraceae (family)",0.000172458394412348,1,"T6"
"treatment","Treatment","T6",8,"[Coprobacillaceae] (family)",0.000258687591618522,1,"T6"
"treatment","Treatment","T6",8,"[Eubacterium] (genus)",0.000172458394412348,1,"T6"
"treatment","Treatment","T6",8,"Staphylococcus (genus)",0,1,"T6"
"treatment","Treatment","T6",8,"Lactococcus (genus)",0,1,"T6"
"treatment","Treatment","T6",8,"Akkermansia (genus)",0.000344916788824696,1,"T6"
"treatment","Treatment","T6",8,"[Ruminococcus] (genus)",0.000258687591618522,1,"T6"
"treatment","Treatment","T6",8,"Bifidobacterium (genus)",0.00301802190221609,1,"T6"
"treatment","Treatment","T6",8,"Actinomyces (genus)",0.000603604380443218,1,"T6"
"treatment","Treatment","T6",8,"Bacteroides (genus)",0,1,"T6"
"treatment","Treatment","T6",8,"Ruminococcus (genus)",0.000258687591618522,1,"T6"
"treatment","Treatment","T6",8,"Peptostreptococcaceae (family)",0,1,"T6"
"treatment","Treatment","T6",8,"Veillonella (genus)",0,1,"T6"
"treatment","Treatment","T6",8,"Clostridiaceae (family)",0.00793308614296801,1,"T6"
"treatment","Treatment","T6",8,"Others",0.383719927567474,1,"T6"
"treatment","Treatment","T6",9,"Streptococcus (genus)",0.00425917535115541,1,"T6"
"treatment","Treatment","T6",9,"Listeriaceae (family)",0,1,"T6"
"treatment","Treatment","T6",9,"Blautia (genus)",0.000362483008608971,1,"T6"
"treatment","Treatment","T6",9,"Lactobacillus (genus)",0.705120072496602,1,"T6"
"treatment","Treatment","T6",9,"Enterobacteriaceae (family)",0.000815586769370186,1,"T6"
"treatment","Treatment","T6",9,"Lachnospiraceae (family)",0.000362483008608971,1,"T6"
"treatment","Treatment","T6",9,"[Coprobacillaceae] (family)",0.0031717263253285,1,"T6"
"treatment","Treatment","T6",9,"[Eubacterium] (genus)",0,1,"T6"
"treatment","Treatment","T6",9,"Staphylococcus (genus)",0,1,"T6"
"treatment","Treatment","T6",9,"Lactococcus (genus)",0,1,"T6"
"treatment","Treatment","T6",9,"Akkermansia (genus)",0.000724966017217943,1,"T6"
"treatment","Treatment","T6",9,"[Ruminococcus] (genus)",0.000453103760761214,1,"T6"
"treatment","Treatment","T6",9,"Bifidobacterium (genus)",0.0131400090620752,1,"T6"
"treatment","Treatment","T6",9,"Actinomyces (genus)",0.0006343452650657,1,"T6"
"treatment","Treatment","T6",9,"Bacteroides (genus)",0,1,"T6"
"treatment","Treatment","T6",9,"Ruminococcus (genus)",0,1,"T6"
"treatment","Treatment","T6",9,"Peptostreptococcaceae (family)",0,1,"T6"
"treatment","Treatment","T6",9,"Veillonella (genus)",0.000181241504304486,1,"T6"
"treatment","Treatment","T6",9,"Clostridiaceae (family)",0.0132306298142275,1,"T6"
"treatment","Treatment","T6",9,"Others",0.257544177616674,1,"T6"
"treatment","Treatment","T6",11,"Streptococcus (genus)",0.00158362083592557,1,"T6"
"treatment","Treatment","T6",11,"Listeriaceae (family)",0,1,"T6"
"treatment","Treatment","T6",11,"Blautia (genus)",0,1,"T6"
"treatment","Treatment","T6",11,"Lactobacillus (genus)",0.02680843843674,1,"T6"
"treatment","Treatment","T6",11,"Enterobacteriaceae (family)",0.000452463095978734,1,"T6"
"treatment","Treatment","T6",11,"Lachnospiraceae (family)",0,1,"T6"
"treatment","Treatment","T6",11,"[Coprobacillaceae] (family)",0.000113115773994684,1,"T6"
"treatment","Treatment","T6",11,"[Eubacterium] (genus)",0,1,"T6"
"treatment","Treatment","T6",11,"Staphylococcus (genus)",0,1,"T6"
"treatment","Treatment","T6",11,"Lactococcus (genus)",0,1,"T6"
"treatment","Treatment","T6",11,"Akkermansia (genus)",0.000113115773994684,1,"T6"
"treatment","Treatment","T6",11,"[Ruminococcus] (genus)",0,1,"T6"
"treatment","Treatment","T6",11,"Bifidobacterium (genus)",0.00322379955884848,1,"T6"
"treatment","Treatment","T6",11,"Actinomyces (genus)",0,1,"T6"
"treatment","Treatment","T6",11,"Bacteroides (genus)",0,1,"T6"
"treatment","Treatment","T6",11,"Ruminococcus (genus)",0,1,"T6"
"treatment","Treatment","T6",11,"Peptostreptococcaceae (family)",0.000113115773994684,1,"T6"
"treatment","Treatment","T6",11,"Veillonella (genus)",0.000282789434986709,1,"T6"
"treatment","Treatment","T6",11,"Clostridiaceae (family)",0.00616480968271025,1,"T6"
"treatment","Treatment","T6",11,"Others",0.961144731632826,1,"T6"
"treatment","Treatment","T6",12,"Streptococcus (genus)",0.000739391341620232,1,"T6"
"treatment","Treatment","T6",12,"Listeriaceae (family)",0,1,"T6"
"treatment","Treatment","T6",12,"Blautia (genus)",0.000514359194170596,1,"T6"
"treatment","Treatment","T6",12,"Lactobacillus (genus)",0.0153557651093013,1,"T6"
"treatment","Treatment","T6",12,"Enterobacteriaceae (family)",2.14316330904415e-05,1,"T6"
"treatment","Treatment","T6",12,"Lachnospiraceae (family)",0.000128589798542649,1,"T6"
"treatment","Treatment","T6",12,"[Coprobacillaceae] (family)",6.42948992713245e-05,1,"T6"
"treatment","Treatment","T6",12,"[Eubacterium] (genus)",7.50107158165452e-05,1,"T6"
"treatment","Treatment","T6",12,"Staphylococcus (genus)",1.07158165452207e-05,1,"T6"
"treatment","Treatment","T6",12,"Lactococcus (genus)",0.000235747963994856,1,"T6"
"treatment","Treatment","T6",12,"Akkermansia (genus)",0,1,"T6"
"treatment","Treatment","T6",12,"[Ruminococcus] (genus)",0.000117873981997428,1,"T6"
"treatment","Treatment","T6",12,"Bifidobacterium (genus)",0.00116802400342906,1,"T6"
"treatment","Treatment","T6",12,"Actinomyces (genus)",0.000332190312901843,1,"T6"
"treatment","Treatment","T6",12,"Bacteroides (genus)",0.000396485212173168,1,"T6"
"treatment","Treatment","T6",12,"Ruminococcus (genus)",0.000214316330904415,1,"T6"
"treatment","Treatment","T6",12,"Peptostreptococcaceae (family)",0.000107158165452207,1,"T6"
"treatment","Treatment","T6",12,"Veillonella (genus)",4.2863266180883e-05,1,"T6"
"treatment","Treatment","T6",12,"Clostridiaceae (family)",0.00281825975139306,1,"T6"
"treatment","Treatment","T6",12,"Others",0.977657522503215,1,"T6"
"treatment","Treatment","T6",21,"Streptococcus (genus)",0.475300165487131,1,"T6"
"treatment","Treatment","T6",21,"Listeriaceae (family)",0.00133798105700504,1,"T6"
"treatment","Treatment","T6",21,"Blautia (genus)",0.00017605013907961,1,"T6"
"treatment","Treatment","T6",21,"Lactobacillus (genus)",0.0441533748811662,1,"T6"
"treatment","Treatment","T6",21,"Enterobacteriaceae (family)",0.000105630083447766,1,"T6"
"treatment","Treatment","T6",21,"Lachnospiraceae (family)",7.0420055631844e-05,1,"T6"
"treatment","Treatment","T6",21,"[Coprobacillaceae] (family)",0.000140840111263688,1,"T6"
"treatment","Treatment","T6",21,"[Eubacterium] (genus)",0.000387310305975142,1,"T6"
"treatment","Treatment","T6",21,"Staphylococcus (genus)",0,1,"T6"
"treatment","Treatment","T6",21,"Lactococcus (genus)",0.474419914791733,1,"T6"
"treatment","Treatment","T6",21,"Akkermansia (genus)",0,1,"T6"
"treatment","Treatment","T6",21,"[Ruminococcus] (genus)",0.000316890250343298,1,"T6"
"treatment","Treatment","T6",21,"Bifidobacterium (genus)",0,1,"T6"
"treatment","Treatment","T6",21,"Actinomyces (genus)",0,1,"T6"
"treatment","Treatment","T6",21,"Bacteroides (genus)",0,1,"T6"
"treatment","Treatment","T6",21,"Ruminococcus (genus)",0.000140840111263688,1,"T6"
"treatment","Treatment","T6",21,"Peptostreptococcaceae (family)",0.000492940389422908,1,"T6"
"treatment","Treatment","T6",21,"Veillonella (genus)",0.000140840111263688,1,"T6"
"treatment","Treatment","T6",21,"Clostridiaceae (family)",0.000105630083447766,1,"T6"
"treatment","Treatment","T6",21,"Others",0.00271117214182581,1,"T6"
"treatment","Treatment","T6",39,"Streptococcus (genus)",0.0548782911406228,2,"T6"
"treatment","Treatment","T6",39,"Listeriaceae (family)",0.147503409191133,2,"T6"
"treatment","Treatment","T6",39,"Blautia (genus)",0.19172401635116,2,"T6"
"treatment","Treatment","T6",39,"Lactobacillus (genus)",0.0436631365096609,2,"T6"
"treatment","Treatment","T6",39,"Enterobacteriaceae (family)",0.0202807927691233,2,"T6"
"treatment","Treatment","T6",39,"Lachnospiraceae (family)",0.0299134965995758,2,"T6"
"treatment","Treatment","T6",39,"[Coprobacillaceae] (family)",0.0190882539637079,2,"T6"
"treatment","Treatment","T6",39,"[Eubacterium] (genus)",0.0507497814500761,2,"T6"
"treatment","Treatment","T6",39,"Staphylococcus (genus)",0,2,"T6"
"treatment","Treatment","T6",39,"Lactococcus (genus)",0.00612201275129117,2,"T6"
"treatment","Treatment","T6",39,"Akkermansia (genus)",6.18123377426134e-05,2,"T6"
"treatment","Treatment","T6",39,"[Ruminococcus] (genus)",0.0507383926270074,2,"T6"
"treatment","Treatment","T6",39,"Bifidobacterium (genus)",0.0946155857700358,2,"T6"
"treatment","Treatment","T6",39,"Actinomyces (genus)",0.00607157423934285,2,"T6"
"treatment","Treatment","T6",39,"Bacteroides (genus)",0.0461167522001934,2,"T6"
"treatment","Treatment","T6",39,"Ruminococcus (genus)",0.0474152804932307,2,"T6"
"treatment","Treatment","T6",39,"Peptostreptococcaceae (family)",0.00633646359872909,2,"T6"
"treatment","Treatment","T6",39,"Veillonella (genus)",6.93216872898686e-05,2,"T6"
"treatment","Treatment","T6",39,"Clostridiaceae (family)",0.0144563329052811,2,"T6"
"treatment","Treatment","T6",39,"Others",0.170195293414797,2,"T6"
"treatment","Treatment","T6",46,"Streptococcus (genus)",0.191612818145853,1,"T6"
"treatment","Treatment","T6",46,"Listeriaceae (family)",0.000659369642621654,1,"T6"
"treatment","Treatment","T6",46,"Blautia (genus)",0.346300936304893,1,"T6"
"treatment","Treatment","T6",46,"Lactobacillus (genus)",0.00558266297419667,1,"T6"
"treatment","Treatment","T6",46,"Enterobacteriaceae (family)",0.000219789880873885,1,"T6"
"treatment","Treatment","T6",46,"Lachnospiraceae (family)",0.00237373071343795,1,"T6"
"treatment","Treatment","T6",46,"[Coprobacillaceae] (family)",0.0414963295089894,1,"T6"
"treatment","Treatment","T6",46,"[Eubacterium] (genus)",0.198514220405293,1,"T6"
"treatment","Treatment","T6",46,"Staphylococcus (genus)",0.000219789880873885,1,"T6"
"treatment","Treatment","T6",46,"Lactococcus (genus)",8.79159523495538e-05,1,"T6"
"treatment","Treatment","T6",46,"Akkermansia (genus)",0.00202206690403974,1,"T6"
"treatment","Treatment","T6",46,"[Ruminococcus] (genus)",0.0182425601125324,1,"T6"
"treatment","Treatment","T6",46,"Bifidobacterium (genus)",0.00773660380676074,1,"T6"
"treatment","Treatment","T6",46,"Actinomyces (genus)",0.00360455404633171,1,"T6"
"treatment","Treatment","T6",46,"Bacteroides (genus)",0.0323530704646358,1,"T6"
"treatment","Treatment","T6",46,"Ruminococcus (genus)",0.0710800474746143,1,"T6"
"treatment","Treatment","T6",46,"Peptostreptococcaceae (family)",0.00747285594971208,1,"T6"
"treatment","Treatment","T6",46,"Veillonella (genus)",0.00118686535671898,1,"T6"
"treatment","Treatment","T6",46,"Clostridiaceae (family)",0,1,"T6"
"treatment","Treatment","T6",46,"Others",0.0692338124752737,1,"T6"
"treatment","Treatment","T6",60,"Streptococcus (genus)",0.117557583659279,1,"T6"
"treatment","Treatment","T6",60,"Listeriaceae (family)",0.000325945241199478,1,"T6"
"treatment","Treatment","T6",60,"Blautia (genus)",0.213783862088947,1,"T6"
"treatment","Treatment","T6",60,"Lactobacillus (genus)",0.000362161379110532,1,"T6"
"treatment","Treatment","T6",60,"Enterobacteriaceae (family)",7.24322758221063e-05,1,"T6"
"treatment","Treatment","T6",60,"Lachnospiraceae (family)",0.0746052440967695,1,"T6"
"treatment","Treatment","T6",60,"[Coprobacillaceae] (family)",0.121287845864117,1,"T6"
"treatment","Treatment","T6",60,"[Eubacterium] (genus)",0.0371577574967405,1,"T6"
"treatment","Treatment","T6",60,"Staphylococcus (genus)",0,1,"T6"
"treatment","Treatment","T6",60,"Lactococcus (genus)",0,1,"T6"
"treatment","Treatment","T6",60,"Akkermansia (genus)",0,1,"T6"
"treatment","Treatment","T6",60,"[Ruminococcus] (genus)",0.0884035926408808,1,"T6"
"treatment","Treatment","T6",60,"Bifidobacterium (genus)",0,1,"T6"
"treatment","Treatment","T6",60,"Actinomyces (genus)",0.010864841373316,1,"T6"
"treatment","Treatment","T6",60,"Bacteroides (genus)",0.000977835723598436,1,"T6"
"treatment","Treatment","T6",60,"Ruminococcus (genus)",0.000217296827466319,1,"T6"
"treatment","Treatment","T6",60,"Peptostreptococcaceae (family)",0.0164421266116181,1,"T6"
"treatment","Treatment","T6",60,"Veillonella (genus)",0,1,"T6"
"treatment","Treatment","T6",60,"Clostridiaceae (family)",0.000651890482398957,1,"T6"
"treatment","Treatment","T6",60,"Others",0.317289584238737,1,"T6"
"treatment","Treatment","T7",0,"Streptococcus (genus)",0.957210517720072,1,"T7"
"treatment","Treatment","T7",0,"Listeriaceae (family)",0.00146986771190593,1,"T7"
"treatment","Treatment","T7",0,"Blautia (genus)",0,1,"T7"
"treatment","Treatment","T7",0,"Lactobacillus (genus)",0.0226468506723284,1,"T7"
"treatment","Treatment","T7",0,"Enterobacteriaceae (family)",0,1,"T7"
"treatment","Treatment","T7",0,"Lachnospiraceae (family)",0.00326637269312429,1,"T7"
"treatment","Treatment","T7",0,"[Coprobacillaceae] (family)",0.000435516359083238,1,"T7"
"treatment","Treatment","T7",0,"[Eubacterium] (genus)",0.000163318634656214,1,"T7"
"treatment","Treatment","T7",0,"Staphylococcus (genus)",0.000544395448854048,1,"T7"
"treatment","Treatment","T7",0,"Lactococcus (genus)",0.00353857041755131,1,"T7"
"treatment","Treatment","T7",0,"Akkermansia (genus)",0.000489955903968643,1,"T7"
"treatment","Treatment","T7",0,"[Ruminococcus] (genus)",0.00010887908977081,1,"T7"
"treatment","Treatment","T7",0,"Bifidobacterium (genus)",0,1,"T7"
"treatment","Treatment","T7",0,"Actinomyces (genus)",0.000762153628395667,1,"T7"
"treatment","Treatment","T7",0,"Bacteroides (genus)",0,1,"T7"
"treatment","Treatment","T7",0,"Ruminococcus (genus)",0,1,"T7"
"treatment","Treatment","T7",0,"Peptostreptococcaceae (family)",0,1,"T7"
"treatment","Treatment","T7",0,"Veillonella (genus)",0.00642386629647776,1,"T7"
"treatment","Treatment","T7",0,"Clostridiaceae (family)",0.000544395448854048,1,"T7"
"treatment","Treatment","T7",0,"Others",0.00239533997495767,1,"T7"
"treatment","Treatment","T7",1,"Streptococcus (genus)",0.99259505782511,1,"T7"
"treatment","Treatment","T7",1,"Listeriaceae (family)",0.00191363674182544,1,"T7"
"treatment","Treatment","T7",1,"Blautia (genus)",0.000499209584824029,1,"T7"
"treatment","Treatment","T7",1,"Lactobacillus (genus)",0.00149762875447209,1,"T7"
"treatment","Treatment","T7",1,"Enterobacteriaceae (family)",0.000249604792412014,1,"T7"
"treatment","Treatment","T7",1,"Lachnospiraceae (family)",0,1,"T7"
"treatment","Treatment","T7",1,"[Coprobacillaceae] (family)",0.000166403194941343,1,"T7"
"treatment","Treatment","T7",1,"[Eubacterium] (genus)",0,1,"T7"
"treatment","Treatment","T7",1,"Staphylococcus (genus)",0,1,"T7"
"treatment","Treatment","T7",1,"Lactococcus (genus)",0.000332806389882686,1,"T7"
"treatment","Treatment","T7",1,"Akkermansia (genus)",0.000249604792412014,1,"T7"
"treatment","Treatment","T7",1,"[Ruminococcus] (genus)",0,1,"T7"
"treatment","Treatment","T7",1,"Bifidobacterium (genus)",0.000166403194941343,1,"T7"
"treatment","Treatment","T7",1,"Actinomyces (genus)",0.000249604792412014,1,"T7"
"treatment","Treatment","T7",1,"Bacteroides (genus)",0,1,"T7"
"treatment","Treatment","T7",1,"Ruminococcus (genus)",0,1,"T7"
"treatment","Treatment","T7",1,"Peptostreptococcaceae (family)",0,1,"T7"
"treatment","Treatment","T7",1,"Veillonella (genus)",0.000832015974706714,1,"T7"
"treatment","Treatment","T7",1,"Clostridiaceae (family)",0.000166403194941343,1,"T7"
"treatment","Treatment","T7",1,"Others",0.00108162076711882,1,"T7"
"treatment","Treatment","T7",2,"Streptococcus (genus)",0.549985899605189,1,"T7"
"treatment","Treatment","T7",2,"Listeriaceae (family)",0.00754371122391427,1,"T7"
"treatment","Treatment","T7",2,"Blautia (genus)",0.000916525662718556,1,"T7"
"treatment","Treatment","T7",2,"Lactobacillus (genus)",0.00423011844331641,1,"T7"
"treatment","Treatment","T7",2,"Enterobacteriaceae (family)",0.000282007896221094,1,"T7"
"treatment","Treatment","T7",2,"Lachnospiraceae (family)",0.000493513818386915,1,"T7"
"treatment","Treatment","T7",2,"[Coprobacillaceae] (family)",0.000705019740552735,1,"T7"
"treatment","Treatment","T7",2,"[Eubacterium] (genus)",0.000634517766497462,1,"T7"
"treatment","Treatment","T7",2,"Staphylococcus (genus)",0.01804850535815,1,"T7"
"treatment","Treatment","T7",2,"Lactococcus (genus)",0.00359560067681895,1,"T7"
"treatment","Treatment","T7",2,"Akkermansia (genus)",0.00112803158488438,1,"T7"
"treatment","Treatment","T7",2,"[Ruminococcus] (genus)",0.000211505922165821,1,"T7"
"treatment","Treatment","T7",2,"Bifidobacterium (genus)",0.000352509870276368,1,"T7"
"treatment","Treatment","T7",2,"Actinomyces (genus)",0.000352509870276368,1,"T7"
"treatment","Treatment","T7",2,"Bacteroides (genus)",0.00098702763677383,1,"T7"
"treatment","Treatment","T7",2,"Ruminococcus (genus)",0.000211505922165821,1,"T7"
"treatment","Treatment","T7",2,"Peptostreptococcaceae (family)",0.000141003948110547,1,"T7"
"treatment","Treatment","T7",2,"Veillonella (genus)",0.314650310208686,1,"T7"
"treatment","Treatment","T7",2,"Clostridiaceae (family)",0.000423011844331641,1,"T7"
"treatment","Treatment","T7",2,"Others",0.0951071630005639,1,"T7"
"treatment","Treatment","T7",8,"Streptococcus (genus)",0.889065072879185,1,"T7"
"treatment","Treatment","T7",8,"Listeriaceae (family)",0.00201256327376959,1,"T7"
"treatment","Treatment","T7",8,"Blautia (genus)",0.00518387509910349,1,"T7"
"treatment","Treatment","T7",8,"Lactobacillus (genus)",0.0646459718241142,1,"T7"
"treatment","Treatment","T7",8,"Enterobacteriaceae (family)",0.00152466914679515,1,"T7"
"treatment","Treatment","T7",8,"Lachnospiraceae (family)",0.000365920595230835,1,"T7"
"treatment","Treatment","T7",8,"[Coprobacillaceae] (family)",0.00158565591266695,1,"T7"
"treatment","Treatment","T7",8,"[Eubacterium] (genus)",0.00073184119046167,1,"T7"
"treatment","Treatment","T7",8,"Staphylococcus (genus)",0.0111605781545405,1,"T7"
"treatment","Treatment","T7",8,"Lactococcus (genus)",0.00542782216259072,1,"T7"
"treatment","Treatment","T7",8,"Akkermansia (genus)",0.000243947063487223,1,"T7"
"treatment","Treatment","T7",8,"[Ruminococcus] (genus)",0.000792827956333476,1,"T7"
"treatment","Treatment","T7",8,"Bifidobacterium (genus)",0.000182960297615417,1,"T7"
"treatment","Treatment","T7",8,"Actinomyces (genus)",0.000182960297615417,1,"T7"
"treatment","Treatment","T7",8,"Bacteroides (genus)",0.000121973531743612,1,"T7"
"treatment","Treatment","T7",8,"Ruminococcus (genus)",0.00115874855156431,1,"T7"
"treatment","Treatment","T7",8,"Peptostreptococcaceae (family)",0.000121973531743612,1,"T7"
"treatment","Treatment","T7",8,"Veillonella (genus)",0.00548880892846252,1,"T7"
"treatment","Treatment","T7",8,"Clostridiaceae (family)",0.000304933829359029,1,"T7"
"treatment","Treatment","T7",8,"Others",0.00969689577361721,1,"T7"
"treatment","Treatment","T7",9,"Streptococcus (genus)",0.926428338713977,1,"T7"
"treatment","Treatment","T7",9,"Listeriaceae (family)",0.0017474750466487,1,"T7"
"treatment","Treatment","T7",9,"Blautia (genus)",0.00151052927761159,1,"T7"
"treatment","Treatment","T7",9,"Lactobacillus (genus)",0.0373485768444747,1,"T7"
"treatment","Treatment","T7",9,"Enterobacteriaceae (family)",0.000710837307111335,1,"T7"
"treatment","Treatment","T7",9,"Lachnospiraceae (family)",0.000592364422592779,1,"T7"
"treatment","Treatment","T7",9,"[Coprobacillaceae] (family)",0.000533127980333501,1,"T7"
"treatment","Treatment","T7",9,"[Eubacterium] (genus)",0.00056274620146314,1,"T7"
"treatment","Treatment","T7",9,"Staphylococcus (genus)",0.0138317092675414,1,"T7"
"treatment","Treatment","T7",9,"Lactococcus (genus)",0.00690104552320588,1,"T7"
"treatment","Treatment","T7",9,"Akkermansia (genus)",0.000414655095814945,1,"T7"
"treatment","Treatment","T7",9,"[Ruminococcus] (genus)",0.000236945769037112,1,"T7"
"treatment","Treatment","T7",9,"Bifidobacterium (genus)",0.000148091105648195,1,"T7"
"treatment","Treatment","T7",9,"Actinomyces (genus)",8.88546633889169e-05,1,"T7"
"treatment","Treatment","T7",9,"Bacteroides (genus)",0,1,"T7"
"treatment","Treatment","T7",9,"Ruminococcus (genus)",0.000177709326777834,1,"T7"
"treatment","Treatment","T7",9,"Peptostreptococcaceae (family)",0.000473891538074223,1,"T7"
"treatment","Treatment","T7",9,"Veillonella (genus)",0.00156976571987086,1,"T7"
"treatment","Treatment","T7",9,"Clostridiaceae (family)",8.88546633889169e-05,1,"T7"
"treatment","Treatment","T7",9,"Others",0.00663448153303914,1,"T7"
"treatment","Treatment","T7",10,"Streptococcus (genus)",0.801706790271973,2,"T7"
"treatment","Treatment","T7",10,"Listeriaceae (family)",0.000676194519460252,2,"T7"
"treatment","Treatment","T7",10,"Blautia (genus)",0.0119971622801742,2,"T7"
"treatment","Treatment","T7",10,"Lactobacillus (genus)",0.0230717368360833,2,"T7"
"treatment","Treatment","T7",10,"Enterobacteriaceae (family)",0.000360031104475774,2,"T7"
"treatment","Treatment","T7",10,"Lachnospiraceae (family)",0.00503672966106706,2,"T7"
"treatment","Treatment","T7",10,"[Coprobacillaceae] (family)",0.000500704215070651,2,"T7"
"treatment","Treatment","T7",10,"[Eubacterium] (genus)",0.000490697949339006,2,"T7"
"treatment","Treatment","T7",10,"Staphylococcus (genus)",0.0813943179235855,2,"T7"
"treatment","Treatment","T7",10,"Lactococcus (genus)",0.00779672739027373,2,"T7"
"treatment","Treatment","T7",10,"Akkermansia (genus)",0.000223649185826519,2,"T7"
"treatment","Treatment","T7",10,"[Ruminococcus] (genus)",0.00174487723173995,2,"T7"
"treatment","Treatment","T7",10,"Bifidobacterium (genus)",0.000922743093279702,2,"T7"
"treatment","Treatment","T7",10,"Actinomyces (genus)",0.000988066742499109,2,"T7"
"treatment","Treatment","T7",10,"Bacteroides (genus)",0,2,"T7"
"treatment","Treatment","T7",10,"Ruminococcus (genus)",0.00172580092388731,2,"T7"
"treatment","Treatment","T7",10,"Peptostreptococcaceae (family)",0.00834385486453092,2,"T7"
"treatment","Treatment","T7",10,"Veillonella (genus)",0.00455835899006191,2,"T7"
"treatment","Treatment","T7",10,"Clostridiaceae (family)",0.00236624202594218,2,"T7"
"treatment","Treatment","T7",10,"Others",0.0460953147907298,2,"T7"
"treatment","Treatment","T7",11,"Streptococcus (genus)",0.00133641112865994,1,"T7"
"treatment","Treatment","T7",11,"Listeriaceae (family)",0.00135261005143158,1,"T7"
"treatment","Treatment","T7",11,"Blautia (genus)",0.000631757988093792,1,"T7"
"treatment","Treatment","T7",11,"Lactobacillus (genus)",0.000421171992062528,1,"T7"
"treatment","Treatment","T7",11,"Enterobacteriaceae (family)",3.23978455432714e-05,1,"T7"
"treatment","Treatment","T7",11,"Lachnospiraceae (family)",0.000915239136597416,1,"T7"
"treatment","Treatment","T7",11,"[Coprobacillaceae] (family)",0.000121491920787268,1,"T7"
"treatment","Treatment","T7",11,"[Eubacterium] (genus)",0.0002267849188029,1,"T7"
"treatment","Treatment","T7",11,"Staphylococcus (genus)",0.00182237881180901,1,"T7"
"treatment","Treatment","T7",11,"Lactococcus (genus)",0.979613655691897,1,"T7"
"treatment","Treatment","T7",11,"Akkermansia (genus)",0.000202486534645446,1,"T7"
"treatment","Treatment","T7",11,"[Ruminococcus] (genus)",0.000380674685133439,1,"T7"
"treatment","Treatment","T7",11,"Bifidobacterium (genus)",1.61989227716357e-05,1,"T7"
"treatment","Treatment","T7",11,"Actinomyces (genus)",0.00018628761187381,1,"T7"
"treatment","Treatment","T7",11,"Bacteroides (genus)",0.000477868221763253,1,"T7"
"treatment","Treatment","T7",11,"Ruminococcus (genus)",0.000145790304944721,1,"T7"
"treatment","Treatment","T7",11,"Peptostreptococcaceae (family)",0.000340177378204349,1,"T7"
"treatment","Treatment","T7",11,"Veillonella (genus)",8.09946138581784e-05,1,"T7"
"treatment","Treatment","T7",11,"Clostridiaceae (family)",0.00029968007127526,1,"T7"
"treatment","Treatment","T7",11,"Others",0.0113959421698457,1,"T7"
"treatment","Treatment","T7",13,"Streptococcus (genus)",0.00238308935037603,1,"T7"
"treatment","Treatment","T7",13,"Listeriaceae (family)",0.000464238185138188,1,"T7"
"treatment","Treatment","T7",13,"Blautia (genus)",0.0988517842220916,1,"T7"
"treatment","Treatment","T7",13,"Lactobacillus (genus)",9.28476370276376e-05,1,"T7"
"treatment","Treatment","T7",13,"Enterobacteriaceae (family)",0.000247593698740367,1,"T7"
"treatment","Treatment","T7",13,"Lachnospiraceae (family)",0.114604933304447,1,"T7"
"treatment","Treatment","T7",13,"[Coprobacillaceae] (family)",0.00458048342669679,1,"T7"
"treatment","Treatment","T7",13,"[Eubacterium] (genus)",0.000557085822165826,1,"T7"
"treatment","Treatment","T7",13,"Staphylococcus (genus)",0.000804679520906193,1,"T7"
"treatment","Treatment","T7",13,"Lactococcus (genus)",0.0913001764105104,1,"T7"
"treatment","Treatment","T7",13,"Akkermansia (genus)",0.0214168549410418,1,"T7"
"treatment","Treatment","T7",13,"[Ruminococcus] (genus)",0.0172077620624555,1,"T7"
"treatment","Treatment","T7",13,"Bifidobacterium (genus)",0.00569465507102844,1,"T7"
"treatment","Treatment","T7",13,"Actinomyces (genus)",9.28476370276376e-05,1,"T7"
"treatment","Treatment","T7",13,"Bacteroides (genus)",0.204017207762062,1,"T7"
"treatment","Treatment","T7",13,"Ruminococcus (genus)",0.0236142490173625,1,"T7"
"treatment","Treatment","T7",13,"Peptostreptococcaceae (family)",0.00532326452291789,1,"T7"
"treatment","Treatment","T7",13,"Veillonella (genus)",6.18984246850918e-05,1,"T7"
"treatment","Treatment","T7",13,"Clostridiaceae (family)",0.000804679520906193,1,"T7"
"treatment","Treatment","T7",13,"Others",0.407879669462412,1,"T7"
"treatment","Treatment","T7",36,"Streptococcus (genus)",0.0389571169720153,1,"T7"
"treatment","Treatment","T7",36,"Listeriaceae (family)",0.00294443325951278,1,"T7"
"treatment","Treatment","T7",36,"Blautia (genus)",0.13994866116368,1,"T7"
"treatment","Treatment","T7",36,"Lactobacillus (genus)",0.00037749144352728,1,"T7"
"treatment","Treatment","T7",36,"Enterobacteriaceae (family)",0.00100664384940608,1,"T7"
"treatment","Treatment","T7",36,"Lachnospiraceae (family)",0.103080330179183,1,"T7"
"treatment","Treatment","T7",36,"[Coprobacillaceae] (family)",0.00218945037245822,1,"T7"
"treatment","Treatment","T7",36,"[Eubacterium] (genus)",0.0759764445339239,1,"T7"
"treatment","Treatment","T7",36,"Staphylococcus (genus)",0,1,"T7"
"treatment","Treatment","T7",36,"Lactococcus (genus)",0.000327159251056976,1,"T7"
"treatment","Treatment","T7",36,"Akkermansia (genus)",0.00651801892490437,1,"T7"
"treatment","Treatment","T7",36,"[Ruminococcus] (genus)",0.0919569156432454,1,"T7"
"treatment","Treatment","T7",36,"Bifidobacterium (genus)",0.0533269579222871,1,"T7"
"treatment","Treatment","T7",36,"Actinomyces (genus)",0.000603986309643648,1,"T7"
"treatment","Treatment","T7",36,"Bacteroides (genus)",0.0315834507751158,1,"T7"
"treatment","Treatment","T7",36,"Ruminococcus (genus)",0.049828870545601,1,"T7"
"treatment","Treatment","T7",36,"Peptostreptococcaceae (family)",0.0556170726796859,1,"T7"
"treatment","Treatment","T7",36,"Veillonella (genus)",0.000176162673646064,1,"T7"
"treatment","Treatment","T7",36,"Clostridiaceae (family)",0.0031960942218643,1,"T7"
"treatment","Treatment","T7",36,"Others",0.342384739279243,1,"T7"
"treatment","Treatment","T7",39,"Streptococcus (genus)",0.133126114404125,1,"T7"
"treatment","Treatment","T7",39,"Listeriaceae (family)",0.000867428075755385,1,"T7"
"treatment","Treatment","T7",39,"Blautia (genus)",0.136981350296371,1,"T7"
"treatment","Treatment","T7",39,"Lactobacillus (genus)",0.000216857018938846,1,"T7"
"treatment","Treatment","T7",39,"Enterobacteriaceae (family)",0,1,"T7"
"treatment","Treatment","T7",39,"Lachnospiraceae (family)",0.156329815430582,1,"T7"
"treatment","Treatment","T7",39,"[Coprobacillaceae] (family)",0.000722856729796154,1,"T7"
"treatment","Treatment","T7",39,"[Eubacterium] (genus)",0.0105296130306973,1,"T7"
"treatment","Treatment","T7",39,"Staphylococcus (genus)",0,1,"T7"
"treatment","Treatment","T7",39,"Lactococcus (genus)",4.8190448653077e-05,1,"T7"
"treatment","Treatment","T7",39,"Akkermansia (genus)",0,1,"T7"
"treatment","Treatment","T7",39,"[Ruminococcus] (genus)",0.0421425473471158,1,"T7"
"treatment","Treatment","T7",39,"Bifidobacterium (genus)",0.229073297672401,1,"T7"
"treatment","Treatment","T7",39,"Actinomyces (genus)",0.000843332851428847,1,"T7"
"treatment","Treatment","T7",39,"Bacteroides (genus)",0.00048190448653077,1,"T7"
"treatment","Treatment","T7",39,"Ruminococcus (genus)",0.00265047467591923,1,"T7"
"treatment","Treatment","T7",39,"Peptostreptococcaceae (family)",0.0172521806178016,1,"T7"
"treatment","Treatment","T7",39,"Veillonella (genus)",0,1,"T7"
"treatment","Treatment","T7",39,"Clostridiaceae (family)",0.042552166160667,1,"T7"
"treatment","Treatment","T7",39,"Others",0.226181870753217,1,"T7"
"treatment","Treatment","T7",62,"Streptococcus (genus)",0.0820515017781396,1,"T7"
"treatment","Treatment","T7",62,"Listeriaceae (family)",0.000492737478041047,1,"T7"
"treatment","Treatment","T7",62,"Blautia (genus)",0.235892711769999,1,"T7"
"treatment","Treatment","T7",62,"Lactobacillus (genus)",0.000257080423325764,1,"T7"
"treatment","Treatment","T7",62,"Enterobacteriaceae (family)",0.000321350529157205,1,"T7"
"treatment","Treatment","T7",62,"Lachnospiraceae (family)",0.0692831740862933,1,"T7"
"treatment","Treatment","T7",62,"[Coprobacillaceae] (family)",0.0154462487681563,1,"T7"
"treatment","Treatment","T7",62,"[Eubacterium] (genus)",0.00177813959466987,1,"T7"
"treatment","Treatment","T7",62,"Staphylococcus (genus)",0,1,"T7"
"treatment","Treatment","T7",62,"Lactococcus (genus)",0.000128540211662882,1,"T7"
"treatment","Treatment","T7",62,"Akkermansia (genus)",0.0083765371266978,1,"T7"
"treatment","Treatment","T7",62,"[Ruminococcus] (genus)",0.0247868374823257,1,"T7"
"treatment","Treatment","T7",62,"Bifidobacterium (genus)",0.00370624276961309,1,"T7"
"treatment","Treatment","T7",62,"Actinomyces (genus)",0.000257080423325764,1,"T7"
"treatment","Treatment","T7",62,"Bacteroides (genus)",0.00143536569690218,1,"T7"
"treatment","Treatment","T7",62,"Ruminococcus (genus)",0.0470242941000043,1,"T7"
"treatment","Treatment","T7",62,"Peptostreptococcaceae (family)",0.027743262350572,1,"T7"
"treatment","Treatment","T7",62,"Veillonella (genus)",0,1,"T7"
"treatment","Treatment","T7",62,"Clostridiaceae (family)",0.00242084065298428,1,"T7"
"treatment","Treatment","T7",62,"Others",0.47859805475813,1,"T7"
"treatment","Treatment","T8",14,"Streptococcus (genus)",0.711455807802513,1,"T8"
"treatment","Treatment","T8",14,"Listeriaceae (family)",0.182582102711043,1,"T8"
"treatment","Treatment","T8",14,"Blautia (genus)",5.51024906325766e-05,1,"T8"
"treatment","Treatment","T8",14,"Lactobacillus (genus)",0,1,"T8"
"treatment","Treatment","T8",14,"Enterobacteriaceae (family)",5.51024906325766e-05,1,"T8"
"treatment","Treatment","T8",14,"Lachnospiraceae (family)",0.000110204981265153,1,"T8"
"treatment","Treatment","T8",14,"[Coprobacillaceae] (family)",0,1,"T8"
"treatment","Treatment","T8",14,"[Eubacterium] (genus)",0,1,"T8"
"treatment","Treatment","T8",14,"Staphylococcus (genus)",0.000110204981265153,1,"T8"
"treatment","Treatment","T8",14,"Lactococcus (genus)",0.000110204981265153,1,"T8"
"treatment","Treatment","T8",14,"Akkermansia (genus)",0,1,"T8"
"treatment","Treatment","T8",14,"[Ruminococcus] (genus)",0,1,"T8"
"treatment","Treatment","T8",14,"Bifidobacterium (genus)",8.26537359488649e-05,1,"T8"
"treatment","Treatment","T8",14,"Actinomyces (genus)",0.0677485122327529,1,"T8"
"treatment","Treatment","T8",14,"Bacteroides (genus)",8.26537359488649e-05,1,"T8"
"treatment","Treatment","T8",14,"Ruminococcus (genus)",0,1,"T8"
"treatment","Treatment","T8",14,"Peptostreptococcaceae (family)",0,1,"T8"
"treatment","Treatment","T8",14,"Veillonella (genus)",0.00495922415693189,1,"T8"
"treatment","Treatment","T8",14,"Clostridiaceae (family)",0,1,"T8"
"treatment","Treatment","T8",14,"Others",0.0326482256998019,1,"T8"
"treatment","Treatment","T8",15,"Streptococcus (genus)",0.0788666595342534,1,"T8"
"treatment","Treatment","T8",15,"Listeriaceae (family)",0.899254662815164,1,"T8"
"treatment","Treatment","T8",15,"Blautia (genus)",0,1,"T8"
"treatment","Treatment","T8",15,"Lactobacillus (genus)",0,1,"T8"
"treatment","Treatment","T8",15,"Enterobacteriaceae (family)",0,1,"T8"
"treatment","Treatment","T8",15,"Lachnospiraceae (family)",3.56620662601191e-05,1,"T8"
"treatment","Treatment","T8",15,"[Coprobacillaceae] (family)",0,1,"T8"
"treatment","Treatment","T8",15,"[Eubacterium] (genus)",0,1,"T8"
"treatment","Treatment","T8",15,"Staphylococcus (genus)",0,1,"T8"
"treatment","Treatment","T8",15,"Lactococcus (genus)",0,1,"T8"
"treatment","Treatment","T8",15,"Akkermansia (genus)",0,1,"T8"
"treatment","Treatment","T8",15,"[Ruminococcus] (genus)",0,1,"T8"
"treatment","Treatment","T8",15,"Bifidobacterium (genus)",7.13241325202382e-05,1,"T8"
"treatment","Treatment","T8",15,"Actinomyces (genus)",0.015869619485753,1,"T8"
"treatment","Treatment","T8",15,"Bacteroides (genus)",0,1,"T8"
"treatment","Treatment","T8",15,"Ruminococcus (genus)",0,1,"T8"
"treatment","Treatment","T8",15,"Peptostreptococcaceae (family)",0,1,"T8"
"treatment","Treatment","T8",15,"Veillonella (genus)",0.000998537855283335,1,"T8"
"treatment","Treatment","T8",15,"Clostridiaceae (family)",3.56620662601191e-05,1,"T8"
"treatment","Treatment","T8",15,"Others",0.00486787204450612,1,"T8"
"treatment","Treatment","T8",16,"Streptococcus (genus)",0.197290431837426,1,"T8"
"treatment","Treatment","T8",16,"Listeriaceae (family)",0.751058425063506,1,"T8"
"treatment","Treatment","T8",16,"Blautia (genus)",0,1,"T8"
"treatment","Treatment","T8",16,"Lactobacillus (genus)",0,1,"T8"
"treatment","Treatment","T8",16,"Enterobacteriaceae (family)",0,1,"T8"
"treatment","Treatment","T8",16,"Lachnospiraceae (family)",0,1,"T8"
"treatment","Treatment","T8",16,"[Coprobacillaceae] (family)",0,1,"T8"
"treatment","Treatment","T8",16,"[Eubacterium] (genus)",0,1,"T8"
"treatment","Treatment","T8",16,"Staphylococcus (genus)",0,1,"T8"
"treatment","Treatment","T8",16,"Lactococcus (genus)",0.0194750211685013,1,"T8"
"treatment","Treatment","T8",16,"Akkermansia (genus)",0,1,"T8"
"treatment","Treatment","T8",16,"[Ruminococcus] (genus)",0,1,"T8"
"treatment","Treatment","T8",16,"Bifidobacterium (genus)",0,1,"T8"
"treatment","Treatment","T8",16,"Actinomyces (genus)",0.0249788314987299,1,"T8"
"treatment","Treatment","T8",16,"Bacteroides (genus)",0,1,"T8"
"treatment","Treatment","T8",16,"Ruminococcus (genus)",0,1,"T8"
"treatment","Treatment","T8",16,"Peptostreptococcaceae (family)",0,1,"T8"
"treatment","Treatment","T8",16,"Veillonella (genus)",0.00296359017781541,1,"T8"
"treatment","Treatment","T8",16,"Clostridiaceae (family)",0,1,"T8"
"treatment","Treatment","T8",16,"Others",0.00423370025402192,1,"T8"
"treatment","Treatment","T8",17,"Streptococcus (genus)",0.160458510445416,1,"T8"
"treatment","Treatment","T8",17,"Listeriaceae (family)",0.788654082475473,1,"T8"
"treatment","Treatment","T8",17,"Blautia (genus)",0,1,"T8"
"treatment","Treatment","T8",17,"Lactobacillus (genus)",0,1,"T8"
"treatment","Treatment","T8",17,"Enterobacteriaceae (family)",0.000100727250750418,1,"T8"
"treatment","Treatment","T8",17,"Lachnospiraceae (family)",0,1,"T8"
"treatment","Treatment","T8",17,"[Coprobacillaceae] (family)",0,1,"T8"
"treatment","Treatment","T8",17,"[Eubacterium] (genus)",0,1,"T8"
"treatment","Treatment","T8",17,"Staphylococcus (genus)",0,1,"T8"
"treatment","Treatment","T8",17,"Lactococcus (genus)",0.0205080682527851,1,"T8"
"treatment","Treatment","T8",17,"Akkermansia (genus)",0,1,"T8"
"treatment","Treatment","T8",17,"[Ruminococcus] (genus)",0,1,"T8"
"treatment","Treatment","T8",17,"Bifidobacterium (genus)",0,1,"T8"
"treatment","Treatment","T8",17,"Actinomyces (genus)",0.0222607224158424,1,"T8"
"treatment","Treatment","T8",17,"Bacteroides (genus)",8.05818006003344e-05,1,"T8"
"treatment","Treatment","T8",17,"Ruminococcus (genus)",4.02909003001672e-05,1,"T8"
"treatment","Treatment","T8",17,"Peptostreptococcaceae (family)",0,1,"T8"
"treatment","Treatment","T8",17,"Veillonella (genus)",0.000987127057354096,1,"T8"
"treatment","Treatment","T8",17,"Clostridiaceae (family)",0,1,"T8"
"treatment","Treatment","T8",17,"Others",0.00690988940147874,1,"T8"
"treatment","Treatment","T8",18,"Streptococcus (genus)",0.178044721589931,1,"T8"
"treatment","Treatment","T8",18,"Listeriaceae (family)",0.775588668490216,1,"T8"
"treatment","Treatment","T8",18,"Blautia (genus)",0.00128158534019396,1,"T8"
"treatment","Treatment","T8",18,"Lactobacillus (genus)",0,1,"T8"
"treatment","Treatment","T8",18,"Enterobacteriaceae (family)",0.0022953767287056,1,"T8"
"treatment","Treatment","T8",18,"Lachnospiraceae (family)",0.00045907534574112,1,"T8"
"treatment","Treatment","T8",18,"[Coprobacillaceae] (family)",0.00051645976395876,1,"T8"
"treatment","Treatment","T8",18,"[Eubacterium] (genus)",0.00065035673979992,1,"T8"
"treatment","Treatment","T8",18,"Staphylococcus (genus)",0,1,"T8"
"treatment","Treatment","T8",18,"Lactococcus (genus)",0.000956406970294,1,"T8"
"treatment","Treatment","T8",18,"Akkermansia (genus)",0.0003825627881176,1,"T8"
"treatment","Treatment","T8",18,"[Ruminococcus] (genus)",0.00043994720633524,1,"T8"
"treatment","Treatment","T8",18,"Bifidobacterium (genus)",0.00097553510969988,1,"T8"
"treatment","Treatment","T8",18,"Actinomyces (genus)",0.0202949559096387,1,"T8"
"treatment","Treatment","T8",18,"Bacteroides (genus)",0.00011476883643528,1,"T8"
"treatment","Treatment","T8",18,"Ruminococcus (genus)",0.00026779395168232,1,"T8"
"treatment","Treatment","T8",18,"Peptostreptococcaceae (family)",0.00013389697584116,1,"T8"
"treatment","Treatment","T8",18,"Veillonella (genus)",0.00715392413779912,1,"T8"
"treatment","Treatment","T8",18,"Clostridiaceae (family)",7.651255762352e-05,1,"T8"
"treatment","Treatment","T8",18,"Others",0.0103674515579871,1,"T8"
"treatment","Treatment","T8",19,"Streptococcus (genus)",0.139577176631053,1,"T8"
"treatment","Treatment","T8",19,"Listeriaceae (family)",0.799377480896008,1,"T8"
"treatment","Treatment","T8",19,"Blautia (genus)",0.000157378425166559,1,"T8"
"treatment","Treatment","T8",19,"Lactobacillus (genus)",0,1,"T8"
"treatment","Treatment","T8",19,"Enterobacteriaceae (family)",6.99459667406928e-05,1,"T8"
"treatment","Treatment","T8",19,"Lachnospiraceae (family)",0,1,"T8"
"treatment","Treatment","T8",19,"[Coprobacillaceae] (family)",0,1,"T8"
"treatment","Treatment","T8",19,"[Eubacterium] (genus)",5.24594750555196e-05,1,"T8"
"treatment","Treatment","T8",19,"Staphylococcus (genus)",0,1,"T8"
"treatment","Treatment","T8",19,"Lactococcus (genus)",0.016559707625859,1,"T8"
"treatment","Treatment","T8",19,"Akkermansia (genus)",0,1,"T8"
"treatment","Treatment","T8",19,"[Ruminococcus] (genus)",0,1,"T8"
"treatment","Treatment","T8",19,"Bifidobacterium (genus)",3.49729833703464e-05,1,"T8"
"treatment","Treatment","T8",19,"Actinomyces (genus)",0.0238515746585762,1,"T8"
"treatment","Treatment","T8",19,"Bacteroides (genus)",0,1,"T8"
"treatment","Treatment","T8",19,"Ruminococcus (genus)",6.99459667406928e-05,1,"T8"
"treatment","Treatment","T8",19,"Peptostreptococcaceae (family)",0,1,"T8"
"treatment","Treatment","T8",19,"Veillonella (genus)",0.0048262717051078,1,"T8"
"treatment","Treatment","T8",19,"Clostridiaceae (family)",6.99459667406928e-05,1,"T8"
"treatment","Treatment","T8",19,"Others",0.0153531396995821,1,"T8"
"treatment","Treatment","T8",20,"Streptococcus (genus)",0.149588008415147,1,"T8"
"treatment","Treatment","T8",20,"Listeriaceae (family)",0.830732819074334,1,"T8"
"treatment","Treatment","T8",20,"Blautia (genus)",0.000153401122019635,1,"T8"
"treatment","Treatment","T8",20,"Lactobacillus (genus)",0.00256399018232819,1,"T8"
"treatment","Treatment","T8",20,"Enterobacteriaceae (family)",4.38288920056101e-05,1,"T8"
"treatment","Treatment","T8",20,"Lachnospiraceae (family)",0.00021914446002805,1,"T8"
"treatment","Treatment","T8",20,"[Coprobacillaceae] (family)",4.38288920056101e-05,1,"T8"
"treatment","Treatment","T8",20,"[Eubacterium] (genus)",4.38288920056101e-05,1,"T8"
"treatment","Treatment","T8",20,"Staphylococcus (genus)",0,1,"T8"
"treatment","Treatment","T8",20,"Lactococcus (genus)",0.00149018232819074,1,"T8"
"treatment","Treatment","T8",20,"Akkermansia (genus)",0,1,"T8"
"treatment","Treatment","T8",20,"[Ruminococcus] (genus)",4.38288920056101e-05,1,"T8"
"treatment","Treatment","T8",20,"Bifidobacterium (genus)",0,1,"T8"
"treatment","Treatment","T8",20,"Actinomyces (genus)",0.00808643057503506,1,"T8"
"treatment","Treatment","T8",20,"Bacteroides (genus)",4.38288920056101e-05,1,"T8"
"treatment","Treatment","T8",20,"Ruminococcus (genus)",0,1,"T8"
"treatment","Treatment","T8",20,"Peptostreptococcaceae (family)",0,1,"T8"
"treatment","Treatment","T8",20,"Veillonella (genus)",0.000679347826086957,1,"T8"
"treatment","Treatment","T8",20,"Clostridiaceae (family)",4.38288920056101e-05,1,"T8"
"treatment","Treatment","T8",20,"Others",0.00622370266479655,1,"T8"
"treatment","Treatment","T8",21,"Streptococcus (genus)",0.0893907259230695,1,"T8"
"treatment","Treatment","T8",21,"Listeriaceae (family)",0.873204473151451,1,"T8"
"treatment","Treatment","T8",21,"Blautia (genus)",0.000144606189144895,1,"T8"
"treatment","Treatment","T8",21,"Lactobacillus (genus)",0.00134965776535236,1,"T8"
"treatment","Treatment","T8",21,"Enterobacteriaceae (family)",0.000120505157620746,1,"T8"
"treatment","Treatment","T8",21,"Lachnospiraceae (family)",4.82020630482985e-05,1,"T8"
"treatment","Treatment","T8",21,"[Coprobacillaceae] (family)",7.23030945724477e-05,1,"T8"
"treatment","Treatment","T8",21,"[Eubacterium] (genus)",0,1,"T8"
"treatment","Treatment","T8",21,"Staphylococcus (genus)",0.000144606189144895,1,"T8"
"treatment","Treatment","T8",21,"Lactococcus (genus)",0.00421768051672612,1,"T8"
"treatment","Treatment","T8",21,"Akkermansia (genus)",0,1,"T8"
"treatment","Treatment","T8",21,"[Ruminococcus] (genus)",0,1,"T8"
"treatment","Treatment","T8",21,"Bifidobacterium (genus)",0,1,"T8"
"treatment","Treatment","T8",21,"Actinomyces (genus)",0.0180516726115878,1,"T8"
"treatment","Treatment","T8",21,"Bacteroides (genus)",0,1,"T8"
"treatment","Treatment","T8",21,"Ruminococcus (genus)",0,1,"T8"
"treatment","Treatment","T8",21,"Peptostreptococcaceae (family)",0,1,"T8"
"treatment","Treatment","T8",21,"Veillonella (genus)",0.000698929914200328,1,"T8"
"treatment","Treatment","T8",21,"Clostridiaceae (family)",0,1,"T8"
"treatment","Treatment","T8",21,"Others",0.0125566374240818,1,"T8"
"treatment","Treatment","T8",24,"Streptococcus (genus)",0.0941602213865039,1,"T8"
"treatment","Treatment","T8",24,"Listeriaceae (family)",0.844532746753707,1,"T8"
"treatment","Treatment","T8",24,"Blautia (genus)",0.000662267319473024,1,"T8"
"treatment","Treatment","T8",24,"Lactobacillus (genus)",0.000898791362141962,1,"T8"
"treatment","Treatment","T8",24,"Enterobacteriaceae (family)",0.000260176446935831,1,"T8"
"treatment","Treatment","T8",24,"Lachnospiraceae (family)",0.000141914425601362,1,"T8"
"treatment","Treatment","T8",24,"[Coprobacillaceae] (family)",0.000165566829868256,1,"T8"
"treatment","Treatment","T8",24,"[Eubacterium] (genus)",0,1,"T8"
"treatment","Treatment","T8",24,"Staphylococcus (genus)",4.73048085337875e-05,1,"T8"
"treatment","Treatment","T8",24,"Lactococcus (genus)",0.000165566829868256,1,"T8"
"treatment","Treatment","T8",24,"Akkermansia (genus)",0,1,"T8"
"treatment","Treatment","T8",24,"[Ruminococcus] (genus)",0.000212871638402044,1,"T8"
"treatment","Treatment","T8",24,"Bifidobacterium (genus)",0.000236524042668937,1,"T8"
"treatment","Treatment","T8",24,"Actinomyces (genus)",0.0370396650819556,1,"T8"
"treatment","Treatment","T8",24,"Bacteroides (genus)",0,1,"T8"
"treatment","Treatment","T8",24,"Ruminococcus (genus)",7.09572128006812e-05,1,"T8"
"treatment","Treatment","T8",24,"Peptostreptococcaceae (family)",0.000118262021334469,1,"T8"
"treatment","Treatment","T8",24,"Veillonella (genus)",0.000709572128006812,1,"T8"
"treatment","Treatment","T8",24,"Clostridiaceae (family)",7.09572128006812e-05,1,"T8"
"treatment","Treatment","T8",24,"Others",0.0205066344993968,1,"T8"
"treatment","Treatment","T8",26,"Streptococcus (genus)",0.12054923407133,1,"T8"
"treatment","Treatment","T8",26,"Listeriaceae (family)",0.858898591632119,1,"T8"
"treatment","Treatment","T8",26,"Blautia (genus)",0,1,"T8"
"treatment","Treatment","T8",26,"Lactobacillus (genus)",0,1,"T8"
"treatment","Treatment","T8",26,"Enterobacteriaceae (family)",5.8804504425039e-05,1,"T8"
"treatment","Treatment","T8",26,"Lachnospiraceae (family)",0,1,"T8"
"treatment","Treatment","T8",26,"[Coprobacillaceae] (family)",0,1,"T8"
"treatment","Treatment","T8",26,"[Eubacterium] (genus)",0,1,"T8"
"treatment","Treatment","T8",26,"Staphylococcus (genus)",0,1,"T8"
"treatment","Treatment","T8",26,"Lactococcus (genus)",0.000441033783187792,1,"T8"
"treatment","Treatment","T8",26,"Akkermansia (genus)",0,1,"T8"
"treatment","Treatment","T8",26,"[Ruminococcus] (genus)",0,1,"T8"
"treatment","Treatment","T8",26,"Bifidobacterium (genus)",0,1,"T8"
"treatment","Treatment","T8",26,"Actinomyces (genus)",0.0147011261062597,1,"T8"
"treatment","Treatment","T8",26,"Bacteroides (genus)",0,1,"T8"
"treatment","Treatment","T8",26,"Ruminococcus (genus)",0,1,"T8"
"treatment","Treatment","T8",26,"Peptostreptococcaceae (family)",0,1,"T8"
"treatment","Treatment","T8",26,"Veillonella (genus)",0.000205815765487636,1,"T8"
"treatment","Treatment","T8",26,"Clostridiaceae (family)",0,1,"T8"
"treatment","Treatment","T8",26,"Others",0.00514539413719084,1,"T8"
"treatment","Treatment","T8",29,"Streptococcus (genus)",0.0686621315192744,1,"T8"
"treatment","Treatment","T8",29,"Listeriaceae (family)",0.88671201814059,1,"T8"
"treatment","Treatment","T8",29,"Blautia (genus)",0,1,"T8"
"treatment","Treatment","T8",29,"Lactobacillus (genus)",0.00616780045351474,1,"T8"
"treatment","Treatment","T8",29,"Enterobacteriaceae (family)",0,1,"T8"
"treatment","Treatment","T8",29,"Lachnospiraceae (family)",0.00072562358276644,1,"T8"
"treatment","Treatment","T8",29,"[Coprobacillaceae] (family)",0.00018140589569161,1,"T8"
"treatment","Treatment","T8",29,"[Eubacterium] (genus)",0,1,"T8"
"treatment","Treatment","T8",29,"Staphylococcus (genus)",0,1,"T8"
"treatment","Treatment","T8",29,"Lactococcus (genus)",0.000634920634920635,1,"T8"
"treatment","Treatment","T8",29,"Akkermansia (genus)",0,1,"T8"
"treatment","Treatment","T8",29,"[Ruminococcus] (genus)",0.00018140589569161,1,"T8"
"treatment","Treatment","T8",29,"Bifidobacterium (genus)",0,1,"T8"
"treatment","Treatment","T8",29,"Actinomyces (genus)",0.0282086167800454,1,"T8"
"treatment","Treatment","T8",29,"Bacteroides (genus)",0,1,"T8"
"treatment","Treatment","T8",29,"Ruminococcus (genus)",0.00018140589569161,1,"T8"
"treatment","Treatment","T8",29,"Peptostreptococcaceae (family)",0,1,"T8"
"treatment","Treatment","T8",29,"Veillonella (genus)",0.00272108843537415,1,"T8"
"treatment","Treatment","T8",29,"Clostridiaceae (family)",0.000634920634920635,1,"T8"
"treatment","Treatment","T8",29,"Others",0.00498866213151938,1,"T8"
"treatment","Treatment","T8",30,"Streptococcus (genus)",0.0158452998358135,1,"T8"
"treatment","Treatment","T8",30,"Listeriaceae (family)",0.96354017356858,1,"T8"
"treatment","Treatment","T8",30,"Blautia (genus)",0,1,"T8"
"treatment","Treatment","T8",30,"Lactobacillus (genus)",0,1,"T8"
"treatment","Treatment","T8",30,"Enterobacteriaceae (family)",0,1,"T8"
"treatment","Treatment","T8",30,"Lachnospiraceae (family)",0,1,"T8"
"treatment","Treatment","T8",30,"[Coprobacillaceae] (family)",0,1,"T8"
"treatment","Treatment","T8",30,"[Eubacterium] (genus)",0,1,"T8"
"treatment","Treatment","T8",30,"Staphylococcus (genus)",5.21226968283339e-05,1,"T8"
"treatment","Treatment","T8",30,"Lactococcus (genus)",0.00106851528498084,1,"T8"
"treatment","Treatment","T8",30,"Akkermansia (genus)",0,1,"T8"
"treatment","Treatment","T8",30,"[Ruminococcus] (genus)",0,1,"T8"
"treatment","Treatment","T8",30,"Bifidobacterium (genus)",0,1,"T8"
"treatment","Treatment","T8",30,"Actinomyces (genus)",0.017956269057361,1,"T8"
"treatment","Treatment","T8",30,"Bacteroides (genus)",0,1,"T8"
"treatment","Treatment","T8",30,"Ruminococcus (genus)",0,1,"T8"
"treatment","Treatment","T8",30,"Peptostreptococcaceae (family)",0,1,"T8"
"treatment","Treatment","T8",30,"Veillonella (genus)",0.000625472361940007,1,"T8"
"treatment","Treatment","T8",30,"Clostridiaceae (family)",0,1,"T8"
"treatment","Treatment","T8",30,"Others",0.000912147194495838,1,"T8"
"treatment","Treatment","T8",31,"Streptococcus (genus)",0.0486745377589664,1,"T8"
"treatment","Treatment","T8",31,"Listeriaceae (family)",0.896302071730898,1,"T8"
"treatment","Treatment","T8",31,"Blautia (genus)",0.000445533526397861,1,"T8"
"treatment","Treatment","T8",31,"Lactobacillus (genus)",0,1,"T8"
"treatment","Treatment","T8",31,"Enterobacteriaceae (family)",0.000668300289596792,1,"T8"
"treatment","Treatment","T8",31,"Lachnospiraceae (family)",0,1,"T8"
"treatment","Treatment","T8",31,"[Coprobacillaceae] (family)",0.000445533526397861,1,"T8"
"treatment","Treatment","T8",31,"[Eubacterium] (genus)",0,1,"T8"
"treatment","Treatment","T8",31,"Staphylococcus (genus)",0,1,"T8"
"treatment","Treatment","T8",31,"Lactococcus (genus)",0,1,"T8"
"treatment","Treatment","T8",31,"Akkermansia (genus)",0.000222766763198931,1,"T8"
"treatment","Treatment","T8",31,"[Ruminococcus] (genus)",0.000668300289596792,1,"T8"
"treatment","Treatment","T8",31,"Bifidobacterium (genus)",0.000556916907997327,1,"T8"
"treatment","Treatment","T8",31,"Actinomyces (genus)",0.0467810202717754,1,"T8"
"treatment","Treatment","T8",31,"Bacteroides (genus)",0,1,"T8"
"treatment","Treatment","T8",31,"Ruminococcus (genus)",0,1,"T8"
"treatment","Treatment","T8",31,"Peptostreptococcaceae (family)",0.000445533526397861,1,"T8"
"treatment","Treatment","T8",31,"Veillonella (genus)",0.00133660057919358,1,"T8"
"treatment","Treatment","T8",31,"Clostridiaceae (family)",0.000222766763198931,1,"T8"
"treatment","Treatment","T8",31,"Others",0.00323011806638474,1,"T8"
"treatment","Treatment","T8",44,"Streptococcus (genus)",0.0283127037279088,2,"T8"
"treatment","Treatment","T8",44,"Listeriaceae (family)",0.0265104330628509,2,"T8"
"treatment","Treatment","T8",44,"Blautia (genus)",0.209965591024952,2,"T8"
"treatment","Treatment","T8",44,"Lactobacillus (genus)",1.83237439073552e-05,2,"T8"
"treatment","Treatment","T8",44,"Enterobacteriaceae (family)",0.0352182357899366,2,"T8"
"treatment","Treatment","T8",44,"Lachnospiraceae (family)",0.126497665508389,2,"T8"
"treatment","Treatment","T8",44,"[Coprobacillaceae] (family)",0.00341014069535716,2,"T8"
"treatment","Treatment","T8",44,"[Eubacterium] (genus)",0.0126487462827103,2,"T8"
"treatment","Treatment","T8",44,"Staphylococcus (genus)",0,2,"T8"
"treatment","Treatment","T8",44,"Lactococcus (genus)",0.000700569999217267,2,"T8"
"treatment","Treatment","T8",44,"Akkermansia (genus)",0.00575861737385748,2,"T8"
"treatment","Treatment","T8",44,"[Ruminococcus] (genus)",0.0321444032760219,2,"T8"
"treatment","Treatment","T8",44,"Bifidobacterium (genus)",0.0979889161995058,2,"T8"
"treatment","Treatment","T8",44,"Actinomyces (genus)",0.00112786114030822,2,"T8"
"treatment","Treatment","T8",44,"Bacteroides (genus)",0.16296925297111,2,"T8"
"treatment","Treatment","T8",44,"Ruminococcus (genus)",0.0744358299749537,2,"T8"
"treatment","Treatment","T8",44,"Peptostreptococcaceae (family)",0.00469818362937954,2,"T8"
"treatment","Treatment","T8",44,"Veillonella (genus)",0.00261697853801989,2,"T8"
"treatment","Treatment","T8",44,"Clostridiaceae (family)",0.00327078828746289,2,"T8"
"treatment","Treatment","T8",44,"Others",0.171706758774151,2,"T8"
"treatment","Treatment","T8",49,"Streptococcus (genus)",0.0165036097429323,1,"T8"
"treatment","Treatment","T8",49,"Listeriaceae (family)",0.00547871263747385,1,"T8"
"treatment","Treatment","T8",49,"Blautia (genus)",0.0188057485999595,1,"T8"
"treatment","Treatment","T8",49,"Lactobacillus (genus)",6.20740840699008e-05,1,"T8"
"treatment","Treatment","T8",49,"Enterobacteriaceae (family)",0.0413683287227582,1,"T8"
"treatment","Treatment","T8",49,"Lachnospiraceae (family)",0.0239174144794548,1,"T8"
"treatment","Treatment","T8",49,"[Coprobacillaceae] (family)",0.0099912286620336,1,"T8"
"treatment","Treatment","T8",49,"[Eubacterium] (genus)",0.0528601308953512,1,"T8"
"treatment","Treatment","T8",49,"Staphylococcus (genus)",1.07954928817219e-05,1,"T8"
"treatment","Treatment","T8",49,"Lactococcus (genus)",0.00011335267525808,1,"T8"
"treatment","Treatment","T8",49,"Akkermansia (genus)",0.000661223939005465,1,"T8"
"treatment","Treatment","T8",49,"[Ruminococcus] (genus)",0.324836380811011,1,"T8"
"treatment","Treatment","T8",49,"Bifidobacterium (genus)",0.018087848323325,1,"T8"
"treatment","Treatment","T8",49,"Actinomyces (genus)",0.00170568787531206,1,"T8"
"treatment","Treatment","T8",49,"Bacteroides (genus)",0.353970717225558,1,"T8"
"treatment","Treatment","T8",49,"Ruminococcus (genus)",0.00151406787666149,1,"T8"
"treatment","Treatment","T8",49,"Peptostreptococcaceae (family)",0.0329775318804399,1,"T8"
"treatment","Treatment","T8",49,"Veillonella (genus)",0.000207813237973146,1,"T8"
"treatment","Treatment","T8",49,"Clostridiaceae (family)",0.00924364077997436,1,"T8"
"treatment","Treatment","T8",49,"Others",0.0876836920585655,1,"T8"
"treatment","Treatment","T8",82,"Streptococcus (genus)",0.0834611301167866,1,"T8"
"treatment","Treatment","T8",82,"Listeriaceae (family)",0,1,"T8"
"treatment","Treatment","T8",82,"Blautia (genus)",0.0710156895127993,1,"T8"
"treatment","Treatment","T8",82,"Lactobacillus (genus)",0,1,"T8"
"treatment","Treatment","T8",82,"Enterobacteriaceae (family)",0.00235932523298337,1,"T8"
"treatment","Treatment","T8",82,"Lachnospiraceae (family)",0.0233573198065353,1,"T8"
"treatment","Treatment","T8",82,"[Coprobacillaceae] (family)",0.0244779992922024,1,"T8"
"treatment","Treatment","T8",82,"[Eubacterium] (genus)",0.0123864574731627,1,"T8"
"treatment","Treatment","T8",82,"Staphylococcus (genus)",0,1,"T8"
"treatment","Treatment","T8",82,"Lactococcus (genus)",0.000117966261649168,1,"T8"
"treatment","Treatment","T8",82,"Akkermansia (genus)",0.000176949392473753,1,"T8"
"treatment","Treatment","T8",82,"[Ruminococcus] (genus)",0.219476229798278,1,"T8"
"treatment","Treatment","T8",82,"Bifidobacterium (genus)",0.0346230977940309,1,"T8"
"treatment","Treatment","T8",82,"Actinomyces (genus)",0.00365695411112422,1,"T8"
"treatment","Treatment","T8",82,"Bacteroides (genus)",0.394420195823994,1,"T8"
"treatment","Treatment","T8",82,"Ruminococcus (genus)",0.00277220714875546,1,"T8"
"treatment","Treatment","T8",82,"Peptostreptococcaceae (family)",0.00135661200896544,1,"T8"
"treatment","Treatment","T8",82,"Veillonella (genus)",0.0275451220950808,1,"T8"
"treatment","Treatment","T8",82,"Clostridiaceae (family)",0,1,"T8"
"treatment","Treatment","T8",82,"Others",0.0987967441311786,1,"T8"
"treatment","Treatment","T8",83,"Streptococcus (genus)",0.00687035692342066,1,"T8"
"treatment","Treatment","T8",83,"Listeriaceae (family)",0.687761827626655,1,"T8"
"treatment","Treatment","T8",83,"Blautia (genus)",0,1,"T8"
"treatment","Treatment","T8",83,"Lactobacillus (genus)",0.000614422163883148,1,"T8"
"treatment","Treatment","T8",83,"Enterobacteriaceae (family)",0.000335139362118081,1,"T8"
"treatment","Treatment","T8",83,"Lachnospiraceae (family)",0.0296039769870971,1,"T8"
"treatment","Treatment","T8",83,"[Coprobacillaceae] (family)",0.000335139362118081,1,"T8"
"treatment","Treatment","T8",83,"[Eubacterium] (genus)",0.000111713120706027,1,"T8"
"treatment","Treatment","T8",83,"Staphylococcus (genus)",0,1,"T8"
"treatment","Treatment","T8",83,"Lactococcus (genus)",0,1,"T8"
"treatment","Treatment","T8",83,"Akkermansia (genus)",0.000223426241412054,1,"T8"
"treatment","Treatment","T8",83,"[Ruminococcus] (genus)",0.00441266826788806,1,"T8"
"treatment","Treatment","T8",83,"Bifidobacterium (genus)",0.000279282801765067,1,"T8"
"treatment","Treatment","T8",83,"Actinomyces (genus)",0.00731720940624476,1,"T8"
"treatment","Treatment","T8",83,"Bacteroides (genus)",0.00016756968105904,1,"T8"
"treatment","Treatment","T8",83,"Ruminococcus (genus)",0.000335139362118081,1,"T8"
"treatment","Treatment","T8",83,"Peptostreptococcaceae (family)",0.00016756968105904,1,"T8"
"treatment","Treatment","T8",83,"Veillonella (genus)",0.117466346422387,1,"T8"
"treatment","Treatment","T8",83,"Clostridiaceae (family)",0.0222309110204994,1,"T8"
"treatment","Treatment","T8",83,"Others",0.12176730156957,1,"T8"
"treatment","Treatment","T8",86,"Streptococcus (genus)",0.429723124065225,1,"T8"
"treatment","Treatment","T8",86,"Listeriaceae (family)",0.152774231204173,1,"T8"
"treatment","Treatment","T8",86,"Blautia (genus)",0.000145916171159669,1,"T8"
"treatment","Treatment","T8",86,"Lactobacillus (genus)",0,1,"T8"
"treatment","Treatment","T8",86,"Enterobacteriaceae (family)",0.099989056287163,1,"T8"
"treatment","Treatment","T8",86,"Lachnospiraceae (family)",0.000182395213949586,1,"T8"
"treatment","Treatment","T8",86,"[Coprobacillaceae] (family)",0,1,"T8"
"treatment","Treatment","T8",86,"[Eubacterium] (genus)",0.000109437128369752,1,"T8"
"treatment","Treatment","T8",86,"Staphylococcus (genus)",0.00295480246598329,1,"T8"
"treatment","Treatment","T8",86,"Lactococcus (genus)",0.00226170065297487,1,"T8"
"treatment","Treatment","T8",86,"Akkermansia (genus)",0,1,"T8"
"treatment","Treatment","T8",86,"[Ruminococcus] (genus)",7.29580855798344e-05,1,"T8"
"treatment","Treatment","T8",86,"Bifidobacterium (genus)",0.000109437128369752,1,"T8"
"treatment","Treatment","T8",86,"Actinomyces (genus)",0.00404917374968081,1,"T8"
"treatment","Treatment","T8",86,"Bacteroides (genus)",0.000145916171159669,1,"T8"
"treatment","Treatment","T8",86,"Ruminococcus (genus)",0,1,"T8"
"treatment","Treatment","T8",86,"Peptostreptococcaceae (family)",0.00025535329952942,1,"T8"
"treatment","Treatment","T8",86,"Veillonella (genus)",0.262028964359975,1,"T8"
"treatment","Treatment","T8",86,"Clostridiaceae (family)",0.0188961441651771,1,"T8"
"treatment","Treatment","T8",86,"Others",0.0263013898515303,1,"T8"
"treatment","Treatment","T9",2,"Streptococcus (genus)",0.205496734613101,1,"T9"
"treatment","Treatment","T9",2,"Listeriaceae (family)",0.000445280031664358,1,"T9"
"treatment","Treatment","T9",2,"Blautia (genus)",0.0233772016623788,1,"T9"
"treatment","Treatment","T9",2,"Lactobacillus (genus)",0.069414209380566,1,"T9"
"treatment","Treatment","T9",2,"Enterobacteriaceae (family)",0.0159063922422323,1,"T9"
"treatment","Treatment","T9",2,"Lachnospiraceae (family)",0.0264199485454186,1,"T9"
"treatment","Treatment","T9",2,"[Coprobacillaceae] (family)",0.380071244805066,1,"T9"
"treatment","Treatment","T9",2,"[Eubacterium] (genus)",0,1,"T9"
"treatment","Treatment","T9",2,"Staphylococcus (genus)",0,1,"T9"
"treatment","Treatment","T9",2,"Lactococcus (genus)",0.000816346724717989,1,"T9"
"treatment","Treatment","T9",2,"Akkermansia (genus)",0.0446516920641203,1,"T9"
"treatment","Treatment","T9",2,"[Ruminococcus] (genus)",0.0158816544626954,1,"T9"
"treatment","Treatment","T9",2,"Bifidobacterium (genus)",0.0306995844053038,1,"T9"
"treatment","Treatment","T9",2,"Actinomyces (genus)",0.0775282010686721,1,"T9"
"treatment","Treatment","T9",2,"Bacteroides (genus)",0.00106372452008708,1,"T9"
"treatment","Treatment","T9",2,"Ruminococcus (genus)",0.00425489808034831,1,"T9"
"treatment","Treatment","T9",2,"Peptostreptococcaceae (family)",0.000371066693053631,1,"T9"
"treatment","Treatment","T9",2,"Veillonella (genus)",0.00289432020581833,1,"T9"
"treatment","Treatment","T9",2,"Clostridiaceae (family)",0.00405699584405304,1,"T9"
"treatment","Treatment","T9",2,"Others",0.0966505046507026,1,"T9"
"treatment","Treatment","T9",3,"Streptococcus (genus)",0.836711736073553,1,"T9"
"treatment","Treatment","T9",3,"Listeriaceae (family)",0.000800432666306111,1,"T9"
"treatment","Treatment","T9",3,"Blautia (genus)",0.00244456462952948,1,"T9"
"treatment","Treatment","T9",3,"Lactobacillus (genus)",0.0058842617631152,1,"T9"
"treatment","Treatment","T9",3,"Enterobacteriaceae (family)",0.00101676581936182,1,"T9"
"treatment","Treatment","T9",3,"Lachnospiraceae (family)",0.00356949702541915,1,"T9"
"treatment","Treatment","T9",3,"[Coprobacillaceae] (family)",0.0697674418604651,1,"T9"
"treatment","Treatment","T9",3,"[Eubacterium] (genus)",0,1,"T9"
"treatment","Treatment","T9",3,"Staphylococcus (genus)",0,1,"T9"
"treatment","Treatment","T9",3,"Lactococcus (genus)",0.000346133044889129,1,"T9"
"treatment","Treatment","T9",3,"Akkermansia (genus)",0.0194916170903191,1,"T9"
"treatment","Treatment","T9",3,"[Ruminococcus] (genus)",0.00196863169280692,1,"T9"
"treatment","Treatment","T9",3,"Bifidobacterium (genus)",0.00112493239588967,1,"T9"
"treatment","Treatment","T9",3,"Actinomyces (genus)",0.0172850189291509,1,"T9"
"treatment","Treatment","T9",3,"Bacteroides (genus)",0,1,"T9"
"treatment","Treatment","T9",3,"Ruminococcus (genus)",0.000108166576527853,1,"T9"
"treatment","Treatment","T9",3,"Peptostreptococcaceae (family)",6.48999459167117e-05,1,"T9"
"treatment","Treatment","T9",3,"Veillonella (genus)",0.00458626284478096,1,"T9"
"treatment","Treatment","T9",3,"Clostridiaceae (family)",0.00744186046511628,1,"T9"
"treatment","Treatment","T9",3,"Others",0.0273877771768521,1,"T9"
"treatment","Treatment","T9",4,"Streptococcus (genus)",0.971321804119232,1,"T9"
"treatment","Treatment","T9",4,"Listeriaceae (family)",0.000564873555227253,1,"T9"
"treatment","Treatment","T9",4,"Blautia (genus)",4.34518119405579e-05,1,"T9"
"treatment","Treatment","T9",4,"Lactobacillus (genus)",0.00968975406274442,1,"T9"
"treatment","Treatment","T9",4,"Enterobacteriaceae (family)",4.34518119405579e-05,1,"T9"
"treatment","Treatment","T9",4,"Lachnospiraceae (family)",0.000391066307465021,1,"T9"
"treatment","Treatment","T9",4,"[Coprobacillaceae] (family)",0,1,"T9"
"treatment","Treatment","T9",4,"[Eubacterium] (genus)",0,1,"T9"
"treatment","Treatment","T9",4,"Staphylococcus (genus)",0,1,"T9"
"treatment","Treatment","T9",4,"Lactococcus (genus)",0.00508386199704528,1,"T9"
"treatment","Treatment","T9",4,"Akkermansia (genus)",0,1,"T9"
"treatment","Treatment","T9",4,"[Ruminococcus] (genus)",0.000325888589554184,1,"T9"
"treatment","Treatment","T9",4,"Bifidobacterium (genus)",0,1,"T9"
"treatment","Treatment","T9",4,"Actinomyces (genus)",0.00719127487616234,1,"T9"
"treatment","Treatment","T9",4,"Bacteroides (genus)",0,1,"T9"
"treatment","Treatment","T9",4,"Ruminococcus (genus)",0,1,"T9"
"treatment","Treatment","T9",4,"Peptostreptococcaceae (family)",0,1,"T9"
"treatment","Treatment","T9",4,"Veillonella (genus)",0.00145563570000869,1,"T9"
"treatment","Treatment","T9",4,"Clostridiaceae (family)",0.000304162683583905,1,"T9"
"treatment","Treatment","T9",4,"Others",0.00358477448509609,1,"T9"
"treatment","Treatment","T9",5,"Streptococcus (genus)",0.877025334746171,1,"T9"
"treatment","Treatment","T9",5,"Listeriaceae (family)",0.000481649166746942,1,"T9"
"treatment","Treatment","T9",5,"Blautia (genus)",3.85319333397553e-05,1,"T9"
"treatment","Treatment","T9",5,"Lactobacillus (genus)",0.00123302186687217,1,"T9"
"treatment","Treatment","T9",5,"Enterobacteriaceae (family)",3.85319333397553e-05,1,"T9"
"treatment","Treatment","T9",5,"Lachnospiraceae (family)",0.000134861766689144,1,"T9"
"treatment","Treatment","T9",5,"[Coprobacillaceae] (family)",0,1,"T9"
"treatment","Treatment","T9",5,"[Eubacterium] (genus)",0,1,"T9"
"treatment","Treatment","T9",5,"Staphylococcus (genus)",0,1,"T9"
"treatment","Treatment","T9",5,"Lactococcus (genus)",0.00273576726712263,1,"T9"
"treatment","Treatment","T9",5,"Akkermansia (genus)",0,1,"T9"
"treatment","Treatment","T9",5,"[Ruminococcus] (genus)",5.7797900009633e-05,1,"T9"
"treatment","Treatment","T9",5,"Bifidobacterium (genus)",0,1,"T9"
"treatment","Treatment","T9",5,"Actinomyces (genus)",0.00140641556690107,1,"T9"
"treatment","Treatment","T9",5,"Bacteroides (genus)",0,1,"T9"
"treatment","Treatment","T9",5,"Ruminococcus (genus)",0,1,"T9"
"treatment","Treatment","T9",5,"Peptostreptococcaceae (family)",0,1,"T9"
"treatment","Treatment","T9",5,"Veillonella (genus)",0.00367979963394663,1,"T9"
"treatment","Treatment","T9",5,"Clostridiaceae (family)",0.000809170600134862,1,"T9"
"treatment","Treatment","T9",5,"Others",0.112359117618727,1,"T9"
"treatment","Treatment","T9",8,"Streptococcus (genus)",0.980681818181818,1,"T9"
"treatment","Treatment","T9",8,"Listeriaceae (family)",0.00278925619834711,1,"T9"
"treatment","Treatment","T9",8,"Blautia (genus)",0,1,"T9"
"treatment","Treatment","T9",8,"Lactobacillus (genus)",0.00144628099173554,1,"T9"
"treatment","Treatment","T9",8,"Enterobacteriaceae (family)",0,1,"T9"
"treatment","Treatment","T9",8,"Lachnospiraceae (family)",0.000413223140495868,1,"T9"
"treatment","Treatment","T9",8,"[Coprobacillaceae] (family)",0.000413223140495868,1,"T9"
"treatment","Treatment","T9",8,"[Eubacterium] (genus)",0,1,"T9"
"treatment","Treatment","T9",8,"Staphylococcus (genus)",0,1,"T9"
"treatment","Treatment","T9",8,"Lactococcus (genus)",0,1,"T9"
"treatment","Treatment","T9",8,"Akkermansia (genus)",0,1,"T9"
"treatment","Treatment","T9",8,"[Ruminococcus] (genus)",0,1,"T9"
"treatment","Treatment","T9",8,"Bifidobacterium (genus)",0,1,"T9"
"treatment","Treatment","T9",8,"Actinomyces (genus)",0,1,"T9"
"treatment","Treatment","T9",8,"Bacteroides (genus)",0,1,"T9"
"treatment","Treatment","T9",8,"Ruminococcus (genus)",0,1,"T9"
"treatment","Treatment","T9",8,"Peptostreptococcaceae (family)",0,1,"T9"
"treatment","Treatment","T9",8,"Veillonella (genus)",0.00981404958677686,1,"T9"
"treatment","Treatment","T9",8,"Clostridiaceae (family)",0.000309917355371901,1,"T9"
"treatment","Treatment","T9",8,"Others",0.00413223140495866,1,"T9"
"treatment","Treatment","T9",9,"Streptococcus (genus)",0.991863933981636,1,"T9"
"treatment","Treatment","T9",9,"Listeriaceae (family)",0.00211150284762311,1,"T9"
"treatment","Treatment","T9",9,"Blautia (genus)",0.000174344271822091,1,"T9"
"treatment","Treatment","T9",9,"Lactobacillus (genus)",0.00280887993491147,1,"T9"
"treatment","Treatment","T9",9,"Enterobacteriaceae (family)",0.000387431715160203,1,"T9"
"treatment","Treatment","T9",9,"Lachnospiraceae (family)",3.87431715160203e-05,1,"T9"
"treatment","Treatment","T9",9,"[Coprobacillaceae] (family)",5.81147572740304e-05,1,"T9"
"treatment","Treatment","T9",9,"[Eubacterium] (genus)",0,1,"T9"
"treatment","Treatment","T9",9,"Staphylococcus (genus)",0,1,"T9"
"treatment","Treatment","T9",9,"Lactococcus (genus)",0.000871721359110457,1,"T9"
"treatment","Treatment","T9",9,"Akkermansia (genus)",0,1,"T9"
"treatment","Treatment","T9",9,"[Ruminococcus] (genus)",0,1,"T9"
"treatment","Treatment","T9",9,"Bifidobacterium (genus)",3.87431715160203e-05,1,"T9"
"treatment","Treatment","T9",9,"Actinomyces (genus)",0,1,"T9"
"treatment","Treatment","T9",9,"Bacteroides (genus)",5.81147572740304e-05,1,"T9"
"treatment","Treatment","T9",9,"Ruminococcus (genus)",3.87431715160203e-05,1,"T9"
"treatment","Treatment","T9",9,"Peptostreptococcaceae (family)",0.000174344271822091,1,"T9"
"treatment","Treatment","T9",9,"Veillonella (genus)",0.000193715857580102,1,"T9"
"treatment","Treatment","T9",9,"Clostridiaceae (family)",0.000193715857580102,1,"T9"
"treatment","Treatment","T9",9,"Others",0.000987950873658661,1,"T9"
"treatment","Treatment","T9",10,"Streptococcus (genus)",0.988716416705355,1,"T9"
"treatment","Treatment","T9",10,"Listeriaceae (family)",0.00187723299893018,1,"T9"
"treatment","Treatment","T9",10,"Blautia (genus)",0.000322964817020246,1,"T9"
"treatment","Treatment","T9",10,"Lactobacillus (genus)",0.00254334793403444,1,"T9"
"treatment","Treatment","T9",10,"Enterobacteriaceae (family)",4.03706021275307e-05,1,"T9"
"treatment","Treatment","T9",10,"Lachnospiraceae (family)",0.000222038311701419,1,"T9"
"treatment","Treatment","T9",10,"[Coprobacillaceae] (family)",8.07412042550615e-05,1,"T9"
"treatment","Treatment","T9",10,"[Eubacterium] (genus)",0.00026240891382895,1,"T9"
"treatment","Treatment","T9",10,"Staphylococcus (genus)",0,1,"T9"
"treatment","Treatment","T9",10,"Lactococcus (genus)",0.00365353949254153,1,"T9"
"treatment","Treatment","T9",10,"Akkermansia (genus)",8.07412042550615e-05,1,"T9"
"treatment","Treatment","T9",10,"[Ruminococcus] (genus)",0,1,"T9"
"treatment","Treatment","T9",10,"Bifidobacterium (genus)",0.00030277951595648,1,"T9"
"treatment","Treatment","T9",10,"Actinomyces (genus)",0.000121111806382592,1,"T9"
"treatment","Treatment","T9",10,"Bacteroides (genus)",4.03706021275307e-05,1,"T9"
"treatment","Treatment","T9",10,"Ruminococcus (genus)",8.07412042550615e-05,1,"T9"
"treatment","Treatment","T9",10,"Peptostreptococcaceae (family)",0.000100926505318827,1,"T9"
"treatment","Treatment","T9",10,"Veillonella (genus)",0.000181667709573888,1,"T9"
"treatment","Treatment","T9",10,"Clostridiaceae (family)",0,1,"T9"
"treatment","Treatment","T9",10,"Others",0.00137260047233601,1,"T9"
"treatment","Treatment","T9",11,"Streptococcus (genus)",0.864858205277541,1,"T9"
"treatment","Treatment","T9",11,"Listeriaceae (family)",0.000963218493795081,1,"T9"
"treatment","Treatment","T9",11,"Blautia (genus)",0,1,"T9"
"treatment","Treatment","T9",11,"Lactobacillus (genus)",0.00403207741588638,1,"T9"
"treatment","Treatment","T9",11,"Enterobacteriaceae (family)",0.000604811612382958,1,"T9"
"treatment","Treatment","T9",11,"Lachnospiraceae (family)",0,1,"T9"
"treatment","Treatment","T9",11,"[Coprobacillaceae] (family)",0,1,"T9"
"treatment","Treatment","T9",11,"[Eubacterium] (genus)",0,1,"T9"
"treatment","Treatment","T9",11,"Staphylococcus (genus)",0,1,"T9"
"treatment","Treatment","T9",11,"Lactococcus (genus)",0.125957618386273,1,"T9"
"treatment","Treatment","T9",11,"Akkermansia (genus)",0,1,"T9"
"treatment","Treatment","T9",11,"[Ruminococcus] (genus)",4.48008601765154e-05,1,"T9"
"treatment","Treatment","T9",11,"Bifidobacterium (genus)",6.72012902647731e-05,1,"T9"
"treatment","Treatment","T9",11,"Actinomyces (genus)",0,1,"T9"
"treatment","Treatment","T9",11,"Bacteroides (genus)",4.48008601765154e-05,1,"T9"
"treatment","Treatment","T9",11,"Ruminococcus (genus)",0,1,"T9"
"treatment","Treatment","T9",11,"Peptostreptococcaceae (family)",0,1,"T9"
"treatment","Treatment","T9",11,"Veillonella (genus)",0,1,"T9"
"treatment","Treatment","T9",11,"Clostridiaceae (family)",0,1,"T9"
"treatment","Treatment","T9",11,"Others",0.0034272658035035,1,"T9"
"treatment","Treatment","T9",12,"Streptococcus (genus)",0.905978995528751,1,"T9"
"treatment","Treatment","T9",12,"Listeriaceae (family)",0.000582302173234897,1,"T9"
"treatment","Treatment","T9",12,"Blautia (genus)",0,1,"T9"
"treatment","Treatment","T9",12,"Lactobacillus (genus)",0.0048039929291879,1,"T9"
"treatment","Treatment","T9",12,"Enterobacteriaceae (family)",0.000249558074243527,1,"T9"
"treatment","Treatment","T9",12,"Lachnospiraceae (family)",8.31860247478424e-05,1,"T9"
"treatment","Treatment","T9",12,"[Coprobacillaceae] (family)",4.15930123739212e-05,1,"T9"
"treatment","Treatment","T9",12,"[Eubacterium] (genus)",6.23895185608818e-05,1,"T9"
"treatment","Treatment","T9",12,"Staphylococcus (genus)",0,1,"T9"
"treatment","Treatment","T9",12,"Lactococcus (genus)",0.0871789539357388,1,"T9"
"treatment","Treatment","T9",12,"Akkermansia (genus)",0,1,"T9"
"treatment","Treatment","T9",12,"[Ruminococcus] (genus)",0,1,"T9"
"treatment","Treatment","T9",12,"Bifidobacterium (genus)",0,1,"T9"
"treatment","Treatment","T9",12,"Actinomyces (genus)",0,1,"T9"
"treatment","Treatment","T9",12,"Bacteroides (genus)",4.15930123739212e-05,1,"T9"
"treatment","Treatment","T9",12,"Ruminococcus (genus)",0,1,"T9"
"treatment","Treatment","T9",12,"Peptostreptococcaceae (family)",0,1,"T9"
"treatment","Treatment","T9",12,"Veillonella (genus)",0.000103982530934803,1,"T9"
"treatment","Treatment","T9",12,"Clostridiaceae (family)",0,1,"T9"
"treatment","Treatment","T9",12,"Others",0.00087345325985233,1,"T9"
"treatment","Treatment","T9",14,"Streptococcus (genus)",0.730645612073784,1,"T9"
"treatment","Treatment","T9",14,"Listeriaceae (family)",0.0194242593627725,1,"T9"
"treatment","Treatment","T9",14,"Blautia (genus)",0,1,"T9"
"treatment","Treatment","T9",14,"Lactobacillus (genus)",0.000139742873113471,1,"T9"
"treatment","Treatment","T9",14,"Enterobacteriaceae (family)",0.240776970374511,1,"T9"
"treatment","Treatment","T9",14,"Lachnospiraceae (family)",0,1,"T9"
"treatment","Treatment","T9",14,"[Coprobacillaceae] (family)",0,1,"T9"
"treatment","Treatment","T9",14,"[Eubacterium] (genus)",0,1,"T9"
"treatment","Treatment","T9",14,"Staphylococcus (genus)",0,1,"T9"
"treatment","Treatment","T9",14,"Lactococcus (genus)",0.000139742873113471,1,"T9"
"treatment","Treatment","T9",14,"Akkermansia (genus)",0,1,"T9"
"treatment","Treatment","T9",14,"[Ruminococcus] (genus)",0,1,"T9"
"treatment","Treatment","T9",14,"Bifidobacterium (genus)",0,1,"T9"
"treatment","Treatment","T9",14,"Actinomyces (genus)",0,1,"T9"
"treatment","Treatment","T9",14,"Bacteroides (genus)",0,1,"T9"
"treatment","Treatment","T9",14,"Ruminococcus (genus)",0,1,"T9"
"treatment","Treatment","T9",14,"Peptostreptococcaceae (family)",0,1,"T9"
"treatment","Treatment","T9",14,"Veillonella (genus)",0.00440190050307434,1,"T9"
"treatment","Treatment","T9",14,"Clostridiaceae (family)",0,1,"T9"
"treatment","Treatment","T9",14,"Others",0.00447177193963122,1,"T9"
"treatment","Treatment","T9",15,"Streptococcus (genus)",0.0269053161851696,1,"T9"
"treatment","Treatment","T9",15,"Listeriaceae (family)",0.000686944243025608,1,"T9"
"treatment","Treatment","T9",15,"Blautia (genus)",0.0859825210853719,1,"T9"
"treatment","Treatment","T9",15,"Lactobacillus (genus)",0.001755524176621,1,"T9"
"treatment","Treatment","T9",15,"Enterobacteriaceae (family)",0.656795023470595,1,"T9"
"treatment","Treatment","T9",15,"Lachnospiraceae (family)",0.0103804907834981,1,"T9"
"treatment","Treatment","T9",15,"[Coprobacillaceae] (family)",0.0427813609128726,1,"T9"
"treatment","Treatment","T9",15,"[Eubacterium] (genus)",0.0217913979315346,1,"T9"
"treatment","Treatment","T9",15,"Staphylococcus (genus)",0,1,"T9"
"treatment","Treatment","T9",15,"Lactococcus (genus)",0.00450330114872343,1,"T9"
"treatment","Treatment","T9",15,"Akkermansia (genus)",0,1,"T9"
"treatment","Treatment","T9",15,"[Ruminococcus] (genus)",0.0688470785787887,1,"T9"
"treatment","Treatment","T9",15,"Bifidobacterium (genus)",0.00725107812082586,1,"T9"
"treatment","Treatment","T9",15,"Actinomyces (genus)",0.000839598519253521,1,"T9"
"treatment","Treatment","T9",15,"Bacteroides (genus)",0.000114490707170935,1,"T9"
"treatment","Treatment","T9",15,"Ruminococcus (genus)",0,1,"T9"
"treatment","Treatment","T9",15,"Peptostreptococcaceae (family)",0.000954089226424455,1,"T9"
"treatment","Treatment","T9",15,"Veillonella (genus)",0.00217532343624776,1,"T9"
"treatment","Treatment","T9",15,"Clostridiaceae (family)",0.000228981414341869,1,"T9"
"treatment","Treatment","T9",15,"Others",0.0680074800595352,1,"T9"
"treatment","Treatment","T9",18,"Streptococcus (genus)",0.410368102974649,1,"T9"
"treatment","Treatment","T9",18,"Listeriaceae (family)",0.140530570598854,1,"T9"
"treatment","Treatment","T9",18,"Blautia (genus)",0.000667137587316537,1,"T9"
"treatment","Treatment","T9",18,"Lactobacillus (genus)",0.000274703712424456,1,"T9"
"treatment","Treatment","T9",18,"Enterobacteriaceae (family)",0.106428066870732,1,"T9"
"treatment","Treatment","T9",18,"Lachnospiraceae (family)",0.000235460324935248,1,"T9"
"treatment","Treatment","T9",18,"[Coprobacillaceae] (family)",0.051683541323287,1,"T9"
"treatment","Treatment","T9",18,"[Eubacterium] (genus)",0.000156973549956832,1,"T9"
"treatment","Treatment","T9",18,"Staphylococcus (genus)",0,1,"T9"
"treatment","Treatment","T9",18,"Lactococcus (genus)",0,1,"T9"
"treatment","Treatment","T9",18,"Akkermansia (genus)",0.000117730162467624,1,"T9"
"treatment","Treatment","T9",18,"[Ruminococcus] (genus)",0.000274703712424456,1,"T9"
"treatment","Treatment","T9",18,"Bifidobacterium (genus)",0.000627894199827329,1,"T9"
"treatment","Treatment","T9",18,"Actinomyces (genus)",0,1,"T9"
"treatment","Treatment","T9",18,"Bacteroides (genus)",0,1,"T9"
"treatment","Treatment","T9",18,"Ruminococcus (genus)",0.000117730162467624,1,"T9"
"treatment","Treatment","T9",18,"Peptostreptococcaceae (family)",0.160780158543285,1,"T9"
"treatment","Treatment","T9",18,"Veillonella (genus)",0.00337493132407189,1,"T9"
"treatment","Treatment","T9",18,"Clostridiaceae (family)",0.024134683305863,1,"T9"
"treatment","Treatment","T9",18,"Others",0.100227611647438,1,"T9"
"treatment","Treatment","T9",33,"Streptococcus (genus)",0.0142737794653281,2,"T9"
"treatment","Treatment","T9",33,"Listeriaceae (family)",0.000512967997998403,2,"T9"
"treatment","Treatment","T9",33,"Blautia (genus)",0.125427640198655,2,"T9"
"treatment","Treatment","T9",33,"Lactobacillus (genus)",0.0255818250164509,2,"T9"
"treatment","Treatment","T9",33,"Enterobacteriaceae (family)",0.00405897018857891,2,"T9"
"treatment","Treatment","T9",33,"Lachnospiraceae (family)",0.144285887449924,2,"T9"
"treatment","Treatment","T9",33,"[Coprobacillaceae] (family)",0.112685354655773,2,"T9"
"treatment","Treatment","T9",33,"[Eubacterium] (genus)",0.00358592021265933,2,"T9"
"treatment","Treatment","T9",33,"Staphylococcus (genus)",0,2,"T9"
"treatment","Treatment","T9",33,"Lactococcus (genus)",3.42278203723987e-05,2,"T9"
"treatment","Treatment","T9",33,"Akkermansia (genus)",0.000704066110899809,2,"T9"
"treatment","Treatment","T9",33,"[Ruminococcus] (genus)",0.0463008074665582,2,"T9"
"treatment","Treatment","T9",33,"Bifidobacterium (genus)",0.0322480758423584,2,"T9"
"treatment","Treatment","T9",33,"Actinomyces (genus)",0.00057444970107227,2,"T9"
"treatment","Treatment","T9",33,"Bacteroides (genus)",0.157141194452521,2,"T9"
"treatment","Treatment","T9",33,"Ruminococcus (genus)",0.0682190779174587,2,"T9"
"treatment","Treatment","T9",33,"Peptostreptococcaceae (family)",0.00712360054280617,2,"T9"
"treatment","Treatment","T9",33,"Veillonella (genus)",0.00059498639329571,2,"T9"
"treatment","Treatment","T9",33,"Clostridiaceae (family)",0.00925926573711177,2,"T9"
"treatment","Treatment","T9",33,"Others",0.247387902830179,2,"T9"
"treatment","Treatment","T9",40,"Streptococcus (genus)",0.205744219653179,1,"T9"
"treatment","Treatment","T9",40,"Listeriaceae (family)",0.000289017341040462,1,"T9"
"treatment","Treatment","T9",40,"Blautia (genus)",0.140354046242775,1,"T9"
"treatment","Treatment","T9",40,"Lactobacillus (genus)",0.00234826589595376,1,"T9"
"treatment","Treatment","T9",40,"Enterobacteriaceae (family)",0.000144508670520231,1,"T9"
"treatment","Treatment","T9",40,"Lachnospiraceae (family)",0.022471098265896,1,"T9"
"treatment","Treatment","T9",40,"[Coprobacillaceae] (family)",0.216979768786127,1,"T9"
"treatment","Treatment","T9",40,"[Eubacterium] (genus)",0.00140895953757225,1,"T9"
"treatment","Treatment","T9",40,"Staphylococcus (genus)",0,1,"T9"
"treatment","Treatment","T9",40,"Lactococcus (genus)",7.22543352601156e-05,1,"T9"
"treatment","Treatment","T9",40,"Akkermansia (genus)",0.00274566473988439,1,"T9"
"treatment","Treatment","T9",40,"[Ruminococcus] (genus)",0.0537933526011561,1,"T9"
"treatment","Treatment","T9",40,"Bifidobacterium (genus)",0.164486994219653,1,"T9"
"treatment","Treatment","T9",40,"Actinomyces (genus)",0.00155346820809249,1,"T9"
"treatment","Treatment","T9",40,"Bacteroides (genus)",0.00202312138728324,1,"T9"
"treatment","Treatment","T9",40,"Ruminococcus (genus)",0.00270953757225434,1,"T9"
"treatment","Treatment","T9",40,"Peptostreptococcaceae (family)",0.00083092485549133,1,"T9"
"treatment","Treatment","T9",40,"Veillonella (genus)",0.00671965317919075,1,"T9"
"treatment","Treatment","T9",40,"Clostridiaceae (family)",0.000903179190751445,1,"T9"
"treatment","Treatment","T9",40,"Others",0.174421965317919,1,"T9"
