"replicate","k","signal_mode","beta","normalized_between_group_turnover","manova_pseudo_F","ss_between"
1,12,"Abundance",0,0.00375907560764812,1.01049903907944,0.880530647547463
2,12,"Abundance",0,0.00375366797145555,1.01950217786799,0.879263955973438
3,12,"Abundance",0,0.00364049926866449,0.96774117859918,0.852755175211485
4,12,"Abundance",0,0.00393286888442881,1.04953270070429,0.921240205565332
5,12,"Abundance",0,0.00345997807583055,0.913409026501736,0.810469661587157
6,12,"Abundance",0,0.00331402802743901,0.897999997944184,0.776282136771659
7,12,"Abundance",0,0.00386148141060925,1.05049006126017,0.904518312975246
8,12,"Abundance",0,0.00381709282837618,1.02012001071299,0.894120675061851
9,12,"Abundance",0,0.00378841062461947,1.00675265373214,0.887402119203173
10,12,"Abundance",0,0.00368448615757551,0.977147771820439,0.863058719970644
11,12,"Abundance",0,0.00376534635425516,1.01122618357345,0.881999515201851
12,12,"Abundance",0,0.00362544700064202,0.974954153663109,0.849229312820764
13,12,"Abundance",0,0.00366814560457998,0.986711199488641,0.859231088070614
14,12,"Abundance",0,0.00366811896542481,0.97420052234309,0.859224848081052
15,12,"Abundance",0,0.00370318179250163,0.984606994766417,0.867438009255034
16,12,"Abundance",0,0.00400491452676264,1.0600184144215,0.938116268384634
17,12,"Abundance",0,0.0038429485992107,1.02272379796265,0.900177163680868
18,12,"Abundance",0,0.00385478673825518,1.03211071967179,0.902950144415126
19,12,"Abundance",0,0.00358834173545327,0.955185036408281,0.840537728347829
20,12,"Abundance",0,0.00374610137502,1.00328380468915,0.877491546808377
21,12,"Abundance",0,0.00329666439733388,0.876813169390852,0.772214857989318
22,12,"Abundance",0,0.00344769030842851,0.912771751848866,0.807591359335022
23,12,"Abundance",0,0.0037010737419017,0.997602966394952,0.866944216803504
24,12,"Abundance",0,0.00365789177143289,0.974808419126918,0.856829217163185
25,12,"Abundance",0,0.00329775036848214,0.86922674738673,0.772469237251182
26,12,"Abundance",0,0.00368250208348534,0.968144146355125,0.862593967934299
27,12,"Abundance",0,0.00367406143488016,0.979807146481152,0.860616819678246
28,12,"Abundance",0,0.00384761943931563,1.03221252093559,0.901271267202969
29,12,"Abundance",0,0.00361006736115901,0.961342753448047,0.845626766523093
30,12,"Abundance",0,0.00362786002949567,0.966067712609392,0.849794543766037
31,12,"Abundance",0,0.00387613002662677,1.03473531133879,0.907949623407348
32,12,"Abundance",0,0.00429570499719805,1.14879233404756,1.00623139772978
33,12,"Abundance",0,0.00358574271081486,0.953654108004347,0.839928929513559
34,12,"Abundance",0,0.00366975951574078,0.987409071863027,0.85960913267195
35,12,"Abundance",0,0.00346967599669336,0.927558661964562,0.812741314894642
36,12,"Abundance",0,0.00378714273603821,1.00595992415824,0.887105127370608
37,12,"Abundance",0,0.00361328714884413,0.971861362216701,0.846380973682304
38,12,"Abundance",0,0.00364179477561135,0.989641883689164,0.853058636405114
39,12,"Abundance",0,0.00409112205274262,1.08805622231654,0.958309628826807
40,12,"Abundance",0,0.00368271558086869,0.996974974733921,0.862643977832696
41,12,"Abundance",0,0.00354582509563998,0.948243218769807,0.830578576605786
42,12,"Abundance",0,0.00384779290212812,1.03546492517157,0.901311899352616
43,12,"Abundance",0,0.00393793744576721,1.04742592940906,0.922427471814614
44,12,"Abundance",0,0.00379340633928264,1.02223045798374,0.888572321754656
45,12,"Abundance",0,0.00385570613396343,1.02389469236581,0.903165504834231
46,12,"Abundance",0,0.00376323348727605,1.00893910520842,0.881504594555537
47,12,"Abundance",0,0.0034881241863176,0.930843004364761,0.817062642277055
48,12,"Abundance",0,0.00364638094340946,0.977129276859064,0.854132906178472
49,12,"Abundance",0,0.00422743424960987,1.12965878974876,0.990239571053016
50,12,"Abundance",0,0.00377255046113481,1.01165574756377,0.883687014352668
51,12,"Abundance",0,0.00367189881837197,0.984381242535122,0.860110245639011
52,12,"Abundance",0,0.00345125381089856,0.915240644052355,0.808426078682273
53,12,"Abundance",0,0.00394743714681437,1.05655271910032,0.924652693860574
54,12,"Abundance",0,0.00363271164993567,0.97540385330582,0.850930993503571
55,12,"Abundance",0,0.00390768549836222,1.03597293771901,0.91534121720884
56,12,"Abundance",0,0.00368717676575463,0.990497616476702,0.863688971449862
57,12,"Abundance",0,0.003699318013532,0.989057207723213,0.866532952758911
58,12,"Abundance",0,0.00356757934290718,0.955066267329613,0.835674319131993
59,12,"Abundance",0,0.00398909171050871,1.06304770874001,0.934409911796923
60,12,"Abundance",0,0.00336774017188793,0.904333952655583,0.788863737747325
61,12,"Abundance",0,0.00357138431287116,0.966109146879295,0.836565600131891
62,12,"Abundance",0,0.00418185929407525,1.12635246752526,0.979564035549763
63,12,"Abundance",0,0.00366905973086797,0.986328449629589,0.85944521417403
64,12,"Abundance",0,0.00374979310135094,1.00146184520754,0.878356301475765
65,12,"Abundance",0,0.00445710709582624,1.20650327983447,1.0440384304299
66,12,"Abundance",0,0.0037483747461096,0.997996714553098,0.878024064141522
67,12,"Abundance",0,0.00342413305518695,0.912352421737799,0.802073278398047
68,12,"Abundance",0,0.00358455979317584,0.9510355895578,0.839651841382484
69,12,"Abundance",0,0.00425959167002001,1.13535943452333,0.997772166077067
70,12,"Abundance",0,0.00324469707016739,0.870941910610551,0.76004196523128
71,12,"Abundance",0,0.00372280391994757,0.994991302143988,0.872034321324704
72,12,"Abundance",0,0.00376129980041303,1.00856699713379,0.881051645287331
73,12,"Abundance",0,0.00395525679385658,1.0527325428946,0.926484377921316
74,12,"Abundance",0,0.00357576905507796,0.950953204583091,0.837592687718751
75,12,"Abundance",0,0.00336212316224601,0.893209544855978,0.78754800227044
76,12,"Abundance",0,0.00369338299291704,1.00051045800786,0.865142725987559
77,12,"Abundance",0,0.00375384262184946,1.01285997972845,0.879304866303662
78,12,"Abundance",0,0.00453049616945164,1.21616254240387,1.06122918030224
79,12,"Abundance",0,0.00377606781441054,1.01354948532144,0.884510923654007
80,12,"Abundance",0,0.0035570209547178,0.947650583225123,0.833201108864406
81,12,"Abundance",0,0.00377717685199431,1.00611936364714,0.88477070602703
82,12,"Abundance",0,0.00380786444880924,1.02147452615284,0.891959007704225
83,12,"Abundance",0,0.00330683085041796,0.883594517857002,0.774596260879732
84,12,"Abundance",0,0.00354737593780359,0.950509492284441,0.830941847845068
85,12,"Abundance",0,0.00382023002278464,1.01533871983055,0.894855535466974
86,12,"Abundance",0,0.00336438605400733,0.904629374965043,0.788078064912391
87,12,"Abundance",0,0.00365598983037113,0.977166347202021,0.856383704071801
88,12,"Abundance",0,0.00347029299400702,0.935315069427203,0.812885841129498
89,12,"Abundance",0,0.00384682981299266,1.03687659208572,0.901086304129585
90,12,"Abundance",0,0.00351158353929981,0.936430079301037,0.822557790932868
91,12,"Abundance",0,0.00402288894051818,1.06692783197745,0.942326617905472
92,12,"Abundance",0,0.00407772735226464,1.09524054021314,0.955172037164215
93,12,"Abundance",0,0.00374765965366687,1.00132947863225,0.877856559978962
94,12,"Abundance",0,0.00377433957327176,1.00927250368908,0.884106098253326
95,12,"Abundance",0,0.00372895091039928,0.997239705413135,0.87347420018
96,12,"Abundance",0,0.00439183515296255,1.16967675355556,1.02874904758282
97,12,"Abundance",0,0.00384912125591554,1.03359839218991,0.901623054631914
98,12,"Abundance",0,0.00393173259965543,1.05664905446599,0.920974040775965
99,12,"Abundance",0,0.00356543019372704,0.948494703893143,0.835170899696792
100,12,"Abundance",0,0.00346594448967771,0.927873510224837,0.811867241949125
101,12,"Abundance",0,0.00405928597569717,1.0835461284016,0.950852305680878
102,12,"Abundance",0,0.00383204513688931,1.02394089020686,0.89762312281006
103,12,"Abundance",0,0.00403861427658074,1.07530755814235,0.946010140609272
104,12,"Abundance",0,0.00347612221007772,0.93132693387447,0.814251284109944
105,12,"Abundance",0,0.0039972896238578,1.08205859505736,0.936330201438119
106,12,"Abundance",0,0.00372730964525071,0.996521481252225,0.873089748145799
107,12,"Abundance",0,0.0036315218773181,0.979971087040671,0.850652299653613
108,12,"Abundance",0,0.00338537811527542,0.909853101091535,0.792995272021548
109,12,"Abundance",0,0.00437739744149653,1.18860494012187,1.0253671397009
110,12,"Abundance",0,0.00321228682633768,0.85311785572278,0.752450148528127
111,12,"Abundance",0,0.00397436113639663,1.06661549031215,0.930959403396595
112,12,"Abundance",0,0.0036645982297476,0.97581605884247,0.85840014648171
113,12,"Abundance",0,0.00324191352810996,0.872814909919475,0.759389944802289
114,12,"Abundance",0,0.00350952850612692,0.936638956749019,0.82207641735081
115,12,"Abundance",0,0.00365398172183967,0.973635279362199,0.855913322177395
116,12,"Abundance",0,0.00421607229204666,1.13176278328294,0.987578131674088
117,12,"Abundance",0,0.00372228536065602,0.998506673706783,0.871912853337244
118,12,"Abundance",0,0.00417788538667073,1.11863575073984,0.978633182429094
119,12,"Abundance",0,0.00366040882990721,0.973472650751786,0.857418816139003
120,12,"Abundance",0,0.00363686346392566,0.961351019948007,0.851903519688916
121,12,"Abundance",0,0.00399750552913554,1.07684026218454,0.93638077536475
122,12,"Abundance",0,0.00364084443434963,0.973175490579926,0.852836027260226
123,12,"Abundance",0,0.00393844612580984,1.04726913173392,0.922546625674245
124,12,"Abundance",0,0.00365423412394234,0.982486360432355,0.855972445166679
125,12,"Abundance",0,0.00328629622641923,0.873684510558712,0.769786204457897
1,12,"Abundance",0.05,0.0035105349312373,0.938957047308262,0.822312163647684
2,12,"Abundance",0.05,0.0037622301326647,1.00351912836208,0.881269567496268
3,12,"Abundance",0.05,0.00364451512213167,0.963006841002849,0.853695853831173
4,12,"Abundance",0.05,0.00360485289793094,0.968233520548921,0.844405324029762
5,12,"Abundance",0.05,0.00391647809300734,1.0518465583422,0.91740080575257
6,12,"Abundance",0.05,0.00376726349305977,1.00127220743168,0.882448588231843
7,12,"Abundance",0.05,0.00363454485001311,0.971479448033288,0.851360404619436
8,12,"Abundance",0.05,0.00400809340328144,1.07413034979406,0.938860892460271
9,12,"Abundance",0.05,0.00364478011503734,0.972775693480559,0.853757926106173
10,12,"Abundance",0.05,0.00378181113318881,1.0114175516719,0.885856245943508
11,12,"Abundance",0.05,0.00354990246686778,0.952930404065843,0.831533665223918
12,12,"Abundance",0.05,0.00376268749640535,1.00384353275546,0.881376700960115
13,12,"Abundance",0.05,0.0034464941266296,0.92897560760158,0.807311164190278
14,12,"Abundance",0.05,0.00347489730658539,0.936281343865418,0.813964361159235
15,12,"Abundance",0.05,0.00403564941887248,1.09213853253752,0.945315648571808
16,12,"Abundance",0.05,0.00339777067963023,0.90193881275913,0.795898122045077
17,12,"Abundance",0.05,0.00351971422753895,0.959195806507114,0.824462333678866
18,12,"Abundance",0.05,0.00369526791712121,0.980766872855836,0.865584253028599
19,12,"Abundance",0.05,0.00359703793522272,0.955530421744231,0.842574737233365
20,12,"Abundance",0.05,0.00346596222550825,0.925277596819997,0.811871396412606
21,12,"Abundance",0.05,0.00422070320067675,1.13784895803167,0.988662881596781
22,12,"Abundance",0.05,0.00475219287448577,1.25223280917203,1.11315969823215
23,12,"Abundance",0.05,0.00332233503304398,0.894873887494087,0.778227980321516
24,12,"Abundance",0.05,0.00416453781607046,1.12636000913297,0.975506630528962
25,12,"Abundance",0.05,0.00417201470361278,1.11058190760893,0.977258026168862
26,12,"Abundance",0.05,0.00445246769807635,1.19374967639724,1.042951692005
27,12,"Abundance",0.05,0.00380093117863947,1.00756017417411,0.890334949688529
28,12,"Abundance",0.05,0.00389935938731217,1.03437178437327,0.913390898375267
29,12,"Abundance",0.05,0.00413686411633459,1.10854288090126,0.969024307933783
30,12,"Abundance",0.05,0.00367405636220857,0.987271397368193,0.860615631449202
31,12,"Abundance",0.05,0.0038177773470089,1.01890979707629,0.894281017576294
32,12,"Abundance",0.05,0.00372588791110731,0.997925793873575,0.872756719333246
33,12,"Abundance",0.05,0.00328672580542912,0.878968955132136,0.769886829591107
34,12,"Abundance",0.05,0.00391571929676723,1.05424552602763,0.917223064356976
35,12,"Abundance",0.05,0.00396656578172797,1.05064521584841,0.929133409612302
36,12,"Abundance",0.05,0.00412182579566064,1.09044954429854,0.965501712587698
37,12,"Abundance",0.05,0.00378504186855978,1.00655584924834,0.886613017502573
38,12,"Abundance",0.05,0.00351007477746761,0.937022819231648,0.822204376643894
39,12,"Abundance",0.05,0.00341518464389351,0.921542605408699,0.799977191164597
40,12,"Abundance",0.05,0.00355133994295676,0.94485153018965,0.831870381449803
41,12,"Abundance",0.05,0.00405869764193158,1.08746540722588,0.950714493631948
42,12,"Abundance",0.05,0.00328525298630781,0.879430767565368,0.769541834568398
43,12,"Abundance",0.05,0.00381109307120931,1.02098178525448,0.8927152843183
44,12,"Abundance",0.05,0.00379275379583244,1.00199905768395,0.888419469147605
45,12,"Abundance",0.05,0.00348280669036597,0.933432674199174,0.815817065267622
46,12,"Abundance",0.05,0.00346943418737166,0.936318964085482,0.812684673171812
47,12,"Abundance",0.05,0.00394578344566489,1.05844381699189,0.924265328801717
48,12,"Abundance",0.05,0.00392113839548769,1.04934649696946,0.9184924409281
49,12,"Abundance",0.05,0.00386839325687628,1.03485667756764,0.906137352628729
50,12,"Abundance",0.05,0.00372883646102779,1.00369761550647,0.873447391413767
51,12,"Abundance",0.05,0.00389393813781124,1.04350359766587,0.912121018002589
52,12,"Abundance",0.05,0.00390961412124017,1.03881784868695,0.915792980282767
53,12,"Abundance",0.05,0.00377821360033627,1.01330566246438,0.885013555276206
54,12,"Abundance",0.05,0.00387341679097466,1.03588294771397,0.907314071640089
55,12,"Abundance",0.05,0.00361050315087234,0.967300609849002,0.845728846459363
56,12,"Abundance",0.05,0.00352901487924138,0.944741497581921,0.826640930153358
57,12,"Abundance",0.05,0.00383994202789627,1.02505585562472,0.899472900595282
58,12,"Abundance",0.05,0.003765676787239,1.01386062633558,0.882076916243926
59,12,"Abundance",0.05,0.00391561020471299,1.04903075715033,0.917197510495543
60,12,"Abundance",0.05,0.00363872230956202,0.973628860688964,0.852338938053086
61,12,"Abundance",0.05,0.0035753074098674,0.958660603558966,0.837484551357944
62,12,"Abundance",0.05,0.00382009917640451,1.02284159179499,0.894824885844616
63,12,"Abundance",0.05,0.00386235743676166,1.02920289439513,0.904723514454479
64,12,"Abundance",0.05,0.00395699844741564,1.05744239987508,0.926892345064357
65,12,"Abundance",0.05,0.00340612964265922,0.908957870653553,0.797856136167952
66,12,"Abundance",0.05,0.00318653665449064,0.858284171039993,0.746418395550137
67,12,"Abundance",0.05,0.00399598093183347,1.06926689281728,0.936023651755189
68,12,"Abundance",0.05,0.00372195260359014,1.00175063708547,0.871834907899237
69,12,"Abundance",0.05,0.00378705728474681,1.0184658398119,0.887085111151506
70,12,"Abundance",0.05,0.00391975553897896,1.05213556625466,0.918168518862094
71,12,"Abundance",0.05,0.00371301009254894,0.989897053019402,0.869740202748383
72,12,"Abundance",0.05,0.00429740587741068,1.14396413846298,1.00662981407235
73,12,"Abundance",0.05,0.00406100346184907,1.08957246688198,0.951254611819768
74,12,"Abundance",0.05,0.00383848545643085,1.02340202273595,0.899131711444144
75,12,"Abundance",0.05,0.00369937145635168,0.990427761974413,0.866545471272914
76,12,"Abundance",0.05,0.00338618136648155,0.890393469385429,0.793183426604881
77,12,"Abundance",0.05,0.0037516087302569,1.00843674923317,0.87878159669808
78,12,"Abundance",0.05,0.00410781316189083,1.10493080945393,0.962219375445538
79,12,"Abundance",0.05,0.00371791050503461,1.00442818508555,0.870888081596698
80,12,"Abundance",0.05,0.00343810965333063,0.913601962186724,0.805347174509349
81,12,"Abundance",0.05,0.00353856156915743,0.945896384131242,0.828877158931688
82,12,"Abundance",0.05,0.00412521436184044,1.11401646037869,0.966295454636002
83,12,"Abundance",0.05,0.00367243138703652,0.986499383548046,0.860234995199806
84,12,"Abundance",0.05,0.00400688404027493,1.06253896638284,0.938577609732703
85,12,"Abundance",0.05,0.00357018705380517,0.950457238005302,0.836285152646735
86,12,"Abundance",0.05,0.00368353704463944,1.00104190188809,0.862836398550314
87,12,"Abundance",0.05,0.00346524839983472,0.920984048044228,0.81170418897967
88,12,"Abundance",0.05,0.00356496529181491,0.953409106737984,0.835062000482083
89,12,"Abundance",0.05,0.00379260035310645,1.00189783594862,0.888383526528463
90,12,"Abundance",0.05,0.0035051193436335,0.93751311573144,0.821043609524991
91,12,"Abundance",0.05,0.00380764491419239,1.02978851416971,0.891907583636564
92,12,"Abundance",0.05,0.00387420137223498,1.02769398567816,0.907497852951586
93,12,"Abundance",0.05,0.00380359900721569,1.02826736400052,0.890959865244625
94,12,"Abundance",0.05,0.00374622404762676,0.994743769876593,0.877520281795689
95,12,"Abundance",0.05,0.00419279669683252,1.12982450580743,0.982126026671396
96,12,"Abundance",0.05,0.00376607967672846,1.01276539480911,0.882171289589941
97,12,"Abundance",0.05,0.00373469949118483,1.00278422160217,0.874820755048777
98,12,"Abundance",0.05,0.00355292118373068,0.955178781958321,0.8322407732982
99,12,"Abundance",0.05,0.00332396149337786,0.89567239556148,0.778608964457101
100,12,"Abundance",0.05,0.00341931700625445,0.917944047334576,0.800945160975629
101,12,"Abundance",0.05,0.00418667775144502,1.10506103607225,0.98069271712758
102,12,"Abundance",0.05,0.00374385616489155,1.01386287402684,0.87696562593458
103,12,"Abundance",0.05,0.00363320220985181,0.977796497272083,0.85104590288176
104,12,"Abundance",0.05,0.0036622569209718,0.978630872317148,0.85785171533861
105,12,"Abundance",0.05,0.00393044314254777,1.05351799811417,0.920671996704365
106,12,"Abundance",0.05,0.00370676378650421,0.989120617404469,0.868277060082365
107,12,"Abundance",0.05,0.0038285018923497,1.02466835373463,0.896793148706191
108,12,"Abundance",0.05,0.0037990241581272,1.01947295380676,0.889888246780204
109,12,"Abundance",0.05,0.00354563161618262,0.954852081418131,0.830533255731821
110,12,"Abundance",0.05,0.0037591592132261,1.00357100220837,0.880550231424299
111,12,"Abundance",0.05,0.00367483320476515,1.00125910490461,0.860797600036911
112,12,"Abundance",0.05,0.00377659757811581,1.00929035075974,0.884635016177573
113,12,"Abundance",0.05,0.00413496248630812,1.09873576973063,0.968578867699689
114,12,"Abundance",0.05,0.00425182938306079,1.13435832243492,0.995953918115054
115,12,"Abundance",0.05,0.00401096269906871,1.07248928870161,0.93953299995191
116,12,"Abundance",0.05,0.00384022342354411,1.02406685425693,0.899538815069443
117,12,"Abundance",0.05,0.00353784221346939,0.935063902409879,0.828708656141125
118,12,"Abundance",0.05,0.00377176422762689,1.00925084587443,0.883502846016593
119,12,"Abundance",0.05,0.00405560299600892,1.09141985431908,0.949989599838204
120,12,"Abundance",0.05,0.00366794425715641,0.988331577921703,0.859183924194239
121,12,"Abundance",0.05,0.00337843001014205,0.902730114133916,0.791367739045125
122,12,"Abundance",0.05,0.00337340526702822,0.905081972038651,0.790190736832457
123,12,"Abundance",0.05,0.00395773784369305,1.05407209637694,0.927065542188042
124,12,"Abundance",0.05,0.00353748222023132,0.949042402328981,0.828624330867537
125,12,"Abundance",0.05,0.00364195208502071,0.969614795044589,0.853095484761079
1,12,"Abundance",0.1,0.0039952959288176,1.06288655155789,0.935863195778216
2,12,"Abundance",0.1,0.00385999894580109,1.0315070661272,0.90417105853459
3,12,"Abundance",0.1,0.00431602045051159,1.15501444406655,1.01099011533178
4,12,"Abundance",0.1,0.00380241172688926,1.00676696589917,0.890681755192107
5,12,"Abundance",0.1,0.00385126330681819,1.02425064937177,0.902124811357564
6,12,"Abundance",0.1,0.00388179613223646,1.03180945043454,0.909276859186116
7,12,"Abundance",0.1,0.00400845714971345,1.0752863753797,0.938946096886767
8,12,"Abundance",0.1,0.00345621699699183,0.928731850552601,0.809588661700213
9,12,"Abundance",0.1,0.00369398364402753,0.988523583173093,0.865283423267015
10,12,"Abundance",0.1,0.00316558097245472,0.834969553931236,0.741509709958566
11,12,"Abundance",0.1,0.00361705419455479,0.971250070261951,0.847263371256926
12,12,"Abundance",0.1,0.00406597381644485,1.08493081444699,0.95241887399684
13,12,"Abundance",0.1,0.00418393678637315,1.11496516659589,0.980050669985796
14,12,"Abundance",0.1,0.00427940365509909,1.15187280770021,1.00241295063999
15,12,"Abundance",0.1,0.00376984104146758,1.00258716447045,0.88305235644656
16,12,"Abundance",0.1,0.0039791348652196,1.06376190051681,0.93207760770277
17,12,"Abundance",0.1,0.00338395202267708,0.903446273284612,0.792661222278966
18,12,"Abundance",0.1,0.00367435754157933,0.993529251303382,0.860686180087769
19,12,"Abundance",0.1,0.00371971694301583,0.998557055056233,0.871311223925135
20,12,"Abundance",0.1,0.00386319282639062,1.0374211926833,0.904919197182828
21,12,"Abundance",0.1,0.00403904452097824,1.07286199357754,0.946110921603717
22,12,"Abundance",0.1,0.00401495172770846,1.07170150887321,0.940467395089939
23,12,"Abundance",0.1,0.00347653334331144,0.93011679886437,0.814347588481104
24,12,"Abundance",0.1,0.00355806392479647,0.950465804286356,0.833445415501096
25,12,"Abundance",0.1,0.00388880840980916,1.03965023719555,0.910919423996286
26,12,"Abundance",0.1,0.00358194563233713,0.950175089532344,0.839039497025424
27,12,"Abundance",0.1,0.00383803024661064,1.01969700715385,0.89902508251735
28,12,"Abundance",0.1,0.00433725464606732,1.16163100053992,1.01596404028419
29,12,"Abundance",0.1,0.00362543500943551,0.967326545072097,0.849226503985323
30,12,"Abundance",0.1,0.00386494525513193,1.02752754685746,0.905329688318259
31,12,"Abundance",0.1,0.00349327591567816,0.943896032498398,0.818269389909538
32,12,"Abundance",0.1,0.00382868610669092,1.01377447924161,0.89683629930758
33,12,"Abundance",0.1,0.00386847186419337,1.03094471814228,0.906155765706587
34,12,"Abundance",0.1,0.00374869856187227,1.01445255643252,0.878099915157286
35,12,"Abundance",0.1,0.00391532904451455,1.05415842911079,0.917131651173345
36,12,"Abundance",0.1,0.00395224728144774,1.05557817362451,0.925779425910037
37,12,"Abundance",0.1,0.00335452994608457,0.887874811795939,0.785769357666966
38,12,"Abundance",0.1,0.00371747814103841,0.989509773511115,0.87078680410477
39,12,"Abundance",0.1,0.00358238513328185,0.955218810477214,0.839142446285257
40,12,"Abundance",0.1,0.00379517819752293,1.01612610874799,0.888987364080628
41,12,"Abundance",0.1,0.00359803439447459,0.956920562172074,0.842808149114859
42,12,"Abundance",0.1,0.00331931023645921,0.885621472645941,0.777519448125444
43,12,"Abundance",0.1,0.00346976084345997,0.925846128090558,0.812761189509069
44,12,"Abundance",0.1,0.00358461567067151,0.95874446755667,0.839664930198088
45,12,"Abundance",0.1,0.00385116423335201,1.02609830363609,0.902101604262947
46,12,"Abundance",0.1,0.00368936196884692,1.0050313267144,0.864200836199272
47,12,"Abundance",0.1,0.00383517885311519,1.02458179000674,0.898357168481292
48,12,"Abundance",0.1,0.00339772402642206,0.907458293026604,0.795887193938306
49,12,"Abundance",0.1,0.00393916622081245,1.05144280726477,0.922715301642788
50,12,"Abundance",0.1,0.00356692559409761,0.955138370851178,0.835521184180013
51,12,"Abundance",0.1,0.00376700283452543,1.00395518648319,0.8823875312455
52,12,"Abundance",0.1,0.00376912920901788,1.00274178669181,0.882885615908912
53,12,"Abundance",0.1,0.00389240185720843,1.0420096374992,0.911761157681804
54,12,"Abundance",0.1,0.00430505686614153,1.15308830519972,1.00842199139589
55,12,"Abundance",0.1,0.00389438952921768,1.04548265985282,0.912226752499273
56,12,"Abundance",0.1,0.00366481316954626,0.968206698450467,0.858450494253293
57,12,"Abundance",0.1,0.00363690173431282,0.963684492171735,0.851912484193045
58,12,"Abundance",0.1,0.00388819984495063,1.03607672509821,0.910776872990422
59,12,"Abundance",0.1,0.00442756905110547,1.19846813562807,1.03711940129616
60,12,"Abundance",0.1,0.00345997723753995,0.924864788153221,0.810469465224906
61,12,"Abundance",0.1,0.00367067567755168,0.984141737540289,0.859823735578843
62,12,"Abundance",0.1,0.00359070670855761,0.964854460653987,0.84109170265331
63,12,"Abundance",0.1,0.00368231418390742,0.987193480555215,0.862549954098367
64,12,"Abundance",0.1,0.00382269552219258,1.02217163955844,0.895433057181564
65,12,"Abundance",0.1,0.00370688482621288,0.977732246967544,0.868305412577548
66,12,"Abundance",0.1,0.00363731284202083,0.975942707760067,0.852008782585016
67,12,"Abundance",0.1,0.00332079750513197,0.892658118588597,0.777867827829435
68,12,"Abundance",0.1,0.00357419760048206,0.958356229447498,0.837224588197129
69,12,"Abundance",0.1,0.00363576323804033,0.976347661527759,0.851645801379312
70,12,"Abundance",0.1,0.00420334405323304,1.13396117714065,0.984596652838735
71,12,"Abundance",0.1,0.00396849765732531,1.06093410504572,0.929585934607346
72,12,"Abundance",0.1,0.00379007593351929,1.02254999967989,0.887792203276218
73,12,"Abundance",0.1,0.00395739583967537,1.06991934836533,0.926985430732307
74,12,"Abundance",0.1,0.00413126236727384,1.10652046176497,0.967712147114817
75,12,"Abundance",0.1,0.0038106958650375,1.02166702556661,0.892622242239835
76,12,"Abundance",0.1,0.00393491178180357,1.05089432765475,0.921718736442605
77,12,"Abundance",0.1,0.00379161989556202,1.00531874484245,0.888153862907243
78,12,"Abundance",0.1,0.00394321904158553,1.04610698680153,0.923664639531193
79,12,"Abundance",0.1,0.00398959073401037,1.06925656403383,0.934526803696135
80,12,"Abundance",0.1,0.00369184407007265,0.982649363790513,0.864782246744754
81,12,"Abundance",0.1,0.00382869027084485,1.02360286630173,0.896837274724297
82,12,"Abundance",0.1,0.00375366505349642,1.01215287895987,0.879263272466978
83,12,"Abundance",0.1,0.00324446976909999,0.869248312255916,0.759988721940397
84,12,"Abundance",0.1,0.00382084036844277,1.02197472819755,0.8949985036096
85,12,"Abundance",0.1,0.00360104693816331,0.955236136242426,0.843513811176994
86,12,"Abundance",0.1,0.00346478645121426,0.913468877760901,0.811595981547754
87,12,"Abundance",0.1,0.00318568236810446,0.843342627737438,0.746218286421372
88,12,"Abundance",0.1,0.00363852923007256,0.976951301158939,0.852293710868098
89,12,"Abundance",0.1,0.00408301441324112,1.09422570410336,0.956410485046398
90,12,"Abundance",0.1,0.00379224333293276,1.01977214543799,0.88829989766926
91,12,"Abundance",0.1,0.00353075833599259,0.95082338331379,0.827049319678435
92,12,"Abundance",0.1,0.00358694201106062,0.946439571089493,0.840209855127248
93,12,"Abundance",0.1,0.00425119671521218,1.15654707818901,0.995805721194169
94,12,"Abundance",0.1,0.0036233455283631,0.967095775979583,0.848737061283495
95,12,"Abundance",0.1,0.00371404820730102,0.981426468753282,0.869983372067198
96,12,"Abundance",0.1,0.00361459152962104,0.959223007213805,0.846686513493164
97,12,"Abundance",0.1,0.00399352542863989,1.07445713918202,0.935448471566557
98,12,"Abundance",0.1,0.0037222809940759,0.996782063829995,0.871911830503961
99,12,"Abundance",0.1,0.00410187446679553,1.09959878409025,0.960828287959234
100,12,"Abundance",0.1,0.00369279172813552,0.986840091729525,0.865004227373732
101,12,"Abundance",0.1,0.00377502187472781,1.02602795316166,0.884265921413486
102,12,"Abundance",0.1,0.00375013784539649,0.99181122376691,0.878437054759104
103,12,"Abundance",0.1,0.00390163423803653,1.04378734013539,0.91392376229993
104,12,"Abundance",0.1,0.00344257626730519,0.926543302536933,0.806393439843131
105,12,"Abundance",0.1,0.00374166788860628,1.00066708733635,0.87645304131655
106,12,"Abundance",0.1,0.00373512100724492,1.01366044372495,0.874919491506367
107,12,"Abundance",0.1,0.00351635757515775,0.944136222816069,0.823676067159299
108,12,"Abundance",0.1,0.00341469849856443,0.907835906430144,0.799863315864898
109,12,"Abundance",0.1,0.00339052574185861,0.911660503269123,0.794201058614237
110,12,"Abundance",0.1,0.00370635992081044,0.984276750625735,0.868182458069006
111,12,"Abundance",0.1,0.00369084550430255,0.988685277112608,0.864548341429736
112,12,"Abundance",0.1,0.00348127183221274,0.927215632864133,0.815457538143235
113,12,"Abundance",0.1,0.00328526397762476,0.871721076242595,0.769544409188449
114,12,"Abundance",0.1,0.00390909839924695,1.05343302689627,0.915672176907667
115,12,"Abundance",0.1,0.00359021286177465,0.962817138264237,0.840976023355252
116,12,"Abundance",0.1,0.00359223266411223,0.962314860367526,0.841449144421673
117,12,"Abundance",0.1,0.00386048759067032,1.02439888077346,0.90428551932976
118,12,"Abundance",0.1,0.00356843869661885,0.956727547982307,0.835875615237516
119,12,"Abundance",0.1,0.00371856609707432,0.994301571526824,0.871041648309249
120,12,"Abundance",0.1,0.00382297253025171,1.01891579654553,0.895497943901374
121,12,"Abundance",0.1,0.00353420281885181,0.946086412178347,0.827856159720781
122,12,"Abundance",0.1,0.00341304009856783,0.920391085055584,0.799474850142134
123,12,"Abundance",0.1,0.0035711641843014,0.962596167583663,0.83651403693596
124,12,"Abundance",0.1,0.0036181990834306,0.971815969263503,0.84753155148216
125,12,"Abundance",0.1,0.00364577398578562,0.970492078410178,0.853990731653302
1,12,"Abundance",0.15,0.00355750449134229,0.95334400472874,0.83331437309783
2,12,"Abundance",0.15,0.00394610535620591,1.05906724934392,0.924340733535947
3,12,"Abundance",0.15,0.00399065048747383,1.07087920984952,0.934775041694198
4,12,"Abundance",0.15,0.00375295288936851,1.00206870496723,0.879096454236605
5,12,"Abundance",0.15,0.00356232391041872,0.951257022408143,0.83444327994704
6,12,"Abundance",0.15,0.00355441590789804,0.942536773970471,0.832590899386734
7,12,"Abundance",0.15,0.00385240144242255,1.04191838921995,0.902391409687936
8,12,"Abundance",0.15,0.00389975854291636,1.04966848814954,0.913484397091266
9,12,"Abundance",0.15,0.00375731455274885,1.00458384069601,0.880118135809823
10,12,"Abundance",0.15,0.00404014395263414,1.06880002439756,0.946368453872012
11,12,"Abundance",0.15,0.0038202009911455,1.01380761365634,0.894848735058935
12,12,"Abundance",0.15,0.00387819575458574,1.03830097691058,0.908433502149671
13,12,"Abundance",0.15,0.00334742691593612,0.891053400317096,0.78410553485812
14,12,"Abundance",0.15,0.00414091388751864,1.1093955650792,0.969972931482577
15,12,"Abundance",0.15,0.00358188235166702,0.958957669842699,0.839024674080835
16,12,"Abundance",0.15,0.00398631451442338,1.07348615426909,0.933759377856514
17,12,"Abundance",0.15,0.00405719016468475,1.07821694670211,0.950361380245883
18,12,"Abundance",0.15,0.00357743447242042,0.957611577694772,0.837982797193537
19,12,"Abundance",0.15,0.00359881397193782,0.956961574326413,0.842990758330586
20,12,"Abundance",0.15,0.00359356599425037,0.970532290616421,0.841761465367694
21,12,"Abundance",0.15,0.00349549082902381,0.937271020064457,0.818788214026445
22,12,"Abundance",0.15,0.00338372723479393,0.904897143095195,0.792608567679552
23,12,"Abundance",0.15,0.00368145880488438,0.990836756633506,0.862349589028957
24,12,"Abundance",0.15,0.00374656789611373,1.01186063989287,0.87760082530225
25,12,"Abundance",0.15,0.0037359122082345,0.993620917330244,0.875104823431661
26,12,"Abundance",0.15,0.00432145416036231,1.15767190728527,1.01226291443263
27,12,"Abundance",0.15,0.0038615600584155,1.0397332025483,0.904536735537332
28,12,"Abundance",0.15,0.00371602268236464,0.998088136983115,0.870445875615357
29,12,"Abundance",0.15,0.00367087397712029,0.981215486477252,0.859870185521803
30,12,"Abundance",0.15,0.00369565242571654,0.979771781240898,0.865674320810612
31,12,"Abundance",0.15,0.00358050176001768,0.957539485690498,0.838701282538377
32,12,"Abundance",0.15,0.00384937945009899,1.02613952062891,0.901683534365577
33,12,"Abundance",0.15,0.00387284652693129,1.03704571338805,0.90718049226585
34,12,"Abundance",0.15,0.00364027065795031,0.976640198501,0.85270162514727
35,12,"Abundance",0.15,0.0036976650874483,0.973108421912632,0.866145769252461
36,12,"Abundance",0.15,0.00402144269516093,1.07744920323927,0.941987847555034
37,12,"Abundance",0.15,0.0039795704222495,1.07721927724581,0.932179633134986
38,12,"Abundance",0.15,0.00347761614574514,0.933559021665475,0.814601225499242
39,12,"Abundance",0.15,0.00366656417106237,0.987065252122899,0.858860651073692
40,12,"Abundance",0.15,0.0044638924395042,1.18516033206748,1.04562783795616
41,12,"Abundance",0.15,0.00336299383723666,0.906263827088512,0.787751950286742
42,12,"Abundance",0.15,0.00381001205615432,1.01500543748391,0.892462065978017
43,12,"Abundance",0.15,0.00375170561232467,1.00007071101521,0.878804290476756
44,12,"Abundance",0.15,0.00373681667403846,0.999666206972784,0.875316686651032
45,12,"Abundance",0.15,0.00371838962851389,0.987678895327065,0.871000312089387
46,12,"Abundance",0.15,0.0035904837563766,0.963536661707335,0.841039478051087
47,12,"Abundance",0.15,0.0032455337240759,0.870161169226466,0.760237944106073
48,12,"Abundance",0.15,0.00357163932997074,0.959456381528199,0.836625335661386
49,12,"Abundance",0.15,0.00368810150219971,0.962900432625391,0.863905582889966
50,12,"Abundance",0.15,0.00388132476032195,1.03975554750627,0.909166444429819
51,12,"Abundance",0.15,0.0035539979405438,0.951480975554381,0.832492994182504
52,12,"Abundance",0.15,0.00412980786591629,1.10575121578305,0.96737144286837
53,12,"Abundance",0.15,0.00355437838229521,0.954116344899885,0.832582109341836
54,12,"Abundance",0.15,0.0036774270392168,0.968595982700163,0.861405183115233
55,12,"Abundance",0.15,0.0038168094100451,1.00667463450233,0.894054286791797
56,12,"Abundance",0.15,0.00447302266360809,1.19420179569058,1.04776651325338
57,12,"Abundance",0.15,0.00445524653585718,1.16449364599238,1.04360261049826
58,12,"Abundance",0.15,0.0039420364867343,1.06382635174069,0.923387636379989
59,12,"Abundance",0.15,0.00410441856781986,1.10484335858725,0.961424221416346
60,12,"Abundance",0.15,0.00377066524569921,1.00882420425784,0.883245419093211
61,12,"Abundance",0.15,0.00365054155052783,0.970787450358455,0.855107492077362
62,12,"Abundance",0.15,0.00381670243189253,1.01670747223476,0.894029228093384
63,12,"Abundance",0.15,0.00380913496495366,1.01811360848382,0.892256615020524
64,12,"Abundance",0.15,0.00375488320809456,0.999719180143289,0.879548614548143
65,12,"Abundance",0.15,0.00418898235917282,1.10498296501103,0.981232551370544
66,12,"Abundance",0.15,0.00354020485998742,0.950808000961292,0.829262085464072
67,12,"Abundance",0.15,0.00410726520134418,1.09719542151849,0.962091020470719
68,12,"Abundance",0.15,0.00425641040564009,1.13183056925813,0.997026982665801
69,12,"Abundance",0.15,0.00358303723596341,0.950373393249558,0.839295195646119
70,12,"Abundance",0.15,0.00362541505338613,0.969494422260217,0.84922182945495
71,12,"Abundance",0.15,0.0042447477694081,1.12718526977189,0.994295111933389
72,12,"Abundance",0.15,0.00358705993497869,0.963364863101854,0.840237477775687
73,12,"Abundance",0.15,0.00340342428825425,0.919722796779342,0.797222430514035
74,12,"Abundance",0.15,0.00355464863978882,0.954995407238452,0.832645414800595
75,12,"Abundance",0.15,0.0035284848593655,0.94018648514665,0.826516777624055
76,12,"Abundance",0.15,0.00389767566739941,1.03641301523316,0.912996501683148
77,12,"Abundance",0.15,0.00373004886232915,0.985367889735156,0.87373138583538
78,12,"Abundance",0.15,0.00381066987462483,1.01035057852235,0.892616154212529
79,12,"Abundance",0.15,0.00379853570339346,1.01241842267509,0.889773830522616
80,12,"Abundance",0.15,0.00400343666954901,1.05600600327444,0.937770093232788
81,12,"Abundance",0.15,0.00400247802648016,1.07435231934404,0.937545539462047
82,12,"Abundance",0.15,0.00410002305941651,1.10386420974453,0.960394611941918
83,12,"Abundance",0.15,0.00359366830696332,0.951893657222515,0.841785431227601
84,12,"Abundance",0.15,0.00331076563043729,0.893367788010361,0.775517948751973
85,12,"Abundance",0.15,0.00378882812614083,1.02508385643138,0.887499915290111
86,12,"Abundance",0.15,0.00387784796058773,1.04047253437609,0.908352034441588
87,12,"Abundance",0.15,0.00374972405153314,1.0201905882697,0.87834012715869
88,12,"Abundance",0.15,0.00394893876643173,1.06977256554167,0.925004435148063
89,12,"Abundance",0.15,0.00360994431358921,0.965278157678229,0.845597943703966
90,12,"Abundance",0.15,0.00327366549804752,0.888686701325154,0.76682756659238
91,12,"Abundance",0.15,0.00391380801541679,1.03891876758435,0.916775363384501
92,12,"Abundance",0.15,0.00355449492384384,0.953088580812971,0.832609408182293
93,12,"Abundance",0.15,0.003498999934256,0.934120857801314,0.819610191295565
94,12,"Abundance",0.15,0.00360117768733994,0.969938719306281,0.843544438030291
95,12,"Abundance",0.15,0.00361628481570183,0.977959925866691,0.847083150976638
96,12,"Abundance",0.15,0.0034091884681525,0.9115197099699,0.798572639338797
97,12,"Abundance",0.15,0.00343602503289575,0.912586527982988,0.804858870369445
98,12,"Abundance",0.15,0.00393681939424678,1.04567225378364,0.922165578005588
99,12,"Abundance",0.15,0.00356067367184213,0.952179975918657,0.834056725965658
100,12,"Abundance",0.15,0.00413765450824908,1.10785259010061,0.9692094503403
101,12,"Abundance",0.15,0.0036255291101994,0.974393628621936,0.849248546267847
102,12,"Abundance",0.15,0.00329183245353145,0.883040350391028,0.771083017332367
103,12,"Abundance",0.15,0.00397054646095575,1.06387459650351,0.930065848973453
104,12,"Abundance",0.15,0.00369539030392752,0.973948458736115,0.86561292106964
105,12,"Abundance",0.15,0.00379221559510542,1.0112172989686,0.888293400325333
106,12,"Abundance",0.15,0.00378568803050067,1.00920201736183,0.886764375296781
107,12,"Abundance",0.15,0.00394123266703201,1.04879112503349,0.923199348631397
108,12,"Abundance",0.15,0.00378531526568934,1.01806489705393,0.886677058393646
109,12,"Abundance",0.15,0.0033995683190953,0.913658243269306,0.796319203397895
110,12,"Abundance",0.15,0.00360194063380455,0.957495778472948,0.843723151579751
111,12,"Abundance",0.15,0.00377794359518218,1.01675869121643,0.884950308925785
112,12,"Abundance",0.15,0.00394236086358842,1.06546280344213,0.923463618826536
113,12,"Abundance",0.15,0.003705426906996,0.989723792829054,0.867963907727393
114,12,"Abundance",0.15,0.00394090105777962,1.04772198633558,0.923121672058691
115,12,"Abundance",0.15,0.00407537549927184,1.09781725921892,0.954621136130339
116,12,"Abundance",0.15,0.00368195006566294,0.978442091031677,0.862464662578056
117,12,"Abundance",0.15,0.00380521604647954,1.0296568342889,0.891338642576808
118,12,"Abundance",0.15,0.00367509759010268,0.987412678472714,0.860859529994362
119,12,"Abundance",0.15,0.0037866487433594,1.01076631847914,0.886989413897731
120,12,"Abundance",0.15,0.00354391248584267,0.950250684647508,0.830130564456228
121,12,"Abundance",0.15,0.00387866143061372,1.03215844426563,0.908542582694271
122,12,"Abundance",0.15,0.00438306368278696,1.16127181696191,1.02669440726169
123,12,"Abundance",0.15,0.00344928104512517,0.916889509368011,0.807963975520423
124,12,"Abundance",0.15,0.00337376572731346,0.904751746947652,0.790275171507778
125,12,"Abundance",0.15,0.00409604923400487,1.10250845559073,0.959463778027364
1,12,"Abundance",0.2,0.00394535618565101,1.05140641646594,0.924165246873067
2,12,"Abundance",0.2,0.00383351014525209,1.02849837990844,0.897966288230769
3,12,"Abundance",0.2,0.00365620146839013,0.972779891610444,0.85643327843032
4,12,"Abundance",0.2,0.00329717953643686,0.876875156302564,0.772335524827456
5,12,"Abundance",0.2,0.00384654095756128,1.0372597950192,0.901018642266239
6,12,"Abundance",0.2,0.00362468296095407,0.967706172862134,0.849050343193291
7,12,"Abundance",0.2,0.0041249726808063,1.09621813945143,0.966238842963432
8,12,"Abundance",0.2,0.0037155731096832,0.991862169572019,0.870340567139125
9,12,"Abundance",0.2,0.0041320867302205,1.08231370794853,0.967905246939085
10,12,"Abundance",0.2,0.00382491082005211,1.0244675023332,0.895951971367493
11,12,"Abundance",0.2,0.00383084568739528,1.03088429121973,0.897342162236269
12,12,"Abundance",0.2,0.00392999409567004,1.06187304095149,0.920566811393049
13,12,"Abundance",0.2,0.00397191851183802,1.05995048789208,0.930387239915783
14,12,"Abundance",0.2,0.00363981346247094,0.963440352809947,0.852594531097153
15,12,"Abundance",0.2,0.00426035716717198,1.14343523623008,0.997951477102764
16,12,"Abundance",0.2,0.00390183259002423,1.04062499614349,0.913970224521607
17,12,"Abundance",0.2,0.00348426286203075,0.936664793425058,0.816158160768954
18,12,"Abundance",0.2,0.00360830695568191,0.966143150054587,0.845214406906937
19,12,"Abundance",0.2,0.00367587281140804,0.977259731660053,0.861041118818124
20,12,"Abundance",0.2,0.0039821932436124,1.07086601275767,0.932794006144237
21,12,"Abundance",0.2,0.00317641604644484,0.848331242364772,0.744047731459741
22,12,"Abundance",0.2,0.00356387908466471,0.953539780598726,0.83480756593881
23,12,"Abundance",0.2,0.00385222877792659,1.02475879987797,0.902350964536977
24,12,"Abundance",0.2,0.003650201292202,0.972381550585489,0.855027789534715
25,12,"Abundance",0.2,0.00424936990235621,1.1254681401372,0.995377806229183
26,12,"Abundance",0.2,0.00365822420555775,0.98330328223313,0.856907086955058
27,12,"Abundance",0.2,0.0033660831628543,0.887842143432477,0.788475597845476
28,12,"Abundance",0.2,0.00383501740207573,1.02727279638636,0.898319349984622
29,12,"Abundance",0.2,0.00375938708582251,1.0051976488253,0.88060360859088
30,12,"Abundance",0.2,0.0044191998156587,1.17681401412637,1.03515898094908
31,12,"Abundance",0.2,0.00370000542606505,0.995819725304424,0.866693973144254
32,12,"Abundance",0.2,0.00332554645792311,0.892672203888756,0.778980228566436
33,12,"Abundance",0.2,0.00386308464908648,1.03960717182833,0.904893857593625
34,12,"Abundance",0.2,0.00406340575695637,1.084685857634,0.951817328478645
35,12,"Abundance",0.2,0.00341921584414624,0.915837345168352,0.800921464634845
36,12,"Abundance",0.2,0.00383371883276057,1.03314738859603,0.898015171457962
37,12,"Abundance",0.2,0.00378007304966535,1.00537519194231,0.885449115050129
38,12,"Abundance",0.2,0.0036413661974088,0.974413974705061,0.852958245702278
39,12,"Abundance",0.2,0.00400739300973439,1.0668399033248,0.938696831385703
40,12,"Abundance",0.2,0.00344395248888765,0.912214713544934,0.806715807735567
41,12,"Abundance",0.2,0.00365832321301166,0.980369169758939,0.856930278586887
42,12,"Abundance",0.2,0.00345346485091621,0.91143522419374,0.808943995505913
43,12,"Abundance",0.2,0.00392325015114564,1.04861815125266,0.91898710125714
44,12,"Abundance",0.2,0.00386176808110731,1.03110923754147,0.90458546303702
45,12,"Abundance",0.2,0.00364011190609851,0.977328720588028,0.852664438911761
46,12,"Abundance",0.2,0.00347284911194685,0.938497327411005,0.813484589444168
47,12,"Abundance",0.2,0.00396889705001139,1.05867733152855,0.929679488857698
48,12,"Abundance",0.2,0.004158197420949,1.10308922247298,0.974021448318033
49,12,"Abundance",0.2,0.00425332306320993,1.14176571316708,0.996303799651421
50,12,"Abundance",0.2,0.00361683501302102,0.956091963782424,0.847212029895907
51,12,"Abundance",0.2,0.00390982262153752,1.04430837341629,0.915841819657386
52,12,"Abundance",0.2,0.00360442100936697,0.957286910716423,0.844304157903673
53,12,"Abundance",0.2,0.00380624189871968,1.00836418025564,0.891578939509238
54,12,"Abundance",0.2,0.00462933743473526,1.22800889343034,1.08438188389445
55,12,"Abundance",0.2,0.00376172188964026,0.999664077124227,0.881150516004327
56,12,"Abundance",0.2,0.00327915521865909,0.876351622554975,0.768113485725026
57,12,"Abundance",0.2,0.00460424826596965,1.23393786981828,1.0785049651183
58,12,"Abundance",0.2,0.00366553464116163,0.97160581476432,0.858619492681356
59,12,"Abundance",0.2,0.00316339422079981,0.849016367337229,0.740997482471891
60,12,"Abundance",0.2,0.00335459932940036,0.895662893185185,0.78578561010302
61,12,"Abundance",0.2,0.00397814650528953,1.06271557526535,0.931846093016695
62,12,"Abundance",0.2,0.00401637273211449,1.07427577127615,0.940800252967875
63,12,"Abundance",0.2,0.00387522242926139,1.03589340272965,0.907737026647057
64,12,"Abundance",0.2,0.00394674850633917,1.0547647722737,0.924491385840493
65,12,"Abundance",0.2,0.00434136570480829,1.17098571517644,1.0169270199082
66,12,"Abundance",0.2,0.00341898326051767,0.90197033459726,0.800866983950108
67,12,"Abundance",0.2,0.00366541411432445,0.971923787225423,0.858591260321847
68,12,"Abundance",0.2,0.0038220089281661,1.03094953965903,0.895272228524251
69,12,"Abundance",0.2,0.00390708914077852,1.05712454604124,0.915201525650557
70,12,"Abundance",0.2,0.00351522403590564,0.943500858849072,0.823410545484342
71,12,"Abundance",0.2,0.00398427304339292,1.05565766811905,0.933281181087931
72,12,"Abundance",0.2,0.004006453627353,1.08055613481691,0.938476789262888
73,12,"Abundance",0.2,0.00377941455345527,1.01444271326356,0.885294868061027
74,12,"Abundance",0.2,0.0036047431200859,0.970015153118672,0.84437960952783
75,12,"Abundance",0.2,0.00372353312036552,1.01240861651158,0.872205130157311
76,12,"Abundance",0.2,0.00348885096398857,0.923136931764597,0.817232883602328
77,12,"Abundance",0.2,0.00366747991547395,0.974639438714583,0.859075156208423
78,12,"Abundance",0.2,0.00321191667112632,0.868321981416134,0.75236344290101
79,12,"Abundance",0.2,0.00375451782071512,0.999999161631493,0.879463025744026
80,12,"Abundance",0.2,0.00401714866827814,1.07382847722692,0.940982009240952
81,12,"Abundance",0.2,0.00371748337452506,0.990740049142987,0.870788030003336
82,12,"Abundance",0.2,0.0040644879046645,1.08597515356404,0.952070812133041
83,12,"Abundance",0.2,0.00412352562093107,1.10018389583227,0.965899881819272
84,12,"Abundance",0.2,0.00399065389899517,1.05336819239481,0.934775840813296
85,12,"Abundance",0.2,0.00373421251892652,0.991864488827131,0.874706686048119
86,12,"Abundance",0.2,0.00400273964763744,1.06787590026178,0.937606821934408
87,12,"Abundance",0.2,0.00406814841818522,1.08222419453054,0.952928255472093
88,12,"Abundance",0.2,0.00389771893463041,1.05060169691535,0.913006636654326
89,12,"Abundance",0.2,0.00367405584655565,0.992754804616797,0.860615510662012
90,12,"Abundance",0.2,0.00393216067573777,1.04681977460761,0.921074313861512
91,12,"Abundance",0.2,0.00399409301735621,1.05271620123184,0.935581424268783
92,12,"Abundance",0.2,0.00407581876386023,1.09396396619542,0.954724966990848
93,12,"Abundance",0.2,0.0035016734470685,0.937009117227449,0.820236438334395
94,12,"Abundance",0.2,0.00403718143200792,1.07281874570221,0.945674509275608
95,12,"Abundance",0.2,0.00368347711273259,0.977063417683559,0.86282236002429
96,12,"Abundance",0.2,0.00355657078156484,0.940980673287867,0.833095659732958
97,12,"Abundance",0.2,0.00391337811212742,1.05159514856043,0.916674662291654
98,12,"Abundance",0.2,0.00372498457826743,0.987190887991489,0.872545121500836
99,12,"Abundance",0.2,0.00372559385571465,1.00212346640618,0.872687839424365
100,12,"Abundance",0.2,0.00399276158830177,1.05814439700022,0.935269548635029
101,12,"Abundance",0.2,0.00432006719469426,1.15562468524723,1.01193802983192
102,12,"Abundance",0.2,0.00378439450792905,1.01259063246113,0.886461378925727
103,12,"Abundance",0.2,0.00349807201975149,0.939568794596584,0.819392835422801
104,12,"Abundance",0.2,0.0047117522054552,1.26962539490436,1.1036868245245
105,12,"Abundance",0.2,0.00386776498102179,1.02023131365401,0.905990184494131
106,12,"Abundance",0.2,0.0038700274018283,1.02737408663573,0.906520136819047
107,12,"Abundance",0.2,0.00362271926892319,0.96897975857178,0.848590365476422
108,12,"Abundance",0.2,0.00385466851229143,1.03338840017042,0.902922451015119
109,12,"Abundance",0.2,0.00370832299360381,0.997803606395647,0.868642290734896
110,12,"Abundance",0.2,0.00394444518258518,1.04692551345691,0.923951852357184
111,12,"Abundance",0.2,0.00380009408612612,1.02448006083547,0.890138868074385
112,12,"Abundance",0.2,0.00368899275135595,0.973304462461349,0.864114350224956
113,12,"Abundance",0.2,0.00418640665734739,1.12225602407388,0.980629215701628
114,12,"Abundance",0.2,0.00364607662681859,0.983970969286303,0.854061622673485
115,12,"Abundance",0.2,0.00435557761959102,1.1697359242897,1.02025603688808
116,12,"Abundance",0.2,0.00366210531623269,0.980797065958305,0.857816203251861
117,12,"Abundance",0.2,0.00366859311513293,0.974639319680902,0.859335913511244
118,12,"Abundance",0.2,0.00356375681229312,0.95806336442066,0.834778924703096
119,12,"Abundance",0.2,0.0041799104846823,1.11988397137741,0.979107543960918
120,12,"Abundance",0.2,0.00426142502237855,1.13440838493579,0.998201612863437
121,12,"Abundance",0.2,0.00362215165619821,0.969312144223015,0.848457407150369
122,12,"Abundance",0.2,0.00385217842152867,1.04290609881735,0.902339168990329
123,12,"Abundance",0.2,0.00360957756171798,0.966990126575501,0.84551203527956
124,12,"Abundance",0.2,0.00361133441043416,0.963133625175295,0.845923561755527
125,12,"Abundance",0.2,0.00382430882577081,1.01499282244611,0.895810959461998
1,12,"Abundance",0.25,0.00359485759026644,0.965909984201811,0.842064010459919
2,12,"Abundance",0.25,0.00398930361472305,1.07015753667287,0.9344595485094
3,12,"Abundance",0.25,0.00385701035509322,1.03603823451856,0.903471007249131
4,12,"Abundance",0.25,0.00358791910557034,0.9516796992889,0.840438730986947
5,12,"Abundance",0.25,0.00397917160478722,1.07041687357926,0.932086213625783
6,12,"Abundance",0.25,0.00351233989358369,0.93800682918939,0.822734960321538
7,12,"Abundance",0.25,0.00356940334818195,0.964810439522307,0.836101576445583
8,12,"Abundance",0.25,0.00430859482976216,1.16182726744805,1.0092507284906
9,12,"Abundance",0.25,0.0033821162633067,0.902157411164387,0.792231211671083
10,12,"Abundance",0.25,0.00394430700685674,1.04270235200485,0.923919485898959
11,12,"Abundance",0.25,0.00410955582787569,1.08966280365016,0.962627579740501
12,12,"Abundance",0.25,0.00344862753880123,0.928496285983513,0.807810897368604
13,12,"Abundance",0.25,0.00375960938694651,1.00476492695239,0.880655680688668
14,12,"Abundance",0.25,0.00394538272212536,1.05341078874368,0.924171462810541
15,12,"Abundance",0.25,0.00388045446630898,1.04468941351841,0.908962585654202
16,12,"Abundance",0.25,0.00379359358595617,1.00963218973695,0.88861618265343
17,12,"Abundance",0.25,0.00370121964217101,0.987346531647855,0.866978392667996
18,12,"Abundance",0.25,0.00377542942368236,1.01424010392495,0.884361386198533
19,12,"Abundance",0.25,0.00363405526201502,0.968354387484605,0.851245722904562
20,12,"Abundance",0.25,0.00363678243331143,0.955100114885253,0.851884538974861
21,12,"Abundance",0.25,0.00417064436744009,1.11524859064348,0.976937036882278
22,12,"Abundance",0.25,0.00379821757555833,1.01700797756927,0.889699311854226
23,12,"Abundance",0.25,0.00371302541331432,0.983336645726276,0.869743791503939
24,12,"Abundance",0.25,0.00330466717761604,0.884690838602135,0.774089439412917
25,12,"Abundance",0.25,0.0035189412285304,0.938437582058014,0.82428126540875
26,12,"Abundance",0.25,0.00345232467920181,0.907771988937217,0.808676920234546
27,12,"Abundance",0.25,0.00363260335359687,0.969573173006501,0.850905626031545
28,12,"Abundance",0.25,0.00378963196523547,1.01944894895762,0.887688207581192
29,12,"Abundance",0.25,0.00351114824603588,0.943857138910068,0.822455827285541
30,12,"Abundance",0.25,0.00429409397643867,1.15080939461043,1.00585403017974
31,12,"Abundance",0.25,0.00369366892438568,0.9820838279729,0.865209702938149
32,12,"Abundance",0.25,0.00384256107085382,1.01922163789589,0.900086388546069
33,12,"Abundance",0.25,0.00408586511432346,1.09291612932534,0.957078236890742
34,12,"Abundance",0.25,0.00367840237054017,0.979635505423752,0.861633645963909
35,12,"Abundance",0.25,0.0037487557566104,1.00850998461705,0.878113312525437
36,12,"Abundance",0.25,0.00362086825244394,0.972754510462542,0.848156781023963
37,12,"Abundance",0.25,0.00418902504551566,1.11243276565418,0.981242550273748
38,12,"Abundance",0.25,0.00363691543271517,0.962896844847818,0.851915692924215
39,12,"Abundance",0.25,0.00412370171132983,1.10534721855427,0.965941129458059
40,12,"Abundance",0.25,0.00392003302413868,1.04463377021595,0.918233517338547
41,12,"Abundance",0.25,0.00367497296107321,0.984480583936244,0.860830336732112
42,12,"Abundance",0.25,0.00356620179462434,0.962102217742318,0.835351640471563
43,12,"Abundance",0.25,0.00420516002525999,1.11917461888403,0.985022028434155
44,12,"Abundance",0.25,0.00398106478946773,1.05067330251746,0.932529675611292
45,12,"Abundance",0.25,0.00412164618409172,1.10690580213665,0.965459640145543
46,12,"Abundance",0.25,0.00348199154341683,0.939811576277552,0.81562612421032
47,12,"Abundance",0.25,0.00366580379934083,0.990092497559168,0.858682540635318
48,12,"Abundance",0.25,0.00352152629797392,0.933504658746389,0.824886795360422
49,12,"Abundance",0.25,0.0041402015171603,1.10339955934512,0.969806064944521
50,12,"Abundance",0.25,0.00364671582338445,0.9780516727788,0.854211348889381
51,12,"Abundance",0.25,0.00399103713642322,1.0613887873895,0.934865610835479
52,12,"Abundance",0.25,0.00411204221093638,1.10194534661999,0.963209993268447
53,12,"Abundance",0.25,0.00410515695926988,1.08485434462117,0.961597183167982
54,12,"Abundance",0.25,0.00372712441732924,0.9925973950818,0.87304636012208
55,12,"Abundance",0.25,0.00369943242582106,0.981809277088343,0.866559752838898
56,12,"Abundance",0.25,0.00424825687203468,1.12208689420624,0.995117088592173
57,12,"Abundance",0.25,0.00447921159220475,1.20586885969604,1.04921621575304
58,12,"Abundance",0.25,0.00388167218335267,1.03036435729111,0.90924782524205
59,12,"Abundance",0.25,0.0037515366110082,0.997321427596592,0.878764703393615
60,12,"Abundance",0.25,0.00383916145758435,1.0328378351854,0.89929005881343
61,12,"Abundance",0.25,0.00395631013883658,1.05221968735848,0.926731114788064
62,12,"Abundance",0.25,0.00372561109422217,0.992925147898442,0.872691877394277
63,12,"Abundance",0.25,0.00371641266673956,0.995916261840314,0.870537226050953
64,12,"Abundance",0.25,0.00410625964541532,1.09842827105005,0.961855477772034
65,12,"Abundance",0.25,0.00350197941995883,0.941023699843603,0.820308109813065
66,12,"Abundance",0.25,0.00354564782100749,0.94474931614723,0.830537051570585
67,12,"Abundance",0.25,0.00348960221949332,0.928255007164217,0.817408858646494
68,12,"Abundance",0.25,0.00428214281596159,1.14512449569314,1.00305457516148
69,12,"Abundance",0.25,0.00416825465611112,1.11497906662369,0.976377267863622
70,12,"Abundance",0.25,0.00404716939744832,1.08112942851125,0.948014102993551
71,12,"Abundance",0.25,0.00384491227964456,1.01619026923295,0.900637138681224
72,12,"Abundance",0.25,0.00362509178434132,0.959689303972523,0.849146106503067
73,12,"Abundance",0.25,0.00376115943203471,1.00718777855465,0.881018765220006
74,12,"Abundance",0.25,0.00416311716086434,1.10939280353021,0.975173854448048
75,12,"Abundance",0.25,0.00411761341676592,1.09454013991851,0.964514999602113
76,12,"Abundance",0.25,0.00458075496262898,1.21607129658094,1.07300186388736
77,12,"Abundance",0.25,0.00363890554541835,0.979911796977741,0.852381859452935
78,12,"Abundance",0.25,0.00447896234719652,1.17924038487176,1.04915783228556
79,12,"Abundance",0.25,0.00354721029603101,0.943492663180616,0.830903047705776
80,12,"Abundance",0.25,0.0038208759619945,1.01746556582809,0.895006841088384
81,12,"Abundance",0.25,0.00385587487695824,1.0357067780666,0.903205031407779
82,12,"Abundance",0.25,0.00380922111100368,1.02103374495824,0.892276793980765
83,12,"Abundance",0.25,0.00363041114811216,0.96972296077911,0.850392121032847
84,12,"Abundance",0.25,0.0041235491948834,1.09531657942039,0.965905403811824
85,12,"Abundance",0.25,0.00413159029335103,1.11053630787035,0.967788960935883
86,12,"Abundance",0.25,0.00378319177057444,1.00499343463916,0.886179648199286
87,12,"Abundance",0.25,0.00386643348230075,1.02989955382637,0.905678292541587
88,12,"Abundance",0.25,0.00406143658912443,1.08932576200859,0.951356068103179
89,12,"Abundance",0.25,0.00353842286693129,0.947744646317052,0.828844669145961
90,12,"Abundance",0.25,0.00347635462918495,0.932605270380309,0.814305726256988
91,12,"Abundance",0.25,0.00375757830840064,1.01106254749113,0.8801799182689
92,12,"Abundance",0.25,0.00376171299070724,0.993857802123451,0.881148431506943
93,12,"Abundance",0.25,0.00398544244787468,1.05190652941852,0.933555103879879
94,12,"Abundance",0.25,0.00358943824940471,0.951705755069035,0.840794577169308
95,12,"Abundance",0.25,0.00383894950485209,1.02079749460238,0.899240410736073
96,12,"Abundance",0.25,0.00380578280446201,1.008089738113,0.891471400686874
97,12,"Abundance",0.25,0.00386654921548494,1.02629008078184,0.905705402029728
98,12,"Abundance",0.25,0.00373410088716862,0.995882932915307,0.874680537283292
99,12,"Abundance",0.25,0.00402098650802462,1.08115507408444,0.941880989700479
100,12,"Abundance",0.25,0.00344982367248053,0.926365895896103,0.80809108124174
101,12,"Abundance",0.25,0.00395135403414639,1.0476984139967,0.925570190526987
102,12,"Abundance",0.25,0.00402338648610502,1.06771332007682,0.942443163616039
103,12,"Abundance",0.25,0.00425946549412063,1.13307584442254,0.997742610474047
104,12,"Abundance",0.25,0.00344812385537278,0.910720744842715,0.807692913922226
105,12,"Abundance",0.25,0.00374003147064785,0.994975765400785,0.876069724694325
106,12,"Abundance",0.25,0.00387518252051607,1.02871378044617,0.907727678371842
107,12,"Abundance",0.25,0.00422376371058963,1.12793383452477,0.989379779328224
108,12,"Abundance",0.25,0.00382487563605601,1.02419547350124,0.895943729823525
109,12,"Abundance",0.25,0.00353303952728574,0.93734121151749,0.827583668825989
110,12,"Abundance",0.25,0.00360474464641717,0.969899945190877,0.844379967057602
111,12,"Abundance",0.25,0.00393219099329738,1.05039045232217,0.921081415485209
112,12,"Abundance",0.25,0.00440578709037137,1.19702760421196,1.03201716713225
113,12,"Abundance",0.25,0.00419358907719919,1.12100735177937,0.982311634855475
114,12,"Abundance",0.25,0.00382556661073522,1.0204776889066,0.896105584610506
115,12,"Abundance",0.25,0.00374179739056437,0.995147572743703,0.876483376019781
116,12,"Abundance",0.25,0.00405468415536134,1.08119619407921,0.949774369437207
117,12,"Abundance",0.25,0.00415591299663508,1.110063081308,0.973486341863587
118,12,"Abundance",0.25,0.00391414723711307,1.04913551360584,0.916854823105739
119,12,"Abundance",0.25,0.00362010676470466,0.975093123135266,0.847978409168172
120,12,"Abundance",0.25,0.00404792238818569,1.08078615601627,0.948190484500802
121,12,"Abundance",0.25,0.00391992924087769,1.05545957333528,0.918209207015595
122,12,"Abundance",0.25,0.00357456923852857,0.949524782718319,0.837311641165434
123,12,"Abundance",0.25,0.00417353045845749,1.11480868119771,0.977613078509984
124,12,"Abundance",0.25,0.00412884752633505,1.10798903594528,0.96714649170442
125,12,"Abundance",0.25,0.00378871199440332,1.01877550933169,0.887472712444332
1,12,"Abundance",0.3,0.00377010563395071,1.00408470924247,0.883114334926063
2,12,"Abundance",0.3,0.00362245497582996,0.968893690322609,0.848528457126386
3,12,"Abundance",0.3,0.00390556836130995,1.04779500137036,0.914845296335168
4,12,"Abundance",0.3,0.00442773427503664,1.1911058459593,1.03715810355977
5,12,"Abundance",0.3,0.00420138708403379,1.13316584547252,0.984138249886484
6,12,"Abundance",0.3,0.00395051013490485,1.05049443867107,0.925372514496182
7,12,"Abundance",0.3,0.00435154362485579,1.15871000360998,1.01931110883471
8,12,"Abundance",0.3,0.00366171211380325,0.983170439962984,0.857724099015085
9,12,"Abundance",0.3,0.00419921434121745,1.12662801509754,0.983629303847976
10,12,"Abundance",0.3,0.00395530964823969,1.04918928324367,0.926496758599185
11,12,"Abundance",0.3,0.00390176349983648,1.04290922241918,0.913954040748216
12,12,"Abundance",0.3,0.00389192122400277,1.0435955013062,0.9116485735489
13,12,"Abundance",0.3,0.00411389858867107,1.10557725521381,0.963644833548191
14,12,"Abundance",0.3,0.00398510470985694,1.05863593944813,0.93347599169739
15,12,"Abundance",0.3,0.00387541124873196,1.03921851457487,0.907781255959803
16,12,"Abundance",0.3,0.00404877361489684,1.07312840717479,0.948389876927406
17,12,"Abundance",0.3,0.00407769656751746,1.08152019691342,0.955164826105924
18,12,"Abundance",0.3,0.00404482631369531,1.08265959814882,0.947465256077539
19,12,"Abundance",0.3,0.00349841315088732,0.934500471521161,0.819472742413569
20,12,"Abundance",0.3,0.0043864818323857,1.16171872656369,1.02749507896765
21,12,"Abundance",0.3,0.00399742970254571,1.0574229484245,0.936363013648001
22,12,"Abundance",0.3,0.00408999809871198,1.09975771538388,0.958046352406287
23,12,"Abundance",0.3,0.00398698928298405,1.06222484704808,0.933917436501687
24,12,"Abundance",0.3,0.00378709705310805,1.01541937910576,0.887094426542985
25,12,"Abundance",0.3,0.00418691912130277,1.12854302117888,0.980749255909808
26,12,"Abundance",0.3,0.00353122120286597,0.941662021268881,0.827157742203078
27,12,"Abundance",0.3,0.00381061815974825,1.01533385656954,0.892604040454122
28,12,"Abundance",0.3,0.00394268202507001,1.06445560869867,0.923538848100137
29,12,"Abundance",0.3,0.0035035911882443,0.932468133475627,0.820685652464576
30,12,"Abundance",0.3,0.00358135325750317,0.937087026048576,0.838900738391495
31,12,"Abundance",0.3,0.00386973852465262,1.02325465877409,0.906452469862295
32,12,"Abundance",0.3,0.00378555312671203,1.02701987722173,0.886732775261886
33,12,"Abundance",0.3,0.00377404659985767,1.00624549923927,0.884037471788475
34,12,"Abundance",0.3,0.00404458463862019,1.08558335596359,0.947408645800812
35,12,"Abundance",0.3,0.00382253655960657,1.02079472390857,0.895395821583404
36,12,"Abundance",0.3,0.00380531030098009,1.01770888211777,0.89136072087079
37,12,"Abundance",0.3,0.00349364195584635,0.935573661137138,0.81835513162371
38,12,"Abundance",0.3,0.00414215654907831,1.1162875566391,0.970264014105542
39,12,"Abundance",0.3,0.00376145947220622,0.998102190478837,0.881089047011081
40,12,"Abundance",0.3,0.00402654037942995,1.07885956624859,0.943181935596584
41,12,"Abundance",0.3,0.00411106387662966,1.09339316700022,0.962980826997121
42,12,"Abundance",0.3,0.00372419055819266,1.00076026612294,0.872359129229436
43,12,"Abundance",0.3,0.003324510299975,0.889195963139909,0.778737517611855
44,12,"Abundance",0.3,0.0038757970621846,1.03512933174131,0.907871629393254
45,12,"Abundance",0.3,0.00412193669378174,1.08915315275472,0.96552768950452
46,12,"Abundance",0.3,0.00405576867689552,1.07543439595133,0.950028409139632
47,12,"Abundance",0.3,0.00420155215726512,1.13338321552357,0.984176916849989
48,12,"Abundance",0.3,0.00367193902451012,0.977282888072584,0.860119663575907
49,12,"Abundance",0.3,0.00360742366462367,0.96257547597283,0.845007503686914
50,12,"Abundance",0.3,0.00394858405756489,1.06916428961907,0.924921347692305
51,12,"Abundance",0.3,0.00336972868419787,0.90995381786146,0.789329529397902
52,12,"Abundance",0.3,0.00359548157453331,0.951159744531034,0.842210173327584
53,12,"Abundance",0.3,0.00439364870289063,1.17834999522877,1.02917385582273
54,12,"Abundance",0.3,0.00343968298071826,0.902812859266573,0.805715712716077
55,12,"Abundance",0.3,0.00401273164464903,1.06177534226042,0.939947360012704
56,12,"Abundance",0.3,0.00375654503193157,1.00306944001203,0.879937882275641
57,12,"Abundance",0.3,0.0043661684937127,1.1576673559896,1.02273685670173
58,12,"Abundance",0.3,0.00397002259205408,1.06327996930828,0.929943137256173
59,12,"Abundance",0.3,0.00361790658433644,0.957673335608675,0.847463036122633
60,12,"Abundance",0.3,0.00400937344758537,1.07043328283169,0.939160731664765
61,12,"Abundance",0.3,0.00378251408045389,1.00631797233153,0.88602090520421
62,12,"Abundance",0.3,0.00397373375671114,1.06262068076425,0.930812445181769
63,12,"Abundance",0.3,0.00370406801912627,0.992793026981795,0.867645600105847
64,12,"Abundance",0.3,0.00470727141158341,1.25943891755146,1.10263723767356
65,12,"Abundance",0.3,0.00450324010238004,1.20916355533921,1.05484468451308
66,12,"Abundance",0.3,0.00457851618063364,1.22526170882114,1.07247744874763
67,12,"Abundance",0.3,0.00367575734808941,0.984195630905405,0.861014072543622
68,12,"Abundance",0.3,0.00348109992641466,0.938149930257025,0.815417270710631
69,12,"Abundance",0.3,0.00390065633069619,1.02806699502907,0.913694696041755
70,12,"Abundance",0.3,0.00351699820776532,0.937973876005024,0.823826129755449
71,12,"Abundance",0.3,0.00374805485348811,0.997513423896135,0.87794913208733
72,12,"Abundance",0.3,0.00374421955572185,0.993639701266773,0.877050747064477
73,12,"Abundance",0.3,0.00391586090257824,1.03216958932183,0.91725623428211
74,12,"Abundance",0.3,0.00408508495448796,1.08435474835793,0.956895491259404
75,12,"Abundance",0.3,0.00409141264142755,1.08367267583899,0.958377696689665
76,12,"Abundance",0.3,0.0040763191865209,1.09142559461485,0.954842186630845
77,12,"Abundance",0.3,0.00360615287609154,0.965695190150829,0.844709832566179
78,12,"Abundance",0.3,0.00377146528668692,1.00354296470591,0.883432821710908
79,12,"Abundance",0.3,0.00396483469290236,1.06096419478198,0.928727917165837
80,12,"Abundance",0.3,0.00402372473463719,1.08269180395297,0.942522395382068
81,12,"Abundance",0.3,0.00367005552422927,0.986895427463022,0.85967847007648
82,12,"Abundance",0.3,0.00433220801363281,1.15822902038881,1.01478191068922
83,12,"Abundance",0.3,0.00401879834772247,1.08043260675519,0.941368432250477
84,12,"Abundance",0.3,0.00404680562653598,1.0744867957021,0.94792889283274
85,12,"Abundance",0.3,0.00392610817545575,1.03945151218776,0.919656568503649
86,12,"Abundance",0.3,0.00387363996412938,1.03768905597673,0.907366348003467
87,12,"Abundance",0.3,0.004170952715768,1.10812402466362,0.977009264786476
88,12,"Abundance",0.3,0.00385336449048169,1.03786072706373,0.90261699528919
89,12,"Abundance",0.3,0.00410609842590511,1.08096846056374,0.961817713509068
90,12,"Abundance",0.3,0.00366311849541833,0.982849783706297,0.858053531631899
91,12,"Abundance",0.3,0.00390757993597884,1.04169959454935,0.915316490142013
92,12,"Abundance",0.3,0.0038486375967518,1.02611654965749,0.901509761694752
93,12,"Abundance",0.3,0.00365200599741775,0.985828064116566,0.855450525977953
94,12,"Abundance",0.3,0.0037655058107961,1.00290465157127,0.882036866504658
95,12,"Abundance",0.3,0.00398712026402804,1.07476306348436,0.933948117667887
96,12,"Abundance",0.3,0.00440526226037618,1.16795145777465,1.0318942302872
97,12,"Abundance",0.3,0.00384434347969086,1.01912783560686,0.900503902257222
98,12,"Abundance",0.3,0.00405364749492448,1.08594782367106,0.949531540779035
99,12,"Abundance",0.3,0.00380087704707458,1.02821916922336,0.890322269841967
100,12,"Abundance",0.3,0.00411185456064299,1.08770157827133,0.963166037825243
101,12,"Abundance",0.3,0.0037396340307671,1.00126786754763,0.875976627871575
102,12,"Abundance",0.3,0.00463385418986731,1.2362883276017,1.08543989435669
103,12,"Abundance",0.3,0.00344282856389872,0.916225789839338,0.806452538117831
104,12,"Abundance",0.3,0.00374590112509437,1.00377006513631,0.877444640011315
105,12,"Abundance",0.3,0.00355639639440911,0.947035779977895,0.833054811063975
106,12,"Abundance",0.3,0.00387536193867084,1.04099582283461,0.907769705508422
107,12,"Abundance",0.3,0.0044913834368936,1.21136697087418,1.05206736412152
108,12,"Abundance",0.3,0.00391191824566878,1.03729656443968,0.91633270131711
109,12,"Abundance",0.3,0.00434524014388557,1.15931825535871,1.01783457344148
110,12,"Abundance",0.3,0.00376924807866606,1.01784359679738,0.882913460086367
111,12,"Abundance",0.3,0.00384569314058767,1.02909464465527,0.900820048540904
112,12,"Abundance",0.3,0.00371584880813422,0.985943658081397,0.870405147094661
113,12,"Abundance",0.3,0.00365890252815267,0.97548057932303,0.857065978101742
114,12,"Abundance",0.3,0.00402728641470423,1.0773681016498,0.943356687847326
115,12,"Abundance",0.3,0.00383432329137145,1.02889074759296,0.898156760611146
116,12,"Abundance",0.3,0.0036711156128637,0.987830748396687,0.859926786585415
117,12,"Abundance",0.3,0.00349092655977953,0.933320531755407,0.817719073798164
118,12,"Abundance",0.3,0.0039134018938746,1.03668543984092,0.91668023295834
119,12,"Abundance",0.3,0.00417923563513076,1.10593086925505,0.978949466344331
120,12,"Abundance",0.3,0.00358360259942526,0.959336249362093,0.839427627101898
121,12,"Abundance",0.3,0.00363941937568615,0.965587258388604,0.852502219707869
122,12,"Abundance",0.3,0.00443265136011756,1.17284465312129,1.03830988781799
123,12,"Abundance",0.3,0.00394712823296882,1.05701628693054,0.924580333488806
124,12,"Abundance",0.3,0.00396729380792059,1.05413338378272,0.929303943392875
125,12,"Abundance",0.3,0.00407943790954247,1.08429619145256,0.955572720274843
1,12,"Abundance",0.35,0.00395767586080102,1.04524614250827,0.927051023236639
2,12,"Abundance",0.35,0.0046610869844741,1.25862619250374,1.09181893877412
3,12,"Abundance",0.35,0.00354750518497726,0.949194837770916,0.830972122867295
4,12,"Abundance",0.35,0.00398445126599081,1.05119917128514,0.933322928175757
5,12,"Abundance",0.35,0.00390710079927071,1.04562549778705,0.915204256550594
6,12,"Abundance",0.35,0.00398575890156993,1.06077190640034,0.933629230395609
7,12,"Abundance",0.35,0.00395280462506307,1.05420603631468,0.925909978786787
8,12,"Abundance",0.35,0.00431830483927761,1.14287228072472,1.01152521345944
9,12,"Abundance",0.35,0.00434147201332817,1.15925594555103,1.016951921751
10,12,"Abundance",0.35,0.0041733068157554,1.11296803511392,0.977560692159231
11,12,"Abundance",0.35,0.0036886177034375,0.980400438861322,0.864026498523915
12,12,"Abundance",0.35,0.00362437355998608,0.984181797140433,0.848977868717341
13,12,"Abundance",0.35,0.00391582857796692,1.05639224483278,0.917248662524062
14,12,"Abundance",0.35,0.00381392181475942,1.01654793136886,0.893377892802385
15,12,"Abundance",0.35,0.00395944503096246,1.05816221249532,0.927465435903605
16,12,"Abundance",0.35,0.00377308363006785,1.00138111555733,0.883811904521118
17,12,"Abundance",0.35,0.0040655386690268,1.07721382829175,0.952316944512622
18,12,"Abundance",0.35,0.00394847159156717,1.05089374010051,0.924895003514075
19,12,"Abundance",0.35,0.00400201547948203,1.06345192708319,0.93743719186538
20,12,"Abundance",0.35,0.00379062918777158,1.00413453733821,0.887921798255369
21,12,"Abundance",0.35,0.00389180949823736,1.05157205678655,0.91162240276363
22,12,"Abundance",0.35,0.00365863951735787,0.976831949177409,0.857004370118928
23,12,"Abundance",0.35,0.004058174488752,1.07981585230167,0.950591949566317
24,12,"Abundance",0.35,0.00403963061171292,1.09573387757923,0.94624820824224
25,12,"Abundance",0.35,0.00389830238245656,1.03178616147769,0.913143304214602
26,12,"Abundance",0.35,0.00396066613553098,1.05364783881583,0.927751468989565
27,12,"Abundance",0.35,0.00413179677085466,1.09124718147592,0.96783732648873
28,12,"Abundance",0.35,0.00472417485420044,1.27542337681944,1.10659672155387
29,12,"Abundance",0.35,0.00356649213876799,0.955474797081813,0.835419651052753
30,12,"Abundance",0.35,0.00389944898394198,1.03870534099126,0.913411885603698
31,12,"Abundance",0.35,0.00400005955710692,1.07050537244043,0.936979034122548
32,12,"Abundance",0.35,0.00357866775438624,0.960707651470984,0.838271682728528
33,12,"Abundance",0.35,0.00409891168850116,1.09979746012736,0.960134283006322
34,12,"Abundance",0.35,0.00417140654633745,1.12818102550269,0.977115570635812
35,12,"Abundance",0.35,0.00406048868524368,1.08734123411246,0.951134029893511
36,12,"Abundance",0.35,0.00363547012498345,0.976488477511484,0.851577142204367
37,12,"Abundance",0.35,0.00401533779142491,1.08122501139738,0.940557827145503
38,12,"Abundance",0.35,0.00367144358255022,0.982797248062181,0.860003610621589
39,12,"Abundance",0.35,0.00397680743934229,1.06237583768812,0.931532428507474
40,12,"Abundance",0.35,0.00415595930752464,1.09771275090669,0.973497189785211
41,12,"Abundance",0.35,0.0040199219821766,1.07271824003433,0.941631633812985
42,12,"Abundance",0.35,0.00389865548138763,1.0353128374318,0.913226014556946
43,12,"Abundance",0.35,0.00383198867139933,1.02246548052295,0.897609896261931
44,12,"Abundance",0.35,0.00371917676159947,0.9974603698128,0.871184691143681
45,12,"Abundance",0.35,0.00410647190885329,1.09819118669368,0.961905198629501
46,12,"Abundance",0.35,0.00451197415561582,1.2059149417463,1.05689056024268
47,12,"Abundance",0.35,0.0036267766350231,0.980084912457061,0.849540768067963
48,12,"Abundance",0.35,0.00405362128616482,1.08404911144488,0.949525401605866
49,12,"Abundance",0.35,0.00385996607413801,1.03629711489366,0.904163358634458
50,12,"Abundance",0.35,0.00441511905336327,1.18016829903461,1.03420309800297
51,12,"Abundance",0.35,0.00399511171378325,1.07063099284578,0.935820045014453
52,12,"Abundance",0.35,0.00402148037249787,1.07114577469204,0.941996673142317
53,12,"Abundance",0.35,0.00381412869463854,1.01474675838896,0.893426352608176
54,12,"Abundance",0.35,0.00400852456175723,1.06644704234151,0.93896188756958
55,12,"Abundance",0.35,0.0036738716526961,0.977772862299837,0.860572364858262
56,12,"Abundance",0.35,0.00396401338922953,1.04958864242344,0.928535533949762
57,12,"Abundance",0.35,0.00392452770733852,1.05307874960245,0.919286357643336
58,12,"Abundance",0.35,0.00411430973483834,1.09792456730934,0.963741140948922
59,12,"Abundance",0.35,0.00415746119586061,1.11968726700515,0.973848994017695
60,12,"Abundance",0.35,0.00398007201839598,1.07508953737489,0.932297127653783
61,12,"Abundance",0.35,0.00385554492129537,1.02633697860171,0.903127742173979
62,12,"Abundance",0.35,0.00392631782475931,1.04796448649007,0.919705677022948
63,12,"Abundance",0.35,0.00411201405961521,1.11387674827458,0.963203399067198
64,12,"Abundance",0.35,0.00398150440853108,1.05926140460681,0.932632652539385
65,12,"Abundance",0.35,0.004061997125614,1.07942256322719,0.951487368882857
66,12,"Abundance",0.35,0.00388010930199232,1.0381888145484,0.90888173392602
67,12,"Abundance",0.35,0.00358163066229544,0.965772148994833,0.838965718042589
68,12,"Abundance",0.35,0.00418306273064351,1.11543625155995,0.979845930060893
69,12,"Abundance",0.35,0.0039515378909011,1.05110953621429,0.925613257366868
70,12,"Abundance",0.35,0.00482174087809392,1.27652307784614,1.12945071098223
71,12,"Abundance",0.35,0.00330534972723208,0.88790904496798,0.774249320702394
72,12,"Abundance",0.35,0.00465627605584285,1.23664509628825,1.09069202073758
73,12,"Abundance",0.35,0.00419126286804414,1.12849507293532,0.981766740666747
74,12,"Abundance",0.35,0.00382655086659465,1.03073436960237,0.896336137953858
75,12,"Abundance",0.35,0.00373259759837551,0.995193447403823,0.874328405005929
76,12,"Abundance",0.35,0.00334925083661483,0.900937848153756,0.78453277235583
77,12,"Abundance",0.35,0.00396912804267382,1.05822351576921,0.9297335968725
78,12,"Abundance",0.35,0.00393392280321901,1.05215582596709,0.921487076842123
79,12,"Abundance",0.35,0.00372058061810118,0.993081169021767,0.871513532274722
80,12,"Abundance",0.35,0.00430763644660768,1.14221907129121,1.00902623560253
81,12,"Abundance",0.35,0.00358947255675079,0.958951380511476,0.840802613365655
82,12,"Abundance",0.35,0.00427729378204628,1.1579169245947,1.00191873129478
83,12,"Abundance",0.35,0.00410753379705159,1.08746099030147,0.962153936670557
84,12,"Abundance",0.35,0.00357444032346099,0.959922896010159,0.837281443936175
85,12,"Abundance",0.35,0.00424282940543965,1.13494851431007,0.993845751919478
86,12,"Abundance",0.35,0.00395825579388273,1.06325213490194,0.927186867498718
87,12,"Abundance",0.35,0.00409696547651645,1.09646169922971,0.959678399837687
88,12,"Abundance",0.35,0.00440459715864796,1.1872440481928,1.03173843601314
89,12,"Abundance",0.35,0.00364656814938279,0.977362730713044,0.854176757543566
90,12,"Abundance",0.35,0.00415264945391062,1.08955188659619,0.972721885468339
91,12,"Abundance",0.35,0.00438803535864746,1.17185711523003,1.0278589789335
92,12,"Abundance",0.35,0.00381874491147078,1.02035946796222,0.894507661105473
93,12,"Abundance",0.35,0.00424155023484736,1.14406851529431,0.993546117374303
94,12,"Abundance",0.35,0.00428694209455245,1.14806945655543,1.00417876427776
95,12,"Abundance",0.35,0.00430367665945399,1.14595168031851,1.00809869002738
96,12,"Abundance",0.35,0.00385276225559628,1.03975468482552,0.902475927024295
97,12,"Abundance",0.35,0.00345051011836738,0.922251360579451,0.808251875198647
98,12,"Abundance",0.35,0.00422753934155285,1.14317181510436,0.990264187923295
99,12,"Abundance",0.35,0.00420521189890223,1.13190593108225,0.985034179382031
100,12,"Abundance",0.35,0.00455160578921905,1.21637603750967,1.06617392446366
101,12,"Abundance",0.35,0.00398482722367084,1.07396219219847,0.933410992980509
102,12,"Abundance",0.35,0.00393442128458216,1.05511494551961,0.921603841750111
103,12,"Abundance",0.35,0.00414832257510824,1.10943338343847,0.971708351878873
104,12,"Abundance",0.35,0.00361851597361987,0.9847030075656,0.847605780242832
105,12,"Abundance",0.35,0.00371645439626577,1.00109136187711,0.870547000828203
106,12,"Abundance",0.35,0.00424636894015209,1.13959474989688,0.994674857028731
107,12,"Abundance",0.35,0.00422032567584984,1.13542789955905,0.988574449701549
108,12,"Abundance",0.35,0.00433056893651861,1.15806813329906,1.01439797118298
109,12,"Abundance",0.35,0.00343436317046024,0.921082327820941,0.804469593600572
110,12,"Abundance",0.35,0.00385096680585904,1.03052409632322,0.902055358596089
111,12,"Abundance",0.35,0.00444892275715229,1.17802249668233,1.04212132053786
112,12,"Abundance",0.35,0.00369156781018467,0.975571726288008,0.864717535277506
113,12,"Abundance",0.35,0.00414086617126556,1.11346370152444,0.96996175436681
114,12,"Abundance",0.35,0.00392809264746819,1.05814932451076,0.920121413749803
115,12,"Abundance",0.35,0.00398440198627688,1.06357461960728,0.933311384832942
116,12,"Abundance",0.35,0.00365419394055295,0.979425900831307,0.855963032558482
117,12,"Abundance",0.35,0.00393691429556841,1.0499676948886,0.922187807811773
118,12,"Abundance",0.35,0.00359667324321008,0.968110186564838,0.84248931131285
119,12,"Abundance",0.35,0.00355091240027738,0.952733287634551,0.831770233309242
120,12,"Abundance",0.35,0.00367801434551651,0.985902530210607,0.861542754489249
121,12,"Abundance",0.35,0.00350798418725512,0.940158481590164,0.821714674135696
122,12,"Abundance",0.35,0.00433359220326847,1.15990921916089,1.01510614502857
123,12,"Abundance",0.35,0.00369967796432104,0.987278654289156,0.866617268089186
124,12,"Abundance",0.35,0.0034087345887374,0.912362702104933,0.798466322047802
125,12,"Abundance",0.35,0.00449987955339978,1.20748462767015,1.0540575052492
1,12,"Abundance",0.4,0.00410718817246497,1.09490274314436,0.962072977128154
2,12,"Abundance",0.4,0.00425683349255369,1.12470842681075,0.997126087082125
3,12,"Abundance",0.4,0.00424351957671721,1.14848969901831,0.994007418516635
4,12,"Abundance",0.4,0.00420453551949991,1.12672570360889,0.984875743411263
5,12,"Abundance",0.4,0.00415789335594853,1.11701030938157,0.973950223745909
6,12,"Abundance",0.4,0.00433231348054601,1.15788895370674,1.01480661539301
7,12,"Abundance",0.4,0.00442649233572126,1.18587231825418,1.03686719011622
8,12,"Abundance",0.4,0.00360874898057364,0.965523921082275,0.845317947379311
9,12,"Abundance",0.4,0.00361745042149173,0.962032341597878,0.847356183958183
10,12,"Abundance",0.4,0.00379202265193586,1.00213157619218,0.888248205072091
11,12,"Abundance",0.4,0.00383334458436967,1.01387264258902,0.897927507039257
12,12,"Abundance",0.4,0.00400031361713749,1.0792676268034,0.937038545466987
13,12,"Abundance",0.4,0.00428003392449007,1.15884906916599,1.00256058574312
14,12,"Abundance",0.4,0.00381924983741196,1.01468810396709,0.894625935599614
15,12,"Abundance",0.4,0.00357970229120892,0.958247295575056,0.838514013948615
16,12,"Abundance",0.4,0.00419524256544924,1.11885402984781,0.982698950044499
17,12,"Abundance",0.4,0.00427389055440578,1.14017257169515,1.00112155492729
18,12,"Abundance",0.4,0.00428190223696607,1.14066802508575,1.00299822163183
19,12,"Abundance",0.4,0.00345813258110336,0.918337700532608,0.810037370556914
20,12,"Abundance",0.4,0.00413106785522299,1.10525356449327,0.967666584364835
21,12,"Abundance",0.4,0.00413913427725936,1.10520757256715,0.969556073313822
22,12,"Abundance",0.4,0.00370893089626008,0.994225133703437,0.868784686625642
23,12,"Abundance",0.4,0.00402572373616161,1.08122462168951,0.94299064403958
24,12,"Abundance",0.4,0.00376263800450805,1.00475207484446,0.881365107915203
25,12,"Abundance",0.4,0.00400134001521501,1.05657159044247,0.937278970257063
26,12,"Abundance",0.4,0.00419896954324193,1.11950416405459,0.983571962059087
27,12,"Abundance",0.4,0.00381218455710438,1.01947393756912,0.892970955361477
28,12,"Abundance",0.4,0.00394054697293118,1.05106522220606,0.923038730773798
29,12,"Abundance",0.4,0.00369552020625191,0.989914767588744,0.865643349555189
30,12,"Abundance",0.4,0.00392908483804012,1.06029477954482,0.920353825730304
31,12,"Abundance",0.4,0.00449734872267618,1.205189719458,1.05346468024421
32,12,"Abundance",0.4,0.00429205936981158,1.14766785742677,1.00537744133773
33,12,"Abundance",0.4,0.00465387893922137,1.24484891761466,1.09013051709379
34,12,"Abundance",0.4,0.00413984162029678,1.11279067074157,0.969721762245834
35,12,"Abundance",0.4,0.00448319810004145,1.20537366692735,1.05015002041496
36,12,"Abundance",0.4,0.00370997241040563,0.999144149171657,0.869028652222711
37,12,"Abundance",0.4,0.00360512543646728,0.962887721758194,0.844469163802865
38,12,"Abundance",0.4,0.00438753892585525,1.17142176477538,1.02774269388536
39,12,"Abundance",0.4,0.00432454171667579,1.14836060327964,1.01298614754732
40,12,"Abundance",0.4,0.00389182386023704,1.0497133010644,0.911625766936685
41,12,"Abundance",0.4,0.00404050358888247,1.07992546399463,0.946452695523851
42,12,"Abundance",0.4,0.00365258750137958,0.975840398371139,0.855586738204972
43,12,"Abundance",0.4,0.00429727029612523,1.14817240173163,1.00659805533974
44,12,"Abundance",0.4,0.00407133330102089,1.083530261066,0.953674286475018
45,12,"Abundance",0.4,0.00425234762991399,1.14124943237529,0.996075312916554
46,12,"Abundance",0.4,0.00408606163413625,1.09619217523017,0.957124269941427
47,12,"Abundance",0.4,0.0039102584949963,1.05551465285244,0.915943919210298
48,12,"Abundance",0.4,0.0043154828850876,1.15006801664302,1.01086419532371
49,12,"Abundance",0.4,0.00378187794021004,1.01533940976086,0.885871894905057
50,12,"Abundance",0.4,0.00413117721893202,1.10696079683366,0.967692201859021
51,12,"Abundance",0.4,0.00460823645912486,1.23846842270905,1.07943916455135
52,12,"Abundance",0.4,0.00412033962582393,1.09530365832805,0.965153590276455
53,12,"Abundance",0.4,0.00387844481779938,1.03541262679919,0.908491843033356
54,12,"Abundance",0.4,0.0039727283936673,1.06822330234151,0.930576947664713
55,12,"Abundance",0.4,0.00405509098507348,1.07204538516896,0.949869665745996
56,12,"Abundance",0.4,0.00413762841432117,1.09197697806631,0.969203338065466
57,12,"Abundance",0.4,0.0044076575221405,1.1574335369163,1.03245529944689
58,12,"Abundance",0.4,0.00376906033281485,0.996621395443532,0.88286948225958
59,12,"Abundance",0.4,0.0038443361809535,1.02791078035088,0.900502192591712
60,12,"Abundance",0.4,0.0041251505558574,1.10005708017258,0.966280508641444
61,12,"Abundance",0.4,0.00414971479101539,1.10020953134709,0.972034466302265
62,12,"Abundance",0.4,0.00404207132999429,1.1005488095943,0.946819925194255
63,12,"Abundance",0.4,0.00417144577089531,1.11661367981226,0.977124758646087
64,12,"Abundance",0.4,0.00363934865386328,0.969955161610241,0.8524856537382
65,12,"Abundance",0.4,0.00352488703521528,0.948155602423362,0.82567401872283
66,12,"Abundance",0.4,0.0037867634433742,1.01769571572894,0.887016281374959
67,12,"Abundance",0.4,0.00424714269926897,1.1251203237294,0.994856103347592
68,12,"Abundance",0.4,0.00402741833952173,1.08411216182008,0.943387590084235
69,12,"Abundance",0.4,0.00396747427408129,1.07002059520487,0.929346216015704
70,12,"Abundance",0.4,0.00484231468291328,1.30408080533079,1.13426994516927
71,12,"Abundance",0.4,0.00415842055841067,1.11295914370582,0.974073716320631
72,12,"Abundance",0.4,0.00382381524999907,1.02094516400737,0.895695343645961
73,12,"Abundance",0.4,0.00399942281020598,1.0691786873551,0.936829881719263
74,12,"Abundance",0.4,0.0037281268241435,0.999670041257998,0.873281165168161
75,12,"Abundance",0.4,0.00430478237008547,1.15208109563532,1.00835769309088
76,12,"Abundance",0.4,0.00376710308758949,1.00765597923306,0.882411014650636
77,12,"Abundance",0.4,0.00415760861725884,1.1042694177103,0.973883526193376
78,12,"Abundance",0.4,0.0041325326754101,1.11654244099356,0.968009705707024
79,12,"Abundance",0.4,0.00405773558530464,1.08985897063467,0.950489140265021
80,12,"Abundance",0.4,0.00450324951824303,1.19804091957517,1.0548468900968
81,12,"Abundance",0.4,0.00461616500993014,1.24207530569734,1.08129635836795
82,12,"Abundance",0.4,0.00386327914244568,1.03321066880743,0.904939415965247
83,12,"Abundance",0.4,0.00425800894194033,1.14529953915501,0.997401425840265
84,12,"Abundance",0.4,0.0041221845376847,1.10197456895335,0.965585744775328
85,12,"Abundance",0.4,0.00426982474361707,1.15154851401383,1.00016917424111
86,12,"Abundance",0.4,0.0043293291339248,1.15498462113243,1.0141075582478
87,12,"Abundance",0.4,0.00405417682321911,1.08396445513262,0.949655531311467
88,12,"Abundance",0.4,0.00363060314840623,0.973706818119195,0.850437095425736
89,12,"Abundance",0.4,0.00471955443785038,1.27059770333454,1.10551442935619
90,12,"Abundance",0.4,0.00461288769433904,1.22240937806437,1.08052867579894
91,12,"Abundance",0.4,0.00408018703695125,1.08696932829669,0.955748196831096
92,12,"Abundance",0.4,0.00393980990207199,1.0611421799373,0.922866078359042
93,12,"Abundance",0.4,0.00462776731098273,1.23373890587831,1.08401409611127
94,12,"Abundance",0.4,0.00435805410805467,1.16089275197379,1.02083613269304
95,12,"Abundance",0.4,0.00412836321087811,1.09323832193559,0.967033045036295
96,12,"Abundance",0.4,0.00381448608333992,1.0122381135758,0.893510067791778
97,12,"Abundance",0.4,0.00443363443173413,1.17680683963905,1.03854016376279
98,12,"Abundance",0.4,0.00384631931409499,1.01995564219479,0.900966724219031
99,12,"Abundance",0.4,0.00425735769906044,1.13438038927773,0.997248877880452
100,12,"Abundance",0.4,0.00367521941447834,0.984890625479924,0.860888066290937
101,12,"Abundance",0.4,0.00428166671470488,1.14034068934966,1.00294305259806
102,12,"Abundance",0.4,0.00435736787429267,1.15065062441306,1.02067538842453
103,12,"Abundance",0.4,0.00418154214993833,1.12514336600533,0.979489747304085
104,12,"Abundance",0.4,0.0039735640983703,1.07196208822604,0.930772704196395
105,12,"Abundance",0.4,0.00419672513916886,1.11830684465738,0.983046229996709
106,12,"Abundance",0.4,0.00423630219192129,1.14180264605183,0.992316809129846
107,12,"Abundance",0.4,0.00398329135753941,1.07247185595405,0.933051229746035
108,12,"Abundance",0.4,0.00425453684800515,1.1353766971992,0.996588118144397
109,12,"Abundance",0.4,0.00404892900962128,1.07006780516682,0.948426276785142
110,12,"Abundance",0.4,0.00440911749610623,1.19305301041257,1.03279728560403
111,12,"Abundance",0.4,0.00365114124632415,0.969708751160667,0.85524796558282
112,12,"Abundance",0.4,0.00422014842569136,1.13515183849098,0.988532930399175
113,12,"Abundance",0.4,0.00390509255959791,1.03737494084564,0.914733843937467
114,12,"Abundance",0.4,0.00380073624496249,1.01322325597578,0.890289288176298
115,12,"Abundance",0.4,0.00441177851680103,1.18207499172375,1.03342060647333
116,12,"Abundance",0.4,0.00397560777123223,1.05938097922795,0.93125141672478
117,12,"Abundance",0.4,0.00407425631980967,1.09612695911707,0.954358978110808
118,12,"Abundance",0.4,0.00381427806781679,1.01273551110624,0.89346134197128
119,12,"Abundance",0.4,0.00385508384441465,1.02344399139744,0.903019738939484
120,12,"Abundance",0.4,0.00372001914267908,0.999773321467801,0.871382011558302
121,12,"Abundance",0.4,0.00377291116701797,1.01319886815028,0.88377150655715
122,12,"Abundance",0.4,0.00411156262093402,1.08962178272195,0.963097653496814
123,12,"Abundance",0.4,0.00399436098211,1.07527022334,0.93564419267325
124,12,"Abundance",0.4,0.00400774936101085,1.06286806909654,0.938780303561577
125,12,"Abundance",0.4,0.00421120914859124,1.13116544646925,0.986438982770775
1,12,"Abundance",0.45,0.00440828032117879,1.17685176812613,1.03260118468509
2,12,"Abundance",0.45,0.00462628475963636,1.23438574645194,1.0836668213998
3,12,"Abundance",0.45,0.00373320359337894,0.990194804845849,0.874470354045667
4,12,"Abundance",0.45,0.00433679162303297,1.15301402148861,1.01585558118018
5,12,"Abundance",0.45,0.00401542652373357,1.07754247502265,0.940578611914249
6,12,"Abundance",0.45,0.00393336658838379,1.05340454027368,0.921356788372243
7,12,"Abundance",0.45,0.00405733035832289,1.08495986193751,0.950394219381844
8,12,"Abundance",0.45,0.00421005833435439,1.12180427915557,0.986169414581425
9,12,"Abundance",0.45,0.00380469987208037,1.01209632243555,0.89121773322955
10,12,"Abundance",0.45,0.00413358047044496,1.09559078706297,0.968255142547575
11,12,"Abundance",0.45,0.00379454526868302,1.01021775023086,0.888839106024815
12,12,"Abundance",0.45,0.00396312040617685,1.05904351370038,0.928326360464653
13,12,"Abundance",0.45,0.00372105258510296,0.990262423447924,0.871624086425019
14,12,"Abundance",0.45,0.0045461125240923,1.22803302886897,1.06488717505927
15,12,"Abundance",0.45,0.00402066836945828,1.07880941807589,0.941806468518397
16,12,"Abundance",0.45,0.00409676480938691,1.09038013672247,0.959631395314249
17,12,"Abundance",0.45,0.0040161202725478,1.07132278601403,0.940741116518149
18,12,"Abundance",0.45,0.00365009148451481,0.961272916436367,0.855002068042513
19,12,"Abundance",0.45,0.00382770436464551,1.02571235072777,0.89660633480322
20,12,"Abundance",0.45,0.0043343050201154,1.16405967276539,1.01527311615268
21,12,"Abundance",0.45,0.00404831267811071,1.08688396162587,0.948281906508844
22,12,"Abundance",0.45,0.00459347784842502,1.22178145017714,1.07598208882508
23,12,"Abundance",0.45,0.00366754658078607,0.982869655682065,0.85909077197586
24,12,"Abundance",0.45,0.00419343844611087,1.1243375891432,0.982276350837916
25,12,"Abundance",0.45,0.00446115859171897,1.19075259596468,1.04498745797666
26,12,"Abundance",0.45,0.00393629939190572,1.04942803828464,0.922043771996381
27,12,"Abundance",0.45,0.00417473498629589,1.11333306726519,0.97789522864162
28,12,"Abundance",0.45,0.00411676757975291,1.08851149242457,0.964316869665252
29,12,"Abundance",0.45,0.00422068650390918,1.13187842732343,0.988658970524723
30,12,"Abundance",0.45,0.00384798646567153,1.02974345655423,0.901357239923021
31,12,"Abundance",0.45,0.00452947992735134,1.21352107016958,1.06099113446118
32,12,"Abundance",0.45,0.00388749476748125,1.03725874009983,0.910611714747951
33,12,"Abundance",0.45,0.00384693427019537,1.03205525341683,0.901110772317508
34,12,"Abundance",0.45,0.00394081603051641,1.05374453832008,0.923101755164509
35,12,"Abundance",0.45,0.00443211969035922,1.19107054426871,1.03818534881813
36,12,"Abundance",0.45,0.00380242387455853,1.00636507065653,0.890684600677596
37,12,"Abundance",0.45,0.00386913009602898,1.03473688106394,0.906309950768273
38,12,"Abundance",0.45,0.00409393761808062,1.09618253195438,0.958969150429737
39,12,"Abundance",0.45,0.00417680580941723,1.11625053881521,0.978380300881255
40,12,"Abundance",0.45,0.00380288891759799,1.01598868977424,0.890793532950162
41,12,"Abundance",0.45,0.00441897240065363,1.17798854824542,1.03510571096929
42,12,"Abundance",0.45,0.00458193594663871,1.21887070002475,1.07327849908265
43,12,"Abundance",0.45,0.00387100797844187,1.03295119106337,0.906749828331165
44,12,"Abundance",0.45,0.00443518086872494,1.19142813394209,1.0389024031288
45,12,"Abundance",0.45,0.00435054703063127,1.15881474600074,1.01907766533704
46,12,"Abundance",0.45,0.00388600424835916,1.03123616533043,0.91026257365457
47,12,"Abundance",0.45,0.00416710290780396,1.11316026612694,0.976107480876451
48,12,"Abundance",0.45,0.00435987956182422,1.17091682240102,1.0212637293039
49,12,"Abundance",0.45,0.00430225147954878,1.14266769346981,1.0077648540752
50,12,"Abundance",0.45,0.00452006990526975,1.21136050055075,1.05878691893008
51,12,"Abundance",0.45,0.0039824367741134,1.06997196244463,0.932851051038272
52,12,"Abundance",0.45,0.00378556416246178,1.0141875603349,0.88673536028993
53,12,"Abundance",0.45,0.00350066413871433,0.934919160773111,0.820000016662829
54,12,"Abundance",0.45,0.00399496831290668,1.06077357263009,0.93578645461089
55,12,"Abundance",0.45,0.00411417252669923,1.09015080819378,0.963709001140039
56,12,"Abundance",0.45,0.00430488093857689,1.15833610556214,1.00838078189958
57,12,"Abundance",0.45,0.00422495197921259,1.12456880067563,0.989658120880565
58,12,"Abundance",0.45,0.00401045631201073,1.06827449012021,0.939414383203916
59,12,"Abundance",0.45,0.00406087225783892,1.09252728022453,0.951223878425683
60,12,"Abundance",0.45,0.004410186527549,1.18294598837767,1.03304769688774
61,12,"Abundance",0.45,0.00455158341859523,1.20878457743627,1.06616868434032
62,12,"Abundance",0.45,0.00481651976770689,1.29343577112883,1.12822771144993
63,12,"Abundance",0.45,0.00461688492781082,1.2205849291751,1.08146499284724
64,12,"Abundance",0.45,0.0041603094074739,1.09580475410397,0.974516162725638
65,12,"Abundance",0.45,0.00381069737998754,1.01296617635557,0.892622597103657
66,12,"Abundance",0.45,0.00405095376313057,1.09629423713563,0.948900557620305
67,12,"Abundance",0.45,0.00444494598004723,1.17904899897619,1.04118979521491
68,12,"Abundance",0.45,0.00360453518375937,0.955650896875555,0.844330902258433
69,12,"Abundance",0.45,0.00403714846081079,1.07529565946679,0.94566678606049
70,12,"Abundance",0.45,0.00423065176118335,1.13578468268653,0.990993245052955
71,12,"Abundance",0.45,0.00423887814040535,1.13555809804201,0.992920202576394
72,12,"Abundance",0.45,0.00357044079685505,0.950655845282359,0.83634458974121
73,12,"Abundance",0.45,0.00403557401170133,1.08619797725277,0.945297985100194
74,12,"Abundance",0.45,0.00446711297128487,1.1956999817526,1.04638221941327
75,12,"Abundance",0.45,0.00432229091900593,1.16518524948439,1.01245891784071
76,12,"Abundance",0.45,0.00409395246043946,1.08844571629027,0.958972627122724
77,12,"Abundance",0.45,0.00433341531620884,1.15349696081491,1.01506471077893
78,12,"Abundance",0.45,0.00419367333296605,1.12833645345872,0.982331371033395
79,12,"Abundance",0.45,0.00408087021691495,1.07877461305612,0.955908225774011
80,12,"Abundance",0.45,0.00406824036891265,1.09319730270535,0.952949794127343
81,12,"Abundance",0.45,0.00453112300994829,1.20256782264053,1.06137601221679
82,12,"Abundance",0.45,0.00443260371728488,1.20379007286402,1.03829872790031
83,12,"Abundance",0.45,0.00422768793214054,1.13028499014879,0.990298993971388
84,12,"Abundance",0.45,0.00433241745709337,1.16054775376707,1.0148309709916
85,12,"Abundance",0.45,0.00373175533235497,0.999664651612299,0.874131111542886
86,12,"Abundance",0.45,0.00435509072026067,1.17722428044207,1.02014198497016
87,12,"Abundance",0.45,0.00439227893416405,1.18000981624497,1.02885299945545
88,12,"Abundance",0.45,0.00397169927146448,1.05804309609307,0.930335884772068
89,12,"Abundance",0.45,0.00423528980419077,1.12304763113088,0.992079666141257
90,12,"Abundance",0.45,0.00405577038451569,1.08330794357602,0.950028809134752
91,12,"Abundance",0.45,0.00388237687492164,1.03137908842697,0.909412893090724
92,12,"Abundance",0.45,0.00416892250716791,1.11247437540253,0.976533706143895
93,12,"Abundance",0.45,0.00370930711516246,0.985950389990449,0.868872812619457
94,12,"Abundance",0.45,0.00416724528370932,1.10655948468633,0.976140831189469
95,12,"Abundance",0.45,0.0044533718060897,1.1877527470638,1.04316347141503
96,12,"Abundance",0.45,0.00415689850486952,1.10209059039876,0.973717188564853
97,12,"Abundance",0.45,0.00385084481187904,1.03091740880954,0.902026782571191
98,12,"Abundance",0.45,0.00471020534445638,1.25311368881418,1.10332448583831
99,12,"Abundance",0.45,0.00441151693162926,1.18556630373409,1.03335933243025
100,12,"Abundance",0.45,0.0045177058251909,1.20704755753465,1.05823315380802
101,12,"Abundance",0.45,0.00425148905062588,1.14195667185809,0.995874198212984
102,12,"Abundance",0.45,0.00430697634784865,1.14818097239935,1.00887161323034
103,12,"Abundance",0.45,0.00389054014698675,1.05074831616627,0.91132506831353
104,12,"Abundance",0.45,0.00426243006730079,1.13957772143893,0.998437035863277
105,12,"Abundance",0.45,0.00343008438823747,0.922494810384237,0.803467326215032
106,12,"Abundance",0.45,0.00413979478664416,1.10017526154249,0.969710791871516
107,12,"Abundance",0.45,0.00421538728297775,1.11373721629759,0.987417674279249
108,12,"Abundance",0.45,0.00374288555661777,1.00069341392376,0.876738269419033
109,12,"Abundance",0.45,0.00417222179993136,1.12067696463289,0.977306536673708
110,12,"Abundance",0.45,0.00410611207082464,1.08859077595723,0.961820909712368
111,12,"Abundance",0.45,0.00453574192817594,1.21141381770272,1.06245795349238
112,12,"Abundance",0.45,0.00388758514841361,1.04425661523859,0.910632885692405
113,12,"Abundance",0.45,0.00434193494653871,1.15839571678022,1.01706035981455
114,12,"Abundance",0.45,0.00444872257459847,1.18671203153655,1.04207442952207
115,12,"Abundance",0.45,0.0038091877660953,1.0063795980342,0.892268983227042
116,12,"Abundance",0.45,0.00361433563655499,0.965727263198414,0.846626572776174
117,12,"Abundance",0.45,0.00389903765940332,1.03185466110344,0.91331553642103
118,12,"Abundance",0.45,0.0040865894292745,1.09296183332163,0.957247901345358
119,12,"Abundance",0.45,0.00377232241326745,1.01126877609249,0.883633596130393
120,12,"Abundance",0.45,0.00410765509855964,1.1044290196827,0.962182350489968
121,12,"Abundance",0.45,0.00381319519663841,1.02285567169178,0.893207688850291
122,12,"Abundance",0.45,0.00408039250583782,1.09023624394519,0.955796326124205
123,12,"Abundance",0.45,0.00446740706908699,1.21053424080605,1.0464511092562
124,12,"Abundance",0.45,0.00424306252178232,1.13835288222944,0.993900357387839
125,12,"Abundance",0.45,0.00433853996276762,1.15169579566047,1.0162651145015
1,12,"Abundance",0.5,0.00414582496711829,1.11947713868167,0.971123309009231
2,12,"Abundance",0.5,0.00407334760137761,1.09141473830274,0.95414611875045
3,12,"Abundance",0.5,0.00444036966476585,1.18817326970906,1.04011783330759
4,12,"Abundance",0.5,0.0039594401061084,1.06927968844729,0.927464282299533
5,12,"Abundance",0.5,0.00472854676101546,1.25840699059021,1.10762080256226
6,12,"Abundance",0.5,0.00415964680629987,1.11647960516917,0.974360954184566
7,12,"Abundance",0.5,0.00389817356485986,1.05152674644967,0.913113129817032
8,12,"Abundance",0.5,0.00383863353440948,1.02466462703925,0.899166397418043
9,12,"Abundance",0.5,0.00405667462228872,1.07812128654611,0.950240618939855
10,12,"Abundance",0.5,0.00474070431324176,1.2605728863193,1.11046860304614
11,12,"Abundance",0.5,0.00429438437359036,1.15114586249102,1.0059220531776
12,12,"Abundance",0.5,0.0041938684138275,1.12939607941566,0.982377067022296
13,12,"Abundance",0.5,0.00389337328423319,1.04023392670612,0.911988705982626
14,12,"Abundance",0.5,0.00421235344035359,1.11889582426196,0.986707023127409
15,12,"Abundance",0.5,0.00443762293237331,1.19765030464116,1.03947443522128
16,12,"Abundance",0.5,0.00442446196037632,1.18450042705633,1.03639159241513
17,12,"Abundance",0.5,0.00401401257110189,1.06267563913041,0.940247405852893
18,12,"Abundance",0.5,0.00425313109212047,1.13699028188283,0.996258832099455
19,12,"Abundance",0.5,0.00426098366322139,1.13685353478135,0.998098228333563
20,12,"Abundance",0.5,0.0045556237756423,1.23072981069311,1.06711510270969
21,12,"Abundance",0.5,0.00415882637628118,1.11776852643795,0.974168775614346
22,12,"Abundance",0.5,0.0037853582927077,1.01534557319627,0.886687137097114
23,12,"Abundance",0.5,0.00514129192881902,1.37640020754062,1.20430275520474
24,12,"Abundance",0.5,0.00417001756599323,1.10438338312625,0.976790214114804
25,12,"Abundance",0.5,0.00381703129137872,1.01627113028131,0.894106260557349
26,12,"Abundance",0.5,0.00423325542812803,1.13086595319765,0.991603131306934
27,12,"Abundance",0.5,0.00429541557694733,1.15201348991363,1.00616360356244
28,12,"Abundance",0.5,0.00463733590063159,1.23537858966914,1.08625545471084
29,12,"Abundance",0.5,0.00451588335227898,1.21220435578364,1.05780625543704
30,12,"Abundance",0.5,0.00416905427866125,1.11452511825604,0.976564572465954
31,12,"Abundance",0.5,0.00409094823800225,1.09273033612204,0.958268914241132
32,12,"Abundance",0.5,0.00443681169475774,1.19041274135529,1.03928440989126
33,12,"Abundance",0.5,0.00404288445459126,1.0776103561043,0.947010392533194
34,12,"Abundance",0.5,0.00410994918696693,1.09123360248096,0.962719720673929
35,12,"Abundance",0.5,0.00440748983921326,1.17241830622727,1.03241602118491
36,12,"Abundance",0.5,0.00436158466791285,1.16895383166125,1.02166313552103
37,12,"Abundance",0.5,0.00394344878989405,1.05529853193618,0.923718456066954
38,12,"Abundance",0.5,0.0043217253441774,1.15825650261396,1.01232643687411
39,12,"Abundance",0.5,0.00443925900402124,1.18737147254614,1.03985767072329
40,12,"Abundance",0.5,0.00413984619093396,1.09967405647664,0.9697228328777
41,12,"Abundance",0.5,0.00408908827952865,1.08847038883674,0.957833235204546
42,12,"Abundance",0.5,0.00389983715847616,1.05147703084284,0.913502812099893
43,12,"Abundance",0.5,0.00440561536451555,1.18212677949449,1.03197694184955
44,12,"Abundance",0.5,0.00455259519864667,1.21506027211908,1.06640568498538
45,12,"Abundance",0.5,0.00455592217495313,1.21662843172984,1.06718500014349
46,12,"Abundance",0.5,0.00393655260067201,1.04409651922227,0.922103083939577
47,12,"Abundance",0.5,0.00381182692585971,1.01588748637133,0.892887183364229
48,12,"Abundance",0.5,0.00444307280656808,1.17762279078046,1.04075102067863
49,12,"Abundance",0.5,0.00414801123001892,1.10746860874251,0.971635422009473
50,12,"Abundance",0.5,0.00415058476061371,1.1152499784946,0.972238249086567
51,12,"Abundance",0.5,0.00399546369449247,1.07609081620859,0.9359024934231
52,12,"Abundance",0.5,0.0042695224242254,1.11439953479698,1.00009835856261
53,12,"Abundance",0.5,0.00434309358823547,1.15115544844915,1.01733176151806
54,12,"Abundance",0.5,0.00393404429856966,1.04606632602879,0.921515536067458
55,12,"Abundance",0.5,0.00403299516655583,1.08108725182429,0.944693913136005
56,12,"Abundance",0.5,0.00369748555809205,0.98338082581124,0.866103716067891
57,12,"Abundance",0.5,0.0040254346689293,1.06831372921604,0.942922932563731
58,12,"Abundance",0.5,0.0042255192407028,1.13350307352455,0.989790996932933
59,12,"Abundance",0.5,0.00430840607344298,1.16260218683867,1.00920651397052
60,12,"Abundance",0.5,0.00461121033422836,1.23318963385548,1.08013576883493
61,12,"Abundance",0.5,0.00429233032268004,1.1541507403141,1.00544090968198
62,12,"Abundance",0.5,0.00371878537582078,0.99115532213935,0.871093012441483
63,12,"Abundance",0.5,0.00389677795352835,1.03856376768152,0.912786220045131
64,12,"Abundance",0.5,0.00431684042794502,1.14855518124424,1.01118218788786
65,12,"Abundance",0.5,0.00441984197464717,1.17318704052784,1.03530940108664
66,12,"Abundance",0.5,0.00427973008007548,1.13757867143899,1.0024894128413
67,12,"Abundance",0.5,0.00387762705808133,1.03076397576245,0.90830028995776
68,12,"Abundance",0.5,0.0038572551110287,1.04312532006321,0.903528339190513
69,12,"Abundance",0.5,0.00469856667314035,1.25108890782711,1.10059822867827
70,12,"Abundance",0.5,0.00413008707285208,1.09172895067679,0.967436844655845
71,12,"Abundance",0.5,0.0043699159792299,1.16788092621455,1.02361467247177
72,12,"Abundance",0.5,0.00451613262878589,1.21586351674628,1.05786464628282
73,12,"Abundance",0.5,0.00501410008829911,1.34416383322443,1.17450917683992
74,12,"Abundance",0.5,0.00426719810758714,1.14108975578518,0.999553907679413
75,12,"Abundance",0.5,0.0046019137187484,1.2376976087568,1.07795811781033
76,12,"Abundance",0.5,0.00431605764226588,1.15839538457104,1.01099882717557
77,12,"Abundance",0.5,0.00412864993370908,1.11293325904989,0.967100207356604
78,12,"Abundance",0.5,0.00488767029687341,1.32060301600211,1.14489410182338
79,12,"Abundance",0.5,0.00494462856993759,1.32682187637016,1.15823608009121
80,12,"Abundance",0.5,0.00449128122204363,1.207677658638,1.05204342118517
81,12,"Abundance",0.5,0.00423773810930232,1.13857547971934,0.992653160242002
82,12,"Abundance",0.5,0.00374022147801669,0.9997490551403,0.876114232261876
83,12,"Abundance",0.5,0.00491075634380753,1.3145362149518,1.15030180679607
84,12,"Abundance",0.5,0.00435064479255683,1.17048686415685,1.01910056521473
85,12,"Abundance",0.5,0.00421893824208432,1.13495307632889,0.988249455453088
86,12,"Abundance",0.5,0.00459959971086645,1.22859166120303,1.07741608166331
87,12,"Abundance",0.5,0.00404063055731779,1.07693826458982,0.946482436771498
88,12,"Abundance",0.5,0.0038498030719509,1.042123914007,0.901782764086531
89,12,"Abundance",0.5,0.00444160860231376,1.19410590077389,1.04040804361331
90,12,"Abundance",0.5,0.00444788049837121,1.19915262212552,1.04187718051644
91,12,"Abundance",0.5,0.00432782502138393,1.165990943511,1.01375523301473
92,12,"Abundance",0.5,0.0041191236675748,1.09595399141677,0.96486876267088
93,12,"Abundance",0.5,0.00403462821833206,1.07029559231234,0.945076441259427
94,12,"Abundance",0.5,0.00430616447516133,1.15655961827982,1.0086814391403
95,12,"Abundance",0.5,0.00435000127771202,1.16652950386965,1.01894982747966
96,12,"Abundance",0.5,0.00451084444204085,1.21233984387623,1.05662593469919
97,12,"Abundance",0.5,0.00478739301853057,1.28885606499805,1.12140502470722
98,12,"Abundance",0.5,0.00414623355635458,1.10966511848264,0.971219017471192
99,12,"Abundance",0.5,0.00396202645909263,1.05966315180478,0.928070112909417
100,12,"Abundance",0.5,0.00422631545010779,1.12481139566931,0.989977502035817
101,12,"Abundance",0.5,0.00439254896146847,1.17294571795826,1.02891625099439
102,12,"Abundance",0.5,0.00440269809163352,1.18339842261228,1.03129359614225
103,12,"Abundance",0.5,0.00446934435877716,1.20067010355407,1.04690490245522
104,12,"Abundance",0.5,0.0040430273963111,1.07634951294341,0.947043875383314
105,12,"Abundance",0.5,0.00431534545489594,1.15237228560292,1.01083200350096
106,12,"Abundance",0.5,0.00400906590181583,1.07019453848453,0.939088691752854
107,12,"Abundance",0.5,0.00460345290273049,1.23405792092578,1.07831865822236
108,12,"Abundance",0.5,0.00456948163935541,1.22072493938743,1.07036118631709
109,12,"Abundance",0.5,0.00440282398030652,1.18562743016721,1.03132308446499
110,12,"Abundance",0.5,0.0042624577896211,1.13528058530831,0.998443529574822
111,12,"Abundance",0.5,0.00393069246192332,1.04461645168825,0.920730397591738
112,12,"Abundance",0.5,0.00456341803608967,1.22385687576108,1.0689408401822
113,12,"Abundance",0.5,0.00442838741159109,1.19486435898833,1.03731109509633
114,12,"Abundance",0.5,0.00498043248503618,1.33854480172223,1.16662283466522
115,12,"Abundance",0.5,0.00427618571717287,1.1382645544978,1.00165917677065
116,12,"Abundance",0.5,0.0047602342307969,1.27241703256428,1.11504331575379
117,12,"Abundance",0.5,0.00445146546893198,1.18245366230585,1.04271692857655
118,12,"Abundance",0.5,0.00444098105397558,1.18795568838982,1.04026104589307
119,12,"Abundance",0.5,0.00449975933067818,1.20676192066128,1.05402934412611
120,12,"Abundance",0.5,0.00382860886543606,1.02268422177494,0.896818206217884
121,12,"Abundance",0.5,0.0045785206709343,1.22534822215476,1.07247850056136
122,12,"Abundance",0.5,0.00369986444782463,0.98532814300637,0.866660950222059
123,12,"Abundance",0.5,0.00423013930499754,1.12280101022232,0.990873206664735
124,12,"Abundance",0.5,0.00429168847948942,1.15637415753301,1.00529056351732
125,12,"Abundance",0.5,0.00474361679052081,1.27071866764644,1.11115082542529
1,12,"Abundance",0.55,0.00439265636666773,1.18026164575008,1.02894140972476
2,12,"Abundance",0.55,0.00433746305313958,1.15079504621256,1.01601285782164
3,12,"Abundance",0.55,0.00456013458242612,1.21083317177916,1.06817171982329
4,12,"Abundance",0.55,0.00440953478754459,1.17273652987307,1.03289503248086
5,12,"Abundance",0.55,0.00387813519952887,1.04263567745566,0.908419317656196
6,12,"Abundance",0.55,0.00421750270643862,1.1293975675542,0.987913193759094
7,12,"Abundance",0.55,0.00416589054861129,1.11282963096291,0.975823496318433
8,12,"Abundance",0.55,0.00454085773292653,1.21230938968144,1.06365628609857
9,12,"Abundance",0.55,0.00438438061996716,1.17710186666027,1.02700288830041
10,12,"Abundance",0.55,0.00427759665329506,1.13792972551298,1.001989676241
11,12,"Abundance",0.55,0.0044396309098096,1.19158863187925,1.0399447864078
12,12,"Abundance",0.55,0.00440177442194515,1.17167517924498,1.0310772345806
13,12,"Abundance",0.55,0.00487392123786526,1.30398102465328,1.14167350476835
14,12,"Abundance",0.55,0.00380138221257994,1.0131502453065,0.890440600451935
15,12,"Abundance",0.55,0.00403372729652459,1.07336862553196,0.944865408190308
16,12,"Abundance",0.55,0.00444429053852829,1.19295800803451,1.04103626376054
17,12,"Abundance",0.55,0.0041192428978782,1.09585983499716,0.964896691328676
18,12,"Abundance",0.55,0.00480467113234473,1.27984923238611,1.1254522720449
19,12,"Abundance",0.55,0.0044539911742025,1.19224900473983,1.04330855298889
20,12,"Abundance",0.55,0.00470030388439843,1.24194540537328,1.10100515525109
21,12,"Abundance",0.55,0.00422764224909976,1.14215203753186,0.990288293117862
22,12,"Abundance",0.55,0.00394736400324761,1.05004361028256,0.924635560618525
23,12,"Abundance",0.55,0.00409244864366517,1.09140590095806,0.9586203711704
24,12,"Abundance",0.55,0.00423364615792145,1.12269890763022,0.991694656350293
25,12,"Abundance",0.55,0.0045203185538749,1.20022340650811,1.05884516269534
26,12,"Abundance",0.55,0.00375054034712575,1.0104753773461,0.878531337275688
27,12,"Abundance",0.55,0.0049719671629048,1.33315814251028,1.16463990685104
28,12,"Abundance",0.55,0.00468771880724462,1.26272004820568,1.09805721078487
29,12,"Abundance",0.55,0.0045914860488661,1.22471481079021,1.07551552716512
30,12,"Abundance",0.55,0.00445784368483202,1.20055224970719,1.04421096997471
31,12,"Abundance",0.55,0.00475613651511008,1.25820486096019,1.11408346162375
32,12,"Abundance",0.55,0.00387976939948548,1.03961337536517,0.908802114730854
33,12,"Abundance",0.55,0.0042232447049572,1.13064369654777,0.9892582067893
34,12,"Abundance",0.55,0.00354785983689589,0.956506271145452,0.831055196983419
35,12,"Abundance",0.55,0.00438947420553401,1.16249805918021,1.02819601625677
36,12,"Abundance",0.55,0.00451517978053998,1.2206380436159,1.05764144989878
37,12,"Abundance",0.55,0.00412424118414637,1.12169305951121,0.966067496256192
38,12,"Abundance",0.55,0.00495893740712952,1.32633310916567,1.1615878002994
39,12,"Abundance",0.55,0.00425842991388959,1.13303066241865,0.997500034844654
40,12,"Abundance",0.55,0.0040071918000563,1.07852538859649,0.938649699775007
41,12,"Abundance",0.55,0.00442767123161153,1.18409269983493,1.03714333618775
42,12,"Abundance",0.55,0.00424994021748632,1.13927446332779,0.995511397570043
43,12,"Abundance",0.55,0.00421572158097829,1.12826235559347,0.987495980667736
44,12,"Abundance",0.55,0.003785499917151,1.01990294701065,0.886720311386693
45,12,"Abundance",0.55,0.00483801129448592,1.28824014389059,1.1332619139951
46,12,"Abundance",0.55,0.00439264356715719,1.16496934740964,1.02893841155115
47,12,"Abundance",0.55,0.00430637040165799,1.15604112533745,1.00872967562458
48,12,"Abundance",0.55,0.00480957424646535,1.28423539691179,1.12660078372762
49,12,"Abundance",0.55,0.0042061237991731,1.12290818353009,0.985247784060363
50,12,"Abundance",0.55,0.00439541668581879,1.18553712381172,1.02958799039065
51,12,"Abundance",0.55,0.00407567105034582,1.08456272016732,0.954690366389508
52,12,"Abundance",0.55,0.0045752176859227,1.21235275558235,1.07170480515464
53,12,"Abundance",0.55,0.00427194286078414,1.15011423053331,1.00066532469813
54,12,"Abundance",0.55,0.00453578330764492,1.21173705251497,1.06246764627179
55,12,"Abundance",0.55,0.00435564704786107,1.17817933981836,1.02027229985429
56,12,"Abundance",0.55,0.00455725686846931,1.21716170188312,1.06749764044891
57,12,"Abundance",0.55,0.00487915226562497,1.30483770100081,1.14289882735863
58,12,"Abundance",0.55,0.00424684316739779,1.1253401013119,0.994785940621427
59,12,"Abundance",0.55,0.00447193805660949,1.1878944622102,1.04751245353166
60,12,"Abundance",0.55,0.00407730795183199,1.0782678012018,0.955073796273891
61,12,"Abundance",0.55,0.00508629212850316,1.35547522865434,1.1914195320824
62,12,"Abundance",0.55,0.00408507812052223,1.09492318729623,0.956893890462593
63,12,"Abundance",0.55,0.00415448024288149,1.11934174848977,0.973150731803529
64,12,"Abundance",0.55,0.00399517045151681,1.06935979595455,0.935833803815818
65,12,"Abundance",0.55,0.00389090373914446,1.03266153191802,0.911410236602614
66,12,"Abundance",0.55,0.00434454694286905,1.15396267732959,1.01767219715441
67,12,"Abundance",0.55,0.00441718467124901,1.17735301284936,1.03468695096163
68,12,"Abundance",0.55,0.00394689569864844,1.05926016536993,0.924525864354076
69,12,"Abundance",0.55,0.00433155699716899,1.16537274526874,1.0146294157654
70,12,"Abundance",0.55,0.00424477346436979,1.13641179825652,0.994301130753873
71,12,"Abundance",0.55,0.00448378655037913,1.1846182936502,1.05028785976989
72,12,"Abundance",0.55,0.00408007099150554,1.08668301434684,0.955721014198423
73,12,"Abundance",0.55,0.00425825814505773,1.12762690659318,0.997459799495189
74,12,"Abundance",0.55,0.00473895106751028,1.27460745085061,1.1100579205379
75,12,"Abundance",0.55,0.00418790981678734,1.11715667637061,0.980981317679133
76,12,"Abundance",0.55,0.0043984691075148,1.18960993872257,1.03030299352789
77,12,"Abundance",0.55,0.00368602784938689,0.983126714908181,0.86341984781979
78,12,"Abundance",0.55,0.00389486657855246,1.04396380496395,0.912338497141706
79,12,"Abundance",0.55,0.00460442577738795,1.22365880578177,1.0785465456185
80,12,"Abundance",0.55,0.0041649288872792,1.104576137722,0.975598235545894
81,12,"Abundance",0.55,0.0044516643134872,1.18485293763377,1.04276350617786
82,12,"Abundance",0.55,0.00388039243128482,1.02844224008405,0.908948054491308
83,12,"Abundance",0.55,0.00406743591146402,1.06574883598442,0.952761356992229
84,12,"Abundance",0.55,0.00400175636733563,1.05587079222504,0.937376497106903
85,12,"Abundance",0.55,0.00478067498296458,1.27352267848772,1.11983138351864
86,12,"Abundance",0.55,0.00459316514684559,1.22920885139315,1.07590884120971
87,12,"Abundance",0.55,0.00414350824145493,1.11526198030462,0.97058063624564
88,12,"Abundance",0.55,0.00469945311404218,1.25085294827637,1.10080586972164
89,12,"Abundance",0.55,0.00474402070288381,1.27008846980578,1.11124543837052
90,12,"Abundance",0.55,0.00452875462822863,1.21235089528811,1.06082123947292
91,12,"Abundance",0.55,0.00474759309841695,1.25825462720644,1.11208224084017
92,12,"Abundance",0.55,0.00393604827244331,1.0522040444822,0.921984949454367
93,12,"Abundance",0.55,0.00401668723957687,1.06623197613374,0.940873923595558
94,12,"Abundance",0.55,0.00428771359368058,1.15097993818422,1.00435948121399
95,12,"Abundance",0.55,0.00456559658708134,1.22185269426374,1.0694511467351
96,12,"Abundance",0.55,0.00472098178436254,1.26032920210723,1.10584877281714
97,12,"Abundance",0.55,0.00396695007877882,1.06312288834058,0.929223427841875
98,12,"Abundance",0.55,0.00397329917831475,1.06207004699956,0.930710648985921
99,12,"Abundance",0.55,0.00427363231135,1.14457201263394,1.00106106374571
100,12,"Abundance",0.55,0.00431401116328837,1.15519490476788,1.01051945733912
101,12,"Abundance",0.55,0.00408703863198396,1.0952501810301,0.957353123158894
102,12,"Abundance",0.55,0.0040556599641883,1.08061710180819,0.950002944136942
103,12,"Abundance",0.55,0.00422435902158343,1.12064844243285,0.989519225731957
104,12,"Abundance",0.55,0.00417106545228253,1.10877792918961,0.977035672330907
105,12,"Abundance",0.55,0.0041996732833394,1.11737945717955,0.983736807033865
106,12,"Abundance",0.55,0.00395010512143948,1.05056248341645,0.925277643627338
107,12,"Abundance",0.55,0.00397639931300698,1.06691220960472,0.931436828476024
108,12,"Abundance",0.55,0.00426827730234877,1.15393689234693,0.999806699631864
109,12,"Abundance",0.55,0.00400490033523409,1.0616479454678,0.938112944142953
110,12,"Abundance",0.55,0.00475317134815462,1.25248920879185,1.11338889714782
111,12,"Abundance",0.55,0.00464172275618885,1.25830653894427,1.0872830373316
112,12,"Abundance",0.55,0.00394846899521731,1.07031190627359,0.924894395341787
113,12,"Abundance",0.55,0.00472713399416212,1.26725509617309,1.10728987425912
114,12,"Abundance",0.55,0.00432681226903047,1.15757376103553,1.0135180046164
115,12,"Abundance",0.55,0.00442716086892442,1.18149784544892,1.03702378818332
116,12,"Abundance",0.55,0.00434954236633983,1.15560285999893,1.01884233149664
117,12,"Abundance",0.55,0.00476573461343088,1.25826465582163,1.11633173237213
118,12,"Abundance",0.55,0.00435211367379889,1.14666533289702,1.01944463782359
119,12,"Abundance",0.55,0.00430509168190304,1.14108988048766,1.00843014668412
120,12,"Abundance",0.55,0.00467070824769135,1.24747686253409,1.09407263569728
121,12,"Abundance",0.55,0.00431448862910568,1.15598115754808,1.01063129953895
122,12,"Abundance",0.55,0.00410772453588275,1.10367746143228,0.962198615576773
123,12,"Abundance",0.55,0.00430106473655595,1.13592331070924,1.00748686988838
124,12,"Abundance",0.55,0.00395889737012831,1.04994061188059,0.927337151133818
125,12,"Abundance",0.55,0.00373552491163729,1.00243637166652,0.875014102584539
1,12,"Abundance",0.6,0.00429461260010249,1.14912018066126,1.00597551324584
2,12,"Abundance",0.6,0.00413825400637174,1.11435836667037,0.969349877542419
3,12,"Abundance",0.6,0.00433611884466442,1.1685326396229,1.01569798872014
4,12,"Abundance",0.6,0.00403384640125106,1.08017667070371,0.944893307432819
5,12,"Abundance",0.6,0.004322411956957,1.15472350542334,1.01248726992418
6,12,"Abundance",0.6,0.00411233741769675,1.11044529008254,0.96327914287515
7,12,"Abundance",0.6,0.00417883144719138,1.10811222827218,0.978854788847749
8,12,"Abundance",0.6,0.00406292010444314,1.06805314317387,0.951703568616757
9,12,"Abundance",0.6,0.00410957221472399,1.10297818728881,0.962631418216665
10,12,"Abundance",0.6,0.00423428549995901,1.14238043746187,0.991844416641689
11,12,"Abundance",0.6,0.00467023046717868,1.25375512751963,1.09396071978281
12,12,"Abundance",0.6,0.00406481714779494,1.09913909615722,0.952147934462335
13,12,"Abundance",0.6,0.00460004280835068,1.21932334569603,1.07751987338113
14,12,"Abundance",0.6,0.00397771690796738,1.07159537263505,0.931745463594008
15,12,"Abundance",0.6,0.00421172453357081,1.120874149653,0.986559707203359
16,12,"Abundance",0.6,0.00419728285916657,1.12471312506253,0.983176871037757
17,12,"Abundance",0.6,0.00466024853695732,1.2491208370404,1.09162253976225
18,12,"Abundance",0.6,0.00415858656646567,1.11027524093059,0.97411260225841
19,12,"Abundance",0.6,0.00466283384431216,1.25604893936013,1.09222812544258
20,12,"Abundance",0.6,0.00411671080452381,1.10577393867295,0.964303570563439
21,12,"Abundance",0.6,0.00474283990544531,1.26312213337078,1.11096884687792
22,12,"Abundance",0.6,0.00403548057594818,1.08425430178944,0.945276098590645
23,12,"Abundance",0.6,0.00503633759977574,1.3570379161585,1.17971811978869
24,12,"Abundance",0.6,0.00444604276314403,1.18461615996354,1.04144670708134
25,12,"Abundance",0.6,0.00406847287289571,1.08442458025623,0.953004256155812
26,12,"Abundance",0.6,0.00401270408093303,1.08129973392565,0.939940903452842
27,12,"Abundance",0.6,0.004712648484881,1.26502875602459,1.10389677015623
28,12,"Abundance",0.6,0.00422308116681257,1.11817501036088,0.989219899406468
29,12,"Abundance",0.6,0.0042022571117628,1.12971270998689,0.984342046287402
30,12,"Abundance",0.6,0.00451190027798483,1.20496637446179,1.05687325505251
31,12,"Abundance",0.6,0.00469194735410581,1.26231297167576,1.09904771097547
32,12,"Abundance",0.6,0.00505150354678658,1.35813800966658,1.18327061049012
33,12,"Abundance",0.6,0.00462179099852539,1.23638597075635,1.08261419708628
34,12,"Abundance",0.6,0.00418503963220081,1.11786083634941,0.980309001994017
35,12,"Abundance",0.6,0.00445170713347041,1.18628087013172,1.04277353638514
36,12,"Abundance",0.6,0.0044047450338031,1.15930159115597,1.03177307447741
37,12,"Abundance",0.6,0.00452688442770867,1.19969895596575,1.06038316132639
38,12,"Abundance",0.6,0.00471505154769535,1.25638386086302,1.10445966664379
39,12,"Abundance",0.6,0.00454784641870758,1.2153711554717,1.06529332473747
40,12,"Abundance",0.6,0.00445731886317974,1.18918832051333,1.04408803508391
41,12,"Abundance",0.6,0.00449738433182145,1.19850037250147,1.05347302137565
42,12,"Abundance",0.6,0.00446971957763667,1.19648213097488,1.04699279419772
43,12,"Abundance",0.6,0.00467211768909015,1.24385483721203,1.09440278504172
44,12,"Abundance",0.6,0.00452232271878557,1.21745519155486,1.05931462083101
45,12,"Abundance",0.6,0.00493108117515429,1.3270240833696,1.1550627211205
46,12,"Abundance",0.6,0.00420286678469426,1.11353831872786,0.984484856849685
47,12,"Abundance",0.6,0.0044030616936604,1.17298971516937,1.03137876674311
48,12,"Abundance",0.6,0.00464894703793893,1.22938971096575,1.08897526226969
49,12,"Abundance",0.6,0.00467462465343672,1.25122003766207,1.09499001955622
50,12,"Abundance",0.6,0.00426229885503006,1.13270617270825,0.99840630053424
51,12,"Abundance",0.6,0.00446758870472589,1.19799115937406,1.04649365581909
52,12,"Abundance",0.6,0.0047019418690243,1.25778620306277,1.10138883885148
53,12,"Abundance",0.6,0.00508695453067933,1.36912068516359,1.19157469400995
54,12,"Abundance",0.6,0.00458410091051197,1.22349023141432,1.07378562297167
55,12,"Abundance",0.6,0.0049371067743124,1.3230477286668,1.15647416512491
56,12,"Abundance",0.6,0.00457144575560981,1.21553036282228,1.07082126340461
57,12,"Abundance",0.6,0.00472305335024017,1.25344619079766,1.10633401904097
58,12,"Abundance",0.6,0.00436401831772416,1.16605951947878,1.02223319674562
59,12,"Abundance",0.6,0.00405473170880717,1.07754240882493,0.949785508416784
60,12,"Abundance",0.6,0.00507242022579314,1.34017270016448,1.18817015996251
61,12,"Abundance",0.6,0.00432361742924306,1.15037541597137,1.01276964128444
62,12,"Abundance",0.6,0.00432609613211579,1.15975094549939,1.01335025579541
63,12,"Abundance",0.6,0.00446408352887016,1.19186770916561,1.04567259897209
64,12,"Abundance",0.6,0.00483104098154911,1.29304519782344,1.13162917903459
65,12,"Abundance",0.6,0.005545117503111,1.47024562217399,1.29889537092763
66,12,"Abundance",0.6,0.00451988388575575,1.20922557257271,1.05874334548272
67,12,"Abundance",0.6,0.00398807919549039,1.05667586358859,0.934172738992281
68,12,"Abundance",0.6,0.00425000152876102,1.12968013570266,0.995525759200958
69,12,"Abundance",0.6,0.00439217930680585,1.16888767327744,1.02882966261644
70,12,"Abundance",0.6,0.00386045830810754,1.03142019670494,0.904278660145037
71,12,"Abundance",0.6,0.00447876917227701,1.20037501928275,1.04911258274693
72,12,"Abundance",0.6,0.00398790620291342,1.07291122841442,0.934132216991211
73,12,"Abundance",0.6,0.00442001920492981,1.18009636136365,1.03535091573327
74,12,"Abundance",0.6,0.00432729988883037,1.13489053972686,1.01363222529802
75,12,"Abundance",0.6,0.00454418838423641,1.20741708229883,1.06443646209415
76,12,"Abundance",0.6,0.00479290781682596,1.28343732012604,1.1226968180684
77,12,"Abundance",0.6,0.0042032187563785,1.13726657523672,0.984567303144292
78,12,"Abundance",0.6,0.00496440786162158,1.33995787420152,1.16286920651173
79,12,"Abundance",0.6,0.0044063038711636,1.16805291350645,1.03213821852177
80,12,"Abundance",0.6,0.00454460939523471,1.21492626129037,1.06453508024543
81,12,"Abundance",0.6,0.00448516189303213,1.2051124227975,1.05061002178078
82,12,"Abundance",0.6,0.00422560048642436,1.13720723025302,0.989810028034011
83,12,"Abundance",0.6,0.00408773244149386,1.10202774736191,0.957515641980218
84,12,"Abundance",0.6,0.00480578482578374,1.27017196379959,1.12571314501138
85,12,"Abundance",0.6,0.00439365933951962,1.18885383684676,1.02917634736021
86,12,"Abundance",0.6,0.0043066827464622,1.1557041557538,1.00880283966845
87,12,"Abundance",0.6,0.00430440109807217,1.15135971192762,1.00826838344995
88,12,"Abundance",0.6,0.00452915831578539,1.20563831573952,1.06091579975925
89,12,"Abundance",0.6,0.00468448080383333,1.25840358956336,1.09729873675079
90,12,"Abundance",0.6,0.00499465310797715,1.33402191509724,1.16995389145516
91,12,"Abundance",0.6,0.00436903691995618,1.16917856416094,1.02340876051034
92,12,"Abundance",0.6,0.00451411132124844,1.21269464326429,1.05739117263648
93,12,"Abundance",0.6,0.00421534762282914,1.10920109448457,0.987408384235638
94,12,"Abundance",0.6,0.00411696753764707,1.10852531349012,0.964363708056494
95,12,"Abundance",0.6,0.00444103340873467,1.19140625914861,1.04027330953837
96,12,"Abundance",0.6,0.0046956663207704,1.25592505969809,1.09991884645323
97,12,"Abundance",0.6,0.00561999297281846,1.50600206289051,1.31643429610721
98,12,"Abundance",0.6,0.0043360893496604,1.16335679929391,1.01569107977291
99,12,"Abundance",0.6,0.00422932988791745,1.12265562766118,0.990683607779246
100,12,"Abundance",0.6,0.00424756926971694,1.12976390818397,0.994956023751427
101,12,"Abundance",0.6,0.00417366484540332,1.11736207137117,0.97764455747895
102,12,"Abundance",0.6,0.00449802249116913,1.19826579291584,1.05362250463225
103,12,"Abundance",0.6,0.00448500634521383,1.21165677410703,1.05057358606214
104,12,"Abundance",0.6,0.00452848977279204,1.21011926534611,1.06075919939887
105,12,"Abundance",0.6,0.00451748444887558,1.22131620567426,1.05818129833859
106,12,"Abundance",0.6,0.00419142963427014,1.13019297434067,0.981805804199448
107,12,"Abundance",0.6,0.00481227075579116,1.29186985601971,1.12723241749895
108,12,"Abundance",0.6,0.00417884442233296,1.10353826046756,0.978857828161401
109,12,"Abundance",0.6,0.00438651215590121,1.17028067961179,1.02750218198645
110,12,"Abundance",0.6,0.00419138837166606,1.12198241614149,0.981796138794637
111,12,"Abundance",0.6,0.004656965781743,1.23899232753097,1.09085358300896
112,12,"Abundance",0.6,0.00429444891232943,1.13861011517702,1.00593717081385
113,12,"Abundance",0.6,0.00426434047431438,1.14408616534304,0.998884532029978
114,12,"Abundance",0.6,0.00435402346445837,1.17638126110179,1.01989198961472
115,12,"Abundance",0.6,0.00473508310136575,1.26451951090087,1.1091518832326
116,12,"Abundance",0.6,0.00461190612651102,1.22241855655425,1.08029875210347
117,12,"Abundance",0.6,0.00530677648859447,1.41754043325196,1.24306606879219
118,12,"Abundance",0.6,0.00435916995467316,1.17164737354026,1.02109751002303
119,12,"Abundance",0.6,0.00591891768155709,1.60410163410018,1.38645479976987
120,12,"Abundance",0.6,0.00490109848479734,1.29640719363445,1.14803953762786
121,12,"Abundance",0.6,0.00460995398944167,1.22236265623278,1.07984148103548
122,12,"Abundance",0.6,0.00485309651747774,1.3059227703492,1.13679549579973
123,12,"Abundance",0.6,0.00418722742642959,1.11561060599748,0.980821473694519
124,12,"Abundance",0.6,0.00402969338322992,1.07398238574526,0.943920499213669
125,12,"Abundance",0.6,0.00497195516520229,1.34448310461563,1.16463709649395
1,12,"Abundance",0.65,0.00522714841256176,1.38883891450598,1.22441388706714
2,12,"Abundance",0.65,0.00511242740703362,1.37468625156343,1.19754149293932
3,12,"Abundance",0.65,0.0049765834754512,1.32121109127615,1.16572123776853
4,12,"Abundance",0.65,0.00443197387752785,1.18384516383241,1.03815119343519
5,12,"Abundance",0.65,0.00452052815343458,1.20459499246176,1.05889425956258
6,12,"Abundance",0.65,0.00495860396648023,1.321753490875,1.16150969473795
7,12,"Abundance",0.65,0.00427244440103596,1.13319669466335,1.00078280612411
8,12,"Abundance",0.65,0.00489342502056624,1.31233995156652,1.14624209561456
9,12,"Abundance",0.65,0.00512626604544953,1.38449330387203,1.20078307318866
10,12,"Abundance",0.65,0.0050996709635729,1.37205313623815,1.19455340741158
11,12,"Abundance",0.65,0.00480753354781986,1.27595191741187,1.12612276788349
12,12,"Abundance",0.65,0.00458284040135244,1.23773271294536,1.07349035970423
13,12,"Abundance",0.65,0.00494690198779909,1.31111111946489,1.15876860838026
14,12,"Abundance",0.65,0.00477148936974565,1.28494733008464,1.11767973380472
15,12,"Abundance",0.65,0.00436475687663464,1.16129034915971,1.02240619772341
16,12,"Abundance",0.65,0.00451484408292547,1.20956295618163,1.05756281566294
17,12,"Abundance",0.65,0.00462208182926172,1.23542107076752,1.08268232164756
18,12,"Abundance",0.65,0.00421632075757246,1.10617021318803,0.987636332554607
19,12,"Abundance",0.65,0.00402132557607601,1.0795141631871,0.941960413431738
20,12,"Abundance",0.65,0.00456259719629654,1.2236785480358,1.0687485656259
21,12,"Abundance",0.65,0.00455150949334349,1.22380383820769,1.0661513679954
22,12,"Abundance",0.65,0.00481847304045823,1.29696126267235,1.12868524854152
23,12,"Abundance",0.65,0.00492225038679058,1.31132607454581,1.15299418603159
24,12,"Abundance",0.65,0.00422918500996609,1.13237214632399,0.9906496713838
25,12,"Abundance",0.65,0.00469870616918337,1.26201373506024,1.10063090440867
26,12,"Abundance",0.65,0.00473198098472485,1.2681947819793,1.10842523948832
27,12,"Abundance",0.65,0.00441712367323575,1.18450602832595,1.03467266270947
28,12,"Abundance",0.65,0.00433653394614935,1.14884300412547,1.0157952226195
29,12,"Abundance",0.65,0.00499342143825842,1.32329767309461,1.16966538357497
30,12,"Abundance",0.65,0.00457104825848471,1.25164732964084,1.07072815317287
31,12,"Abundance",0.65,0.00503320975577769,1.34841429746205,1.17898544963558
32,12,"Abundance",0.65,0.00464394582719679,1.23952859747685,1.08780377230969
33,12,"Abundance",0.65,0.00429023841208715,1.1453204060656,1.00495089788621
34,12,"Abundance",0.65,0.00435084799941845,1.17492446509627,1.01914816464823
35,12,"Abundance",0.65,0.00479527400858048,1.27319798439353,1.12325107783204
36,12,"Abundance",0.65,0.00443584139006228,1.18602632193661,1.03905712448628
37,12,"Abundance",0.65,0.00509761336774996,1.36070565418548,1.19407143355113
38,12,"Abundance",0.65,0.004493376932507,1.20132729417626,1.05253432306743
39,12,"Abundance",0.65,0.00467949255054487,1.24254860294311,1.0961302819612
40,12,"Abundance",0.65,0.00429173557695896,1.14911934617642,1.00530159568844
41,12,"Abundance",0.65,0.00462538289741756,1.226008933776,1.08345556804754
42,12,"Abundance",0.65,0.00437430534166566,1.16611905983822,1.02464284230692
43,12,"Abundance",0.65,0.00460214718795348,1.22092322534596,1.07801280593363
44,12,"Abundance",0.65,0.00431387181998685,1.14327899086274,1.01048681738709
45,12,"Abundance",0.65,0.00508129723592918,1.35713776500579,1.19024952209812
46,12,"Abundance",0.65,0.00519509269532279,1.3864851303416,1.21690511512316
47,12,"Abundance",0.65,0.00445406108783557,1.1764100116391,1.04332492964715
48,12,"Abundance",0.65,0.00491861911001873,1.31676752211182,1.15214359114576
49,12,"Abundance",0.65,0.0043502049677389,1.16370791321047,1.01899754009041
50,12,"Abundance",0.65,0.00441080347511801,1.19044328814039,1.03319221147036
51,12,"Abundance",0.65,0.00410829100944414,1.10912443073093,0.962331307063697
52,12,"Abundance",0.65,0.00424766421011639,1.13728011102372,0.994978262711254
53,12,"Abundance",0.65,0.00444979500059503,1.19130525096789,1.04232563595039
54,12,"Abundance",0.65,0.00417658281096726,1.10839935483083,0.978328065440942
55,12,"Abundance",0.65,0.00488632818044607,1.30410526033196,1.14457972276582
56,12,"Abundance",0.65,0.00447767707452625,1.21144550959473,1.04885676838189
57,12,"Abundance",0.65,0.00457954432913902,1.21306251740767,1.07271828356013
58,12,"Abundance",0.65,0.00515749196682087,1.38695171293255,1.20809747269407
59,12,"Abundance",0.65,0.00467335554782543,1.23480482264822,1.094692742645
60,12,"Abundance",0.65,0.00381492237976042,1.02317853857724,0.893612266419781
61,12,"Abundance",0.65,0.00483096839113378,1.31769507519129,1.13161217536345
62,12,"Abundance",0.65,0.00428863645450052,1.16186028901043,1.00457565330526
63,12,"Abundance",0.65,0.00406233350863662,1.09153103835308,0.951566163669564
64,12,"Abundance",0.65,0.0049853792265469,1.34019724711551,1.16778156568324
65,12,"Abundance",0.65,0.00402462415479287,1.08079091165954,0.942733076702363
66,12,"Abundance",0.65,0.0045614726728477,1.22464120551251,1.06848515582415
67,12,"Abundance",0.65,0.00460161352692554,1.23376919678394,1.07788780049625
68,12,"Abundance",0.65,0.00422667759265104,1.12968035562018,0.99006233076538
69,12,"Abundance",0.65,0.00424857689449036,1.12905320842545,0.995192051058891
70,12,"Abundance",0.65,0.0048355293458864,1.27410571082481,1.13268053920097
71,12,"Abundance",0.65,0.00457627295807956,1.22425005552874,1.07195199344576
72,12,"Abundance",0.65,0.00427889589262289,1.13908391816068,1.00229401171228
73,12,"Abundance",0.65,0.00449504159784542,1.19220413453468,1.05292425639185
74,12,"Abundance",0.65,0.00491166536683085,1.31624736859813,1.15051473750428
75,12,"Abundance",0.65,0.00441601045105287,1.17996361050924,1.03441190013062
76,12,"Abundance",0.65,0.00442959134345555,1.19094326945317,1.03759310562627
77,12,"Abundance",0.65,0.00483980229601078,1.29159601164868,1.13368144046838
78,12,"Abundance",0.65,0.00457899691270582,1.23549743268124,1.07259005603915
79,12,"Abundance",0.65,0.00474524431928233,1.26196830217288,1.11153205983074
80,12,"Abundance",0.65,0.00479177392457689,1.29855014663237,1.12243121370697
81,12,"Abundance",0.65,0.00464468387871113,1.24561786740952,1.08797665443435
82,12,"Abundance",0.65,0.00425846002549453,1.13548258762161,0.997507088225266
83,12,"Abundance",0.65,0.00412155486811429,1.10346487562608,0.965438250174936
84,12,"Abundance",0.65,0.00428011314114179,1.14088829996009,1.00257914155229
85,12,"Abundance",0.65,0.00456790260453641,1.22482518331707,1.06999131119437
86,12,"Abundance",0.65,0.00518155096856311,1.38305924361399,1.2137330838375
87,12,"Abundance",0.65,0.00447302862593464,1.19549622403623,1.04776790987632
88,12,"Abundance",0.65,0.0048090505016132,1.27971195840015,1.12647810106785
89,12,"Abundance",0.65,0.00432146149618103,1.15847322021076,1.01226463278413
90,12,"Abundance",0.65,0.00434937635826464,1.16233087384047,1.01880344555413
91,12,"Abundance",0.65,0.00457792562000328,1.2172720790522,1.07233911507506
92,12,"Abundance",0.65,0.00490805556279404,1.30196480090645,1.1496691724192
93,12,"Abundance",0.65,0.00457785577709867,1.22614558467573,1.07232275498433
94,12,"Abundance",0.65,0.00438683024865367,1.15477464559164,1.02757669243703
95,12,"Abundance",0.65,0.00467023239036581,1.24302295346049,1.0939611702726
96,12,"Abundance",0.65,0.00427815191561192,1.13474476891516,1.00211974159175
97,12,"Abundance",0.65,0.00466410481432543,1.24924407265461,1.09252583907369
98,12,"Abundance",0.65,0.00482819635862932,1.29150108220608,1.13096285094677
99,12,"Abundance",0.65,0.00499212434464864,1.31264223205548,1.16936155071941
100,12,"Abundance",0.65,0.00453437560466252,1.22463906183341,1.0621379041362
101,12,"Abundance",0.65,0.00441577054993283,1.18142752637163,1.03435570538738
102,12,"Abundance",0.65,0.00446471422437394,1.19931923811734,1.04582033388842
103,12,"Abundance",0.65,0.00493552665678573,1.32442785679955,1.15610403638738
104,12,"Abundance",0.65,0.004215960728472,1.13042142192923,0.987551998880578
105,12,"Abundance",0.65,0.0041254892578085,1.09603573144839,0.96635984661692
106,12,"Abundance",0.65,0.00445223148525245,1.18845503522385,1.04289636121294
107,12,"Abundance",0.65,0.00506902372328978,1.34550958629622,1.1873745588997
108,12,"Abundance",0.65,0.00457138015625336,1.23899303076745,1.07080589732799
109,12,"Abundance",0.65,0.00433545934621876,1.14713384672412,1.01554350696611
110,12,"Abundance",0.65,0.00467993544772419,1.23818460965428,1.09623402675934
111,12,"Abundance",0.65,0.00480360448176431,1.28544583931995,1.12520241845739
112,12,"Abundance",0.65,0.00417746037578993,1.11737418306947,0.978533627340252
113,12,"Abundance",0.65,0.00442905056453198,1.19466433474275,1.03746643288396
114,12,"Abundance",0.65,0.00447372777910416,1.19863514200461,1.04793168040328
115,12,"Abundance",0.65,0.00446563743717434,1.18983898089246,1.04603658842804
116,12,"Abundance",0.65,0.00458674580989528,1.23073678255506,1.07440516756447
117,12,"Abundance",0.65,0.00435608249305401,1.15161192703289,1.02037429908967
118,12,"Abundance",0.65,0.00557129754587028,1.50044663144194,1.30502781741441
119,12,"Abundance",0.65,0.00469817618301027,1.25138203438638,1.10050675977394
120,12,"Abundance",0.65,0.0047670709880026,1.26146025340622,1.11664476645015
121,12,"Abundance",0.65,0.00467064233045219,1.24552761579296,1.09405719515941
122,12,"Abundance",0.65,0.00477749609967581,1.28092990436036,1.1190867578572
123,12,"Abundance",0.65,0.00440573911903005,1.17449913127992,1.0320059302643
124,12,"Abundance",0.65,0.0048615087447929,1.27841765543566,1.13876598661669
125,12,"Abundance",0.65,0.00454992689763579,1.20758967273429,1.06578065876559
1,12,"Abundance",0.7,0.00510793513377668,1.35435968648215,1.19648921714262
2,12,"Abundance",0.7,0.0042261217494038,1.13300067005183,0.989932129336745
3,12,"Abundance",0.7,0.00501100198230001,1.34566980691348,1.17378347255346
4,12,"Abundance",0.7,0.00468451296400015,1.24583603679483,1.09730626998915
5,12,"Abundance",0.7,0.00483073544585561,1.27359089777302,1.13155760996545
6,12,"Abundance",0.7,0.00474859438556066,1.25967740511742,1.1123167836132
7,12,"Abundance",0.7,0.00522955614390189,1.40416875684556,1.22497787711612
8,12,"Abundance",0.7,0.00446347965289312,1.18596518625116,1.0455311462958
9,12,"Abundance",0.7,0.00464861070393394,1.23769001986575,1.08889647896494
10,12,"Abundance",0.7,0.0045646907058709,1.22478910368012,1.06923895196913
11,12,"Abundance",0.7,0.00521979953260376,1.38424378558007,1.22269247608648
12,12,"Abundance",0.7,0.00500692707084712,1.34049671888085,1.17282896011616
13,12,"Abundance",0.7,0.00457378808555713,1.21329751673028,1.07136993374822
14,12,"Abundance",0.7,0.00451903798629374,1.21227492920309,1.05854520091773
15,12,"Abundance",0.7,0.00461003946943276,1.23545830630385,1.07986150397723
16,12,"Abundance",0.7,0.00451062833612403,1.19714709198394,1.05657531377459
17,12,"Abundance",0.7,0.00528496399658658,1.4312943530392,1.23795668294391
18,12,"Abundance",0.7,0.00517267105167527,1.40492507399111,1.21165304082067
19,12,"Abundance",0.7,0.00463765194170749,1.22645813924389,1.0863294845741
20,12,"Abundance",0.7,0.00469003000504,1.24047702880708,1.09859858869364
21,12,"Abundance",0.7,0.0047809578877293,1.28132569805342,1.11989765149025
22,12,"Abundance",0.7,0.00463176153290605,1.22829473993652,1.08494970773064
23,12,"Abundance",0.7,0.00445689819217075,1.18427697936947,1.04398949657216
24,12,"Abundance",0.7,0.00449043971069775,1.19411937936673,1.05184630449808
25,12,"Abundance",0.7,0.00474063772199522,1.26484734062142,1.11045300462792
26,12,"Abundance",0.7,0.00459533312645731,1.23139284407295,1.07641667150913
27,12,"Abundance",0.7,0.00495092611123996,1.31716680462869,1.15971122416909
28,12,"Abundance",0.7,0.0046156449745221,1.22590999281862,1.0811745446131
29,12,"Abundance",0.7,0.00467366637708035,1.25962358782048,1.0947655516847
30,12,"Abundance",0.7,0.00490252450011585,1.29696708639516,1.1483735692683
31,12,"Abundance",0.7,0.00472575205161787,1.2691565851737,1.10696616628131
32,12,"Abundance",0.7,0.00474747263923294,1.27936486163215,1.11205402432782
33,12,"Abundance",0.7,0.0047664473242691,1.29070862886944,1.11649867866462
34,12,"Abundance",0.7,0.00442898280019922,1.18751704417344,1.03745055968055
35,12,"Abundance",0.7,0.00470481845097427,1.24617961878834,1.10206265306314
36,12,"Abundance",0.7,0.00460344096307887,1.24281494278248,1.07831586146319
37,12,"Abundance",0.7,0.00558022238377255,1.50601278492347,1.30711838278675
38,12,"Abundance",0.7,0.00458674564941741,1.21678794644051,1.07440512997393
39,12,"Abundance",0.7,0.00494856115208697,1.31099511256354,1.1591572531316
40,12,"Abundance",0.7,0.00470073478852498,1.26573864827019,1.10110609078131
41,12,"Abundance",0.7,0.00437684822705396,1.17124092912825,1.0252384910119
42,12,"Abundance",0.7,0.00539143890814768,1.4354592556962,1.26289750154136
43,12,"Abundance",0.7,0.00488247726086095,1.30319466198152,1.14367767846825
44,12,"Abundance",0.7,0.0049526336634596,1.32875725821492,1.16011120337106
45,12,"Abundance",0.7,0.00485098570798482,1.31162841957471,1.13630105710159
46,12,"Abundance",0.7,0.00430524937320841,1.16149391533081,1.00846708449589
47,12,"Abundance",0.7,0.00471806838303252,1.2577858243572,1.10516633398711
48,12,"Abundance",0.7,0.00462475369946631,1.23071989588413,1.08330818391982
49,12,"Abundance",0.7,0.00486630216041715,1.29456993645735,1.13988880238422
50,12,"Abundance",0.7,0.00487345815547641,1.30905568321582,1.14156503176108
51,12,"Abundance",0.7,0.00447976170856571,1.1789927787786,1.04934507570856
52,12,"Abundance",0.7,0.00488209968523968,1.30469084227113,1.14358923467489
53,12,"Abundance",0.7,0.00497763612550274,1.33749050070799,1.16596781185436
54,12,"Abundance",0.7,0.00462027894385846,1.2463861341042,1.08226001147951
55,12,"Abundance",0.7,0.00425450161739052,1.12645881864269,0.996579865680452
56,12,"Abundance",0.7,0.00565033116560399,1.51315694299113,1.32354075294051
57,12,"Abundance",0.7,0.00424332814141849,1.12387255343341,0.993962576468979
58,12,"Abundance",0.7,0.00481512672189426,1.29459262261121,1.12790140262844
59,12,"Abundance",0.7,0.00497945203121005,1.33079231740909,1.16639317191498
60,12,"Abundance",0.7,0.00531697006174877,1.43416619910748,1.24545382432233
61,12,"Abundance",0.7,0.00479934568908252,1.27540323041918,1.12420483344733
62,12,"Abundance",0.7,0.00448475338660801,1.18542340309471,1.05051433271685
63,12,"Abundance",0.7,0.00507226501283942,1.35386735084117,1.188133802683
64,12,"Abundance",0.7,0.00447806906459004,1.19325472807272,1.0489485886326
65,12,"Abundance",0.7,0.00494262285783616,1.33641430290834,1.15776625953961
66,12,"Abundance",0.7,0.00507683001352745,1.36084926671972,1.18920311424558
67,12,"Abundance",0.7,0.00460157699789374,1.24999688556095,1.07787924388942
68,12,"Abundance",0.7,0.00485745903929947,1.30239380035207,1.13781737845536
69,12,"Abundance",0.7,0.00473924535158429,1.27487091468567,1.11012685401338
70,12,"Abundance",0.7,0.0047468668212299,1.27346171733628,1.11191211674889
71,12,"Abundance",0.7,0.00497786992023676,1.33534126916939,1.16602257622998
72,12,"Abundance",0.7,0.0044381431561145,1.1910317966517,1.03959629309155
73,12,"Abundance",0.7,0.00464590950908679,1.25457390312173,1.08826374765114
74,12,"Abundance",0.7,0.00477283231630135,1.27904308023246,1.11799430731261
75,12,"Abundance",0.7,0.00497754272003511,1.35290913332796,1.16594593243892
76,12,"Abundance",0.7,0.00431103081819451,1.13640550526829,1.00982133751677
77,12,"Abundance",0.7,0.00478709524195305,1.2786715685722,1.12133527314326
78,12,"Abundance",0.7,0.00516647500635926,1.37880296112542,1.21020167129162
79,12,"Abundance",0.7,0.00460698891117657,1.2201013212292,1.0791469373345
80,12,"Abundance",0.7,0.00448163534341804,1.19616020471174,1.04978395831747
81,12,"Abundance",0.7,0.00468240488979734,1.24071246566184,1.09681247200885
82,12,"Abundance",0.7,0.0046567182395661,1.24470754723242,1.09079559841486
83,12,"Abundance",0.7,0.00503910666011383,1.34179438757728,1.18036674800133
84,12,"Abundance",0.7,0.00454688949378053,1.22330006014553,1.06506917342646
85,12,"Abundance",0.7,0.00501064310752843,1.33671301520393,1.1736994092709
86,12,"Abundance",0.7,0.00569014908549401,1.51372456263533,1.33286775309805
87,12,"Abundance",0.7,0.00492279343422199,1.33659760386905,1.15312139015206
88,12,"Abundance",0.7,0.00492308616875162,1.31934304875202,1.1531899606603
89,12,"Abundance",0.7,0.00489746375547623,1.31425800713822,1.14718813401249
90,12,"Abundance",0.7,0.00462581009053434,1.22575607667632,1.08355563430612
91,12,"Abundance",0.7,0.00498331626686949,1.34548219319601,1.16729833538671
92,12,"Abundance",0.7,0.00467754760608566,1.24221383884677,1.09567469569935
93,12,"Abundance",0.7,0.00496161262213193,1.32460492018395,1.16221444606135
94,12,"Abundance",0.7,0.00502252541981999,1.35552826966062,1.17648273720269
95,12,"Abundance",0.7,0.00455847934038661,1.20135105023493,1.0677839938244
96,12,"Abundance",0.7,0.00484463229906841,1.27563124583808,1.13481282652279
97,12,"Abundance",0.7,0.0049954388102269,1.33948436995938,1.17013793534864
98,12,"Abundance",0.7,0.00515909463285566,1.37392010170551,1.2084728832228
99,12,"Abundance",0.7,0.00520856077815389,1.39847682903789,1.22005989596139
100,12,"Abundance",0.7,0.00518519954746788,1.39464480830056,1.21458773159694
101,12,"Abundance",0.7,0.0049454321804942,1.32097450116193,1.15842431884926
102,12,"Abundance",0.7,0.00487242148544346,1.30656232843784,1.14132220085511
103,12,"Abundance",0.7,0.00480592454940364,1.28845512519702,1.12574587404968
104,12,"Abundance",0.7,0.0043939348957054,1.17504704112163,1.02924089399136
105,12,"Abundance",0.7,0.00552083669023815,1.48822819729195,1.29320780246308
106,12,"Abundance",0.7,0.0048116492053009,1.28616938723742,1.12708682472221
107,12,"Abundance",0.7,0.0045344109318746,1.21788008827608,1.06214617922726
108,12,"Abundance",0.7,0.00491617634182649,1.30216130036813,1.15157139402002
109,12,"Abundance",0.7,0.00519981940505821,1.40341202954244,1.21801230561851
110,12,"Abundance",0.7,0.00458659433538863,1.23155398178605,1.07436968598354
111,12,"Abundance",0.7,0.00442002051451585,1.17451373435204,1.03535122249236
112,12,"Abundance",0.7,0.00502213067385006,1.35631240419976,1.17639027140502
113,12,"Abundance",0.7,0.00495471564224076,1.32113983123238,1.16059888872664
114,12,"Abundance",0.7,0.0044176909361774,1.18050797158663,1.03480553910183
115,12,"Abundance",0.7,0.00524440724961679,1.40350614838729,1.22845661899226
116,12,"Abundance",0.7,0.00414218282453395,1.09629023795087,0.970270168901667
117,12,"Abundance",0.7,0.00445706035689938,1.18076647172136,1.04402748224428
118,12,"Abundance",0.7,0.00492659764406928,1.32452554845334,1.15401249310126
119,12,"Abundance",0.7,0.00476454894495434,1.26983451726857,1.11605399988138
120,12,"Abundance",0.7,0.00469377680613573,1.2466307111322,1.09947624414392
121,12,"Abundance",0.7,0.00474794743873569,1.2542842105191,1.11216524196675
122,12,"Abundance",0.7,0.00539942849665254,1.44917467315928,1.26476899290628
123,12,"Abundance",0.7,0.00545368128511495,1.46200872345975,1.27747723502275
124,12,"Abundance",0.7,0.00465718450337173,1.23721346261805,1.09090481664124
125,12,"Abundance",0.7,0.00471222020582987,1.25920989804558,1.10379644952702
1,12,"Abundance",0.75,0.00496883581412175,1.33085157618456,1.16390641573262
2,12,"Abundance",0.75,0.00472107078530093,1.25985565594222,1.10586962051006
3,12,"Abundance",0.75,0.00557811845157599,1.50040816786572,1.30662555503524
4,12,"Abundance",0.75,0.00503590883437164,1.36429765223098,1.17961768523554
5,12,"Abundance",0.75,0.00494436143767915,1.32650755235725,1.15817350669151
6,12,"Abundance",0.75,0.00464861365856824,1.2400808152495,1.08889717106223
7,12,"Abundance",0.75,0.00544929769466397,1.45053261575772,1.27645041722463
8,12,"Abundance",0.75,0.00484835362654862,1.31240735750994,1.135684515001
9,12,"Abundance",0.75,0.00512521772115945,1.3478404246214,1.20053751237469
10,12,"Abundance",0.75,0.004575316517271,1.22792167359196,1.07172795553528
11,12,"Abundance",0.75,0.00488021629008525,1.3001087481456,1.14314806580041
12,12,"Abundance",0.75,0.00472795911383692,1.25064219983459,1.10748315134035
13,12,"Abundance",0.75,0.00517969299309725,1.38517713930568,1.21329786930317
14,12,"Abundance",0.75,0.00465303717245071,1.24611316201583,1.08993334057568
15,12,"Abundance",0.75,0.00497293290911692,1.32106491551323,1.16486612447107
16,12,"Abundance",0.75,0.00520176281767529,1.39955672248757,1.21846753305971
17,12,"Abundance",0.75,0.00463099920984721,1.24179624950557,1.08477114020854
18,12,"Abundance",0.75,0.00495615715894743,1.33278535176401,1.16093655143195
19,12,"Abundance",0.75,0.00455559831533963,1.21132430205853,1.06710913885604
20,12,"Abundance",0.75,0.00460673207580333,1.24540124139166,1.07908677589027
21,12,"Abundance",0.75,0.00473077425405002,1.25843121195762,1.10814257336148
22,12,"Abundance",0.75,0.00494375218849214,1.3272760820896,1.15803079538767
23,12,"Abundance",0.75,0.00488020104318708,1.30822535070148,1.1431444943476
24,12,"Abundance",0.75,0.0051064024842361,1.38162706494703,1.19613020736647
25,12,"Abundance",0.75,0.00512683982461321,1.3744752141949,1.20091747594914
26,12,"Abundance",0.75,0.00477565331852948,1.27082823251189,1.11865510245959
27,12,"Abundance",0.75,0.00508768581873068,1.36798119284419,1.19174599185245
28,12,"Abundance",0.75,0.004712370624131,1.254879232441,1.10383168370103
29,12,"Abundance",0.75,0.00465107082532376,1.23609765440454,1.08947274092573
30,12,"Abundance",0.75,0.00476601752279544,1.26494863431707,1.11639800142122
31,12,"Abundance",0.75,0.0047692135358382,1.27570522556033,1.117146639578
32,12,"Abundance",0.75,0.00542980073015033,1.4348068372887,1.27188342347928
33,12,"Abundance",0.75,0.00539179555665638,1.44384718824475,1.26298104334128
34,12,"Abundance",0.75,0.00493346074128399,1.31229541731688,1.15562011371479
35,12,"Abundance",0.75,0.00472853881540312,1.27128562199208,1.10761894137192
36,12,"Abundance",0.75,0.00493446372264854,1.32527448020087,1.15585505334425
37,12,"Abundance",0.75,0.00517784130186596,1.38681654675434,1.21286412679593
38,12,"Abundance",0.75,0.00518471350999816,1.38615733243883,1.21447388156235
39,12,"Abundance",0.75,0.00487005394617196,1.29649425178661,1.14076762544737
40,12,"Abundance",0.75,0.00589677561821574,1.57331222388006,1.38126821471361
41,12,"Abundance",0.75,0.0044230581105063,1.17441853123069,1.0360627528375
42,12,"Abundance",0.75,0.00426843898025537,1.13227511939204,0.999844571270176
43,12,"Abundance",0.75,0.00502972028524841,1.32295946427326,1.17816807162421
44,12,"Abundance",0.75,0.00458907072222728,1.22880410432155,1.07494975798373
45,12,"Abundance",0.75,0.00470415019404327,1.2633181322728,1.10190611971036
46,12,"Abundance",0.75,0.00517850890120634,1.3870103198887,1.21302050611384
47,12,"Abundance",0.75,0.00438331418899691,1.18580432078931,1.02675308615466
48,12,"Abundance",0.75,0.00485629477227211,1.30217241305696,1.13754465906726
49,12,"Abundance",0.75,0.00524505619110337,1.40499265934239,1.22860862787079
50,12,"Abundance",0.75,0.0051057035044173,1.36524958320678,1.19596647744541
51,12,"Abundance",0.75,0.00541790769730065,1.45531333828985,1.26909758435034
52,12,"Abundance",0.75,0.00516065798616167,1.38009445952844,1.20883908508798
53,12,"Abundance",0.75,0.00438653295798107,1.16815124575197,1.02750705469208
54,12,"Abundance",0.75,0.00456280467539044,1.22237856229762,1.06879716579254
55,12,"Abundance",0.75,0.00558734172448044,1.49137631252155,1.30878602620176
56,12,"Abundance",0.75,0.00518799580254542,1.38014691104024,1.21524272993992
57,12,"Abundance",0.75,0.00542064513223106,1.43016923485325,1.26973880458731
58,12,"Abundance",0.75,0.00460018734717794,1.22348859094206,1.07755373033971
59,12,"Abundance",0.75,0.00468756124665431,1.25342580032575,1.09802030359196
60,12,"Abundance",0.75,0.00467304055926017,1.25989726409916,1.09461895932317
61,12,"Abundance",0.75,0.00455208995453057,1.21996404975818,1.06628733596154
62,12,"Abundance",0.75,0.00487081024370064,1.29534761162166,1.14094478154163
63,12,"Abundance",0.75,0.005170258889245,1.37431836147755,1.21108801282751
64,12,"Abundance",0.75,0.00485537710255647,1.30068122438194,1.13732970294685
65,12,"Abundance",0.75,0.00481793631984938,1.29109869832442,1.12855952642402
66,12,"Abundance",0.75,0.0047932700878645,1.28067932562224,1.12278167689685
67,12,"Abundance",0.75,0.00524067525186043,1.38884723621472,1.22758243109502
68,12,"Abundance",0.75,0.00481924701324746,1.28904933067811,1.12886654491128
69,12,"Abundance",0.75,0.00500644064014336,1.33448750152926,1.17271501796992
70,12,"Abundance",0.75,0.00475829969617027,1.26934283484018,1.11459016790437
71,12,"Abundance",0.75,0.00520973761372449,1.38688920851741,1.22033555942102
72,12,"Abundance",0.75,0.00476776130644522,1.28028534650261,1.11680646751943
73,12,"Abundance",0.75,0.0056167322692127,1.4979019843515,1.31567050475074
74,12,"Abundance",0.75,0.00525428381258497,1.38926962563904,1.23077011765353
75,12,"Abundance",0.75,0.00493239205606779,1.31265990465439,1.1553697835316
76,12,"Abundance",0.75,0.00492082619759395,1.31283311785659,1.15266058214425
77,12,"Abundance",0.75,0.00511987828294724,1.38597895836013,1.19928679558225
78,12,"Abundance",0.75,0.00539667762232769,1.43574422130737,1.26412462460849
79,12,"Abundance",0.75,0.00510307370828267,1.36164129371317,1.19535047065677
80,12,"Abundance",0.75,0.00472539258519875,1.26576707708799,1.10688196441048
81,12,"Abundance",0.75,0.00537663023014925,1.44803596166394,1.25942869798743
82,12,"Abundance",0.75,0.00498715652731238,1.33761998400776,1.16819788287323
83,12,"Abundance",0.75,0.00531371653348184,1.43673261071137,1.24469171372634
84,12,"Abundance",0.75,0.00544788636379745,1.43265683174782,1.27611982528886
85,12,"Abundance",0.75,0.00507141418835346,1.37164803052364,1.18793450447413
86,12,"Abundance",0.75,0.00502890741990766,1.34113232462768,1.17797766501377
87,12,"Abundance",0.75,0.00469393790034786,1.24277922340807,1.09951397905689
88,12,"Abundance",0.75,0.00499226262494406,1.33616506636987,1.16939394167154
89,12,"Abundance",0.75,0.00453295090187908,1.22806725104107,1.06180417994563
90,12,"Abundance",0.75,0.00467685461079645,1.24912796617852,1.09551236760212
91,12,"Abundance",0.75,0.00434872982256578,1.17795417314324,1.01865200021039
92,12,"Abundance",0.75,0.00480744686323126,1.2913592205183,1.12610246277529
93,12,"Abundance",0.75,0.00503465880196367,1.35624868467756,1.1793248760557
94,12,"Abundance",0.75,0.00498407537727548,1.32366071959706,1.16747615037292
95,12,"Abundance",0.75,0.00543852189763835,1.46099990797862,1.27392628083495
96,12,"Abundance",0.75,0.00452390635830326,1.20128581726922,1.0596855745642
97,12,"Abundance",0.75,0.00568927326406628,1.51431218361051,1.33266259957378
98,12,"Abundance",0.75,0.00527323064670148,1.41534612067427,1.23520824815553
99,12,"Abundance",0.75,0.00569759641393885,1.51545702825586,1.33461222477739
100,12,"Abundance",0.75,0.00497351322345098,1.33635961373332,1.16500205803818
101,12,"Abundance",0.75,0.00546283888594238,1.49254042715687,1.27962232307847
102,12,"Abundance",0.75,0.00600317047512257,1.60215288413344,1.40619028120711
103,12,"Abundance",0.75,0.00522911545185907,1.38838663098466,1.22487464885195
104,12,"Abundance",0.75,0.0048110331008624,1.28327348603119,1.12694250763556
105,12,"Abundance",0.75,0.00521873905347489,1.40538140520071,1.22244406810762
106,12,"Abundance",0.75,0.00493726447133676,1.32628821343795,1.15651110427631
107,12,"Abundance",0.75,0.00441377875891534,1.1706463074813,1.03388914572818
108,12,"Abundance",0.75,0.00503319882593911,1.3537615946026,1.1789828894163
109,12,"Abundance",0.75,0.00553706927708271,1.47626094476464,1.2970101442347
110,12,"Abundance",0.75,0.00471855823383616,1.23761826414566,1.10528107726189
111,12,"Abundance",0.75,0.00461872074303014,1.23904892624034,1.08189501653725
112,12,"Abundance",0.75,0.00457544417456705,1.22795445030423,1.07175785814253
113,12,"Abundance",0.75,0.00459812233629673,1.22757846390095,1.07707001956658
114,12,"Abundance",0.75,0.00538861663826553,1.41845485642093,1.26223640945748
115,12,"Abundance",0.75,0.00515105113419244,1.37448310416468,1.20658876387387
116,12,"Abundance",0.75,0.00484819315187522,1.29629405228485,1.13564692520956
117,12,"Abundance",0.75,0.00480814898344281,1.28713622610359,1.12626692830593
118,12,"Abundance",0.75,0.00493147506843384,1.31076083725231,1.15515498718287
119,12,"Abundance",0.75,0.00494930967663993,1.31903129313508,1.15933258847414
120,12,"Abundance",0.75,0.00524748748974782,1.41437034734973,1.22917813835508
121,12,"Abundance",0.75,0.00498546035305769,1.33626532959564,1.16780056886024
122,12,"Abundance",0.75,0.00464971375180725,1.24211634529207,1.08915485830059
123,12,"Abundance",0.75,0.00488064192739004,1.3125718031836,1.14324776762361
124,12,"Abundance",0.75,0.00481891766058975,1.28525888425473,1.12878939692617
125,12,"Abundance",0.75,0.00528657790344119,1.39679881401241,1.23833472653655
1,12,"Abundance",0.8,0.00518098190289387,1.38672738262269,1.21359978517195
2,12,"Abundance",0.8,0.00554347250998689,1.48451329752821,1.2985100456477
3,12,"Abundance",0.8,0.00556415360287718,1.49760382249398,1.30335441112884
4,12,"Abundance",0.8,0.0057025299749219,1.51814200000324,1.33576786837186
5,12,"Abundance",0.8,0.00501495007368485,1.3429325255714,1.17470827849688
6,12,"Abundance",0.8,0.00455441977467981,1.21176502876713,1.06683307599414
7,12,"Abundance",0.8,0.005452003784864,1.448946259267,1.27708429523212
8,12,"Abundance",0.8,0.00498808671697916,1.33583449176971,1.1684157716829
9,12,"Abundance",0.8,0.00474286357570273,1.27459149793886,1.11097439142909
10,12,"Abundance",0.8,0.0047633527306575,1.27714284677954,1.11577379712428
11,12,"Abundance",0.8,0.00558034200787437,1.50833565215392,1.30714640368837
12,12,"Abundance",0.8,0.00493768539027687,1.31050521455849,1.15660970086376
13,12,"Abundance",0.8,0.00518027710614306,1.38065959841896,1.21343469268534
14,12,"Abundance",0.8,0.00485709188655633,1.29776496230567,1.1377313761302
15,12,"Abundance",0.8,0.00496260396395817,1.33112630911006,1.16244665923057
16,12,"Abundance",0.8,0.00569837800668657,1.51938689031653,1.3347953060559
17,12,"Abundance",0.8,0.00462840680969008,1.24408931478994,1.08416389310119
18,12,"Abundance",0.8,0.00573618096788511,1.54810607672598,1.34365031972885
19,12,"Abundance",0.8,0.0051741484255649,1.3719109463729,1.2119991027581
20,12,"Abundance",0.8,0.00492507666969722,1.31044816234103,1.15365621813143
21,12,"Abundance",0.8,0.00472808928971382,1.26610803511865,1.10751364390318
22,12,"Abundance",0.8,0.00533502571076827,1.40853657927391,1.24968320249463
23,12,"Abundance",0.8,0.00512373811720476,1.37404747790996,1.200190928064
24,12,"Abundance",0.8,0.00541947520728945,1.45650876719952,1.26946475988219
25,12,"Abundance",0.8,0.00576998439468569,1.54861117173079,1.35156847738162
26,12,"Abundance",0.8,0.00496091081942265,1.32968509816406,1.16205005490285
27,12,"Abundance",0.8,0.00501318226665332,1.33873548715054,1.1742941851312
28,12,"Abundance",0.8,0.00481369912283149,1.27869290316051,1.1275670000097
29,12,"Abundance",0.8,0.004824702910931,1.29782294085874,1.13014454131827
30,12,"Abundance",0.8,0.00557548494315737,1.47517730094967,1.30600867867647
31,12,"Abundance",0.8,0.00520568204902434,1.37765751570861,1.21938557879166
32,12,"Abundance",0.8,0.00515695034083861,1.36010136539923,1.20797060153566
33,12,"Abundance",0.8,0.00527164958670846,1.4132446582559,1.23483789865348
34,12,"Abundance",0.8,0.00524679383216239,1.41487532446418,1.22901565512072
35,12,"Abundance",0.8,0.00559298215546638,1.47363647734871,1.31010724792403
36,12,"Abundance",0.8,0.00548896444920913,1.4770927783482,1.28574200821969
37,12,"Abundance",0.8,0.00467231423948515,1.25310917470375,1.09444882525603
38,12,"Abundance",0.8,0.0051402103956987,1.36984910641949,1.20404941551217
39,12,"Abundance",0.8,0.00545378712448794,1.4582090526898,1.27750202697198
40,12,"Abundance",0.8,0.00552297212520085,1.46149940082214,1.29370800946256
41,12,"Abundance",0.8,0.00474585923499699,1.27399931583769,1.1116760984692
42,12,"Abundance",0.8,0.00512824441300705,1.37453907117196,1.20124648851955
43,12,"Abundance",0.8,0.00515146739210487,1.35318405797917,1.20668626865628
44,12,"Abundance",0.8,0.00564028247119733,1.50962419011309,1.32118693399233
45,12,"Abundance",0.8,0.00489996719902978,1.3145679476425,1.14777454381197
46,12,"Abundance",0.8,0.00491464244687202,1.30183948538613,1.15121209251654
47,12,"Abundance",0.8,0.00513098538863338,1.37420524469294,1.20188853813361
48,12,"Abundance",0.8,0.00540893978578825,1.4438035848928,1.26699692936084
49,12,"Abundance",0.8,0.00493201460275547,1.32213978968599,1.15528136838805
50,12,"Abundance",0.8,0.0054388343130977,1.45702405787563,1.27399946142918
51,12,"Abundance",0.8,0.00480716185046647,1.28275612614713,1.12603570102305
52,12,"Abundance",0.8,0.00519759579639668,1.40163576282541,1.21749144469977
53,12,"Abundance",0.8,0.0050138400965418,1.33532383076463,1.17444827604028
54,12,"Abundance",0.8,0.00511621694819815,1.37339358555787,1.19842915987763
55,12,"Abundance",0.8,0.00524961853751743,1.40452866296801,1.22967731769286
56,12,"Abundance",0.8,0.00522825212079495,1.40295883088224,1.22467242108633
57,12,"Abundance",0.8,0.00493282142855276,1.32303321183285,1.15547036028815
58,12,"Abundance",0.8,0.00467442831741022,1.23639145275936,1.09494402955588
59,12,"Abundance",0.8,0.00485496054625648,1.28941865937862,1.13723212826976
60,12,"Abundance",0.8,0.00530044523246183,1.42746170384714,1.24158302730962
61,12,"Abundance",0.8,0.00500698692035502,1.33575463614399,1.17284297934094
62,12,"Abundance",0.8,0.00549109036348774,1.48152808351429,1.28623998508202
63,12,"Abundance",0.8,0.00561534291383605,1.50400857494501,1.31534506038166
64,12,"Abundance",0.8,0.00500586589214839,1.34453469362033,1.17258038826917
65,12,"Abundance",0.8,0.00536037525744161,1.41647900935926,1.2556211125228
66,12,"Abundance",0.8,0.00485058720402086,1.29905017717917,1.13620771102663
67,12,"Abundance",0.8,0.00522334477378929,1.40048354856591,1.22352291788723
68,12,"Abundance",0.8,0.00515473218825917,1.38240141527137,1.20745101865651
69,12,"Abundance",0.8,0.00544312569743585,1.45662458138573,1.27500468075024
70,12,"Abundance",0.8,0.00526106681890567,1.43401203803324,1.23235897767426
71,12,"Abundance",0.8,0.00471782014565511,1.25859502316436,1.10510818654835
72,12,"Abundance",0.8,0.00487834078872019,1.30282995224636,1.14270874597718
73,12,"Abundance",0.8,0.00504655953565479,1.34865772864852,1.18211251903953
74,12,"Abundance",0.8,0.00447802579895902,1.19959243011866,1.04893845403621
75,12,"Abundance",0.8,0.00480202958008506,1.30082562502767,1.12483351148658
76,12,"Abundance",0.8,0.00534593614509717,1.42945357975292,1.25223887649733
77,12,"Abundance",0.8,0.0051343302308694,1.36473971022609,1.20267203822977
78,12,"Abundance",0.8,0.00459839545631464,1.227671344767,1.07713399554667
79,12,"Abundance",0.8,0.00511514621586625,1.3596894388527,1.19817835017547
80,12,"Abundance",0.8,0.00575950420651737,1.55674815658937,1.34911358478635
81,12,"Abundance",0.8,0.00497211414604417,1.32622540370267,1.1646743363684
82,12,"Abundance",0.8,0.0047138614103113,1.24089932014681,1.10418088735047
83,12,"Abundance",0.8,0.00487617880219419,1.31687980079351,1.14220231950578
84,12,"Abundance",0.8,0.00524410807138249,1.39259225935232,1.22838653910246
85,12,"Abundance",0.8,0.00487671956414935,1.31639994598974,1.14232898827339
86,12,"Abundance",0.8,0.00535027728800078,1.42924416247845,1.253255751328
87,12,"Abundance",0.8,0.00560265777564617,1.49897799594787,1.31237367749118
88,12,"Abundance",0.8,0.00615682889265416,1.63397967593082,1.44218342420612
89,12,"Abundance",0.8,0.00537602636610025,1.41766671284328,1.25928724810518
90,12,"Abundance",0.8,0.00542727053152393,1.44766815298571,1.27129074653753
91,12,"Abundance",0.8,0.00555422941402038,1.47875293125896,1.3010297565189
92,12,"Abundance",0.8,0.00467872764659296,1.24722505198377,1.09595110988744
93,12,"Abundance",0.8,0.00585743127344082,1.5755374844105,1.37205214539286
94,12,"Abundance",0.8,0.00517050257844322,1.37959018721786,1.211145094895
95,12,"Abundance",0.8,0.00465242380412589,1.2374233640901,1.08978966439977
96,12,"Abundance",0.8,0.00588500223339436,1.58441581679751,1.37851040209087
97,12,"Abundance",0.8,0.00532557440685732,1.41452515790983,1.24746931705537
98,12,"Abundance",0.8,0.00564042158931014,1.5176254840004,1.32121952119589
99,12,"Abundance",0.8,0.00555147125134254,1.47656408538421,1.30038368098802
100,12,"Abundance",0.8,0.00509855035812895,1.37011667142946,1.19429091536828
101,12,"Abundance",0.8,0.0050825723123385,1.37525429761298,1.19054819761667
102,12,"Abundance",0.8,0.00494030175994708,1.33513758997169,1.15722256262031
103,12,"Abundance",0.8,0.00538564348495165,1.44052305165023,1.26153997424682
104,12,"Abundance",0.8,0.00464247168237239,1.23840793239117,1.0874584667526
105,12,"Abundance",0.8,0.00516764853873003,1.39022832806344,1.21047656100552
106,12,"Abundance",0.8,0.00574687418121279,1.53934358634313,1.34615511160817
107,12,"Abundance",0.8,0.00480750364275874,1.27976053028321,1.12611576288396
108,12,"Abundance",0.8,0.00538395885516303,1.44116726183411,1.26114536442423
109,12,"Abundance",0.8,0.00535706515655169,1.44544556667535,1.25484575028372
110,12,"Abundance",0.8,0.0050920885986068,1.34367514235904,1.1927773046059
111,12,"Abundance",0.8,0.00550075298784694,1.47887751169537,1.28850337049164
112,12,"Abundance",0.8,0.00552519605158093,1.45736387419908,1.29422894480409
113,12,"Abundance",0.8,0.00514291878564308,1.36835816299081,1.2046838322147
114,12,"Abundance",0.8,0.00503756018157895,1.33981799906376,1.180004498904
115,12,"Abundance",0.8,0.00479955215094429,1.2857643202061,1.12425319533621
116,12,"Abundance",0.8,0.00512434733913977,1.37095657450151,1.20033363298429
117,12,"Abundance",0.8,0.00494659503116112,1.3264671966776,1.15869670646727
118,12,"Abundance",0.8,0.00508680593769576,1.37241260818476,1.19153988740064
119,12,"Abundance",0.8,0.00424362266446341,1.12964017954159,0.994031565921312
120,12,"Abundance",0.8,0.00450053597333,1.19597834938934,1.05421126588786
121,12,"Abundance",0.8,0.00536463564694602,1.4093582227543,1.25661907157463
122,12,"Abundance",0.8,0.00486262956122858,1.30470755952226,1.13902852808297
123,12,"Abundance",0.8,0.0051661597682766,1.40141935715593,1.21012782952252
124,12,"Abundance",0.8,0.00551970238542993,1.47928670343197,1.29294210146327
125,12,"Abundance",0.8,0.0043719576683222,1.17437628545102,1.0240929203194
1,12,"Abundance",0.85,0.00489879292680648,1.30946789996347,1.14749948079406
2,12,"Abundance",0.85,0.00528270344341597,1.41047696603002,1.2374271680964
3,12,"Abundance",0.85,0.00514783694196957,1.38235116220593,1.20583586740284
4,12,"Abundance",0.85,0.00561242381160177,1.52150537720638,1.31466128616456
5,12,"Abundance",0.85,0.0062736105736778,1.66873256155255,1.46953851358081
6,12,"Abundance",0.85,0.00473866307083502,1.26656427107255,1.10999045983068
7,12,"Abundance",0.85,0.00548371617135021,1.46068210416322,1.28451264494425
8,12,"Abundance",0.85,0.00566617816237644,1.52588686429371,1.32725277360361
9,12,"Abundance",0.85,0.00511523101057793,1.36456982909522,1.1981982125965
10,12,"Abundance",0.85,0.00527227989714016,1.40429985562781,1.23498554337002
11,12,"Abundance",0.85,0.00456336618925932,1.22577092133322,1.06892869551478
12,12,"Abundance",0.85,0.00599060259323296,1.5894700959878,1.40324636458143
13,12,"Abundance",0.85,0.00546706250335418,1.46969026039624,1.28061166858859
14,12,"Abundance",0.85,0.00493800192871265,1.31778439450218,1.15668384722923
15,12,"Abundance",0.85,0.00566472345184771,1.51660891246883,1.32691202036064
16,12,"Abundance",0.85,0.00509438686320048,1.37926447439029,1.19331565302508
17,12,"Abundance",0.85,0.00526211458896129,1.40988342885944,1.23260440866365
18,12,"Abundance",0.85,0.00496163042903291,1.33486612724226,1.16221861717247
19,12,"Abundance",0.85,0.00627945026334101,1.68382593677912,1.47090640990889
20,12,"Abundance",0.85,0.00545056478806006,1.48046608890499,1.27674722279201
21,12,"Abundance",0.85,0.00608849245431154,1.62348954183592,1.42617621004356
22,12,"Abundance",0.85,0.00521183456420334,1.3873833653405,1.2208267517661
23,12,"Abundance",0.85,0.00557126513847243,1.4883164590377,1.30502022626435
24,12,"Abundance",0.85,0.00550172681756938,1.45570085571762,1.28873148160342
25,12,"Abundance",0.85,0.00509307498923594,1.36743121754676,1.19300835800042
26,12,"Abundance",0.85,0.00558982687519313,1.4993822808773,1.30936815106295
27,12,"Abundance",0.85,0.0051772909623192,1.39774412113272,1.21273521456111
28,12,"Abundance",0.85,0.00534333807191479,1.42268695285459,1.25163030053334
29,12,"Abundance",0.85,0.00518103308981879,1.37991687978502,1.21361177526228
30,12,"Abundance",0.85,0.00481050133404202,1.30025984255653,1.12681794589976
31,12,"Abundance",0.85,0.00538091933530516,1.4262909680409,1.26043338342995
32,12,"Abundance",0.85,0.00523360036707445,1.39037803488816,1.22592520109165
33,12,"Abundance",0.85,0.00492880561986221,1.31869850668694,1.154529692157
34,12,"Abundance",0.85,0.00550646825568446,1.48515535581835,1.28984212209313
35,12,"Abundance",0.85,0.0051831362474445,1.3785965940876,1.21410442157732
36,12,"Abundance",0.85,0.00502152884819328,1.3302825424722,1.17624929899835
37,12,"Abundance",0.85,0.00541810549165292,1.43953292353851,1.26914391595079
38,12,"Abundance",0.85,0.00525877689693582,1.40978572117556,1.2318225834419
39,12,"Abundance",0.85,0.00554582017755186,1.49246107288996,1.29905996628165
40,12,"Abundance",0.85,0.00585473682371536,1.58157692778987,1.37142099406495
41,12,"Abundance",0.85,0.00557541228913295,1.49762132869909,1.30599166010547
42,12,"Abundance",0.85,0.00490565727650586,1.3174341303487,1.14910739479119
43,12,"Abundance",0.85,0.00534717247403006,1.42151884001357,1.25252847575776
44,12,"Abundance",0.85,0.00541934077407974,1.46383060418169,1.2694332700763
45,12,"Abundance",0.85,0.00505738106144179,1.34461916895758,1.18464736699238
46,12,"Abundance",0.85,0.00524719941858664,1.43015709435188,1.22911066020018
47,12,"Abundance",0.85,0.00549340599820131,1.46486875216321,1.28678240230014
48,12,"Abundance",0.85,0.00537470524548484,1.45958764705793,1.25897778713327
49,12,"Abundance",0.85,0.00537989977141525,1.44057739930163,1.26019455948868
50,12,"Abundance",0.85,0.00509916349069325,1.3555411682444,1.19443453631933
51,12,"Abundance",0.85,0.00560465913581543,1.49712575947226,1.31284247864065
52,12,"Abundance",0.85,0.004944516283623,1.32389512842282,1.15820977800218
53,12,"Abundance",0.85,0.00575409410124645,1.53762304704155,1.34784631485226
54,12,"Abundance",0.85,0.00478006659591966,1.27908783159471,1.11968887416406
55,12,"Abundance",0.85,0.00521074580806139,1.40545293410227,1.22057172014377
56,12,"Abundance",0.85,0.00570746645499771,1.52436980383758,1.33692419573833
57,12,"Abundance",0.85,0.00584274017319068,1.58097335577048,1.36861088340013
58,12,"Abundance",0.85,0.00517928004175196,1.37724816493542,1.21320113905526
59,12,"Abundance",0.85,0.00582508802999352,1.56150568113282,1.36447602294445
60,12,"Abundance",0.85,0.00580583471852164,1.56164922001933,1.35996610279724
61,12,"Abundance",0.85,0.00618618683051544,1.65318054096533,1.44906026488022
62,12,"Abundance",0.85,0.00567533739783198,1.50873418512113,1.32939824455671
63,12,"Abundance",0.85,0.00607893124072855,1.59884631556028,1.42393657922304
64,12,"Abundance",0.85,0.0053708499279519,1.42281552690524,1.25807471265484
65,12,"Abundance",0.85,0.00556157001927147,1.48149855415692,1.3027492292217
66,12,"Abundance",0.85,0.00535399866127333,1.42649563504077,1.25412745053267
67,12,"Abundance",0.85,0.00581907928599825,1.55545518114645,1.3630685271148
68,12,"Abundance",0.85,0.00531328729765257,1.43086311388755,1.2445911689802
69,12,"Abundance",0.85,0.00511325262807106,1.36219697104698,1.19773479376386
70,12,"Abundance",0.85,0.00521920413469307,1.39632399432963,1.22255300932322
71,12,"Abundance",0.85,0.00546769454902797,1.4681412682306,1.28075971977045
72,12,"Abundance",0.85,0.0048702200106768,1.29884902625238,1.14080652460802
73,12,"Abundance",0.85,0.00489856230073777,1.30506780656519,1.14744545865064
74,12,"Abundance",0.85,0.004951111889737,1.33532541040945,1.15975474116033
75,12,"Abundance",0.85,0.00524253727013474,1.41380829020017,1.22801859262192
76,12,"Abundance",0.85,0.00490823066215889,1.30191558729279,1.14971018791694
77,12,"Abundance",0.85,0.00552527122939717,1.48278187186127,1.29424655455131
78,12,"Abundance",0.85,0.00544505079020273,1.46753586350571,1.27545561692646
79,12,"Abundance",0.85,0.00520827731280407,1.39896876610122,1.21999349667761
80,12,"Abundance",0.85,0.00573409248479766,1.546753334391,1.3431611107963
81,12,"Abundance",0.85,0.00460599350994848,1.2417918482241,1.07891377328583
82,12,"Abundance",0.85,0.00619585580693916,1.66159808571258,1.4513251382055
83,12,"Abundance",0.85,0.00498944378425114,1.32573444260502,1.16873365284532
84,12,"Abundance",0.85,0.00541208066197982,1.45881443147398,1.26773265219153
85,12,"Abundance",0.85,0.00538201781028803,1.43346561491381,1.26069069160593
86,12,"Abundance",0.85,0.00536594931888425,1.42910373405052,1.25692678775891
87,12,"Abundance",0.85,0.00530185248957986,1.4050476630929,1.24191266500535
88,12,"Abundance",0.85,0.00539544090634438,1.45862246523107,1.26383493468488
89,12,"Abundance",0.85,0.00586392615661013,1.57533798018248,1.37357351508046
90,12,"Abundance",0.85,0.00481716875728914,1.29065634929985,1.12837973159445
91,12,"Abundance",0.85,0.005581050893765,1.50265511183044,1.30731245402028
92,12,"Abundance",0.85,0.00479615529987139,1.27892792031845,1.12345751262401
93,12,"Abundance",0.85,0.00586410642188509,1.55764153544038,1.37361574064756
94,12,"Abundance",0.85,0.00605100780897725,1.62955462285918,1.41739575908319
95,12,"Abundance",0.85,0.00561994050905849,1.49458289362489,1.31642200692939
96,12,"Abundance",0.85,0.00517203255724423,1.37638008713716,1.21150347907372
97,12,"Abundance",0.85,0.00553927788579926,1.48752643798908,1.29752749154727
98,12,"Abundance",0.85,0.00524711173588617,1.39459307644094,1.22909012129299
99,12,"Abundance",0.85,0.0058214181198096,1.57336997128493,1.36361637851907
100,12,"Abundance",0.85,0.00532766536032098,1.42175567021869,1.24795910465198
101,12,"Abundance",0.85,0.00478349592901258,1.27176999198385,1.12049216550593
102,12,"Abundance",0.85,0.00564212634664227,1.50777941301381,1.32161884571984
103,12,"Abundance",0.85,0.00557659185129175,1.48065522372244,1.30626796224459
104,12,"Abundance",0.85,0.00592729216500195,1.59926302835084,1.3884164494147
105,12,"Abundance",0.85,0.0056286410491123,1.49761004793013,1.31846003248867
106,12,"Abundance",0.85,0.00525364938581262,1.40826154202652,1.23062150872012
107,12,"Abundance",0.85,0.00595567456794581,1.5855203425522,1.39506477954996
108,12,"Abundance",0.85,0.004627169889996,1.223338086397,1.08387415546011
109,12,"Abundance",0.85,0.00534634593908067,1.44745512405315,1.25233486716082
110,12,"Abundance",0.85,0.00494775811629826,1.32080101415078,1.15896914900791
111,12,"Abundance",0.85,0.00574969341240875,1.54392708401293,1.34681549190632
112,12,"Abundance",0.85,0.00586478118977692,1.56318039477559,1.37377379913606
113,12,"Abundance",0.85,0.00616685551759187,1.63108669521619,1.44453207357386
114,12,"Abundance",0.85,0.00510002186465523,1.35386961936021,1.19463560292705
115,12,"Abundance",0.85,0.00530426020469799,1.41226323072871,1.24247665125445
116,12,"Abundance",0.85,0.00528845799170138,1.42463756159563,1.23877512079994
117,12,"Abundance",0.85,0.00600287089711618,1.62122205486008,1.40612010767418
118,12,"Abundance",0.85,0.00488437925092637,1.31135865597891,1.14412320303832
119,12,"Abundance",0.85,0.00481251666841115,1.28776208180877,1.12729002038357
120,12,"Abundance",0.85,0.00563754094435369,1.5168353975291,1.32054475526042
121,12,"Abundance",0.85,0.00532616091799677,1.42587591633461,1.24760670217003
122,12,"Abundance",0.85,0.00538280991240151,1.43175144327116,1.26087623461163
123,12,"Abundance",0.85,0.00579824422009124,1.5537385770579,1.35818809479855
124,12,"Abundance",0.85,0.00568407783951943,1.50818543608304,1.33144561672534
125,12,"Abundance",0.85,0.00581147098401966,1.55162129519118,1.36128634879033
1,12,"Abundance",0.9,0.00578566071928975,1.54555554084929,1.3552405195791
2,12,"Abundance",0.9,0.00584240024260506,1.56380173222862,1.36853125762776
3,12,"Abundance",0.9,0.00555952183106538,1.48294464534492,1.30226945901337
4,12,"Abundance",0.9,0.00501961542557354,1.35366897116847,1.17580109645223
5,12,"Abundance",0.9,0.00567146392769725,1.5265936785105,1.32849091798976
6,12,"Abundance",0.9,0.00514048709527534,1.39306491133731,1.20411422997264
7,12,"Abundance",0.9,0.0059660095901045,1.57286426704124,1.39748566827466
8,12,"Abundance",0.9,0.005284451644861,1.41967183906364,1.23783666902458
9,12,"Abundance",0.9,0.00569776133060178,1.5311524903767,1.3346508550661
10,12,"Abundance",0.9,0.00562904449837704,1.50282236804775,1.31855453695717
11,12,"Abundance",0.9,0.00616404838408021,1.64233707750975,1.44387452705264
12,12,"Abundance",0.9,0.00587025300262947,1.56726205128559,1.37505552353248
13,12,"Abundance",0.9,0.00555346683665209,1.49974307599705,1.30085112942703
14,12,"Abundance",0.9,0.00584241813272971,1.55348016798887,1.36853544823329
15,12,"Abundance",0.9,0.00617072187632876,1.644469054536,1.44543773435793
16,12,"Abundance",0.9,0.00545582821444426,1.45923146394055,1.27798013447726
17,12,"Abundance",0.9,0.00507416569091795,1.36222845637731,1.18857901993158
18,12,"Abundance",0.9,0.00521661356921415,1.39859918087198,1.22194619197322
19,12,"Abundance",0.9,0.00445586926513085,1.1880633453459,1.04374847939472
20,12,"Abundance",0.9,0.00590666617808483,1.58626248941386,1.38358499202674
21,12,"Abundance",0.9,0.00573894039565883,1.53261422065266,1.34429669159737
22,12,"Abundance",0.9,0.00624024615746878,1.66853690591676,1.46172319032693
23,12,"Abundance",0.9,0.00578559745718873,1.54401334297481,1.35522570098415
24,12,"Abundance",0.9,0.00486789255918324,1.30253185290172,1.14026133941234
25,12,"Abundance",0.9,0.00558048296994595,1.48676077777129,1.30717942282316
26,12,"Abundance",0.9,0.00543142177467785,1.46805886729179,1.27226313900951
27,12,"Abundance",0.9,0.00558206693423048,1.48954224186427,1.30755045263015
28,12,"Abundance",0.9,0.00574123515408436,1.52937221234208,1.34483421872725
29,12,"Abundance",0.9,0.00516629324321553,1.37427725158697,1.21015909486183
30,12,"Abundance",0.9,0.00556020857028599,1.50121764873969,1.30243032168114
31,12,"Abundance",0.9,0.00458985697905936,1.23466846940446,1.07513393178329
32,12,"Abundance",0.9,0.00575346064779082,1.53752809706706,1.34769793390981
33,12,"Abundance",0.9,0.00551159315901739,1.45128670177765,1.29104258596282
34,12,"Abundance",0.9,0.00501123738705266,1.33745690931247,1.17383861406189
35,12,"Abundance",0.9,0.00599560362972676,1.58596983744414,1.40441781372529
36,12,"Abundance",0.9,0.00525459344896737,1.41885583355625,1.23084264727325
37,12,"Abundance",0.9,0.00563849100130415,1.51476695084159,1.32076729780787
38,12,"Abundance",0.9,0.00531587689825827,1.42082706756443,1.24519776031706
39,12,"Abundance",0.9,0.00501570922222597,1.34106697696505,1.17488610241592
40,12,"Abundance",0.9,0.00568612962100946,1.50892730588114,1.33192622862907
41,12,"Abundance",0.9,0.00538601190908331,1.43947639495673,1.26162627438363
42,12,"Abundance",0.9,0.00505433601377408,1.34452049941817,1.18393409115691
43,12,"Abundance",0.9,0.00492287638580367,1.31488471449706,1.15314082083597
44,12,"Abundance",0.9,0.00517302890775412,1.37036972615844,1.21173686548336
45,12,"Abundance",0.9,0.00518412708075966,1.38205137844193,1.21433651563227
46,12,"Abundance",0.9,0.0054220133782904,1.43924344132973,1.27005930428308
47,12,"Abundance",0.9,0.00530868687277026,1.40513063078558,1.24351355960933
48,12,"Abundance",0.9,0.00548035963417543,1.4507467599877,1.28372640541078
49,12,"Abundance",0.9,0.00587696385487136,1.56655818050145,1.37662748209009
50,12,"Abundance",0.9,0.00547780180002814,1.46287090448541,1.2831272550895
51,12,"Abundance",0.9,0.00603774591248015,1.59872235047572,1.41428927559386
52,12,"Abundance",0.9,0.00552600333766697,1.47066916239161,1.29441804452282
53,12,"Abundance",0.9,0.00594095462800438,1.5806527622717,1.39161676211129
54,12,"Abundance",0.9,0.00526043658260952,1.39686553882428,1.23221135032331
55,12,"Abundance",0.9,0.0058103214437554,1.55394150944816,1.36101707901795
56,12,"Abundance",0.9,0.00519673697808371,1.38588436818932,1.21729027400671
57,12,"Abundance",0.9,0.00491572347974758,1.31806011373144,1.15146531503114
58,12,"Abundance",0.9,0.00604489864324403,1.60881899912817,1.41596474033802
59,12,"Abundance",0.9,0.00617076400491813,1.66631859894031,1.44544760261224
60,12,"Abundance",0.9,0.00563920317445099,1.5003909916547,1.32093411815086
61,12,"Abundance",0.9,0.00615524512119301,1.6469699160261,1.44181243956633
62,12,"Abundance",0.9,0.00508513641743015,1.35524964067524,1.19114881685191
63,12,"Abundance",0.9,0.00529863213912716,1.40630266943338,1.24115832602274
64,12,"Abundance",0.9,0.00588821063601822,1.58430872401617,1.37926194239888
65,12,"Abundance",0.9,0.00562228195270333,1.50005150219233,1.31697046966439
66,12,"Abundance",0.9,0.00567329565172889,1.50581717623021,1.32891998335476
67,12,"Abundance",0.9,0.00549628958826572,1.48865208702705,1.28745785810143
68,12,"Abundance",0.9,0.00581797284440884,1.56515585197768,1.36280935283077
69,12,"Abundance",0.9,0.00465365204828578,1.23043986496428,1.0900773698727
70,12,"Abundance",0.9,0.00548134937726338,1.45485975356424,1.28395824408952
71,12,"Abundance",0.9,0.00541317660852749,1.43897504324792,1.26798936810363
72,12,"Abundance",0.9,0.00547725925204893,1.46212835399441,1.28300016796136
73,12,"Abundance",0.9,0.00613547655607522,1.62396928090898,1.43718182575033
74,12,"Abundance",0.9,0.00562473773064404,1.51637470059014,1.31754571421013
75,12,"Abundance",0.9,0.00544306206993556,1.4595907477869,1.27498977656372
76,12,"Abundance",0.9,0.00533141825027608,1.39702734620239,1.24883818636442
77,12,"Abundance",0.9,0.00571482052867872,1.52128908981785,1.33864682330328
78,12,"Abundance",0.9,0.00595219709268739,1.58576506263521,1.3942502113261
79,12,"Abundance",0.9,0.00589255165194959,1.58137810448999,1.38027878748742
80,12,"Abundance",0.9,0.00637286427103536,1.71623614222578,1.49278782578617
81,12,"Abundance",0.9,0.00520094746183505,1.40484699771455,1.2182765430715
82,12,"Abundance",0.9,0.00640603115059988,1.72311507768274,1.50055687780542
83,12,"Abundance",0.9,0.00646677421253446,1.73433934338754,1.51478540982814
84,12,"Abundance",0.9,0.00509742434151992,1.37092753079583,1.19402715580679
85,12,"Abundance",0.9,0.00595519487290309,1.58436563524966,1.39495241517353
86,12,"Abundance",0.9,0.00563711801750727,1.50131312890329,1.32044568833844
87,12,"Abundance",0.9,0.00556894855322288,1.46965948961128,1.30447758639147
88,12,"Abundance",0.9,0.00557306472391215,1.48631277171141,1.30544176344475
89,12,"Abundance",0.9,0.0057847255985396,1.5514250379255,1.35502147570619
90,12,"Abundance",0.9,0.00561228675483621,1.50581758781373,1.31462918181362
91,12,"Abundance",0.9,0.00535523713997107,1.43629876325918,1.25441755335674
92,12,"Abundance",0.9,0.00557285941655442,1.48026884480091,1.30539367198836
93,12,"Abundance",0.9,0.00487490486929928,1.31574635649366,1.1419039118455
94,12,"Abundance",0.9,0.00581937854550653,1.55882625987274,1.36313862604233
95,12,"Abundance",0.9,0.00549775730368247,1.462762532203,1.2878016576259
96,12,"Abundance",0.9,0.00627797831663571,1.67931062360144,1.47056161924201
97,12,"Abundance",0.9,0.00585563993605724,1.5627258114854,1.37163254024763
98,12,"Abundance",0.9,0.00565809885577938,1.50397822536145,1.32536026655875
99,12,"Abundance",0.9,0.00525448639560623,1.39381106481587,1.23081757095788
100,12,"Abundance",0.9,0.0055914121461196,1.49293566654219,1.30973948693939
101,12,"Abundance",0.9,0.00449108300619027,1.20455832501425,1.05199699085178
102,12,"Abundance",0.9,0.00674462929419499,1.82498925925331,1.57987053726775
103,12,"Abundance",0.9,0.00594631660178056,1.58360213527241,1.39287275766288
104,12,"Abundance",0.9,0.00609320459801299,1.62057922082085,1.42727998857261
105,12,"Abundance",0.9,0.00599110257872074,1.6090018698891,1.40336348181749
106,12,"Abundance",0.9,0.00557482680010917,1.50351122347078,1.30585451441246
107,12,"Abundance",0.9,0.00611513594876151,1.64199344966993,1.43241721604335
108,12,"Abundance",0.9,0.00580400827201228,1.56177348091284,1.35953827364575
109,12,"Abundance",0.9,0.00600594086485283,1.59340689717544,1.40683922081827
110,12,"Abundance",0.9,0.00524994630975022,1.40210680868836,1.22975409547721
111,12,"Abundance",0.9,0.0053580579222862,1.44136916808279,1.25507829699101
112,12,"Abundance",0.9,0.00572943354972063,1.53084300862618,1.34206979592306
113,12,"Abundance",0.9,0.00506584599833293,1.359111758857,1.1866302045674
114,12,"Abundance",0.9,0.0060125200949649,1.60240528894557,1.40838034804091
115,12,"Abundance",0.9,0.00484186077464259,1.29474051662823,1.13416362111911
116,12,"Abundance",0.9,0.00535131779316056,1.42933989037249,1.25349948057896
117,12,"Abundance",0.9,0.00555777965370342,1.4723830314395,1.30186136917406
118,12,"Abundance",0.9,0.00639422710908069,1.71594336632526,1.49779188411881
119,12,"Abundance",0.9,0.00523300244535653,1.41369056060337,1.22578514314857
120,12,"Abundance",0.9,0.00541440484850104,1.46682226883631,1.26827707259593
121,12,"Abundance",0.9,0.00569125443222463,1.52597056724564,1.33312667092095
122,12,"Abundance",0.9,0.00493308946449047,1.31955976164759,1.15553314536684
123,12,"Abundance",0.9,0.00580234664390324,1.55175283900171,1.35914905176582
124,12,"Abundance",0.9,0.00566954139614187,1.50876378401527,1.32804058175498
125,12,"Abundance",0.9,0.00537039938209183,1.43591617468885,1.25796917622
1,12,"Abundance",0.95,0.00574026613875276,1.52458321795994,1.34460723534452
2,12,"Abundance",0.95,0.00625468070790845,1.67037810833043,1.46510435776604
3,12,"Abundance",0.95,0.00609316952711946,1.62210997437327,1.42727177352194
4,12,"Abundance",0.95,0.00559526800013579,1.49744185262166,1.31064268708435
5,12,"Abundance",0.95,0.00501638040057383,1.34052764432211,1.17504332008509
6,12,"Abundance",0.95,0.00581335405225277,1.55508418246597,1.36172744108636
7,12,"Abundance",0.95,0.0058461010497844,1.55432155881467,1.3693981394046
8,12,"Abundance",0.95,0.00531310241329038,1.41441785789726,1.24454786143224
9,12,"Abundance",0.95,0.00583251273936207,1.54837399448111,1.36621519630261
10,12,"Abundance",0.95,0.00590157407048916,1.58280312168462,1.38239221027225
11,12,"Abundance",0.95,0.00612695210023864,1.66163117835691,1.43518504638187
12,12,"Abundance",0.95,0.00617657405720784,1.64388513182102,1.44680855664427
13,12,"Abundance",0.95,0.00580383870748942,1.56823883261922,1.35949855463644
14,12,"Abundance",0.95,0.0059954984204788,1.61484245242983,1.40439316937734
15,12,"Abundance",0.95,0.00549501116250525,1.45504962294413,1.28715839802662
16,12,"Abundance",0.95,0.00654715776622701,1.75289685061198,1.53361455560032
17,12,"Abundance",0.95,0.00586802340938602,1.56277775025271,1.37453326077767
18,12,"Abundance",0.95,0.0055623919872062,1.48915643175139,1.30294176803532
19,12,"Abundance",0.95,0.00675800350175116,1.80662304214066,1.58300332864228
20,12,"Abundance",0.95,0.00604469457491227,1.61301677346743,1.41591693911264
21,12,"Abundance",0.95,0.0061354411934431,1.65789848595553,1.43717354236242
22,12,"Abundance",0.95,0.00675026400383698,1.81032767672063,1.58119041881514
23,12,"Abundance",0.95,0.00582616399102863,1.54899581378808,1.36472805742469
24,12,"Abundance",0.95,0.00564193749385645,1.48752210767296,1.32157460860329
25,12,"Abundance",0.95,0.00577085682205377,1.54355844807682,1.35177283587705
26,12,"Abundance",0.95,0.00621082962419887,1.67722344226479,1.45483262418987
27,12,"Abundance",0.95,0.00553546810696431,1.45594852293139,1.29663508411132
28,12,"Abundance",0.95,0.00584371886623265,1.5650497842213,1.36884013370205
29,12,"Abundance",0.95,0.00589034201704795,1.59475218369917,1.37976119979994
30,12,"Abundance",0.95,0.00567375774224567,1.52420677024073,1.32902822402467
31,12,"Abundance",0.95,0.00601901374778005,1.62002943073962,1.40990142952878
32,12,"Abundance",0.95,0.00676152350430141,1.83106726890241,1.58382785851304
33,12,"Abundance",0.95,0.00589172146256779,1.57129823869286,1.38008432287157
34,12,"Abundance",0.95,0.00573778466776267,1.53164747903971,1.34402597242623
35,12,"Abundance",0.95,0.00622671473321361,1.65869054362097,1.45855357231302
36,12,"Abundance",0.95,0.00642711685686185,1.70647456094163,1.50549602043693
37,12,"Abundance",0.95,0.00520857612327085,1.38921596271279,1.22006349042108
38,12,"Abundance",0.95,0.00727547831023524,1.95793745205271,1.70421728541318
39,12,"Abundance",0.95,0.00582426104997296,1.54038044271044,1.36428231009346
40,12,"Abundance",0.95,0.00578728883354596,1.55218889643408,1.35562189113155
41,12,"Abundance",0.95,0.00632851760164112,1.69692727256085,1.48240000558941
42,12,"Abundance",0.95,0.00595706251383315,1.61277845204136,1.39538989375849
43,12,"Abundance",0.95,0.00573020336250909,1.53953078537288,1.34225011784894
44,12,"Abundance",0.95,0.00631547503223612,1.69930290096939,1.47934489755686
45,12,"Abundance",0.95,0.00498909448362921,1.34370599256945,1.16865183222373
46,12,"Abundance",0.95,0.00569788689720079,1.5028484629004,1.33468026794583
47,12,"Abundance",0.95,0.00578396247355693,1.55195057953328,1.35484272034042
48,12,"Abundance",0.95,0.00578400854972564,1.53140419181408,1.35485351328074
49,12,"Abundance",0.95,0.00600221612250534,1.61127958221554,1.40596673243721
50,12,"Abundance",0.95,0.00549828125085413,1.46032186421939,1.28792438767725
51,12,"Abundance",0.95,0.00566678511016766,1.51892211761218,1.32739494582556
52,12,"Abundance",0.95,0.00570918412701671,1.54321637313248,1.33732654541497
53,12,"Abundance",0.95,0.00632086354888517,1.69408405764336,1.48060711054472
54,12,"Abundance",0.95,0.0057294998408436,1.52882455537951,1.34208532403996
55,12,"Abundance",0.95,0.00611468216946885,1.64160217347469,1.43231092220515
56,12,"Abundance",0.95,0.00458842126515981,1.22167866039655,1.07479762833489
57,12,"Abundance",0.95,0.00565185157546269,1.51380452065778,1.32389689567803
58,12,"Abundance",0.95,0.00499361348425671,1.33074824726056,1.16971036867368
59,12,"Abundance",0.95,0.0057000390760626,1.51997377022114,1.33518439705751
60,12,"Abundance",0.95,0.00598139110419093,1.59891748123909,1.40108865368182
61,12,"Abundance",0.95,0.00558849692852239,1.4983806875123,1.30905662266463
62,12,"Abundance",0.95,0.00574055574917845,1.55940230705823,1.34467507405868
63,12,"Abundance",0.95,0.00555318610274113,1.48067756007804,1.30078536995895
64,12,"Abundance",0.95,0.00564769451601695,1.51355696806163,1.32292314079047
65,12,"Abundance",0.95,0.00654946463388342,1.75574238983606,1.53415491921183
66,12,"Abundance",0.95,0.00579162872363725,1.54958523529905,1.35663847250187
67,12,"Abundance",0.95,0.00657386190248714,1.75095517353217,1.53986976641478
68,12,"Abundance",0.95,0.00587892570174825,1.54488017293999,1.37708702759574
69,12,"Abundance",0.95,0.00582592054355136,1.55864222906548,1.36467103197823
70,12,"Abundance",0.95,0.00536463522173769,1.44072473313413,1.25661897197328
71,12,"Abundance",0.95,0.00604470659846966,1.62886146872072,1.41591975552602
72,12,"Abundance",0.95,0.00588839505239558,1.57431135353557,1.37930514032548
73,12,"Abundance",0.95,0.00562165949630931,1.51166937544084,1.31682466468761
74,12,"Abundance",0.95,0.00635368341363652,1.70296840997858,1.48829487737312
75,12,"Abundance",0.95,0.00594574507812198,1.58429771966631,1.39273888323477
76,12,"Abundance",0.95,0.00574417422881688,1.5402496640837,1.34552267132772
77,12,"Abundance",0.95,0.00561867690241902,1.51603528103903,1.31612601810432
78,12,"Abundance",0.95,0.00524064549534308,1.39458788659299,1.22757546089057
79,12,"Abundance",0.95,0.00586490778440069,1.55608127104364,1.37380345282161
80,12,"Abundance",0.95,0.00542589399994089,1.45791637156246,1.27096830603016
81,12,"Abundance",0.95,0.00596953824931805,1.6023864774957,1.39831222589323
82,12,"Abundance",0.95,0.00578960145514317,1.53526306286711,1.35616360255348
83,12,"Abundance",0.95,0.00588871808070141,1.58505353966522,1.37938080688635
84,12,"Abundance",0.95,0.00578534879066499,1.53694320279519,1.35516745302161
85,12,"Abundance",0.95,0.00583085415445057,1.57779369010862,1.36582668726513
86,12,"Abundance",0.95,0.00592165510384205,1.58086166330076,1.38709601704476
87,12,"Abundance",0.95,0.00506410568638467,1.35651810126997,1.18622255168497
88,12,"Abundance",0.95,0.00570755161837894,1.50249629265567,1.33694414451699
89,12,"Abundance",0.95,0.00631085895053603,1.69301891736515,1.4782636207131
90,12,"Abundance",0.95,0.00603341176714343,1.60690093688971,1.41327403988214
91,12,"Abundance",0.95,0.0063619925041764,1.68937124355047,1.49024120930077
92,12,"Abundance",0.95,0.00636280363428089,1.69458272349958,1.49043120944726
93,12,"Abundance",0.95,0.00575648838314767,1.54116622465523,1.34840715448757
94,12,"Abundance",0.95,0.00573262212573146,1.53273087402595,1.34281669202003
95,12,"Abundance",0.95,0.00615545880603425,1.64642931782432,1.44186249337512
96,12,"Abundance",0.95,0.00555442943606384,1.50045769625943,1.30107660993655
97,12,"Abundance",0.95,0.00651635193897261,1.735339620263,1.52639855947474
98,12,"Abundance",0.95,0.0060025016007841,1.60847932993932,1.40603360323204
99,12,"Abundance",0.95,0.00550130252778797,1.46852360716738,1.2886320954258
100,12,"Abundance",0.95,0.00546425192764249,1.4504017620399,1.27995331576206
101,12,"Abundance",0.95,0.0054411375662746,1.45547063505016,1.27453897838043
102,12,"Abundance",0.95,0.00635313514251689,1.69893466844353,1.48816644964929
103,12,"Abundance",0.95,0.00614389946650044,1.64320362529591,1.43915481899255
104,12,"Abundance",0.95,0.00578547535477073,1.54627041978305,1.35519709955859
105,12,"Abundance",0.95,0.00516325495380738,1.385095538319,1.20944740208966
106,12,"Abundance",0.95,0.00596217717893786,1.60396070241657,1.39658795941258
107,12,"Abundance",0.95,0.00537157179392371,1.42938267123231,1.25824380345746
108,12,"Abundance",0.95,0.00620025476952677,1.65653972515665,1.45235555679244
109,12,"Abundance",0.95,0.00594532058569107,1.59187873511634,1.39263944958829
110,12,"Abundance",0.95,0.00604059884474452,1.60776918212268,1.4149575500731
111,12,"Abundance",0.95,0.00531176948264697,1.4129110133755,1.24423563406437
112,12,"Abundance",0.95,0.00657813275114451,1.76115712771729,1.54087017543188
113,12,"Abundance",0.95,0.00584993237641643,1.55814135411897,1.37029559422392
114,12,"Abundance",0.95,0.0064135359794198,1.72804665523799,1.50231481844569
115,12,"Abundance",0.95,0.00623176578953139,1.65369474323513,1.45973673816403
116,12,"Abundance",0.95,0.00590260411292953,1.56554582503253,1.3826334887225
117,12,"Abundance",0.95,0.00655947358727025,1.74198803394114,1.53649942917302
118,12,"Abundance",0.95,0.00550920127373307,1.47238342178992,1.29048230771409
119,12,"Abundance",0.95,0.00579280344362936,1.54895969848777,1.35691364040572
120,12,"Abundance",0.95,0.00628789150264013,1.69793547887281,1.47288369652984
121,12,"Abundance",0.95,0.00531496247690691,1.41865031198841,1.24498356509763
122,12,"Abundance",0.95,0.0054629024754008,1.4432151204669,1.27963721835403
123,12,"Abundance",0.95,0.0055179257740475,1.48149039619853,1.29252594575526
124,12,"Abundance",0.95,0.00578511140933829,1.54482017829056,1.35511184851797
125,12,"Abundance",0.95,0.00559340827770062,1.49286529397295,1.31020706333771
1,12,"Abundance",1,0.00639663532219449,1.70252184261113,1.49835598701907
2,12,"Abundance",1,0.00638734776744853,1.69590775784467,1.4961804583923
3,12,"Abundance",1,0.00634646296535071,1.7034676125522,1.48660355039057
4,12,"Abundance",1,0.00589337245157572,1.58642836859951,1.38047105263495
5,12,"Abundance",1,0.00706376716489965,1.87959544556603,1.65462579767717
6,12,"Abundance",1,0.00589291448099301,1.58360909788835,1.38036377702364
7,12,"Abundance",1,0.00540788975044638,1.4378188284619,1.26675096774792
8,12,"Abundance",1,0.00619114521457534,1.65055012752617,1.45022172306377
9,12,"Abundance",1,0.0060142854204564,1.64030873568889,1.4087938601275
10,12,"Abundance",1,0.00618989736898958,1.65114440920397,1.44992942612792
11,12,"Abundance",1,0.00688070503816561,1.82626657058808,1.61174509246694
12,12,"Abundance",1,0.00700430821339951,1.87538568110935,1.64069805731452
13,12,"Abundance",1,0.00654530959778977,1.73615944450863,1.53318163827685
14,12,"Abundance",1,0.00626761154535638,1.66918450320917,1.46813329356296
15,12,"Abundance",1,0.00605715281401317,1.61111022314373,1.41883517287217
16,12,"Abundance",1,0.00646462726978448,1.72648992684338,1.51428250722995
17,12,"Abundance",1,0.00609493826650828,1.63901582753603,1.42768608528416
18,12,"Abundance",1,0.00598883290050661,1.59828228234441,1.40283182950819
19,12,"Abundance",1,0.00577300006903405,1.56028440841996,1.35227487277344
20,12,"Abundance",1,0.0059595572926731,1.56236404381795,1.39597427392444
21,12,"Abundance",1,0.0061977074488658,1.66317310600655,1.45175886916356
22,12,"Abundance",1,0.00640867067187258,1.7286333526988,1.50117516262275
23,12,"Abundance",1,0.00579515401733207,1.54628199639365,1.35746424177706
24,12,"Abundance",1,0.00565796741956955,1.51377377288349,1.32532947877391
25,12,"Abundance",1,0.00637333978727298,1.70400823015966,1.49289921131399
26,12,"Abundance",1,0.0058943774162078,1.55360605337029,1.38070645682751
27,12,"Abundance",1,0.00605168299686365,1.61366550590427,1.41755391595176
28,12,"Abundance",1,0.00566642059589987,1.50396313666974,1.32730956154023
29,12,"Abundance",1,0.00618532782923278,1.68029485449621,1.44885905132811
30,12,"Abundance",1,0.00543298593620264,1.45487840277657,1.27262953019289
31,12,"Abundance",1,0.00637064741263956,1.71300088617518,1.49226854605826
32,12,"Abundance",1,0.00565685138154662,1.50938705027797,1.32506805660911
33,12,"Abundance",1,0.00608848299232271,1.62971808111537,1.42617399365527
34,12,"Abundance",1,0.00636908556551604,1.71376128340965,1.49190269700316
35,12,"Abundance",1,0.00644403693412182,1.73637023586625,1.50945940083714
36,12,"Abundance",1,0.00632950989287187,1.69023407094179,1.48263244114835
37,12,"Abundance",1,0.00664618655430184,1.7652554838094,1.55681118476947
38,12,"Abundance",1,0.00698098859446323,1.84745335568551,1.63523564013922
39,12,"Abundance",1,0.00641415448563866,1.70147650701996,1.50245969812842
40,12,"Abundance",1,0.00693584472002749,1.85604295283171,1.6246610816204
41,12,"Abundance",1,0.0057371555946427,1.54022158850214,1.34387861753915
42,12,"Abundance",1,0.00617079016777721,1.66688820055079,1.4454537310336
43,12,"Abundance",1,0.00652519401707773,1.77805835201649,1.52846973908702
44,12,"Abundance",1,0.00619359588778957,1.66854131896305,1.45079577187189
45,12,"Abundance",1,0.00549500285145199,1.45436347750899,1.28715645123494
46,12,"Abundance",1,0.00619683263929569,1.66549385322464,1.45155395265811
47,12,"Abundance",1,0.00642212335379649,1.7236854577632,1.50432633593291
48,12,"Abundance",1,0.00578383377145353,1.53626357000304,1.35481257299617
49,12,"Abundance",1,0.0058753593898968,1.5538784024091,1.37625165017543
50,12,"Abundance",1,0.00534452805979691,1.44552678537881,1.25190904480714
51,12,"Abundance",1,0.00586266899118451,1.55763933418258,1.3732790350535
52,12,"Abundance",1,0.00582585933213922,1.56473422252097,1.36465669373926
53,12,"Abundance",1,0.00569090181543082,1.51764583196612,1.33304407351506
54,12,"Abundance",1,0.0060361090417065,1.62071059727844,1.41390585290363
55,12,"Abundance",1,0.00714307569143972,1.92129849877744,1.67320312772297
56,12,"Abundance",1,0.00612431843900818,1.63362188846325,1.43456813422827
57,12,"Abundance",1,0.00574893776143847,1.54828666321916,1.34663848726273
58,12,"Abundance",1,0.00650290912402569,1.70412889847664,1.52324969741781
59,12,"Abundance",1,0.00533674894047127,1.44036229434244,1.25008685401022
60,12,"Abundance",1,0.00648563337325689,1.72452930615269,1.51920300360288
61,12,"Abundance",1,0.00585294925433344,1.56245046252948,1.3710022715412
62,12,"Abundance",1,0.00551206430192669,1.48084195533809,1.29115294707664
63,12,"Abundance",1,0.00558110021434769,1.47370241010061,1.30732400693625
64,12,"Abundance",1,0.00585699546873659,1.57470251021066,1.37195006194511
65,12,"Abundance",1,0.00651855655683651,1.75344538455037,1.52691497196492
66,12,"Abundance",1,0.00584857875951953,1.55828829506276,1.36997852128175
67,12,"Abundance",1,0.00609156497125902,1.62830084568994,1.42689592031803
68,12,"Abundance",1,0.00612825049311282,1.63876693433716,1.43548918357878
69,12,"Abundance",1,0.00635514017103278,1.7067184352537,1.48863611007694
70,12,"Abundance",1,0.00586587146294461,1.58113034720983,1.37402918610843
71,12,"Abundance",1,0.00592597298294637,1.57566581339372,1.38810744253352
72,12,"Abundance",1,0.0057379943444878,1.52647263369554,1.34407508736879
73,12,"Abundance",1,0.00603128764641457,1.61336745407717,1.41277648314319
74,12,"Abundance",1,0.00657072208252386,1.75352058480038,1.53913429099635
75,12,"Abundance",1,0.00566299583515068,1.53286103990762,1.32650734122999
76,12,"Abundance",1,0.00637952883778838,1.70569303552639,1.49434894237205
77,12,"Abundance",1,0.00636715466158772,1.69639025357996,1.49145039961312
78,12,"Abundance",1,0.00659347960939005,1.77212083516432,1.54446504301083
79,12,"Abundance",1,0.00580513337957279,1.55313279967187,1.35980182027058
80,12,"Abundance",1,0.00608813572644491,1.62685633960723,1.42609264965474
81,12,"Abundance",1,0.00595948677419878,1.58461241560372,1.3959577555874
82,12,"Abundance",1,0.00583809488894259,1.55189585788356,1.36752276611441
83,12,"Abundance",1,0.00700077124607622,1.86973962350137,1.63986955359377
84,12,"Abundance",1,0.00659069133891351,1.76729767500087,1.54381191499095
85,12,"Abundance",1,0.00559637093790616,1.49175971511951,1.31090104062934
86,12,"Abundance",1,0.00636559414701644,1.70378114755352,1.49108486269675
87,12,"Abundance",1,0.00618289198901947,1.64284216072624,1.44828847702096
88,12,"Abundance",1,0.00580264397882081,1.5602778653313,1.35921869987478
89,12,"Abundance",1,0.00621594852330134,1.65424646525805,1.45603168162096
90,12,"Abundance",1,0.00586750419679742,1.59266913905365,1.37441163976107
91,12,"Abundance",1,0.00611202845827935,1.62039587744702,1.43168931352366
92,12,"Abundance",1,0.00619176543126547,1.64814948252541,1.45036700340946
93,12,"Abundance",1,0.00594483705804295,1.59761386198681,1.39252618745751
94,12,"Abundance",1,0.00640828923996215,1.7321392551082,1.50108581552731
95,12,"Abundance",1,0.00565458125794044,1.50747309239184,1.32453629997061
96,12,"Abundance",1,0.00552599907173957,1.48678979065609,1.29441704526658
97,12,"Abundance",1,0.00619002781233087,1.65033193612384,1.44995998134198
98,12,"Abundance",1,0.00634560173958795,1.71529260796971,1.4864018157734
99,12,"Abundance",1,0.00478627118193892,1.26384388449776,1.12114224427831
100,12,"Abundance",1,0.00510311984848723,1.33491413376785,1.19536127859693
101,12,"Abundance",1,0.00567624913406637,1.50514353906016,1.32961181081093
102,12,"Abundance",1,0.00588359500485427,1.58795778660926,1.37818077108927
103,12,"Abundance",1,0.00612188496680052,1.63509536198917,1.43399811460577
104,12,"Abundance",1,0.00568156249369338,1.51074631543688,1.33085641892243
105,12,"Abundance",1,0.0058133167861947,1.54129802942196,1.36171871183755
106,12,"Abundance",1,0.00606263383772123,1.65242675042512,1.42011905483109
107,12,"Abundance",1,0.00530416283701729,1.39968396389834,1.24245384372519
108,12,"Abundance",1,0.00586157654899369,1.58378382744724,1.37302314000639
109,12,"Abundance",1,0.00614632690346322,1.65308742566681,1.43972342491162
110,12,"Abundance",1,0.00621054552415913,1.66651791115685,1.45476607623551
111,12,"Abundance",1,0.00623389024105544,1.67123896515843,1.46023437238887
112,12,"Abundance",1,0.0062637057452243,1.67058966850783,1.46721839397635
113,12,"Abundance",1,0.00601465877447784,1.61479786387439,1.40888131504796
114,12,"Abundance",1,0.00625544805405887,1.6740254153595,1.46528410190348
115,12,"Abundance",1,0.00606029279883965,1.61745929345678,1.41957068690837
116,12,"Abundance",1,0.00565872209210246,1.52031976819879,1.3255062542271
117,12,"Abundance",1,0.00563698106106293,1.49639312914337,1.32041360748687
118,12,"Abundance",1,0.00630185181149652,1.68134747205485,1.47615377701778
119,12,"Abundance",1,0.00588407599385553,1.57624306780331,1.37829343856419
120,12,"Abundance",1,0.00720478581396287,1.92748626218951,1.68765818524695
121,12,"Abundance",1,0.00576079363080073,1.55796631111071,1.34941562116914
122,12,"Abundance",1,0.00590038378066366,1.55936628760668,1.38211339527083
123,12,"Abundance",1,0.00494793472900095,1.32494864224119,1.15901051899184
124,12,"Abundance",1,0.00567188286595702,1.52025460550007,1.32858905062013
125,12,"Abundance",1,0.00554646839088818,1.47619101999042,1.29921180459733
1,12,"Prevalence",0,0.00417168713898344,1.11106806223321,0.977181297013797
2,12,"Prevalence",0,0.00324479767487112,0.865579006358058,0.760065531004943
3,12,"Prevalence",0,0.00348712062327327,0.936995133722475,0.816827566394183
4,12,"Prevalence",0,0.00431025055323397,1.15520594633584,1.00963856726082
5,12,"Prevalence",0,0.00388363969256355,1.04366622218681,0.909708697100013
6,12,"Prevalence",0,0.00369921863699357,0.997364942663247,0.866509674672262
7,12,"Prevalence",0,0.00376392160385296,1.00677774785806,0.881665779857002
8,12,"Prevalence",0,0.00361348087580317,0.962466165969282,0.846426352531396
9,12,"Prevalence",0,0.00394469503693992,1.05766256009383,0.924010378558781
10,12,"Prevalence",0,0.00406288285215951,1.09038202655777,0.951694842594506
11,12,"Prevalence",0,0.00339795975993762,0.905436271533886,0.795942412456565
12,12,"Prevalence",0,0.00392397390911909,1.04782584271112,0.919156635244624
13,12,"Prevalence",0,0.00351086751180439,0.943482726377839,0.822390067742386
14,12,"Prevalence",0,0.00387556558431976,1.03530266782935,0.90781740772403
15,12,"Prevalence",0,0.00367786664059269,0.982967925955227,0.861508155900179
16,12,"Prevalence",0,0.00357307852635851,0.954087684731827,0.836962454852253
17,12,"Prevalence",0,0.00381273999465467,1.01301790011547,0.893101061759141
18,12,"Prevalence",0,0.00349080072455305,0.942025036562678,0.817689597994802
19,12,"Prevalence",0,0.00368458230135047,0.98275834871337,0.863081240810667
20,12,"Prevalence",0,0.00341971994760329,0.913984393386423,0.801039546469269
21,12,"Prevalence",0,0.00372746329999721,0.997572745395536,0.873125740428893
22,12,"Prevalence",0,0.00345805267269834,0.928213314245564,0.810018652710579
23,12,"Prevalence",0,0.00428903531787048,1.14339608037266,1.00466908356795
24,12,"Prevalence",0,0.00364387497581952,0.968486020915485,0.85354590514549
25,12,"Prevalence",0,0.00406121508783687,1.08668672600552,0.951304183360091
26,12,"Prevalence",0,0.00348942051317776,0.935289131171244,0.817366295528211
27,12,"Prevalence",0,0.00372722641943176,1.00289521282766,0.873070253224204
28,12,"Prevalence",0,0.00360937908331355,0.969371410387379,0.84546554344587
29,12,"Prevalence",0,0.00334426493421889,0.896727140961789,0.783364868242288
30,12,"Prevalence",0,0.00379791904901982,1.01054861145279,0.889629384618457
31,12,"Prevalence",0,0.00384190354916033,1.02049063915809,0.899932369828978
32,12,"Prevalence",0,0.00351180667441798,0.936493301275116,0.82261005838652
33,12,"Prevalence",0,0.00393856922774049,1.0483117025642,0.922575461226934
34,12,"Prevalence",0,0.0038962724387776,1.03358194045338,0.912667807627499
35,12,"Prevalence",0,0.00353294610850457,0.94689004149237,0.827561786291967
36,12,"Prevalence",0,0.00358896796726758,0.957355885656909,0.840684417683852
37,12,"Prevalence",0,0.0033061113119415,0.876602825939361,0.774427715272589
38,12,"Prevalence",0,0.00363884782949637,0.962881966317143,0.85236834000202
39,12,"Prevalence",0,0.00358411683507143,0.962740481421863,0.839548082313176
40,12,"Prevalence",0,0.00369350840614069,0.990415302031628,0.865172102940444
41,12,"Prevalence",0,0.00384072712357245,1.03325260310257,0.899656802404206
42,12,"Prevalence",0,0.0037202051163322,1.00007883954259,0.871425574263144
43,12,"Prevalence",0,0.00399472341240112,1.07401339016157,0.935729088805236
44,12,"Prevalence",0,0.00381465806836782,1.01923061657458,0.893550353783279
45,12,"Prevalence",0,0.00362226318462185,0.964685456198753,0.848483531710061
46,12,"Prevalence",0,0.00342831836621212,0.906451495631804,0.803053650971472
47,12,"Prevalence",0,0.00398265654741024,1.05915902893792,0.93290253101463
48,12,"Prevalence",0,0.00388851035829148,1.02502335792911,0.91084960803
49,12,"Prevalence",0,0.00339035064052851,0.911937352402198,0.794160042656157
50,12,"Prevalence",0,0.00358586578196913,0.950181227832705,0.839957757857139
51,12,"Prevalence",0,0.00392969333173843,1.04953220160799,0.920496360067493
52,12,"Prevalence",0,0.0036763582004206,0.973294091627106,0.861154816957282
53,12,"Prevalence",0,0.00363270135371122,0.984246476678398,0.850928581702877
54,12,"Prevalence",0,0.00378121528668147,1.00799569389549,0.885716674100392
55,12,"Prevalence",0,0.00402247543815498,1.0657476386907,0.942229758586418
56,12,"Prevalence",0,0.00398182373841346,1.06808951117046,0.932707452776851
57,12,"Prevalence",0,0.00390068672610491,1.0370984648152,0.913701815900917
58,12,"Prevalence",0,0.00371621610285019,0.990612084143098,0.870491182675703
59,12,"Prevalence",0,0.00360177318677126,0.959671882138181,0.843683928573872
60,12,"Prevalence",0,0.00435613655238227,1.16711903553555,1.02038696201542
61,12,"Prevalence",0,0.00361870025435606,0.965155222024143,0.847648946396662
62,12,"Prevalence",0,0.00418272137988158,1.11736917321989,0.979765971624615
63,12,"Prevalence",0,0.00357261760876351,0.956824589347517,0.836854488929046
64,12,"Prevalence",0,0.00358778592467275,0.97676094642839,0.840407534524242
65,12,"Prevalence",0,0.00354595474159314,0.955165268662938,0.830608945038624
66,12,"Prevalence",0,0.00375928348869837,1.0169921651309,0.880579341868857
67,12,"Prevalence",0,0.00332114368265825,0.901474928042679,0.777948916893134
68,12,"Prevalence",0,0.00360307957466024,0.958503037039126,0.84398993853321
69,12,"Prevalence",0,0.00345920041935285,0.928355941567159,0.810287502345541
70,12,"Prevalence",0,0.0034828960509671,0.933435495114377,0.815837997208394
71,12,"Prevalence",0,0.00349724365708164,0.931529357735645,0.819198798698277
72,12,"Prevalence",0,0.00404391133084804,1.09544734165917,0.947250929332589
73,12,"Prevalence",0,0.00401068526491119,1.06990246238089,0.939468013422284
74,12,"Prevalence",0,0.00396758607425026,1.06522444174846,0.929372404229361
75,12,"Prevalence",0,0.0039587301655614,1.06112176463002,0.927297984923572
76,12,"Prevalence",0,0.00388320241653145,1.03594462458944,0.909606269006544
77,12,"Prevalence",0,0.00409013329004196,1.08669466064999,0.958078019795235
78,12,"Prevalence",0,0.00371763890253075,0.990263155676096,0.870824461081037
79,12,"Prevalence",0,0.00356151712397663,0.952979020439314,0.834254297265535
80,12,"Prevalence",0,0.0039690649939227,1.06755782784032,0.92971882825292
81,12,"Prevalence",0,0.00403189904572812,1.08268336373509,0.944437156400324
82,12,"Prevalence",0,0.00373940670191991,0.997718072132785,0.875923378073506
83,12,"Prevalence",0,0.00327694903596644,0.874986069848147,0.76759670668738
84,12,"Prevalence",0,0.00369784811105349,0.981827779630448,0.866188640934319
85,12,"Prevalence",0,0.00373080067037412,0.994315973245554,0.873907490307269
86,12,"Prevalence",0,0.00345006798944555,0.919281168257117,0.808148310358126
87,12,"Prevalence",0,0.00414219909153072,1.10843529512934,0.970273979303656
88,12,"Prevalence",0,0.00356327777444597,0.958896202054736,0.834666714269003
89,12,"Prevalence",0,0.00369335135521479,0.990773512119251,0.865135315131977
90,12,"Prevalence",0,0.00374217071608015,1.00029773263322,0.876570824263045
91,12,"Prevalence",0,0.00412227527677766,1.11049167987004,0.965606999615774
92,12,"Prevalence",0,0.0034629800100698,0.922702120474981,0.811172838478361
93,12,"Prevalence",0,0.00383737410927669,1.031520713369,0.898871388074389
94,12,"Prevalence",0,0.00363210047387399,0.971224229804672,0.850787830846176
95,12,"Prevalence",0,0.00345578195632819,0.929474557994376,0.809486757222299
96,12,"Prevalence",0,0.00387569574307712,1.05013538519111,0.907847896276762
97,12,"Prevalence",0,0.0040270586934301,1.07504384843403,0.943303346126674
98,12,"Prevalence",0,0.00360578831625116,0.972267204934138,0.844624437605861
99,12,"Prevalence",0,0.00367094983489584,0.977929658647252,0.859887954543551
100,12,"Prevalence",0,0.00385761027166883,1.0292490030772,0.903611532470208
101,12,"Prevalence",0,0.00411222336856378,1.10929249008487,0.963252427861313
102,12,"Prevalence",0,0.00375387033822127,1.00777841168932,0.879311358621815
103,12,"Prevalence",0,0.00381913821903418,1.0219277314154,0.894599789968957
104,12,"Prevalence",0,0.00402874021640324,1.07927146110896,0.943697228204863
105,12,"Prevalence",0,0.00386216977141184,1.04315053016914,0.904679555484435
106,12,"Prevalence",0,0.00406064589954599,1.0783588248615,0.95117085597149
107,12,"Prevalence",0,0.00345138133523484,0.92662513062865,0.80845595014487
108,12,"Prevalence",0,0.00418308274877073,1.11803179566634,0.97985061913245
109,12,"Prevalence",0,0.0037853252490864,1.00639250071883,0.886679396917264
110,12,"Prevalence",0,0.00381928546931588,1.01180589599868,0.894634282062069
111,12,"Prevalence",0,0.00352646802203224,0.937172819331664,0.826044351084027
112,12,"Prevalence",0,0.00414594915001978,1.10257813839441,0.971152397769887
113,12,"Prevalence",0,0.00324325187324955,0.872434253314157,0.759703440468615
114,12,"Prevalence",0,0.00352468368162922,0.939783269193496,0.825626384920405
115,12,"Prevalence",0,0.00385167564966635,1.01614317671429,0.902221399070354
116,12,"Prevalence",0,0.00382622227739008,1.02205282113847,0.896259168801007
117,12,"Prevalence",0,0.00372679336415286,0.997978037893053,0.87296881380533
118,12,"Prevalence",0,0.00405941273202667,1.07378014205332,0.950881997244593
119,12,"Prevalence",0,0.00356510344613508,0.957760471636538,0.835094361925605
120,12,"Prevalence",0,0.00349106224182731,0.931606916899277,0.817750856133473
121,12,"Prevalence",0,0.00394066015551857,1.05901239182865,0.923065242806909
122,12,"Prevalence",0,0.00396602144302179,1.05670102351455,0.929005903022002
123,12,"Prevalence",0,0.00354235213437273,0.936635896151382,0.829765065744951
124,12,"Prevalence",0,0.00382067616774021,1.01992558072597,0.894960041028362
125,12,"Prevalence",0,0.00354843903962166,0.95212732397878,0.831190870165975
1,12,"Prevalence",0.05,0.00351346337008957,0.945256635779242,0.822998124886041
2,12,"Prevalence",0.05,0.00363634568745622,0.970925831124053,0.851782235070699
3,12,"Prevalence",0.05,0.00393035984743027,1.04680886101176,0.920652485550189
4,12,"Prevalence",0.05,0.00393351057916269,1.04971036640573,0.921390516955294
5,12,"Prevalence",0.05,0.00360308025917547,0.96009994197266,0.84399009887492
6,12,"Prevalence",0.05,0.00368450838889344,0.983857686479343,0.863063927462808
7,12,"Prevalence",0.05,0.0035912629834633,0.948285358571363,0.841222005194154
8,12,"Prevalence",0.05,0.00351442426714489,0.935168078239217,0.823223206633431
9,12,"Prevalence",0.05,0.00387421596979372,1.02318143159486,0.907501272302305
10,12,"Prevalence",0.05,0.00419922435772569,1.1269618521836,0.98363165012759
11,12,"Prevalence",0.05,0.00357495193729378,0.958994403563991,0.837401285010546
12,12,"Prevalence",0.05,0.00375707029890524,1.00188937702683,0.880060921479094
13,12,"Prevalence",0.05,0.00367474479493607,0.974363842997337,0.86077689080619
14,12,"Prevalence",0.05,0.00340777264632581,0.912766862045297,0.798240995434822
15,12,"Prevalence",0.05,0.00356606121104856,0.956148373768591,0.835318709996113
16,12,"Prevalence",0.05,0.00353174039214945,0.946046620513751,0.827279357760655
17,12,"Prevalence",0.05,0.00350356201937522,0.949338055433776,0.820678819911605
18,12,"Prevalence",0.05,0.00391735972878707,1.04974825863675,0.917607321238039
19,12,"Prevalence",0.05,0.00371674082679336,1.00136301425012,0.870614094678991
20,12,"Prevalence",0.05,0.00389303763788086,1.05899617421075,0.911910083754499
21,12,"Prevalence",0.05,0.00364564178689381,0.959405808369035,0.853959765216886
22,12,"Prevalence",0.05,0.00358033461438265,0.95383254989481,0.838662130132413
23,12,"Prevalence",0.05,0.00369096870328968,0.975345233966449,0.864577199717057
24,12,"Prevalence",0.05,0.00397209937821527,1.07268715057387,0.930429606285845
25,12,"Prevalence",0.05,0.00389304882246645,1.04243924586192,0.91191270364604
26,12,"Prevalence",0.05,0.00355069767039212,0.953212137155912,0.831719934708026
27,12,"Prevalence",0.05,0.0037467295513468,1.00151277784788,0.877638691629486
28,12,"Prevalence",0.05,0.00374264149581146,0.998727265830787,0.876681100305595
29,12,"Prevalence",0.05,0.00383600378323464,1.01562621008949,0.898550401160834
30,12,"Prevalence",0.05,0.00355839301605163,0.948258684746891,0.833522502254929
31,12,"Prevalence",0.05,0.00375056848346365,1.01487224222726,0.878537927967246
32,12,"Prevalence",0.05,0.00407172026662389,1.08330592678844,0.95376492978964
33,12,"Prevalence",0.05,0.00357356092835011,0.951876511786518,0.837075453307817
34,12,"Prevalence",0.05,0.00367085772909578,0.991707044902821,0.859866379563888
35,12,"Prevalence",0.05,0.00333717937751572,0.892583581037462,0.781705138435469
36,12,"Prevalence",0.05,0.00348959827697065,0.9408822514379,0.817407935144972
37,12,"Prevalence",0.05,0.0034810288516786,0.926586043389456,0.815400622074125
38,12,"Prevalence",0.05,0.00357117596716548,0.957506090990199,0.83651679696902
39,12,"Prevalence",0.05,0.00379956170027148,1.0233304364103,0.890014161335216
40,12,"Prevalence",0.05,0.00347456456054859,0.926369740198029,0.813886418304705
41,12,"Prevalence",0.05,0.00335715605813534,0.900730112572676,0.786384501491123
42,12,"Prevalence",0.05,0.00376858738957568,1.00599951019475,0.882758699434199
43,12,"Prevalence",0.05,0.00368573994344946,0.982648243250399,0.863352408367125
44,12,"Prevalence",0.05,0.00359184610545628,0.960889958034385,0.841358596430841
45,12,"Prevalence",0.05,0.00347321836960673,0.923674583872723,0.813571084827678
46,12,"Prevalence",0.05,0.0037719291865136,0.999031974052506,0.883541486195849
47,12,"Prevalence",0.05,0.00350049110977826,0.939014290979486,0.819959486144953
48,12,"Prevalence",0.05,0.00421376005618863,1.12718121213532,0.987036510608209
49,12,"Prevalence",0.05,0.00358090633348289,0.959148363900076,0.838796050341018
50,12,"Prevalence",0.05,0.00371678989033239,0.99457833363351,0.870625587384725
51,12,"Prevalence",0.05,0.00329498129826573,0.892641494000719,0.771820606724627
52,12,"Prevalence",0.05,0.00346590649842889,0.921349697763695,0.811858342830718
53,12,"Prevalence",0.05,0.00384936872709003,1.03300132141306,0.901681022594327
54,12,"Prevalence",0.05,0.00393022497945453,1.05491183763927,0.920620893904154
55,12,"Prevalence",0.05,0.00385982627355092,1.03802256106063,0.904130611567267
56,12,"Prevalence",0.05,0.00362795501297485,0.96526363240766,0.849816792816915
57,12,"Prevalence",0.05,0.00392328420801252,1.05390264377248,0.918995078780915
58,12,"Prevalence",0.05,0.00369502956725688,0.989494429830786,0.865528421653469
59,12,"Prevalence",0.05,0.00384238014173351,1.03685955193729,0.900044007478988
60,12,"Prevalence",0.05,0.00374233626259374,0.999019108075033,0.876609602088767
61,12,"Prevalence",0.05,0.00378586177718851,1.00966727323764,0.886805073941736
62,12,"Prevalence",0.05,0.003628856960271,0.961552980977844,0.850028066097799
63,12,"Prevalence",0.05,0.00395287898099761,1.05395076956865,0.925927396015388
64,12,"Prevalence",0.05,0.00352784734495356,0.951531673283168,0.826367445438021
65,12,"Prevalence",0.05,0.00398054386647571,1.06229652251581,0.93240765394763
66,12,"Prevalence",0.05,0.00334102879442514,0.903255484110962,0.782606830744353
67,12,"Prevalence",0.05,0.00339371721415429,0.904683104482481,0.79494863314065
68,12,"Prevalence",0.05,0.00340435854855275,0.92346350068409,0.797441272833674
69,12,"Prevalence",0.05,0.00365176722262749,0.981827836698143,0.855394595067637
70,12,"Prevalence",0.05,0.0035254344016168,0.937741865730124,0.825802234524331
71,12,"Prevalence",0.05,0.00353517582041755,0.952617219002548,0.828084076844078
72,12,"Prevalence",0.05,0.00364048394026266,0.972550636800221,0.852751584667171
73,12,"Prevalence",0.05,0.00408784498415502,1.09225626408172,0.957542004116194
74,12,"Prevalence",0.05,0.00374708774675509,1.01125333641718,0.877722595777136
75,12,"Prevalence",0.05,0.0038154803663104,1.01320033613153,0.893742969898364
76,12,"Prevalence",0.05,0.00381421431330126,1.0222241074043,0.893446408032543
77,12,"Prevalence",0.05,0.00355189310037582,0.949348138098796,0.831999953746627
78,12,"Prevalence",0.05,0.00385406130506256,1.03024305303464,0.902780218022156
79,12,"Prevalence",0.05,0.00397813578429213,1.06555860146706,0.931843581716636
80,12,"Prevalence",0.05,0.00363563402234077,0.969671036598008,0.851615533729639
81,12,"Prevalence",0.05,0.0037398270401103,0.986383341923884,0.876021838625409
82,12,"Prevalence",0.05,0.00354517663493093,0.943372503236144,0.830426680345205
83,12,"Prevalence",0.05,0.00372460142878126,0.99471739264832,0.872455372078272
84,12,"Prevalence",0.05,0.00359154940038852,0.972395801467283,0.841289095858707
85,12,"Prevalence",0.05,0.00387651464422919,1.03038198249494,0.90803971672332
86,12,"Prevalence",0.05,0.0034565297870338,0.91863338068035,0.809661930037153
87,12,"Prevalence",0.05,0.00386844206006835,1.03043095855215,0.906148784350466
88,12,"Prevalence",0.05,0.00358307782881292,0.961048247044966,0.839304704166761
89,12,"Prevalence",0.05,0.00307280182768956,0.820232453419619,0.719777005180633
90,12,"Prevalence",0.05,0.00393009117691447,1.0465075426803,0.920589551827121
91,12,"Prevalence",0.05,0.00394515121103931,1.06235476628359,0.924117233359549
92,12,"Prevalence",0.05,0.00364328509473612,0.974071040120766,0.853407730650873
93,12,"Prevalence",0.05,0.00359955941127877,0.960807929866405,0.843165370989145
94,12,"Prevalence",0.05,0.00367207330580285,0.98950535522643,0.860151117796568
95,12,"Prevalence",0.05,0.00350638686160982,0.933417154900742,0.821340514546587
96,12,"Prevalence",0.05,0.00325557105317348,0.873001759834509,0.762589100829795
97,12,"Prevalence",0.05,0.00374770415190003,1.00798071262368,0.877866983301648
98,12,"Prevalence",0.05,0.00371602410909272,0.985455194085979,0.870446209813954
99,12,"Prevalence",0.05,0.00343628949784582,0.920852415821682,0.80492081897544
100,12,"Prevalence",0.05,0.00387161814108567,1.03122769275028,0.906892753604273
101,12,"Prevalence",0.05,0.00388602949954655,1.05360898703804,0.910268488524789
102,12,"Prevalence",0.05,0.0039331741965457,1.06505300057779,0.921311722263604
103,12,"Prevalence",0.05,0.00396105627668006,1.05626169390667,0.927842856148139
104,12,"Prevalence",0.05,0.00362851894803646,0.975177472583109,0.849948889682424
105,12,"Prevalence",0.05,0.00345979687788551,0.923629694039411,0.810427217550231
106,12,"Prevalence",0.05,0.0039272256019395,1.05450502590853,0.919918315903281
107,12,"Prevalence",0.05,0.00364151200023928,0.964047000624567,0.852992398742603
108,12,"Prevalence",0.05,0.00381153207388212,1.017442149971,0.892818116862291
109,12,"Prevalence",0.05,0.00368374164266055,0.983464928624981,0.862884323850798
110,12,"Prevalence",0.05,0.00361669428091907,0.969660630303271,0.847179064629493
111,12,"Prevalence",0.05,0.00382538891870573,1.02332118006544,0.896063961803711
112,12,"Prevalence",0.05,0.00365299096120919,0.974032200141617,0.855681245148195
113,12,"Prevalence",0.05,0.00396490720293538,1.06505313386083,0.928744902008127
114,12,"Prevalence",0.05,0.00367073651794914,0.99180031610542,0.859837986910866
115,12,"Prevalence",0.05,0.00355938699543374,0.941821670121467,0.833755333248594
116,12,"Prevalence",0.05,0.00356008065294577,0.948332094341074,0.833917816465739
117,12,"Prevalence",0.05,0.00345713914723795,0.926821644305572,0.809804667345781
118,12,"Prevalence",0.05,0.00390618841989263,1.04335565714384,0.914990539645571
119,12,"Prevalence",0.05,0.00370477290805824,0.99997444634696,0.867810714185076
120,12,"Prevalence",0.05,0.00374784759270002,0.98368307297482,0.877900583056937
121,12,"Prevalence",0.05,0.00364246468813799,0.96957638664617,0.853215557566717
122,12,"Prevalence",0.05,0.00372913059154133,0.996493846957609,0.873516288919061
123,12,"Prevalence",0.05,0.00355845312185667,0.946345642542907,0.833536581515084
124,12,"Prevalence",0.05,0.00326982606861224,0.87616250842991,0.765928213762132
125,12,"Prevalence",0.05,0.00377593295481032,0.997204347838566,0.884479333969859
1,12,"Prevalence",0.1,0.0043169986251745,1.15463666393679,1.01121924420793
2,12,"Prevalence",0.1,0.00367635903719999,0.966887585299748,0.861155012965546
3,12,"Prevalence",0.1,0.00349734857987104,0.945955759062721,0.819223375945802
4,12,"Prevalence",0.1,0.00343281783724443,0.924065215365253,0.804107612784225
5,12,"Prevalence",0.1,0.00351288714716995,0.940931313356553,0.82286314969706
6,12,"Prevalence",0.1,0.00432656998953414,1.15691639062178,1.01346125275928
7,12,"Prevalence",0.1,0.00433468690420641,1.15792470503097,1.01536256916747
8,12,"Prevalence",0.1,0.0038212883926284,1.02402294966972,0.8951034493642
9,12,"Prevalence",0.1,0.00373358209081689,0.997126340107072,0.874559013766541
10,12,"Prevalence",0.1,0.00346420365037661,0.922107066645991,0.811459465538886
11,12,"Prevalence",0.1,0.00403129930979016,1.09005693954388,0.944296673492031
12,12,"Prevalence",0.1,0.00326104234173805,0.867964894637203,0.763870702416335
13,12,"Prevalence",0.1,0.00425503502367531,1.13582935226862,0.996704811446483
14,12,"Prevalence",0.1,0.00323738776289918,0.869286664634077,0.758329823807759
15,12,"Prevalence",0.1,0.00333375855761057,0.892573357862257,0.78090384123355
16,12,"Prevalence",0.1,0.00380814386008445,1.02594537836796,0.892024457356414
17,12,"Prevalence",0.1,0.00358953632459744,0.944391561694224,0.84081755042709
18,12,"Prevalence",0.1,0.00367155085233179,0.977076374997414,0.860028737631556
19,12,"Prevalence",0.1,0.00390494203193805,1.04803470264214,0.914698584147128
20,12,"Prevalence",0.1,0.00367595332053764,0.974797910587785,0.861059977378956
21,12,"Prevalence",0.1,0.00354041514697317,0.958062232562921,0.829311343354859
22,12,"Prevalence",0.1,0.00406603408667328,1.09216639146643,0.952432991771748
23,12,"Prevalence",0.1,0.00374086042914687,0.994730383163644,0.876263900986618
24,12,"Prevalence",0.1,0.0038957446089818,1.04773202304632,0.912544168105318
25,12,"Prevalence",0.1,0.00337230665624766,0.895530774509758,0.789933396847053
26,12,"Prevalence",0.1,0.00361904470128971,0.971033136841979,0.847729630084141
27,12,"Prevalence",0.1,0.00346671882565381,0.92742594311831,0.812048623392223
28,12,"Prevalence",0.1,0.00386363384175125,1.02402986061784,0.905022501181356
29,12,"Prevalence",0.1,0.00378243184041421,1.01268364285815,0.8860016411928
30,12,"Prevalence",0.1,0.00329917456168703,0.883966255854935,0.772802842077427
31,12,"Prevalence",0.1,0.00353929131102849,0.957415416572371,0.82904809459495
32,12,"Prevalence",0.1,0.00356008003720675,0.960430291654376,0.833917672234251
33,12,"Prevalence",0.1,0.00367444799107262,0.976542829394458,0.860707367092024
34,12,"Prevalence",0.1,0.00350450241456176,0.94266955157741,0.820899099275197
35,12,"Prevalence",0.1,0.00326363463144358,0.878734006604225,0.764477923651371
36,12,"Prevalence",0.1,0.00357123761046115,0.945832133641032,0.836531236372935
37,12,"Prevalence",0.1,0.00392270055832326,1.05153883689034,0.918858363935971
38,12,"Prevalence",0.1,0.00396989543000002,1.05583694667794,0.929913350655024
39,12,"Prevalence",0.1,0.00378765334283006,1.02563088022904,0.887224732554422
40,12,"Prevalence",0.1,0.0034574395248543,0.919611931481009,0.809875028180373
41,12,"Prevalence",0.1,0.00328535271770822,0.86399240602681,0.769565195778372
42,12,"Prevalence",0.1,0.0040456419899195,1.07861234435964,0.94765632111289
43,12,"Prevalence",0.1,0.00376611586621178,0.994496970147231,0.882179766660513
44,12,"Prevalence",0.1,0.00340872368819039,0.91316608226662,0.798463768689818
45,12,"Prevalence",0.1,0.00387651474869555,1.03869290394938,0.908039741193663
46,12,"Prevalence",0.1,0.00368786934325036,0.997299287027369,0.863851201682634
47,12,"Prevalence",0.1,0.00366637027137709,0.981035552862948,0.858815231764995
48,12,"Prevalence",0.1,0.00364688133381406,0.983754292536888,0.854250118262761
49,12,"Prevalence",0.1,0.00383353033873474,1.02267330885624,0.89797101837781
50,12,"Prevalence",0.1,0.00369553813901132,0.988218008219468,0.865647550147551
51,12,"Prevalence",0.1,0.00404138615340408,1.06791964249579,0.946659428559
52,12,"Prevalence",0.1,0.00376944539937664,0.996310695813609,0.882959680740378
53,12,"Prevalence",0.1,0.00392143318391154,1.05135827162858,0.918561492543131
54,12,"Prevalence",0.1,0.00335674846185228,0.893493301650757,0.786289025619792
55,12,"Prevalence",0.1,0.00356643320727864,0.949928653363016,0.835405846865793
56,12,"Prevalence",0.1,0.00328219067659733,0.871602639596067,0.768824515250092
57,12,"Prevalence",0.1,0.00369599219142662,0.991552750046095,0.865753907962338
58,12,"Prevalence",0.1,0.00375140948660276,1.0074740820839,0.878734925611328
59,12,"Prevalence",0.1,0.00390879385476944,1.04472618199978,0.915600840022226
60,12,"Prevalence",0.1,0.00382247497814487,1.02627563605015,0.895381396663557
61,12,"Prevalence",0.1,0.00370760950110752,0.991956338854583,0.868475161345816
62,12,"Prevalence",0.1,0.00346819770976115,0.932838436342795,0.812395039084961
63,12,"Prevalence",0.1,0.0034360186772356,0.920434689256248,0.804857381611533
64,12,"Prevalence",0.1,0.00374004882101965,1.00589408056345,0.876073788867467
65,12,"Prevalence",0.1,0.00357724846697868,0.961591522230527,0.837939227042484
66,12,"Prevalence",0.1,0.00395869611794683,1.06206102742761,0.927290009567062
67,12,"Prevalence",0.1,0.00337049719396226,0.894052477130371,0.78950954610177
68,12,"Prevalence",0.1,0.00361982888375369,0.966239255487881,0.847913317981073
69,12,"Prevalence",0.1,0.00381492019485382,1.0299248244466,0.893611754624474
70,12,"Prevalence",0.1,0.00371313448523051,0.984698966947437,0.869769340648196
71,12,"Prevalence",0.1,0.00366002743888624,0.977257454974669,0.857329478621564
72,12,"Prevalence",0.1,0.00391165685291018,1.04675902227223,0.916271472345152
73,12,"Prevalence",0.1,0.00378036194993207,1.00076270453199,0.885516787415752
74,12,"Prevalence",0.1,0.00366479397239683,0.98896749572984,0.858445997488619
75,12,"Prevalence",0.1,0.003748758622244,0.996700085267291,0.878113983775092
76,12,"Prevalence",0.1,0.00384363681330007,1.03030831617889,0.900338371823777
77,12,"Prevalence",0.1,0.00365256265971322,0.975790037113595,0.855580919261475
78,12,"Prevalence",0.1,0.00371596661075659,1.0014730634966,0.870432741330633
79,12,"Prevalence",0.1,0.00386818491457554,1.03709176046031,0.906088550263442
80,12,"Prevalence",0.1,0.00378840127198317,1.00713080722887,0.887399928429751
81,12,"Prevalence",0.1,0.00420874828432976,1.1296283621472,0.985862546798782
82,12,"Prevalence",0.1,0.00368424873090696,0.982135440772298,0.863003104846065
83,12,"Prevalence",0.1,0.00350314850196061,0.927404458666437,0.820581957066893
84,12,"Prevalence",0.1,0.00399655974159951,1.06842450129644,0.936159232890373
85,12,"Prevalence",0.1,0.00340989483425853,0.918692742792513,0.79873809943316
86,12,"Prevalence",0.1,0.0038308596945485,1.02770414855636,0.897345443289643
87,12,"Prevalence",0.1,0.00363784845709913,0.990947201814841,0.852134245741645
88,12,"Prevalence",0.1,0.0039387357792722,1.05031992148354,0.922614474469376
89,12,"Prevalence",0.1,0.00380771995979461,1.01941639879416,0.891925162413815
90,12,"Prevalence",0.1,0.00372313146229867,0.993940871691408,0.872111045261279
91,12,"Prevalence",0.1,0.00370653356551166,0.981366235941316,0.868223132824501
92,12,"Prevalence",0.1,0.00348128481122622,0.939723228266883,0.815460578363853
93,12,"Prevalence",0.1,0.00369025003873045,0.98592387442001,0.864408858817384
94,12,"Prevalence",0.1,0.00408781554480205,1.09199629100589,0.957535108204733
95,12,"Prevalence",0.1,0.00398002420739527,1.06380286803533,0.932285928344221
96,12,"Prevalence",0.1,0.00344039625708202,0.928167910453014,0.805882791477999
97,12,"Prevalence",0.1,0.00377806438142661,1.0117459335942,0.884978602049171
98,12,"Prevalence",0.1,0.00371465942803597,0.993127180596236,0.870126545188925
99,12,"Prevalence",0.1,0.00395002641126615,1.05115733294885,0.925259206456314
100,12,"Prevalence",0.1,0.00371494081772952,1.00599695506417,0.870192458268341
101,12,"Prevalence",0.1,0.00359231992267131,0.961839742275704,0.841469583977444
102,12,"Prevalence",0.1,0.00378687581498998,1.01837581245988,0.887042603445044
103,12,"Prevalence",0.1,0.00367500495993828,0.987830679143364,0.860837832186941
104,12,"Prevalence",0.1,0.00421655375020873,1.12528779202444,0.987690909045827
105,12,"Prevalence",0.1,0.00424100043509242,1.14551797332765,0.993417331581002
106,12,"Prevalence",0.1,0.00380691488810629,1.0203943044988,0.891736581398412
107,12,"Prevalence",0.1,0.00390412717074724,1.03827737962215,0.91450771002622
108,12,"Prevalence",0.1,0.00395708988055512,1.06607727613349,0.926913762479155
109,12,"Prevalence",0.1,0.00398060684072806,1.06206930373341,0.932422405116531
110,12,"Prevalence",0.1,0.00347086459199292,0.926270859536351,0.813019732968134
111,12,"Prevalence",0.1,0.00392641867846333,1.04434052859306,0.919729301122749
112,12,"Prevalence",0.1,0.00341255731290176,0.906066616309602,0.799361761814153
113,12,"Prevalence",0.1,0.00352026690155754,0.944273284454673,0.824591792743356
114,12,"Prevalence",0.1,0.00393483006393405,1.04409319952689,0.921699594744989
115,12,"Prevalence",0.1,0.00363063302439795,0.966589118393082,0.85044409361601
116,12,"Prevalence",0.1,0.0032921400732363,0.875129679522713,0.771155074562966
117,12,"Prevalence",0.1,0.00418084414744341,1.11877519792357,0.979326246312622
118,12,"Prevalence",0.1,0.0037215426189378,0.995936420421099,0.871738872573257
119,12,"Prevalence",0.1,0.00383594254942259,1.0202444077564,0.898536057674877
120,12,"Prevalence",0.1,0.00377031372876317,0.995514797579831,0.883163079319388
121,12,"Prevalence",0.1,0.0037626479765275,1.0147800473472,0.881367443773707
122,12,"Prevalence",0.1,0.00373378965506006,0.997829907486467,0.874607633878647
123,12,"Prevalence",0.1,0.00366710988253038,0.974623835119779,0.858988479221468
124,12,"Prevalence",0.1,0.00363629292777314,0.965786691692568,0.851769876575482
125,12,"Prevalence",0.1,0.00386852341929693,1.0344669186686,0.906167842039563
1,12,"Prevalence",0.15,0.00367644071595698,0.972769575954406,0.861174145501385
2,12,"Prevalence",0.15,0.00370784411919042,0.970311534235547,0.868530118583719
3,12,"Prevalence",0.15,0.00378141593411722,1.00627573546954,0.885763674010729
4,12,"Prevalence",0.15,0.00335595701037693,0.903120464651439,0.786103635020381
5,12,"Prevalence",0.15,0.0036805869802437,0.995967759219063,0.862145371717179
6,12,"Prevalence",0.15,0.00399776620629645,1.06780293201521,0.936441836714204
7,12,"Prevalence",0.15,0.0033115853730644,0.88108115943407,0.775709966306715
8,12,"Prevalence",0.15,0.00427121335902116,1.14721320558282,1.00049444527808
9,12,"Prevalence",0.15,0.00362900900613093,0.972443030641229,0.850063681513257
10,12,"Prevalence",0.15,0.00424735453412057,1.13254470230863,0.99490572381245
11,12,"Prevalence",0.15,0.0038799866784054,1.04427670898308,0.90885301042119
12,12,"Prevalence",0.15,0.00368893993063978,0.986304037801491,0.864101977433282
13,12,"Prevalence",0.15,0.00347503055690878,0.917661937150791,0.813995573884332
14,12,"Prevalence",0.15,0.00394354703059734,1.04491461561654,0.923741468094141
15,12,"Prevalence",0.15,0.00384555261625226,1.04521303154878,0.900787131941992
16,12,"Prevalence",0.15,0.00386540802895897,1.0275580782104,0.905438089047619
17,12,"Prevalence",0.15,0.00353201496182057,0.949682552077117,0.827343673309356
18,12,"Prevalence",0.15,0.00368496332522666,0.992696959197531,0.863170492327657
19,12,"Prevalence",0.15,0.00344846249457424,0.919179897723455,0.807772237199126
20,12,"Prevalence",0.15,0.0031207412953844,0.834078648375063,0.731006407017221
21,12,"Prevalence",0.15,0.00401900193904151,1.0793329413704,0.941416121739798
22,12,"Prevalence",0.15,0.00372389499488171,0.995590697070664,0.872289896103868
23,12,"Prevalence",0.15,0.0040187408367557,1.07137969706079,0.94135496080854
24,12,"Prevalence",0.15,0.00334673291336391,0.892888417601534,0.78394297081363
25,12,"Prevalence",0.15,0.00386899057068744,1.02780077249466,0.906277268174945
26,12,"Prevalence",0.15,0.0035547529714192,0.958535634065244,0.832669853574279
27,12,"Prevalence",0.15,0.00365570195841066,0.978938629972921,0.856316272577929
28,12,"Prevalence",0.15,0.0039433104870371,1.07524409392792,0.92368605982998
29,12,"Prevalence",0.15,0.00383453916531266,1.00906698702008,0.898207327197481
30,12,"Prevalence",0.15,0.00376762000502383,1.00904725809709,0.88253209804737
31,12,"Prevalence",0.15,0.003865595932177,1.02423241465146,0.905482103736205
32,12,"Prevalence",0.15,0.00402961091641387,1.08964616779796,0.943901182081888
33,12,"Prevalence",0.15,0.00371167409348306,1.00124588854298,0.869427256629349
34,12,"Prevalence",0.15,0.00353341211969959,0.952929662236724,0.827670945346508
35,12,"Prevalence",0.15,0.00407570571146482,1.09044329293561,0.954698485454072
36,12,"Prevalence",0.15,0.00408688639699085,1.10203973571997,0.957317463440642
37,12,"Prevalence",0.15,0.00359449820339783,0.969442701994354,0.841979827223088
38,12,"Prevalence",0.15,0.00410652999434659,1.09947145285627,0.961918804649271
39,12,"Prevalence",0.15,0.0037907661893814,1.00721205650102,0.887953889686564
40,12,"Prevalence",0.15,0.00349922370393382,0.92810567532354,0.819662607389271
41,12,"Prevalence",0.15,0.00345431059317802,0.925606845547619,0.809142103248122
42,12,"Prevalence",0.15,0.00377770845471275,1.01442524966944,0.884895229323396
43,12,"Prevalence",0.15,0.00394859340448916,1.06307244876578,0.924923537127732
44,12,"Prevalence",0.15,0.00353077261779541,0.948014798856036,0.827052665066079
45,12,"Prevalence",0.15,0.00366794745252917,0.966817655487976,0.859184672682409
46,12,"Prevalence",0.15,0.00395503571077316,1.06041193113517,0.926432591138891
47,12,"Prevalence",0.15,0.00362341477233758,0.966766589460332,0.848753281080087
48,12,"Prevalence",0.15,0.00409133000818725,1.09602767453866,0.958358340574436
49,12,"Prevalence",0.15,0.00391098572994416,1.03959850949432,0.9161142676487
50,12,"Prevalence",0.15,0.00390686583085347,1.04844264827345,0.915149217249924
51,12,"Prevalence",0.15,0.00353593268030728,0.945737922123355,0.828261364666512
52,12,"Prevalence",0.15,0.003795576135091,1.02697062965539,0.88908057748229
53,12,"Prevalence",0.15,0.00367496074348239,0.977245912260401,0.860827474868116
54,12,"Prevalence",0.15,0.00338333983607672,0.897641513579423,0.792517822911705
55,12,"Prevalence",0.15,0.00372891197421635,0.996790741882876,0.873465079719025
56,12,"Prevalence",0.15,0.00363495995425602,0.964100207117484,0.851457639164826
57,12,"Prevalence",0.15,0.00379712692461893,1.01091727559425,0.889443836392134
58,12,"Prevalence",0.15,0.00351979780360434,0.944805996007529,0.824481910642641
59,12,"Prevalence",0.15,0.00394730047051353,1.05001088005734,0.924620678630164
60,12,"Prevalence",0.15,0.00365291874442058,0.972652054173191,0.855664328995862
61,12,"Prevalence",0.15,0.00406277560611306,1.07763237495114,0.951669721144282
62,12,"Prevalence",0.15,0.0037802817314857,1.01281175594248,0.885497996944931
63,12,"Prevalence",0.15,0.00337807293648763,0.897104157193804,0.791284097658523
64,12,"Prevalence",0.15,0.00367961824099466,0.985951211752334,0.861918453004363
65,12,"Prevalence",0.15,0.00375964331090779,1.0059894598155,0.880663627080473
66,12,"Prevalence",0.15,0.00379641196958736,1.02358608946672,0.889276364416926
67,12,"Prevalence",0.15,0.00411706152142481,1.09181570297194,0.964385722936029
68,12,"Prevalence",0.15,0.00382686214936092,1.01852556477274,0.896409053224625
69,12,"Prevalence",0.15,0.00381886718276416,1.02088124788582,0.894536302088629
70,12,"Prevalence",0.15,0.00387131520044512,1.0357968631753,0.906821792403644
71,12,"Prevalence",0.15,0.00375542599107955,1.00609116216268,0.879675756724328
72,12,"Prevalence",0.15,0.00393371255498684,1.05409456953071,0.921437828029017
73,12,"Prevalence",0.15,0.00383088358937013,1.01712708486497,0.897351040443024
74,12,"Prevalence",0.15,0.00382269025098479,1.02843471176947,0.895431822447154
75,12,"Prevalence",0.15,0.00391725278485247,1.04394296676792,0.917582270554885
76,12,"Prevalence",0.15,0.00318634909618927,0.854198755990355,0.746374461655267
77,12,"Prevalence",0.15,0.00345728359121034,0.92205024328047,0.809838502085436
78,12,"Prevalence",0.15,0.00387145279832091,1.03569265455228,0.906854023504932
79,12,"Prevalence",0.15,0.00359339826323638,0.951590824176804,0.841722175841819
80,12,"Prevalence",0.15,0.00389613406220324,1.03130036183428,0.912635394122854
81,12,"Prevalence",0.15,0.003894170609005,1.0427488711161,0.912175472350445
82,12,"Prevalence",0.15,0.00340736831136024,0.913988027315322,0.798146283498638
83,12,"Prevalence",0.15,0.00419022278413642,1.12238130877955,0.981523110090412
84,12,"Prevalence",0.15,0.00408225024917378,1.07857703547516,0.956231486284129
85,12,"Prevalence",0.15,0.00366990103131465,0.980412652978747,0.859642281459817
86,12,"Prevalence",0.15,0.00366700634327602,0.985543282673918,0.858964226054939
87,12,"Prevalence",0.15,0.00377692629406387,1.0079389006712,0.884712015018989
88,12,"Prevalence",0.15,0.00399798391861277,1.08607136563064,0.936492833923855
89,12,"Prevalence",0.15,0.00337681403170887,0.898309164043399,0.790989210203269
90,12,"Prevalence",0.15,0.00314625783734769,0.848104217750859,0.736983434234337
91,12,"Prevalence",0.15,0.00329815053680275,0.883489269576555,0.772562973187153
92,12,"Prevalence",0.15,0.00372907666863604,1.00169316168589,0.873503657949195
93,12,"Prevalence",0.15,0.0038293991530696,1.01946779302598,0.8970033241975
94,12,"Prevalence",0.15,0.00378349356268897,1.0124685400811,0.886250340367729
95,12,"Prevalence",0.15,0.00339388523689879,0.912280509782096,0.794987991001854
96,12,"Prevalence",0.15,0.00430041395218599,1.15041926498828,1.00733442933051
97,12,"Prevalence",0.15,0.00356072998382832,0.949375703517311,0.834069916556866
98,12,"Prevalence",0.15,0.00421487292643534,1.12973014085587,0.987297190749075
99,12,"Prevalence",0.15,0.00346597729702998,0.931821652394159,0.811874926785002
100,12,"Prevalence",0.15,0.00393161893642164,1.05036801700412,0.920947416155631
101,12,"Prevalence",0.15,0.00391789088096496,1.03867424635782,0.9177317389992
102,12,"Prevalence",0.15,0.00360910257180844,0.963208756371236,0.845400773039513
103,12,"Prevalence",0.15,0.00377499969397202,1.00889774147641,0.884260725765064
104,12,"Prevalence",0.15,0.0039651973843286,1.05103149894787,0.92881287446645
105,12,"Prevalence",0.15,0.00325997777696198,0.868076629991366,0.763621337410295
106,12,"Prevalence",0.15,0.00375383209211173,1.01948462758772,0.879302399804512
107,12,"Prevalence",0.15,0.00385539302067834,1.01933094782381,0.903092160780409
108,12,"Prevalence",0.15,0.00429692891736954,1.16108274649459,1.00651809034615
109,12,"Prevalence",0.15,0.00350446913437091,0.925780217406806,0.820891303681005
110,12,"Prevalence",0.15,0.00370594847513224,0.98786575413291,0.868086080510469
111,12,"Prevalence",0.15,0.00304072779746885,0.810278282704925,0.712263943580523
112,12,"Prevalence",0.15,0.00426998138629171,1.15195994432609,1.00020586642029
113,12,"Prevalence",0.15,0.0039865160094538,1.06191623712565,0.933806576308499
114,12,"Prevalence",0.15,0.00374517307755656,0.993594173093185,0.877274101230821
115,12,"Prevalence",0.15,0.00374146976948778,1.01484130402985,0.87640663364246
116,12,"Prevalence",0.15,0.00377130808570625,1.01394585252947,0.883395998753412
117,12,"Prevalence",0.15,0.00388811205357751,1.03900160453167,0.910756308627612
118,12,"Prevalence",0.15,0.0038875118362858,1.030915991381,0.910615712966414
119,12,"Prevalence",0.15,0.00371857285302137,0.992366783658186,0.871043230830869
120,12,"Prevalence",0.15,0.00388854828927015,1.04663406270039,0.910858493030644
121,12,"Prevalence",0.15,0.00390854393013173,1.04188880189095,0.915542297357476
122,12,"Prevalence",0.15,0.00383055083661554,1.01530063963125,0.89727309601491
123,12,"Prevalence",0.15,0.00367364062571936,0.980531004222394,0.860518248805636
124,12,"Prevalence",0.15,0.00330777050721586,0.890584836294042,0.774816367282233
125,12,"Prevalence",0.15,0.00392001394629639,1.0564087408258,0.91822904852053
1,12,"Prevalence",0.2,0.00369444889760262,0.987682383551015,0.865392404855713
2,12,"Prevalence",0.2,0.00383069998300268,1.0237097981306,0.897308032254179
3,12,"Prevalence",0.2,0.00388664088940591,1.0436500816817,0.910411701262435
4,12,"Prevalence",0.2,0.00343125057110176,0.912328642095217,0.803740494371203
5,12,"Prevalence",0.2,0.0037156492795641,1.00009842140812,0.870358409268821
6,12,"Prevalence",0.2,0.0039809907915974,1.06067652601709,0.932512342256107
7,12,"Prevalence",0.2,0.00406774701925461,1.09289026835647,0.952834231276469
8,12,"Prevalence",0.2,0.00392313752348385,1.04538564446269,0.918960719210508
9,12,"Prevalence",0.2,0.00342651754249054,0.919463942077787,0.802631823734354
10,12,"Prevalence",0.2,0.00372325868648785,0.99971099861989,0.872140846417033
11,12,"Prevalence",0.2,0.00420076813167132,1.12199179456171,0.983993265698513
12,12,"Prevalence",0.2,0.00384241902307495,1.01774741587793,0.900053115093825
13,12,"Prevalence",0.2,0.00367739384181418,0.977704400709854,0.861397406913454
14,12,"Prevalence",0.2,0.00385648199325317,1.02941755570785,0.903347243100257
15,12,"Prevalence",0.2,0.00373698949617451,0.984730450940111,0.875357168727809
16,12,"Prevalence",0.2,0.00416892900006429,1.12233300227718,0.976535227048198
17,12,"Prevalence",0.2,0.00374257457740242,1.00150247482837,0.876665425252419
18,12,"Prevalence",0.2,0.00382520327385322,1.0254953874605,0.896020476117524
19,12,"Prevalence",0.2,0.00374763115736971,1.00550108041148,0.877849884970087
20,12,"Prevalence",0.2,0.00401577663073354,1.07506392756502,0.940660621422854
21,12,"Prevalence",0.2,0.00345008826799291,0.914587169998284,0.808153060430828
22,12,"Prevalence",0.2,0.00390347641007712,1.05408648963688,0.914355275019835
23,12,"Prevalence",0.2,0.00399221874354998,1.0611745467243,0.935142391990498
24,12,"Prevalence",0.2,0.00392358892631234,1.05178808089796,0.919066456382714
25,12,"Prevalence",0.2,0.00391107742433327,1.04214013379223,0.916135746258922
26,12,"Prevalence",0.2,0.00376147739885388,1.00983160264638,0.881093246171815
27,12,"Prevalence",0.2,0.00407678153341741,1.08415396389473,0.954950487355457
28,12,"Prevalence",0.2,0.00341899376621178,0.910626840789542,0.80086944481725
29,12,"Prevalence",0.2,0.00364999215675138,0.964029969861725,0.854978801380973
30,12,"Prevalence",0.2,0.00413070739953561,1.1015825723743,0.967582150766534
31,12,"Prevalence",0.2,0.00363896252216834,0.97305851417641,0.852395205759257
32,12,"Prevalence",0.2,0.00370658883625813,0.988467768731444,0.868236079514387
33,12,"Prevalence",0.2,0.00356281036853682,0.947116597055108,0.834557228514837
34,12,"Prevalence",0.2,0.00406198313375642,1.09083070990878,0.951484091412356
35,12,"Prevalence",0.2,0.00352582885048119,0.93576820981711,0.825894630727617
36,12,"Prevalence",0.2,0.00321371884013425,0.860058446514712,0.752785585259709
37,12,"Prevalence",0.2,0.00378745376186812,1.00987678547586,0.887177982456271
38,12,"Prevalence",0.2,0.0039311825163081,1.0446082998718,0.920845188553616
39,12,"Prevalence",0.2,0.00383435681703987,1.01235526731889,0.898164613706324
40,12,"Prevalence",0.2,0.00394450988446044,1.05570702137011,0.923967008206673
41,12,"Prevalence",0.2,0.00385914263897561,1.03193003600696,0.903970476135555
42,12,"Prevalence",0.2,0.00399298781965444,1.06142465546478,0.935322541354588
43,12,"Prevalence",0.2,0.0037963833492028,1.017034850233,0.889269660341682
44,12,"Prevalence",0.2,0.00350811843851415,0.942996681922232,0.821746121321217
45,12,"Prevalence",0.2,0.00354529378460389,0.934097530971204,0.830454121633481
46,12,"Prevalence",0.2,0.00360229095537948,0.9565191076553,0.843805211350668
47,12,"Prevalence",0.2,0.00375628718413927,1.00223763176206,0.879877483681089
48,12,"Prevalence",0.2,0.00374745245467163,1.00585369586698,0.877808025422994
49,12,"Prevalence",0.2,0.00405541752249154,1.08434717505221,0.949946154285776
50,12,"Prevalence",0.2,0.00398995160240302,1.06197462747529,0.934611333967046
51,12,"Prevalence",0.2,0.00412298494353422,1.10234306518641,0.965773232858701
52,12,"Prevalence",0.2,0.0040552692846954,1.08358095577762,0.949911430876016
53,12,"Prevalence",0.2,0.00387619783202404,1.04073393880859,0.907965506229773
54,12,"Prevalence",0.2,0.00372300583649031,1.0015575769398,0.872081618512279
55,12,"Prevalence",0.2,0.00411486390571134,1.10552094461828,0.963870950638473
56,12,"Prevalence",0.2,0.00376625956295613,1.01530835350232,0.882213426368524
57,12,"Prevalence",0.2,0.00418932197700582,1.13068122765545,0.981312103883344
58,12,"Prevalence",0.2,0.00406224266488345,1.08821518017094,0.951544884313382
59,12,"Prevalence",0.2,0.00338280741659135,0.902527019569414,0.792393108294822
60,12,"Prevalence",0.2,0.00322237350430992,0.85147925793204,0.75481286479498
61,12,"Prevalence",0.2,0.0038193402156383,1.02438866240414,0.894647105910215
62,12,"Prevalence",0.2,0.00385049272245023,1.03564288087574,0.901944308695921
63,12,"Prevalence",0.2,0.00344762471939808,0.928315725795118,0.807575995677191
64,12,"Prevalence",0.2,0.00402334636596232,1.07268842744785,0.942433765822829
65,12,"Prevalence",0.2,0.00395785678608974,1.05034105009054,0.927093403406205
66,12,"Prevalence",0.2,0.00357543994858941,0.947085755950398,0.837515597396629
67,12,"Prevalence",0.2,0.00392076368684917,1.03798475599667,0.918404668700405
68,12,"Prevalence",0.2,0.00373063429389131,1.00619663876079,0.873868518068491
69,12,"Prevalence",0.2,0.00396441469618078,1.05545700674448,0.928629536600023
70,12,"Prevalence",0.2,0.00405996278997404,1.07551559372548,0.951010843517219
71,12,"Prevalence",0.2,0.0039662978568657,1.08190795776586,0.929070650552082
72,12,"Prevalence",0.2,0.00397947146416941,1.07459456537195,0.932156453068546
73,12,"Prevalence",0.2,0.00395476012672179,1.05693194515948,0.926368037980467
74,12,"Prevalence",0.2,0.00417618117811734,1.12000501424016,0.978233986451761
75,12,"Prevalence",0.2,0.00371000620724551,0.996684033242638,0.869036568837423
76,12,"Prevalence",0.2,0.00370135684457639,0.987878242711758,0.867010531133789
77,12,"Prevalence",0.2,0.00384545439451971,1.0186544053145,0.900764124358535
78,12,"Prevalence",0.2,0.00354384208514246,0.951761359244004,0.830114073706749
79,12,"Prevalence",0.2,0.00388798845518695,1.04344819506917,0.910727356783531
80,12,"Prevalence",0.2,0.00359132963804282,0.956615159537884,0.841237618447571
81,12,"Prevalence",0.2,0.00376573808128443,1.00453899557334,0.882091273839018
82,12,"Prevalence",0.2,0.0031820176817545,0.85229529472529,0.745359865633504
83,12,"Prevalence",0.2,0.00372222309574659,1.00889854783217,0.871898268325727
84,12,"Prevalence",0.2,0.00346747685978616,0.920741108779843,0.812226186270723
85,12,"Prevalence",0.2,0.0032499600967713,0.879785123462208,0.761274783271493
86,12,"Prevalence",0.2,0.00392653002622918,1.05419795027561,0.919755383364926
87,12,"Prevalence",0.2,0.00361459711825017,0.973958764380841,0.846687822580762
88,12,"Prevalence",0.2,0.00413382185946958,1.10659624806373,0.968311685819473
89,12,"Prevalence",0.2,0.00337256591965504,0.899439716370397,0.789994127037078
90,12,"Prevalence",0.2,0.00414922808339502,1.11263409936487,0.971920459290729
91,12,"Prevalence",0.2,0.00345138858372543,0.915874308699932,0.808457648040519
92,12,"Prevalence",0.2,0.00369559035164597,0.983606440166791,0.865659780501444
93,12,"Prevalence",0.2,0.00339121551899167,0.909316198192473,0.794362632886492
94,12,"Prevalence",0.2,0.00390696487584304,1.04307299297734,0.915172417674169
95,12,"Prevalence",0.2,0.00376049780528013,1.00449964964352,0.880863784928179
96,12,"Prevalence",0.2,0.00369278470703081,0.981218276676242,0.865002582741239
97,12,"Prevalence",0.2,0.0039246479263634,1.05267969993781,0.919314517900504
98,12,"Prevalence",0.2,0.00360121373252608,0.957054860491115,0.843552881300506
99,12,"Prevalence",0.2,0.00374697556922084,1.00589064970435,0.877696319168954
100,12,"Prevalence",0.2,0.00400945058711529,1.0698835688686,0.939178800926283
101,12,"Prevalence",0.2,0.00387250809899358,1.03653894551668,0.907101218475627
102,12,"Prevalence",0.2,0.00395666912856026,1.0603972099836,0.926815204997158
103,12,"Prevalence",0.2,0.00374963482518789,0.99268631994359,0.878319226666182
104,12,"Prevalence",0.2,0.00334631012180721,0.889020211867746,0.783843935582086
105,12,"Prevalence",0.2,0.0038533035898519,1.02573082671398,0.902602729848281
106,12,"Prevalence",0.2,0.00339812764673847,0.89863417074988,0.795981738474152
107,12,"Prevalence",0.2,0.00380696084787913,1.00856255942943,0.891747347074013
108,12,"Prevalence",0.2,0.003028801962169,0.805878919918353,0.709470420763972
109,12,"Prevalence",0.2,0.00395662550867603,1.06711527489748,0.926804987420043
110,12,"Prevalence",0.2,0.0036989712970311,0.988111622893442,0.866451737445123
111,12,"Prevalence",0.2,0.00396770657842011,1.07305117949586,0.929400631279257
112,12,"Prevalence",0.2,0.00377131775263075,1.01323675718595,0.883398263146104
113,12,"Prevalence",0.2,0.00408894646052339,1.08675362326265,0.957800015340529
114,12,"Prevalence",0.2,0.00398615842890399,1.05979638740565,0.933722816186081
115,12,"Prevalence",0.2,0.00393827142116915,1.05464118227344,0.922505702637187
116,12,"Prevalence",0.2,0.0036545643805744,0.979476929555767,0.856049804899875
117,12,"Prevalence",0.2,0.00397345144310348,1.04473567453809,0.930746315683524
118,12,"Prevalence",0.2,0.00392860687626955,1.05083807217359,0.920241867357749
119,12,"Prevalence",0.2,0.0038433784308662,1.03729387656873,0.900277847994106
120,12,"Prevalence",0.2,0.00370332154002735,0.995683802174979,0.86747074389306
121,12,"Prevalence",0.2,0.00376253785426927,1.0073247786655,0.881341648595986
122,12,"Prevalence",0.2,0.0034644737599601,0.921877776127609,0.811522736350991
123,12,"Prevalence",0.2,0.00376463416574136,1.00114336475819,0.881832691259308
124,12,"Prevalence",0.2,0.00367134138670686,0.979197036935037,0.859979672137368
125,12,"Prevalence",0.2,0.00415094106376474,1.10410173414524,0.97232170998947
1,12,"Prevalence",0.25,0.00378554837631956,1.01821057510892,0.886731662523917
2,12,"Prevalence",0.25,0.00369913389358955,0.995061734487017,0.866489824269601
3,12,"Prevalence",0.25,0.00333140235008669,0.882080328494293,0.780351920188762
4,12,"Prevalence",0.25,0.00399075338385182,1.0540205797536,0.934799144272554
5,12,"Prevalence",0.25,0.00347711272403104,0.923296756025045,0.814483303357165
6,12,"Prevalence",0.25,0.00413027737233959,1.11106981874443,0.967481420649646
7,12,"Prevalence",0.25,0.0038237566399229,1.02636253984086,0.895681614747236
8,12,"Prevalence",0.25,0.00374345332588201,1.0037215411507,0.876871264413037
9,12,"Prevalence",0.25,0.00395174355449419,1.06239386956706,0.925661432268279
10,12,"Prevalence",0.25,0.00389187098703523,1.03745223350385,0.91163680597778
11,12,"Prevalence",0.25,0.00366707776323746,0.981489059556665,0.858980955557482
12,12,"Prevalence",0.25,0.00352867091058119,0.940656027237877,0.826560358497261
13,12,"Prevalence",0.25,0.00364433198904077,0.975214486839634,0.85365295650324
14,12,"Prevalence",0.25,0.00357560328395236,0.956056653886791,0.837553857279621
15,12,"Prevalence",0.25,0.00368206505186256,0.995821205509239,0.862491597091578
16,12,"Prevalence",0.25,0.00401439029419631,1.08266857248275,0.94033588419055
17,12,"Prevalence",0.25,0.00379754046259963,1.01487927310203,0.889540704054276
18,12,"Prevalence",0.25,0.00383743822854464,1.03153434871959,0.898886407453213
19,12,"Prevalence",0.25,0.00389876251848589,1.03225025959716,0.913251087062869
20,12,"Prevalence",0.25,0.00402313793119084,1.0831971720031,0.942384941797066
21,12,"Prevalence",0.25,0.00406155985498313,1.08439310186325,0.951384942054574
22,12,"Prevalence",0.25,0.00437516040672854,1.16791993913291,1.02484313383391
23,12,"Prevalence",0.25,0.00380710612661457,1.02546676395777,0.89178137734963
24,12,"Prevalence",0.25,0.00395142966634861,1.05884122013801,0.92558790671015
25,12,"Prevalence",0.25,0.00431414311784019,1.1701885827109,1.01055036654103
26,12,"Prevalence",0.25,0.00399120193716462,1.06168326070569,0.934904213970582
27,12,"Prevalence",0.25,0.00356964784741718,0.951061637498355,0.836158848257168
28,12,"Prevalence",0.25,0.00318902059965679,0.853428045930922,0.747000238022571
29,12,"Prevalence",0.25,0.00379899746461731,1.01286232616747,0.889881994058525
30,12,"Prevalence",0.25,0.00360456317269833,0.973798352540035,0.844337458423074
31,12,"Prevalence",0.25,0.00360509724592478,0.979662837526919,0.84446256041437
32,12,"Prevalence",0.25,0.00382013699969828,1.01620566629684,0.894833745621012
33,12,"Prevalence",0.25,0.00409282907117172,1.08739575931367,0.958709482992998
34,12,"Prevalence",0.25,0.00357283199672993,0.95866214537461,0.836904707438764
35,12,"Prevalence",0.25,0.0038472497281635,1.01522505130888,0.901184665592846
36,12,"Prevalence",0.25,0.00370573626304541,0.992238707080759,0.868036371681549
37,12,"Prevalence",0.25,0.00381347410481456,1.02660962184699,0.893273020655921
38,12,"Prevalence",0.25,0.00392633970626432,1.03999427089012,0.91971080257449
39,12,"Prevalence",0.25,0.00348909253742332,0.923972230770488,0.817289470070692
40,12,"Prevalence",0.25,0.00375232035073294,1.00738145962507,0.878948287582751
41,12,"Prevalence",0.25,0.00349713788411266,0.924681559544224,0.819174022303608
42,12,"Prevalence",0.25,0.00397971757555411,1.07126459695887,0.932214102512068
43,12,"Prevalence",0.25,0.00389912607136605,1.043690552611,0.913336246151542
44,12,"Prevalence",0.25,0.00400153642132486,1.07592773758528,0.93732497667382
45,12,"Prevalence",0.25,0.00411251024337686,1.10529656706877,0.963319625782091
46,12,"Prevalence",0.25,0.00347441756703857,0.929462860316496,0.813851986358117
47,12,"Prevalence",0.25,0.00378985493339482,1.02639230814126,0.887740435926203
48,12,"Prevalence",0.25,0.00388727342517809,1.04592177827813,0.910559867245562
49,12,"Prevalence",0.25,0.00380367477218798,1.0189250840612,0.890977612528015
50,12,"Prevalence",0.25,0.00381029194917957,1.01053742367061,0.892527628475951
51,12,"Prevalence",0.25,0.00383223369003233,1.02765090840472,0.897667289737909
52,12,"Prevalence",0.25,0.00357716680371531,0.950234086066901,0.837920098135881
53,12,"Prevalence",0.25,0.00403013297338449,1.0858777402652,0.944023469370132
54,12,"Prevalence",0.25,0.00390681313217349,1.0443025281295,0.915136873044155
55,12,"Prevalence",0.25,0.00393830947127146,1.05700141058022,0.922514615541509
56,12,"Prevalence",0.25,0.00365493630471115,0.982951741077294,0.856136924882329
57,12,"Prevalence",0.25,0.00371222299860064,0.994679455992109,0.869555832861664
58,12,"Prevalence",0.25,0.00380437421084785,1.00631900822538,0.891141449928591
59,12,"Prevalence",0.25,0.00441917479847101,1.1770306225116,1.03515312089125
60,12,"Prevalence",0.25,0.00356555176611845,0.961012141539324,0.835199376968259
61,12,"Prevalence",0.25,0.00361435717467172,0.960707423478259,0.846631617892001
62,12,"Prevalence",0.25,0.00399397407968101,1.06880764063287,0.93555356415659
63,12,"Prevalence",0.25,0.00417433141948436,1.13145878500647,0.977800696638805
64,12,"Prevalence",0.25,0.00380548388260322,1.01773946362207,0.891401380850791
65,12,"Prevalence",0.25,0.00347586597974168,0.924866864602389,0.814191264390408
66,12,"Prevalence",0.25,0.00368510992073023,0.982898094563987,0.863204831044695
67,12,"Prevalence",0.25,0.0037480521204793,0.993372244952619,0.87794849190387
68,12,"Prevalence",0.25,0.00424638171343657,1.13328154125588,0.994677849059108
69,12,"Prevalence",0.25,0.00381748889588926,1.02216296490939,0.894213450419452
70,12,"Prevalence",0.25,0.00376649311873804,1.01291955055488,0.882268134771695
71,12,"Prevalence",0.25,0.00323065740825418,0.85668884203746,0.756753296982453
72,12,"Prevalence",0.25,0.00351686152817509,0.933192591908005,0.823794113754545
73,12,"Prevalence",0.25,0.00370597381862935,0.997016337879968,0.868092017003427
74,12,"Prevalence",0.25,0.0039227530832423,1.05356461823047,0.918870667439764
75,12,"Prevalence",0.25,0.00341541234138139,0.916929523479681,0.800030527313531
76,12,"Prevalence",0.25,0.00396077727652854,1.06571017341205,0.927777502798082
77,12,"Prevalence",0.25,0.00367418536624852,0.983818033038173,0.860645849519464
78,12,"Prevalence",0.25,0.00400097257713229,1.05072343211794,0.9371929010936
79,12,"Prevalence",0.25,0.0039680859485338,1.06868664978405,0.929489495416803
80,12,"Prevalence",0.25,0.00399596830687869,1.07034172088937,0.93602069446974
81,12,"Prevalence",0.25,0.00364162257363263,0.970256699585411,0.853018299594773
82,12,"Prevalence",0.25,0.003486565469243,0.930385915044033,0.816697526408614
83,12,"Prevalence",0.25,0.00354215779830772,0.951831238548905,0.829719544218103
84,12,"Prevalence",0.25,0.00391972493271068,1.03899669700634,0.918161349610921
85,12,"Prevalence",0.25,0.00408788656274802,1.08917351807757,0.957551743538658
86,12,"Prevalence",0.25,0.00353592469262868,0.940207707538233,0.828259493622518
87,12,"Prevalence",0.25,0.00381340900688349,1.01398703405804,0.893257772033824
88,12,"Prevalence",0.25,0.00327972789303061,0.877570700243401,0.768247629697607
89,12,"Prevalence",0.25,0.00348431091209124,0.935205599490736,0.81616941607618
90,12,"Prevalence",0.25,0.00401440931048792,1.066620030563,0.940340338590869
91,12,"Prevalence",0.25,0.00358324089400024,0.963158784356158,0.839342900763476
92,12,"Prevalence",0.25,0.00330773808027247,0.893137029342302,0.774808771553808
93,12,"Prevalence",0.25,0.00439890863040981,1.17713319628589,1.03040594792938
94,12,"Prevalence",0.25,0.00414861950279316,1.1091456661597,0.97177790459714
95,12,"Prevalence",0.25,0.00382140918842435,1.02825790558769,0.895131744724961
96,12,"Prevalence",0.25,0.00478814227945104,1.27899998438283,1.12158053253742
97,12,"Prevalence",0.25,0.00428312093366714,1.13724407017181,1.00328369069587
98,12,"Prevalence",0.25,0.0039635743881894,1.05441435742846,0.928432701788222
99,12,"Prevalence",0.25,0.00357077647519533,0.95578918755625,0.83642321946223
100,12,"Prevalence",0.25,0.00438260124933477,1.16787216222894,1.02658608626217
101,12,"Prevalence",0.25,0.00401986929253647,1.07846879351127,0.941619291724723
102,12,"Prevalence",0.25,0.00340341939826708,0.917889775604012,0.797221285077237
103,12,"Prevalence",0.25,0.00372215836725495,0.990055960567194,0.871883106241589
104,12,"Prevalence",0.25,0.00413701705536953,1.10398137234407,0.969060132567693
105,12,"Prevalence",0.25,0.00384218829572645,1.02548795341351,0.899999069226486
106,12,"Prevalence",0.25,0.00355886896104361,0.952016684792732,0.8336339882147
107,12,"Prevalence",0.25,0.00384469122745551,1.03739860030682,0.900585359135537
108,12,"Prevalence",0.25,0.00427230779915794,1.14059364516651,1.00075080832658
109,12,"Prevalence",0.25,0.00352246586103628,0.944772356927577,0.8251068798062
110,12,"Prevalence",0.25,0.00413327216400859,1.10491958656474,0.968182924456115
111,12,"Prevalence",0.25,0.00366372421357601,0.977784277803166,0.858195415822937
112,12,"Prevalence",0.25,0.00392492403548682,1.05940050720485,0.919379194052467
113,12,"Prevalence",0.25,0.00355241622576485,0.956823021268661,0.83212249130256
114,12,"Prevalence",0.25,0.00345099437261321,0.933446331961334,0.808365307528601
115,12,"Prevalence",0.25,0.00375780272967859,0.999649172517653,0.880232486994257
116,12,"Prevalence",0.25,0.00376013015880365,1.005721735135,0.88077766695031
117,12,"Prevalence",0.25,0.00352022463768051,0.932566276754267,0.824581892799092
118,12,"Prevalence",0.25,0.00337057087659784,0.894362392197443,0.789526805615966
119,12,"Prevalence",0.25,0.00368815454669455,0.984996831734568,0.863918008099846
120,12,"Prevalence",0.25,0.00413348458899384,1.10080757615474,0.968232683154616
121,12,"Prevalence",0.25,0.0033749175297137,0.900539606121424,0.790544971165765
122,12,"Prevalence",0.25,0.00373997893708567,1.00185826615478,0.876057419165959
123,12,"Prevalence",0.25,0.00363626880799117,0.976744246631599,0.851764226727096
124,12,"Prevalence",0.25,0.00372581832502578,0.995020334080116,0.872740419401069
125,12,"Prevalence",0.25,0.00353707124415812,0.943805663130947,0.828528063309869
1,12,"Prevalence",0.3,0.00414875153730158,1.11605347193478,0.971808832528185
2,12,"Prevalence",0.3,0.00354619720185352,0.944052393665851,0.830665739238146
3,12,"Prevalence",0.3,0.00372313422354767,0.988715877987361,0.872111692059759
4,12,"Prevalence",0.3,0.00396723368633919,1.05204879562,0.929289860437231
5,12,"Prevalence",0.3,0.00407797846991566,1.09638708450363,0.955230859281925
6,12,"Prevalence",0.3,0.00364841264136401,0.970139697773338,0.854608813689316
7,12,"Prevalence",0.3,0.00376041424483803,1.01829099637059,0.880844211624037
8,12,"Prevalence",0.3,0.00392018780792827,1.06032259466473,0.918269774090129
9,12,"Prevalence",0.3,0.00339736355984246,0.909531623082003,0.795802757788612
10,12,"Prevalence",0.3,0.00415762849806719,1.10692367988617,0.973888183099187
11,12,"Prevalence",0.3,0.00405657834204478,1.09270479177103,0.950218066133147
12,12,"Prevalence",0.3,0.00415283671861668,1.11497171475636,0.972765750591078
13,12,"Prevalence",0.3,0.00395809494182833,1.06634908132739,0.927149189309074
14,12,"Prevalence",0.3,0.00389564882344062,1.03572191264497,0.912521731178435
15,12,"Prevalence",0.3,0.00389114062222629,1.04634079363682,0.911465724396755
16,12,"Prevalence",0.3,0.0037992535150404,1.0232998707995,0.889941971635025
17,12,"Prevalence",0.3,0.00345703352786567,0.921145295265522,0.809779926929783
18,12,"Prevalence",0.3,0.00370386610044068,0.988776022575544,0.867598302416337
19,12,"Prevalence",0.3,0.00363076098797083,0.957476951714131,0.850474067965936
20,12,"Prevalence",0.3,0.00353415755548235,0.960674171004944,0.827845557171599
21,12,"Prevalence",0.3,0.00329927901130382,0.87227721451544,0.772827308488413
22,12,"Prevalence",0.3,0.00400405982608256,1.06561285036521,0.937916062211136
23,12,"Prevalence",0.3,0.0039001828281425,1.03296648467996,0.913583782201839
24,12,"Prevalence",0.3,0.00376977463975686,1.0084188170896,0.88303680242546
25,12,"Prevalence",0.3,0.00372083376020091,0.991981970622721,0.871572828601868
26,12,"Prevalence",0.3,0.00385377879018247,1.03169859316909,0.902714041377619
27,12,"Prevalence",0.3,0.0040910740360646,1.09381325535407,0.958298381339126
28,12,"Prevalence",0.3,0.00392369705196073,1.04301123252689,0.919091783872005
29,12,"Prevalence",0.3,0.00358942662300612,0.961424497495778,0.840791853786925
30,12,"Prevalence",0.3,0.0040952189476049,1.10034369253417,0.959269290685872
31,12,"Prevalence",0.3,0.00394076753699165,1.0456957671739,0.923090395979633
32,12,"Prevalence",0.3,0.00368286856934357,0.984483770193042,0.86267981404748
33,12,"Prevalence",0.3,0.00384675131377665,1.03185652358088,0.901067916373466
34,12,"Prevalence",0.3,0.00411573784833863,1.0959375594094,0.964075664070144
35,12,"Prevalence",0.3,0.0037440266877971,1.01005440965505,0.877005569436675
36,12,"Prevalence",0.3,0.00361115082607328,0.971292375483442,0.845880558721534
37,12,"Prevalence",0.3,0.00380928845588822,1.01999657310557,0.892292568932104
38,12,"Prevalence",0.3,0.00391345576437427,1.04675578451189,0.916692851652636
39,12,"Prevalence",0.3,0.00358446942769757,0.967582539570333,0.839630674058012
40,12,"Prevalence",0.3,0.00398098097555574,1.07258735646307,0.932510042934035
41,12,"Prevalence",0.3,0.00379586348484726,1.02115205740118,0.889147886654383
42,12,"Prevalence",0.3,0.0032842222877015,0.879912679834124,0.769300402417003
43,12,"Prevalence",0.3,0.00362276363511938,0.978169942252325,0.848600757870596
44,12,"Prevalence",0.3,0.00394206617673718,1.05962584157306,0.923394591004
45,12,"Prevalence",0.3,0.003688617250688,0.993034042201432,0.864026392471297
46,12,"Prevalence",0.3,0.00394405166882259,1.05622504276538,0.923859675193343
47,12,"Prevalence",0.3,0.00408702521883983,1.09574913694127,0.957349981246962
48,12,"Prevalence",0.3,0.00351627264131483,0.932426187967709,0.823656172147997
49,12,"Prevalence",0.3,0.00388141639135473,1.04534115361365,0.909187908199387
50,12,"Prevalence",0.3,0.00364415183756056,0.967967664521837,0.853610757591563
51,12,"Prevalence",0.3,0.0037859767328001,1.02104353412847,0.886832001290286
52,12,"Prevalence",0.3,0.00365123251760355,0.980170805711498,0.855269345083303
53,12,"Prevalence",0.3,0.00399173453720003,1.06913872280603,0.935028970879731
54,12,"Prevalence",0.3,0.00335081888171043,0.894453711345594,0.784900073231765
55,12,"Prevalence",0.3,0.00422525453348184,1.13879074995391,0.98972899157709
56,12,"Prevalence",0.3,0.00375720096498331,0.993726082693494,0.880091528867263
57,12,"Prevalence",0.3,0.00381842992074721,1.00569209922187,0.894433877278077
58,12,"Prevalence",0.3,0.00388315267258486,1.05323734405314,0.909594616921286
59,12,"Prevalence",0.3,0.004119767376253,1.10238007128323,0.965019545809716
60,12,"Prevalence",0.3,0.00407373024838749,1.08744442007574,0.954235750472325
61,12,"Prevalence",0.3,0.00392623473157162,1.05532322124979,0.919686213169065
62,12,"Prevalence",0.3,0.00402257036453698,1.08629336149936,0.942251994262777
63,12,"Prevalence",0.3,0.00359543870680621,0.969488779382487,0.842200131936696
64,12,"Prevalence",0.3,0.00442385313292096,1.18561789405261,1.03624897989825
65,12,"Prevalence",0.3,0.00411924825906813,1.10547103570399,0.964897947140609
66,12,"Prevalence",0.3,0.00382739624905155,1.02504267176572,0.896534161414932
67,12,"Prevalence",0.3,0.00357010348743571,0.958824269755096,0.836265577954158
68,12,"Prevalence",0.3,0.00405296390849393,1.08112003131854,0.949371416624807
69,12,"Prevalence",0.3,0.00363111327522087,0.96204444438829,0.850556588179088
70,12,"Prevalence",0.3,0.0040604487819655,1.09570510475732,0.951124682898935
71,12,"Prevalence",0.3,0.00339408856634657,0.905375463697454,0.795035619150106
72,12,"Prevalence",0.3,0.00347130051858958,0.934378354399269,0.813121844968134
73,12,"Prevalence",0.3,0.00334614363357553,0.898472130163503,0.783804937167126
74,12,"Prevalence",0.3,0.00380959750359333,1.01138572339827,0.892364960659301
75,12,"Prevalence",0.3,0.00396929766241813,1.06910969035396,0.929773328816968
76,12,"Prevalence",0.3,0.00391861976769878,1.04230887685155,0.917902474354032
77,12,"Prevalence",0.3,0.00338010333203027,0.904231153041774,0.79175970009076
78,12,"Prevalence",0.3,0.00396349046211869,1.06105646617353,0.928413042838758
79,12,"Prevalence",0.3,0.00386437754533258,1.03161593846622,0.905196707253376
80,12,"Prevalence",0.3,0.00358668075936348,0.960925910531752,0.840148659197705
81,12,"Prevalence",0.3,0.00363746781201643,0.965768340273253,0.85204508295373
82,12,"Prevalence",0.3,0.00351595115685948,0.941675017675773,0.823580867220622
83,12,"Prevalence",0.3,0.00435786467812267,1.17370424254174,1.02079176038504
84,12,"Prevalence",0.3,0.00392580456135396,1.04564355498765,0.919585449550601
85,12,"Prevalence",0.3,0.00363018070517789,0.97106139846351,0.850338141787078
86,12,"Prevalence",0.3,0.00364552867667758,0.973010403010683,0.853933270136094
87,12,"Prevalence",0.3,0.00433816509969224,1.16223074858153,1.01617730609834
88,12,"Prevalence",0.3,0.00357776016067356,0.947365537718232,0.838059086823855
89,12,"Prevalence",0.3,0.00390962633759818,1.05544655055947,0.915795841857995
90,12,"Prevalence",0.3,0.00368810053904325,0.991145442399982,0.863905357278958
91,12,"Prevalence",0.3,0.00368315142568016,0.979788248525213,0.862746070675238
92,12,"Prevalence",0.3,0.00343040548973119,0.916446495249911,0.803542541436987
93,12,"Prevalence",0.3,0.00384637751464768,1.03082553423408,0.900980357190447
94,12,"Prevalence",0.3,0.00346071167434253,0.923642179676046,0.810641500634897
95,12,"Prevalence",0.3,0.00433766310427951,1.16306131758094,1.0160597180549
96,12,"Prevalence",0.3,0.00364901051734392,0.976153776993561,0.854748860918659
97,12,"Prevalence",0.3,0.00382344789963404,1.00498453014903,0.895609295029608
98,12,"Prevalence",0.3,0.00363696557378365,0.9687239067055,0.851927438031814
99,12,"Prevalence",0.3,0.00408010731720558,1.09612422495062,0.955729523176559
100,12,"Prevalence",0.3,0.00425172270992256,1.14816516381022,0.995928930863577
101,12,"Prevalence",0.3,0.00426129998203743,1.14714948758512,0.998172323255031
102,12,"Prevalence",0.3,0.00402674324612181,1.07159207542057,0.943229455348297
103,12,"Prevalence",0.3,0.0034803899587542,0.93735999376099,0.815250966983583
104,12,"Prevalence",0.3,0.00427923726102078,1.13163588415836,1.00237397427963
105,12,"Prevalence",0.3,0.00354315161471609,0.948296163562548,0.829952337036588
106,12,"Prevalence",0.3,0.00344132215845293,0.92290321685842,0.806099675791801
107,12,"Prevalence",0.3,0.00399642899474112,1.06427641122746,0.936128606580091
108,12,"Prevalence",0.3,0.00378572778893602,1.00919729434902,0.886773688363192
109,12,"Prevalence",0.3,0.00386005892934647,1.02426498495342,0.904185109156492
110,12,"Prevalence",0.3,0.00389969198139214,1.04518928154384,0.913468805635231
111,12,"Prevalence",0.3,0.00364983335074717,0.976392505496874,0.854941602460732
112,12,"Prevalence",0.3,0.00386695789526085,1.03432161007427,0.905801131699817
113,12,"Prevalence",0.3,0.00393500420749664,1.05038762122218,0.921740386354409
114,12,"Prevalence",0.3,0.00367138128138467,0.976660184447697,0.859989017117386
115,12,"Prevalence",0.3,0.00359977076941127,0.962208396976872,0.843214879786704
116,12,"Prevalence",0.3,0.00386415195113862,1.02192654533739,0.905143863782696
117,12,"Prevalence",0.3,0.00356062310066527,0.952138479598224,0.834044880108922
118,12,"Prevalence",0.3,0.00336695045755964,0.912085931630443,0.788678754059455
119,12,"Prevalence",0.3,0.00382614221799112,1.01402041276296,0.896240415585639
120,12,"Prevalence",0.3,0.00386654756375949,1.03250822302509,0.905705015127465
121,12,"Prevalence",0.3,0.00388544317427133,1.03055435007786,0.910131146947197
122,12,"Prevalence",0.3,0.00365175903909178,0.972348387964244,0.855392678145836
123,12,"Prevalence",0.3,0.00359622048713642,0.962463150706087,0.842383257154776
124,12,"Prevalence",0.3,0.00392234684535643,1.04437530271591,0.918775509761101
125,12,"Prevalence",0.3,0.00340914790934857,0.916381122679921,0.798563138793024
1,12,"Prevalence",0.35,0.00353536799865746,0.936997662941312,0.828129092919237
2,12,"Prevalence",0.35,0.00358573805221106,0.954153307580936,0.839927838276274
3,12,"Prevalence",0.35,0.00372986352899337,0.998802528846785,0.873687973119283
4,12,"Prevalence",0.35,0.00308177912114909,0.821544846733248,0.721879857809365
5,12,"Prevalence",0.35,0.00381731544501967,1.01707942831007,0.894172821067329
6,12,"Prevalence",0.35,0.00373135059215724,1.0077019348357,0.874036304684609
7,12,"Prevalence",0.35,0.00371012999974165,0.998012779437502,0.869065566149044
8,12,"Prevalence",0.35,0.00351430658986894,0.942607541368603,0.823195641758769
9,12,"Prevalence",0.35,0.00372199440534562,0.989837938953735,0.871844699595575
10,12,"Prevalence",0.35,0.00385483933038868,1.04055238236959,0.902962463663313
11,12,"Prevalence",0.35,0.00364661726708037,0.976355563822969,0.854188262935477
12,12,"Prevalence",0.35,0.0033255702714484,0.891605206348575,0.778985806676861
13,12,"Prevalence",0.35,0.00404618593126088,1.08005448931859,0.947783734623972
14,12,"Prevalence",0.35,0.00396153975844729,1.05459484197064,0.927956107531737
15,12,"Prevalence",0.35,0.00449367582858863,1.206524460504,1.05260433686545
16,12,"Prevalence",0.35,0.00332814494467067,0.886056572861349,0.779588901404458
17,12,"Prevalence",0.35,0.0040667901616678,1.09815896303356,0.952610095739314
18,12,"Prevalence",0.35,0.00361448300461092,0.967868370881683,0.846661092456879
19,12,"Prevalence",0.35,0.00406408057655077,1.08422026700257,0.951975399078041
20,12,"Prevalence",0.35,0.0035764207622766,0.956412122886653,0.83774534444118
21,12,"Prevalence",0.35,0.00333367540338765,0.890612541320177,0.780884363082688
22,12,"Prevalence",0.35,0.00366153136647394,0.973645187898383,0.857681760530973
23,12,"Prevalence",0.35,0.00351962227694982,0.946066400237937,0.824440795056027
24,12,"Prevalence",0.35,0.00372987237382831,0.993276171544811,0.873690044944653
25,12,"Prevalence",0.35,0.00367669514920815,0.980218551293149,0.861233744269491
26,12,"Prevalence",0.35,0.00374842217974878,1.00524560732589,0.878035175057444
27,12,"Prevalence",0.35,0.00411554069001111,1.08900016006373,0.96402948145295
28,12,"Prevalence",0.35,0.00411051421595372,1.10523695319009,0.962852073781866
29,12,"Prevalence",0.35,0.00338717690669441,0.913390590511693,0.793416623209528
30,12,"Prevalence",0.35,0.00425860540646036,1.1342910357575,0.997541142447451
31,12,"Prevalence",0.35,0.0038321671377281,1.03471585517105,0.897651700441585
32,12,"Prevalence",0.35,0.00367816711700687,0.979824993584027,0.86157853987731
33,12,"Prevalence",0.35,0.00381691824834367,1.02921395897441,0.894079781213167
34,12,"Prevalence",0.35,0.00347528605882256,0.928330323209517,0.814055422977316
35,12,"Prevalence",0.35,0.00435187233908723,1.15844295974026,1.01938810727402
36,12,"Prevalence",0.35,0.00354523730593287,0.947987781918586,0.830440891997801
37,12,"Prevalence",0.35,0.00384699394333302,1.02367694314567,0.901124750229096
38,12,"Prevalence",0.35,0.00349739836761818,0.947605661738576,0.819235038290969
39,12,"Prevalence",0.35,0.0036166402752318,0.966160820551404,0.847166414268669
40,12,"Prevalence",0.35,0.00367115509092011,0.984356736333454,0.859936033975522
41,12,"Prevalence",0.35,0.0034531111995819,0.922232640482686,0.808861155767926
42,12,"Prevalence",0.35,0.00370242208969746,0.992483097732128,0.867260055504713
43,12,"Prevalence",0.35,0.00361994070786588,0.965552898621206,0.847939511803224
44,12,"Prevalence",0.35,0.00343331281923544,0.914825327885292,0.804223557994842
45,12,"Prevalence",0.35,0.00371190301738174,0.991538899972235,0.869480880054296
46,12,"Prevalence",0.35,0.00423933240861875,1.13858053893704,0.993026610940009
47,12,"Prevalence",0.35,0.00380517397774652,1.02442249166003,0.891328788343313
48,12,"Prevalence",0.35,0.00388850330494898,1.03803826250408,0.910847955846077
49,12,"Prevalence",0.35,0.00360457381888245,0.960068461171348,0.844339952198773
50,12,"Prevalence",0.35,0.00386580268258845,1.02852866366814,0.905530533215331
51,12,"Prevalence",0.35,0.00423359715100535,1.14093549867762,0.991683176907994
52,12,"Prevalence",0.35,0.00374164049009596,1.00861382722137,0.876446623454663
53,12,"Prevalence",0.35,0.0036079282665834,0.970636290010655,0.845125702291247
54,12,"Prevalence",0.35,0.00372295414801542,1.00749836408422,0.872069510938231
55,12,"Prevalence",0.35,0.00374502476656184,1.01130320301251,0.877239360674932
56,12,"Prevalence",0.35,0.00413874897404507,1.12162681753686,0.969465819399252
57,12,"Prevalence",0.35,0.00407436456228973,1.09218035529134,0.954384332966901
58,12,"Prevalence",0.35,0.00390374938700897,1.04477011206721,0.914419217483265
59,12,"Prevalence",0.35,0.00414477571183076,1.11520881805184,0.97087753011723
60,12,"Prevalence",0.35,0.00424268391100226,1.12871749791925,0.993811671117557
61,12,"Prevalence",0.35,0.0038580602240891,1.0404608250251,0.903716929896947
62,12,"Prevalence",0.35,0.00357369755451998,0.958893492535907,0.83710745679549
63,12,"Prevalence",0.35,0.00385903885139226,1.02246762129652,0.903946164800135
64,12,"Prevalence",0.35,0.00354876422741687,0.962098091732267,0.831267042568395
65,12,"Prevalence",0.35,0.00399261999531328,1.06496849136929,0.93523638171346
66,12,"Prevalence",0.35,0.00396561495550524,1.0602777594391,0.928910686869541
67,12,"Prevalence",0.35,0.00382042123726626,1.01189414259277,0.894900325790159
68,12,"Prevalence",0.35,0.00401510699772597,1.07497758627913,0.940503765736164
69,12,"Prevalence",0.35,0.00365969667763704,0.985146846535749,0.857252000686203
70,12,"Prevalence",0.35,0.00398997505613537,1.06042163689272,0.934616827799107
71,12,"Prevalence",0.35,0.00376561365876589,1.01022498080414,0.882062128950155
72,12,"Prevalence",0.35,0.00355954107757504,0.950051226355046,0.833791425645181
73,12,"Prevalence",0.35,0.00358533514138728,0.959993737457965,0.839833459932886
74,12,"Prevalence",0.35,0.00333918668777002,0.898276269888923,0.782175333340418
75,12,"Prevalence",0.35,0.00384300714500863,1.03544582578121,0.90019087752298
76,12,"Prevalence",0.35,0.00366908023893778,0.981152051258659,0.85945001801036
77,12,"Prevalence",0.35,0.00386188637916886,1.03571660191335,0.904613173325288
78,12,"Prevalence",0.35,0.00425533878474924,1.14627503290393,0.996775964826461
79,12,"Prevalence",0.35,0.0039710313972502,1.06491361042674,0.930179441067349
80,12,"Prevalence",0.35,0.00355750041700468,0.961059546002204,0.833313418719811
81,12,"Prevalence",0.35,0.00399853063437847,1.08259660048402,0.936620897319619
82,12,"Prevalence",0.35,0.003466633255125,0.923433069973288,0.812028579242802
83,12,"Prevalence",0.35,0.0042704121246589,1.14262935919351,1.00030676312282
84,12,"Prevalence",0.35,0.00419474080847521,1.12257431590461,0.982581417853248
85,12,"Prevalence",0.35,0.00399901242232121,1.07480084075651,0.936733751939603
86,12,"Prevalence",0.35,0.00394702837539018,1.06613053872759,0.924556942722684
87,12,"Prevalence",0.35,0.00358060643291756,0.956098403316184,0.838725801251475
88,12,"Prevalence",0.35,0.00341288816675027,0.909235285734376,0.799439261440096
89,12,"Prevalence",0.35,0.00360393566507724,0.961786948700771,0.844190470240442
90,12,"Prevalence",0.35,0.00362832753780721,0.972560342329379,0.849904053507065
91,12,"Prevalence",0.35,0.00376341397415939,1.0043008407771,0.881546872032464
92,12,"Prevalence",0.35,0.00368294219719457,0.980672542040466,0.862697060728877
93,12,"Prevalence",0.35,0.00388500793109442,1.04822275470102,0.910029195032313
94,12,"Prevalence",0.35,0.00350374115770909,0.948433249783772,0.82072078150259
95,12,"Prevalence",0.35,0.00348876265809518,0.94005043061731,0.81721219871764
96,12,"Prevalence",0.35,0.00380172055447032,1.01619182095947,0.890519854086329
97,12,"Prevalence",0.35,0.00367024063398349,0.9741438093734,0.859721830420559
98,12,"Prevalence",0.35,0.00414317724514652,1.10405128519542,0.970503103249714
99,12,"Prevalence",0.35,0.00366728336844255,0.981521567369316,0.859029116782014
100,12,"Prevalence",0.35,0.00368247193812742,0.987371607371663,0.862586906647346
101,12,"Prevalence",0.35,0.00393253200418532,1.05827253352615,0.921161294308975
102,12,"Prevalence",0.35,0.00390303252046335,1.05572593041738,0.914251297752591
103,12,"Prevalence",0.35,0.00359939893041204,0.963234193152664,0.843127779746967
104,12,"Prevalence",0.35,0.00395144424201484,1.05613083128161,0.925591320932731
105,12,"Prevalence",0.35,0.00348677269570168,0.931595205216049,0.816746067397647
106,12,"Prevalence",0.35,0.00357953973936205,0.95980928785172,0.838475937597428
107,12,"Prevalence",0.35,0.00339747426502233,0.912526721425136,0.795828689510624
108,12,"Prevalence",0.35,0.0040685746870808,1.09270414596132,0.953028105239921
109,12,"Prevalence",0.35,0.00416681223012923,1.11508544574309,0.976039392168519
110,12,"Prevalence",0.35,0.00406365758393365,1.09001850331043,0.95187631674984
111,12,"Prevalence",0.35,0.00371573086728956,0.987246436533639,0.87037752048132
112,12,"Prevalence",0.35,0.00345753800917583,0.929690155772516,0.809898097273004
113,12,"Prevalence",0.35,0.0037508400459958,1.01349440674891,0.878601539119885
114,12,"Prevalence",0.35,0.00355745254020363,0.948428657543047,0.833302203997093
115,12,"Prevalence",0.35,0.00384137302582441,1.02338304838503,0.89980809936855
116,12,"Prevalence",0.35,0.00383202109365183,1.02123997235771,0.897617490891564
117,12,"Prevalence",0.35,0.00372676526770014,1.00732080712694,0.872962232456532
118,12,"Prevalence",0.35,0.00392915667464556,1.05473958707542,0.920370652828054
119,12,"Prevalence",0.35,0.00351342245554707,0.942698670470784,0.822988541011616
120,12,"Prevalence",0.35,0.00416205581052013,1.11522363840872,0.9749252423946
121,12,"Prevalence",0.35,0.00379907938905198,1.01365608106342,0.889901184142208
122,12,"Prevalence",0.35,0.00359688336807398,0.969712659176871,0.842538531228013
123,12,"Prevalence",0.35,0.00381525466644438,1.01230035883237,0.89369010167492
124,12,"Prevalence",0.35,0.0034720031453555,0.923092775655194,0.813286429154714
125,12,"Prevalence",0.35,0.00355980489734802,0.947681876514638,0.833853223124073
1,12,"Prevalence",0.4,0.00366547805269197,0.9793352144092,0.858606237326312
2,12,"Prevalence",0.4,0.00374593198504024,1.0141777654252,0.877451868684249
3,12,"Prevalence",0.4,0.00435678522554931,1.17113772371882,1.02053890804244
4,12,"Prevalence",0.4,0.00369255173505883,0.988976366243052,0.864948011090452
5,12,"Prevalence",0.4,0.00390656054276148,1.04258386262294,0.91507770617929
6,12,"Prevalence",0.4,0.00363000050647181,0.970398342426443,0.850295931813153
7,12,"Prevalence",0.4,0.00441185584289051,1.17800403905855,1.0334387194348
8,12,"Prevalence",0.4,0.00365609442061222,0.979103407162092,0.856408203422783
9,12,"Prevalence",0.4,0.00374487683884231,0.992580786584942,0.877204709897929
10,12,"Prevalence",0.4,0.00432416298945043,1.17208483072048,1.01289743400074
11,12,"Prevalence",0.4,0.0038927784981606,1.04776111510482,0.911849382537091
12,12,"Prevalence",0.4,0.00361224236582066,0.968731697577707,0.846136242379138
13,12,"Prevalence",0.4,0.00360765614786175,0.973108995665874,0.845061960856058
14,12,"Prevalence",0.4,0.00337154175588258,0.897164891497683,0.789754225613464
15,12,"Prevalence",0.4,0.0035614308376529,0.950852521981573,0.83423408544742
16,12,"Prevalence",0.4,0.00396273041697595,1.06065387552337,0.928235008898622
17,12,"Prevalence",0.4,0.00364786171978301,0.978987853510589,0.854479765118056
18,12,"Prevalence",0.4,0.00400804446861544,1.07542262050511,0.938849429941909
19,12,"Prevalence",0.4,0.00351126577923392,0.945523168485439,0.822483358411213
20,12,"Prevalence",0.4,0.00406611543975617,1.08841239258392,0.95245204802127
21,12,"Prevalence",0.4,0.00332117649326004,0.899183293356771,0.777956602490189
22,12,"Prevalence",0.4,0.00343162202694542,0.927031378930249,0.803827504660095
23,12,"Prevalence",0.4,0.00350487114769956,0.930320824461509,0.820985471794006
24,12,"Prevalence",0.4,0.00365560401102048,0.974546083064243,0.856293329256785
25,12,"Prevalence",0.4,0.00427882349484979,1.1432730646182,1.00227705316591
26,12,"Prevalence",0.4,0.00396250435942356,1.06909980729541,0.928182056890276
27,12,"Prevalence",0.4,0.00403563774873811,1.0795553048642,0.945312914944705
28,12,"Prevalence",0.4,0.00400487646750608,1.06658297449745,0.938107353336011
29,12,"Prevalence",0.4,0.00429623201574298,1.14459138790404,1.0063548472235
30,12,"Prevalence",0.4,0.00374346314180387,1.00152072616903,0.876873563707044
31,12,"Prevalence",0.4,0.0036527922924312,0.973264713504076,0.855634708721166
32,12,"Prevalence",0.4,0.00424444360707322,1.1290677080989,0.994223864561526
33,12,"Prevalence",0.4,0.00333753717952925,0.890353489360504,0.781788950433828
34,12,"Prevalence",0.4,0.00397930280988891,1.05114953519138,0.93211694727555
35,12,"Prevalence",0.4,0.0041889335427333,1.12553236122715,0.981221116545714
36,12,"Prevalence",0.4,0.00353509979962341,0.944190646311804,0.828066269636651
37,12,"Prevalence",0.4,0.00375907497497478,1.00495999615554,0.880530499349251
38,12,"Prevalence",0.4,0.00365953284120532,0.980369038843776,0.857213623432227
39,12,"Prevalence",0.4,0.00376001351256639,1.01364034953911,0.880750343587458
40,12,"Prevalence",0.4,0.00353129029038267,0.952552646191856,0.827173925350793
41,12,"Prevalence",0.4,0.00377385640141398,1.02072751082771,0.883992919463318
42,12,"Prevalence",0.4,0.00379856355576043,1.00844652237094,0.889780354696451
43,12,"Prevalence",0.4,0.00379448657655029,1.02761954891216,0.888825357905054
44,12,"Prevalence",0.4,0.0036695017391881,0.985272800185462,0.859548750764653
45,12,"Prevalence",0.4,0.0037898347916835,1.01504609243789,0.887735717906143
46,12,"Prevalence",0.4,0.00408431399135102,1.09341150033293,0.956714899874432
47,12,"Prevalence",0.4,0.00409835148203221,1.09804336907804,0.960003059531105
48,12,"Prevalence",0.4,0.00371387260666288,0.989503435813302,0.869942239150564
49,12,"Prevalence",0.4,0.00372614513320646,0.993826071238058,0.872816971364639
50,12,"Prevalence",0.4,0.0042356230015177,1.1313811338994,0.992157714706558
51,12,"Prevalence",0.4,0.0042754880511854,1.13799164578055,1.00149575460312
52,12,"Prevalence",0.4,0.00389275325186959,1.03388839967814,0.911843468813807
53,12,"Prevalence",0.4,0.00343261689790562,0.92689156283593,0.804060544498135
54,12,"Prevalence",0.4,0.00370378438180057,0.996286902756689,0.867579160538215
55,12,"Prevalence",0.4,0.00391128461417943,1.0505284135203,0.916184278671802
56,12,"Prevalence",0.4,0.00342609887242155,0.922343631596733,0.802533753925324
57,12,"Prevalence",0.4,0.00382350864318605,1.02743013951282,0.895623523676434
58,12,"Prevalence",0.4,0.00379830480568126,1.011390664619,0.889719744749074
59,12,"Prevalence",0.4,0.00371695984874085,0.994045959517912,0.870665398658325
60,12,"Prevalence",0.4,0.00338562275108353,0.910178123722915,0.793052575824131
61,12,"Prevalence",0.4,0.00391850827705072,1.04673223832267,0.917876358642939
62,12,"Prevalence",0.4,0.0039847133339699,1.04782991643941,0.933384315312231
63,12,"Prevalence",0.4,0.00336529713197659,0.900229030337153,0.788291476973762
64,12,"Prevalence",0.4,0.00427786121844082,1.13811362617938,1.00205164831696
65,12,"Prevalence",0.4,0.00369830275496496,0.981130870251273,0.866295137301933
66,12,"Prevalence",0.4,0.00341301521301283,0.923338684506997,0.799469020918091
67,12,"Prevalence",0.4,0.00328122692531767,0.873613587546124,0.768598764925561
68,12,"Prevalence",0.4,0.00371344206721139,0.983788502777307,0.869841389042292
69,12,"Prevalence",0.4,0.00437340941354845,1.15171205664644,1.02443297896616
70,12,"Prevalence",0.4,0.00379621470701808,1.02194101208465,0.889230157382021
71,12,"Prevalence",0.4,0.0038922293409304,1.0418822647335,0.911720747249587
72,12,"Prevalence",0.4,0.00394844704241184,1.06558226715488,0.924889253088738
73,12,"Prevalence",0.4,0.00379344386938139,1.01557226128138,0.888581112852686
74,12,"Prevalence",0.4,0.0038714630248771,1.03812586841937,0.906856418986455
75,12,"Prevalence",0.4,0.00404365947746637,1.08028562998151,0.947191934876404
76,12,"Prevalence",0.4,0.00423663903516489,1.13888484988779,0.992395711719299
77,12,"Prevalence",0.4,0.00388792935647004,1.03898261865832,0.910713513424973
78,12,"Prevalence",0.4,0.00348172169036456,0.927804212606678,0.815562913488421
79,12,"Prevalence",0.4,0.00352112214657635,0.954225251165296,0.824792126423448
80,12,"Prevalence",0.4,0.00370138170180283,0.995797928659623,0.867016353722102
81,12,"Prevalence",0.4,0.00352684309887063,0.938012180226415,0.826132209559313
82,12,"Prevalence",0.4,0.00454310944665499,1.22611251399113,1.0641837303839
83,12,"Prevalence",0.4,0.0041604136156397,1.11178481574099,0.974540572578828
84,12,"Prevalence",0.4,0.00382027118204232,1.017930475682,0.894865176663804
85,12,"Prevalence",0.4,0.00357075047482712,0.955078123967871,0.83641712910294
86,12,"Prevalence",0.4,0.00343094161612612,0.918018534299252,0.803668124365076
87,12,"Prevalence",0.4,0.00377227509520516,1.01332138119879,0.883622512287356
88,12,"Prevalence",0.4,0.0032742802532318,0.875810454462916,0.766971567628008
89,12,"Prevalence",0.4,0.00357313790032883,0.95716749081205,0.83697636268652
90,12,"Prevalence",0.4,0.00412975375759986,1.10080231356849,0.967358768467569
91,12,"Prevalence",0.4,0.00383556990994815,1.03849085385795,0.898448770130822
92,12,"Prevalence",0.4,0.00394003609520595,1.07266965348007,0.922919062126205
93,12,"Prevalence",0.4,0.00367824410963979,0.98832874730987,0.861596574729481
94,12,"Prevalence",0.4,0.00365532917553761,0.975188019436226,0.856228951444001
95,12,"Prevalence",0.4,0.003852119243396,1.02931968532609,0.902325307029329
96,12,"Prevalence",0.4,0.00372815159640126,1.00050769169192,0.87328696785329
97,12,"Prevalence",0.4,0.00438233391460399,1.18187607692404,1.02652346543509
98,12,"Prevalence",0.4,0.00409664897808554,1.08885377647257,0.959604262843009
99,12,"Prevalence",0.4,0.00335441720305204,0.901813232508221,0.785742948595743
100,12,"Prevalence",0.4,0.00358009193772249,0.964651279055238,0.838605285243131
101,12,"Prevalence",0.4,0.00398937593354869,1.08450394683511,0.934476488563014
102,12,"Prevalence",0.4,0.00400078094772348,1.0790551490408,0.937148013577354
103,12,"Prevalence",0.4,0.00348670818536431,0.923948947061249,0.816730956414239
104,12,"Prevalence",0.4,0.00365036263551134,0.958139490493529,0.855065582796541
105,12,"Prevalence",0.4,0.00400264312533275,1.07865796526736,0.937584212427088
106,12,"Prevalence",0.4,0.00371392085515733,0.995257936555699,0.869953540939207
107,12,"Prevalence",0.4,0.00415452611786416,1.1159661974992,0.97316147761778
108,12,"Prevalence",0.4,0.00362132150113606,0.969593349237621,0.848262950573617
109,12,"Prevalence",0.4,0.00385115538941694,1.02590579820899,0.902099532648353
110,12,"Prevalence",0.4,0.00445186321618056,1.19220070508959,1.04281009739753
111,12,"Prevalence",0.4,0.00393159306830155,1.04042975253053,0.92094135677431
112,12,"Prevalence",0.4,0.00399105550698428,1.07506244808465,0.934869913979058
113,12,"Prevalence",0.4,0.00385061179567767,1.02379924736438,0.901972200560039
114,12,"Prevalence",0.4,0.00419093224726726,1.11561288615022,0.981689295635794
115,12,"Prevalence",0.4,0.00424488576946412,1.12847534802674,0.994327437241887
116,12,"Prevalence",0.4,0.0034205747119861,0.915419454465476,0.801239767564558
117,12,"Prevalence",0.4,0.00383080291543266,1.02124818396277,0.897332143277391
118,12,"Prevalence",0.4,0.00407305749609872,1.09365813975112,0.954078164121244
119,12,"Prevalence",0.4,0.00400430911441329,1.07466309014443,0.937974455826534
120,12,"Prevalence",0.4,0.00355468551094581,0.958466426840157,0.832654051547261
121,12,"Prevalence",0.4,0.00429509940542446,1.14407036883967,1.00608954314312
122,12,"Prevalence",0.4,0.00392281017360377,1.05143717167727,0.918884040358592
123,12,"Prevalence",0.4,0.00419939742947256,1.12613163635045,0.983672190673531
124,12,"Prevalence",0.4,0.00347447820745736,0.937579290623831,0.813866190846876
125,12,"Prevalence",0.4,0.00416682392872804,1.12297750302772,0.976042132463175
1,12,"Prevalence",0.45,0.00402450571546023,1.07514438151879,0.942705333322576
2,12,"Prevalence",0.45,0.00435652143458714,1.17374589349024,1.02047711731222
3,12,"Prevalence",0.45,0.0037350582078032,0.99746262556289,0.87490478128534
4,12,"Prevalence",0.45,0.00388896301273745,1.04529579838372,0.910955638382682
5,12,"Prevalence",0.45,0.00393418897528668,1.06865547400582,0.921549425325518
6,12,"Prevalence",0.45,0.00404495337702764,1.08516128444718,0.947495019553983
7,12,"Prevalence",0.45,0.004010892460784,1.06638824050108,0.93951654724684
8,12,"Prevalence",0.45,0.00411247052248823,1.09589781994247,0.963310321510668
9,12,"Prevalence",0.45,0.00430637802150646,1.15263457277455,1.00873146050756
10,12,"Prevalence",0.45,0.00386031645418496,1.02865243072017,0.904245432101933
11,12,"Prevalence",0.45,0.00353213239126598,0.95745123019103,0.827371180131895
12,12,"Prevalence",0.45,0.00390849273488803,1.05018268230003,0.915530305318529
13,12,"Prevalence",0.45,0.00373561684774565,1.00807885172722,0.875035637815403
14,12,"Prevalence",0.45,0.00360321532653692,0.981152178554131,0.84402173722533
15,12,"Prevalence",0.45,0.00353833595177861,0.934278950729161,0.828824310030146
16,12,"Prevalence",0.45,0.00400762167534212,1.0834786795896,0.93875039430827
17,12,"Prevalence",0.45,0.00338800641281018,0.914425850212758,0.793610927776256
18,12,"Prevalence",0.45,0.00407520705024304,1.08679823794377,0.954581678415761
19,12,"Prevalence",0.45,0.00362906389312205,0.976870947334742,0.850076538311808
20,12,"Prevalence",0.45,0.00382841920186332,1.02328046320139,0.896773779181565
21,12,"Prevalence",0.45,0.00376038294751176,1.0120419357517,0.880836880498554
22,12,"Prevalence",0.45,0.00402417196059302,1.07926298381154,0.942627154158327
23,12,"Prevalence",0.45,0.00392457093350703,1.05162696986726,0.919296482995981
24,12,"Prevalence",0.45,0.00383823037123636,1.01544364150947,0.899071959964016
25,12,"Prevalence",0.45,0.00364828063722024,0.980574616996993,0.854577892870925
26,12,"Prevalence",0.45,0.0040462951839474,1.09234186287352,0.947809326112091
27,12,"Prevalence",0.45,0.00395034879072185,1.05624144659317,0.925334721029709
28,12,"Prevalence",0.45,0.00361315128804636,0.979709767835498,0.846349149476391
29,12,"Prevalence",0.45,0.00329710422811388,0.886594456332878,0.772317884510178
30,12,"Prevalence",0.45,0.00411026546771326,1.0943604733066,0.962793806677896
31,12,"Prevalence",0.45,0.00356049998239143,0.941349732050609,0.834016040728002
32,12,"Prevalence",0.45,0.00402002122584038,1.08795988876643,0.941654880774916
33,12,"Prevalence",0.45,0.00374132525299601,1.00249395159472,0.87637278191576
34,12,"Prevalence",0.45,0.00381151314500532,1.01122989948269,0.892813682938135
35,12,"Prevalence",0.45,0.00362325247525261,0.971637717793865,0.848715264404643
36,12,"Prevalence",0.45,0.00386308897176059,1.02169852982566,0.9048948701423
37,12,"Prevalence",0.45,0.00420391758477724,1.12688145331198,0.984730997596526
38,12,"Prevalence",0.45,0.0037276835322204,1.00121191976409,0.873177327904731
39,12,"Prevalence",0.45,0.00343087569188541,0.921815303463076,0.803652682187151
40,12,"Prevalence",0.45,0.00386214812625933,1.03612363758569,0.90467448529641
41,12,"Prevalence",0.45,0.00346933412879985,0.937780469168128,0.8126612353248
42,12,"Prevalence",0.45,0.00417652113780891,1.12453325922508,0.97831361904195
43,12,"Prevalence",0.45,0.00419178184406107,1.1174085007616,0.981888306268488
44,12,"Prevalence",0.45,0.00407610395934209,1.10447347126237,0.954791771542961
45,12,"Prevalence",0.45,0.00392789752745339,1.05074625033882,0.920075708589569
46,12,"Prevalence",0.45,0.00368349397472669,0.986407533583382,0.862826309799216
47,12,"Prevalence",0.45,0.00382281523306791,1.03046578457806,0.895461098409145
48,12,"Prevalence",0.45,0.00389568365384978,1.05251054705069,0.91252988989774
49,12,"Prevalence",0.45,0.00409500446028441,1.10187127569591,0.959219048903338
50,12,"Prevalence",0.45,0.00375640407426909,1.02329639492893,0.879904864173648
51,12,"Prevalence",0.45,0.00365709588482366,0.989698494504141,0.856642787672377
52,12,"Prevalence",0.45,0.00372502408829405,1.00947344909053,0.872554376379674
53,12,"Prevalence",0.45,0.00424017039129645,1.14848072579108,0.993222901067369
54,12,"Prevalence",0.45,0.00428778584435061,1.15257981451201,1.00437640530276
55,12,"Prevalence",0.45,0.00396457078226729,1.05877659866033,0.928666098403296
56,12,"Prevalence",0.45,0.00370943953003886,0.988176865258781,0.868903829648387
57,12,"Prevalence",0.45,0.0036446158071768,0.968809849777359,0.853719438424107
58,12,"Prevalence",0.45,0.00373079259199917,1.00153308983158,0.87390559801845
59,12,"Prevalence",0.45,0.00395713158665732,1.05443430121605,0.926923531769525
60,12,"Prevalence",0.45,0.00395511051053274,1.06448509637486,0.92645011232963
61,12,"Prevalence",0.45,0.00402592713963628,1.0818435377733,0.943038289527976
62,12,"Prevalence",0.45,0.00409211214644787,1.10316467606656,0.958541549634585
63,12,"Prevalence",0.45,0.00368303020802756,0.988145666884147,0.862717676498242
64,12,"Prevalence",0.45,0.00407064584357376,1.08820858555175,0.953513255568954
65,12,"Prevalence",0.45,0.00395174862428145,1.06378055643535,0.925662619821685
66,12,"Prevalence",0.45,0.00369094602021469,0.989795922789478,0.864571886404744
67,12,"Prevalence",0.45,0.00396703602080259,1.05123315991582,0.929243559010736
68,12,"Prevalence",0.45,0.00377458037225993,1.01173367504054,0.884162503314332
69,12,"Prevalence",0.45,0.00393753930568746,1.05239254168952,0.922334210976349
70,12,"Prevalence",0.45,0.00404791974513407,1.08554556674126,0.948189865389035
71,12,"Prevalence",0.45,0.00379490994862845,1.01625896522414,0.888924529118682
72,12,"Prevalence",0.45,0.00390934953877099,1.0524870069195,0.915731004148939
73,12,"Prevalence",0.45,0.00372515028058842,0.999458957317943,0.872583935823088
74,12,"Prevalence",0.45,0.00372606435501015,1.00622632049742,0.872798049777279
75,12,"Prevalence",0.45,0.00399945584852453,1.08134512324774,0.936837620656993
76,12,"Prevalence",0.45,0.00436925469619646,1.18091520966909,1.02345977269361
77,12,"Prevalence",0.45,0.00350874118711181,0.944046693214597,0.821891994744155
78,12,"Prevalence",0.45,0.00414109806861186,1.10718021869147,0.970016074295918
79,12,"Prevalence",0.45,0.00411047592607706,1.09937582585825,0.962843104712482
80,12,"Prevalence",0.45,0.00412337375077956,1.11636274519247,0.965864307561972
81,12,"Prevalence",0.45,0.00365495221519591,0.985827212410143,0.8561406517745
82,12,"Prevalence",0.45,0.00393683843101434,1.05965096799289,0.922170037202211
83,12,"Prevalence",0.45,0.00366119882935688,0.982543475011257,0.857603866614068
84,12,"Prevalence",0.45,0.00354711699364042,0.959671752869214,0.83088119243522
85,12,"Prevalence",0.45,0.00375032957770337,0.997244183648654,0.878481966378338
86,12,"Prevalence",0.45,0.00405434929426952,1.06831256401172,0.949695931149499
87,12,"Prevalence",0.45,0.00363783920800186,0.982374052348136,0.85213207922135
88,12,"Prevalence",0.45,0.00378736683917572,1.01136813363524,0.887157621574329
89,12,"Prevalence",0.45,0.00409156966544255,1.08946025525274,0.958414478194491
90,12,"Prevalence",0.45,0.0035407951383858,0.959766763662539,0.829400353026268
91,12,"Prevalence",0.45,0.00344771580437628,0.921279314141889,0.807597331538237
92,12,"Prevalence",0.45,0.00356156221203487,0.943159212721553,0.834264858749603
93,12,"Prevalence",0.45,0.00421363470502737,1.12906396528972,0.987007148192892
94,12,"Prevalence",0.45,0.00395930993278922,1.06266509311843,0.92743379033581
95,12,"Prevalence",0.45,0.00366923654524716,0.980366328581335,0.859486631398912
96,12,"Prevalence",0.45,0.00368287000306713,0.97899861965656,0.862680149884707
97,12,"Prevalence",0.45,0.00429878177087741,1.15144685412475,1.00695210510653
98,12,"Prevalence",0.45,0.00393104076135637,1.03886826956483,0.920811983693583
99,12,"Prevalence",0.45,0.00372010728504414,0.981002771697944,0.871402658137916
100,12,"Prevalence",0.45,0.00377910450453805,1.00973388719994,0.885222241808637
101,12,"Prevalence",0.45,0.00381211856347983,1.02061535941331,0.892955496930989
102,12,"Prevalence",0.45,0.00478577840113898,1.28463644868157,1.12102681467747
103,12,"Prevalence",0.45,0.00355440420011222,0.952675945482873,0.832588156940103
104,12,"Prevalence",0.45,0.00366614601965631,0.981007299654303,0.858762702756918
105,12,"Prevalence",0.45,0.00386695134741126,1.03919042959899,0.905799597923197
106,12,"Prevalence",0.45,0.00345787937376088,0.927695182413175,0.809978058947222
107,12,"Prevalence",0.45,0.00381668409489426,1.01628571315878,0.894024932811599
108,12,"Prevalence",0.45,0.00413826129048266,1.10794376773245,0.969351583781819
109,12,"Prevalence",0.45,0.00364388222839658,0.974159386070729,0.853547603998363
110,12,"Prevalence",0.45,0.00388928301058149,1.04790023872193,0.911030595084335
111,12,"Prevalence",0.45,0.00384983750131546,1.02531964272468,0.901790828864629
112,12,"Prevalence",0.45,0.00372674198304705,0.992209446968105,0.872956778229806
113,12,"Prevalence",0.45,0.00373163836756377,0.993678714878504,0.874103713561552
114,12,"Prevalence",0.45,0.00395889884348378,1.05766935988863,0.927337496254469
115,12,"Prevalence",0.45,0.00400786254559751,1.08421998563764,0.938806816062999
116,12,"Prevalence",0.45,0.00378433388058757,1.00818730417994,0.886447177500214
117,12,"Prevalence",0.45,0.00391967411405954,1.04495412081843,0.918149445785494
118,12,"Prevalence",0.45,0.00372880881663966,1.00059303674801,0.873440915957172
119,12,"Prevalence",0.45,0.00337153726453145,0.893288016422752,0.789753173553663
120,12,"Prevalence",0.45,0.00358736749613702,0.956605200014333,0.840309521292279
121,12,"Prevalence",0.45,0.00331090508454558,0.890069397761393,0.775550614659529
122,12,"Prevalence",0.45,0.00383895339008686,1.03283957622398,0.8992413208184
123,12,"Prevalence",0.45,0.00397300247564275,1.05561451007978,0.930641148974963
124,12,"Prevalence",0.45,0.00385907551552508,1.0309126954673,0.903954753053197
125,12,"Prevalence",0.45,0.00377764942387052,1.00537797666048,0.884881401863889
1,12,"Prevalence",0.5,0.00363800370576463,0.972160594299141,0.852170611386346
2,12,"Prevalence",0.5,0.00425345207389763,1.1428755213327,0.996334019278858
3,12,"Prevalence",0.5,0.00407954569643026,1.09635214673821,0.955597968412415
4,12,"Prevalence",0.5,0.00352019106834551,0.95366887695077,0.82457402947539
5,12,"Prevalence",0.5,0.00380843577174546,1.02024908136667,0.892092835114866
6,12,"Prevalence",0.5,0.0040386301557403,1.08324254676742,0.946013860163788
7,12,"Prevalence",0.5,0.00364419797077562,0.987350503050107,0.853621563894489
8,12,"Prevalence",0.5,0.00388808430916729,1.03215825362135,0.910749809741705
9,12,"Prevalence",0.5,0.00358104743590363,0.950710410708674,0.838829102351378
10,12,"Prevalence",0.5,0.00415143537399317,1.12386277661531,0.97243749784557
11,12,"Prevalence",0.5,0.00370420202118427,0.985047677287127,0.867676988918206
12,12,"Prevalence",0.5,0.00343977723480712,0.919297789154905,0.805737790913637
13,12,"Prevalence",0.5,0.00370932712526753,0.992723797841043,0.8688774998119
14,12,"Prevalence",0.5,0.00367859475764613,0.987244266787156,0.861678710964106
15,12,"Prevalence",0.5,0.0044173670048085,1.19010784650695,1.03472966100631
16,12,"Prevalence",0.5,0.0039005568398334,1.03715718159792,0.91367139117562
17,12,"Prevalence",0.5,0.00427716945571056,1.14423291443067,1.00188960893591
18,12,"Prevalence",0.5,0.00378637790720045,1.01077502699348,0.886925972891656
19,12,"Prevalence",0.5,0.00385508594662032,1.03853316280605,0.903020231362812
20,12,"Prevalence",0.5,0.0041828328070649,1.10997687453862,0.979792072469638
21,12,"Prevalence",0.5,0.00397031433187628,1.08188282840855,0.930011474762881
22,12,"Prevalence",0.5,0.00391631849087259,1.06148170904271,0.917363420345695
23,12,"Prevalence",0.5,0.00422966185901904,1.13641342600039,0.990761369111968
24,12,"Prevalence",0.5,0.0040311841090703,1.07362787094258,0.944269688729013
25,12,"Prevalence",0.5,0.00386941786987235,1.04396111326406,0.906377359279052
26,12,"Prevalence",0.5,0.00380184416738141,1.01366380753347,0.890548809331709
27,12,"Prevalence",0.5,0.00371384380649116,0.991904171230089,0.869935492961743
28,12,"Prevalence",0.5,0.00362967858727859,0.983098343591403,0.850220525052223
29,12,"Prevalence",0.5,0.00400602587652841,1.06552502167046,0.938376592366126
30,12,"Prevalence",0.5,0.00343372973945224,0.928877394197431,0.804321217916265
31,12,"Prevalence",0.5,0.00391562081993443,1.05260438570831,0.91719999701851
32,12,"Prevalence",0.5,0.00355167067295548,0.950236097390652,0.831947852065007
33,12,"Prevalence",0.5,0.00361350680245043,0.973914633001905,0.846432425622201
34,12,"Prevalence",0.5,0.00376199619045339,1.00389633322893,0.881214768575387
35,12,"Prevalence",0.5,0.00390414950417163,1.05435032675157,0.914512941435934
36,12,"Prevalence",0.5,0.00409165065793991,1.09329409216842,0.958433449979998
37,12,"Prevalence",0.5,0.00349295205737283,0.936108847476537,0.818193528928517
38,12,"Prevalence",0.5,0.00377450100479398,1.01599479125064,0.884143912178236
39,12,"Prevalence",0.5,0.00421525771504509,1.13469363789596,0.987387324122033
40,12,"Prevalence",0.5,0.00421106022253866,1.12375055133157,0.986404098142955
41,12,"Prevalence",0.5,0.00385251776209255,1.01970082649647,0.90241865655526
42,12,"Prevalence",0.5,0.00380797459780297,1.01001639426223,0.891984809144497
43,12,"Prevalence",0.5,0.0043636700189207,1.17970107611423,1.02215161079128
44,12,"Prevalence",0.5,0.00425466468248293,1.1385064890849,0.996618062254918
45,12,"Prevalence",0.5,0.0038635340211588,1.02687245731083,0.904999119078916
46,12,"Prevalence",0.5,0.00402086065444472,1.08101906760729,0.941851509597977
47,12,"Prevalence",0.5,0.00439662814092528,1.17661051533273,1.02987176317437
48,12,"Prevalence",0.5,0.00407827303649591,1.10682946621624,0.955299858932033
49,12,"Prevalence",0.5,0.00393214459444722,1.05612851405911,0.921070546959579
50,12,"Prevalence",0.5,0.00362173505479056,0.966269554358779,0.848359821907199
51,12,"Prevalence",0.5,0.00397244325271833,1.05257867188315,0.930510155886452
52,12,"Prevalence",0.5,0.00398781641812429,1.06610082269142,0.934111185688097
53,12,"Prevalence",0.5,0.00399084827431823,1.08047917560043,0.934821371535991
54,12,"Prevalence",0.5,0.00420755635355587,1.13272489454696,0.985583347419548
55,12,"Prevalence",0.5,0.00408038049568246,1.09075483856607,0.955793512850151
56,12,"Prevalence",0.5,0.00360562552232462,0.963204106020032,0.844586304549621
57,12,"Prevalence",0.5,0.00362733433306432,0.984539216693054,0.849671403965874
58,12,"Prevalence",0.5,0.00380101366926705,1.02262738448368,0.890354272397967
59,12,"Prevalence",0.5,0.00426111265032011,1.16080439646523,0.99812844243549
60,12,"Prevalence",0.5,0.0041851859122965,1.11231664494854,0.980343266829536
61,12,"Prevalence",0.5,0.00347292557318938,0.925090060290884,0.813502499822782
62,12,"Prevalence",0.5,0.00392941592709043,1.06021303670288,0.92043138045021
63,12,"Prevalence",0.5,0.00339265862455466,0.910434744526428,0.79470066776753
64,12,"Prevalence",0.5,0.00409646778301352,1.09943598441704,0.959561819479066
65,12,"Prevalence",0.5,0.00371769557833903,1.00849939638672,0.870837736894391
66,12,"Prevalence",0.5,0.00349038249539224,0.936284258549042,0.817591631464663
67,12,"Prevalence",0.5,0.00350106818700217,0.939608914862379,0.82009466144726
68,12,"Prevalence",0.5,0.0042995952107925,1.15252257511779,1.00714264630601
69,12,"Prevalence",0.5,0.00399812553067186,1.07324039732393,0.936526005312549
70,12,"Prevalence",0.5,0.00369274956655852,0.982020906741499,0.86499435139235
71,12,"Prevalence",0.5,0.00424126348002713,1.13525115312477,0.993478947560799
72,12,"Prevalence",0.5,0.00383630812081285,1.02408973157612,0.898621689581921
73,12,"Prevalence",0.5,0.00362081951620032,0.963013608977956,0.848145364984313
74,12,"Prevalence",0.5,0.00383821621805311,1.02458158150751,0.899068644704386
75,12,"Prevalence",0.5,0.00351006898893961,0.942218725018702,0.822203020731744
76,12,"Prevalence",0.5,0.00414229203641051,1.10941066663887,0.970295750830421
77,12,"Prevalence",0.5,0.0040986704566167,1.10136691702968,0.960077776543141
78,12,"Prevalence",0.5,0.00376020917783868,1.01162407138251,0.880796176469498
79,12,"Prevalence",0.5,0.00360239933120507,0.974472387668976,0.843830597441787
80,12,"Prevalence",0.5,0.00377318445248071,1.0064071740882,0.883835521291251
81,12,"Prevalence",0.5,0.0035291807264109,0.949176755848044,0.826679778405115
82,12,"Prevalence",0.5,0.0038586893499219,1.02539761780505,0.903864297131543
83,12,"Prevalence",0.5,0.00373327245109843,0.997081169460448,0.874486483365392
84,12,"Prevalence",0.5,0.00407418165711175,1.07956059939824,0.954341489025579
85,12,"Prevalence",0.5,0.00432285766896418,1.16662880452486,1.01259167407118
86,12,"Prevalence",0.5,0.00348914088422285,0.937923589039164,0.817300794886455
87,12,"Prevalence",0.5,0.00399786509007646,1.06977318779282,0.936464999376502
88,12,"Prevalence",0.5,0.00374632280410638,1.00558404214006,0.877543414638977
89,12,"Prevalence",0.5,0.00384696765486568,1.0282164249129,0.901118592385102
90,12,"Prevalence",0.5,0.00407934653256101,1.08111313377751,0.955551316014569
91,12,"Prevalence",0.5,0.00403803277862903,1.07275778630444,0.945873929790061
92,12,"Prevalence",0.5,0.00347377066350282,0.925433506724212,0.813700454851789
93,12,"Prevalence",0.5,0.00377093265154888,1.02457075066829,0.883308056579283
94,12,"Prevalence",0.5,0.0039997542307344,1.06803219636529,0.936907514085022
95,12,"Prevalence",0.5,0.00366833048347358,0.976233447048937,0.859274394337601
96,12,"Prevalence",0.5,0.00387214250733674,1.0415243653012,0.907015581821311
97,12,"Prevalence",0.5,0.00388786989121649,1.0395994720307,0.910699584208415
98,12,"Prevalence",0.5,0.00420621008857824,1.12050446023272,0.985267996600289
99,12,"Prevalence",0.5,0.00333096719759739,0.898877588270975,0.78024998951666
100,12,"Prevalence",0.5,0.0041029538544681,1.08616724794484,0.961081125099399
101,12,"Prevalence",0.5,0.00349331483483483,0.929614077381524,0.818278506382266
102,12,"Prevalence",0.5,0.00359560877968859,0.961254975547697,0.842239970024807
103,12,"Prevalence",0.5,0.00360990207008848,0.966457588566714,0.845588048532673
104,12,"Prevalence",0.5,0.00341415318265403,0.917810478188937,0.799735580373038
105,12,"Prevalence",0.5,0.00392427393471143,1.05130232257518,0.919226913620664
106,12,"Prevalence",0.5,0.00392172226505022,1.05385663186689,0.918629207276433
107,12,"Prevalence",0.5,0.00408843606371614,1.09788613345352,0.957680459343763
108,12,"Prevalence",0.5,0.00379726032112462,1.0136024611295,0.889475083359156
109,12,"Prevalence",0.5,0.00396877330093467,1.06313079551632,0.929650501716707
110,12,"Prevalence",0.5,0.00383531122600355,1.02991675864905,0.898388175674887
111,12,"Prevalence",0.5,0.00378654215673642,1.02031551321843,0.886964446911703
112,12,"Prevalence",0.5,0.00392211637257345,1.05650971376618,0.918721523523535
113,12,"Prevalence",0.5,0.00364483672175066,0.973161284945411,0.853771185734637
114,12,"Prevalence",0.5,0.00362274983846659,0.970943677883836,0.848597526125113
115,12,"Prevalence",0.5,0.00364890259848868,0.982377367289668,0.854723581868858
116,12,"Prevalence",0.5,0.00387330886437935,1.03699132498611,0.907288790777242
117,12,"Prevalence",0.5,0.00408862901178373,1.09887636073715,0.95772565574432
118,12,"Prevalence",0.5,0.0042317655198173,1.13504647644352,0.991254133290786
119,12,"Prevalence",0.5,0.00364114134237059,0.966589417226426,0.852905575372384
120,12,"Prevalence",0.5,0.00425966155940325,1.13498601717755,0.99778853705501
121,12,"Prevalence",0.5,0.00387590358658267,1.03965500327275,0.907896581803638
122,12,"Prevalence",0.5,0.00416636544612528,1.11273310214771,0.975934736915633
123,12,"Prevalence",0.5,0.00373503291564179,0.995409762053601,0.874898856817307
124,12,"Prevalence",0.5,0.00413055886425502,1.11544180322046,0.967547357673651
125,12,"Prevalence",0.5,0.00381380281307637,1.01459264873805,0.893350017696911
1,12,"Prevalence",0.55,0.00352196393646613,0.949529084857106,0.824989308357005
2,12,"Prevalence",0.55,0.00375129616486835,1.00655050455838,0.878708380984248
3,12,"Prevalence",0.55,0.00384762656076924,1.02499380665819,0.901272935341319
4,12,"Prevalence",0.55,0.00371734516787491,0.994224341605286,0.870755656301956
5,12,"Prevalence",0.55,0.00377325491563564,1.00778414389249,0.883852026670204
6,12,"Prevalence",0.55,0.00329591772598432,0.886312872705284,0.772039956743486
7,12,"Prevalence",0.55,0.00364908395618195,0.981207385424592,0.854766063325403
8,12,"Prevalence",0.55,0.00384223964535979,1.02800744062914,0.900011097429857
9,12,"Prevalence",0.55,0.00390683972833013,1.04455986447977,0.915143102961686
10,12,"Prevalence",0.55,0.0039017005106225,1.03974090048649,0.913939286074691
11,12,"Prevalence",0.55,0.00418805650481263,1.1257499017835,0.98101567806859
12,12,"Prevalence",0.55,0.00385505878776991,1.03377272548664,0.903013869639179
13,12,"Prevalence",0.55,0.00381451343657593,1.01723164862703,0.893516475048545
14,12,"Prevalence",0.55,0.00378076044962075,1.01780891611154,0.885610132489261
15,12,"Prevalence",0.55,0.00420767155705002,1.13414236589936,0.985610332832417
16,12,"Prevalence",0.55,0.00398839042620139,1.06315000157745,0.934245642069556
17,12,"Prevalence",0.55,0.00399905628131629,1.07527942130391,0.936744025526336
18,12,"Prevalence",0.55,0.00373803242581083,0.989609505859312,0.875601465891228
19,12,"Prevalence",0.55,0.00409976218056529,1.10067981047625,0.960333503348276
20,12,"Prevalence",0.55,0.00387989158231064,1.04106064579916,0.908830734991095
21,12,"Prevalence",0.55,0.00411682946007715,1.09715778311235,0.964331364591043
22,12,"Prevalence",0.55,0.00405154369221938,1.09270368418256,0.949038743359784
23,12,"Prevalence",0.55,0.00368348201957416,0.978931834742609,0.862823509409094
24,12,"Prevalence",0.55,0.00370050425738493,0.996343268186798,0.866810820026556
25,12,"Prevalence",0.55,0.00379551653933436,1.01017152336382,0.88906661769651
26,12,"Prevalence",0.55,0.00360760474989694,0.969062398846727,0.84504992133147
27,12,"Prevalence",0.55,0.00429536733149761,1.14273678340181,1.00615230248699
28,12,"Prevalence",0.55,0.00407928376597467,1.08589244333088,0.955536613489621
29,12,"Prevalence",0.55,0.00348515759979189,0.925178344015611,0.816367745279196
30,12,"Prevalence",0.55,0.00380732722948104,1.01556346456363,0.891833168766062
31,12,"Prevalence",0.55,0.0039649007398679,1.06086959045723,0.928743388090998
32,12,"Prevalence",0.55,0.00403553577400737,1.08849578209806,0.94528902825418
33,12,"Prevalence",0.55,0.00403485066524515,1.07755425984089,0.945128547507046
34,12,"Prevalence",0.55,0.00381633578947743,1.02348893440231,0.893943345308118
35,12,"Prevalence",0.55,0.00429480646065189,1.14455418816535,1.0060209233873
36,12,"Prevalence",0.55,0.00419498363999143,1.13412754852895,0.982638299016206
37,12,"Prevalence",0.55,0.00386666690913832,1.03523226384062,0.905732970740659
38,12,"Prevalence",0.55,0.00410967917520064,1.11246197647332,0.962656472774647
39,12,"Prevalence",0.55,0.00394527275177816,1.05348889590574,0.924145703216659
40,12,"Prevalence",0.55,0.00385784218342671,1.02626461975673,0.903665855775097
41,12,"Prevalence",0.55,0.00351879961450682,0.940375964146894,0.82424809355989
42,12,"Prevalence",0.55,0.00349304126320676,0.94014996767068,0.818214424616427
43,12,"Prevalence",0.55,0.00392641792706355,1.05231821898135,0.919729125113904
44,12,"Prevalence",0.55,0.0042271818126036,1.11799152089548,0.990180439887852
45,12,"Prevalence",0.55,0.00394455371245032,1.05585765769415,0.92397727453072
46,12,"Prevalence",0.55,0.00380859267026836,1.01867750208113,0.892129587224264
47,12,"Prevalence",0.55,0.00356499721591942,0.951531529156174,0.835069478424887
48,12,"Prevalence",0.55,0.00370115448982784,0.986682193266604,0.866963131300334
49,12,"Prevalence",0.55,0.00387353365779779,1.04276042661047,0.907341446673258
50,12,"Prevalence",0.55,0.00342381282328262,0.919568435209822,0.801998266869809
51,12,"Prevalence",0.55,0.00333491774465357,0.889076590636832,0.781175370679644
52,12,"Prevalence",0.55,0.00357698939469452,0.964113052282302,0.837878541621411
53,12,"Prevalence",0.55,0.00387190428882759,1.02981215440146,0.906959781214998
54,12,"Prevalence",0.55,0.00362576198450078,0.966112103900696,0.849303095040145
55,12,"Prevalence",0.55,0.00377952985433433,1.00555065536521,0.88532187628547
56,12,"Prevalence",0.55,0.00348961570632029,0.929294023659881,0.81741201781798
57,12,"Prevalence",0.55,0.00362480816451129,0.976326787741524,0.849079671033643
58,12,"Prevalence",0.55,0.00451594393026535,1.20989993127082,1.05782044530157
59,12,"Prevalence",0.55,0.0035983087857753,0.96578047967521,0.842872422881859
60,12,"Prevalence",0.55,0.00389641144209991,1.04617780280438,0.912700367942362
61,12,"Prevalence",0.55,0.00369731159628438,0.997666001755703,0.866062967032976
62,12,"Prevalence",0.55,0.00372553155847411,1.00843938569275,0.872673246839573
63,12,"Prevalence",0.55,0.00384217130820474,1.03616814714013,0.899995090047808
64,12,"Prevalence",0.55,0.0041661901312816,1.11610361943933,0.975893670943863
65,12,"Prevalence",0.55,0.00411123261479304,1.08898557044635,0.963020352438959
66,12,"Prevalence",0.55,0.00344856556974878,0.920887381319806,0.80779638165901
67,12,"Prevalence",0.55,0.00391981276285252,1.0487690446792,0.918181923054957
68,12,"Prevalence",0.55,0.00409570800390882,1.10446948349122,0.959383847856024
69,12,"Prevalence",0.55,0.00430005842078733,1.14343870766337,1.00725114920386
70,12,"Prevalence",0.55,0.00366197046804373,0.98907496728036,0.857784616240697
71,12,"Prevalence",0.55,0.00431559047747894,1.14774400045627,1.01088939790219
72,12,"Prevalence",0.55,0.00381640013826371,1.02599955117555,0.893958418449603
73,12,"Prevalence",0.55,0.00370205753682602,0.993099630683363,0.867174662176819
74,12,"Prevalence",0.55,0.0044687304559179,1.20262388972805,1.04676110106929
75,12,"Prevalence",0.55,0.00408429809594251,1.08975610961192,0.956711176513743
76,12,"Prevalence",0.55,0.00403160671990622,1.07447053492046,0.944368681628301
77,12,"Prevalence",0.55,0.00409673149239198,1.09793488294783,0.95962359109902
78,12,"Prevalence",0.55,0.00377120630272897,1.01777189731664,0.883372156979469
79,12,"Prevalence",0.55,0.00350200817768909,0.944806901223833,0.820314846060356
80,12,"Prevalence",0.55,0.00447636666322953,1.19662273596893,1.04854981597442
81,12,"Prevalence",0.55,0.00385304691547685,1.03133035641834,0.902542606116476
82,12,"Prevalence",0.55,0.00411232831037905,1.10658730744372,0.96327700956549
83,12,"Prevalence",0.55,0.00394947879249289,1.06424608315739,0.925130931538921
84,12,"Prevalence",0.55,0.00361826466292672,0.978645478535346,0.847546912906682
85,12,"Prevalence",0.55,0.0042459181872103,1.13579144892061,0.9945692720868
86,12,"Prevalence",0.55,0.00380283960908885,1.01542422367132,0.89078198286232
87,12,"Prevalence",0.55,0.00401484724684959,1.07867039515171,0.940442921360777
88,12,"Prevalence",0.55,0.00423140049678289,1.13761811825291,0.991168629831321
89,12,"Prevalence",0.55,0.00351835420137529,0.947016579728854,0.824143759421916
90,12,"Prevalence",0.55,0.00349548914846847,0.935277800695055,0.818787820371025
91,12,"Prevalence",0.55,0.00370539589612007,0.991319849361655,0.867956643700406
92,12,"Prevalence",0.55,0.00396892852564305,1.07313464097327,0.929686861749661
93,12,"Prevalence",0.55,0.00346800108305624,0.927568886550821,0.81234898099571
94,12,"Prevalence",0.55,0.00361120053724022,0.968662097886529,0.84589220312845
95,12,"Prevalence",0.55,0.00369498842655795,0.988795385015365,0.865518784803867
96,12,"Prevalence",0.55,0.00373918106621489,0.994884204333958,0.875870524879219
97,12,"Prevalence",0.55,0.00382578555989504,1.02807188855955,0.896156871539963
98,12,"Prevalence",0.55,0.00375439565393251,1.00625452617667,0.879434409241615
99,12,"Prevalence",0.55,0.00362385128690951,0.970128027506246,0.848855530808159
100,12,"Prevalence",0.55,0.00362098856790095,0.96564780678783,0.848184963869513
101,12,"Prevalence",0.55,0.00376048251313744,1.0095541107371,0.880860202877244
102,12,"Prevalence",0.55,0.00334213736370407,0.895055058392369,0.782866503421071
103,12,"Prevalence",0.55,0.00427055138670187,1.13957737952568,1.00033938404075
104,12,"Prevalence",0.55,0.00409749721948682,1.10721596955783,0.959802955986835
105,12,"Prevalence",0.55,0.00363352050894606,0.978269205225228,0.851120461666107
106,12,"Prevalence",0.55,0.00421356275489932,1.13436484787093,0.986990294503454
107,12,"Prevalence",0.55,0.00408848958733396,1.09967841010651,0.957692996784028
108,12,"Prevalence",0.55,0.00385871433189021,1.03152366967333,0.903870148939549
109,12,"Prevalence",0.55,0.00440337239627649,1.17413354074173,1.03145154611876
110,12,"Prevalence",0.55,0.00374330919139472,0.995946519184374,0.876837502167558
111,12,"Prevalence",0.55,0.00401341031330506,1.08500327425749,0.940106332221183
112,12,"Prevalence",0.55,0.00419692812341986,1.11848898105057,0.983093777285632
113,12,"Prevalence",0.55,0.00373738725673412,0.998976435292862,0.875450340666783
114,12,"Prevalence",0.55,0.0037433388981967,1.00551509581211,0.876844460726604
115,12,"Prevalence",0.55,0.00400746205664945,1.07001316324879,0.938713005022845
116,12,"Prevalence",0.55,0.00356430979136062,0.943015064220387,0.834908455222626
117,12,"Prevalence",0.55,0.00381175187942337,1.02018270799938,0.89286960439162
118,12,"Prevalence",0.55,0.00466565068353647,1.25782604189823,1.09288794544226
119,12,"Prevalence",0.55,0.00382629788270529,1.03037193254344,0.896276878686118
120,12,"Prevalence",0.55,0.00399380898769409,1.05880532250841,0.935514892799772
121,12,"Prevalence",0.55,0.00343492209017537,0.913501107030112,0.804600515664943
122,12,"Prevalence",0.55,0.00412198142288045,1.09866309073377,0.965538166905447
123,12,"Prevalence",0.55,0.00381770868091724,1.0290465133251,0.894264933143717
124,12,"Prevalence",0.55,0.00372829055350076,1.00584066596559,0.873319517340879
125,12,"Prevalence",0.55,0.00435163178138217,1.16306597555386,1.01933175873148
1,12,"Prevalence",0.6,0.00397814123922475,1.06974061916968,0.931844859486977
2,12,"Prevalence",0.6,0.0043091601884995,1.16706272972045,1.00938315883971
3,12,"Prevalence",0.6,0.00383185885419828,1.02854626440548,0.897579487715781
4,12,"Prevalence",0.6,0.0036944113204846,0.987703774130856,0.865383602743835
5,12,"Prevalence",0.6,0.00422701663962956,1.12279429378862,0.990141749560504
6,12,"Prevalence",0.6,0.00382156297319148,1.03234514994488,0.895167767464255
7,12,"Prevalence",0.6,0.00399135192674272,1.06245541773303,0.934939347719974
8,12,"Prevalence",0.6,0.00376393755964279,1.02207145007821,0.881669517361497
9,12,"Prevalence",0.6,0.00458872877424666,1.24949611507977,1.07486965965419
10,12,"Prevalence",0.6,0.00410278261301164,1.097773657052,0.961041013283024
11,12,"Prevalence",0.6,0.00363931232302977,0.978438486990941,0.852477143557582
12,12,"Prevalence",0.6,0.00411833282512034,1.11039022241959,0.964683514729306
13,12,"Prevalence",0.6,0.0034553982072484,0.919845563859096,0.809396867350162
14,12,"Prevalence",0.6,0.00424381482401005,1.1303125580975,0.994076577617717
15,12,"Prevalence",0.6,0.00363230810504104,0.973217433964994,0.850836466634608
16,12,"Prevalence",0.6,0.00377759931082826,1.00093820341638,0.884869663321189
17,12,"Prevalence",0.6,0.00379095841514387,1.0332489529009,0.887998916893454
18,12,"Prevalence",0.6,0.00352692573144084,0.949964431154635,0.826151565517573
19,12,"Prevalence",0.6,0.00357499875636125,0.965236543708459,0.837412251968418
20,12,"Prevalence",0.6,0.00379977983533534,1.02133507943211,0.890065257569787
21,12,"Prevalence",0.6,0.00406824197472734,1.08644875797664,0.95295017027541
22,12,"Prevalence",0.6,0.00342673813582578,0.922949820826915,0.802683495797542
23,12,"Prevalence",0.6,0.00388547349162258,1.04278470652851,0.910138248522078
24,12,"Prevalence",0.6,0.0042681582381152,1.13873339362356,0.999778809874469
25,12,"Prevalence",0.6,0.00420749307729432,1.12386839714408,0.98556852550763
26,12,"Prevalence",0.6,0.00393706976889019,1.05097309325476,0.922224226080244
27,12,"Prevalence",0.6,0.00441243250660247,1.18806993623854,1.03357379787554
28,12,"Prevalence",0.6,0.00415628718871344,1.1071679811664,0.973573993091573
29,12,"Prevalence",0.6,0.00354169570385342,0.952695440721944,0.829611302625881
30,12,"Prevalence",0.6,0.0035464349333248,0.947213422672749,0.830721425760089
31,12,"Prevalence",0.6,0.00404487277009014,1.07981467790374,0.947476138082504
32,12,"Prevalence",0.6,0.00382779185349951,1.02467824534634,0.896626828303561
33,12,"Prevalence",0.6,0.0039213123230895,1.04154313191251,0.918533181950579
34,12,"Prevalence",0.6,0.003880888042713,1.03091797717361,0.909064147142098
35,12,"Prevalence",0.6,0.00391548112219714,1.03770948711972,0.91716727404299
36,12,"Prevalence",0.6,0.00365020904982794,0.972655285311173,0.85502960669087
37,12,"Prevalence",0.6,0.00423136519395691,1.1148887981912,0.99116036045249
38,12,"Prevalence",0.6,0.004114468545852,1.09864684994035,0.963778341042581
39,12,"Prevalence",0.6,0.00362119677552253,0.967009090751444,0.848233734687389
40,12,"Prevalence",0.6,0.00366730366387217,0.976849568997698,0.859033870809235
41,12,"Prevalence",0.6,0.00408583901674192,1.09552115059829,0.957072123760071
42,12,"Prevalence",0.6,0.00362710415173348,0.972836379463747,0.849617485998422
43,12,"Prevalence",0.6,0.00419332199374223,1.11509299325173,0.9822490728871
44,12,"Prevalence",0.6,0.00358830103432969,0.957964025557381,0.840528194464906
45,12,"Prevalence",0.6,0.00370145674591019,1.00335846079702,0.867033932149181
46,12,"Prevalence",0.6,0.00376893088316618,1.00228507436522,0.882839159809364
47,12,"Prevalence",0.6,0.00405622091088264,1.09009278003073,0.950134341003496
48,12,"Prevalence",0.6,0.00387806659954117,1.03474851071744,0.908403248707904
49,12,"Prevalence",0.6,0.00369523354040582,0.994052445033251,0.86557620058309
50,12,"Prevalence",0.6,0.00417680123838886,1.12570893056487,0.978379230157768
51,12,"Prevalence",0.6,0.00401585669661468,1.0655508423088,0.940679376156604
52,12,"Prevalence",0.6,0.00409999417877481,1.09751511069989,0.960387846903708
53,12,"Prevalence",0.6,0.00396823327742297,1.06100510568223,0.929524005923033
54,12,"Prevalence",0.6,0.00402262256554639,1.0935778980922,0.942264221893561
55,12,"Prevalence",0.6,0.00371944623689914,0.988201018837935,0.871247813380341
56,12,"Prevalence",0.6,0.00414345572452518,1.12196483190972,0.970568334613269
57,12,"Prevalence",0.6,0.00341793837593356,0.909392623895639,0.800622228857239
58,12,"Prevalence",0.6,0.00373745816622767,1.00532087758097,0.875466950596665
59,12,"Prevalence",0.6,0.0041725462221959,1.11830006676646,0.977382529757253
60,12,"Prevalence",0.6,0.00395134522791235,1.06589864318943,0.925568127743525
61,12,"Prevalence",0.6,0.00413497395992536,1.109945114028,0.968581555294382
62,12,"Prevalence",0.6,0.00370628876587308,0.987859413112964,0.868165790646055
63,12,"Prevalence",0.6,0.00394123653869862,1.04056812460162,0.923200255535503
64,12,"Prevalence",0.6,0.00376342303012224,1.02407730720521,0.881548993312711
65,12,"Prevalence",0.6,0.00390703389114313,1.04123124420281,0.915188583905751
66,12,"Prevalence",0.6,0.00405441085810956,1.08528013594739,0.949710351941627
67,12,"Prevalence",0.6,0.00377719166789947,1.01818558869419,0.884774176523493
68,12,"Prevalence",0.6,0.00402069141837641,1.06402791148996,0.941811867526253
69,12,"Prevalence",0.6,0.00420394824152181,1.13275724615984,0.984738178671329
70,12,"Prevalence",0.6,0.00373653964812094,1.00745756781312,0.875251795748043
71,12,"Prevalence",0.6,0.00347617800448895,0.92971764397912,0.814264353463736
72,12,"Prevalence",0.6,0.00435060585164221,1.16643889145635,1.0190914436454
73,12,"Prevalence",0.6,0.00414330848424319,1.1110249591149,0.970533844862494
74,12,"Prevalence",0.6,0.00390280326437505,1.04795951266157,0.914197596515116
75,12,"Prevalence",0.6,0.00401900506249383,1.07403997026782,0.941416853381222
76,12,"Prevalence",0.6,0.00352353271691897,0.934299423469235,0.825356781483968
77,12,"Prevalence",0.6,0.00384506786707233,1.03670507433177,0.900673583678036
78,12,"Prevalence",0.6,0.0035983996971122,0.961840162387821,0.842893718068943
79,12,"Prevalence",0.6,0.0040465549523422,1.09017452495003,0.947870174591023
80,12,"Prevalence",0.6,0.00393159432510387,1.05390134458629,0.920941651169282
81,12,"Prevalence",0.6,0.00393607531698587,1.05241364159459,0.921991284402384
82,12,"Prevalence",0.6,0.00369772106060484,0.984092201895415,0.866158880475775
83,12,"Prevalence",0.6,0.00368930148481158,0.994074966907257,0.864186668341957
84,12,"Prevalence",0.6,0.00343069331741807,0.926532994458232,0.803609962560158
85,12,"Prevalence",0.6,0.00427280836508169,1.14024971411642,1.00086806152471
86,12,"Prevalence",0.6,0.00404146214485784,1.08238067826923,0.946677228893701
87,12,"Prevalence",0.6,0.00345877270904726,0.925271551613307,0.810187314939998
88,12,"Prevalence",0.6,0.00375413843084594,1.00893566211944,0.879374156978922
89,12,"Prevalence",0.6,0.00375119769384989,1.00680015452589,0.87868531500774
90,12,"Prevalence",0.6,0.00372073137257749,1.00445483811253,0.871548845194845
91,12,"Prevalence",0.6,0.00403914314302106,1.09553390062167,0.946134022956364
92,12,"Prevalence",0.6,0.00374683749293487,1.00920846275614,0.877663976004254
93,12,"Prevalence",0.6,0.00442993588101321,1.2012921376011,1.03767381054163
94,12,"Prevalence",0.6,0.0040749444947788,1.08990072343893,0.95452017709015
95,12,"Prevalence",0.6,0.00375227991852286,1.01245330425704,0.878938816690486
96,12,"Prevalence",0.6,0.00382355504360161,1.01015404085588,0.895634392568736
97,12,"Prevalence",0.6,0.00341270872418052,0.921166450356568,0.799397228584511
98,12,"Prevalence",0.6,0.00404480454656318,1.06387733970659,0.94746015731685
99,12,"Prevalence",0.6,0.00384413264150224,1.0247970841846,0.900454515251978
100,12,"Prevalence",0.6,0.00355200271799702,0.954495371416581,0.832025630717517
101,12,"Prevalence",0.6,0.0042116035637264,1.13213713991539,0.986531371073279
102,12,"Prevalence",0.6,0.00427464910458912,1.13368462325716,1.00129923868624
103,12,"Prevalence",0.6,0.0039920716707768,1.0691395580505,0.9351079414772
104,12,"Prevalence",0.6,0.00386319746053493,1.04418629592567,0.904920282690673
105,12,"Prevalence",0.6,0.0038243645569604,1.02461365353438,0.895824014006672
106,12,"Prevalence",0.6,0.00382632114633752,1.03543917486682,0.896282327988892
107,12,"Prevalence",0.6,0.00404174166228723,1.08837512314513,0.946742703411588
108,12,"Prevalence",0.6,0.00392966506715362,1.05845735914197,0.920489739335226
109,12,"Prevalence",0.6,0.00432820153872829,1.15431409599475,1.01384342891597
110,12,"Prevalence",0.6,0.00361344575438172,0.969482616240401,0.846418125645005
111,12,"Prevalence",0.6,0.0037184657703691,1.00158269866148,0.871018147654318
112,12,"Prevalence",0.6,0.00393349453958932,1.04481927998304,0.921386759825251
113,12,"Prevalence",0.6,0.00407539614277415,1.09115191076224,0.954625971690559
114,12,"Prevalence",0.6,0.00345198503764406,0.922351177475919,0.808597362164416
115,12,"Prevalence",0.6,0.00371661620845587,1.00384444793584,0.870584903921247
116,12,"Prevalence",0.6,0.0036699282188479,0.984366905243931,0.859648649902155
117,12,"Prevalence",0.6,0.00382795566150385,1.02903690421659,0.896665198898678
118,12,"Prevalence",0.6,0.00378863692278652,1.02358851620246,0.887455127573406
119,12,"Prevalence",0.6,0.00412701125620155,1.10138139907667,0.96671636145473
120,12,"Prevalence",0.6,0.00354824865177265,0.954767662072966,0.831146273474281
121,12,"Prevalence",0.6,0.00401393369853671,1.07123533291972,0.940228930642983
122,12,"Prevalence",0.6,0.00431067045168021,1.14747817659726,1.00973692480649
123,12,"Prevalence",0.6,0.00326393020868108,0.872927843284524,0.764547160039115
124,12,"Prevalence",0.6,0.00391957891405072,1.04009903494749,0.918127146014441
125,12,"Prevalence",0.6,0.00356358585632611,0.952599849342331,0.834738879760126
1,12,"Prevalence",0.65,0.00372495730945195,1.00688289504855,0.872538734018835
2,12,"Prevalence",0.65,0.00354528073565284,0.958511249049124,0.830451065030606
3,12,"Prevalence",0.65,0.00351104189602009,0.937023358956911,0.822430915722692
4,12,"Prevalence",0.65,0.00351900101692298,0.949250259705534,0.824295270317808
5,12,"Prevalence",0.65,0.00460673072822359,1.2356016333738,1.07908646023148
6,12,"Prevalence",0.65,0.00360986112311357,0.963919423963276,0.845578457061238
7,12,"Prevalence",0.65,0.00378110342549804,1.0068452947789,0.885690471594624
8,12,"Prevalence",0.65,0.00433602693815544,1.1843991078796,1.01567646042267
9,12,"Prevalence",0.65,0.00378194125981182,1.02543928785291,0.885886726969043
10,12,"Prevalence",0.65,0.00333956919149595,0.909146122429821,0.782264931499281
11,12,"Prevalence",0.65,0.00406793015913787,1.09714628117802,0.952877130195469
12,12,"Prevalence",0.65,0.00397993045552705,1.06726231974261,0.932263967787473
13,12,"Prevalence",0.65,0.00377856672191123,1.00577829333976,0.885096270922691
14,12,"Prevalence",0.65,0.00393743497341686,1.06181562802857,0.922309772052698
15,12,"Prevalence",0.65,0.00338502129016425,0.909306797680213,0.792911688854031
16,12,"Prevalence",0.65,0.00426711265789119,1.15052428374746,0.999533891834034
17,12,"Prevalence",0.65,0.00412438445065752,1.08745685420395,0.966101055185834
18,12,"Prevalence",0.65,0.00444887198338578,1.1719783509723,1.04210942722628
19,12,"Prevalence",0.65,0.00384216644519887,1.0233056543112,0.89999395093114
20,12,"Prevalence",0.65,0.00396291936547349,1.05821425031036,0.928279268434822
21,12,"Prevalence",0.65,0.00375633357118974,1.00720084717767,0.87988834944274
22,12,"Prevalence",0.65,0.00394047304033095,1.05427386298562,0.923021412707572
23,12,"Prevalence",0.65,0.00398901924357665,1.06646690587323,0.934392937050663
24,12,"Prevalence",0.65,0.00354871345376733,0.950446685732231,0.831255149284205
25,12,"Prevalence",0.65,0.0040076150001834,1.08374844853918,0.938748830710604
26,12,"Prevalence",0.65,0.00426701459708981,1.15579529940824,0.999510921947299
27,12,"Prevalence",0.65,0.00390372404259395,1.04548631298415,0.914413280775277
28,12,"Prevalence",0.65,0.00367938327670162,0.989470557566723,0.861863414669755
29,12,"Prevalence",0.65,0.00413520765289549,1.10384550981211,0.968636295832689
30,12,"Prevalence",0.65,0.00383680323499682,1.02219976847689,0.898737665757586
31,12,"Prevalence",0.65,0.00367010025036947,0.972947042726851,0.859688946784399
32,12,"Prevalence",0.65,0.00381238395876744,1.01949590940915,0.893017663460446
33,12,"Prevalence",0.65,0.00375987437922125,1.01294759631742,0.880717752815874
34,12,"Prevalence",0.65,0.00404480680365138,1.08186415308532,0.947460686020054
35,12,"Prevalence",0.65,0.00392106403092564,1.04949865254076,0.918475021678578
36,12,"Prevalence",0.65,0.00378150898487125,1.01630160206936,0.885785470337607
37,12,"Prevalence",0.65,0.00410537985109105,1.09076558540095,0.961649393631434
38,12,"Prevalence",0.65,0.00466561483723643,1.23862765852456,1.09287954875937
39,12,"Prevalence",0.65,0.00395280373630569,1.07286846298919,0.925909770603121
40,12,"Prevalence",0.65,0.00367398669910282,0.987551613640564,0.860599313474788
41,12,"Prevalence",0.65,0.00372220663658885,1.00115714760337,0.871894412911689
42,12,"Prevalence",0.65,0.00385152396810692,1.03313559330755,0.902185868989108
43,12,"Prevalence",0.65,0.00387042854181265,1.033381350263,0.906614100358774
44,12,"Prevalence",0.65,0.00401323275748089,1.07689821379663,0.940064741319278
45,12,"Prevalence",0.65,0.00360263615332963,0.970477057598599,0.84388607095721
46,12,"Prevalence",0.65,0.00362624748297372,0.979594334875267,0.849416818819438
47,12,"Prevalence",0.65,0.00379606067930647,1.01566144236974,0.889194077735105
48,12,"Prevalence",0.65,0.00365049066705219,0.979973136486012,0.855095573067367
49,12,"Prevalence",0.65,0.00390702739637836,1.04490966404765,0.9151870625638
50,12,"Prevalence",0.65,0.00347965112705899,0.929621333300467,0.815077902108357
51,12,"Prevalence",0.65,0.00391104600308705,1.05274811158447,0.916128386106286
52,12,"Prevalence",0.65,0.0034000449556708,0.91214879949953,0.796430851355081
53,12,"Prevalence",0.65,0.00422509783883671,1.14573243931735,0.989692287224286
54,12,"Prevalence",0.65,0.00366027416486037,0.982899858485267,0.857387272027282
55,12,"Prevalence",0.65,0.00408329557832634,1.08616606381365,0.956476345513285
56,12,"Prevalence",0.65,0.00406456318262953,1.09501759586187,0.952088445339248
57,12,"Prevalence",0.65,0.00370946330364947,1.0046104292453,0.868909398409145
58,12,"Prevalence",0.65,0.00354514132918073,0.952262673961659,0.830418410281404
59,12,"Prevalence",0.65,0.00429243468179375,1.1674414162549,1.0054653548934
60,12,"Prevalence",0.65,0.00356802074344349,0.956414638436623,0.83577771335457
61,12,"Prevalence",0.65,0.00378164295136124,1.02351705417709,0.885816850818476
62,12,"Prevalence",0.65,0.00396600190949303,1.06198494101033,0.929001327463397
63,12,"Prevalence",0.65,0.00390728694975869,1.05076039111803,0.91524786067747
64,12,"Prevalence",0.65,0.00386274240944827,1.03585103126066,0.904813690945831
65,12,"Prevalence",0.65,0.00369454459219787,0.983838347405358,0.86541482047931
66,12,"Prevalence",0.65,0.00429409740482957,1.14777786856069,1.00585483325039
67,12,"Prevalence",0.65,0.00380798190899013,1.01685721499503,0.891986521726271
68,12,"Prevalence",0.65,0.00442932392071558,1.19701803734735,1.0375304641838
69,12,"Prevalence",0.65,0.00364269620583756,0.975102197569079,0.853269788566878
70,12,"Prevalence",0.65,0.00405435925534245,1.08212666407688,0.949698264443873
71,12,"Prevalence",0.65,0.00425418171764292,1.13322904441879,0.996504931957027
72,12,"Prevalence",0.65,0.00394668280634934,1.0673535715191,0.924475996191382
73,12,"Prevalence",0.65,0.0041538854187644,1.11385685629721,0.973011399446412
74,12,"Prevalence",0.65,0.00390443501736406,1.04859714340611,0.91457982040897
75,12,"Prevalence",0.65,0.00407514482179832,1.08490544108365,0.954567101945798
76,12,"Prevalence",0.65,0.003554850623077,0.960922831560591,0.832692727622704
77,12,"Prevalence",0.65,0.00375423042581528,1.00024645165019,0.879395705997455
78,12,"Prevalence",0.65,0.00404369901113337,1.09451945286615,0.947201195292807
79,12,"Prevalence",0.65,0.00400297211895663,1.07794787898295,0.937661276311655
80,12,"Prevalence",0.65,0.00382696699012195,1.02297207618307,0.896433611257728
81,12,"Prevalence",0.65,0.00418718248010418,1.1155609733909,0.98081094541014
82,12,"Prevalence",0.65,0.00351067734185347,0.933947424169331,0.822345522091403
83,12,"Prevalence",0.65,0.00391129497879648,1.04862889282862,0.916186706492871
84,12,"Prevalence",0.65,0.00370802795115874,1.00401575035414,0.868573179617605
85,12,"Prevalence",0.65,0.00393448229714171,1.05132617786255,0.921618133409603
86,12,"Prevalence",0.65,0.00410496218836009,1.10124243243488,0.961551559782555
87,12,"Prevalence",0.65,0.00415839627621995,1.10868820920466,0.974068028429416
88,12,"Prevalence",0.65,0.00402665972526014,1.08545606455891,0.943209891315512
89,12,"Prevalence",0.65,0.00359050986494483,0.961267449538824,0.841045593755286
90,12,"Prevalence",0.65,0.00417064727329767,1.11705116924803,0.976937717554051
91,12,"Prevalence",0.65,0.00382556965114741,1.02210948967117,0.896106296800532
92,12,"Prevalence",0.65,0.00406194302723753,1.08717509985267,0.951474696810406
93,12,"Prevalence",0.65,0.00335392950856244,0.89985239176158,0.785628710418718
94,12,"Prevalence",0.65,0.00418770575795272,1.11567818682857,0.980933518678382
95,12,"Prevalence",0.65,0.00371576181916726,0.993670715534792,0.870384770688488
96,12,"Prevalence",0.65,0.00407029870014812,1.09077747135702,0.953431940251769
97,12,"Prevalence",0.65,0.00395364946027366,1.05764275592226,0.926107874060167
98,12,"Prevalence",0.65,0.00375198104242366,1.0078067565752,0.878868807573169
99,12,"Prevalence",0.65,0.00378600060103329,1.01781998020183,0.886837592215568
100,12,"Prevalence",0.65,0.00413222273883899,1.11790090319872,0.967937105770732
101,12,"Prevalence",0.65,0.00396642922315095,1.068502937196,0.929101421957683
102,12,"Prevalence",0.65,0.00392597743831104,1.05387097501446,0.919625944468731
103,12,"Prevalence",0.65,0.00362124426108722,0.973039575025934,0.848244857766405
104,12,"Prevalence",0.65,0.00412724962944153,1.11174643708183,0.966772198305403
105,12,"Prevalence",0.65,0.00448606895538099,1.20074445283106,1.05082249321811
106,12,"Prevalence",0.65,0.00380365530284011,1.01746266025854,0.890973052003239
107,12,"Prevalence",0.65,0.00401322948885895,1.08515151058989,0.940063975673117
108,12,"Prevalence",0.65,0.00397825520094576,1.06901465561448,0.931871554025351
109,12,"Prevalence",0.65,0.00373880024634422,1.01508759983554,0.875781321148736
110,12,"Prevalence",0.65,0.00374792200724261,1.01851392634888,0.877918014013943
111,12,"Prevalence",0.65,0.00417747193853644,1.1113607776865,0.978536335812691
112,12,"Prevalence",0.65,0.00426701224095258,1.14623972403348,0.999510370042718
113,12,"Prevalence",0.65,0.00394933729455539,1.06023849796288,0.925097786882217
114,12,"Prevalence",0.65,0.00440375540897205,1.1810587102647,1.03154126349932
115,12,"Prevalence",0.65,0.00396253682604349,1.08131948508362,0.928189661912585
116,12,"Prevalence",0.65,0.00411557706767801,1.09322322083368,0.964038002603863
117,12,"Prevalence",0.65,0.0039102313752864,1.05539262466829,0.915937566654987
118,12,"Prevalence",0.65,0.00379671891295017,1.02184161735873,0.88934826322032
119,12,"Prevalence",0.65,0.00333895320251903,0.899522804485018,0.78212064145849
120,12,"Prevalence",0.65,0.00428911623044986,1.14887130614317,1.00468803663336
121,12,"Prevalence",0.65,0.00399372696537049,1.06970966485894,0.935495679786449
122,12,"Prevalence",0.65,0.00425220935133953,1.14370654556868,0.996042922367544
123,12,"Prevalence",0.65,0.00412382626689778,1.09567862565288,0.965970305512575
124,12,"Prevalence",0.65,0.003684833814876,0.980745319202647,0.863140155658521
125,12,"Prevalence",0.65,0.00403727431128366,1.09031615583359,0.945696265435191
1,12,"Prevalence",0.7,0.00450273386374529,1.19920344532351,1.05472610253193
2,12,"Prevalence",0.7,0.0040254851781483,1.09017629851614,0.942934763907378
3,12,"Prevalence",0.7,0.00409809386597796,1.08992856417102,0.959942715219159
4,12,"Prevalence",0.7,0.00370656975924324,1.00097452980102,0.868231610890177
5,12,"Prevalence",0.7,0.00376795038928345,1.02346850046036,0.882609487676221
6,12,"Prevalence",0.7,0.00396033989454008,1.06436263783931,0.927675049885253
7,12,"Prevalence",0.7,0.00399463543798888,1.07956629836477,0.935708481567113
8,12,"Prevalence",0.7,0.00361139413360314,0.968500154103069,0.84593755138653
9,12,"Prevalence",0.7,0.00337400449263654,0.906996204736936,0.790331100200474
10,12,"Prevalence",0.7,0.0039087079370899,1.05873436514255,0.91558071455579
11,12,"Prevalence",0.7,0.00411416080843115,1.11754614597006,0.963706256238037
12,12,"Prevalence",0.7,0.00371388531406201,0.987786798893041,0.869945215747876
13,12,"Prevalence",0.7,0.00365417335030921,0.973110759636709,0.855958209473626
14,12,"Prevalence",0.7,0.00408960943675416,1.09453569652417,0.957955311735361
15,12,"Prevalence",0.7,0.00343022261257054,0.924862120806269,0.803499704058472
16,12,"Prevalence",0.7,0.00379219240725061,1.02260757894653,0.888287968772754
17,12,"Prevalence",0.7,0.00391127278637696,1.0429911694852,0.916181508112313
18,12,"Prevalence",0.7,0.00367838378174902,0.991018016035896,0.861629291701854
19,12,"Prevalence",0.7,0.00383804367488679,1.0247369798699,0.89902822797383
20,12,"Prevalence",0.7,0.00385008507554238,1.0231172182202,0.901848820966178
21,12,"Prevalence",0.7,0.00413960594425853,1.12307493859091,0.969666557191128
22,12,"Prevalence",0.7,0.00368230827603531,0.993772505263488,0.862548570230911
23,12,"Prevalence",0.7,0.00415200706850153,1.11489737886182,0.972571412293752
24,12,"Prevalence",0.7,0.00430899454228111,1.1514099763459,1.00934435765901
25,12,"Prevalence",0.7,0.00407113801928361,1.10244940649989,0.953628543432707
26,12,"Prevalence",0.7,0.00404781825652323,1.08793915399266,0.94816609256785
27,12,"Prevalence",0.7,0.00422486675020767,1.12472037701971,0.989638156730143
28,12,"Prevalence",0.7,0.00374735416894035,0.994196720717354,0.877785002848395
29,12,"Prevalence",0.7,0.00372423100784952,1.00369264958811,0.872368604208461
30,12,"Prevalence",0.7,0.00363142499491872,0.975150877246962,0.85062960579726
31,12,"Prevalence",0.7,0.00434199138052601,1.16934330122563,1.01707357898346
32,12,"Prevalence",0.7,0.00357904805604504,0.959385562516418,0.838360765072389
33,12,"Prevalence",0.7,0.0036490669307874,0.963295936970265,0.85476207527535
34,12,"Prevalence",0.7,0.00400065598012378,1.07405419629994,0.937118741007987
35,12,"Prevalence",0.7,0.00391805371292387,1.04926912690963,0.917769880964192
36,12,"Prevalence",0.7,0.00353101214450751,0.947787834892766,0.827108772107521
37,12,"Prevalence",0.7,0.00393986808325526,1.05086286201856,0.922879706793349
38,12,"Prevalence",0.7,0.00377089947408022,1.01436699482159,0.883300285046856
39,12,"Prevalence",0.7,0.00369150340608308,0.979714847254096,0.864702449178901
40,12,"Prevalence",0.7,0.00391542254079608,1.0436176214941,0.917153551861155
41,12,"Prevalence",0.7,0.00425460008153164,1.14282294394427,0.996602930045997
42,12,"Prevalence",0.7,0.00451193129930845,1.20797244645716,1.05688052152678
43,12,"Prevalence",0.7,0.00414277413417928,1.11459325631279,0.970408678024448
44,12,"Prevalence",0.7,0.00351074496031833,0.948952158885805,0.822361361126539
45,12,"Prevalence",0.7,0.00407298872828902,1.08322832993298,0.954062055862095
46,12,"Prevalence",0.7,0.00424816571492958,1.14890428496608,0.995095735836031
47,12,"Prevalence",0.7,0.00403620748236436,1.08381915217969,0.945446370073364
48,12,"Prevalence",0.7,0.00390660482712614,1.05114734055037,0.915088079405136
49,12,"Prevalence",0.7,0.00389630356506083,1.04593676036657,0.912675098687626
50,12,"Prevalence",0.7,0.00392709498647381,1.05876730604239,0.919887720370607
51,12,"Prevalence",0.7,0.00409715956011527,1.10683429646135,0.959723862226523
52,12,"Prevalence",0.7,0.00402878077674179,1.09373469335646,0.943706729110115
53,12,"Prevalence",0.7,0.00376975521764981,1.0075861088613,0.88303225296642
54,12,"Prevalence",0.7,0.00427770006760388,1.14794951031936,1.00201390014011
55,12,"Prevalence",0.7,0.00377254329614228,1.00613951908572,0.883685336015709
56,12,"Prevalence",0.7,0.00394046877549281,1.06086904656413,0.92302041370647
57,12,"Prevalence",0.7,0.00392201530013947,1.05830371813596,0.918697848188141
58,12,"Prevalence",0.7,0.00387179729547121,1.04247044661842,0.906934718955221
59,12,"Prevalence",0.7,0.00335263420510826,0.899021198607974,0.785325296891469
60,12,"Prevalence",0.7,0.00402142360052109,1.07727421472945,0.941983374802332
61,12,"Prevalence",0.7,0.00444505693096344,1.18845713138771,1.04121578449852
62,12,"Prevalence",0.7,0.00362371324293476,0.981382262188598,0.848823195212079
63,12,"Prevalence",0.7,0.00364619761362526,0.987062829329134,0.854089962776838
64,12,"Prevalence",0.7,0.00451342086940904,1.20112555341953,1.05722944032016
65,12,"Prevalence",0.7,0.00385286673057124,1.02166267512304,0.902500399375191
66,12,"Prevalence",0.7,0.00411985104079729,1.10876535934613,0.965039143498896
67,12,"Prevalence",0.7,0.00387348648632291,1.04757869898868,0.907330397167035
68,12,"Prevalence",0.7,0.00387409251895699,1.03312895681066,0.907472355021413
69,12,"Prevalence",0.7,0.00385938283209121,1.03580388835583,0.904026739276194
70,12,"Prevalence",0.7,0.00389099349088793,1.05040451484886,0.911431260165078
71,12,"Prevalence",0.7,0.0040249507413619,1.07577440851487,0.942809576755342
72,12,"Prevalence",0.7,0.00384960470253674,1.03757186908548,0.901736297782862
73,12,"Prevalence",0.7,0.00409031124734462,1.09860552234853,0.958119704739967
74,12,"Prevalence",0.7,0.0039334414934604,1.05238733830238,0.921374334232585
75,12,"Prevalence",0.7,0.00375777249625362,1.00173605065119,0.880225405078362
76,12,"Prevalence",0.7,0.00342503496254981,0.921610697725338,0.802284542324896
77,12,"Prevalence",0.7,0.00410508995597737,1.11204075400021,0.961581488231591
78,12,"Prevalence",0.7,0.00356732296619208,0.952020809179573,0.835614265124427
79,12,"Prevalence",0.7,0.00422134356452277,1.13868929052224,0.988812881237877
80,12,"Prevalence",0.7,0.0039248778359054,1.04691222491393,0.919368372203812
81,12,"Prevalence",0.7,0.00434102612585316,1.1587457489245,1.01684747650218
82,12,"Prevalence",0.7,0.00451506918651979,1.21654299742746,1.05761554421493
83,12,"Prevalence",0.7,0.0040011818906958,1.07000405748744,0.937241930968724
84,12,"Prevalence",0.7,0.00423341681524325,1.14922052959125,0.991640934829909
85,12,"Prevalence",0.7,0.00415630702855063,1.11833869908843,0.973578640400248
86,12,"Prevalence",0.7,0.00354365720015584,0.952602117310696,0.830070766012519
87,12,"Prevalence",0.7,0.0037023122703634,0.99239379993555,0.867234331284341
88,12,"Prevalence",0.7,0.00394249182340526,1.05983960501144,0.923494295020459
89,12,"Prevalence",0.7,0.00414004490351848,1.10380667823137,0.969769379566029
90,12,"Prevalence",0.7,0.00405150919798048,1.08941194697387,0.949030663385425
91,12,"Prevalence",0.7,0.00375775055381422,1.0028401886583,0.880220265253469
92,12,"Prevalence",0.7,0.00419454325128749,1.11397226806898,0.982535141806535
93,12,"Prevalence",0.7,0.00386913818888366,1.03565543585894,0.906311846448836
94,12,"Prevalence",0.7,0.00396513546078024,1.06591789769,0.928798369415782
95,12,"Prevalence",0.7,0.00354133088004766,0.948420732110088,0.829525845833981
96,12,"Prevalence",0.7,0.00366173284279756,0.984350132934488,0.857728954601063
97,12,"Prevalence",0.7,0.00415218775822835,1.11569705091977,0.972613737284991
98,12,"Prevalence",0.7,0.00346646169599531,0.919206065985765,0.811988393014244
99,12,"Prevalence",0.7,0.00355200359883271,0.9584464586906,0.832025837045594
100,12,"Prevalence",0.7,0.00397870642317506,1.07336088838777,0.931977248893775
101,12,"Prevalence",0.7,0.00382164946775574,1.02883925871388,0.895188028060911
102,12,"Prevalence",0.7,0.0042823195278636,1.1368387907642,1.00309596838199
103,12,"Prevalence",0.7,0.00390550659126721,1.05539300730035,0.914830827241848
104,12,"Prevalence",0.7,0.00363622814677082,0.975919191156036,0.851754702191171
105,12,"Prevalence",0.7,0.00392510445334134,1.05729269817474,0.919421455359996
106,12,"Prevalence",0.7,0.00415961406297721,1.12779668088515,0.974353284347066
107,12,"Prevalence",0.7,0.00378626318073678,1.00670095671674,0.886899099219015
108,12,"Prevalence",0.7,0.00408420156680868,1.10038901072238,0.956688565406764
109,12,"Prevalence",0.7,0.00405414030730209,1.08377357889025,0.949646977776657
110,12,"Prevalence",0.7,0.00407102711941311,1.09387651022029,0.953602566106104
111,12,"Prevalence",0.7,0.00392286366248004,1.0646566720881,0.918896569660937
112,12,"Prevalence",0.7,0.00401411976458744,1.08183649744412,0.940272514991165
113,12,"Prevalence",0.7,0.00399243541334444,1.07631782828121,0.935193144998501
114,12,"Prevalence",0.7,0.00427118712775618,1.14433723784338,1.00048830083324
115,12,"Prevalence",0.7,0.00368970418657682,0.987584190075333,0.864280997715222
116,12,"Prevalence",0.7,0.00371477090016029,0.991917469456124,0.870152656560993
117,12,"Prevalence",0.7,0.00405103003235205,1.08757841874168,0.948918423019681
118,12,"Prevalence",0.7,0.0040308012525473,1.08506939608599,0.944180007930518
119,12,"Prevalence",0.7,0.00363018913457386,0.970152173602778,0.850340116299494
120,12,"Prevalence",0.7,0.00388262976078654,1.04699381476093,0.909472129397099
121,12,"Prevalence",0.7,0.00401075196137817,1.06668308491113,0.939483636487463
122,12,"Prevalence",0.7,0.00401578561829057,1.07581763792051,0.940662726679636
123,12,"Prevalence",0.7,0.00406102003017401,1.09447949835534,0.951258492805256
124,12,"Prevalence",0.7,0.00391452161934744,1.03783529023093,0.916942518876093
125,12,"Prevalence",0.7,0.00362720422448839,0.976165064709886,0.849640927167701
1,12,"Prevalence",0.75,0.00504517124941674,1.34740080925294,1.18178732510682
2,12,"Prevalence",0.75,0.00429129247314721,1.15149358641062,1.00519780248846
3,12,"Prevalence",0.75,0.00390044280736469,1.05186420086017,0.913644680065231
4,12,"Prevalence",0.75,0.00406097016104014,1.09549326518274,0.951246811395954
5,12,"Prevalence",0.75,0.00382149851043187,1.0183640395441,0.895152667625517
6,12,"Prevalence",0.75,0.00431796385194857,1.16214720149373,1.01144534015415
7,12,"Prevalence",0.75,0.00470483438350179,1.26597518802848,1.10206638511864
8,12,"Prevalence",0.75,0.00353026231731315,0.949464538793349,0.826933131632593
9,12,"Prevalence",0.75,0.00428473633046964,1.15690222345042,1.00366208329581
10,12,"Prevalence",0.75,0.00374646210031358,1.007405071543,0.877576043559581
11,12,"Prevalence",0.75,0.00388024315723327,1.04894283382483,0.908913088347769
12,12,"Prevalence",0.75,0.00417046849748804,1.11021765697388,0.976895840881208
13,12,"Prevalence",0.75,0.00391717875619554,1.06110747150837,0.917564929988208
14,12,"Prevalence",0.75,0.00422805166603367,1.12558237425978,0.990384195460765
15,12,"Prevalence",0.75,0.00446469521806977,1.20143017583922,1.04581588182758
16,12,"Prevalence",0.75,0.00405073884500913,1.08237914236654,0.948850214926408
17,12,"Prevalence",0.75,0.00418768820230715,1.12595990173835,0.980929406421653
18,12,"Prevalence",0.75,0.00449718542942948,1.21014503167476,1.05342643022658
19,12,"Prevalence",0.75,0.00370152085093023,0.997529291749303,0.867048948190539
20,12,"Prevalence",0.75,0.00406690903458842,1.08024040850182,0.952637940683319
21,12,"Prevalence",0.75,0.00446707693347984,1.19891140824807,1.04637377787203
22,12,"Prevalence",0.75,0.00358407892872554,0.954539961563468,0.839539203082544
23,12,"Prevalence",0.75,0.00449917198360847,1.21114620530582,1.05389176320208
24,12,"Prevalence",0.75,0.0040525354887618,1.08839932783806,0.949271063042295
25,12,"Prevalence",0.75,0.00404235788447194,1.07618673424582,0.946887048079261
26,12,"Prevalence",0.75,0.00412054375871177,1.11068370054014,0.965201406623522
27,12,"Prevalence",0.75,0.00388085421511413,1.03684619097114,0.90905622332235
28,12,"Prevalence",0.75,0.00375666667582257,1.0210729635951,0.879966376295261
29,12,"Prevalence",0.75,0.00385036553944211,1.03151028689344,0.901914517186467
30,12,"Prevalence",0.75,0.00436079760516285,1.1661696262595,1.02147877294223
31,12,"Prevalence",0.75,0.00361843365631516,0.969777913432955,0.847586498132755
32,12,"Prevalence",0.75,0.00405238751655822,1.09352723576754,0.949236401845278
33,12,"Prevalence",0.75,0.00387509961810517,1.04754732089564,0.907708259205756
34,12,"Prevalence",0.75,0.00360978478586427,0.961165876975014,0.845560575726947
35,12,"Prevalence",0.75,0.00411497539141604,1.10960748767449,0.963897065191618
36,12,"Prevalence",0.75,0.00405777106143101,1.08510396028146,0.950497450237953
37,12,"Prevalence",0.75,0.00424207821307764,1.14628892323375,0.993669791665947
38,12,"Prevalence",0.75,0.00379733271830928,1.00582680042924,0.889492041767696
39,12,"Prevalence",0.75,0.00397822929918103,1.0679727499164,0.931865486763062
40,12,"Prevalence",0.75,0.00441316640687887,1.18907768654862,1.03374570760896
41,12,"Prevalence",0.75,0.00406942729262952,1.0853990152893,0.953227820647179
42,12,"Prevalence",0.75,0.00381074928608636,1.02847775973681,0.892634755654199
43,12,"Prevalence",0.75,0.00383254301178347,1.02857599022933,0.897739745657997
44,12,"Prevalence",0.75,0.00433165757912816,1.16325096970544,1.01465297621134
45,12,"Prevalence",0.75,0.00422710826508004,1.13498026207845,0.990163212022461
46,12,"Prevalence",0.75,0.00392450922598653,1.05356177384567,0.919282028547956
47,12,"Prevalence",0.75,0.00432881101156206,1.16501640952213,1.01398619260711
48,12,"Prevalence",0.75,0.00388429154439565,1.03438987939457,0.909861387701571
49,12,"Prevalence",0.75,0.00387941543720243,1.04564076192694,0.908719202155851
50,12,"Prevalence",0.75,0.00375710698587125,1.00108599314571,0.880069515080633
51,12,"Prevalence",0.75,0.00448276997705783,1.2086134146528,1.0500497363432
52,12,"Prevalence",0.75,0.00427758991684276,1.15029339254625,1.00198809828585
53,12,"Prevalence",0.75,0.00401425885418695,1.07337891301718,0.940305095515716
54,12,"Prevalence",0.75,0.0035979937121048,0.981723309751641,0.842798619624871
55,12,"Prevalence",0.75,0.00401742678877197,1.07972634214729,0.941047156538877
56,12,"Prevalence",0.75,0.00381963358210335,1.03252319569362,0.894715824443811
57,12,"Prevalence",0.75,0.00399260747014763,1.06674283294801,0.935233447802737
58,12,"Prevalence",0.75,0.0041195439379693,1.10419981722698,0.964967207342191
59,12,"Prevalence",0.75,0.00362693429010796,0.969631058253841,0.849577697395386
60,12,"Prevalence",0.75,0.00411519191640296,1.10607592006902,0.96394778427973
61,12,"Prevalence",0.75,0.00440683195693332,1.17459345949386,1.03226191800359
62,12,"Prevalence",0.75,0.00396418160300944,1.06670529606937,0.928574936559354
63,12,"Prevalence",0.75,0.00467718800913299,1.26118473443843,1.09559046325215
64,12,"Prevalence",0.75,0.00390816410896015,1.05595855708124,0.915453327563555
65,12,"Prevalence",0.75,0.00388823643304247,1.03369951859179,0.910785443431548
66,12,"Prevalence",0.75,0.00424546598279255,1.13128454737583,0.994463347149302
67,12,"Prevalence",0.75,0.0034211903815702,0.914778744671363,0.801383982790368
68,12,"Prevalence",0.75,0.0038449508088421,1.03186660669131,0.900646163809433
69,12,"Prevalence",0.75,0.00413440049299247,1.09508515796076,0.968447225671236
70,12,"Prevalence",0.75,0.00350845935558019,0.939084132022808,0.821825978168024
71,12,"Prevalence",0.75,0.00347437319893797,0.926920432264074,0.81384159351784
72,12,"Prevalence",0.75,0.00401303462273165,1.0709024546507,0.940018329983818
73,12,"Prevalence",0.75,0.00418737835164522,1.11883467009644,0.980856826608829
74,12,"Prevalence",0.75,0.00379935918531501,1.02415556727765,0.889966723974439
75,12,"Prevalence",0.75,0.00390524489551718,1.03628423326071,0.914769527296793
76,12,"Prevalence",0.75,0.00418313405945112,1.13108569577708,0.979862638211429
77,12,"Prevalence",0.75,0.00387252345091962,1.04191972570072,0.907104814530292
78,12,"Prevalence",0.75,0.00408683754717826,1.09520004448794,0.957306020798455
79,12,"Prevalence",0.75,0.00420016448052713,1.13490429802066,0.983851865687352
80,12,"Prevalence",0.75,0.00386916021259471,1.04352300910721,0.9063170053109
81,12,"Prevalence",0.75,0.0037333609020409,1.00503482544511,0.874507202226558
82,12,"Prevalence",0.75,0.00402442531406397,1.07528625580704,0.942686499997335
83,12,"Prevalence",0.75,0.00486457182293571,1.30437579756176,1.13948348593357
84,12,"Prevalence",0.75,0.00371329147629852,0.996090568652315,0.86980611443548
85,12,"Prevalence",0.75,0.00376845677554349,1.00695489364835,0.882728104237305
86,12,"Prevalence",0.75,0.00424878721853745,1.13925411594682,0.995241317630969
87,12,"Prevalence",0.75,0.00409092454553977,1.0885281017786,0.958263364488605
88,12,"Prevalence",0.75,0.00396594558712086,1.0612138061206,0.928988134439367
89,12,"Prevalence",0.75,0.00335298129986684,0.8926847334823,0.785406600808824
90,12,"Prevalence",0.75,0.0038990442109268,1.0463006300988,0.913317071058216
91,12,"Prevalence",0.75,0.0042996092591349,1.1482922336357,1.00714593700759
92,12,"Prevalence",0.75,0.00432119000292902,1.17064005847838,1.01220103785976
93,12,"Prevalence",0.75,0.00422899028554692,1.13489865024227,0.99060405888839
94,12,"Prevalence",0.75,0.0036805953430469,0.995562745862189,0.862147330630825
95,12,"Prevalence",0.75,0.00430501715435424,1.14927235421341,1.00841268925638
96,12,"Prevalence",0.75,0.00393695502134755,1.06767356852065,0.922197347470031
97,12,"Prevalence",0.75,0.00403032765543348,1.07542608986372,0.944069071940708
98,12,"Prevalence",0.75,0.00434694720108916,1.16826993314294,1.01823443669026
99,12,"Prevalence",0.75,0.00475430138547641,1.27623353723101,1.11365359852619
100,12,"Prevalence",0.75,0.00385382935264173,1.03412452086939,0.90272588519233
101,12,"Prevalence",0.75,0.00393128042477607,1.05316521425754,0.920868122757586
102,12,"Prevalence",0.75,0.00361970059340858,0.976706271184285,0.8478832670876
103,12,"Prevalence",0.75,0.00374910675743974,1.00455335887994,0.878195531405773
104,12,"Prevalence",0.75,0.0043299543659837,1.16145507525604,1.01425401339985
105,12,"Prevalence",0.75,0.0042325337949444,1.13180816643276,0.991434095032916
106,12,"Prevalence",0.75,0.00345131889847553,0.918181537154872,0.80844132487902
107,12,"Prevalence",0.75,0.00354873102550108,0.940441589946614,0.831259265309448
108,12,"Prevalence",0.75,0.00410252747041199,1.09567596593113,0.960981248356228
109,12,"Prevalence",0.75,0.00404563101794254,1.08056666697168,0.947653751023072
110,12,"Prevalence",0.75,0.00377384455263309,1.01755015804146,0.883990143989812
111,12,"Prevalence",0.75,0.00445217553860258,1.20434426679203,1.04288325619858
112,12,"Prevalence",0.75,0.00357097262047506,0.955851982518466,0.83646916478183
113,12,"Prevalence",0.75,0.00395221181756672,1.05726610575839,0.925771118805463
114,12,"Prevalence",0.75,0.00358243406674243,0.957938985093317,0.839153908521253
115,12,"Prevalence",0.75,0.00404412541920014,1.0845472027465,0.947301077660266
116,12,"Prevalence",0.75,0.00377969549400636,1.0103978188944,0.885360675932751
117,12,"Prevalence",0.75,0.00389963366790778,1.05094865860017,0.91345514621055
118,12,"Prevalence",0.75,0.00427160559687388,1.15130571181839,1.00058632357118
119,12,"Prevalence",0.75,0.00395956696512104,1.06137267752721,0.927493997915867
120,12,"Prevalence",0.75,0.00423772186688822,1.14038500997432,0.992649355598286
121,12,"Prevalence",0.75,0.00395429042066984,1.05119100551624,0.926258013437932
122,12,"Prevalence",0.75,0.00425518721025109,1.1427665792082,0.996740459823385
123,12,"Prevalence",0.75,0.00399499267282536,1.0654797460553,0.935792160709199
124,12,"Prevalence",0.75,0.00383645885015676,1.03268269166142,0.898656996614997
125,12,"Prevalence",0.75,0.00398171801858136,1.07208322858963,0.932682688829021
1,12,"Prevalence",0.8,0.00422009173067379,1.13022709491033,0.988519650086198
2,12,"Prevalence",0.8,0.00439870244864354,1.18287661806634,1.03035765165043
3,12,"Prevalence",0.8,0.00336664230952117,0.892567150148904,0.788606573071323
4,12,"Prevalence",0.8,0.00372807901343147,0.999602051133631,0.873269965926214
5,12,"Prevalence",0.8,0.00414754010260292,1.11715243440336,0.971525064524825
6,12,"Prevalence",0.8,0.00413123768558074,1.10007149516195,0.96770636564366
7,12,"Prevalence",0.8,0.00340347105130576,0.914904707008599,0.797233384350654
8,12,"Prevalence",0.8,0.00375837094530118,1.008084155883,0.880365586543802
9,12,"Prevalence",0.8,0.00421214036672993,1.12830316959659,0.986657112491018
10,12,"Prevalence",0.8,0.00416749660835675,1.12111055543386,0.97619970179427
11,12,"Prevalence",0.8,0.00394747172212524,1.05527024579122,0.924660792825319
12,12,"Prevalence",0.8,0.00416868785940614,1.12046685556899,0.976478741953984
13,12,"Prevalence",0.8,0.00371475573673821,1.00926637522828,0.870149104661735
14,12,"Prevalence",0.8,0.00416167753515943,1.11454174142644,0.974836634693385
15,12,"Prevalence",0.8,0.00401637907234552,1.08380185791748,0.940801738111657
16,12,"Prevalence",0.8,0.003896413667785,1.04357306593775,0.912700889289663
17,12,"Prevalence",0.8,0.00403051001032216,1.09013533161641,0.944111786981576
18,12,"Prevalence",0.8,0.00373771060413428,0.999301774082436,0.875526081972723
19,12,"Prevalence",0.8,0.00397038004238727,1.0726029761734,0.930026866876478
20,12,"Prevalence",0.8,0.00393283078662452,1.05579584661995,0.921231281487241
21,12,"Prevalence",0.8,0.00365647451335609,0.977291623142859,0.856497236830162
22,12,"Prevalence",0.8,0.00432622545978698,1.16249172626338,1.01338054967347
23,12,"Prevalence",0.8,0.00407116536038385,1.09396997189241,0.953634947846775
24,12,"Prevalence",0.8,0.00367640795027911,0.988275431051079,0.861166470427361
25,12,"Prevalence",0.8,0.00410674539286811,1.11082152353929,0.961969259872686
26,12,"Prevalence",0.8,0.00410902767207746,1.10976872376864,0.962503863855112
27,12,"Prevalence",0.8,0.00378558951469747,1.02340760240977,0.886741298829841
28,12,"Prevalence",0.8,0.00456629098933823,1.21518744310366,1.06961380440223
29,12,"Prevalence",0.8,0.00395815472599354,1.06506656724547,0.927163193227907
30,12,"Prevalence",0.8,0.00425646178615917,1.14902934989726,0.997039018103889
31,12,"Prevalence",0.8,0.00380472141567124,1.01347860461601,0.891222779627665
32,12,"Prevalence",0.8,0.00430979340715046,1.16430954954779,1.00953148478126
33,12,"Prevalence",0.8,0.00417116435383705,1.11432507975317,0.977058839156732
34,12,"Prevalence",0.8,0.00383815183084274,1.04171317353426,0.899053562562398
35,12,"Prevalence",0.8,0.00405477976748745,1.08442537047907,0.949796765743129
36,12,"Prevalence",0.8,0.00362137722265128,0.965560563755565,0.848276002852145
37,12,"Prevalence",0.8,0.00408219848919933,1.0877811303444,0.956219361961941
38,12,"Prevalence",0.8,0.00434925695299329,1.15930598488542,1.01877547591163
39,12,"Prevalence",0.8,0.0040559542709502,1.09305579029554,0.950071882926859
40,12,"Prevalence",0.8,0.00390778883445842,1.03542992395271,0.915365422787344
41,12,"Prevalence",0.8,0.0039283945875284,1.05878827153772,0.920192140573228
42,12,"Prevalence",0.8,0.0039802150908789,1.06994290313524,0.932330641134013
43,12,"Prevalence",0.8,0.00390961975335639,1.04664345291849,0.91579429955682
44,12,"Prevalence",0.8,0.00385060564474893,1.03228404427399,0.90197075975868
45,12,"Prevalence",0.8,0.00409731788330286,1.09732301616321,0.959760948051191
46,12,"Prevalence",0.8,0.00354326328177307,0.95589883411735,0.829978494069933
47,12,"Prevalence",0.8,0.0041020225323617,1.09766003248767,0.960862971025629
48,12,"Prevalence",0.8,0.00447756091865384,1.19231924463285,1.04882955988273
49,12,"Prevalence",0.8,0.00382291184266752,1.01861767810053,0.895483728364528
50,12,"Prevalence",0.8,0.00434888154648651,1.16792175194928,1.01868754021438
51,12,"Prevalence",0.8,0.00395913812185632,1.08206132889781,0.927393545124546
52,12,"Prevalence",0.8,0.00435446761256954,1.15786219293741,1.01999602743272
53,12,"Prevalence",0.8,0.00407626648137055,1.09607479897827,0.954829840909447
54,12,"Prevalence",0.8,0.00416683253468842,1.12003867564577,0.976044148334268
55,12,"Prevalence",0.8,0.00409647966958293,1.10683164201401,0.959564603804191
56,12,"Prevalence",0.8,0.00410439031120184,1.10392275704169,0.961417602550224
57,12,"Prevalence",0.8,0.00423641896573356,1.14446893747168,0.992344162376022
58,12,"Prevalence",0.8,0.00430041839924759,1.15545249482632,1.00733547101588
59,12,"Prevalence",0.8,0.00371538623988354,0.999266493049404,0.870296794519758
60,12,"Prevalence",0.8,0.00397605215144574,1.07118039021309,0.931355508910728
61,12,"Prevalence",0.8,0.00455116358701497,1.22809803278595,1.06607034245741
62,12,"Prevalence",0.8,0.0040272259510634,1.07333429073541,0.943342524767262
63,12,"Prevalence",0.8,0.00393299860957961,1.05690316145421,0.921270592549519
64,12,"Prevalence",0.8,0.0039626372540753,1.06946105123767,0.928213186302383
65,12,"Prevalence",0.8,0.00378649835502659,1.01331746222553,0.886954186743531
66,12,"Prevalence",0.8,0.00422660890495374,1.12458654604028,0.990046241271869
67,12,"Prevalence",0.8,0.00380246219315892,1.02031910302144,0.890693576475241
68,12,"Prevalence",0.8,0.00404838027758077,1.09152036449998,0.948297741094616
69,12,"Prevalence",0.8,0.00364148530178729,0.968463932525985,0.852986144863267
70,12,"Prevalence",0.8,0.00450667764262463,1.20802447764263,1.05564989830856
71,12,"Prevalence",0.8,0.00380273549848903,1.01993342141581,0.890757595863095
72,12,"Prevalence",0.8,0.00373855835830152,1.01084148517696,0.875724660986211
73,12,"Prevalence",0.8,0.00383834762571515,1.0383730470265,0.899099425802132
74,12,"Prevalence",0.8,0.00428405075901124,1.1494973037114,1.00350149416614
75,12,"Prevalence",0.8,0.00377115700679079,1.013300640336,0.883360609836251
76,12,"Prevalence",0.8,0.00377624440195214,1.01919125964349,0.884552287744157
77,12,"Prevalence",0.8,0.00425317821703307,1.13552877057212,0.996269870698885
78,12,"Prevalence",0.8,0.00405693414281754,1.09084031232122,0.950301409358336
79,12,"Prevalence",0.8,0.00442261753715253,1.18220750363664,1.0359595523752
80,12,"Prevalence",0.8,0.00410868561999,1.11096870484001,0.962423741139436
81,12,"Prevalence",0.8,0.00408222345500724,1.09758792158403,0.956225209984512
82,12,"Prevalence",0.8,0.00394580405624002,1.05735814417509,0.924270156649021
83,12,"Prevalence",0.8,0.00406787731270211,1.08949239314929,0.952864751379194
84,12,"Prevalence",0.8,0.00377563982743266,1.01809590911525,0.884410671440397
85,12,"Prevalence",0.8,0.00406850064619895,1.08226688002432,0.953010761809664
86,12,"Prevalence",0.8,0.00395345267781244,1.05965609710753,0.926061779486384
87,12,"Prevalence",0.8,0.00440218061837433,1.17071990180651,1.03117238254839
88,12,"Prevalence",0.8,0.00410461266557701,1.10519282334592,0.961469687121642
89,12,"Prevalence",0.8,0.00411194323358601,1.10145077672247,0.963186808688107
90,12,"Prevalence",0.8,0.00439702758410079,1.18569809247519,1.02996532925143
91,12,"Prevalence",0.8,0.00396936410378666,1.06574676605775,0.929788892127569
92,12,"Prevalence",0.8,0.00402069512484404,1.07762027085739,0.941812735733952
93,12,"Prevalence",0.8,0.00385695098999665,1.02835786513633,0.903457101493472
94,12,"Prevalence",0.8,0.00384718275457395,1.03596349343111,0.90116897761412
95,12,"Prevalence",0.8,0.0041576819663649,1.10702964671559,0.973900707581191
96,12,"Prevalence",0.8,0.00365246697137208,0.980377785461891,0.85555850510284
97,12,"Prevalence",0.8,0.0042034725402316,1.13153285028548,0.984626749796565
98,12,"Prevalence",0.8,0.0036343925110591,0.970978647256966,0.851324720549239
99,12,"Prevalence",0.8,0.00374139934578951,1.0103008431099,0.876390137505879
100,12,"Prevalence",0.8,0.00453015877252168,1.21024624527398,1.06115014801659
101,12,"Prevalence",0.8,0.00384258833878278,1.01721875289288,0.900092775820394
102,12,"Prevalence",0.8,0.00405043059035053,1.08197358345627,0.948778008963426
103,12,"Prevalence",0.8,0.00389985265246703,1.04219135854228,0.913506441432013
104,12,"Prevalence",0.8,0.0041691033248421,1.11872756104285,0.976576061105695
105,12,"Prevalence",0.8,0.0041762120168229,1.1213103003016,0.978241210149341
106,12,"Prevalence",0.8,0.00397888445483162,1.05270559211292,0.932018951255261
107,12,"Prevalence",0.8,0.00370154546127563,0.994096466123943,0.867054712949125
108,12,"Prevalence",0.8,0.00456724404832942,1.22931789807016,1.06983705015153
109,12,"Prevalence",0.8,0.0041779824593421,1.11512758776423,0.978655920855002
110,12,"Prevalence",0.8,0.00401549124443735,1.06409126430623,0.940593772174151
111,12,"Prevalence",0.8,0.00386840417732669,1.03337123389291,0.906139910648916
112,12,"Prevalence",0.8,0.00428134893108039,1.15230170728211,1.002868614558
113,12,"Prevalence",0.8,0.00448977774479313,1.20850461602576,1.05169124476333
114,12,"Prevalence",0.8,0.00380938108624892,1.03965843550968,0.892314266785508
115,12,"Prevalence",0.8,0.00394963508943401,1.06264255093431,0.925167542733034
116,12,"Prevalence",0.8,0.00369109991902796,0.989174922853332,0.86460793585834
117,12,"Prevalence",0.8,0.00433312482650957,1.17849132064302,1.01499666610261
118,12,"Prevalence",0.8,0.00413087185466272,1.110405102137,0.967620672944496
119,12,"Prevalence",0.8,0.00343564227360746,0.914187646469248,0.804769212347325
120,12,"Prevalence",0.8,0.00385683768309823,1.03671047668911,0.90343056034159
121,12,"Prevalence",0.8,0.00376566879590731,1.00754382164454,0.882075044344237
122,12,"Prevalence",0.8,0.00420852757228612,1.14724190052731,0.985810846929195
123,12,"Prevalence",0.8,0.00452137949961908,1.21410095551263,1.05909367997477
124,12,"Prevalence",0.8,0.00416601389934577,1.11342243650195,0.975852390151251
125,12,"Prevalence",0.8,0.00408090378608647,1.09139331328932,0.955916089059411
1,12,"Prevalence",0.85,0.00376632495564296,1.00070524853872,0.882228744034596
2,12,"Prevalence",0.85,0.00386148772644604,1.02458078560475,0.90451979240487
3,12,"Prevalence",0.85,0.00399933433286116,1.08187097664829,0.936809156673573
4,12,"Prevalence",0.85,0.00409001272991669,1.09053834254215,0.958049779638281
5,12,"Prevalence",0.85,0.00366011513475628,0.973249871592895,0.857350020613604
6,12,"Prevalence",0.85,0.00394249823847429,1.0548879512923,0.923495797694385
7,12,"Prevalence",0.85,0.00404450839696241,1.08315136445025,0.947390786857989
8,12,"Prevalence",0.85,0.00380889528013698,1.0303628698054,0.892200470944459
9,12,"Prevalence",0.85,0.00391965074138395,1.04747216403219,0.918143970940262
10,12,"Prevalence",0.85,0.00406989882874913,1.08696749568273,0.953338273867089
11,12,"Prevalence",0.85,0.00390490692344118,1.04449457049539,0.914690360288203
12,12,"Prevalence",0.85,0.00405624814505815,1.08796742283214,0.950140720371374
13,12,"Prevalence",0.85,0.00371270991367767,0.99314711268488,0.869669888468101
14,12,"Prevalence",0.85,0.00417157105818077,1.11987037237734,0.977154106099063
15,12,"Prevalence",0.85,0.00361974332154087,0.987426056783436,0.847893275779609
16,12,"Prevalence",0.85,0.00400382775041162,1.07282489814701,0.937861700511043
17,12,"Prevalence",0.85,0.00416593341805866,1.12748302497095,0.975833538112273
18,12,"Prevalence",0.85,0.00417558065008501,1.12313513013484,0.978093318002288
19,12,"Prevalence",0.85,0.00393555752701196,1.0564776802421,0.921869996620858
20,12,"Prevalence",0.85,0.00405443271604686,1.09371563595073,0.949715471972641
21,12,"Prevalence",0.85,0.0041179899071022,1.11154876260685,0.964603189176947
22,12,"Prevalence",0.85,0.00404880415764673,1.08381974845265,0.948397031299957
23,12,"Prevalence",0.85,0.00426252184730305,1.15351534672759,0.998458534527651
24,12,"Prevalence",0.85,0.00422852104033036,1.14061630628996,0.990494142292527
25,12,"Prevalence",0.85,0.00404322084266033,1.07946155763142,0.947089188501995
26,12,"Prevalence",0.85,0.00376421021655533,1.00546975438186,0.881733384863194
27,12,"Prevalence",0.85,0.00389888847224324,1.04068671512452,0.913280590631062
28,12,"Prevalence",0.85,0.00422976430144213,1.13490342458185,0.990785365355341
29,12,"Prevalence",0.85,0.00393258229373383,1.06118824781735,0.92117307419672
30,12,"Prevalence",0.85,0.00403648627586558,1.08200386136021,0.945511675017385
31,12,"Prevalence",0.85,0.00403022708548492,1.08054927958925,0.944045514308139
32,12,"Prevalence",0.85,0.00380560930767903,1.01661530965068,0.89143076057994
33,12,"Prevalence",0.85,0.00437524951883614,1.17608565168802,1.02486400756724
34,12,"Prevalence",0.85,0.00418283023108904,1.11887627697336,0.979791469069793
35,12,"Prevalence",0.85,0.00401320078750905,1.06206339677525,0.940057252632456
36,12,"Prevalence",0.85,0.0038416087864081,1.03255602630886,0.89986332422729
37,12,"Prevalence",0.85,0.00409730023703079,1.08801936207251,0.959756814565999
38,12,"Prevalence",0.85,0.00416652473333318,1.12045992033603,0.975972048553654
39,12,"Prevalence",0.85,0.00361948871072527,0.976520985729541,0.847833635418603
40,12,"Prevalence",0.85,0.00451862127351999,1.19992994444291,1.05844758958804
41,12,"Prevalence",0.85,0.00461486801052505,1.24052185363704,1.08099254757903
42,12,"Prevalence",0.85,0.00382157378693994,1.02957856468399,0.895170300490441
43,12,"Prevalence",0.85,0.00436127719841185,1.17357659018873,1.02159111347436
44,12,"Prevalence",0.85,0.00409306149383221,1.09736665731922,0.958763925972365
45,12,"Prevalence",0.85,0.00369110746708536,0.992999052286593,0.864609703924899
46,12,"Prevalence",0.85,0.0040384164913407,1.09962036767347,0.945963811143287
47,12,"Prevalence",0.85,0.00393413369824284,1.05485645918923,0.921536477160509
48,12,"Prevalence",0.85,0.00381361952756353,1.01720598660224,0.893307084665459
49,12,"Prevalence",0.85,0.00428338286228709,1.15013482475782,1.00334504518869
50,12,"Prevalence",0.85,0.00434352492613892,1.16016490904265,1.01743279865672
51,12,"Prevalence",0.85,0.00409115565911065,1.09941715453762,0.95831750082516
52,12,"Prevalence",0.85,0.00413471706560597,1.11103584340782,0.968521380042528
53,12,"Prevalence",0.85,0.0041724311687007,1.12072249710731,0.977355579480313
54,12,"Prevalence",0.85,0.00409741381489805,1.10386995468207,0.959783419189964
55,12,"Prevalence",0.85,0.00393910147843285,1.05528315677893,0.922700136305512
56,12,"Prevalence",0.85,0.00418156140301922,1.1230936945168,0.979494257170223
57,12,"Prevalence",0.85,0.00390347962410636,1.05699240364853,0.91435602787813
58,12,"Prevalence",0.85,0.00411733552225146,1.10649741645269,0.96444990523788
59,12,"Prevalence",0.85,0.00394794655521566,1.05772512853533,0.924772018331859
60,12,"Prevalence",0.85,0.00443988040685859,1.19547913121499,1.04000322891363
61,12,"Prevalence",0.85,0.00375170304734877,1.00224705142739,0.878803689653547
62,12,"Prevalence",0.85,0.00403273057798496,1.08945453811208,0.944631935572908
63,12,"Prevalence",0.85,0.00376711073269968,1.00672938319778,0.882412805450961
64,12,"Prevalence",0.85,0.00391824444686998,1.03647087141588,0.917814558726115
65,12,"Prevalence",0.85,0.00414567590943686,1.12856778280073,0.971088393548506
66,12,"Prevalence",0.85,0.00454840141526737,1.22644852147175,1.06542332783696
67,12,"Prevalence",0.85,0.00404749289059265,1.08758887179523,0.948089878438787
68,12,"Prevalence",0.85,0.00416072684276056,1.11677499905706,0.974613943297688
69,12,"Prevalence",0.85,0.00396463662560404,1.05931417130918,0.928681521630165
70,12,"Prevalence",0.85,0.00413447377968872,1.11741286813757,0.968464392440096
71,12,"Prevalence",0.85,0.00393370054741253,1.06360884028702,0.92143501535955
72,12,"Prevalence",0.85,0.00378720412890302,1.01857282341997,0.88711950811327
73,12,"Prevalence",0.85,0.00398052373623338,1.05941770613612,0.932402938614081
74,12,"Prevalence",0.85,0.00425859348279813,1.14186158603266,0.99753834943367
75,12,"Prevalence",0.85,0.00392759586930116,1.04847277423527,0.920005047800628
76,12,"Prevalence",0.85,0.00397788319212194,1.0633422898264,0.931784414205694
77,12,"Prevalence",0.85,0.00384384238313302,1.03391049455814,0.900386524762697
78,12,"Prevalence",0.85,0.00398388489185625,1.07059527237159,0.933190259978696
79,12,"Prevalence",0.85,0.00388931226594731,1.03968849360826,0.911037447898397
80,12,"Prevalence",0.85,0.00436043599947809,1.17572451869108,1.02139406996708
81,12,"Prevalence",0.85,0.00375695396381465,1.01758026988864,0.880033670999626
82,12,"Prevalence",0.85,0.00354098372325377,0.955864951983489,0.829444527385395
83,12,"Prevalence",0.85,0.00382526320433346,1.03216150390565,0.896034514309383
84,12,"Prevalence",0.85,0.00370127958385283,0.992787464302137,0.866992433483716
85,12,"Prevalence",0.85,0.00412383987953274,1.10452598735686,0.965973494153494
86,12,"Prevalence",0.85,0.00385825405205704,1.03225574545165,0.903762332406484
87,12,"Prevalence",0.85,0.00443385488105306,1.18106515868981,1.03859180209141
88,12,"Prevalence",0.85,0.0042342377937925,1.14523588465293,0.991833241888619
89,12,"Prevalence",0.85,0.0041406179865047,1.12062755083166,0.969903619253024
90,12,"Prevalence",0.85,0.00353466525867914,0.960750782800726,0.827964482213637
91,12,"Prevalence",0.85,0.0041413140130999,1.104322508754,0.970066657407233
92,12,"Prevalence",0.85,0.00417624921019467,1.12819911914657,0.97824992237201
93,12,"Prevalence",0.85,0.00434260896070242,1.16702536109564,1.01721824174882
94,12,"Prevalence",0.85,0.00417426531754019,1.12862477625145,0.977785212835404
95,12,"Prevalence",0.85,0.00376192624358264,1.01396468764943,0.881198384131485
96,12,"Prevalence",0.85,0.00458678546167131,1.24131713719938,1.07441445564689
97,12,"Prevalence",0.85,0.00411637069199633,1.1074653197977,0.964223902172761
98,12,"Prevalence",0.85,0.00438108848000657,1.17158546064114,1.02623173325224
99,12,"Prevalence",0.85,0.0039075200722422,1.04754254712711,0.915302467584267
100,12,"Prevalence",0.85,0.00398830724356905,1.08355543855448,0.934226157264042
101,12,"Prevalence",0.85,0.00394306826304456,1.04707064938304,0.923629320974131
102,12,"Prevalence",0.85,0.00392111067712504,1.06065290700474,0.918485948143612
103,12,"Prevalence",0.85,0.00421886502906528,1.13027963162943,0.988232305942474
104,12,"Prevalence",0.85,0.00391676329656355,1.0496344558012,0.917467612196025
105,12,"Prevalence",0.85,0.00401291919648682,1.08212073268503,0.939991292393536
106,12,"Prevalence",0.85,0.00424699472514779,1.13138980743384,0.994821441701396
107,12,"Prevalence",0.85,0.00395012295310238,1.05984404558575,0.925281820538716
108,12,"Prevalence",0.85,0.00399094312221313,1.06744828696081,0.934843588827427
109,12,"Prevalence",0.85,0.00413793293444259,1.11461760219216,0.969274669245704
110,12,"Prevalence",0.85,0.00378342641318766,1.01730218198054,0.886234611183207
111,12,"Prevalence",0.85,0.00423372894613091,1.13551244946041,0.991714048765694
112,12,"Prevalence",0.85,0.00438629663185074,1.17420092879471,1.02745169735899
113,12,"Prevalence",0.85,0.00367254172392755,0.984077593623448,0.860260840653384
114,12,"Prevalence",0.85,0.00433480529691363,1.16604270929701,1.01539030162568
115,12,"Prevalence",0.85,0.00381821966297551,1.0234572591061,0.894384626230434
116,12,"Prevalence",0.85,0.00385552289799988,1.03042167158769,0.903122583409263
117,12,"Prevalence",0.85,0.00402406854585371,1.08786675452884,0.942602930158364
118,12,"Prevalence",0.85,0.00365656838574278,0.982197092350889,0.856519225617309
119,12,"Prevalence",0.85,0.00414113508915072,1.10737606018676,0.970024746033983
120,12,"Prevalence",0.85,0.00404191219375908,1.08541510288247,0.946782648920272
121,12,"Prevalence",0.85,0.00354192744185224,0.952247101560086,0.829665585229233
122,12,"Prevalence",0.85,0.00429426603823063,1.15964037070597,1.00589433415255
123,12,"Prevalence",0.85,0.00413476150241736,1.12475204965148,0.968531788977702
124,12,"Prevalence",0.85,0.00413127388802253,1.112824463948,0.967714845749633
125,12,"Prevalence",0.85,0.00395064532912457,1.05550197823742,0.925404182562011
1,12,"Prevalence",0.9,0.00381689615409653,1.03614809873496,0.894074605828637
2,12,"Prevalence",0.9,0.00375885407307838,1.00515899220576,0.880478755008309
3,12,"Prevalence",0.9,0.00429238786050415,1.1639846823874,1.00545438741502
4,12,"Prevalence",0.9,0.00411353694135973,1.11036023288877,0.963560120822384
5,12,"Prevalence",0.9,0.00374213535462333,1.00370538505954,0.876562541150451
6,12,"Prevalence",0.9,0.0041239225328659,1.0999901176044,0.965992854975293
7,12,"Prevalence",0.9,0.00385236378945655,1.03397552391835,0.902382589809326
8,12,"Prevalence",0.9,0.00470146022186085,1.25271000830515,1.10127601720782
9,12,"Prevalence",0.9,0.00460674892803805,1.23087256829368,1.07909072337915
10,12,"Prevalence",0.9,0.0043178149519981,1.16264250710764,1.01141046164053
11,12,"Prevalence",0.9,0.00374857860567976,0.994879611871058,0.878071816466306
12,12,"Prevalence",0.9,0.00358624364690824,0.964166350158222,0.840046269420684
13,12,"Prevalence",0.9,0.00404279950986452,1.08574954974693,0.946990494972452
14,12,"Prevalence",0.9,0.00457647798587122,1.22664079698589,1.07200001941624
15,12,"Prevalence",0.9,0.00463317762561976,1.24785224759408,1.08528141508754
16,12,"Prevalence",0.9,0.00459955987128726,1.23727996527502,1.07740674958965
17,12,"Prevalence",0.9,0.00429974620267783,1.15798551320364,1.00717801483712
18,12,"Prevalence",0.9,0.00397111001833813,1.06966155610328,0.930197857370907
19,12,"Prevalence",0.9,0.00384125036015749,1.0298392569033,0.899779366006843
20,12,"Prevalence",0.9,0.00431563979309008,1.15359503991221,1.01090094965361
21,12,"Prevalence",0.9,0.00406343284660959,1.08720964122258,0.951823673993441
22,12,"Prevalence",0.9,0.00379475835267078,1.02115923987952,0.888889019088903
23,12,"Prevalence",0.9,0.003993381837098,1.06530831227458,0.935414836501298
24,12,"Prevalence",0.9,0.00413606974377932,1.10595590424901,0.968838233096906
25,12,"Prevalence",0.9,0.00408744267498227,1.10662949090211,0.957447766704291
26,12,"Prevalence",0.9,0.00395765702952983,1.06123519217247,0.927046612175744
27,12,"Prevalence",0.9,0.00461177946809148,1.23253899416181,1.08026908347432
28,12,"Prevalence",0.9,0.00367984780789236,0.991272578725855,0.861972227046223
29,12,"Prevalence",0.9,0.00448302371345727,1.20517070935692,1.05010917187987
30,12,"Prevalence",0.9,0.00396475744999864,1.07186057198156,0.928709823689908
31,12,"Prevalence",0.9,0.00416985240669379,1.13178524745557,0.976751526990611
32,12,"Prevalence",0.9,0.00411226246615344,1.11368210998442,0.963261586130401
33,12,"Prevalence",0.9,0.00407221770501691,1.0928288488885,0.953881450391
34,12,"Prevalence",0.9,0.00427749671536038,1.15389532719197,1.00196626665217
35,12,"Prevalence",0.9,0.0041729157096469,1.12576819195856,0.977469078967331
36,12,"Prevalence",0.9,0.0045186886225972,1.20080609202803,1.05846336552147
37,12,"Prevalence",0.9,0.00392885522702297,1.0508946481224,0.920300041353836
38,12,"Prevalence",0.9,0.00409951552342429,1.09640972070228,0.960275726066104
39,12,"Prevalence",0.9,0.00393229392418571,1.06332078791328,0.921105526147293
40,12,"Prevalence",0.9,0.00406513606566508,1.09307296347735,0.952222638189536
41,12,"Prevalence",0.9,0.00432480589210021,1.16442776748368,1.01304802833446
42,12,"Prevalence",0.9,0.00360093475139754,0.970023236835534,0.843487532406409
43,12,"Prevalence",0.9,0.00395390253685688,1.04831585451715,0.926167155040651
44,12,"Prevalence",0.9,0.00429637106193162,1.15663870388943,1.00638741757943
45,12,"Prevalence",0.9,0.0040498402889542,1.09139558152568,0.948639736014182
46,12,"Prevalence",0.9,0.00456952385845355,1.2326069870947,1.0703710757723
47,12,"Prevalence",0.9,0.0040956890386104,1.11124619333709,0.959379405400421
48,12,"Prevalence",0.9,0.00421326346512351,1.12892569329512,0.986920188486027
49,12,"Prevalence",0.9,0.00399406767563297,1.08399625514642,0.935575488191332
50,12,"Prevalence",0.9,0.00382593437013719,1.02340540762117,0.8961917290402
51,12,"Prevalence",0.9,0.00372648386660049,1.00613515012716,0.872896316705337
52,12,"Prevalence",0.9,0.00434994999881926,1.15619988252729,1.01893781584666
53,12,"Prevalence",0.9,0.00396574047955275,1.06752124907409,0.928940089781947
54,12,"Prevalence",0.9,0.00400623703525972,1.07886269174555,0.938426054455702
55,12,"Prevalence",0.9,0.00424917204658037,1.1381745075938,0.9953314602408
56,12,"Prevalence",0.9,0.00410307199744937,1.09805634338845,0.961108799061475
57,12,"Prevalence",0.9,0.00366170347191654,0.98715827119455,0.857722074728559
58,12,"Prevalence",0.9,0.00382087209977623,1.01765575546157,0.895005936397468
59,12,"Prevalence",0.9,0.00415990763014834,1.116828265371,0.9744220498943
60,12,"Prevalence",0.9,0.00397345291097697,1.06471579367726,0.930746659520081
61,12,"Prevalence",0.9,0.0038915568597523,1.04479839989439,0.911563224403818
62,12,"Prevalence",0.9,0.00434581275664473,1.17490198862962,1.01796870298189
63,12,"Prevalence",0.9,0.00413829818164609,1.10647270894281,0.969360225214824
64,12,"Prevalence",0.9,0.00429116185265043,1.13592698202972,1.00516720577729
65,12,"Prevalence",0.9,0.00405766452096426,1.09770568224713,0.950472494063622
66,12,"Prevalence",0.9,0.00413147649123907,1.1112427769398,0.967762303784549
67,12,"Prevalence",0.9,0.00393474052693811,1.05436447957758,0.921678621485289
68,12,"Prevalence",0.9,0.00406130205870901,1.09305848860499,0.95132455552771
69,12,"Prevalence",0.9,0.00446416911981501,1.18672777707384,1.04569264790378
70,12,"Prevalence",0.9,0.0038428202836883,1.02590347299747,0.90014710688983
71,12,"Prevalence",0.9,0.00404550379415652,1.07190930978274,0.947623949961759
72,12,"Prevalence",0.9,0.00434413858094136,1.16850389940464,1.01757654193751
73,12,"Prevalence",0.9,0.00421629976869172,1.12891416793119,0.987631416092515
74,12,"Prevalence",0.9,0.00368219274064462,0.992671547750103,0.862521507074166
75,12,"Prevalence",0.9,0.00387557584543762,1.04412959672564,0.907819811301311
76,12,"Prevalence",0.9,0.00411806959557103,1.10617013087401,0.964621855505158
77,12,"Prevalence",0.9,0.00401570975552848,1.08759627498154,0.940644956489838
78,12,"Prevalence",0.9,0.00417217170057485,1.11885333518746,0.97729480133678
79,12,"Prevalence",0.9,0.00407127607172603,1.08525506550657,0.95366088101227
80,12,"Prevalence",0.9,0.00437680603040981,1.17035003584241,1.02522860681635
81,12,"Prevalence",0.9,0.00376241711028348,1.00434209260576,0.881313365371315
82,12,"Prevalence",0.9,0.00396962291973423,1.07005803501667,0.929849517504053
83,12,"Prevalence",0.9,0.00393450060263108,1.05672340131837,0.921622421310693
84,12,"Prevalence",0.9,0.00436285746514594,1.17896792978929,1.02196127716244
85,12,"Prevalence",0.9,0.00460767953264997,1.24174227636896,1.07930870938611
86,12,"Prevalence",0.9,0.00426464338072418,1.1537899283884,0.998955485212359
87,12,"Prevalence",0.9,0.00394347546106177,1.06127167848076,0.92372470355518
88,12,"Prevalence",0.9,0.00399534667943758,1.07868501940197,0.93587508366793
89,12,"Prevalence",0.9,0.00412192018632097,1.10684958588732,0.965523822775921
90,12,"Prevalence",0.9,0.00383555802286115,1.02941872204191,0.898445985684451
91,12,"Prevalence",0.9,0.00432141208982147,1.16697609205815,1.01225305977569
92,12,"Prevalence",0.9,0.00379719603775569,1.02668517182111,0.889460025541114
93,12,"Prevalence",0.9,0.00415784154319502,1.10936612624196,0.973938087060671
94,12,"Prevalence",0.9,0.00360967873992133,0.966003805523952,0.845535735390504
95,12,"Prevalence",0.9,0.00411232220015038,1.10451847059539,0.963275578297761
96,12,"Prevalence",0.9,0.00433270682552557,1.17289146308968,1.0148987530209
97,12,"Prevalence",0.9,0.00472187531485528,1.26798435587161,1.1060580745353
98,12,"Prevalence",0.9,0.00391312335645986,1.05065688152563,0.916614988000324
99,12,"Prevalence",0.9,0.00456888718508828,1.22370029647412,1.07022194059409
100,12,"Prevalence",0.9,0.00386548598773904,1.05047859530681,0.905456350211327
101,12,"Prevalence",0.9,0.00370853700909936,1.00626687316133,0.868692421996555
102,12,"Prevalence",0.9,0.00381799042808805,1.02171715324491,0.894330929959065
103,12,"Prevalence",0.9,0.00403175249383241,1.06993074276113,0.944402827898023
104,12,"Prevalence",0.9,0.00421996439006435,1.12934921383789,0.988489821660018
105,12,"Prevalence",0.9,0.00372056229371174,1.00570246488968,0.87150923994646
106,12,"Prevalence",0.9,0.00405774964108124,1.08736719272026,0.950492432708002
107,12,"Prevalence",0.9,0.00363141890840133,0.970067735489423,0.850628180083695
108,12,"Prevalence",0.9,0.00422915315646723,1.13101130576361,0.990642209979751
109,12,"Prevalence",0.9,0.00408773775275259,1.09351408807724,0.957516886096212
110,12,"Prevalence",0.9,0.00418795097961551,1.13204530941252,0.980990959712311
111,12,"Prevalence",0.9,0.0040414239184072,1.08433573129391,0.946668274681322
112,12,"Prevalence",0.9,0.00422574218248411,1.13854736048895,0.989843219099109
113,12,"Prevalence",0.9,0.00446418540977068,1.20231389586975,1.04569646368371
114,12,"Prevalence",0.9,0.00392414796192981,1.04779121468823,0.919197405596203
115,12,"Prevalence",0.9,0.00405814682938022,1.10130887146063,0.950585470599915
116,12,"Prevalence",0.9,0.00403948101729664,1.07680673531071,0.94621316705606
117,12,"Prevalence",0.9,0.00422804126296821,1.14141641724261,0.990381758633487
118,12,"Prevalence",0.9,0.00434044853803024,1.16882919375893,1.01671218159654
119,12,"Prevalence",0.9,0.00405426140873144,1.07953122305775,0.949675344729367
120,12,"Prevalence",0.9,0.00414521681418798,1.10387031012258,0.970980854493956
121,12,"Prevalence",0.9,0.00415345395209745,1.13046250504819,0.972910332146025
122,12,"Prevalence",0.9,0.00418854915823866,1.13192306136826,0.981131077833198
123,12,"Prevalence",0.9,0.00393759547458828,1.06240029545872,0.922347368051062
124,12,"Prevalence",0.9,0.00414226001799455,1.10941382040824,0.970288250795981
125,12,"Prevalence",0.9,0.0039315917784459,1.0455271229457,0.920941054636883
1,12,"Prevalence",0.95,0.00363378706473856,0.971355712080769,0.851182900033695
2,12,"Prevalence",0.95,0.00391703454558063,1.06252443063374,0.917531149910499
3,12,"Prevalence",0.95,0.00447405611475541,1.20259975293202,1.0480085901635
4,12,"Prevalence",0.95,0.00411461906693254,1.11906238632283,0.963813599291774
5,12,"Prevalence",0.95,0.00392351596784877,1.05513453342254,0.919049366499491
6,12,"Prevalence",0.95,0.00435874944324075,1.18014126608246,1.0209990088907
7,12,"Prevalence",0.95,0.0039367092762626,1.06751351235504,0.922139783829031
8,12,"Prevalence",0.95,0.00385120119810166,1.03653200294705,0.902110262932883
9,12,"Prevalence",0.95,0.00387223213256491,1.0353880667059,0.907036575748659
10,12,"Prevalence",0.95,0.00409562280995303,1.09150094315761,0.959363891915546
11,12,"Prevalence",0.95,0.00358048955085949,0.953185847980764,0.838698422649647
12,12,"Prevalence",0.95,0.00403949712623057,1.08484048549959,0.946216940433212
13,12,"Prevalence",0.95,0.00420449738834409,1.12961963222044,0.984866811520859
14,12,"Prevalence",0.95,0.00453589821216029,1.22256318643898,1.06249456165149
15,12,"Prevalence",0.95,0.00422682309929029,1.13241131355986,0.990096414425477
16,12,"Prevalence",0.95,0.00383263095769916,1.02445690075837,0.897760346221051
17,12,"Prevalence",0.95,0.00432650753006784,1.15621002593602,1.01344662217452
18,12,"Prevalence",0.95,0.00408996354499642,1.10262387085851,0.958038258500056
19,12,"Prevalence",0.95,0.00420865657691202,1.13598935836856,0.985841065136709
20,12,"Prevalence",0.95,0.00405496733528325,1.10064938304308,0.949840701861987
21,12,"Prevalence",0.95,0.00461367746541667,1.24846932148208,1.08071367277984
22,12,"Prevalence",0.95,0.0045263666657048,1.21309875110058,1.06026188009661
23,12,"Prevalence",0.95,0.00405452139652097,1.09003229693771,0.949736244599594
24,12,"Prevalence",0.95,0.00406169085235572,1.09850795762856,0.951415627045614
25,12,"Prevalence",0.95,0.0038049431462668,1.02219596699643,0.89127471808416
26,12,"Prevalence",0.95,0.00397377880298291,1.0605603385237,0.930822996877713
27,12,"Prevalence",0.95,0.00415559609384725,1.11363054037997,0.973412110151834
28,12,"Prevalence",0.95,0.00387313583414659,1.03379354253958,0.907248259955626
29,12,"Prevalence",0.95,0.00450009631336554,1.20238568283215,1.05410827937905
30,12,"Prevalence",0.95,0.00403256593960906,1.07080939766664,0.944593370470512
31,12,"Prevalence",0.95,0.00388914992394959,1.05253769873849,0.910999420702549
32,12,"Prevalence",0.95,0.00425544175568578,1.16064487889179,0.996800084869501
33,12,"Prevalence",0.95,0.00426738079103098,1.1400084200846,0.99959669968145
34,12,"Prevalence",0.95,0.00403988923507576,1.08738469534397,0.946308788507428
35,12,"Prevalence",0.95,0.00435675465702875,1.18060526123831,1.02053174763333
36,12,"Prevalence",0.95,0.00438030845925119,1.17903667473065,1.02604902019921
37,12,"Prevalence",0.95,0.00383283459982181,1.02753991117168,0.897808047610665
38,12,"Prevalence",0.95,0.0038266688140772,1.03899763269196,0.896363766122075
39,12,"Prevalence",0.95,0.0047496673261523,1.281341710571,1.11256811058093
40,12,"Prevalence",0.95,0.00405066067236502,1.08719472880705,0.948831903666914
41,12,"Prevalence",0.95,0.0041850732469269,1.11265092254394,0.980316875950174
42,12,"Prevalence",0.95,0.00418711367894174,1.1354091763435,0.980794829338409
43,12,"Prevalence",0.95,0.00414658487901311,1.11070071315721,0.971301311737206
44,12,"Prevalence",0.95,0.00413328069157124,1.09714688043332,0.968184921963229
45,12,"Prevalence",0.95,0.00440439645227696,1.19594867575597,1.03169142229773
46,12,"Prevalence",0.95,0.00435980468702579,1.18071913641819,1.02124619053597
47,12,"Prevalence",0.95,0.00382302278708517,1.0433558964912,0.895509716125908
48,12,"Prevalence",0.95,0.00467573751951761,1.25626058044967,1.0952506987213
49,12,"Prevalence",0.95,0.00420751926220642,1.12978962282369,0.985574659094712
50,12,"Prevalence",0.95,0.00394220627068784,1.06617532720266,0.923427406789038
51,12,"Prevalence",0.95,0.00452188383688372,1.22430844059727,1.05921181657657
52,12,"Prevalence",0.95,0.00418257890863431,1.12494502035653,0.979732598978596
53,12,"Prevalence",0.95,0.00398964932808572,1.07259892874749,0.934540528846813
54,12,"Prevalence",0.95,0.00428277720385686,1.15905368807649,1.00320317498827
55,12,"Prevalence",0.95,0.00403655531500919,1.06994018353198,0.945527846834121
56,12,"Prevalence",0.95,0.00361026125911672,0.982314010030638,0.845672185427121
57,12,"Prevalence",0.95,0.00388045248839554,1.0486477634533,0.908962122345255
58,12,"Prevalence",0.95,0.00429179857562627,1.14573016496512,1.00531635257633
59,12,"Prevalence",0.95,0.00409013770819538,1.10159499716956,0.958079054709103
60,12,"Prevalence",0.95,0.00389266583349611,1.048829573938,0.911822991822913
61,12,"Prevalence",0.95,0.00394777585802691,1.05855488341225,0.924732034005442
62,12,"Prevalence",0.95,0.00389708023276414,1.04563770818553,0.91285702631748
63,12,"Prevalence",0.95,0.0046917528078641,1.27180752011125,1.09900214021658
64,12,"Prevalence",0.95,0.00423946648771553,1.13491713953753,0.993058017798017
65,12,"Prevalence",0.95,0.00487414862874296,1.32375398762292,1.14172676909652
66,12,"Prevalence",0.95,0.00435613131609676,1.15863214154691,1.02038573546125
67,12,"Prevalence",0.95,0.00383848479616355,1.0338656642634,0.899131556782285
68,12,"Prevalence",0.95,0.0037778185891647,1.01272330995504,0.884921027357379
69,12,"Prevalence",0.95,0.00395380801953611,1.05208544601632,0.926145015183306
70,12,"Prevalence",0.95,0.00454767506468708,1.21844990735078,1.06525318655395
71,12,"Prevalence",0.95,0.00417269600801063,1.11669869229229,0.977417615776849
72,12,"Prevalence",0.95,0.00414929917068487,1.11452040788426,0.97193711086785
73,12,"Prevalence",0.95,0.00356317900649008,0.967456478881785,0.834643578737495
74,12,"Prevalence",0.95,0.00359086848627632,0.955116807055232,0.841129597671727
75,12,"Prevalence",0.95,0.00422425579031278,1.13679161652391,0.989495044707922
76,12,"Prevalence",0.95,0.00407612912582765,1.09194630369562,0.954797666572522
77,12,"Prevalence",0.95,0.0042861090574432,1.14757590941224,1.00398363260663
78,12,"Prevalence",0.95,0.00379089548558565,1.02150770343478,0.887984176193768
79,12,"Prevalence",0.95,0.00418967469674252,1.13725028952755,0.981394725402725
80,12,"Prevalence",0.95,0.00392972240620626,1.0486758560369,0.920503170507781
81,12,"Prevalence",0.95,0.00460990406924546,1.24076889258492,1.07982978766527
82,12,"Prevalence",0.95,0.00413860511855344,1.10458854536934,0.969432122506067
83,12,"Prevalence",0.95,0.00415520293840715,1.11455721254653,0.973320016921902
84,12,"Prevalence",0.95,0.00413934294467556,1.114359478031,0.96960495183458
85,12,"Prevalence",0.95,0.00378029190953188,1.01637569578487,0.885500381063405
86,12,"Prevalence",0.95,0.00426531624315352,1.15323099284463,0.999113097362914
87,12,"Prevalence",0.95,0.00436724689182682,1.18036664412155,1.02298946204646
88,12,"Prevalence",0.95,0.00407922821018615,1.09147340481642,0.955523600031118
89,12,"Prevalence",0.95,0.00374109544853721,1.00979844457623,0.876318952227287
90,12,"Prevalence",0.95,0.00408807067564764,1.10100024061064,0.957594870378249
91,12,"Prevalence",0.95,0.00448656308994241,1.22213962050571,1.05093823992575
92,12,"Prevalence",0.95,0.00386119316890962,1.04119790715743,0.904450794873212
93,12,"Prevalence",0.95,0.00434639904668515,1.16916434913047,1.01810603630604
94,12,"Prevalence",0.95,0.00444878118746076,1.17988689574018,1.04208815907341
95,12,"Prevalence",0.95,0.00402775655593878,1.07845446326408,0.94346681432759
96,12,"Prevalence",0.95,0.00400918063347441,1.07828277219098,0.939115566642371
97,12,"Prevalence",0.95,0.00348009999480703,0.937636564206026,0.815183045460099
98,12,"Prevalence",0.95,0.0041195599720198,1.0955737168981,0.964970963178551
99,12,"Prevalence",0.95,0.00408226704551465,1.08423137999507,0.956235420680355
100,12,"Prevalence",0.95,0.00424637413495602,1.13291127777212,0.994676073866198
101,12,"Prevalence",0.95,0.0036912916521194,0.989366568478235,0.864652847661349
102,12,"Prevalence",0.95,0.0046085574079075,1.24637814893303,1.07951434400207
103,12,"Prevalence",0.95,0.00429667912805417,1.15264228446112,1.00645957937948
104,12,"Prevalence",0.95,0.00385443419451419,1.0414802363979,0.902867564121206
105,12,"Prevalence",0.95,0.0042582988716265,1.14414333544514,0.997469339338415
106,12,"Prevalence",0.95,0.00417218239262103,1.13280967756632,0.97729730585525
107,12,"Prevalence",0.95,0.00367728364514981,0.981326963436155,0.861371594306745
108,12,"Prevalence",0.95,0.00408731659708981,1.0923700587566,0.957418234058543
109,12,"Prevalence",0.95,0.00440925414608315,1.18315977318445,1.03282929466828
110,12,"Prevalence",0.95,0.00385438630451189,1.02615946809212,0.902856346306207
111,12,"Prevalence",0.95,0.0043081137387431,1.15350070984056,1.00913803711891
112,12,"Prevalence",0.95,0.00409464902074019,1.100393877935,0.959135790292791
113,12,"Prevalence",0.95,0.00390965421167912,1.05438280575486,0.915802371118129
114,12,"Prevalence",0.95,0.00402979815671201,1.08116773876565,0.943945041487275
115,12,"Prevalence",0.95,0.00448021252127523,1.21139598293295,1.04945067465054
116,12,"Prevalence",0.95,0.00396830810433107,1.07113268477999,0.929541533473076
117,12,"Prevalence",0.95,0.00396447640001675,1.06748749339066,0.928643990184987
118,12,"Prevalence",0.95,0.00411183051713492,1.09779081992243,0.963160405843361
119,12,"Prevalence",0.95,0.004399659475357,1.18497669060048,1.03058182680402
120,12,"Prevalence",0.95,0.0039703075918907,1.06242741013554,0.930009895980097
121,12,"Prevalence",0.95,0.00402216484813988,1.07423303719571,0.942157005586559
122,12,"Prevalence",0.95,0.00389045384972128,1.05167216169968,0.91130485393239
123,12,"Prevalence",0.95,0.00405232413088475,1.08737910723462,0.94922155430458
124,12,"Prevalence",0.95,0.00452100255499497,1.20101337236132,1.05900538398697
125,12,"Prevalence",0.95,0.00420391937186112,1.13252449039284,0.984731416205327
1,12,"Prevalence",1,0.00403932116461403,1.08654958141936,0.946175722960532
2,12,"Prevalence",1,0.00388648529748691,1.03687700249238,0.910375255213596
3,12,"Prevalence",1,0.0041110361001668,1.10114419937724,0.962974320603163
4,12,"Prevalence",1,0.00387291173631304,1.03494806023196,0.907195766994294
5,12,"Prevalence",1,0.00392309497247527,1.04900041183082,0.918950752008178
6,12,"Prevalence",1,0.00439733726910245,1.17748678062962,1.03003787025979
7,12,"Prevalence",1,0.0041944510470336,1.1227114912809,0.982513543764923
8,12,"Prevalence",1,0.00462560887691161,1.24335710318621,1.08350850177142
9,12,"Prevalence",1,0.00441630471059938,1.17860662339308,1.03448082786076
10,12,"Prevalence",1,0.00431100918437413,1.16931296290718,1.0098162699832
11,12,"Prevalence",1,0.00408425831073402,1.0946877718754,0.956701857175934
12,12,"Prevalence",1,0.00410792720503894,1.09720125400859,0.962246089057482
13,12,"Prevalence",1,0.00458232910543628,1.22219718643736,1.07337059309904
14,12,"Prevalence",1,0.00383358248448733,1.01711090639112,0.897983233065161
15,12,"Prevalence",1,0.00404706398328212,1.08535424768764,0.947989410645281
16,12,"Prevalence",1,0.00426367223275811,1.15516733423975,0.998728002278599
17,12,"Prevalence",1,0.0046989670311738,1.2620944106023,1.10069200905282
18,12,"Prevalence",1,0.00450421633499052,1.2119086872298,1.0550733584804
19,12,"Prevalence",1,0.00435331232799799,1.17733429558663,1.01972541210649
20,12,"Prevalence",1,0.00426702171452656,1.16197929826183,0.999512589144732
21,12,"Prevalence",1,0.00431050379394853,1.15732885152252,1.00969788668764
22,12,"Prevalence",1,0.00448860731798098,1.20790005562268,1.05141708249941
23,12,"Prevalence",1,0.00419611757596178,1.12236093983357,0.982903913618965
24,12,"Prevalence",1,0.00428156139863544,1.13412096698909,1.00291838322812
25,12,"Prevalence",1,0.00423597329982808,1.14043011008753,0.992239769027961
26,12,"Prevalence",1,0.00425608330388558,1.12959357458971,0.996950361935137
27,12,"Prevalence",1,0.00441366468325655,1.18386345526786,1.03386242450089
28,12,"Prevalence",1,0.00361740155919857,0.962074942291981,0.847344738392534
29,12,"Prevalence",1,0.00374759632597797,0.997809542364645,0.877841726020629
30,12,"Prevalence",1,0.0039232761839337,1.05316565648754,0.918993199210493
31,12,"Prevalence",1,0.00386468425566182,1.03690486484163,0.905268551470678
32,12,"Prevalence",1,0.00456900005257447,1.21688009102693,1.07024837881751
33,12,"Prevalence",1,0.00394320353220894,1.05939963557882,0.923661006595109
34,12,"Prevalence",1,0.00394633989675698,1.06304385240211,0.924395672612684
35,12,"Prevalence",1,0.00377789807263244,1.007459376561,0.884939645665882
36,12,"Prevalence",1,0.00410106725461971,1.10116879460095,0.960639205553331
37,12,"Prevalence",1,0.00469709226816487,1.2743964363142,1.10025286218307
38,12,"Prevalence",1,0.00410584560113778,1.12702998111629,0.961758491514281
39,12,"Prevalence",1,0.00376185901131607,1.01758699593724,0.881182635559927
40,12,"Prevalence",1,0.00408617379353534,1.10694362806001,0.957150542301607
41,12,"Prevalence",1,0.00363785938605436,0.972217189228492,0.852136805754008
42,12,"Prevalence",1,0.00407083070485347,1.08551543098153,0.953556557710041
43,12,"Prevalence",1,0.0041609081562044,1.12504308243168,0.97465641438919
44,12,"Prevalence",1,0.00411452434301632,1.10186068813301,0.963791411041264
45,12,"Prevalence",1,0.00458327604130138,1.23871346469054,1.07359240455949
46,12,"Prevalence",1,0.00386715812894017,1.03311759875391,0.905848034691321
47,12,"Prevalence",1,0.00407597468937978,1.09018796257182,0.954761491182699
48,12,"Prevalence",1,0.00437338600055016,1.18814347192531,1.02442749467568
49,12,"Prevalence",1,0.00397774438768398,1.06400240361649,0.931751900477748
50,12,"Prevalence",1,0.00437578070500232,1.17475622921149,1.02498843328986
51,12,"Prevalence",1,0.00469595025912294,1.26793878178179,1.09998535653377
52,12,"Prevalence",1,0.00417418391223588,1.13956986017942,0.977766144353465
53,12,"Prevalence",1,0.00400658005135798,1.0763405233725,0.938506402982468
54,12,"Prevalence",1,0.00415343866110178,1.11947951346237,0.972906750363768
55,12,"Prevalence",1,0.00455320576541765,1.21404142527596,1.06654870492176
56,12,"Prevalence",1,0.00393952866600166,1.05871017676218,0.922800201264526
57,12,"Prevalence",1,0.00416830786908654,1.11737540907654,0.97638973253861
58,12,"Prevalence",1,0.00423169287465413,1.13686375903903,0.991237116795439
59,12,"Prevalence",1,0.00478102943909856,1.28913615865676,1.11991441177392
60,12,"Prevalence",1,0.00378516255203605,1.01301962077684,0.88664128655342
61,12,"Prevalence",1,0.00465123387635854,1.24858784182429,1.08951093420734
62,12,"Prevalence",1,0.00479845610744972,1.29505815003717,1.12399645671514
63,12,"Prevalence",1,0.00430595079921115,1.16008328234516,1.00863138741418
64,12,"Prevalence",1,0.00429830114620133,1.15126771677099,1.00683952297161
65,12,"Prevalence",1,0.00372406808205344,1.00476115179384,0.872330440262935
66,12,"Prevalence",1,0.0040976031402675,1.10379090833205,0.959827767005103
67,12,"Prevalence",1,0.00462473754153033,1.23255188640663,1.08330439906436
68,12,"Prevalence",1,0.00418554926841495,1.1213857500621,0.980428379828485
69,12,"Prevalence",1,0.00399609531300047,1.07253902870335,0.936050444545112
70,12,"Prevalence",1,0.00437761321167502,1.19069778489297,1.02541768198172
71,12,"Prevalence",1,0.00423868460217513,1.13211473548802,0.992874867935373
72,12,"Prevalence",1,0.00412367784084574,1.09562760808673,0.965935538005513
73,12,"Prevalence",1,0.00448674694191025,1.20305259726907,1.05098130564434
74,12,"Prevalence",1,0.00463955569574413,1.25357239322173,1.08677542233902
75,12,"Prevalence",1,0.00428212629420845,1.15333198416761,1.00305070508503
76,12,"Prevalence",1,0.00380005942314548,1.01467198185705,0.890130748573746
77,12,"Prevalence",1,0.00434185429490689,1.16516432178982,1.01704146787382
78,12,"Prevalence",1,0.00420635958222048,1.13795620073227,0.985303014181034
79,12,"Prevalence",1,0.00395247325567305,1.06625774302718,0.925832358399748
80,12,"Prevalence",1,0.00425222163560979,1.13980581459736,0.996045799850614
81,12,"Prevalence",1,0.00351983755285406,0.937048871800271,0.824491221557418
82,12,"Prevalence",1,0.00430887057442397,1.16320407059892,1.00931531927061
83,12,"Prevalence",1,0.00414554891519085,1.11034029231402,0.971058646254924
84,12,"Prevalence",1,0.00480182153501957,1.29369577135974,1.12478477874605
85,12,"Prevalence",1,0.00374672035260069,1.01366184381672,0.877636536903511
86,12,"Prevalence",1,0.00400859246792473,1.08300854547143,0.93897779399655
87,12,"Prevalence",1,0.00418602517944654,1.12962568170402,0.98053985783333
88,12,"Prevalence",1,0.00416242740236208,1.11076521786271,0.975012284539894
89,12,"Prevalence",1,0.00440485237691129,1.17770435302239,1.03179821866349
90,12,"Prevalence",1,0.00515790727438438,1.39076582219214,1.20819475486554
91,12,"Prevalence",1,0.00446576468038823,1.19473635914341,1.04606639404018
92,12,"Prevalence",1,0.00423189052631666,1.14140105176557,0.991283414972053
93,12,"Prevalence",1,0.00414696591671602,1.12654420437106,0.971390566492969
94,12,"Prevalence",1,0.00362602122138641,0.973583628102726,0.849363819017681
95,12,"Prevalence",1,0.0040791711593238,1.08376142592525,0.95551023636462
96,12,"Prevalence",1,0.00431351330110996,1.16221612091156,1.01040283746973
97,12,"Prevalence",1,0.00447895011310153,1.2191293000538,1.04915496655561
98,12,"Prevalence",1,0.00398470844950357,1.07065467776523,0.933383171168622
99,12,"Prevalence",1,0.00413009288383322,1.11015101439577,0.967438205827462
100,12,"Prevalence",1,0.00414054132211661,1.10807192125799,0.969885661289327
101,12,"Prevalence",1,0.0043538754488327,1.16747380881893,1.01985731824645
102,12,"Prevalence",1,0.00356534892616589,0.959937119958665,0.835151863479991
103,12,"Prevalence",1,0.00407699487027603,1.10838929601167,0.955000459652342
104,12,"Prevalence",1,0.00410049123229388,1.10238141259258,0.960504277351692
105,12,"Prevalence",1,0.0040928636155187,1.10462602557815,0.958717574704733
106,12,"Prevalence",1,0.00406160820433108,1.09102615066362,0.951396267467291
107,12,"Prevalence",1,0.00402655888607302,1.07916981475184,0.943186270616181
108,12,"Prevalence",1,0.00365796274077194,0.987876006819843,0.856845841111357
109,12,"Prevalence",1,0.00407163196497628,1.07043048468077,0.953744245899492
110,12,"Prevalence",1,0.00422778368112495,1.1367146840313,0.990321422335187
111,12,"Prevalence",1,0.00477531167045217,1.29445485783129,1.11857507437978
112,12,"Prevalence",1,0.00391623470783228,1.05634391406533,0.917343794899863
113,12,"Prevalence",1,0.00450478293392263,1.2136099156543,1.05520607933432
114,12,"Prevalence",1,0.00397922904920613,1.07695056844099,0.932099669479471
115,12,"Prevalence",1,0.00387665280646441,1.03466851224485,0.908072080020881
116,12,"Prevalence",1,0.0041271137494596,1.08711880017034,0.966740369605755
117,12,"Prevalence",1,0.00432925285456789,1.14652522463971,1.01408969047431
118,12,"Prevalence",1,0.00447805868503577,1.19205571303989,1.04894615731262
119,12,"Prevalence",1,0.00416811051841226,1.1049678756044,0.976343504865862
120,12,"Prevalence",1,0.00408072971925946,1.09283850647544,0.955875315424633
121,12,"Prevalence",1,0.00374808407641369,0.998296170616911,0.87795597730255
122,12,"Prevalence",1,0.00426831592138302,1.1349830896282,0.999815745803525
123,12,"Prevalence",1,0.0042124225531188,1.1365485869627,0.986723212189368
124,12,"Prevalence",1,0.00387189340729265,1.03424249641581,0.906957232310419
125,12,"Prevalence",1,0.0043337139685342,1.16981536816198,1.01513466747917
1,12,"Joint",0,0.00356720564933062,0.953765589018968,0.835586784673712
2,12,"Joint",0,0.00358104538598738,0.963129021981303,0.83882862217639
3,12,"Joint",0,0.00353529012873865,0.945784188781491,0.828110852570486
4,12,"Joint",0,0.00339564441672294,0.903257294755608,0.795400063519516
5,12,"Joint",0,0.00352778136229866,0.940798538794892,0.826351989577092
6,12,"Joint",0,0.00378793901387756,1.01115481952624,0.887291648503637
7,12,"Joint",0,0.00404182878834035,1.07669451940024,0.946763111928983
8,12,"Joint",0,0.00352324259496873,0.943417658533945,0.825288822949645
9,12,"Joint",0,0.00400627810388828,1.06724409000639,0.938435674423442
10,12,"Joint",0,0.00372940214683119,0.997235306510508,0.873579898375266
11,12,"Joint",0,0.00362782682428778,0.97615219041433,0.849786765735935
12,12,"Joint",0,0.00403404507812126,1.08040174257913,0.944939845755362
13,12,"Joint",0,0.00388206543839143,1.03856655373718,0.909339941802104
14,12,"Joint",0,0.00322506299014426,0.862953213227315,0.755442853374745
15,12,"Joint",0,0.00363859682117581,0.961662010836612,0.852309543494024
16,12,"Joint",0,0.00375585636276321,1.01806417290331,0.879776567534445
17,12,"Joint",0,0.00377434212179047,1.01047302027798,0.884106695221574
18,12,"Joint",0,0.00405909910074092,1.09637836719382,0.950808531853635
19,12,"Joint",0,0.00375668289098509,1.00940826132923,0.879970174555534
20,12,"Joint",0,0.00391700395788205,1.04995351198379,0.917523985009116
21,12,"Joint",0,0.0039210147536216,1.04659416956281,0.918463478900256
22,12,"Joint",0,0.00366531449412492,0.982203540379008,0.858567925159714
23,12,"Joint",0,0.00388023144550517,1.03729772866461,0.908910344977699
24,12,"Joint",0,0.0039674649501589,1.06788156416938,0.929344031968274
25,12,"Joint",0,0.00394278757724946,1.05487043588808,0.923563572776788
26,12,"Joint",0,0.00359303820088257,0.972221434873009,0.841637834378469
27,12,"Joint",0,0.00424353189059232,1.12704130556126,0.994010302934375
28,12,"Joint",0,0.00367239403619417,0.976777171096548,0.860226246091031
29,12,"Joint",0,0.0037222762866834,0.998311307877206,0.871910727838358
30,12,"Joint",0,0.00333414767671014,0.890134859915752,0.780994988985947
31,12,"Joint",0,0.00359676117173719,0.955896315782753,0.84250990780278
32,12,"Joint",0,0.00365796881742614,0.982400044769675,0.856847264514551
33,12,"Joint",0,0.00388804179891745,1.02673928483088,0.910739852086756
34,12,"Joint",0,0.00378939791876731,1.00614571339474,0.887633384239053
35,12,"Joint",0,0.00373340495297799,1.00451156178851,0.874517520774046
36,12,"Joint",0,0.00428153979525858,1.16475204088218,1.00291332282566
37,12,"Joint",0,0.00401947220718911,1.06749021845063,0.941526277948321
38,12,"Joint",0,0.00401116612536636,1.08326205979952,0.939580650786399
39,12,"Joint",0,0.00390018892709928,1.03661548581105,0.913585210829217
40,12,"Joint",0,0.00385745884448901,1.03811541840503,0.903576061975178
41,12,"Joint",0,0.00342427938006821,0.913978924791033,0.802107553724188
42,12,"Joint",0,0.0035821218655259,0.954275822186985,0.839080778111529
43,12,"Joint",0,0.00373161552230299,1.00038320708885,0.874098362258638
44,12,"Joint",0,0.00370612180653426,1.00078105874705,0.868126681878344
45,12,"Joint",0,0.00334564010136778,0.894399120792357,0.783686989142866
46,12,"Joint",0,0.00383244880612602,1.02000714776297,0.897717678805073
47,12,"Joint",0,0.00356815436407168,0.958920708108304,0.835809012820334
48,12,"Joint",0,0.00374993798933291,1.0027797332634,0.878390240220786
49,12,"Joint",0,0.00441419218040427,1.1867259738818,1.03398598610314
50,12,"Joint",0,0.0038050153401116,1.01596124782823,0.891291628862106
51,12,"Joint",0,0.00407340377986537,1.09084507916726,0.954159278070816
52,12,"Joint",0,0.00346755502650895,0.92219350588514,0.812244496143203
53,12,"Joint",0,0.00397406856983672,1.0639851978227,0.930890872233799
54,12,"Joint",0,0.00372689861474037,0.995128788563237,0.872993467836706
55,12,"Joint",0,0.00410413112912893,1.10547536725191,0.961356891412092
56,12,"Joint",0,0.00363160818463958,0.970645117237456,0.850672516390283
57,12,"Joint",0,0.00407318033510059,1.08651514212693,0.954106938085144
58,12,"Joint",0,0.0041231162777278,1.10147360582858,0.965803996747115
59,12,"Joint",0,0.00382847101975905,1.02695935722435,0.896785917071314
60,12,"Joint",0,0.00367727350211292,0.992555301678243,0.861369218388897
61,12,"Joint",0,0.0041767426920689,1.11041406345511,0.978365516193371
62,12,"Joint",0,0.00371403463480321,1.00303691259735,0.869980192828063
63,12,"Joint",0,0.00388147102464306,1.03970096249707,0.909200705570266
64,12,"Joint",0,0.00397875544430656,1.07481352358201,0.931988731665918
65,12,"Joint",0,0.00363150193830177,0.965650736258236,0.850647629113096
66,12,"Joint",0,0.00369561559331837,0.993316532249846,0.86566569314286
67,12,"Joint",0,0.0037794573009375,1.02005109515071,0.885304881285595
68,12,"Joint",0,0.00368578050267379,0.992821230675926,0.863361909011382
69,12,"Joint",0,0.00384751190183536,1.02631992940728,0.901246077486934
70,12,"Joint",0,0.00361639694639833,0.960095240018822,0.847109416613484
71,12,"Joint",0,0.00359733456195407,0.965852055136013,0.842644219455878
72,12,"Joint",0,0.00382485056774812,1.0234332862685,0.895937857791238
73,12,"Joint",0,0.00371848988675208,0.999274440253624,0.871023796706515
74,12,"Joint",0,0.00358709473029042,0.955418688477406,0.840245628273719
75,12,"Joint",0,0.00380300876362603,1.01858429879882,0.890821605836073
76,12,"Joint",0,0.00343967257538103,0.923311507446786,0.805713275356667
77,12,"Joint",0,0.00351556766205309,0.936451616899265,0.823491036909812
78,12,"Joint",0,0.00375889184506693,1.00609954503173,0.880487602766915
79,12,"Joint",0,0.00352092261997068,0.949974231115386,0.824745389057758
80,12,"Joint",0,0.00399990415279646,1.05371690372199,0.936942632019374
81,12,"Joint",0,0.00373043692984507,0.99499652975591,0.873822287263486
82,12,"Joint",0,0.00331769841037943,0.890966887175046,0.777141891936129
83,12,"Joint",0,0.00358877413116431,0.964762429219233,0.840639013268673
84,12,"Joint",0,0.0036252265154717,0.962819362413407,0.849177666094283
85,12,"Joint",0,0.00424081730855576,1.12538845782378,0.993374435788325
86,12,"Joint",0,0.00387755866700564,1.04776266624505,0.90828426994528
87,12,"Joint",0,0.00375489195969794,1.00503040424846,0.879550664534832
88,12,"Joint",0,0.00370283219692913,0.982127822790093,0.867356119543846
89,12,"Joint",0,0.00419341249451219,1.11898423175753,0.982270271902463
90,12,"Joint",0,0.00384211505337693,1.02681071356287,0.899981912845454
91,12,"Joint",0,0.00377761398799207,1.00352537412793,0.884873101318688
92,12,"Joint",0,0.00382883418719454,1.02558316184817,0.896870985872933
93,12,"Joint",0,0.00363723366403617,0.965779913635632,0.851990235833268
94,12,"Joint",0,0.00405739365091506,1.08085399115014,0.950409045119062
95,12,"Joint",0,0.00364390297986423,0.983157637976179,0.853552464848514
96,12,"Joint",0,0.00412602615488985,1.0995881025199,0.966485610071571
97,12,"Joint",0,0.00377337855572361,0.998120564311506,0.88388098828153
98,12,"Joint",0,0.00413331545282813,1.09276687292255,0.968193064484221
99,12,"Joint",0,0.00356169438032417,0.959759340717968,0.834295818017657
100,12,"Joint",0,0.00385574952643044,1.02885168500939,0.903175669140847
101,12,"Joint",0,0.00393211386668043,1.06306187676301,0.921063349248431
102,12,"Joint",0,0.00379357069361095,1.01326684783768,0.888610820321394
103,12,"Joint",0,0.00336391964924988,0.902068746702425,0.787968813669282
104,12,"Joint",0,0.00391676920367321,1.03759719320972,0.917468995884898
105,12,"Joint",0,0.00400162826779367,1.0698926447435,0.937346490907412
106,12,"Joint",0,0.00399158121313016,1.05239227400916,0.934993056054744
107,12,"Joint",0,0.00393073698495965,1.03547580520333,0.920740826724363
108,12,"Joint",0,0.00360885020763356,0.955873610409572,0.845341658934482
109,12,"Joint",0,0.00404841879674108,1.08475421749012,0.948306763871681
110,12,"Joint",0,0.00377789431098089,1.00490458313173,0.884938764531829
111,12,"Joint",0,0.00367770295693742,0.979188109467386,0.861469814432755
112,12,"Joint",0,0.00343684983090041,0.915054686050337,0.805052072102243
113,12,"Joint",0,0.00399959360562162,1.07955172532009,0.936869889054475
114,12,"Joint",0,0.00347976241546061,0.925833632657585,0.81510397044499
115,12,"Joint",0,0.00361701968687979,0.963472590492328,0.847255288135276
116,12,"Joint",0,0.00391390747872105,1.04589683135161,0.916798661795293
117,12,"Joint",0,0.00351569373362321,0.931045002152733,0.823520568074616
118,12,"Joint",0,0.00373651583817018,0.997039264218768,0.875246218474923
119,12,"Joint",0,0.00359808505489286,0.964202272781649,0.842820015875623
120,12,"Joint",0,0.00386325305275134,1.03686313093865,0.904933304682097
121,12,"Joint",0,0.00362079746420427,0.971030943537503,0.848140199496741
122,12,"Joint",0,0.0038458215876401,1.01506853999314,0.900850136141702
123,12,"Joint",0,0.0037948102313094,1.01942753019052,0.888901171207136
124,12,"Joint",0,0.00367763245338224,0.978968068111621,0.861453299590392
125,12,"Joint",0,0.0040982633802897,1.08686304903703,0.959982422466974
1,12,"Joint",0.05,0.00393433999944864,1.05717396264156,0.921584801417147
2,12,"Joint",0.05,0.00398567694920792,1.06732678742444,0.9336100337702
3,12,"Joint",0.05,0.00373875136950043,1.00121868042516,0.875769872174741
4,12,"Joint",0.05,0.00403723527372584,1.08111371604144,0.945687121228035
5,12,"Joint",0.05,0.00342706757221462,0.905199701394569,0.802760663395931
6,12,"Joint",0.05,0.0039820694513677,1.06762668478024,0.932765008891517
7,12,"Joint",0.05,0.00432291363338908,1.14632414297499,1.0126047832492
8,12,"Joint",0.05,0.0037240903965999,1.00519758829851,0.872335667250659
9,12,"Joint",0.05,0.0040186106430874,1.07819524895592,0.941324464078223
10,12,"Joint",0.05,0.00349394816755978,0.925681477761407,0.818426859044619
11,12,"Joint",0.05,0.00383579882927361,1.02918333426799,0.898502392484538
12,12,"Joint",0.05,0.00360072917440682,0.962625767358156,0.843439377790842
13,12,"Joint",0.05,0.00396123734065271,1.06034301502442,0.927885268803198
14,12,"Joint",0.05,0.003779419138073,1.01699000783581,0.885295941967707
15,12,"Joint",0.05,0.00381387510985988,1.01569695180391,0.893366952587358
16,12,"Joint",0.05,0.00404636379605531,1.07076627433321,0.947825397899444
17,12,"Joint",0.05,0.00380990906656119,1.00724589152847,0.892437941564841
18,12,"Joint",0.05,0.00344628815466412,0.929574159839573,0.807262917055328
19,12,"Joint",0.05,0.00355904133041283,0.949142658920573,0.833674364234809
20,12,"Joint",0.05,0.00396651430034137,1.06062595429402,0.929121350546871
21,12,"Joint",0.05,0.00406114057106822,1.08967053576676,0.9512867284575
22,12,"Joint",0.05,0.00351839680212148,0.935170378068753,0.824153738274836
23,12,"Joint",0.05,0.00377844075936083,1.01317250384928,0.885066765294808
24,12,"Joint",0.05,0.00386357018106247,1.0391534229104,0.905007589220706
25,12,"Joint",0.05,0.00359857995477628,0.957309412461699,0.842935941853267
26,12,"Joint",0.05,0.00366624700877313,0.972159232018988,0.858786358575994
27,12,"Joint",0.05,0.00355657188681444,0.941022053660751,0.833095918628028
28,12,"Joint",0.05,0.00369475237395945,0.986655826231264,0.865463491543211
29,12,"Joint",0.05,0.00383567824187822,1.02937589970274,0.898474145939783
30,12,"Joint",0.05,0.00354568483186491,0.945088709949057,0.830545721040869
31,12,"Joint",0.05,0.00362339570701056,0.954441191431302,0.848748815193651
32,12,"Joint",0.05,0.00382120143837703,1.03314927830401,0.895083081089858
33,12,"Joint",0.05,0.00380964596243892,1.0231659201131,0.892376311720869
34,12,"Joint",0.05,0.0040622052635319,1.08772245729331,0.951536123373255
35,12,"Joint",0.05,0.0037489739919137,0.991775883645353,0.878164432240221
36,12,"Joint",0.05,0.00389506444057761,1.03431219605131,0.912384844593943
37,12,"Joint",0.05,0.00348146043192358,0.94168979498759,0.815501715979178
38,12,"Joint",0.05,0.00388564392989293,1.03957287001717,0.910178172199125
39,12,"Joint",0.05,0.00397583004940591,1.05515212682473,0.931303483446655
40,12,"Joint",0.05,0.00338107210028444,0.90182268151131,0.791986625597772
41,12,"Joint",0.05,0.00354226721371041,0.94319259660281,0.829745173821082
42,12,"Joint",0.05,0.00411487053889306,1.10178595478449,0.96387250440339
43,12,"Joint",0.05,0.00318008984380033,0.845542388725098,0.74490828642112
44,12,"Joint",0.05,0.00328408588405868,0.878208338293625,0.769268451054356
45,12,"Joint",0.05,0.00329716562977309,0.886314596172495,0.77233226731286
46,12,"Joint",0.05,0.00321265039926255,0.854965408635353,0.752535312312094
47,12,"Joint",0.05,0.00357210670391898,0.944116822695841,0.836734813928982
48,12,"Joint",0.05,0.00365416970282446,0.990674441707961,0.85595735508216
49,12,"Joint",0.05,0.00361702008667424,0.957188757132438,0.847255381783629
50,12,"Joint",0.05,0.00360119036861153,0.95520929860796,0.843547408507472
51,12,"Joint",0.05,0.00391313557836068,1.04672587694026,0.916617850873909
52,12,"Joint",0.05,0.00351358916805812,0.94342525918633,0.82302759196206
53,12,"Joint",0.05,0.00407832151792269,1.08079059198196,0.955311215283054
54,12,"Joint",0.05,0.00398032134019793,1.0693519026144,0.932355529109532
55,12,"Joint",0.05,0.00359929254151876,0.970428683670217,0.843102859077407
56,12,"Joint",0.05,0.00414626994111552,1.10049127177328,0.971227540283833
57,12,"Joint",0.05,0.00365904938962805,0.971310576372464,0.857100379120374
58,12,"Joint",0.05,0.00364873353830384,0.973567669430164,0.854683980996322
59,12,"Joint",0.05,0.00361698549276629,0.966197353787679,0.847247278462672
60,12,"Joint",0.05,0.00360864994068209,0.965437586016631,0.84529474814925
61,12,"Joint",0.05,0.00401385267672293,1.07257035675346,0.94020995199036
62,12,"Joint",0.05,0.00381915744744694,1.01008393038156,0.894604294056799
63,12,"Joint",0.05,0.0037893968019848,1.01922419497123,0.8876331226425
64,12,"Joint",0.05,0.00426772650069693,1.13520646186913,0.999677679152946
65,12,"Joint",0.05,0.00356870012967239,0.955740089403133,0.835936853648231
66,12,"Joint",0.05,0.00334526475409552,0.887010008407231,0.783599067320805
67,12,"Joint",0.05,0.00384076585539957,1.03390949050337,0.899665874996613
68,12,"Joint",0.05,0.00338861122386865,0.914102369220663,0.793752599487214
69,12,"Joint",0.05,0.00403653106332396,1.08184798992728,0.945522166088547
70,12,"Joint",0.05,0.00373987322843879,1.01086360779684,0.876032657838175
71,12,"Joint",0.05,0.00396737235550687,1.05257557256589,0.929322342479306
72,12,"Joint",0.05,0.00326681612241096,0.872867801757766,0.765223160138763
73,12,"Joint",0.05,0.00405894922073597,1.08757776819738,0.950773423770798
74,12,"Joint",0.05,0.0036973796559378,0.990458231497811,0.866078909412688
75,12,"Joint",0.05,0.00384530339970513,1.02549042593818,0.900728755141277
76,12,"Joint",0.05,0.00343559872876088,0.924949753384962,0.804759012347131
77,12,"Joint",0.05,0.00354839505724204,0.955078717239429,0.831180567677487
78,12,"Joint",0.05,0.00415783216329915,1.11709310724648,0.973935889901947
79,12,"Joint",0.05,0.0038297764404134,1.01169594241854,0.897091700464384
80,12,"Joint",0.05,0.00404722985723228,1.08331034684675,0.948028265170175
81,12,"Joint",0.05,0.00399165752564922,1.07679526477975,0.935010931596205
82,12,"Joint",0.05,0.00358083265552086,0.96084311034064,0.838778791921562
83,12,"Joint",0.05,0.00342720267513934,0.912878043261798,0.802792310076707
84,12,"Joint",0.05,0.00423216839869385,1.12753118809683,0.991348504150831
85,12,"Joint",0.05,0.00371060097294582,1.0079914358916,0.869175887510934
86,12,"Joint",0.05,0.0037038252921537,0.993743860332988,0.867588743431328
87,12,"Joint",0.05,0.00414877249085158,1.1248729421328,0.971813740714367
88,12,"Joint",0.05,0.0041108268311971,1.09759372410374,0.962925301173763
89,12,"Joint",0.05,0.0039500864987241,1.05641923175681,0.925273281418828
90,12,"Joint",0.05,0.00351298584571307,0.938023456132012,0.822886268969231
91,12,"Joint",0.05,0.003624915232179,0.963390239126162,0.849104750700199
92,12,"Joint",0.05,0.00339321857741773,0.898848845333599,0.794831831837793
93,12,"Joint",0.05,0.0037695189087571,1.00749954635538,0.882976899671077
94,12,"Joint",0.05,0.00399434280897596,1.08377667651405,0.935639935775236
95,12,"Joint",0.05,0.00368597818264861,0.981187179882901,0.863408213819903
96,12,"Joint",0.05,0.00375105805848803,1.00843902910768,0.878652606643123
97,12,"Joint",0.05,0.00357638974386006,0.954110602140842,0.837738078647868
98,12,"Joint",0.05,0.0037196491105051,0.990088099034649,0.871295334751614
99,12,"Joint",0.05,0.00380354944209942,1.01710654581959,0.890948255048798
100,12,"Joint",0.05,0.00395117921766267,1.05757138594855,0.92552924129167
101,12,"Joint",0.05,0.00358254654406992,0.961428576450888,0.839180255353389
102,12,"Joint",0.05,0.00340904549222092,0.912120510617818,0.798539148474888
103,12,"Joint",0.05,0.00374032194713996,0.990931438755816,0.876137766276989
104,12,"Joint",0.05,0.00355215569055764,0.946928558786799,0.832061463204524
105,12,"Joint",0.05,0.00431835387054588,1.15125918495207,1.01153669860604
106,12,"Joint",0.05,0.00444620641946146,1.18590859535184,1.04148504214512
107,12,"Joint",0.05,0.00374272365025803,1.00645148389957,0.876700344267568
108,12,"Joint",0.05,0.00366075930447586,0.97134431793935,0.857500911747369
109,12,"Joint",0.05,0.00332680319847926,0.893283591877441,0.779274609071426
110,12,"Joint",0.05,0.00357244943654835,0.949311083298427,0.836815096055646
111,12,"Joint",0.05,0.00360611003954401,0.975135890628802,0.844699798478841
112,12,"Joint",0.05,0.00365524646300057,0.990196148286,0.856209576754213
113,12,"Joint",0.05,0.00364383659163162,0.968240329057704,0.853536913984538
114,12,"Joint",0.05,0.0040616914666579,1.08288001699535,0.951415770940533
115,12,"Joint",0.05,0.00342457971867601,0.906771132045628,0.802177905421361
116,12,"Joint",0.05,0.00339617652334875,0.913918769565805,0.795524704851776
117,12,"Joint",0.05,0.00353686840099292,0.942959826816361,0.828480549069072
118,12,"Joint",0.05,0.00354121322470461,0.938055520045875,0.829498286096905
119,12,"Joint",0.05,0.0034628141341408,0.938582587895655,0.811133983489946
120,12,"Joint",0.05,0.00395552063730125,1.05277116781658,0.926546180945101
121,12,"Joint",0.05,0.00388083092671401,1.03581362739658,0.909050768217901
122,12,"Joint",0.05,0.00405467793362434,1.08774962296543,0.94977291204962
123,12,"Joint",0.05,0.00410998339122395,1.1140094374576,0.962727732722556
124,12,"Joint",0.05,0.00376750911547931,1.00922178456024,0.882506123139548
125,12,"Joint",0.05,0.00349945912613533,0.94162351665403,0.819717752984946
1,12,"Joint",0.1,0.00386903682767691,1.04243446977279,0.906288103470958
2,12,"Joint",0.1,0.00398059137781475,1.05716857498694,0.93241878306407
3,12,"Joint",0.1,0.00393960679705579,1.05395916342855,0.922818502781938
4,12,"Joint",0.1,0.00361708365480308,0.980637623410315,0.84727027206292
5,12,"Joint",0.1,0.00387375929067696,1.03871762790428,0.907394299205615
6,12,"Joint",0.1,0.0037345632931838,0.999594586034484,0.874788851855931
7,12,"Joint",0.1,0.0037157089592964,0.996053924215782,0.870372388725161
8,12,"Joint",0.1,0.00381261168776428,1.01795126172158,0.893071006990068
9,12,"Joint",0.1,0.00395519996903068,1.04971814333966,0.926471067201876
10,12,"Joint",0.1,0.00398581033120151,1.05560773356742,0.933641277337872
11,12,"Joint",0.1,0.00400127452155236,1.07787985459007,0.937263628938289
12,12,"Joint",0.1,0.0034302898271218,0.908470224988533,0.803515448480386
13,12,"Joint",0.1,0.00365035974975154,0.977257219849888,0.855064906832492
14,12,"Joint",0.1,0.00350076416224735,0.941755691696225,0.820023446302322
15,12,"Joint",0.1,0.00365215660059336,0.975877480308588,0.85548580345721
16,12,"Joint",0.1,0.00370453293675935,0.992865000850554,0.86775450300306
17,12,"Joint",0.1,0.00397648812831328,1.05621362875665,0.931457632686237
18,12,"Joint",0.1,0.00416439461128412,1.11940130623264,0.975473086057812
19,12,"Joint",0.1,0.00327892564224579,0.873632717683542,0.768059709454226
20,12,"Joint",0.1,0.00396574469468996,1.06151619334176,0.928941077141036
21,12,"Joint",0.1,0.00345578196358743,0.924688904062173,0.809486758922704
22,12,"Joint",0.1,0.00428875424247858,1.13945029850766,1.00460324411094
23,12,"Joint",0.1,0.00357344584629098,0.95499795713084,0.837048496340035
24,12,"Joint",0.1,0.00395495779581501,1.05059209541162,0.926414340240065
25,12,"Joint",0.1,0.00374539115691956,0.998897029216129,0.877325184417954
26,12,"Joint",0.1,0.00343531224564678,0.91524032001903,0.804691906178405
27,12,"Joint",0.1,0.00371142451754873,0.990391057819906,0.869368795645306
28,12,"Joint",0.1,0.00392897689792197,1.04145867728928,0.920328541699858
29,12,"Joint",0.1,0.0037744947596147,1.00901105348616,0.884142449299495
30,12,"Joint",0.1,0.00376755306334316,1.01374127928791,0.882516417543019
31,12,"Joint",0.1,0.00358741250505627,0.96343028239864,0.840320064238727
32,12,"Joint",0.1,0.00390388516542254,1.04395050824206,0.914451022391418
33,12,"Joint",0.1,0.0035154664098259,0.947453370410202,0.823467319459434
34,12,"Joint",0.1,0.00401050328324575,1.07065519689082,0.939425385805694
35,12,"Joint",0.1,0.00388626225992363,1.0437414945528,0.910323010611323
36,12,"Joint",0.1,0.00447306023379018,1.20162312536565,1.04777531374059
37,12,"Joint",0.1,0.00424961941531179,1.13973762570654,0.995436252460988
38,12,"Joint",0.1,0.0035440101900528,0.948386026265573,0.830153450814579
39,12,"Joint",0.1,0.00350215113936735,0.939767059102569,0.820348333585546
40,12,"Joint",0.1,0.00357427031102403,0.942418503088329,0.837241620006881
41,12,"Joint",0.1,0.00364032669784516,0.969082220590338,0.852714752003453
42,12,"Joint",0.1,0.00394778783731947,1.06488019680247,0.924734840050153
43,12,"Joint",0.1,0.00414910705417438,1.11331812399005,0.971892109252275
44,12,"Joint",0.1,0.00378359797514576,1.01358026728886,0.886274798074302
45,12,"Joint",0.1,0.00384023391734243,1.04321540408802,0.899541273150102
46,12,"Joint",0.1,0.00388187931642404,1.0391532008149,0.909296344355922
47,12,"Joint",0.1,0.0037812608622008,1.00409057907648,0.88572734976796
48,12,"Joint",0.1,0.0035446711751295,0.961827778974413,0.830308280798955
49,12,"Joint",0.1,0.00348497586774298,0.934791773854888,0.8163251761331
50,12,"Joint",0.1,0.00356958582235761,0.961345519229084,0.836144319428393
51,12,"Joint",0.1,0.00378365770574211,1.01150647724725,0.886288789445099
52,12,"Joint",0.1,0.0038204524827709,1.0225323798224,0.894907644776881
53,12,"Joint",0.1,0.00367438477049117,0.980067924363859,0.860692558222683
54,12,"Joint",0.1,0.00363645257344084,0.968072021359933,0.851807272179569
55,12,"Joint",0.1,0.00409617768224903,1.0939187453236,0.959493865907317
56,12,"Joint",0.1,0.00411326676884171,1.10389389645729,0.963496835268418
57,12,"Joint",0.1,0.00359055086502554,0.957106897670139,0.841055197666303
58,12,"Joint",0.1,0.00373915716921919,1.0010802204116,0.87586492721657
59,12,"Joint",0.1,0.00411565187278505,1.0918141642081,0.964055525047209
60,12,"Joint",0.1,0.00384863161415261,1.02473446024634,0.901508360323108
61,12,"Joint",0.1,0.00428489141936296,1.14495004758336,1.00369841151527
62,12,"Joint",0.1,0.00401912142251797,1.07760676403771,0.941444109701159
63,12,"Joint",0.1,0.00453620973663664,1.21556596873072,1.06256753354072
64,12,"Joint",0.1,0.00334553203812276,0.900139532508257,0.783661676271025
65,12,"Joint",0.1,0.00360781463077145,0.977485023218244,0.845099084094232
66,12,"Joint",0.1,0.00426387375611852,1.13371295651483,0.998775207366655
67,12,"Joint",0.1,0.00351673073134621,0.941862331209148,0.82376347573912
68,12,"Joint",0.1,0.00397062242037123,1.0405998351555,0.930083641803481
69,12,"Joint",0.1,0.00386856305773937,1.03181961225645,0.906177126998693
70,12,"Joint",0.1,0.00455166600659969,1.21355665546572,1.06618802985943
71,12,"Joint",0.1,0.00382012721591364,1.02591843554228,0.894831453854862
72,12,"Joint",0.1,0.00390396688278389,1.04992481742306,0.914470163969982
73,12,"Joint",0.1,0.00347230681973875,0.924338077409856,0.813357562228175
74,12,"Joint",0.1,0.00403994472228274,1.07064896660838,0.946321785901295
75,12,"Joint",0.1,0.0038012928785684,1.00971070905715,0.890419674739546
76,12,"Joint",0.1,0.00376074812696502,1.00212672958457,0.880922420597773
77,12,"Joint",0.1,0.00340007982581233,0.909898700976964,0.796439019381347
78,12,"Joint",0.1,0.00364225218797157,0.970348439257028,0.853165781257685
79,12,"Joint",0.1,0.00388485126361087,1.03294190144105,0.909992497041862
80,12,"Joint",0.1,0.0039920434581434,1.06200329501586,0.935101332914103
81,12,"Joint",0.1,0.00370297947649391,0.991739441618023,0.86739061849627
82,12,"Joint",0.1,0.00355035657546996,0.946253217209894,0.831640036199976
83,12,"Joint",0.1,0.00351222039858726,0.94185674634428,0.822706969661711
84,12,"Joint",0.1,0.00314255720857514,0.840725789596069,0.736116594247736
85,12,"Joint",0.1,0.00348529496006713,0.917256116560297,0.816399920724637
86,12,"Joint",0.1,0.00382092032411817,1.02041152188582,0.895017232528609
87,12,"Joint",0.1,0.00361529361241144,0.972725115085912,0.846850970258233
88,12,"Joint",0.1,0.00394354324627762,1.0537359922708,0.923740581650274
89,12,"Joint",0.1,0.00407165583413254,1.07690064969687,0.953749837040988
90,12,"Joint",0.1,0.00402591376718417,1.06974604140126,0.943035157147809
91,12,"Joint",0.1,0.00404926565625159,1.09369744525561,0.948505133319653
92,12,"Joint",0.1,0.0034737593867489,0.934089442499022,0.813697813370614
93,12,"Joint",0.1,0.00375839950322604,1.01453298672395,0.880372275988411
94,12,"Joint",0.1,0.00415724467551864,1.11248700827069,0.973798276017631
95,12,"Joint",0.1,0.00372140805213643,0.994524286259602,0.87170735147468
96,12,"Joint",0.1,0.00352617339301207,0.946393077366327,0.825975336807904
97,12,"Joint",0.1,0.00381719952770552,1.02741067050315,0.894145668448349
98,12,"Joint",0.1,0.00379463791430291,1.01591541720375,0.888860807452546
99,12,"Joint",0.1,0.0038233201317497,1.02549162994406,0.895579366518019
100,12,"Joint",0.1,0.00379908852344531,1.02170780661342,0.889903323794109
101,12,"Joint",0.1,0.00354533519519383,0.94729618709945,0.830463821702699
102,12,"Joint",0.1,0.00416718811870863,1.1055317226376,0.976127440787055
103,12,"Joint",0.1,0.00335659865890036,0.906958634189663,0.786253935585949
104,12,"Joint",0.1,0.00396474257660985,1.06765420269008,0.928706339728424
105,12,"Joint",0.1,0.00371731254811662,0.997785708333469,0.870748015408326
106,12,"Joint",0.1,0.00394613058733484,1.04914827674001,0.924346643707642
107,12,"Joint",0.1,0.00358701056954843,0.954722655733186,0.840225914354567
108,12,"Joint",0.1,0.00360085860698564,0.9515612118807,0.843469696242595
109,12,"Joint",0.1,0.00332875719087438,0.885423285369668,0.779732314733282
110,12,"Joint",0.1,0.00405290612853919,1.07882700443544,0.949357882174784
111,12,"Joint",0.1,0.00375813905279795,1.00106471000059,0.880311267749143
112,12,"Joint",0.1,0.00356646070334528,0.955256327323155,0.835412287579389
113,12,"Joint",0.1,0.00343321618937368,0.924424294228776,0.80420092329322
114,12,"Joint",0.1,0.00402915314294947,1.07138885287862,0.943793952643822
115,12,"Joint",0.1,0.00329673722492022,0.874554383348465,0.772231917215693
116,12,"Joint",0.1,0.00376328714893732,1.0091969392403,0.881517164331278
117,12,"Joint",0.1,0.00335082254231699,0.897985560692753,0.784900930696896
118,12,"Joint",0.1,0.00385715069321381,1.02961236471964,0.903503880228855
119,12,"Joint",0.1,0.00387070403601466,1.04309728945586,0.90667863247075
120,12,"Joint",0.1,0.00361527149589936,0.965273908352923,0.846845789658333
121,12,"Joint",0.1,0.00359016989183152,0.958607521391545,0.840965958021173
122,12,"Joint",0.1,0.00355830549078356,0.950865531219792,0.833502000224894
123,12,"Joint",0.1,0.00332679009166068,0.891865253512703,0.779271538913581
124,12,"Joint",0.1,0.00352787027467626,0.937415505007993,0.826372816525405
125,12,"Joint",0.1,0.00399093981700324,1.07276579313481,0.934842814610863
1,12,"Joint",0.15,0.00422832074991802,1.15595151006399,0.990447226011803
2,12,"Joint",0.15,0.00413075742885781,1.10359124742173,0.967593869698547
3,12,"Joint",0.15,0.00379928619579635,1.01198383932506,0.889949626816832
4,12,"Joint",0.15,0.00402122944027992,1.05756551519077,0.941937894460682
5,12,"Joint",0.15,0.0038831169384548,1.02842641368466,0.909586246513241
6,12,"Joint",0.15,0.00395999225419754,1.05774188714548,0.927593618169624
7,12,"Joint",0.15,0.00419421666828995,1.12506850700059,0.982458642590155
8,12,"Joint",0.15,0.00386283662842415,1.03805041584842,0.904835760918482
9,12,"Joint",0.15,0.00374583707328083,0.99924641495098,0.877429636433112
10,12,"Joint",0.15,0.00408919547105225,1.09129616621194,0.957858343883255
11,12,"Joint",0.15,0.00369332541520353,0.983659878277624,0.86512923891078
12,12,"Joint",0.15,0.00387472220256989,1.04352107868456,0.907619852911127
13,12,"Joint",0.15,0.00404794015901292,1.09777411269764,0.948194647161966
14,12,"Joint",0.15,0.004311551213832,1.15501807232576,1.00994323565224
15,12,"Joint",0.15,0.00389116283277199,1.03666479153028,0.911470927023202
16,12,"Joint",0.15,0.00362334344220225,0.954833348931018,0.84873657261853
17,12,"Joint",0.15,0.00377317163918642,1.0154456800562,0.883832519888902
18,12,"Joint",0.15,0.00373276261811835,1.00285349984916,0.874367059440205
19,12,"Joint",0.15,0.00437700504475663,1.17392235234757,1.02527522418985
20,12,"Joint",0.15,0.00342878090993671,0.912034319430131,0.803161997801341
21,12,"Joint",0.15,0.00372008754111834,0.994721711309962,0.871398033295638
22,12,"Joint",0.15,0.00346390481730394,0.921011163854763,0.811389466500167
23,12,"Joint",0.15,0.00414300833901958,1.10323655699033,0.970463538463869
24,12,"Joint",0.15,0.00415695375041762,1.10624111332253,0.973730129352251
25,12,"Joint",0.15,0.00461102722844603,1.23981983370382,1.08009287790379
26,12,"Joint",0.15,0.00386201039599541,1.04699193307561,0.904642223184358
27,12,"Joint",0.15,0.0038343527462928,1.03068103971028,0.898163660169357
28,12,"Joint",0.15,0.00364623664179809,0.979752772318005,0.854099104785638
29,12,"Joint",0.15,0.00372251163619204,0.985907312339417,0.871965856406355
30,12,"Joint",0.15,0.00396487491721592,1.06714019324187,0.928737339360169
31,12,"Joint",0.15,0.00350494186404891,0.931363216275014,0.821002036481543
32,12,"Joint",0.15,0.00362258581099795,0.957995738080073,0.848559104122409
33,12,"Joint",0.15,0.00361924736751659,0.972407752755931,0.84777710287868
34,12,"Joint",0.15,0.00385519297913968,1.03068729597795,0.903045302796179
35,12,"Joint",0.15,0.00381407669066265,1.02047574267988,0.893414171130774
36,12,"Joint",0.15,0.00370245683981777,0.995630182928422,0.867268195417046
37,12,"Joint",0.15,0.00370633011052881,0.984246807373666,0.86817547527075
38,12,"Joint",0.15,0.00328746809905447,0.880062016334214,0.770060705393251
39,12,"Joint",0.15,0.00363023589134778,0.975222981591297,0.850351068665641
40,12,"Joint",0.15,0.00420298066644007,1.1222135245415,0.984511532654535
41,12,"Joint",0.15,0.00438813435817581,1.17859197093249,1.02788216870884
42,12,"Joint",0.15,0.00438687736293865,1.17225241555966,1.02758772854702
43,12,"Joint",0.15,0.00364324299573376,0.964926090185782,0.853397869327052
44,12,"Joint",0.15,0.00318337794775537,0.862563746983464,0.745678496070239
45,12,"Joint",0.15,0.00375818651263935,0.993873464426337,0.88032238480271
46,12,"Joint",0.15,0.0038573633213789,1.02840447691062,0.903553686520465
47,12,"Joint",0.15,0.00364657823254923,0.976928381500219,0.85417911943729
48,12,"Joint",0.15,0.00379874385359139,1.03258239131951,0.889822587889499
49,12,"Joint",0.15,0.0039077872757961,1.04304131614393,0.915365057684303
50,12,"Joint",0.15,0.00363203712935586,0.973227225370753,0.850772992945747
51,12,"Joint",0.15,0.00402311254695865,1.08603711607372,0.94237899576226
52,12,"Joint",0.15,0.00359055824421227,0.961259203955755,0.84105692617637
53,12,"Joint",0.15,0.0037370805284119,1.00555714319934,0.875378492234778
54,12,"Joint",0.15,0.00389914468868178,1.04809656514471,0.913340607095229
55,12,"Joint",0.15,0.00412402768507852,1.08818929373981,0.966017485963208
56,12,"Joint",0.15,0.00380143933928968,1.01718315236276,0.890453981885021
57,12,"Joint",0.15,0.00326928676116389,0.867172048596952,0.765801885700051
58,12,"Joint",0.15,0.00375351178550874,0.995393542324569,0.879227370778764
59,12,"Joint",0.15,0.00375056995009759,1.00378218883597,0.878538271513439
60,12,"Joint",0.15,0.00423390266672478,1.14297344788172,0.991754741298384
61,12,"Joint",0.15,0.003659972785521,0.974721692582148,0.857316676547826
62,12,"Joint",0.15,0.00377087065820678,1.00600588156088,0.883293535180028
63,12,"Joint",0.15,0.00388341272374586,1.04070278716605,0.909655531635714
64,12,"Joint",0.15,0.0042466554686534,1.14225809350616,0.994741973829008
65,12,"Joint",0.15,0.00348157211291099,0.92411710558556,0.815527876275603
66,12,"Joint",0.15,0.00313849934248852,0.84186446972198,0.735166074538669
67,12,"Joint",0.15,0.00371409977550305,0.999121382128764,0.869995451468381
68,12,"Joint",0.15,0.00358446707711174,0.960391224622587,0.839630123453804
69,12,"Joint",0.15,0.00371994801230994,1.00566261015929,0.871365349890233
70,12,"Joint",0.15,0.00378246419520869,1.01597349487476,0.886009220020974
71,12,"Joint",0.15,0.0039030020980992,1.0410933123396,0.91424417157935
72,12,"Joint",0.15,0.0037779128641976,1.00484465715536,0.884943110460899
73,12,"Joint",0.15,0.00411301205816512,1.106739463703,0.963437171515825
74,12,"Joint",0.15,0.00411173431814854,1.09479305532127,0.963137872070538
75,12,"Joint",0.15,0.00381245808555969,1.0310455333973,0.893035027014464
76,12,"Joint",0.15,0.00388097692883253,1.04116220563838,0.909084967939691
77,12,"Joint",0.15,0.00410849018277482,1.10326811363186,0.962377961677787
78,12,"Joint",0.15,0.00343856128554687,0.921832502806991,0.805452965413631
79,12,"Joint",0.15,0.00374449648498189,1.00294089904874,0.877115615326285
80,12,"Joint",0.15,0.00424398666151304,1.13526350051332,0.994116829052798
81,12,"Joint",0.15,0.00384202678746304,1.02560655259159,0.899961237325621
82,12,"Joint",0.15,0.00373517429058686,1.00353140872518,0.874931972664115
83,12,"Joint",0.15,0.00386178798081426,1.03336183560749,0.90459012436967
84,12,"Joint",0.15,0.00378860676020724,1.00371594031553,0.887448062252503
85,12,"Joint",0.15,0.0038310982012625,1.02017806872236,0.897401311405431
86,12,"Joint",0.15,0.00412933468581884,1.11473310507262,0.96726060456101
87,12,"Joint",0.15,0.00417223944919017,1.11415201526442,0.977310670858525
88,12,"Joint",0.15,0.00435669769741051,1.15475287297642,1.02051840533997
89,12,"Joint",0.15,0.00370652612330455,0.987256331523858,0.86822138955245
90,12,"Joint",0.15,0.00364545380003164,0.970367094485769,0.853915730935389
91,12,"Joint",0.15,0.00393100969755783,1.05425269929425,0.92080470726993
92,12,"Joint",0.15,0.00376179892517103,0.99657211993192,0.881168560904953
93,12,"Joint",0.15,0.00380163979675157,1.02760577368198,0.890500937295654
94,12,"Joint",0.15,0.00404437923148358,1.06932422982155,0.947360530972089
95,12,"Joint",0.15,0.00361525900116949,0.963673088997154,0.846842862876931
96,12,"Joint",0.15,0.00384633900573121,1.02943907218185,0.900971336812928
97,12,"Joint",0.15,0.00378047861142729,1.02314870980214,0.88554411435265
98,12,"Joint",0.15,0.00351674278033004,0.947219030478714,0.823766298108398
99,12,"Joint",0.15,0.00379819160761553,1.00650070522354,0.8896932290903
100,12,"Joint",0.15,0.00430658636699032,1.15597401597241,1.00878026361848
101,12,"Joint",0.15,0.0037853623475439,1.00210089386107,0.886688086907092
102,12,"Joint",0.15,0.00350026123071975,0.932982064642958,0.819905638982153
103,12,"Joint",0.15,0.00384861896026189,1.02893551190717,0.90150539625967
104,12,"Joint",0.15,0.00370930329115618,0.987787994969151,0.86887191687937
105,12,"Joint",0.15,0.00412108494680528,1.10198635427394,0.965328175210317
106,12,"Joint",0.15,0.00350477034774766,0.947207453780497,0.820961860285171
107,12,"Joint",0.15,0.00376473695060655,1.01444123479633,0.881856767716753
108,12,"Joint",0.15,0.00368443850162834,0.977440171747391,0.863047556981009
109,12,"Joint",0.15,0.00351397802067346,0.944005606087127,0.823118677292852
110,12,"Joint",0.15,0.0037581754888368,0.99849820203544,0.88031980257319
111,12,"Joint",0.15,0.00379772647233163,1.01143983800903,0.889584275210285
112,12,"Joint",0.15,0.00432708980490517,1.17252344535976,1.0135830149724
113,12,"Joint",0.15,0.00369287103512606,0.996860543099547,0.865022804343973
114,12,"Joint",0.15,0.00428255058750705,1.14620597976746,1.00315009208651
115,12,"Joint",0.15,0.00400653912135054,1.08344901669059,0.938496815485513
116,12,"Joint",0.15,0.00372523676577627,0.993723672901166,0.8726041942234
117,12,"Joint",0.15,0.00387220647260986,1.04222695952652,0.907030565128186
118,12,"Joint",0.15,0.00381484298041049,1.01178917510307,0.893593667815161
119,12,"Joint",0.15,0.00387996099428379,1.04596859902348,0.908846994139898
120,12,"Joint",0.15,0.00351210558856903,0.938624634993312,0.822680076417151
121,12,"Joint",0.15,0.00344296246389828,0.920796418047627,0.80648390302389
122,12,"Joint",0.15,0.0039716521059178,1.06503385119003,0.930324836654466
123,12,"Joint",0.15,0.00380867874711269,1.02612828688927,0.892149749973669
124,12,"Joint",0.15,0.00375988560970048,1.0026428177669,0.880720383457601
125,12,"Joint",0.15,0.00388493245410173,1.04897277826356,0.910011515205621
1,12,"Joint",0.2,0.00397046796644826,1.06650814732457,0.930047462320259
2,12,"Joint",0.2,0.00378922467199863,1.01321117650348,0.887592802695795
3,12,"Joint",0.2,0.00349379751728063,0.948339858431068,0.81839157053178
4,12,"Joint",0.2,0.00371383192389741,1.00134695430538,0.869932709567874
5,12,"Joint",0.2,0.00355263419631573,0.943204419404989,0.83217354900141
6,12,"Joint",0.2,0.00369473495478533,0.996981437787053,0.865459411253725
7,12,"Joint",0.2,0.00390413292357821,1.04603644795831,0.91450905757666
8,12,"Joint",0.2,0.00397390244785647,1.06954170446978,0.930851959610027
9,12,"Joint",0.2,0.00369511222863746,0.993473018821113,0.865547784360307
10,12,"Joint",0.2,0.00367897466091375,0.976313620829206,0.861767699988314
11,12,"Joint",0.2,0.00418149007833729,1.11829479510992,0.979477549986088
12,12,"Joint",0.2,0.00401250870291893,1.07309872677082,0.939895137858521
13,12,"Joint",0.2,0.00402031770158196,1.07941415022958,0.941724327629396
14,12,"Joint",0.2,0.00374223911393674,1.00076083028485,0.876586845863898
15,12,"Joint",0.2,0.0041718884044026,1.11089596787093,0.977228441681366
16,12,"Joint",0.2,0.00364969767708073,0.977504581511023,0.854909822088683
17,12,"Joint",0.2,0.00379508827899572,1.01171503415259,0.888966301450535
18,12,"Joint",0.2,0.00414725327565816,1.10463783215316,0.971457877816767
19,12,"Joint",0.2,0.00353741249870315,0.942536720596189,0.828607999208179
20,12,"Joint",0.2,0.00386459405031618,1.02721632355206,0.905247421655878
21,12,"Joint",0.2,0.00373924063348883,1.0017541972299,0.875884477993165
22,12,"Joint",0.2,0.00417960776578295,1.12236777706791,0.979036634701228
23,12,"Joint",0.2,0.00441387696334346,1.18684055383287,1.03391214925823
24,12,"Joint",0.2,0.00339781361307058,0.919143113280369,0.795908178828707
25,12,"Joint",0.2,0.00390645208994277,1.03807763904499,0.9150523020532
26,12,"Joint",0.2,0.00351488362325757,0.943871201610763,0.823330806793041
27,12,"Joint",0.2,0.00363416807662017,0.969667146892386,0.851272148741051
28,12,"Joint",0.2,0.00428547454458167,1.13706547836634,1.00383500350757
29,12,"Joint",0.2,0.0041582573495089,1.10825334286853,0.974035486060067
30,12,"Joint",0.2,0.00409829171077179,1.09864843023162,0.959989058635109
31,12,"Joint",0.2,0.00364698621299552,0.968210677496153,0.854274685295509
32,12,"Joint",0.2,0.00393893278579226,1.06497981609297,0.922660621527001
33,12,"Joint",0.2,0.00413041620836734,1.11024754404736,0.967513941777223
34,12,"Joint",0.2,0.00363287575978664,0.972488452776433,0.850969434803626
35,12,"Joint",0.2,0.00373030437188153,0.994524806700294,0.873791236717639
36,12,"Joint",0.2,0.00369730209897805,0.997543879257722,0.866060742371873
37,12,"Joint",0.2,0.0034697762327083,0.92169250396659,0.812764794306164
38,12,"Joint",0.2,0.00383546502992275,1.02399497161176,0.898424202900385
39,12,"Joint",0.2,0.00346419013944208,0.915381518686299,0.811456300720419
40,12,"Joint",0.2,0.00374096018170752,0.999406315328623,0.876287267153193
41,12,"Joint",0.2,0.00349720396542322,0.931394368323109,0.819189501273774
42,12,"Joint",0.2,0.00408607790063868,1.08741685581337,0.95712808022763
43,12,"Joint",0.2,0.00370170357186746,0.984061842872676,0.8670917489751
44,12,"Joint",0.2,0.00354338191802654,0.955812770642313,0.830006283576713
45,12,"Joint",0.2,0.00395335185795418,1.06849244754558,0.926038163314652
46,12,"Joint",0.2,0.00390624419284943,1.04428463037895,0.915003603973857
47,12,"Joint",0.2,0.00361103042827262,0.970554904109722,0.845852356587693
48,12,"Joint",0.2,0.00382418216482869,1.01884842181418,0.895781290241955
49,12,"Joint",0.2,0.0041748366861448,1.12161730364636,0.977919050943464
50,12,"Joint",0.2,0.0039596501420227,1.06329941911716,0.927513481379023
51,12,"Joint",0.2,0.00400145376121322,1.07492711497698,0.937305614264236
52,12,"Joint",0.2,0.00363722825371674,0.962305357413331,0.851988968513178
53,12,"Joint",0.2,0.00378414445775865,1.01635465574126,0.886402806856043
54,12,"Joint",0.2,0.00382243490692363,1.01595146953011,0.895372010329774
55,12,"Joint",0.2,0.00396034854125642,1.06601624459647,0.927677075303079
56,12,"Joint",0.2,0.00348542722999381,0.92707338944346,0.816430903800358
57,12,"Joint",0.2,0.003344576334835,0.899471196101423,0.783437811118336
58,12,"Joint",0.2,0.00390064841773301,1.04901467405588,0.913692842499211
59,12,"Joint",0.2,0.00387819707385314,1.04397322119507,0.908433811176552
60,12,"Joint",0.2,0.0044236793382338,1.17984001489183,1.03620827000986
61,12,"Joint",0.2,0.00364878117753274,0.987983029221081,0.854695140069837
62,12,"Joint",0.2,0.00407998987856093,1.08943835388084,0.955702014199193
63,12,"Joint",0.2,0.00404080725858038,1.0863864286126,0.94652382749981
64,12,"Joint",0.2,0.0039996653238925,1.07116759769104,0.936886688433391
65,12,"Joint",0.2,0.00396262014877605,1.04977256058173,0.928209179535361
66,12,"Joint",0.2,0.00374369811913946,0.994808307340226,0.876928605096752
67,12,"Joint",0.2,0.00391600936206611,1.04212073558169,0.91729100962121
68,12,"Joint",0.2,0.00361652061203284,0.972767285710811,0.847138384208878
69,12,"Joint",0.2,0.00397563890347304,1.06173241668985,0.931258709180422
70,12,"Joint",0.2,0.00407028620328652,1.0905774616274,0.953429012971025
71,12,"Joint",0.2,0.00397217472163208,1.05295353835293,0.930447254823552
72,12,"Joint",0.2,0.00341735214278505,0.919301091892234,0.800484908859514
73,12,"Joint",0.2,0.00367196902589312,0.979293233902563,0.860126691137994
74,12,"Joint",0.2,0.00363598818977153,0.97156160021322,0.85169849435871
75,12,"Joint",0.2,0.00413369105258078,1.10868661724458,0.968281045447607
76,12,"Joint",0.2,0.00469931295481584,1.25898188894685,1.10077303864635
77,12,"Joint",0.2,0.00354553061037172,0.957514585708233,0.83050959600231
78,12,"Joint",0.2,0.00392456198299264,1.05054746744629,0.919294386416111
79,12,"Joint",0.2,0.00383220914880938,1.03074024542906,0.897661541170653
80,12,"Joint",0.2,0.0039143066632983,1.05240547071107,0.91689216729797
81,12,"Joint",0.2,0.00378634077815517,1.00745090356686,0.886917275736914
82,12,"Joint",0.2,0.0040085018502779,1.06676450527107,0.938956567603797
83,12,"Joint",0.2,0.00381163384830915,1.01862380810167,0.89284195663341
84,12,"Joint",0.2,0.00424252806281217,1.12894688400832,0.993775165039458
85,12,"Joint",0.2,0.00399257093596194,1.07090355459858,0.935224889988651
86,12,"Joint",0.2,0.00428164347900375,1.138769738335,1.0029376098379
87,12,"Joint",0.2,0.00379088469409877,1.00145747628095,0.887981648382166
88,12,"Joint",0.2,0.00408286430291659,1.08676846359416,0.956375323013213
89,12,"Joint",0.2,0.00397667743852466,1.06321722275915,0.93150197695073
90,12,"Joint",0.2,0.00390887996022899,1.04209866240282,0.915621009474512
91,12,"Joint",0.2,0.00373606288013559,0.995011325809194,0.875140117009258
92,12,"Joint",0.2,0.00399729918391287,1.08433726646215,0.936332440797577
93,12,"Joint",0.2,0.00415990391688966,1.11511418107257,0.974421180095866
94,12,"Joint",0.2,0.00450866635218327,1.21166693200149,1.05611573616293
95,12,"Joint",0.2,0.00380205439466669,1.0111417633643,0.890598053238174
96,12,"Joint",0.2,0.00396679226805665,1.06625157944765,0.929186462057768
97,12,"Joint",0.2,0.0040740683572251,1.08442477941523,0.954314949516126
98,12,"Joint",0.2,0.00407162754097873,1.08244601692701,0.953743209616679
99,12,"Joint",0.2,0.00352384912046373,0.949078443231696,0.82543089625239
100,12,"Joint",0.2,0.00339182066348457,0.909622364228454,0.794504382701544
101,12,"Joint",0.2,0.00326181693976151,0.868843282202098,0.764052145241753
102,12,"Joint",0.2,0.00372438863677911,1.00159705530644,0.872405527409254
103,12,"Joint",0.2,0.00401906317304314,1.08142646413274,0.941430465270151
104,12,"Joint",0.2,0.00374605178458925,1.00490734971147,0.877479930682856
105,12,"Joint",0.2,0.00384050905196683,1.02701533729878,0.899605721034167
106,12,"Joint",0.2,0.00396201982640749,1.06081893716136,0.928068559260824
107,12,"Joint",0.2,0.00361064018489494,0.950953460997953,0.845760945482972
108,12,"Joint",0.2,0.00364661318407588,0.979171317966523,0.854187306527308
109,12,"Joint",0.2,0.00412818382306289,1.11905946920261,0.966991025006491
110,12,"Joint",0.2,0.00361375685648263,0.962178480551225,0.846490998596484
111,12,"Joint",0.2,0.00441921924478469,1.18553480065457,1.03516353205225
112,12,"Joint",0.2,0.00417204999352353,1.11897481594477,0.977266292522403
113,12,"Joint",0.2,0.00402342385482793,1.08206342188368,0.942451916913186
114,12,"Joint",0.2,0.00384800251013077,1.02581427506163,0.901360998197537
115,12,"Joint",0.2,0.00406361714615356,1.09384188051667,0.951866844552833
116,12,"Joint",0.2,0.0039836418400156,1.0667662082825,0.933133327206675
117,12,"Joint",0.2,0.00364194653370523,0.975684492296686,0.853094184413893
118,12,"Joint",0.2,0.00426498591810105,1.13988925638145,0.999035721602829
119,12,"Joint",0.2,0.00371611074813884,0.988729695884458,0.870466504254216
120,12,"Joint",0.2,0.00378248376404363,1.00241984165716,0.886013803849752
121,12,"Joint",0.2,0.0034852978057932,0.932149581713877,0.81640058731113
122,12,"Joint",0.2,0.00375784102892728,1.00596052742902,0.880241458258935
123,12,"Joint",0.2,0.00312781225908826,0.841006518563165,0.732662718541334
124,12,"Joint",0.2,0.00431165657365423,1.15324754971911,1.00996791527088
125,12,"Joint",0.2,0.00356667733466913,0.951106151699896,0.835463031576003
1,12,"Joint",0.25,0.00400507609840747,1.07464896058702,0.93815411513205
2,12,"Joint",0.25,0.00367100232551593,0.979833497051106,0.859900250013104
3,12,"Joint",0.25,0.00411878953728774,1.09329885900547,0.964790495567813
4,12,"Joint",0.25,0.0041655020813382,1.11603724853817,0.975732501250709
5,12,"Joint",0.25,0.00443750869522646,1.18154300774672,1.03944767616683
6,12,"Joint",0.25,0.00429078846138009,1.14870995162946,1.00507974213161
7,12,"Joint",0.25,0.0043720839204185,1.1806809208043,1.0241224937709
8,12,"Joint",0.25,0.00403064851733618,1.09246296382242,0.944144231040566
9,12,"Joint",0.25,0.00411532174489796,1.10337035055536,0.963978195471391
10,12,"Joint",0.25,0.00409690159828865,1.10064035648002,0.959663436920435
11,12,"Joint",0.25,0.00400907129854226,1.0666118592435,0.939089955888919
12,12,"Joint",0.25,0.0037420191283803,0.998971887346925,0.876535316167591
13,12,"Joint",0.25,0.00369753036490156,0.983811539116224,0.866114211671887
14,12,"Joint",0.25,0.00390491392443926,1.0432709949604,0.914692000210886
15,12,"Joint",0.25,0.00379550850473804,1.01749558842341,0.889064735662466
16,12,"Joint",0.25,0.00417885285914582,1.10940607025808,0.978859804411174
17,12,"Joint",0.25,0.0043839878116373,1.16554928780443,1.02691087637802
18,12,"Joint",0.25,0.00411075460776795,1.10424777461118,0.962908383465921
19,12,"Joint",0.25,0.00375359166415384,1.00620959280725,0.879246081654106
20,12,"Joint",0.25,0.00412408641867772,1.10793768284808,0.966031243796116
21,12,"Joint",0.25,0.00368881847196034,0.984773563677616,0.864073526797851
22,12,"Joint",0.25,0.00367692089838138,0.996717741686808,0.861286624042718
23,12,"Joint",0.25,0.00424191951542911,1.13360888929673,0.993632618127076
24,12,"Joint",0.25,0.00397566237598343,1.06323111998282,0.931264207411083
25,12,"Joint",0.25,0.00372057376618229,1.00008380930552,0.871511927272541
26,12,"Joint",0.25,0.00403260234081158,1.08641835031978,0.94460189713445
27,12,"Joint",0.25,0.00391716092755974,1.04625240245965,0.917560753785907
28,12,"Joint",0.25,0.00338558351720318,0.909254242487989,0.793043385630141
29,12,"Joint",0.25,0.00375881668725434,1.01086698124531,0.880469997705376
30,12,"Joint",0.25,0.00418946064053754,1.13105251008243,0.981344584605243
31,12,"Joint",0.25,0.00386633263144876,1.02855661989639,0.905654669109857
32,12,"Joint",0.25,0.00399807469361033,1.06768813688775,0.936514097174648
33,12,"Joint",0.25,0.0039620727073481,1.0667953270661,0.92808094615955
34,12,"Joint",0.25,0.00418452039183196,1.1339728109472,0.980187374470142
35,12,"Joint",0.25,0.00398465012074146,1.06815686518909,0.93336950816526
36,12,"Joint",0.25,0.0034878451391162,0.933384915237516,0.816997277905974
37,12,"Joint",0.25,0.00426422218220988,1.14866418327903,0.998856823137092
38,12,"Joint",0.25,0.00388493281936594,1.04456085214649,0.910011600765579
39,12,"Joint",0.25,0.00432782371393548,1.16272147675569,1.01375492675635
40,12,"Joint",0.25,0.00410326933935215,1.10230165635256,0.961155024679576
41,12,"Joint",0.25,0.00406845146774754,1.07951424246355,0.952999242186698
42,12,"Joint",0.25,0.00432019669373663,1.1523027613159,1.01196836385218
43,12,"Joint",0.25,0.00397261945297888,1.05455474854598,0.930551429259413
44,12,"Joint",0.25,0.00402270938021145,1.06833517812036,0.942284557471035
45,12,"Joint",0.25,0.00419835223761307,1.11700042778466,0.983427363604079
46,12,"Joint",0.25,0.00436441512327719,1.17846260280305,1.02232614498265
47,12,"Joint",0.25,0.00405578418974538,1.0887723962071,0.950032042889299
48,12,"Joint",0.25,0.00419638638615476,1.11890977699842,0.982966880060181
49,12,"Joint",0.25,0.0040857937447287,1.0821273783782,0.957061519186157
50,12,"Joint",0.25,0.003888980680023,1.04368252762965,0.9109597767901
51,12,"Joint",0.25,0.00408070092700984,1.09410662377637,0.955868571091505
52,12,"Joint",0.25,0.00357411166994633,0.957126569015323,0.837204459719229
53,12,"Joint",0.25,0.00340899642130008,0.911119358124498,0.798527654040025
54,12,"Joint",0.25,0.00422427678415429,1.12852768479917,0.989499962332038
55,12,"Joint",0.25,0.00408906572811124,1.09014440243865,0.957827952731882
56,12,"Joint",0.25,0.00404331204636805,1.07558790580773,0.947110552174398
57,12,"Joint",0.25,0.00444722694692964,1.17705634901156,1.0417240917962
58,12,"Joint",0.25,0.00425410505429407,1.12460011377173,0.99648697423677
59,12,"Joint",0.25,0.00377979867872794,1.00820902937981,0.885384846053059
60,12,"Joint",0.25,0.00388121832903679,1.02844308368742,0.909141513830327
61,12,"Joint",0.25,0.00386241665444453,1.04487001147176,0.904737385679763
62,12,"Joint",0.25,0.00387500289408623,1.02750738317789,0.907685602448633
63,12,"Joint",0.25,0.0039157318699938,1.05453638358269,0.91722600952555
64,12,"Joint",0.25,0.00420224035170083,1.11957789125378,0.98433812038919
65,12,"Joint",0.25,0.00416407730023904,1.11620209978475,0.975398758715368
66,12,"Joint",0.25,0.0034915111374608,0.932018942099255,0.817856006017136
67,12,"Joint",0.25,0.00425105652618651,1.13340072902419,0.995772883138631
68,12,"Joint",0.25,0.00394902429694532,1.05939112384195,0.925024469924263
69,12,"Joint",0.25,0.00371520680981774,1.00663216096753,0.870254764593124
70,12,"Joint",0.25,0.00416243372424076,1.10192170367126,0.975013765384797
71,12,"Joint",0.25,0.00416035972081651,1.10739225490291,0.974527948186958
72,12,"Joint",0.25,0.0038005359297048,1.01138036210859,0.89024236607577
73,12,"Joint",0.25,0.00401248707871732,1.08247623108406,0.939890072578058
74,12,"Joint",0.25,0.00377401265053917,0.998066633907041,0.884029519456969
75,12,"Joint",0.25,0.00385278977472597,1.0303382720976,0.902482373140194
76,12,"Joint",0.25,0.00394096377620208,1.05429258190113,0.923136363301674
77,12,"Joint",0.25,0.00368089014056509,0.983582263614081,0.862216384376126
78,12,"Joint",0.25,0.00390163874040741,1.04372602047872,0.913924816941005
79,12,"Joint",0.25,0.00426103405452092,1.14369023274063,0.998110032055607
80,12,"Joint",0.25,0.00370178665659094,0.989142959037637,0.867111210846306
81,12,"Joint",0.25,0.00438377288915757,1.17304190771463,1.02686053266323
82,12,"Joint",0.25,0.0038324021857917,1.01884267650891,0.897706758398722
83,12,"Joint",0.25,0.00428444031128093,1.13885847948325,1.00359274338485
84,12,"Joint",0.25,0.0034593469404036,0.923433078014318,0.810321823622671
85,12,"Joint",0.25,0.00389094796521803,1.04253901089304,0.911420596174293
86,12,"Joint",0.25,0.00410047779437589,1.085574600486,0.960501129636713
87,12,"Joint",0.25,0.00411906694719817,1.10091379991594,0.964855476417772
88,12,"Joint",0.25,0.00372297402051564,1.00400714542399,0.87207416589793
89,12,"Joint",0.25,0.00381962285194424,1.03373320265971,0.894713310997709
90,12,"Joint",0.25,0.00406460993043802,1.09479402077193,0.952099395605313
91,12,"Joint",0.25,0.00408888646598277,1.08539420041112,0.95778596214309
92,12,"Joint",0.25,0.00393700123560793,1.04596856033005,0.922208172757118
93,12,"Joint",0.25,0.00338502890657016,0.904961959584928,0.792913472930636
94,12,"Joint",0.25,0.00427952083629813,1.13332789513453,1.00244039931298
95,12,"Joint",0.25,0.00441151438904791,1.18537626021544,1.03335873685277
96,12,"Joint",0.25,0.00388219078374369,1.03887357191406,0.909369302856708
97,12,"Joint",0.25,0.00415764266641721,1.11030850284265,0.973891501911493
98,12,"Joint",0.25,0.0038708769982653,1.03766652846032,0.906719147368152
99,12,"Joint",0.25,0.00379106253371616,1.01325895072198,0.88802330576014
100,12,"Joint",0.25,0.00371638873984089,0.998480793424226,0.870531621383795
101,12,"Joint",0.25,0.00375583699543115,1.00133716633346,0.879772030905979
102,12,"Joint",0.25,0.00365723217159334,0.982089219663548,0.856674711658519
103,12,"Joint",0.25,0.00410873465645107,1.09646699969826,0.962435227502406
104,12,"Joint",0.25,0.00374295199447505,1.01269167136643,0.876753831907154
105,12,"Joint",0.25,0.00370580412515245,0.982936465200955,0.868052267787755
106,12,"Joint",0.25,0.00400386022090605,1.06867684787167,0.937869306440925
107,12,"Joint",0.25,0.00451589998684694,1.20889458384346,1.05781015193939
108,12,"Joint",0.25,0.00428371096561415,1.14608163511638,1.00342190052897
109,12,"Joint",0.25,0.00375483856572641,1.0094498229255,0.879538157463088
110,12,"Joint",0.25,0.00388056060280455,1.0461125489457,0.908987447201815
111,12,"Joint",0.25,0.00429015471951495,1.14151235656487,1.00493129363173
112,12,"Joint",0.25,0.00448815107496692,1.18964243698126,1.05131021155598
113,12,"Joint",0.25,0.00405663288475504,1.0991394315483,0.950230842286921
114,12,"Joint",0.25,0.0042926148145617,1.1552735327859,1.00550754942189
115,12,"Joint",0.25,0.00390668663038613,1.03934355518206,0.915107241104723
116,12,"Joint",0.25,0.0042888724039724,1.15160968286522,1.00463092240942
117,12,"Joint",0.25,0.00421506889562479,1.11568235757677,0.987343094821058
118,12,"Joint",0.25,0.00369566694881991,0.991878991374164,0.865677722720803
119,12,"Joint",0.25,0.00385024369765256,1.02872340010169,0.901885976810852
120,12,"Joint",0.25,0.00361589323457228,0.968281865832639,0.84699142651521
121,12,"Joint",0.25,0.00353712150217885,0.95498821106328,0.828539835812522
122,12,"Joint",0.25,0.00414755889599359,1.09881983163711,0.97152946671253
123,12,"Joint",0.25,0.00399715314193824,1.06408978940389,0.936298231739829
124,12,"Joint",0.25,0.00443990313593441,1.18602143653068,1.04000855300124
125,12,"Joint",0.25,0.00423402011462161,1.13557529837398,0.99178225244299
1,12,"Joint",0.3,0.00404214941549604,1.08336219230816,0.946838216041415
2,12,"Joint",0.3,0.00402151459337613,1.07877655538353,0.942004689084332
3,12,"Joint",0.3,0.00388733870842753,1.04178318837716,0.910575159276869
4,12,"Joint",0.3,0.00389932940576804,1.05674376095897,0.913383875460267
5,12,"Joint",0.3,0.00452298349430107,1.20704961794834,1.0594694017275
6,12,"Joint",0.3,0.003779543743943,1.00029149973302,0.885325129805068
7,12,"Joint",0.3,0.00438519988100003,1.17664648892586,1.02719479304591
8,12,"Joint",0.3,0.00373117204338484,0.990335074596389,0.873994481193263
9,12,"Joint",0.3,0.00393678789057593,1.05673680438969,0.92215819854569
10,12,"Joint",0.3,0.00368330350457196,0.982531943973303,0.862781693828113
11,12,"Joint",0.3,0.00389080887820803,1.03584224108574,0.911388016256317
12,12,"Joint",0.3,0.00374010673095184,0.998723890621591,0.876087353763579
13,12,"Joint",0.3,0.00372165982437801,0.995181316429106,0.871766326924517
14,12,"Joint",0.3,0.0041497154152102,1.10764013090854,0.972034612514441
15,12,"Joint",0.3,0.00371199524030381,0.994617262503324,0.869502482468759
16,12,"Joint",0.3,0.00406813927237394,1.08966699142309,0.952926113145638
17,12,"Joint",0.3,0.00400918345615963,1.0708962092375,0.939116227831741
18,12,"Joint",0.3,0.00437641426266201,1.1802791492131,1.02513683864123
19,12,"Joint",0.3,0.00410148569528463,1.09723135000069,0.960737221626458
20,12,"Joint",0.3,0.00358869856958474,0.952325916471383,0.840621313628261
21,12,"Joint",0.3,0.00368245450738927,0.986258667397413,0.862582823649094
22,12,"Joint",0.3,0.00382796514381262,1.0265353517701,0.89666742004673
23,12,"Joint",0.3,0.00429102026545419,1.14394209431494,1.00513404021252
24,12,"Joint",0.3,0.00373656131590989,0.996691010900824,0.875256871238467
25,12,"Joint",0.3,0.00401289259600158,1.08770483718416,0.939985061462075
26,12,"Joint",0.3,0.00400854251663521,1.07362966141276,0.938966093343006
27,12,"Joint",0.3,0.00432613156157803,1.15558585428707,1.01335855483767
28,12,"Joint",0.3,0.00413065197960587,1.09550637420851,0.96756916913177
29,12,"Joint",0.3,0.00370967383439095,0.983029082601112,0.868958713397577
30,12,"Joint",0.3,0.00394902113696206,1.05842271440954,0.925023729725771
31,12,"Joint",0.3,0.00375532344018026,1.00834925487061,0.87965173507136
32,12,"Joint",0.3,0.00408470996227934,1.09155905217693,0.956807652607901
33,12,"Joint",0.3,0.00419797004230803,1.10970271405355,0.983337837690108
34,12,"Joint",0.3,0.00404110681301666,1.07267660684459,0.946593995511662
35,12,"Joint",0.3,0.00369038631632776,0.999453314888879,0.864440780654966
36,12,"Joint",0.3,0.00435525967402083,1.16517076622956,1.02018156091366
37,12,"Joint",0.3,0.00403043331139221,1.07744046849855,0.94409382092675
38,12,"Joint",0.3,0.00379678695475972,1.01823997383807,0.889364201420262
39,12,"Joint",0.3,0.00382387813928007,1.02070897136757,0.89571007491107
40,12,"Joint",0.3,0.00395979710641207,1.06314064546005,0.927547906504357
41,12,"Joint",0.3,0.00383142619780753,1.02449673196093,0.897478141732984
42,12,"Joint",0.3,0.00459856313322821,1.23163736829116,1.0771732724
43,12,"Joint",0.3,0.00425240459338547,1.14287054288379,0.996088656112507
44,12,"Joint",0.3,0.00401338626135926,1.08557481429695,0.940100698262834
45,12,"Joint",0.3,0.0042243713942702,1.12901790016868,0.989522123925828
46,12,"Joint",0.3,0.00437866433218719,1.1770539252996,1.0256638977863
47,12,"Joint",0.3,0.00452499893665037,1.21717317754698,1.05994150150473
48,12,"Joint",0.3,0.0041625198476104,1.10247625166498,0.97503393903235
49,12,"Joint",0.3,0.00393279107364346,1.05355426315494,0.921221979068086
50,12,"Joint",0.3,0.00400591473861873,1.07701984954083,0.938350559280921
51,12,"Joint",0.3,0.00373557539468533,1.0017419763986,0.875025927797874
52,12,"Joint",0.3,0.00388975698926484,1.03577706317701,0.911141620453483
53,12,"Joint",0.3,0.00408377442506411,1.09403883509488,0.956588511181679
54,12,"Joint",0.3,0.00396383343963626,1.08109013727565,0.928493382328353
55,12,"Joint",0.3,0.00386204589602591,1.02733655383588,0.904650538756618
56,12,"Joint",0.3,0.00394846447390512,1.06062655563737,0.924893336263886
57,12,"Joint",0.3,0.00358212027811765,0.958624022471762,0.839080406274997
58,12,"Joint",0.3,0.00382995899821898,1.01746664037316,0.897134463036757
59,12,"Joint",0.3,0.0040848677298293,1.08591901714624,0.956844608279299
60,12,"Joint",0.3,0.0038557503506075,1.03612659637135,0.903175862197133
61,12,"Joint",0.3,0.00400050104387606,1.0743366109289,0.937082448544421
62,12,"Joint",0.3,0.00411644152616795,1.1020005091055,0.964240494459146
63,12,"Joint",0.3,0.00504158774864318,1.3474210297869,1.18094792133154
64,12,"Joint",0.3,0.00403431889151401,1.06388738361346,0.945003984152462
65,12,"Joint",0.3,0.00400481938052038,1.06422987491199,0.93809398120793
66,12,"Joint",0.3,0.00371448630044287,0.998758176779596,0.87008599156151
67,12,"Joint",0.3,0.00447983050887911,1.1994500452125,1.0493611915814
68,12,"Joint",0.3,0.00378528971456266,1.01662477435509,0.886671073265262
69,12,"Joint",0.3,0.00386434546824316,1.03459761480313,0.905189193475189
70,12,"Joint",0.3,0.00397350142803975,1.06982394609519,0.930758024218514
71,12,"Joint",0.3,0.00453903702805176,1.23443147546183,1.06322980187486
72,12,"Joint",0.3,0.00348629873534718,0.91794201183221,0.81663504632187
73,12,"Joint",0.3,0.00416667375629129,1.11457556076482,0.976006955880741
74,12,"Joint",0.3,0.00413945314212588,1.11035053400408,0.969630764625382
75,12,"Joint",0.3,0.00390267155549955,1.04659778731659,0.914166744860739
76,12,"Joint",0.3,0.00428303516147002,1.14894042894785,1.00326359930741
77,12,"Joint",0.3,0.00370143579920884,0.989086502677619,0.867029025567241
78,12,"Joint",0.3,0.00418811758839721,1.11184002700199,0.981029986365084
79,12,"Joint",0.3,0.00402997385251586,1.08457397687005,0.943986196695651
80,12,"Joint",0.3,0.00424740627603135,1.14467794703079,0.994917843903371
81,12,"Joint",0.3,0.00420175332169805,1.13931695663434,0.984224037862395
82,12,"Joint",0.3,0.00335120597343387,0.894355360183535,0.784990746089
83,12,"Joint",0.3,0.00410698173629461,1.09203765243702,0.962024621257262
84,12,"Joint",0.3,0.00412240481084689,1.09059915664011,0.965637341840767
85,12,"Joint",0.3,0.00416640965956428,1.12252730594351,0.975945093527782
86,12,"Joint",0.3,0.00413234551564291,1.10311154642197,0.967965865165303
87,12,"Joint",0.3,0.00413053498480144,1.09276808492888,0.967541764120099
88,12,"Joint",0.3,0.00415780966464146,1.10523195701067,0.97393061978778
89,12,"Joint",0.3,0.00391908925436337,1.04964926465478,0.918012447506996
90,12,"Joint",0.3,0.00389774215944684,1.03712728065473,0.913012076864841
91,12,"Joint",0.3,0.00400581471819459,1.0697473168986,0.938327130369661
92,12,"Joint",0.3,0.00462648071227284,1.25305048824622,1.08371272159439
93,12,"Joint",0.3,0.00406530194705579,1.10211092180336,0.952261494457307
94,12,"Joint",0.3,0.00401620104076261,1.08083981344806,0.940760035767422
95,12,"Joint",0.3,0.00402623022975156,1.08176316151126,0.943109285741774
96,12,"Joint",0.3,0.00393751870155242,1.05395130338298,0.922329384637573
97,12,"Joint",0.3,0.00477563340924404,1.26350113305799,1.11865043888326
98,12,"Joint",0.3,0.003845638218693,1.03418889856559,0.900807183566505
99,12,"Joint",0.3,0.00445701768550436,1.19862118695012,1.04401748684248
100,12,"Joint",0.3,0.00371071473584052,0.985757740488074,0.869202535475961
101,12,"Joint",0.3,0.00480111757279999,1.27697134275333,1.12461988174109
102,12,"Joint",0.3,0.00406224018261961,1.10085571992292,0.951544302864743
103,12,"Joint",0.3,0.00426154191144435,1.140909756485,0.998228993106759
104,12,"Joint",0.3,0.00413830324068809,1.10498062695725,0.969361410251244
105,12,"Joint",0.3,0.00428092614038762,1.1342665491209,1.00276957952882
106,12,"Joint",0.3,0.00417081739034697,1.12008548041595,0.97697756598787
107,12,"Joint",0.3,0.00430459763280374,1.13756725660694,1.00831441999523
108,12,"Joint",0.3,0.00388661756360784,1.04571292786978,0.910406237397843
109,12,"Joint",0.3,0.00501479088860766,1.32986475187889,1.1746709907821
110,12,"Joint",0.3,0.00404296944253084,1.08599063799096,0.947030300216174
111,12,"Joint",0.3,0.00399549467750589,1.07466550851996,0.935909750923541
112,12,"Joint",0.3,0.00383470773985614,1.03093343218897,0.898246814312776
113,12,"Joint",0.3,0.00432515340703991,1.15731906418243,1.01312943067557
114,12,"Joint",0.3,0.00407384784714806,1.08440654143146,0.954263296955454
115,12,"Joint",0.3,0.00371426368791902,0.996577745313096,0.870033846520995
116,12,"Joint",0.3,0.00423103918549981,1.14122541319832,0.991083995817195
117,12,"Joint",0.3,0.00371546005718415,0.996925102854842,0.870314085578066
118,12,"Joint",0.3,0.00389852266231793,1.04047272943584,0.913194902849272
119,12,"Joint",0.3,0.00456744024494711,1.22527303239848,1.06988300749658
120,12,"Joint",0.3,0.0040402511799551,1.0836715249538,0.946393570935932
121,12,"Joint",0.3,0.00374404658830769,0.998133757567339,0.877010230957575
122,12,"Joint",0.3,0.00423746110071674,1.13514232875291,0.992588273398885
123,12,"Joint",0.3,0.00395943886895052,1.06870304350993,0.927463992506094
124,12,"Joint",0.3,0.00385305896340908,1.0373835572289,0.902545428239419
125,12,"Joint",0.3,0.00424029754302406,1.13539853833988,0.99325268524963
1,12,"Joint",0.35,0.00430366076356449,1.15694699011315,1.00809496655402
2,12,"Joint",0.35,0.00473492777510551,1.26625973193904,1.10911549941201
3,12,"Joint",0.35,0.00427683772300044,1.145241384994,1.0018119034443
4,12,"Joint",0.35,0.0040490978600618,1.08641511439844,0.948465828526911
5,12,"Joint",0.35,0.00418457013583252,1.1197860492633,0.980199026568051
6,12,"Joint",0.35,0.00429381889179263,1.15211435638681,1.00578959400265
7,12,"Joint",0.35,0.00455705456140515,1.22338744840179,1.0674502517851
8,12,"Joint",0.35,0.00462383510924898,1.24143016972899,1.08309301217993
9,12,"Joint",0.35,0.00433372463198025,1.16215380131228,1.01513716529832
10,12,"Joint",0.35,0.00410303850280024,1.09337529431877,0.961100953232295
11,12,"Joint",0.35,0.00459617949507956,1.22781025875371,1.07661492597082
12,12,"Joint",0.35,0.00461615089563751,1.23975464454515,1.08129305221812
13,12,"Joint",0.35,0.00412839108145874,1.09634017688721,0.967039573476525
14,12,"Joint",0.35,0.0038832350175645,1.04175038609885,0.909613905513959
15,12,"Joint",0.35,0.00416766866195516,1.11590671457076,0.976240003847821
16,12,"Joint",0.35,0.00405181770668605,1.0914601905355,0.949102928856679
17,12,"Joint",0.35,0.0044192990512269,1.17815112352868,1.03518222601469
18,12,"Joint",0.35,0.004086672630814,1.09611506249739,0.957267390579713
19,12,"Joint",0.35,0.00385601780229924,1.03716419251467,0.903238510421292
20,12,"Joint",0.35,0.00428643914269786,1.14925674046664,1.00406095219617
21,12,"Joint",0.35,0.00452334924248982,1.20884253110426,1.05955507504805
22,12,"Joint",0.35,0.00462556244484057,1.23880060789624,1.08349762546409
23,12,"Joint",0.35,0.00445949395974436,1.20112521318088,1.04459753246742
24,12,"Joint",0.35,0.00382140313948921,1.03176596661483,0.895130327814711
25,12,"Joint",0.35,0.00496025616132413,1.33953362297869,1.16189670695788
26,12,"Joint",0.35,0.00425085700491978,1.1474513248966,0.995726147023565
27,12,"Joint",0.35,0.00397960343138762,1.0739464578287,0.932187365237443
28,12,"Joint",0.35,0.00408139919032133,1.08949136734134,0.956032133176968
29,12,"Joint",0.35,0.0041734229985219,1.11470065584725,0.977587906958092
30,12,"Joint",0.35,0.00370722657483335,0.994225155123872,0.868385464208721
31,12,"Joint",0.35,0.00439765501239551,1.18008653999868,1.03011229885256
32,12,"Joint",0.35,0.00465066822226154,1.24459670314085,1.08937843467279
33,12,"Joint",0.35,0.0037486398191796,1.00006249915561,0.878086155194309
34,12,"Joint",0.35,0.00397819455097566,1.06175849217918,0.931857347299278
35,12,"Joint",0.35,0.00441624561678415,1.16974936820344,1.03446698565037
36,12,"Joint",0.35,0.0041587156155471,1.12971915834406,0.974142830879238
37,12,"Joint",0.35,0.00418253372859035,1.12751155923213,0.979722015947677
38,12,"Joint",0.35,0.00412901967761924,1.10308938639419,0.96718681664
39,12,"Joint",0.35,0.00373102786144902,0.996015078824546,0.873960707833379
40,12,"Joint",0.35,0.00406353926069552,1.09231264091457,0.951848600564172
41,12,"Joint",0.35,0.00382180108285465,1.01943261751422,0.895223542574361
42,12,"Joint",0.35,0.00432643612936949,1.15813037162862,1.0134298971842
43,12,"Joint",0.35,0.00435498149163928,1.18073816528503,1.02011639911908
44,12,"Joint",0.35,0.00407174828978721,1.08549989528414,0.953771493971023
45,12,"Joint",0.35,0.0044665327777364,1.19153133061346,1.04624631413915
46,12,"Joint",0.35,0.00441194842733841,1.17939564332665,1.03346040653354
47,12,"Joint",0.35,0.0041971032595215,1.12760194707317,0.983134801388639
48,12,"Joint",0.35,0.003868635805915,1.0248922661334,0.906194167623805
49,12,"Joint",0.35,0.00399556891428179,1.07516793200287,0.93592714024026
50,12,"Joint",0.35,0.00385216662025259,1.0243136701476,0.902336404644418
51,12,"Joint",0.35,0.00427163155263832,1.15493542324125,1.00059240348243
52,12,"Joint",0.35,0.00427251219509676,1.1459247769657,1.00079868629106
53,12,"Joint",0.35,0.00411989779214302,1.10230347939398,0.96505009459353
54,12,"Joint",0.35,0.00470723168499237,1.27037002163467,1.10262793206639
55,12,"Joint",0.35,0.00398811219711005,1.07209561690346,0.934180469333613
56,12,"Joint",0.35,0.00379100971007152,1.00913669676821,0.888010932282491
57,12,"Joint",0.35,0.00439845712706521,1.16369454681562,1.03030018721215
58,12,"Joint",0.35,0.00456445184537109,1.22327924979852,1.0691830009821
59,12,"Joint",0.35,0.00420669209085891,1.12063974901857,0.985380901427059
60,12,"Joint",0.35,0.00402871468286772,1.07555864805398,0.943691247197052
61,12,"Joint",0.35,0.00421911680466219,1.12561053841717,0.988291282178253
62,12,"Joint",0.35,0.00429743857670962,1.15304243351972,1.00663747359768
63,12,"Joint",0.35,0.00434941240088935,1.15902451973198,1.01881188822435
64,12,"Joint",0.35,0.00424526077093774,1.140367908127,0.99441527806364
65,12,"Joint",0.35,0.00390227349220813,1.04346435406702,0.914073502009477
66,12,"Joint",0.35,0.00426093455270893,1.14199441443868,0.998086724624718
67,12,"Joint",0.35,0.00419522717264385,1.13312028615488,0.982695344414204
68,12,"Joint",0.35,0.00417682498539445,1.10366142082102,0.978384792686531
69,12,"Joint",0.35,0.00424852949389778,1.14046897388246,0.995180947883851
70,12,"Joint",0.35,0.0038341831759417,1.03763659731408,0.898123939794824
71,12,"Joint",0.35,0.00400350964310991,1.06653721708029,0.937787186652431
72,12,"Joint",0.35,0.00398888744623364,1.07991393689165,0.934362064673542
73,12,"Joint",0.35,0.00387055729747882,1.0309180972748,0.906644260249639
74,12,"Joint",0.35,0.00414401866251266,1.11517600786175,0.970700197922865
75,12,"Joint",0.35,0.00405383837716463,1.08063592777623,0.949576253277557
76,12,"Joint",0.35,0.00454546122781906,1.20308301646435,1.06473461459254
77,12,"Joint",0.35,0.00395470137714198,1.0586696215496,0.926354276404229
78,12,"Joint",0.35,0.00386640557263522,1.03130828910409,0.905671754946065
79,12,"Joint",0.35,0.00489619137945871,1.31590459706297,1.14689009103716
80,12,"Joint",0.35,0.00368438086272895,0.973740255358004,0.863034055571968
81,12,"Joint",0.35,0.0038408241094677,1.02477867419399,0.899679520503564
82,12,"Joint",0.35,0.00374646113648475,1.00085069472961,0.877575817791087
83,12,"Joint",0.35,0.00402546378974106,1.07501787562918,0.942929753859687
84,12,"Joint",0.35,0.00383563808033623,1.02152504433628,0.898464738449157
85,12,"Joint",0.35,0.00397826966079746,1.06436649404486,0.931874941119392
86,12,"Joint",0.35,0.00393451221524863,1.03919600518504,0.92162514146499
87,12,"Joint",0.35,0.00509899308288526,1.36892072596403,1.19439461977783
88,12,"Joint",0.35,0.00434243623629885,1.16495802447458,1.01717778256503
89,12,"Joint",0.35,0.00416123028060401,1.12377858983396,0.97473186921793
90,12,"Joint",0.35,0.00420714558262383,1.11965235957773,0.985487127914393
91,12,"Joint",0.35,0.00424171742089229,1.13193934371794,0.993585279245935
92,12,"Joint",0.35,0.0044607001020295,1.20603561997273,1.04488006076912
93,12,"Joint",0.35,0.00446276406365496,1.21054490483307,1.04536352576324
94,12,"Joint",0.35,0.00429311387092636,1.14261593921403,1.00562444901896
95,12,"Joint",0.35,0.00437658375292503,1.17806563835099,1.02517654025583
96,12,"Joint",0.35,0.00438307144098094,1.16646493448714,1.02669622455091
97,12,"Joint",0.35,0.00400148008416135,1.06920025957126,0.937311780185051
98,12,"Joint",0.35,0.00414587488836736,1.0988228626905,0.971135002626055
99,12,"Joint",0.35,0.00440101031623142,1.17735729611038,1.03089824948716
100,12,"Joint",0.35,0.00424055462892396,1.12549466113038,0.993312905377544
101,12,"Joint",0.35,0.00387400156985368,1.02268595032012,0.907451050987866
102,12,"Joint",0.35,0.00420298618692568,1.12603585624547,0.984512825780109
103,12,"Joint",0.35,0.00416875631576938,1.12064135032494,0.976494777259507
104,12,"Joint",0.35,0.00468581475523324,1.25213949257353,1.09761120322196
105,12,"Joint",0.35,0.00411096570594774,1.08719993674565,0.962957831371835
106,12,"Joint",0.35,0.00407416469454974,1.0861259147052,0.954337515693489
107,12,"Joint",0.35,0.00434338784522396,1.17258199964761,1.017400688649
108,12,"Joint",0.35,0.00445577057047377,1.20025493601411,1.04372536103282
109,12,"Joint",0.35,0.00418287133963475,1.13256810638527,0.979801098387774
110,12,"Joint",0.35,0.00437069357171026,1.17916975670404,1.02379681672257
111,12,"Joint",0.35,0.00414949294708873,1.10133371988995,0.97198250129894
112,12,"Joint",0.35,0.00448780570544115,1.20356758938084,1.05122931175935
113,12,"Joint",0.35,0.0043886007268311,1.18410331755188,1.02799141149533
114,12,"Joint",0.35,0.00375437130022945,0.992963637697059,0.879428704599257
115,12,"Joint",0.35,0.00368148405276821,0.986967757443804,0.862355503125351
116,12,"Joint",0.35,0.00468150240554633,1.26547907695033,1.09660107295096
117,12,"Joint",0.35,0.00455796358923729,1.22410641682305,1.06766318361974
118,12,"Joint",0.35,0.0043528737014139,1.17192667882999,1.019622667658
119,12,"Joint",0.35,0.00416223283304804,1.1189103412942,0.97496670837651
120,12,"Joint",0.35,0.00488030037960148,1.30323377599695,1.14316776303555
121,12,"Joint",0.35,0.00430837651348571,1.1640763303023,1.00919958980857
122,12,"Joint",0.35,0.0042207000618965,1.13098264020195,0.988662146364913
123,12,"Joint",0.35,0.00428050058402232,1.14706677822899,1.00266989666501
124,12,"Joint",0.35,0.00381136323445833,1.02679997892483,0.89277856770109
125,12,"Joint",0.35,0.00402626231780051,1.09428296019661,0.943116802087135
1,12,"Joint",0.4,0.00399211790107356,1.06030064741481,0.935118770520663
2,12,"Joint",0.4,0.00420498646636247,1.14139223544629,0.984981373777428
3,12,"Joint",0.4,0.00501840303975599,1.34544912110133,1.17551710565757
4,12,"Joint",0.4,0.00419661857430427,1.12457540396622,0.983021268107401
5,12,"Joint",0.4,0.00396882578519601,1.05935369282104,0.929662795696779
6,12,"Joint",0.4,0.00462548505982823,1.23520867005011,1.08347949870045
7,12,"Joint",0.4,0.00398322620878845,1.07602780815991,0.933035969219811
8,12,"Joint",0.4,0.0046626676440193,1.24788574830501,1.09218919447476
9,12,"Joint",0.4,0.0040864811100075,1.1012870805664,0.957222528502596
10,12,"Joint",0.4,0.00421471895262851,1.11070685276449,0.98726112372889
11,12,"Joint",0.4,0.00442484523349773,1.18596232486795,1.03648137079817
12,12,"Joint",0.4,0.00408362180897558,1.09624560732734,0.956552762195148
13,12,"Joint",0.4,0.00484833024790892,1.29214311695812,1.13567903875873
14,12,"Joint",0.4,0.00500234436789329,1.33923770657832,1.17175550195233
15,12,"Joint",0.4,0.00441430263397541,1.18860742450407,1.03401185888802
16,12,"Joint",0.4,0.0049762821982013,1.33347527567637,1.16565066620264
17,12,"Joint",0.4,0.00456129477142707,1.21005050717972,1.06844348396929
18,12,"Joint",0.4,0.00408523203539068,1.10890324549976,0.956929943676978
19,12,"Joint",0.4,0.00451653536923937,1.21085996022951,1.05795898471847
20,12,"Joint",0.4,0.00461399110555121,1.248916103741,1.08078714024354
21,12,"Joint",0.4,0.00459810007643247,1.22174173985831,1.07706480538769
22,12,"Joint",0.4,0.00390807921693226,1.04253828786603,0.915433442347049
23,12,"Joint",0.4,0.00450245725716561,1.2167754688347,1.05466130985518
24,12,"Joint",0.4,0.00494768708006194,1.30599039444796,1.15895250938964
25,12,"Joint",0.4,0.00410491969442111,1.10561264503272,0.961541605948268
26,12,"Joint",0.4,0.00431579347574353,1.13194513187666,1.01093694847367
27,12,"Joint",0.4,0.00418247365830229,1.11818079355868,0.979707945007064
28,12,"Joint",0.4,0.00397842100471015,1.08044687290895,0.931910392109829
29,12,"Joint",0.4,0.00417320723359699,1.12289215209001,0.977537365907881
30,12,"Joint",0.4,0.00420296836741584,1.12512443784036,0.984508651715484
31,12,"Joint",0.4,0.00478941594562704,1.27806097103993,1.12187887772112
32,12,"Joint",0.4,0.00414160699320472,1.10734316643981,0.970135285439309
33,12,"Joint",0.4,0.00444583352404741,1.18943258950439,1.04139769464944
34,12,"Joint",0.4,0.0042918721387595,1.15426199622374,1.00533358409815
35,12,"Joint",0.4,0.00413217246133379,1.10057644298518,0.967925328704006
36,12,"Joint",0.4,0.00432155495791671,1.15173746304443,1.01228652537988
37,12,"Joint",0.4,0.00431547306303407,1.16092786629235,1.0108618945934
38,12,"Joint",0.4,0.00397055955192895,1.06433838811029,0.930068915419657
39,12,"Joint",0.4,0.00451722603768787,1.20072038058244,1.05812076777358
40,12,"Joint",0.4,0.00413434297544114,1.1056036862614,0.968433752686906
41,12,"Joint",0.4,0.00405466371487821,1.08481194661248,0.949769581432455
42,12,"Joint",0.4,0.00432231019379444,1.14057208652959,1.01246343279167
43,12,"Joint",0.4,0.0042529022171235,1.1502597661426,0.996205220129305
44,12,"Joint",0.4,0.00384236200491205,1.02779117072143,0.900039759086883
45,12,"Joint",0.4,0.00446100454334633,1.1917292336961,1.04495137349006
46,12,"Joint",0.4,0.00506133390844695,1.3567394562344,1.18557328689834
47,12,"Joint",0.4,0.00443630372670269,1.19825960650306,1.03916542280849
48,12,"Joint",0.4,0.00404003209615584,1.0924364647249,0.946342252468375
49,12,"Joint",0.4,0.00423049595217079,1.12791547613555,0.990956748151842
50,12,"Joint",0.4,0.00442421024158927,1.1998679602953,1.03633262948656
51,12,"Joint",0.4,0.00418360351578423,1.12805043869207,0.979972604259511
52,12,"Joint",0.4,0.00461898419144439,1.24145494755977,1.08195672702861
53,12,"Joint",0.4,0.00398666183953248,1.06535518610394,0.93384073573146
54,12,"Joint",0.4,0.00439256793088583,1.17299085624198,1.02892069441482
55,12,"Joint",0.4,0.00454758063664636,1.22449561106833,1.06523106760969
56,12,"Joint",0.4,0.00383519523130287,1.02628034877371,0.898361004928793
57,12,"Joint",0.4,0.00419826994531622,1.1157145438625,0.983408087351885
58,12,"Joint",0.4,0.00455831499822718,1.21283012051502,1.06774549810811
59,12,"Joint",0.4,0.00476395055321724,1.2678084633882,1.11591383184042
60,12,"Joint",0.4,0.003850102726117,1.03189801168792,0.901852955459203
61,12,"Joint",0.4,0.00428151646408984,1.14307103240034,1.00290785770305
62,12,"Joint",0.4,0.00416437828361981,1.10866459493555,0.975469261444976
63,12,"Joint",0.4,0.00390538134641718,1.03329999831784,0.914801489729009
64,12,"Joint",0.4,0.00426116359398745,1.14666411127748,0.998140375544877
65,12,"Joint",0.4,0.00415257258798652,1.10544265384419,0.9727038802966
66,12,"Joint",0.4,0.00474192144011311,1.28621749862464,1.11075370439127
67,12,"Joint",0.4,0.00383118377588685,1.01542363732311,0.897421356514204
68,12,"Joint",0.4,0.00433963151534056,1.16517035495448,1.01652080116339
69,12,"Joint",0.4,0.00432693699800546,1.15590239742565,1.01354722129001
70,12,"Joint",0.4,0.00433504448278312,1.14886821248736,1.01544632882771
71,12,"Joint",0.4,0.0037915547745955,1.01761119498203,0.88813860888929
72,12,"Joint",0.4,0.00430189421072823,1.16006190111421,1.00768116697263
73,12,"Joint",0.4,0.00451997509794301,1.2020369937267,1.05876471114138
74,12,"Joint",0.4,0.00486757224271314,1.3016462798153,1.14018630807531
75,12,"Joint",0.4,0.00403648995549455,1.09659168249185,0.94551253693836
76,12,"Joint",0.4,0.00414488694285465,1.10698883697027,0.970903585013628
77,12,"Joint",0.4,0.00417768662609459,1.11838617003549,0.978586624499151
78,12,"Joint",0.4,0.0044221823076608,1.20141995099937,1.03585760366595
79,12,"Joint",0.4,0.00461726467832342,1.24379233928407,1.08155394608992
80,12,"Joint",0.4,0.00477468326125865,1.28866233243111,1.11842787501168
81,12,"Joint",0.4,0.00483313055342609,1.2973153233099,1.13211864300657
82,12,"Joint",0.4,0.00428322356053872,1.14837061962495,1.00330773014469
83,12,"Joint",0.4,0.00422673884105868,1.13112741406621,0.990076677670218
84,12,"Joint",0.4,0.00406296171252327,1.07581568267932,0.951713314946324
85,12,"Joint",0.4,0.00406488174007824,1.08932156684645,0.95216306464086
86,12,"Joint",0.4,0.00418266990702393,1.12631843633129,0.979753914557025
87,12,"Joint",0.4,0.00400642555089889,1.0696830403283,0.938470212598596
88,12,"Joint",0.4,0.00470444057845996,1.26497301986507,1.10197413972517
89,12,"Joint",0.4,0.00368616848530311,0.984408177441896,0.863452790555531
90,12,"Joint",0.4,0.00458776891895908,1.22618737233011,1.07464482193179
91,12,"Joint",0.4,0.00428338340196266,1.13766183909077,1.00334517160297
92,12,"Joint",0.4,0.00460783417222488,1.24615495046622,1.07934493235666
93,12,"Joint",0.4,0.00431636551645761,1.16226682554675,1.01107094401751
94,12,"Joint",0.4,0.00439749853510358,1.18535580026719,1.03007564541283
95,12,"Joint",0.4,0.00480695155223287,1.2892089358913,1.12598644049756
96,12,"Joint",0.4,0.0047272631188786,1.26255223884679,1.1073201205968
97,12,"Joint",0.4,0.00451184980483702,1.20207681532087,1.05686143215822
98,12,"Joint",0.4,0.00430417617709012,1.13721290798197,1.00821569767328
99,12,"Joint",0.4,0.00420377080704628,1.14094688213035,0.984696616194277
100,12,"Joint",0.4,0.00437392691370028,1.16537652387109,1.0245541988594
101,12,"Joint",0.4,0.00428587844414225,1.13552377670438,1.00392961345394
102,12,"Joint",0.4,0.00483887341058641,1.29792378067972,1.1334638571661
103,12,"Joint",0.4,0.00418513854097399,1.12344025475451,0.980332170510746
104,12,"Joint",0.4,0.00435066032964616,1.15959092961274,1.01910420464227
105,12,"Joint",0.4,0.00466092937695938,1.23521653114533,1.09178202058957
106,12,"Joint",0.4,0.00416205261280398,1.10782868417384,0.974924493357514
107,12,"Joint",0.4,0.00421359967096602,1.13253192977052,0.986998941769837
108,12,"Joint",0.4,0.00474263061887394,1.27424773267721,1.11091982332546
109,12,"Joint",0.4,0.00440918571369335,1.18640456381537,1.03281326497832
110,12,"Joint",0.4,0.0043472435970632,1.16904208928725,1.01830386485989
111,12,"Joint",0.4,0.00493755783521787,1.32094392157098,1.15657982220464
112,12,"Joint",0.4,0.00435831753199371,1.16845891390261,1.02089783745129
113,12,"Joint",0.4,0.00423755072292445,1.13321285217287,0.992609266618714
114,12,"Joint",0.4,0.00393997537834697,1.04974884902469,0.922904839731987
115,12,"Joint",0.4,0.00448554592016045,1.19693467671698,1.05069997678335
116,12,"Joint",0.4,0.00476884822661489,1.27874107437409,1.11706106908128
117,12,"Joint",0.4,0.00450067927742161,1.20381462119336,1.0542448336204
118,12,"Joint",0.4,0.00459627443122652,1.24160254031884,1.07663716393453
119,12,"Joint",0.4,0.00453840076478657,1.22695083158857,1.06308076275902
120,12,"Joint",0.4,0.0048885933308444,1.31471978873792,1.14511031447377
121,12,"Joint",0.4,0.00431615085948922,1.15672224888274,1.01102066249644
122,12,"Joint",0.4,0.00409516893751004,1.097444933487,0.9592575762577
123,12,"Joint",0.4,0.00447161077832016,1.17321600081467,1.04743579144925
124,12,"Joint",0.4,0.00455605090094989,1.23097797780474,1.06721515308456
125,12,"Joint",0.4,0.00442495704457212,1.17680329780854,1.03650756156633
1,12,"Joint",0.45,0.00429033023532961,1.13849317147167,1.00497240667921
2,12,"Joint",0.45,0.00449771436561084,1.21617717509595,1.0535503289099
3,12,"Joint",0.45,0.00395226936529449,1.04927506258135,0.925784598858361
4,12,"Joint",0.45,0.00400882574955497,1.0743246303292,0.939032438182086
5,12,"Joint",0.45,0.00435500892449289,1.1687285879703,1.02012282502557
6,12,"Joint",0.45,0.00402524729288954,1.07772195500375,0.942879041362044
7,12,"Joint",0.45,0.00432561126944834,1.17061840445945,1.01323668094799
8,12,"Joint",0.45,0.00506257306002622,1.35367315373002,1.18586354733903
9,12,"Joint",0.45,0.00477717871779476,1.29102075677701,1.11901241392204
10,12,"Joint",0.45,0.00517624931357063,1.37633437234534,1.21249121743447
11,12,"Joint",0.45,0.00448124880558465,1.1970146181901,1.04969341520415
12,12,"Joint",0.45,0.00477311720555706,1.28644767401004,1.11806104013392
13,12,"Joint",0.45,0.00448042134797577,1.19782506880309,1.04949959048227
14,12,"Joint",0.45,0.00426760858857815,1.13754074158815,0.999650059268393
15,12,"Joint",0.45,0.0046110759789772,1.22493058308705,1.08010429729016
16,12,"Joint",0.45,0.00435114953405844,1.16522879493242,1.01921879650551
17,12,"Joint",0.45,0.00460575119384018,1.25672693012775,1.07885701285268
18,12,"Joint",0.45,0.00444906017768888,1.18243065363337,1.04215351009901
19,12,"Joint",0.45,0.00507408661253681,1.36755003687195,1.18856049651108
20,12,"Joint",0.45,0.0040422538032901,1.08312251773939,0.946862667970955
21,12,"Joint",0.45,0.00467983760601312,1.26923860593702,1.09621110819259
22,12,"Joint",0.45,0.00455744660447188,1.22267495805444,1.06754208445128
23,12,"Joint",0.45,0.00433396094015182,1.14216862624361,1.01519251842474
24,12,"Joint",0.45,0.00380184033926127,1.01220352229346,0.890547912627989
25,12,"Joint",0.45,0.00436404732961731,1.17339834643513,1.02223999252834
26,12,"Joint",0.45,0.00485527450869806,1.30080390501975,1.13730567123108
27,12,"Joint",0.45,0.00468965681423376,1.26357395378068,1.09851117200491
28,12,"Joint",0.45,0.00457503863037955,1.22371912200016,1.07166286295667
29,12,"Joint",0.45,0.00469836675372253,1.26414140826177,1.10055139929977
30,12,"Joint",0.45,0.00402857955521183,1.07339462067596,0.943659594723217
31,12,"Joint",0.45,0.00444850083927797,1.1891448854215,1.04202248995879
32,12,"Joint",0.45,0.00459238585679271,1.22250388690734,1.07572629931737
33,12,"Joint",0.45,0.00524947878725141,1.39981345195135,1.22964458241295
34,12,"Joint",0.45,0.00441014436232325,1.17514160577178,1.0330378200517
35,12,"Joint",0.45,0.00413460427730536,1.10366380667471,0.968494960367654
36,12,"Joint",0.45,0.00488569051839018,1.30380786749948,1.14443035599546
37,12,"Joint",0.45,0.00440789775414209,1.17939690695752,1.03251157169623
38,12,"Joint",0.45,0.00441380372904739,1.18617538885982,1.03389499476364
39,12,"Joint",0.45,0.00447333545752894,1.18805575427956,1.04783978249892
40,12,"Joint",0.45,0.0047405149568669,1.2687539994636,1.11042424796825
41,12,"Joint",0.45,0.00452228922157585,1.20706323758445,1.05930677440204
42,12,"Joint",0.45,0.00420868147902087,1.12732941605013,0.985846898238331
43,12,"Joint",0.45,0.00449463911326285,1.19677801066282,1.05282997789172
44,12,"Joint",0.45,0.00417449536083364,1.10938220405575,0.977839098468803
45,12,"Joint",0.45,0.00459647669539355,1.22481966922292,1.07668454255005
46,12,"Joint",0.45,0.00431578267584564,1.14437169179246,1.01093441869185
47,12,"Joint",0.45,0.00477636957782759,1.28562194640849,1.11882287994783
48,12,"Joint",0.45,0.00464633138208769,1.25763896250222,1.08836256771901
49,12,"Joint",0.45,0.00438547250735847,1.16709778508675,1.02725865339057
50,12,"Joint",0.45,0.00473641543588017,1.26273727549733,1.10946397096246
51,12,"Joint",0.45,0.00437931759024393,1.17294312326541,1.02581691778371
52,12,"Joint",0.45,0.00469471930824958,1.26172096014064,1.09969701703684
53,12,"Joint",0.45,0.00437417606429247,1.16731123900172,1.02461256021074
54,12,"Joint",0.45,0.00446859927354661,1.20506820980322,1.04673037274393
55,12,"Joint",0.45,0.00441568420635549,1.18056667917065,1.0343354801581
56,12,"Joint",0.45,0.00512739535883901,1.35804219307876,1.20104760499221
57,12,"Joint",0.45,0.00438154802988747,1.16957657360859,1.02633937880035
58,12,"Joint",0.45,0.00427047297711111,1.1580974871028,1.00032101727856
59,12,"Joint",0.45,0.004582972151631,1.23909727036276,1.07352122105691
60,12,"Joint",0.45,0.00468537325880954,1.25070682687968,1.09750778653861
61,12,"Joint",0.45,0.00432273615500932,1.1611669635488,1.01256321048797
62,12,"Joint",0.45,0.0044902998836542,1.20559750899884,1.05181355123369
63,12,"Joint",0.45,0.00476266552927989,1.2647711077637,1.11561282620026
64,12,"Joint",0.45,0.00431923510057065,1.14806618320288,1.01174311904694
65,12,"Joint",0.45,0.00479956460376662,1.28304827486546,1.12425611230113
66,12,"Joint",0.45,0.0043136965194392,1.14517784787909,1.01044575476403
67,12,"Joint",0.45,0.00485212381633225,1.28826431561619,1.13656764904725
68,12,"Joint",0.45,0.00459487226585104,1.23067545304305,1.07630871893504
69,12,"Joint",0.45,0.0044606937223378,1.20185047331882,1.04487856638203
70,12,"Joint",0.45,0.00419082853524325,1.12439840342174,0.981665001999486
71,12,"Joint",0.45,0.00441186332174616,1.18459472167356,1.03344047129144
72,12,"Joint",0.45,0.00443177447526031,1.18027397166405,1.03810448519464
73,12,"Joint",0.45,0.00480702021530641,1.28690602327532,1.12600252422317
74,12,"Joint",0.45,0.0044587379888052,1.18629335945392,1.04442045287391
75,12,"Joint",0.45,0.0044926159844492,1.20273738131846,1.05235607762733
76,12,"Joint",0.45,0.00444157879819069,1.18952034897544,1.04040106225766
77,12,"Joint",0.45,0.0040790114181467,1.09762586638691,0.955472818388292
78,12,"Joint",0.45,0.00423310150224232,1.13498247276528,0.991567075511846
79,12,"Joint",0.45,0.00415922961135301,1.10465600661868,0.974263229910025
80,12,"Joint",0.45,0.00503253533114569,1.35663426647544,1.17882747155268
81,12,"Joint",0.45,0.00456648529924606,1.2217632395405,1.06965931980199
82,12,"Joint",0.45,0.00498664585465809,1.33518029297218,1.1680782622617
83,12,"Joint",0.45,0.00463401881096643,1.24449201103432,1.08547845541216
84,12,"Joint",0.45,0.00446799549180641,1.18513542982809,1.04658894214179
85,12,"Joint",0.45,0.00459783233513436,1.23620134850701,1.07700208932577
86,12,"Joint",0.45,0.00452606601270262,1.21792964411066,1.0601914547553
87,12,"Joint",0.45,0.00468598869320463,1.24238453829135,1.09765194667343
88,12,"Joint",0.45,0.00509312483081779,1.3883031406242,1.19302003295589
89,12,"Joint",0.45,0.00447248232759453,1.19537360194815,1.04763994425888
90,12,"Joint",0.45,0.00430126123796175,1.15197260404013,1.00753289862741
91,12,"Joint",0.45,0.0042733278646688,1.13851018758804,1.0009897497682
92,12,"Joint",0.45,0.0042843955661053,1.13855580512878,1.00358226221805
93,12,"Joint",0.45,0.0044855121681695,1.20447211803283,1.0506920706741
94,12,"Joint",0.45,0.00436698448409747,1.16733852386713,1.02292799532646
95,12,"Joint",0.45,0.00497151894464983,1.32949690318149,1.16453491563737
96,12,"Joint",0.45,0.00528053392519213,1.41886810417729,1.23691897739052
97,12,"Joint",0.45,0.00468513741820889,1.24620664217634,1.09745254293658
98,12,"Joint",0.45,0.00472166704402723,1.27255313935959,1.10600928891186
99,12,"Joint",0.45,0.00486811151903071,1.30702945098478,1.14031262884527
100,12,"Joint",0.45,0.00466160362340218,1.24166251302107,1.09193995693321
101,12,"Joint",0.45,0.00439302010086771,1.16877551024795,1.02902661128602
102,12,"Joint",0.45,0.00540163972642848,1.43942188440161,1.26528695417913
103,12,"Joint",0.45,0.00468092921269563,1.26597925806705,1.09646680752918
104,12,"Joint",0.45,0.00443837635004631,1.1869724007111,1.03965091673449
105,12,"Joint",0.45,0.00446752353307817,1.19398748929601,1.0464783899295
106,12,"Joint",0.45,0.00410077854492933,1.10154497762984,0.960571577828557
107,12,"Joint",0.45,0.00471269729329751,1.26901547069723,1.10390820310174
108,12,"Joint",0.45,0.0043410197887183,1.17838507163632,1.01684599208367
109,12,"Joint",0.45,0.00416889509125499,1.11396219355683,0.976527284205617
110,12,"Joint",0.45,0.00461223376893982,1.24073215415179,1.08037549948238
111,12,"Joint",0.45,0.00445632034255921,1.19022871997525,1.0438541403448
112,12,"Joint",0.45,0.00424730877211095,1.15405241301091,0.994895004461154
113,12,"Joint",0.45,0.00438469944682797,1.16904277044689,1.02707757070946
114,12,"Joint",0.45,0.00462466336153787,1.24374625142654,1.08328702304866
115,12,"Joint",0.45,0.00491238325443262,1.31065285628802,1.15068289640845
116,12,"Joint",0.45,0.00446017323986756,1.18627993716046,1.04475664790675
117,12,"Joint",0.45,0.00447277327343719,1.20169828232089,1.04770809578282
118,12,"Joint",0.45,0.00480445690499138,1.29231686582571,1.12540209115739
119,12,"Joint",0.45,0.00444060703783294,1.18235533500094,1.0401734358765
120,12,"Joint",0.45,0.00457732657635526,1.22954315853044,1.07219879432964
121,12,"Joint",0.45,0.00485311738095369,1.29836792079545,1.13680038288685
122,12,"Joint",0.45,0.00443505457345027,1.19327123031215,1.03887281956316
123,12,"Joint",0.45,0.00449754387622216,1.21198285774129,1.05351039325883
124,12,"Joint",0.45,0.00432927556138126,1.15998614676229,1.01409500934712
125,12,"Joint",0.45,0.004197115801189,1.12616305267036,0.983137739164778
1,12,"Joint",0.5,0.00493223958172262,1.32501207257703,1.15533406774722
2,12,"Joint",0.5,0.00463374739538552,1.24835366571062,1.08541487868155
3,12,"Joint",0.5,0.00440739546778915,1.17856845048243,1.03239391550259
4,12,"Joint",0.5,0.0050316398355533,1.35220558656759,1.17861770952708
5,12,"Joint",0.5,0.00534251342671536,1.43224224320629,1.25143713459383
6,12,"Joint",0.5,0.00497917466826948,1.34056308247452,1.16632820206729
7,12,"Joint",0.5,0.00483059811680707,1.2820906888689,1.13152544183459
8,12,"Joint",0.5,0.0044522509474564,1.19175693462415,1.04290092006433
9,12,"Joint",0.5,0.0047255342940507,1.26228085550825,1.10691515847205
10,12,"Joint",0.5,0.00535314393763261,1.44308713138236,1.25392723898083
11,12,"Joint",0.5,0.00467508467556688,1.25511142526683,1.09509777572463
12,12,"Joint",0.5,0.004532960216278,1.21045609629871,1.06180636176228
13,12,"Joint",0.5,0.00468538152201264,1.26236881603223,1.09750972212179
14,12,"Joint",0.5,0.00482636953849432,1.29516109634407,1.13053493427674
15,12,"Joint",0.5,0.00483738526471274,1.28502196687094,1.13311527198545
16,12,"Joint",0.5,0.00531623973823403,1.41810769298334,1.2452827524141
17,12,"Joint",0.5,0.00425873831331355,1.14608985689204,0.997572274717662
18,12,"Joint",0.5,0.00473014149165239,1.27211689179163,1.10799435429331
19,12,"Joint",0.5,0.00418897669368584,1.13037716459865,0.981231224279672
20,12,"Joint",0.5,0.00418268996952791,1.12432389231647,0.979758614023455
21,12,"Joint",0.5,0.00463863540998309,1.23917184963668,1.08655985343281
22,12,"Joint",0.5,0.00451378187246965,1.2141058893067,1.05731400213586
23,12,"Joint",0.5,0.00528311685092769,1.43064462000335,1.23752400519733
24,12,"Joint",0.5,0.00469381974612322,1.2541710704994,1.09948630246117
25,12,"Joint",0.5,0.00492005686952511,1.32018552382189,1.1524803737597
26,12,"Joint",0.5,0.00522636472534213,1.40786095636789,1.22423031517687
27,12,"Joint",0.5,0.00493736824430176,1.33021369816678,1.15653541218751
28,12,"Joint",0.5,0.00482414628370189,1.31841535988406,1.13001415624874
29,12,"Joint",0.5,0.00552011845971298,1.48285088834947,1.29303956323211
30,12,"Joint",0.5,0.00483972146921842,1.28747318224005,1.13366250749783
31,12,"Joint",0.5,0.00522396264973971,1.3699499941806,1.22366764993508
32,12,"Joint",0.5,0.00491461785215543,1.31450820755737,1.15120633141887
33,12,"Joint",0.5,0.00492601646941332,1.30354497326391,1.15387635801126
34,12,"Joint",0.5,0.00479701352150226,1.2835747189207,1.1236585435495
35,12,"Joint",0.5,0.00489999669486757,1.29811928028094,1.1477814529545
36,12,"Joint",0.5,0.00489870402977516,1.33495726542708,1.14747865744048
37,12,"Joint",0.5,0.00505034017337629,1.33917037144191,1.18299810042402
38,12,"Joint",0.5,0.00414796897566018,1.10156497145967,0.971625524294786
39,12,"Joint",0.5,0.00450701934156259,1.21186692379364,1.05572993830205
40,12,"Joint",0.5,0.00482056681933615,1.27932255389535,1.12917569796676
41,12,"Joint",0.5,0.00472518792546227,1.26918187837521,1.10683402465371
42,12,"Joint",0.5,0.00473489729054838,1.27324857384843,1.1091083586706
43,12,"Joint",0.5,0.0043847491773174,1.18266125381451,1.02708921964251
44,12,"Joint",0.5,0.00481790670127109,1.29294742447351,1.1285525885306
45,12,"Joint",0.5,0.0051202928899177,1.36174378794634,1.19938391364591
46,12,"Joint",0.5,0.00483026094445948,1.27587164576096,1.13144646215541
47,12,"Joint",0.5,0.00484692663265431,1.31557746256637,1.13535025413771
48,12,"Joint",0.5,0.00470992147649917,1.26541922552046,1.10325799224727
49,12,"Joint",0.5,0.00436213612068161,1.17683158782927,1.0217923085184
50,12,"Joint",0.5,0.00566721507159583,1.53817158431208,1.32749566053691
51,12,"Joint",0.5,0.00483196749503853,1.29498703404826,1.13184620673181
52,12,"Joint",0.5,0.0042162271950621,1.12585241632399,0.98761441635328
53,12,"Joint",0.5,0.00471584813284855,1.26514519783787,1.10464625976242
54,12,"Joint",0.5,0.00473014349181071,1.27874880820684,1.10799482281294
55,12,"Joint",0.5,0.00437827629237225,1.17620146630592,1.02557300284691
56,12,"Joint",0.5,0.00462043348878147,1.23996370579754,1.08229621227867
57,12,"Joint",0.5,0.00501245508007236,1.34346147001565,1.17412384802233
58,12,"Joint",0.5,0.004904161657613,1.30237653871062,1.14875705912102
59,12,"Joint",0.5,0.00474362640033222,1.27997500512021,1.11115307643974
60,12,"Joint",0.5,0.00516328615663896,1.39351771574431,1.20945471108059
61,12,"Joint",0.5,0.00437140319096041,1.17513339113658,1.02396303883754
62,12,"Joint",0.5,0.00506373845845497,1.35627045712458,1.18613653174803
63,12,"Joint",0.5,0.00529061982763961,1.415365715993,1.23928151199747
64,12,"Joint",0.5,0.00482345224810706,1.28351813665359,1.129851584469
65,12,"Joint",0.5,0.00479531366764151,1.27569520793431,1.12326036762089
66,12,"Joint",0.5,0.00489651859415447,1.3122561923545,1.14696673822333
67,12,"Joint",0.5,0.00500073283216327,1.33797498617941,1.17137801377492
68,12,"Joint",0.5,0.00455750706673907,1.22458538827517,1.06755624720957
69,12,"Joint",0.5,0.00463276509288605,1.22418719137963,1.08518478289573
70,12,"Joint",0.5,0.00451506253498498,1.20657039515611,1.05761398615098
71,12,"Joint",0.5,0.00506567118719532,1.37113022561533,1.18658925658437
72,12,"Joint",0.5,0.00499866739407108,1.33897720152412,1.17089420293134
73,12,"Joint",0.5,0.00486677816557379,1.29970703193437,1.14000030243703
74,12,"Joint",0.5,0.00457588848820468,1.2203170411819,1.07186193473367
75,12,"Joint",0.5,0.00442011212409844,1.19449144917602,1.03537268123741
76,12,"Joint",0.5,0.0046389328255508,1.24573337482008,1.08662952043337
77,12,"Joint",0.5,0.00447961636529434,1.19812074446694,1.04931103031596
78,12,"Joint",0.5,0.00500795772975681,1.35366582759125,1.17307038296896
79,12,"Joint",0.5,0.00442679477000855,1.18129215087686,1.03693803270803
80,12,"Joint",0.5,0.00488034149396945,1.29898913899301,1.14317739371736
81,12,"Joint",0.5,0.00465805188820141,1.26576230103405,1.09110799396607
82,12,"Joint",0.5,0.00462411208740759,1.23914146584061,1.08315789189579
83,12,"Joint",0.5,0.00494259885746594,1.32420435715374,1.15776063766239
84,12,"Joint",0.5,0.00459826862553896,1.23409392470241,1.07710428654459
85,12,"Joint",0.5,0.00458454914449487,1.22479886433194,1.07389061786946
86,12,"Joint",0.5,0.00470556766557335,1.25983704410637,1.10223815004297
87,12,"Joint",0.5,0.00497252725157485,1.34224215197917,1.16477110273289
88,12,"Joint",0.5,0.0049073460481456,1.31221967145844,1.14950297480626
89,12,"Joint",0.5,0.00437042184000951,1.1761018461005,1.02373316594365
90,12,"Joint",0.5,0.00508181165924793,1.36670359851813,1.19037002127005
91,12,"Joint",0.5,0.00417176454791051,1.12296879351159,0.977199429379245
92,12,"Joint",0.5,0.00551762461193877,1.48347982174588,1.29245540116017
93,12,"Joint",0.5,0.00453367401817908,1.21900087754712,1.06197356362672
94,12,"Joint",0.5,0.00479854163102606,1.29253108894212,1.12401648986635
95,12,"Joint",0.5,0.00429992215744911,1.16876440647747,1.00721923070636
96,12,"Joint",0.5,0.00519440286455097,1.38038731057347,1.2167435282865
97,12,"Joint",0.5,0.00455586349413397,1.23866207382821,1.06717125467383
98,12,"Joint",0.5,0.00468137604261353,1.24682298234942,1.09657147353699
99,12,"Joint",0.5,0.00521247299049673,1.39064477199959,1.2209762975524
100,12,"Joint",0.5,0.00474614564842851,1.29045237004994,1.11174318831539
101,12,"Joint",0.5,0.00530157866421487,1.42247078765796,1.24184852380387
102,12,"Joint",0.5,0.0051399361001844,1.39295356958106,1.20398516418232
103,12,"Joint",0.5,0.00440663609765849,1.17891516253893,1.03221603967814
104,12,"Joint",0.5,0.00494369164742172,1.33352865756363,1.15801661417041
105,12,"Joint",0.5,0.00507169837205101,1.34998769931742,1.1880010720246
106,12,"Joint",0.5,0.00479999972832669,1.29591195862959,1.12435803643106
107,12,"Joint",0.5,0.00478058052592626,1.27117477952331,1.11980925778194
108,12,"Joint",0.5,0.00425906914706937,1.12548789283152,0.997649769637054
109,12,"Joint",0.5,0.00552503530182873,1.48057024139592,1.29419129057785
110,12,"Joint",0.5,0.00484524852679419,1.28244211945694,1.13495717248841
111,12,"Joint",0.5,0.00424259108737296,1.11806292259901,0.993789927992668
112,12,"Joint",0.5,0.00481321598486576,1.29376429587655,1.12745382915862
113,12,"Joint",0.5,0.00442879240084052,1.19026797617695,1.03740596029278
114,12,"Joint",0.5,0.00493634193100406,1.34375716293018,1.15629500725637
115,12,"Joint",0.5,0.00413693640001693,1.11534971154125,0.969041239755395
116,12,"Joint",0.5,0.00444018711739038,1.18867319006166,1.04007507317837
117,12,"Joint",0.5,0.0043671789207415,1.16810777046681,1.02297354041305
118,12,"Joint",0.5,0.00453313154664925,1.2143941998102,1.06184649440617
119,12,"Joint",0.5,0.00412798453863755,1.10228313714677,0.966944344369439
120,12,"Joint",0.5,0.00441176078033976,1.17151794605372,1.0334164518621
121,12,"Joint",0.5,0.00484871692629026,1.28263390628873,1.13576961479418
122,12,"Joint",0.5,0.00509751296662683,1.37880988787967,1.19404791546446
123,12,"Joint",0.5,0.00478269667677921,1.29651084807993,1.12030494764704
124,12,"Joint",0.5,0.00452566115703304,1.23117448989268,1.06009662084875
125,12,"Joint",0.5,0.00523209248304095,1.41338004481238,1.22557199241935
1,12,"Joint",0.55,0.00504268582726605,1.34657541472447,1.18120513666366
2,12,"Joint",0.55,0.00507805580414283,1.37990950421567,1.18949024499712
3,12,"Joint",0.55,0.00571616354192287,1.53665963705352,1.33896141243236
4,12,"Joint",0.55,0.00461285947401009,1.24726849995713,1.08052206543321
5,12,"Joint",0.55,0.00488252077007127,1.3096256152413,1.14368787012097
6,12,"Joint",0.55,0.00559131603100189,1.48557029134304,1.30971697281208
7,12,"Joint",0.55,0.00505457330795319,1.35122366162509,1.18398967524698
8,12,"Joint",0.55,0.00485472222039127,1.28940365217249,1.13717630251621
9,12,"Joint",0.55,0.00472637980931476,1.27057927940001,1.10711321304202
10,12,"Joint",0.55,0.00468388880019925,1.24513277981738,1.09716006506721
11,12,"Joint",0.55,0.00552213766217115,1.48169826336993,1.29351254378201
12,12,"Joint",0.55,0.00511762851103505,1.35858427757451,1.19875980615043
13,12,"Joint",0.55,0.00518037129911994,1.38613013749382,1.21345675656795
14,12,"Joint",0.55,0.00532117184453563,1.41727978466003,1.24643805526215
15,12,"Joint",0.55,0.00537996959312966,1.45257436060738,1.26021091461578
16,12,"Joint",0.55,0.00429817144526906,1.15140894927624,1.00680914166041
17,12,"Joint",0.55,0.00482773268038259,1.28685606321869,1.13085423836499
18,12,"Joint",0.55,0.00528164051019762,1.40758430253435,1.23717818526852
19,12,"Joint",0.55,0.00503403057604476,1.33699690010404,1.17917771961807
20,12,"Joint",0.55,0.00497129437500882,1.34256463210324,1.16448231215926
21,12,"Joint",0.55,0.00527458213563471,1.39853800303872,1.23552482264078
22,12,"Joint",0.55,0.00473269666043494,1.26901909512959,1.10859288027616
23,12,"Joint",0.55,0.00549672957180949,1.46542078844146,1.28756092040587
24,12,"Joint",0.55,0.00511959878041885,1.36803040597853,1.1992213245548
25,12,"Joint",0.55,0.00540510931417577,1.43363853172615,1.26609967482237
26,12,"Joint",0.55,0.00497137251266242,1.33808433463916,1.16450061522254
27,12,"Joint",0.55,0.00480096025123731,1.28794808532659,1.12458303053833
28,12,"Joint",0.55,0.00554978696266375,1.47917884060654,1.29998915106744
29,12,"Joint",0.55,0.00496953758198786,1.32799173477098,1.16407079872943
30,12,"Joint",0.55,0.00500965123432223,1.33685784145536,1.17346707163057
31,12,"Joint",0.55,0.00507262868107332,1.35633946462976,1.18821898879228
32,12,"Joint",0.55,0.00473279387980045,1.26477262357987,1.10861565306389
33,12,"Joint",0.55,0.00501962987678419,1.33610329765345,1.17580448152218
34,12,"Joint",0.55,0.00519540860739971,1.38302705573682,1.21697911476954
35,12,"Joint",0.55,0.00512585523282757,1.38679060842161,1.20068684391801
36,12,"Joint",0.55,0.00474926187863505,1.26791944539438,1.11247313803922
37,12,"Joint",0.55,0.0047681102021424,1.26401986202013,1.11688819329094
38,12,"Joint",0.55,0.00523015081987291,1.3892531718029,1.22511717477132
39,12,"Joint",0.55,0.00448970852335694,1.20462917486475,1.05167503024614
40,12,"Joint",0.55,0.00481305053664861,1.28220234863033,1.12741507435799
41,12,"Joint",0.55,0.00557683557235227,1.48882332061864,1.30632505177553
42,12,"Joint",0.55,0.00504887732824405,1.34748135142483,1.1826554417212
43,12,"Joint",0.55,0.00486019307722267,1.31112209266041,1.13845780297303
44,12,"Joint",0.55,0.00493948570647898,1.31438963273977,1.15703140921888
45,12,"Joint",0.55,0.00487951739650465,1.2975519170831,1.1429843560799
46,12,"Joint",0.55,0.00496792508218814,1.32376896126221,1.16369308472709
47,12,"Joint",0.55,0.00513458024401028,1.39290760791667,1.20273060162561
48,12,"Joint",0.55,0.0054704857371281,1.46356970402778,1.2814135312182
49,12,"Joint",0.55,0.00548674327241362,1.47511363079375,1.28522171694433
50,12,"Joint",0.55,0.00572083854997459,1.53898777145569,1.34005649225961
51,12,"Joint",0.55,0.00497148411000713,1.33239020328632,1.16452675592639
52,12,"Joint",0.55,0.00534264585279809,1.41705441592573,1.25146815424775
53,12,"Joint",0.55,0.00550947371672462,1.47514219576074,1.29054612510666
54,12,"Joint",0.55,0.00524102017307162,1.41692181541703,1.22766322587786
55,12,"Joint",0.55,0.0047043983600503,1.25144149590584,1.10196425043124
56,12,"Joint",0.55,0.00484845121345294,1.30738958570505,1.13570737388148
57,12,"Joint",0.55,0.00479924362652839,1.29154971070079,1.12418092618494
58,12,"Joint",0.55,0.00481149229414752,1.30782999217854,1.12705006965423
59,12,"Joint",0.55,0.00493824063649594,1.32037701211121,1.15673976244375
60,12,"Joint",0.55,0.00519175204924517,1.3960055495482,1.21612259794048
61,12,"Joint",0.55,0.00510112788005333,1.37154896079188,1.19489467737948
62,12,"Joint",0.55,0.00510888664641673,1.36709008036581,1.19671210067266
63,12,"Joint",0.55,0.00455373269301814,1.21630046718699,1.06667213311253
64,12,"Joint",0.55,0.00509941403652472,1.35825558960251,1.19449322449331
65,12,"Joint",0.55,0.00543293721520748,1.46853453141017,1.27261811772507
66,12,"Joint",0.55,0.00510139255871146,1.35346848854405,1.19495667604473
67,12,"Joint",0.55,0.00502864424111686,1.34513117882259,1.17791601767934
68,12,"Joint",0.55,0.00505429745621822,1.36811009902163,1.18392505938602
69,12,"Joint",0.55,0.0049630260532235,1.32240169636526,1.16254552995649
70,12,"Joint",0.55,0.00478586054007741,1.27119405847363,1.12104605500679
71,12,"Joint",0.55,0.00492183339271153,1.30079244090226,1.15289650880858
72,12,"Joint",0.55,0.0050282501842014,1.341483934111,1.17782371328669
73,12,"Joint",0.55,0.00502275463886766,1.35523769348047,1.17653642976372
74,12,"Joint",0.55,0.00486807539442906,1.31322463069955,1.14030416697268
75,12,"Joint",0.55,0.00522159586956139,1.40931144113453,1.2231132523383
76,12,"Joint",0.55,0.00505320162441912,1.35598357206625,1.18366837035275
77,12,"Joint",0.55,0.00486651230684948,1.29438168128316,1.13993802735158
78,12,"Joint",0.55,0.00494990743185526,1.32198184210754,1.15947260741543
79,12,"Joint",0.55,0.00480264406569686,1.27696933260184,1.12497744937721
80,12,"Joint",0.55,0.00518988878524408,1.39116302466168,1.21568614461294
81,12,"Joint",0.55,0.00417452908963665,1.10659547490375,0.977846999146487
82,12,"Joint",0.55,0.00489505622377572,1.3053674199342,1.14662419072735
83,12,"Joint",0.55,0.0045455972001603,1.21212678505595,1.06476646492654
84,12,"Joint",0.55,0.00523960213940828,1.40217798839789,1.22733106387045
85,12,"Joint",0.55,0.00423714499920043,1.12940183437462,0.992514229377988
86,12,"Joint",0.55,0.00496227197846577,1.33862518255044,1.16236889452693
87,12,"Joint",0.55,0.00512869336825643,1.37014164626572,1.20135165236771
88,12,"Joint",0.55,0.00556868349726237,1.48383227559247,1.30441549934642
89,12,"Joint",0.55,0.0043672124519761,1.17246462609018,1.02298139481207
90,12,"Joint",0.55,0.00506869439575965,1.34650908803349,1.18729741680052
91,12,"Joint",0.55,0.00523889694225075,1.41628374480812,1.22716587759208
92,12,"Joint",0.55,0.00470094766194276,1.25363454483922,1.10115595452122
93,12,"Joint",0.55,0.00502976642416901,1.33669170938246,1.17817887926361
94,12,"Joint",0.55,0.00514628518679881,1.38018727750633,1.2054723822996
95,12,"Joint",0.55,0.00522914804311436,1.40950621740925,1.224882283069
96,12,"Joint",0.55,0.00510203789414161,1.36866072639598,1.19510784023601
97,12,"Joint",0.55,0.00503199791605417,1.35107898371867,1.17870158675868
98,12,"Joint",0.55,0.00507410561033129,1.36797310995352,1.18856494657861
99,12,"Joint",0.55,0.00489521972452981,1.30796441304365,1.14666248935178
100,12,"Joint",0.55,0.00494568238269589,1.31625881980626,1.15848292653095
101,12,"Joint",0.55,0.00523927699297371,1.40434975419946,1.22725490115641
102,12,"Joint",0.55,0.0051406466431366,1.37456849489138,1.20415160266643
103,12,"Joint",0.55,0.0049945041653228,1.32319488381325,1.16991900293852
104,12,"Joint",0.55,0.00460399562587346,1.24524384877254,1.07844578638109
105,12,"Joint",0.55,0.00469609809370002,1.26862794645256,1.10001998549298
106,12,"Joint",0.55,0.00511705732516786,1.37203511505382,1.198626010847
107,12,"Joint",0.55,0.00571614064242204,1.52856300895788,1.33895604842418
108,12,"Joint",0.55,0.00551504438228955,1.47001033955514,1.29185100488806
109,12,"Joint",0.55,0.00471065986387322,1.26721014450093,1.10343095304414
110,12,"Joint",0.55,0.00489938083979661,1.32744585228762,1.14763719428002
111,12,"Joint",0.55,0.00501556275025583,1.33183029759531,1.17485179263548
112,12,"Joint",0.55,0.00520778518966093,1.41080071878694,1.21987822112714
113,12,"Joint",0.55,0.00516362932644228,1.3783261920929,1.20953509561144
114,12,"Joint",0.55,0.00563047063144258,1.52186028336557,1.31888859617883
115,12,"Joint",0.55,0.00478482223359439,1.27035878711368,1.1208028407767
116,12,"Joint",0.55,0.00481236248213636,1.3055933123701,1.12725390359462
117,12,"Joint",0.55,0.00510286158950562,1.36897634354433,1.19530078368487
118,12,"Joint",0.55,0.00478493383029598,1.28965728413365,1.12082898132989
119,12,"Joint",0.55,0.00525343181659192,1.41071574527454,1.23057054502937
120,12,"Joint",0.55,0.0052535124568586,1.41639119911854,1.23058943430791
121,12,"Joint",0.55,0.00454938765229918,1.22581615386976,1.06565434525264
122,12,"Joint",0.55,0.00516207193767096,1.38576358260637,1.20917029088644
123,12,"Joint",0.55,0.00500235789031831,1.32285093529592,1.17175866946235
124,12,"Joint",0.55,0.00549881865946292,1.50122077159537,1.28805027095273
125,12,"Joint",0.55,0.00545200636226769,1.45359108883484,1.27708489896642
1,12,"Joint",0.6,0.00568506755194548,1.53516171273887,1.33167744822179
2,12,"Joint",0.6,0.00486767849834614,1.30109687827113,1.14021119752982
3,12,"Joint",0.6,0.0046800613942248,1.24817023410883,1.09626352862771
4,12,"Joint",0.6,0.00524847275199902,1.40165798309603,1.22940892743691
5,12,"Joint",0.6,0.00526570583352793,1.40407978038131,1.23344562635486
6,12,"Joint",0.6,0.00532560054700962,1.41769227939145,1.24747544015786
7,12,"Joint",0.6,0.00520974319318803,1.40679500749855,1.22033686636165
8,12,"Joint",0.6,0.00534337244168796,1.43339264227985,1.25163835135268
9,12,"Joint",0.6,0.00557503732181382,1.48981623855237,1.3059038272841
10,12,"Joint",0.6,0.00498928894556009,1.3315306362373,1.16869738323355
11,12,"Joint",0.6,0.00511601221999559,1.38236148962029,1.19838120408329
12,12,"Joint",0.6,0.00539278973455546,1.44417569363258,1.26321392083581
13,12,"Joint",0.6,0.00514956506132132,1.37235485340764,1.20624066427597
14,12,"Joint",0.6,0.00553139274860178,1.48270727398512,1.29568046698931
15,12,"Joint",0.6,0.00530896285807187,1.44067704199058,1.24357820675712
16,12,"Joint",0.6,0.00594905535330282,1.60346668585736,1.39351428629998
17,12,"Joint",0.6,0.00518625565038664,1.40292122335431,1.21483511448678
18,12,"Joint",0.6,0.00523776904738117,1.40524142524208,1.22690167806444
19,12,"Joint",0.6,0.00527117291757674,1.44338219094962,1.23472624307028
20,12,"Joint",0.6,0.00496021382560123,1.32176249063063,1.16188679018434
21,12,"Joint",0.6,0.00509790056140351,1.37231808552058,1.19413870615752
22,12,"Joint",0.6,0.00544438677850985,1.46405204153448,1.27530007798366
23,12,"Joint",0.6,0.00491136320283534,1.30879971043204,1.15044395822597
24,12,"Joint",0.6,0.00511554554952135,1.36904130957744,1.19827189059833
25,12,"Joint",0.6,0.00552013097655206,1.51229695675879,1.2930424951924
26,12,"Joint",0.6,0.00486734144936222,1.30666661870714,1.1401322467475
27,12,"Joint",0.6,0.00630655205028434,1.68580931568968,1.47725476692474
28,12,"Joint",0.6,0.00478462357689359,1.29497571898441,1.12075630717863
29,12,"Joint",0.6,0.00529294134233844,1.42615985454952,1.23982530655081
30,12,"Joint",0.6,0.00551147271014481,1.47536880105346,1.29101437186582
31,12,"Joint",0.6,0.00513207249087855,1.38267530695678,1.20214318234507
32,12,"Joint",0.6,0.00529521338963223,1.43189824086264,1.24035751379633
33,12,"Joint",0.6,0.00616024115746323,1.67788812853477,1.44298271745147
34,12,"Joint",0.6,0.00573658019548274,1.54251392925504,1.34374383530867
35,12,"Joint",0.6,0.00483128661365477,1.29894914295491,1.13168671621117
36,12,"Joint",0.6,0.00547250163552321,1.46814657631226,1.28188573782017
37,12,"Joint",0.6,0.00549100343611405,1.46709084180246,1.28621962310354
38,12,"Joint",0.6,0.0053288008476667,1.43183157069061,1.24822508265087
39,12,"Joint",0.6,0.00570230239113385,1.53121941058482,1.33571455885613
40,12,"Joint",0.6,0.00584652693198036,1.57303919402893,1.36949789859142
41,12,"Joint",0.6,0.00539975704949112,1.4606755273122,1.26484595354073
42,12,"Joint",0.6,0.00487523462245041,1.30600297287371,1.14198115364269
43,12,"Joint",0.6,0.00481038898827556,1.29671042183745,1.12679162988466
44,12,"Joint",0.6,0.00516520114027313,1.38253725417963,1.20990327928072
45,12,"Joint",0.6,0.00556552615780638,1.49109580766402,1.30367592013976
46,12,"Joint",0.6,0.00514869112931002,1.38226526630026,1.20603595333101
47,12,"Joint",0.6,0.00568965460659273,1.51751271942104,1.33275192573181
48,12,"Joint",0.6,0.00522071894996235,1.39454540858134,1.22290784157698
49,12,"Joint",0.6,0.005493407364553,1.47431132552668,1.2867827223561
50,12,"Joint",0.6,0.00489685936546034,1.31420295933375,1.14704656092708
51,12,"Joint",0.6,0.00553232207724712,1.50075614666832,1.29589815411225
52,12,"Joint",0.6,0.00542268483329487,1.44701205168825,1.27021658675664
53,12,"Joint",0.6,0.00461954589871936,1.23054411013286,1.08208830205454
54,12,"Joint",0.6,0.00488470463203069,1.31736337314189,1.14419942072171
55,12,"Joint",0.6,0.00532068701990532,1.43619243169332,1.24632448932461
56,12,"Joint",0.6,0.0049228247092693,1.31723692389114,1.15312871605889
57,12,"Joint",0.6,0.00549197522505114,1.47771556639709,1.28644725617915
58,12,"Joint",0.6,0.00522421228442866,1.40922771015271,1.22372612468187
59,12,"Joint",0.6,0.00520653513875466,1.40274431242623,1.21958540761424
60,12,"Joint",0.6,0.00545818445110604,1.47581670549492,1.27853206234733
61,12,"Joint",0.6,0.00558387282932287,1.49734665109637,1.30797346779161
62,12,"Joint",0.6,0.00556948088566488,1.49538486681997,1.3046022806192
63,12,"Joint",0.6,0.00576337559610999,1.54659898920708,1.35002042400447
64,12,"Joint",0.6,0.00587209304937717,1.56628546555323,1.37548653842108
65,12,"Joint",0.6,0.00557952426464731,1.49968822522077,1.30695485447564
66,12,"Joint",0.6,0.00498820616457181,1.34841177081222,1.1684437512388
67,12,"Joint",0.6,0.00508051765866554,1.33768282998126,1.19006691292915
68,12,"Joint",0.6,0.00526617044241472,1.39352477364632,1.23355445693095
69,12,"Joint",0.6,0.0054570892445841,1.46896416856007,1.27827551977979
70,12,"Joint",0.6,0.00547538903228496,1.46351884354903,1.28256208530709
71,12,"Joint",0.6,0.00539542626526345,1.42777753514546,1.26383150513949
72,12,"Joint",0.6,0.00527034030455538,1.41271671464421,1.23453121073804
73,12,"Joint",0.6,0.00540978376564156,1.46343314008001,1.26719462427424
74,12,"Joint",0.6,0.00543405399188111,1.45891507614032,1.27287971291235
75,12,"Joint",0.6,0.00572481292170097,1.53538759313434,1.34098745414363
76,12,"Joint",0.6,0.00544076700292529,1.46015531891663,1.27445217715055
77,12,"Joint",0.6,0.00514870654699801,1.36969260359336,1.20603956478983
78,12,"Joint",0.6,0.00561975985972786,1.49860721762584,1.31637969140062
79,12,"Joint",0.6,0.00520461605837381,1.40084828409733,1.21913587978697
80,12,"Joint",0.6,0.00536259809201401,1.44352654651206,1.25614179211793
81,12,"Joint",0.6,0.0050455249561588,1.36320891584618,1.18187017782359
82,12,"Joint",0.6,0.00473984850040068,1.28326835244749,1.11026813635864
83,12,"Joint",0.6,0.00558275071062554,1.4830163716224,1.30771062128191
84,12,"Joint",0.6,0.00509675980161916,1.37030972710213,1.1938714931359
85,12,"Joint",0.6,0.005271284238218,1.43016476364373,1.23475231895877
86,12,"Joint",0.6,0.0053175144058815,1.43496800573561,1.24558133218375
87,12,"Joint",0.6,0.00607080346025753,1.61956111773773,1.42203271759634
88,12,"Joint",0.6,0.00526829217468031,1.40980949952671,1.23405145419323
89,12,"Joint",0.6,0.00513302481004738,1.37866266115202,1.20236625479742
90,12,"Joint",0.6,0.00489884851911362,1.31388978544478,1.14751250280674
91,12,"Joint",0.6,0.00595966464655227,1.5965660986695,1.39599942063353
92,12,"Joint",0.6,0.00595428318229117,1.60101872235778,1.39473885960599
93,12,"Joint",0.6,0.00580371624352023,1.5853456921556,1.35946986852066
94,12,"Joint",0.6,0.0055354548868824,1.48272719766516,1.29663198742253
95,12,"Joint",0.6,0.00509440874619146,1.37064935196269,1.19332077892469
96,12,"Joint",0.6,0.00567855702486731,1.54249424596644,1.33015241408511
97,12,"Joint",0.6,0.00476901491415588,1.28438220964357,1.11710011418272
98,12,"Joint",0.6,0.00518652949246482,1.38584596568872,1.21489925960318
99,12,"Joint",0.6,0.00504205093571902,1.35675375756378,1.18105641886083
100,12,"Joint",0.6,0.00494868678010036,1.33761738653942,1.1591866803971
101,12,"Joint",0.6,0.00554155681540359,1.48566539650164,1.29806131091395
102,12,"Joint",0.6,0.0052801983681234,1.42023794446869,1.2368403760763
103,12,"Joint",0.6,0.00532967917118435,1.42766071126286,1.24843082226786
104,12,"Joint",0.6,0.00536293515509439,1.43404749961841,1.25622074620222
105,12,"Joint",0.6,0.00474864954570187,1.28296807235333,1.11232970439478
106,12,"Joint",0.6,0.0050577249873679,1.35050126978684,1.1847279286384
107,12,"Joint",0.6,0.00504397108705731,1.34169331138084,1.18150619755053
108,12,"Joint",0.6,0.00581661996360329,1.5824808109986,1.36249245231157
109,12,"Joint",0.6,0.00558342944494697,1.48945870997245,1.30786960887192
110,12,"Joint",0.6,0.00527474994473275,1.40251939574873,1.23556413045717
111,12,"Joint",0.6,0.00528664917039798,1.42821277493061,1.23835142019909
112,12,"Joint",0.6,0.00508344882327948,1.35750717714564,1.19075351265339
113,12,"Joint",0.6,0.00502000024120438,1.33484880112006,1.17589123615464
114,12,"Joint",0.6,0.00571265943202326,1.55027434741119,1.33814060527628
115,12,"Joint",0.6,0.00569577305862482,1.5336204876376,1.33418511971144
116,12,"Joint",0.6,0.00475411269852935,1.27555919510651,1.11360940025592
117,12,"Joint",0.6,0.00516884948239852,1.38921855555524,1.21075787157666
118,12,"Joint",0.6,0.00471961171528106,1.2626163357396,1.10552784609435
119,12,"Joint",0.6,0.00497349951603094,1.33268132707978,1.16499884719468
120,12,"Joint",0.6,0.0052312077772661,1.40568559698397,1.22536475781432
121,12,"Joint",0.6,0.00647107292329713,1.77892834081895,1.51579234530019
122,12,"Joint",0.6,0.0054879140605144,1.45236161925295,1.28549596383695
123,12,"Joint",0.6,0.00552415751120041,1.48109110888292,1.29398567578555
124,12,"Joint",0.6,0.0048366976082442,1.30188957707327,1.13295419446035
125,12,"Joint",0.6,0.0052261092922096,1.40827630366787,1.22417048219528
1,12,"Joint",0.65,0.00500885040857568,1.35484423033086,1.17327948518996
2,12,"Joint",0.65,0.00556652982662905,1.49393576581389,1.3039110208003
3,12,"Joint",0.65,0.00556905051846389,1.51905396802314,1.3045014708591
4,12,"Joint",0.65,0.00592488171735605,1.59577810340905,1.3878518230948
5,12,"Joint",0.65,0.00529718601320955,1.42052652104243,1.24081958364999
6,12,"Joint",0.65,0.00493677117415719,1.31875770124314,1.15639555371805
7,12,"Joint",0.65,0.00547369237791199,1.48065895776409,1.28216465883056
8,12,"Joint",0.65,0.00560965638090023,1.51277432957505,1.31401303968005
9,12,"Joint",0.65,0.00563762440243802,1.51444776403537,1.32056430458815
10,12,"Joint",0.65,0.00580297189478509,1.56048698164576,1.35929551132699
11,12,"Joint",0.65,0.00601407728347997,1.62749686679657,1.40874510585764
12,12,"Joint",0.65,0.00532222860956759,1.43710465687089,1.24668559324622
13,12,"Joint",0.65,0.00521120532674367,1.38970728091976,1.22067935838388
14,12,"Joint",0.65,0.00558858304147054,1.49207798986551,1.30907679387104
15,12,"Joint",0.65,0.00495649464778581,1.32815030184738,1.16101560524635
16,12,"Joint",0.65,0.00558407088958149,1.51068505969651,1.30801986167829
17,12,"Joint",0.65,0.00579658597771528,1.54053013293487,1.35779966599703
18,12,"Joint",0.65,0.00518532177041775,1.39480555422994,1.21461636125604
19,12,"Joint",0.65,0.0058015598598811,1.56349968821693,1.35896475447659
20,12,"Joint",0.65,0.00630906790671706,1.67620019792507,1.4778440843328
21,12,"Joint",0.65,0.00515370543211382,1.38160821705449,1.20721050999219
22,12,"Joint",0.65,0.00593398131886864,1.60222664701369,1.38998332531732
23,12,"Joint",0.65,0.00565291064423226,1.51322806476066,1.32414497329252
24,12,"Joint",0.65,0.00631235198287155,1.69550895362652,1.47861335050478
25,12,"Joint",0.65,0.00568478254425939,1.52348543243681,1.3316106876592
26,12,"Joint",0.65,0.00517490849534932,1.37582479608262,1.21217714247033
27,12,"Joint",0.65,0.00555558061671834,1.46872706737748,1.30134626395603
28,12,"Joint",0.65,0.00552219066784438,1.47330246701071,1.29352495989826
29,12,"Joint",0.65,0.00548843443415122,1.47130292580628,1.28561785681895
30,12,"Joint",0.65,0.00564948795913189,1.52621415204495,1.3233432391849
31,12,"Joint",0.65,0.00586533598850964,1.57202886623213,1.37390375589628
32,12,"Joint",0.65,0.00531675658922855,1.41833134674766,1.2454038202479
33,12,"Joint",0.65,0.00514089232920378,1.37194086533988,1.20420915248304
34,12,"Joint",0.65,0.00535027247021372,1.45683081996642,1.25325462280344
35,12,"Joint",0.65,0.00595282884092549,1.61107509593443,1.39439819283624
36,12,"Joint",0.65,0.00491177198340348,1.33590668706081,1.15053971150574
37,12,"Joint",0.65,0.00530934117211606,1.42490939650719,1.24366682351961
38,12,"Joint",0.65,0.00631056533779955,1.6915248323795,1.47819484449256
39,12,"Joint",0.65,0.00561536868783933,1.5068379441792,1.31535109771693
40,12,"Joint",0.65,0.00504609555676187,1.35103164636516,1.182003836034
41,12,"Joint",0.65,0.00543647657222281,1.45585402799201,1.27344718121031
42,12,"Joint",0.65,0.00607747439520895,1.62940613707386,1.4235953258771
43,12,"Joint",0.65,0.00633971225742182,1.70156345334706,1.48502225598617
44,12,"Joint",0.65,0.00524756339699764,1.41381973799176,1.22919591896573
45,12,"Joint",0.65,0.00610270011036523,1.62297670077419,1.42950422945334
46,12,"Joint",0.65,0.00589477083347488,1.59246992382851,1.38079861138814
47,12,"Joint",0.65,0.0051165667414289,1.38422589933902,1.19851109588853
48,12,"Joint",0.65,0.00598551810456815,1.61820634199446,1.40205536749496
49,12,"Joint",0.65,0.00561509354562925,1.50977308213326,1.31528664805598
50,12,"Joint",0.65,0.00544064677716112,1.46071733211921,1.27442401531476
51,12,"Joint",0.65,0.00523886347914524,1.39720527717052,1.22715803915172
52,12,"Joint",0.65,0.00468557676726593,1.25337430941343,1.09755545661804
53,12,"Joint",0.65,0.00564333049309536,1.51036294348053,1.3219009065153
54,12,"Joint",0.65,0.0056830863889609,1.51123313333457,1.33121337808653
55,12,"Joint",0.65,0.00557479204810367,1.50161758070132,1.30584637405854
56,12,"Joint",0.65,0.00559683162359925,1.49442070060673,1.31100895223156
57,12,"Joint",0.65,0.00575766999796994,1.56807176488454,1.3486839374452
58,12,"Joint",0.65,0.00591915280644032,1.60939826466423,1.38650987572134
59,12,"Joint",0.65,0.00560016860321544,1.51126620334474,1.31179061057765
60,12,"Joint",0.65,0.00538921430940365,1.4616130722896,1.26237640870443
61,12,"Joint",0.65,0.00598210663224469,1.60945444283532,1.40125625988246
62,12,"Joint",0.65,0.00573212486357111,1.54114159118072,1.34270021269965
63,12,"Joint",0.65,0.00536323519418064,1.44869215582432,1.2562910277391
64,12,"Joint",0.65,0.00572166466785229,1.55859705699484,1.34025000316116
65,12,"Joint",0.65,0.00546101131628344,1.47384116853022,1.279194230839
66,12,"Joint",0.65,0.00607521101929769,1.63223617193407,1.42306514982723
67,12,"Joint",0.65,0.00551650450944929,1.48148923039089,1.29219302692956
68,12,"Joint",0.65,0.00577858133844166,1.54141808587033,1.35358223641242
69,12,"Joint",0.65,0.00582300288348079,1.5439006145058,1.36398759557539
70,12,"Joint",0.65,0.00546302626303678,1.48340493745955,1.2796662145272
71,12,"Joint",0.65,0.00561996468765554,1.51571971920068,1.3164276705547
72,12,"Joint",0.65,0.00526260642232349,1.40937795011095,1.23271961633546
73,12,"Joint",0.65,0.00555187765536864,1.49987517681533,1.30047887758358
74,12,"Joint",0.65,0.00584387285069842,1.57597203098236,1.368876203219
75,12,"Joint",0.65,0.00555898735076003,1.50330311961453,1.3021442616674
76,12,"Joint",0.65,0.0056696050691026,1.52817468468159,1.32805549659022
77,12,"Joint",0.65,0.00595018733248591,1.596518330353,1.3937794425424
78,12,"Joint",0.65,0.00571178286015852,1.53942940610983,1.3379352759687
79,12,"Joint",0.65,0.00577275003105327,1.53519451592434,1.35221630355907
80,12,"Joint",0.65,0.00558497830309388,1.4980192309933,1.30823241537263
81,12,"Joint",0.65,0.00589419979129688,1.5768693078609,1.38066484974265
82,12,"Joint",0.65,0.00583387803425718,1.56750455778863,1.36653500471391
83,12,"Joint",0.65,0.00538522701466727,1.43127466874655,1.26144241971814
84,12,"Joint",0.65,0.00588779511505895,1.58001307346966,1.37916461024131
85,12,"Joint",0.65,0.0049573960599326,1.33991295702084,1.16122675317318
86,12,"Joint",0.65,0.00543391684805525,1.46337682554373,1.27284758816829
87,12,"Joint",0.65,0.00601329124599429,1.6221493074447,1.40856098343805
88,12,"Joint",0.65,0.00614614066135909,1.67548378169058,1.43967979932446
89,12,"Joint",0.65,0.00504436836080436,1.35979462116774,1.18159925545791
90,12,"Joint",0.65,0.005262952417743,1.42094861942441,1.23280066274223
91,12,"Joint",0.65,0.00548682924047264,1.46020882451767,1.28524185421173
92,12,"Joint",0.65,0.00512688333738235,1.37800184176091,1.20092766843549
93,12,"Joint",0.65,0.00563895563139184,1.52817652074785,1.32087613335009
94,12,"Joint",0.65,0.00509421558824154,1.37448907069778,1.19327553336103
95,12,"Joint",0.65,0.00537623517115231,1.43916024587597,1.25933615886593
96,12,"Joint",0.65,0.00539047696011193,1.45017402593865,1.26267217361097
97,12,"Joint",0.65,0.00570076101653872,1.53965319564873,1.33535350531211
98,12,"Joint",0.65,0.00536208957660657,1.432417776098,1.25602267682264
99,12,"Joint",0.65,0.00569370368804847,1.51546858469106,1.33370038771776
100,12,"Joint",0.65,0.00527158260604878,1.40507714821581,1.23482220901862
101,12,"Joint",0.65,0.00596864748398838,1.58520573129482,1.39810357189037
102,12,"Joint",0.65,0.00545275653744287,1.46593557891515,1.27726062095282
103,12,"Joint",0.65,0.00489937327022103,1.29598491058567,1.14763542117302
104,12,"Joint",0.65,0.00504354706321918,1.35749237625249,1.18140687366781
105,12,"Joint",0.65,0.0061036187785369,1.62591190480881,1.42971941945336
106,12,"Joint",0.65,0.00595566277736238,1.5896091288374,1.39506201770872
107,12,"Joint",0.65,0.0056785051084175,1.53190183427724,1.33014025310993
108,12,"Joint",0.65,0.00554135375338086,1.49855906827071,1.29801374540768
109,12,"Joint",0.65,0.00607030273850582,1.62601144309178,1.42191542789687
110,12,"Joint",0.65,0.0053220058645785,1.42872259138773,1.24663341717691
111,12,"Joint",0.65,0.00538479950135042,1.43420188231425,1.2613422784555
112,12,"Joint",0.65,0.00596237903298357,1.59912173379194,1.39663524196076
113,12,"Joint",0.65,0.00536819889063651,1.44879522669323,1.25745373030502
114,12,"Joint",0.65,0.00522424640491285,1.39894914906631,1.22373411710746
115,12,"Joint",0.65,0.00554982175800886,1.48820308531216,1.2999973015733
116,12,"Joint",0.65,0.00573807889317497,1.52372857559774,1.34409489216072
117,12,"Joint",0.65,0.00604244068275525,1.61876343963932,1.41538898454944
118,12,"Joint",0.65,0.00555955536414271,1.50556657968278,1.30227731384402
119,12,"Joint",0.65,0.00553798171366155,1.46984370405861,1.29722387453849
120,12,"Joint",0.65,0.00593546531485995,1.59067564388094,1.39033093842425
121,12,"Joint",0.65,0.00600920496784035,1.60883166062443,1.40760380845024
122,12,"Joint",0.65,0.00631035714468508,1.69310021316823,1.47814607707285
123,12,"Joint",0.65,0.00488069341243421,1.3139541924485,1.14325982754578
124,12,"Joint",0.65,0.00636397852794021,1.70773470861963,1.49070641803114
125,12,"Joint",0.65,0.00563878447784853,1.51387579750636,1.32083604212659
1,12,"Joint",0.7,0.00564736469820321,1.51630729374895,1.32284588384662
2,12,"Joint",0.7,0.00585213250553028,1.57445727536486,1.37081095526359
3,12,"Joint",0.7,0.00586463269978264,1.57405678076984,1.3737390166511
4,12,"Joint",0.7,0.00530412893334474,1.41676775579498,1.24244590208586
5,12,"Joint",0.7,0.00608478695891316,1.64629961789934,1.42530823009233
6,12,"Joint",0.7,0.00600756660616796,1.61097718979364,1.40722003652999
7,12,"Joint",0.7,0.00598888956260184,1.59948909858452,1.4028451021094
8,12,"Joint",0.7,0.0060367930966532,1.62340411343628,1.41406608680367
9,12,"Joint",0.7,0.00599630606563042,1.61943210314234,1.40458235320405
10,12,"Joint",0.7,0.00617203112199329,1.66333990991102,1.44574441372624
11,12,"Joint",0.7,0.00572990557532499,1.52690522740748,1.3421803638005
12,12,"Joint",0.7,0.0056694270958063,1.53385289252119,1.32801380789912
13,12,"Joint",0.7,0.00585157135742218,1.57546657264855,1.37067951121761
14,12,"Joint",0.7,0.00625154922928071,1.67733813855168,1.46437083623264
15,12,"Joint",0.7,0.00641316575413401,1.71824592835533,1.50222809640424
16,12,"Joint",0.7,0.00631507647198513,1.70706695294296,1.47925153829717
17,12,"Joint",0.7,0.00598868646180343,1.59422760891999,1.40279752752028
18,12,"Joint",0.7,0.00623846545528535,1.69567247038075,1.46130607638448
19,12,"Joint",0.7,0.00561566687578236,1.50299546296151,1.31542094563966
20,12,"Joint",0.7,0.00589838237225602,1.57919089119403,1.38164458282194
21,12,"Joint",0.7,0.00685087809044255,1.84279097413661,1.60475839032679
22,12,"Joint",0.7,0.00633573129155414,1.70378347234316,1.48408974948214
23,12,"Joint",0.7,0.00626810955349196,1.688852742239,1.46824994762152
24,12,"Joint",0.7,0.00542583332009744,1.46632353911957,1.27095409230653
25,12,"Joint",0.7,0.00580853383854588,1.56303693741786,1.3605983481019
26,12,"Joint",0.7,0.00605142799956213,1.64100384805755,1.41749418505979
27,12,"Joint",0.7,0.00606978151076628,1.63286214961427,1.42179333484877
28,12,"Joint",0.7,0.00543920679842427,1.46424635110714,1.27408671286544
29,12,"Joint",0.7,0.00604993214085458,1.62047733382479,1.41714379321512
30,12,"Joint",0.7,0.0057920258557624,1.54691141469847,1.35673149723556
31,12,"Joint",0.7,0.00580891163912381,1.54215815962716,1.3606868445894
32,12,"Joint",0.7,0.00554609789274252,1.48989454833666,1.29912501864084
33,12,"Joint",0.7,0.005496678691688,1.47386442125351,1.28754900218156
34,12,"Joint",0.7,0.00562629815227976,1.512418168645,1.31791122935716
35,12,"Joint",0.7,0.00555081818177616,1.48349025719203,1.30023070514285
36,12,"Joint",0.7,0.005965860827931,1.60660180437364,1.39745082203408
37,12,"Joint",0.7,0.00612013289425784,1.65185774374054,1.43358770690676
38,12,"Joint",0.7,0.00586465274113159,1.57527656812572,1.37374371116214
39,12,"Joint",0.7,0.006439490416659,1.72248891910013,1.50839441880872
40,12,"Joint",0.7,0.00628299825386464,1.69252588870816,1.4717374957181
41,12,"Joint",0.7,0.00598190237308642,1.59079174905138,1.40120841395765
42,12,"Joint",0.7,0.00589688947700974,1.59196105655736,1.38129488514222
43,12,"Joint",0.7,0.00581726951456853,1.56790416482523,1.36264460395516
44,12,"Joint",0.7,0.00583999608788242,1.5771804823249,1.36796810537021
45,12,"Joint",0.7,0.00564283527791641,1.50771011948134,1.32178490668243
46,12,"Joint",0.7,0.00609150973788587,1.62995416928307,1.42688298238252
47,12,"Joint",0.7,0.00566008635137233,1.52340438359119,1.32582582005224
48,12,"Joint",0.7,0.00651917611277422,1.74273073222795,1.52706009753512
49,12,"Joint",0.7,0.00627863567203472,1.677409617021,1.47071559900609
50,12,"Joint",0.7,0.00615008155659215,1.64115978666803,1.44060291963212
51,12,"Joint",0.7,0.00533162335830302,1.42288937911523,1.2488862311293
52,12,"Joint",0.7,0.00575076799132015,1.54353138967852,1.34706720263616
53,12,"Joint",0.7,0.00621953826814264,1.6758485930799,1.4568725480146
54,12,"Joint",0.7,0.00605406593773116,1.62817146495723,1.41811209904892
55,12,"Joint",0.7,0.00587653035361729,1.58881593987262,1.37652593820543
56,12,"Joint",0.7,0.00619407894094527,1.69634664250659,1.45090892285697
57,12,"Joint",0.7,0.00558909105048354,1.47916008369641,1.30919579054785
58,12,"Joint",0.7,0.00531753633144694,1.43380257286566,1.24558646805606
59,12,"Joint",0.7,0.0058359296278536,1.55287047626696,1.36701557260521
60,12,"Joint",0.7,0.00576179682614494,1.55119762511991,1.34965061092148
61,12,"Joint",0.7,0.00658155147887987,1.74748755107744,1.54167098256129
62,12,"Joint",0.7,0.0057814203153926,1.53120062209267,1.35424724198131
63,12,"Joint",0.7,0.00600411961092408,1.61755241182733,1.40641260798346
64,12,"Joint",0.7,0.00605637881624983,1.62614876773757,1.41865387065245
65,12,"Joint",0.7,0.00609389034354012,1.65125718023812,1.42744061847635
66,12,"Joint",0.7,0.0063914343232983,1.72216025967274,1.49713769842795
67,12,"Joint",0.7,0.00611882731029931,1.63147582463516,1.43328188526111
68,12,"Joint",0.7,0.00629798688789718,1.69615437111853,1.47524845240214
69,12,"Joint",0.7,0.00557807154687727,1.50338337677079,1.306614568019
70,12,"Joint",0.7,0.00615291867562354,1.65904033568388,1.44126748999959
71,12,"Joint",0.7,0.00620537029397421,1.66720504837091,1.45355382374005
72,12,"Joint",0.7,0.00572033055813696,1.53836878317281,1.33993749960599
73,12,"Joint",0.7,0.00604423247150561,1.63173480442234,1.41580869542341
74,12,"Joint",0.7,0.00597972162216214,1.60608593418575,1.40069759208974
75,12,"Joint",0.7,0.00569837706474952,1.51309068291532,1.33479508541537
76,12,"Joint",0.7,0.00545702692016172,1.46787477451945,1.27826092082789
77,12,"Joint",0.7,0.00576679397125322,1.54344373809393,1.35082114854226
78,12,"Joint",0.7,0.00572591080999972,1.52760760204216,1.34124462489397
79,12,"Joint",0.7,0.00613782130618029,1.63085030298845,1.43773106299474
80,12,"Joint",0.7,0.00581041504978692,1.5677727997677,1.36103900541373
81,12,"Joint",0.7,0.0051595838361894,1.38792739777833,1.2085874748334
82,12,"Joint",0.7,0.00597971697584688,1.61392836195837,1.40069650373095
83,12,"Joint",0.7,0.00520245787166544,1.40402842666639,1.21863034338967
84,12,"Joint",0.7,0.00646346896228274,1.72725128686548,1.51401118380871
85,12,"Joint",0.7,0.0061777156200537,1.65626704242196,1.44707595777604
86,12,"Joint",0.7,0.00650187731990995,1.76606868172366,1.52300800631047
87,12,"Joint",0.7,0.00621743552275473,1.67527121019345,1.45637999826268
88,12,"Joint",0.7,0.00632006040573835,1.69645041669229,1.48041898127333
89,12,"Joint",0.7,0.00658737927886292,1.76188515111732,1.54303609383557
90,12,"Joint",0.7,0.00583234533307065,1.57789650736572,1.36617598284017
91,12,"Joint",0.7,0.00656384821970576,1.76373285667978,1.5375241486342
92,12,"Joint",0.7,0.00572991440746763,1.53970128948674,1.34218243265282
93,12,"Joint",0.7,0.00570181982203295,1.53271281372865,1.33560152125666
94,12,"Joint",0.7,0.00581540465537926,1.5568520119462,1.36220777696871
95,12,"Joint",0.7,0.00561042418088004,1.52292110835636,1.31419289012308
96,12,"Joint",0.7,0.00614020542626676,1.64642151752478,1.43828952231366
97,12,"Joint",0.7,0.00647360986283993,1.76387101696099,1.51638660124276
98,12,"Joint",0.7,0.00600673698297677,1.59629588021874,1.40702570453936
99,12,"Joint",0.7,0.00609171802838736,1.64774472092074,1.42693177261429
100,12,"Joint",0.7,0.00581157731554619,1.57116232561365,1.36131125602224
101,12,"Joint",0.7,0.00581655721248467,1.56283766842293,1.3624777534098
102,12,"Joint",0.7,0.0062847655461199,1.67023634333973,1.47215146850192
103,12,"Joint",0.7,0.00543738289572012,1.45559575192765,1.27365947957813
104,12,"Joint",0.7,0.00579350380885991,1.55748758378012,1.35707769484737
105,12,"Joint",0.7,0.00593408485286847,1.58248216930734,1.39000757725302
106,12,"Joint",0.7,0.00521558905195561,1.40329917966036,1.22170620774856
107,12,"Joint",0.7,0.00607588556711407,1.61743695944818,1.423223156765
108,12,"Joint",0.7,0.00618987878212867,1.65825872859853,1.44992507231801
109,12,"Joint",0.7,0.00538346598963389,1.43102031855276,1.26102991497633
110,12,"Joint",0.7,0.00583774894258831,1.5668160528521,1.36744173120073
111,12,"Joint",0.7,0.00562613791661564,1.52038704056211,1.31787369555155
112,12,"Joint",0.7,0.00635373143190893,1.69811899934768,1.48830612523427
113,12,"Joint",0.7,0.00587240787598628,1.57198230060112,1.37556028380609
114,12,"Joint",0.7,0.00578723299037107,1.55655525762721,1.3556088103553
115,12,"Joint",0.7,0.00559247264840755,1.50045643315391,1.30998790034306
116,12,"Joint",0.7,0.00581160120044762,1.58226220811864,1.36131685085191
117,12,"Joint",0.7,0.00574895796232242,1.52703192414606,1.34664321914346
118,12,"Joint",0.7,0.00609956549056471,1.61624071131518,1.42876997212764
119,12,"Joint",0.7,0.00695252822481712,1.88507266966866,1.62856904698452
120,12,"Joint",0.7,0.00597737432550376,1.58738485029249,1.40014775833742
121,12,"Joint",0.7,0.00576699017133984,1.54655889470897,1.35086710669989
122,12,"Joint",0.7,0.00641122106121518,1.72159586935196,1.50177256906352
123,12,"Joint",0.7,0.00589228203635085,1.59289346026962,1.38021563238692
124,12,"Joint",0.7,0.00580222115583751,1.5546533559235,1.35911965728183
125,12,"Joint",0.7,0.00555365118845514,1.49391175255427,1.30089431222765
1,12,"Joint",0.75,0.00650893300136379,1.7337392033241,1.52466073810092
2,12,"Joint",0.75,0.0067566471038936,1.79600883513243,1.58268560428436
3,12,"Joint",0.75,0.00789098614503703,2.14807521792686,1.84839462285377
4,12,"Joint",0.75,0.0058264090977238,1.5711862972455,1.36478547152846
5,12,"Joint",0.75,0.00668736654929094,1.79559046523042,1.5664572391292
6,12,"Joint",0.75,0.00658902495694119,1.76457154101083,1.54342157956003
7,12,"Joint",0.75,0.00693645604992487,1.8764706171893,1.62480428031247
8,12,"Joint",0.75,0.00576405212772151,1.55263970407722,1.35017889562892
9,12,"Joint",0.75,0.00634494849438721,1.70630910302577,1.48624879878742
10,12,"Joint",0.75,0.00611361978221802,1.65415291963199,1.43206206726538
11,12,"Joint",0.75,0.0067890972118439,1.82777524240813,1.59028675880977
12,12,"Joint",0.75,0.00643351090567556,1.73553749796641,1.50699377055692
13,12,"Joint",0.75,0.00632285519516033,1.68101835697711,1.48107363629928
14,12,"Joint",0.75,0.00624650041105361,1.65628330111481,1.46318819463485
15,12,"Joint",0.75,0.00595945690387338,1.59828810798003,1.39595075872441
16,12,"Joint",0.75,0.00661181567465572,1.76988021717939,1.548760106241
17,12,"Joint",0.75,0.00610945598191058,1.64235929956922,1.4310867333898
18,12,"Joint",0.75,0.00627263975101686,1.67522846356222,1.46931110684695
19,12,"Joint",0.75,0.00666089862698376,1.79151631383163,1.56025735937128
20,12,"Joint",0.75,0.00597386456085661,1.59735670680562,1.3993256266061
21,12,"Joint",0.75,0.00622884732345789,1.68058168695349,1.45905311296204
22,12,"Joint",0.75,0.00616508856640714,1.66116320389564,1.44411818068281
23,12,"Joint",0.75,0.00692625108224602,1.8630926112273,1.62241385571443
24,12,"Joint",0.75,0.00606363970711742,1.61756769450319,1.42035467095675
25,12,"Joint",0.75,0.00602795523377443,1.62648686288438,1.41199589457138
26,12,"Joint",0.75,0.00652883544938528,1.75520069212311,1.52932271281845
27,12,"Joint",0.75,0.00637644351208765,1.71379205751757,1.49362623175892
28,12,"Joint",0.75,0.0060173413781556,1.62394049077795,1.40950969154263
29,12,"Joint",0.75,0.0056994390550282,1.51900807913302,1.33504384736788
30,12,"Joint",0.75,0.00645882968916574,1.73535144629453,1.51292447457796
31,12,"Joint",0.75,0.00637540001619003,1.72283201934556,1.49338180195374
32,12,"Joint",0.75,0.0062513796829287,1.67331924198401,1.46433112147967
33,12,"Joint",0.75,0.00606792922766219,1.62559037735027,1.42135945370048
34,12,"Joint",0.75,0.00665622756635277,1.80427032371807,1.55916320419286
35,12,"Joint",0.75,0.00748756393846094,2.02808085420907,1.75389649249726
36,12,"Joint",0.75,0.0065491384037761,1.73772548114608,1.53407850265691
37,12,"Joint",0.75,0.00635042437047666,1.7391330075786,1.48753147496161
38,12,"Joint",0.75,0.00649383844031201,1.74491452188577,1.52112496893725
39,12,"Joint",0.75,0.00645486094267573,1.72775907607732,1.51199483035648
40,12,"Joint",0.75,0.00645666053722266,1.70943163947084,1.51241636967017
41,12,"Joint",0.75,0.0060224824405683,1.61657338306836,1.41071394053568
42,12,"Joint",0.75,0.00628284215406673,1.70184061419965,1.47170093070306
43,12,"Joint",0.75,0.00591833997769548,1.606700941393,1.38631947768316
44,12,"Joint",0.75,0.00653051810355424,1.76558129316912,1.52971685986938
45,12,"Joint",0.75,0.00644161115521837,1.74212514991102,1.508891183304
46,12,"Joint",0.75,0.00554568544597311,1.49962117294622,1.29902840658542
47,12,"Joint",0.75,0.00641491604038925,1.71752825585015,1.50263808568102
48,12,"Joint",0.75,0.00612341030946166,1.65737294884342,1.43435541280919
49,12,"Joint",0.75,0.00643811320878697,1.73498662261291,1.50807181988656
50,12,"Joint",0.75,0.00699489982225038,1.88605085731184,1.63849422381513
51,12,"Joint",0.75,0.00599074594865365,1.61105398216805,1.40327994433735
52,12,"Joint",0.75,0.00632736372450875,1.70308503218082,1.48212971994351
53,12,"Joint",0.75,0.00622769119128642,1.67218126038033,1.45878229909293
54,12,"Joint",0.75,0.00594999205358632,1.59108945089377,1.3937337001648
55,12,"Joint",0.75,0.00613622542554592,1.65652919418587,1.43735724188683
56,12,"Joint",0.75,0.00629368122523317,1.70141071566499,1.47423988850789
57,12,"Joint",0.75,0.00582368416822945,1.56351478607264,1.36414718058073
58,12,"Joint",0.75,0.00671230594972365,1.82480306957651,1.57229907598073
59,12,"Joint",0.75,0.00586568524160201,1.57667589569724,1.37398556538449
60,12,"Joint",0.75,0.00651755544284702,1.75777429728318,1.52668046975175
61,12,"Joint",0.75,0.00613357255813845,1.65143872366665,1.43673583085391
62,12,"Joint",0.75,0.00606612359442883,1.62152843182183,1.42093649987723
63,12,"Joint",0.75,0.00605051156568734,1.61666217051737,1.4172795184243
64,12,"Joint",0.75,0.00583618820947455,1.59022418517457,1.36707614309273
65,12,"Joint",0.75,0.00574098381788564,1.54348963944208,1.34477534541666
66,12,"Joint",0.75,0.00654410069737733,1.76788051615557,1.5328984639079
67,12,"Joint",0.75,0.00583470764916986,1.57161754981324,1.36672933476538
68,12,"Joint",0.75,0.00607150588916976,1.63334104110601,1.42219725543742
69,12,"Joint",0.75,0.005995078499546,1.6230427825776,1.40429480656439
70,12,"Joint",0.75,0.00616967388449546,1.66404601951752,1.44519225141906
71,12,"Joint",0.75,0.00643242613209777,1.72621273878066,1.50673967181547
72,12,"Joint",0.75,0.0059812033691513,1.61437968408641,1.40104467838756
73,12,"Joint",0.75,0.00616489006497507,1.66315232406834,1.4440716834551
74,12,"Joint",0.75,0.00651040985040133,1.75877423785388,1.52500667709631
75,12,"Joint",0.75,0.00623022347996583,1.66782043096611,1.45937546561135
76,12,"Joint",0.75,0.00607065535400334,1.6243115532668,1.42199802499913
77,12,"Joint",0.75,0.00567976964406578,1.52395839719491,1.33043645954722
78,12,"Joint",0.75,0.00606017349307423,1.62759596720628,1.41954274057425
79,12,"Joint",0.75,0.00593433311261165,1.57826731735427,1.39006572993075
80,12,"Joint",0.75,0.0064555764993772,1.72465500581357,1.51216244326759
81,12,"Joint",0.75,0.007452100862144,2.00850231546894,1.74558957643261
82,12,"Joint",0.75,0.00642704997613612,1.72285057526486,1.50548035421074
83,12,"Joint",0.75,0.00575291356590228,1.52835847124005,1.34756978475298
84,12,"Joint",0.75,0.00645233288807631,1.73622054873932,1.51140265563434
85,12,"Joint",0.75,0.00611647635075877,1.64781923898551,1.43273119351063
86,12,"Joint",0.75,0.00664909374870021,1.77856813365989,1.55749216967992
87,12,"Joint",0.75,0.00645958639394071,1.7306541219848,1.51310172606611
88,12,"Joint",0.75,0.0062305582196518,1.67565944865011,1.45945387546079
89,12,"Joint",0.75,0.00599430451327942,1.58897460698655,1.40411350703769
90,12,"Joint",0.75,0.00624283342026201,1.66880334392839,1.46232923405163
91,12,"Joint",0.75,0.00688076550267702,1.85244550289201,1.61175925575094
92,12,"Joint",0.75,0.0057636955697018,1.54172921605812,1.35009537502525
93,12,"Joint",0.75,0.00631367533477321,1.68093398338921,1.47892333413601
94,12,"Joint",0.75,0.00595892671858966,1.59051903525714,1.39582656744977
95,12,"Joint",0.75,0.00634129724591085,1.70956015846396,1.48539352570412
96,12,"Joint",0.75,0.00686078920950521,1.83510041773112,1.60707998345155
97,12,"Joint",0.75,0.00610308205814576,1.64513486146321,1.42959369738685
98,12,"Joint",0.75,0.0058341293885588,1.57439393842174,1.36659388226496
99,12,"Joint",0.75,0.00608702434582117,1.6604806048823,1.42583231844504
100,12,"Joint",0.75,0.00723705774334603,1.93920574037037,1.69521760299836
101,12,"Joint",0.75,0.00607135543141216,1.61227324376246,1.42216201202107
102,12,"Joint",0.75,0.00605916654390817,1.63128348349594,1.41930687152192
103,12,"Joint",0.75,0.00614197219048445,1.64765817899304,1.4387033714093
104,12,"Joint",0.75,0.00691910057915572,1.88713627039741,1.62073891278335
105,12,"Joint",0.75,0.00634371037892703,1.70981265960332,1.48595878104856
106,12,"Joint",0.75,0.00647457976374023,1.72972586179196,1.51661379206224
107,12,"Joint",0.75,0.00695957408471125,1.86974403889507,1.63021947816033
108,12,"Joint",0.75,0.00653048997898422,1.75456941006379,1.52971027193436
109,12,"Joint",0.75,0.006663353560581,1.8046744469592,1.56083240613693
110,12,"Joint",0.75,0.00600303619516029,1.62099410324454,1.4061588272981
111,12,"Joint",0.75,0.00637477411672009,1.70704315752743,1.49323519046648
112,12,"Joint",0.75,0.00630969328128053,1.67780600166078,1.4779905728653
113,12,"Joint",0.75,0.00558797556245791,1.5028627989435,1.30893449721511
114,12,"Joint",0.75,0.00623013685624179,1.6683628232501,1.45935517476013
115,12,"Joint",0.75,0.00620905882696604,1.66267977755039,1.45441783039563
116,12,"Joint",0.75,0.00614384691226137,1.65282835629649,1.4391425086208
117,12,"Joint",0.75,0.00717212834203742,1.94970756273237,1.68000845752047
118,12,"Joint",0.75,0.00683252274476563,1.84536908769173,1.60045881082859
119,12,"Joint",0.75,0.00574090419123937,1.54820546114423,1.34475669356985
120,12,"Joint",0.75,0.00602788792860908,1.61400647060253,1.4119801289239
121,12,"Joint",0.75,0.00603805896181592,1.61955647517645,1.4143626046681
122,12,"Joint",0.75,0.00598433829028179,1.61126894468465,1.40177900629717
123,12,"Joint",0.75,0.00641239358506379,1.71038453098372,1.50204722253992
124,12,"Joint",0.75,0.0064699333112312,1.75634210898963,1.51552540112159
125,12,"Joint",0.75,0.00650751937639054,1.74933067090583,1.52432960879068
1,12,"Joint",0.8,0.00705264800702089,1.87902430024119,1.6520212320049
2,12,"Joint",0.8,0.00647566352556999,1.72577260665093,1.51686765381054
3,12,"Joint",0.8,0.00670575231493389,1.80215191720041,1.57076394423892
4,12,"Joint",0.8,0.00700999702132394,1.87935694570247,1.64203061091236
5,12,"Joint",0.8,0.00673233017546191,1.80273868882225,1.5769895760654
6,12,"Joint",0.8,0.00633494391045719,1.69027372576716,1.48390531233334
7,12,"Joint",0.8,0.00669792326390196,1.8148608182567,1.56893005737567
8,12,"Joint",0.8,0.00768330203795329,2.03961765674039,1.79974643367564
9,12,"Joint",0.8,0.00684283934468407,1.85317930957995,1.60287538430431
10,12,"Joint",0.8,0.00597844941519507,1.59901700176315,1.400399588713
11,12,"Joint",0.8,0.00693174761502266,1.85217622297994,1.62370137053728
12,12,"Joint",0.8,0.00618426785678283,1.67780642060062,1.44861076203437
13,12,"Joint",0.8,0.00701555400595698,1.86079071558969,1.64333228605487
14,12,"Joint",0.8,0.00656786762440809,1.75808663563483,1.53846565909973
15,12,"Joint",0.8,0.00684474672074596,1.82831260776875,1.60332217049704
16,12,"Joint",0.8,0.00665197057812932,1.78373588339762,1.55816604186142
17,12,"Joint",0.8,0.00652622712507446,1.75717987251175,1.5287117356171
18,12,"Joint",0.8,0.007378344088091,1.97995651221666,1.72831269594483
19,12,"Joint",0.8,0.00645376770355934,1.74043782440148,1.51173874863651
20,12,"Joint",0.8,0.00733928627114992,1.97081404356355,1.71916374326802
21,12,"Joint",0.8,0.00647866214686194,1.73639837788566,1.51757005467277
22,12,"Joint",0.8,0.00672295014200422,1.80846220217941,1.57479238510769
23,12,"Joint",0.8,0.00691226963977496,1.8627536319711,1.61913882486171
24,12,"Joint",0.8,0.00722420699325613,1.9468902104095,1.69220742696596
25,12,"Joint",0.8,0.00655683482792056,1.75541228953269,1.53588132282948
26,12,"Joint",0.8,0.0061761773306687,1.6699901049999,1.44671562691557
27,12,"Joint",0.8,0.00644194250376836,1.74873292015374,1.50896879880945
28,12,"Joint",0.8,0.00687160719754484,1.82689322541888,1.60961400271797
29,12,"Joint",0.8,0.00718957006663542,1.92871656931289,1.68409402925607
30,12,"Joint",0.8,0.00649765899339423,1.7535039991495,1.52201990014657
31,12,"Joint",0.8,0.00673887296877955,1.82238079467428,1.57852216828702
32,12,"Joint",0.8,0.00664829967256981,1.76782165555009,1.557306164278
33,12,"Joint",0.8,0.00618693191712724,1.65861659157526,1.44923479491506
34,12,"Joint",0.8,0.00679754569995828,1.83614947165742,1.59226574340243
35,12,"Joint",0.8,0.00608257620057487,1.60780715207597,1.42479037924962
36,12,"Joint",0.8,0.00721287767741034,1.94742583399469,1.68955363362441
37,12,"Joint",0.8,0.00765855561617127,2.07022422915321,1.79394980038848
38,12,"Joint",0.8,0.00641488691945016,1.72295405426017,1.50263126435523
39,12,"Joint",0.8,0.00659355953826452,1.75835014349667,1.54448376565196
40,12,"Joint",0.8,0.00710520330012734,1.90395165177397,1.66433185065192
41,12,"Joint",0.8,0.00704521542953208,1.89426953123471,1.65028021560826
42,12,"Joint",0.8,0.00635923892327675,1.72504545530605,1.48959620701146
43,12,"Joint",0.8,0.00678928694508001,1.83522663576752,1.59033120216411
44,12,"Joint",0.8,0.00644329315923698,1.71337839956795,1.5092851780629
45,12,"Joint",0.8,0.00662492194624881,1.78220205346338,1.55183013595504
46,12,"Joint",0.8,0.00659807479454307,1.78209516416834,1.54554142502085
47,12,"Joint",0.8,0.00639374634551324,1.72087357296976,1.4976792694498
48,12,"Joint",0.8,0.00671956442399267,1.80851394443174,1.57399931021792
49,12,"Joint",0.8,0.00702520060895291,1.88968438158796,1.6455919186
50,12,"Joint",0.8,0.00764627774797538,2.06475022997334,1.79107381693898
51,12,"Joint",0.8,0.00642493751956089,1.71052390341911,1.50498552969795
52,12,"Joint",0.8,0.00687208951208456,1.84547384657874,1.6097269806887
53,12,"Joint",0.8,0.00610813083244559,1.64785931832859,1.43077632869506
54,12,"Joint",0.8,0.00683258357969831,1.8252672801789,1.60047306088052
55,12,"Joint",0.8,0.00621982864876546,1.66987684586116,1.45694056714073
56,12,"Joint",0.8,0.00609897140845535,1.62956098886015,1.42863081357936
57,12,"Joint",0.8,0.00703652170333289,1.8905688563995,1.64824378613496
58,12,"Joint",0.8,0.00645894251647709,1.72650469251496,1.51295090339077
59,12,"Joint",0.8,0.00673568328861743,1.81415590799975,1.57777501355225
60,12,"Joint",0.8,0.00638393172665043,1.72166082347116,1.4953802806545
61,12,"Joint",0.8,0.00727187600296326,1.95750664378264,1.70337347637981
62,12,"Joint",0.8,0.0066352103802098,1.8034334497147,1.5542401118011
63,12,"Joint",0.8,0.00671086863384737,1.80993557261854,1.57196239728326
64,12,"Joint",0.8,0.00650125261482139,1.74841607765651,1.52286167459662
65,12,"Joint",0.8,0.00700856868539436,1.89511772151631,1.64169603568902
66,12,"Joint",0.8,0.00617677182370996,1.66039887469315,1.44685488172106
67,12,"Joint",0.8,0.00581837530932608,1.56415073727825,1.36290362672446
68,12,"Joint",0.8,0.00697947315833081,1.88504038601188,1.63488066245367
69,12,"Joint",0.8,0.00751631729162693,2.03115630799221,1.760631714484
70,12,"Joint",0.8,0.00685882073122988,1.83450159856425,1.6066188845987
71,12,"Joint",0.8,0.00767672502519955,2.06148101832075,1.79820582584981
72,12,"Joint",0.8,0.00676362478011073,1.80446968096833,1.58432006402902
73,12,"Joint",0.8,0.00629668476330859,1.69366225492294,1.47494344108371
74,12,"Joint",0.8,0.00668181379640503,1.77778115128625,1.56515655523649
75,12,"Joint",0.8,0.00694378403690287,1.88241502926579,1.62652079729495
76,12,"Joint",0.8,0.00700622401185407,1.9039776240367,1.64114681637922
77,12,"Joint",0.8,0.00677522745358275,1.80280671254034,1.58703788900833
78,12,"Joint",0.8,0.00663296437723237,1.79786597687382,1.55371400520933
79,12,"Joint",0.8,0.00704429901956654,1.88484829447673,1.65006555457331
80,12,"Joint",0.8,0.00651522025383981,1.75599948603255,1.52613347211104
81,12,"Joint",0.8,0.00704417050344499,1.89405503942503,1.65003545079367
82,12,"Joint",0.8,0.0070207404181413,1.88018174434294,1.64454715783607
83,12,"Joint",0.8,0.00679719029968745,1.81447727643805,1.59218249399132
84,12,"Joint",0.8,0.00611701589484393,1.6522009180122,1.43285757700281
85,12,"Joint",0.8,0.00625192124658619,1.65006802514446,1.46445797803905
86,12,"Joint",0.8,0.00630080226787986,1.68628960393942,1.4759079305872
87,12,"Joint",0.8,0.00684327303198204,1.85075129390078,1.60297697176813
88,12,"Joint",0.8,0.00653191340096906,1.74952990125661,1.53004369610904
89,12,"Joint",0.8,0.00689570180530821,1.84235390049755,1.61525795426104
90,12,"Joint",0.8,0.00716245170093719,1.91225901605191,1.67774178881162
91,12,"Joint",0.8,0.00679212523359142,1.82813600318489,1.59099604647206
92,12,"Joint",0.8,0.00659761102966773,1.77245449471047,1.54543279214707
93,12,"Joint",0.8,0.00721289100542924,1.96646425003307,1.68955675559649
94,12,"Joint",0.8,0.00673247431970698,1.8115819618085,1.57702334059656
95,12,"Joint",0.8,0.0068489545883672,1.83019290893514,1.60430782675619
96,12,"Joint",0.8,0.00776954833270632,2.08759965564127,1.81994887536448
97,12,"Joint",0.8,0.00730489927694389,1.96443213138071,1.71110889004457
98,12,"Joint",0.8,0.00643344326041305,1.74241404527586,1.50697792524466
99,12,"Joint",0.8,0.00666510634628083,1.78782189570286,1.5612429808868
100,12,"Joint",0.8,0.00653991712737702,1.76538195222987,1.53191849915435
101,12,"Joint",0.8,0.00634462104727035,1.70876366803585,1.48617209715862
102,12,"Joint",0.8,0.00642301087491132,1.72566795786793,1.50453423000676
103,12,"Joint",0.8,0.00688713112709298,1.83466247284611,1.61325034770387
104,12,"Joint",0.8,0.00637283563097233,1.73181374975887,1.49278111710141
105,12,"Joint",0.8,0.0068030000583349,1.83168347597618,1.59354337924022
106,12,"Joint",0.8,0.00701699123475167,1.86389488823839,1.64366894435424
107,12,"Joint",0.8,0.00683279732801713,1.80902928175834,1.60052312955837
108,12,"Joint",0.8,0.00662972842969685,1.75221136535655,1.55295601274622
109,12,"Joint",0.8,0.00667581613173956,1.80766627981655,1.56375165464315
110,12,"Joint",0.8,0.00738012920189768,1.98570973990044,1.72873084327152
111,12,"Joint",0.8,0.00642684521127942,1.71533351299486,1.50543238983048
112,12,"Joint",0.8,0.00691737723493268,1.84236398724871,1.62033523444244
113,12,"Joint",0.8,0.00752737644306526,2.02600299031141,1.76322222417141
114,12,"Joint",0.8,0.00672553982186024,1.80640529826298,1.57539899500825
115,12,"Joint",0.8,0.00673799798584876,1.81662432497238,1.57831721117334
116,12,"Joint",0.8,0.00643963898860285,1.75288802205187,1.50842922048966
117,12,"Joint",0.8,0.00641591591103434,1.72640238301625,1.50287229665161
118,12,"Joint",0.8,0.0064750234786554,1.7161110446389,1.51671772840786
119,12,"Joint",0.8,0.00725646833462258,1.96048306284096,1.69976436456689
120,12,"Joint",0.8,0.00718185503722613,1.94506763405387,1.68228685096262
121,12,"Joint",0.8,0.0068943790060337,1.85045354197734,1.6149481000779
122,12,"Joint",0.8,0.00650126588695063,1.74760144461922,1.52286478347704
123,12,"Joint",0.8,0.00691054704486187,1.85625297293884,1.61873532204012
124,12,"Joint",0.8,0.00645131925659761,1.71610263004565,1.5111652213086
125,12,"Joint",0.8,0.0064162455300923,1.72517381505865,1.50294950703863
1,12,"Joint",0.85,0.00635765661410586,1.71202805114991,1.48922556490039
2,12,"Joint",0.85,0.00722445173095986,1.94243269045443,1.6922647546367
3,12,"Joint",0.85,0.00775781052154581,2.1018582751843,1.81719939556127
4,12,"Joint",0.85,0.00705167261493529,1.9127937642106,1.6517927549232
5,12,"Joint",0.85,0.00711880083731014,1.91184895332515,1.66751695504201
6,12,"Joint",0.85,0.00731375717846417,1.98748351551504,1.71318377615372
7,12,"Joint",0.85,0.00671568872007913,1.80739598046733,1.57309146040779
8,12,"Joint",0.85,0.00655198746015711,1.75637197738986,1.53474586924431
9,12,"Joint",0.85,0.00702289440748734,1.89144157362238,1.64505171103789
10,12,"Joint",0.85,0.0072002114254237,1.96397975334505,1.68658667466218
11,12,"Joint",0.85,0.00711765014968622,1.89554001980996,1.66724741651064
12,12,"Joint",0.85,0.00687312402625104,1.84879744269486,1.60996930660177
13,12,"Joint",0.85,0.00709418858081245,1.9202159789554,1.66175174880158
14,12,"Joint",0.85,0.00640970775094549,1.74526187987978,1.50141808934277
15,12,"Joint",0.85,0.00765075828176211,2.07942622619521,1.79212334286726
16,12,"Joint",0.85,0.00710856578540231,1.91825985927223,1.66511948347594
17,12,"Joint",0.85,0.00685253433768871,1.84049378429911,1.60514635178657
18,12,"Joint",0.85,0.00773972752432699,2.07735613012455,1.812963611312
19,12,"Joint",0.85,0.00729230210421208,1.94539526463033,1.70815811229479
20,12,"Joint",0.85,0.00660305221377807,1.77219055143839,1.546707342028
21,12,"Joint",0.85,0.00691869906147262,1.86826036407713,1.62064486077099
22,12,"Joint",0.85,0.00687985759502706,1.85585072089793,1.6115465863092
23,12,"Joint",0.85,0.00711675540232715,1.91401748930775,1.66703782975217
24,12,"Joint",0.85,0.00761059799873671,2.03457720861096,1.78271614713378
25,12,"Joint",0.85,0.00743286358723754,1.98993029250331,1.74108341271089
26,12,"Joint",0.85,0.00714471248800567,1.92116879728719,1.67358653303069
27,12,"Joint",0.85,0.00773511871270237,2.06651974687321,1.81188403741994
28,12,"Joint",0.85,0.00719250839030444,1.9301904522891,1.68478230592647
29,12,"Joint",0.85,0.00667856866466338,1.77915430914656,1.56439641145328
30,12,"Joint",0.85,0.00667608326851592,1.80532756839884,1.56381422910112
31,12,"Joint",0.85,0.00700913906269481,1.89794661048817,1.64182964159273
32,12,"Joint",0.85,0.00650532051791411,1.72635357311384,1.52381454538674
33,12,"Joint",0.85,0.00709321139873623,1.89513586632846,1.6615228524302
34,12,"Joint",0.85,0.00791863120495831,2.11544247334276,1.85487023682238
35,12,"Joint",0.85,0.00693656995337165,1.86816676830834,1.62483096120059
36,12,"Joint",0.85,0.00784513197356399,2.11106262970211,1.83765368345425
37,12,"Joint",0.85,0.00628873620069429,1.67910855196051,1.47308155967553
38,12,"Joint",0.85,0.00781218424275394,2.08257364162879,1.82993596511777
39,12,"Joint",0.85,0.00781749178778486,2.0979713292956,1.83117921121089
40,12,"Joint",0.85,0.00676178665272191,1.8119854144898,1.58388949873348
41,12,"Joint",0.85,0.00757656324293188,2.04202107999476,1.77474380268109
42,12,"Joint",0.85,0.00690520421358658,1.86837152115608,1.61748381045228
43,12,"Joint",0.85,0.00654891423375817,1.78278831001907,1.53402599278702
44,12,"Joint",0.85,0.00690672206228057,1.84083897417289,1.61783935325931
45,12,"Joint",0.85,0.00713137941899135,1.92918217028813,1.67046337800049
46,12,"Joint",0.85,0.00818144134271733,2.20710390245206,1.91643121748267
47,12,"Joint",0.85,0.00665810423405072,1.77195600090055,1.55960279721939
48,12,"Joint",0.85,0.00701672889077938,1.89438438153957,1.64360749256877
49,12,"Joint",0.85,0.00720020537916276,1.94603780508246,1.68658525837834
50,12,"Joint",0.85,0.00889258238456052,2.38561198574863,2.08300979887586
51,12,"Joint",0.85,0.00691395338625016,1.8446559740016,1.61953322777585
52,12,"Joint",0.85,0.00678194394895034,1.83662473905834,1.58861116941888
53,12,"Joint",0.85,0.0064533278934231,1.73863756558949,1.51163572695127
54,12,"Joint",0.85,0.00742054212777472,1.98674465147074,1.73819721838762
55,12,"Joint",0.85,0.00743333624041026,1.98763719244428,1.74119412759073
56,12,"Joint",0.85,0.00713327726341239,1.93091606915558,1.67090793148955
57,12,"Joint",0.85,0.00634500463225662,1.66387196981667,1.48626194859328
58,12,"Joint",0.85,0.0068460076588452,1.83753492891873,1.60361753423985
59,12,"Joint",0.85,0.00724707127247488,1.94394551123504,1.69756318478718
60,12,"Joint",0.85,0.00735007913538979,1.96368480133775,1.72169187750365
61,12,"Joint",0.85,0.00672497437667475,1.80726243142885,1.5752665444094
62,12,"Joint",0.85,0.00660700858239058,1.76251766593081,1.54763408683974
63,12,"Joint",0.85,0.0071578108627965,1.92734192434892,1.67665471298773
64,12,"Joint",0.85,0.00710780382489875,1.88063222116235,1.66494100087925
65,12,"Joint",0.85,0.00678348223720395,1.8211879879232,1.58897150001432
66,12,"Joint",0.85,0.00685585430693107,1.85188388506075,1.60592402560107
67,12,"Joint",0.85,0.00673860524452329,1.81347512686473,1.578459456217
68,12,"Joint",0.85,0.00751531231860618,2.0153608274792,1.76039630832645
69,12,"Joint",0.85,0.00759744886292444,2.05422901932721,1.77963607685058
70,12,"Joint",0.85,0.00751134791009122,2.04681560031075,1.75946768023774
71,12,"Joint",0.85,0.00687143882328701,1.83958205040394,1.60957456251784
72,12,"Joint",0.85,0.00621368724775567,1.66146994881802,1.45550199756341
73,12,"Joint",0.85,0.00720862595923285,1.93457213465214,1.68855770575524
74,12,"Joint",0.85,0.00752168903396589,2.01848256117071,1.76188999823613
75,12,"Joint",0.85,0.00729084427500001,1.96503067437046,1.70781662852748
76,12,"Joint",0.85,0.00738472948301413,2.01022621292952,1.72980841896649
77,12,"Joint",0.85,0.00670894940430257,1.79368227529134,1.57151283451564
78,12,"Joint",0.85,0.00751298930731301,1.99360643562281,1.75985216320895
79,12,"Joint",0.85,0.00737093187254153,1.9986947764217,1.72657644915473
80,12,"Joint",0.85,0.00689000805366727,1.87411912702904,1.61392424264077
81,12,"Joint",0.85,0.00731687715902694,1.98925759419097,1.71391460436578
82,12,"Joint",0.85,0.00744432108530964,2.02211192641572,1.74376723162003
83,12,"Joint",0.85,0.00684688886179153,1.82679211853493,1.60382394833787
84,12,"Joint",0.85,0.00773123131137429,2.08480306604265,1.81097344759256
85,12,"Joint",0.85,0.00694924697594914,1.88335211490967,1.62780044307972
86,12,"Joint",0.85,0.00747260618775688,2.01762911213679,1.75039276996332
87,12,"Joint",0.85,0.00793656801769637,2.11738915598547,1.8590717786331
88,12,"Joint",0.85,0.00695965249124004,1.87137907878793,1.63023784420528
89,12,"Joint",0.85,0.00718222183906512,1.92945685847018,1.68237277109153
90,12,"Joint",0.85,0.00649228315607565,1.75100914767828,1.52076065718121
91,12,"Joint",0.85,0.00732133973138565,1.98242337587458,1.71495992298632
92,12,"Joint",0.85,0.00669885030963628,1.79603675943663,1.5691472097466
93,12,"Joint",0.85,0.00709167814415783,1.8824363538125,1.66116370092922
94,12,"Joint",0.85,0.00709544652433721,1.90363997960013,1.66204641109146
95,12,"Joint",0.85,0.00791722267268185,2.14012483967064,1.85454030043191
96,12,"Joint",0.85,0.00640549989063567,1.7077079891087,1.50043243479624
97,12,"Joint",0.85,0.00676489401022634,1.8202673820196,1.58461737010429
98,12,"Joint",0.85,0.00752896007706129,2.04037150706684,1.76359317661118
99,12,"Joint",0.85,0.00754812632073482,2.05240291558156,1.76808270188666
100,12,"Joint",0.85,0.00771884133671382,2.10903037067086,1.80807120418232
101,12,"Joint",0.85,0.00729720742327482,1.96891494357687,1.70930714046596
102,12,"Joint",0.85,0.00757531194809348,2.06239726119692,1.77445069778793
103,12,"Joint",0.85,0.00646105793571407,1.74460027246093,1.51344642188121
104,12,"Joint",0.85,0.00730004398571881,1.95616542045773,1.70997158045767
105,12,"Joint",0.85,0.00776574479083074,2.09926778474427,1.81905792888182
106,12,"Joint",0.85,0.00819300528907742,2.20466827836038,1.91913997097407
107,12,"Joint",0.85,0.00702082068230605,1.88041798207287,1.64456595901603
108,12,"Joint",0.85,0.00719423106879064,1.95145220209618,1.68518582832434
109,12,"Joint",0.85,0.00755004964255883,2.02266530865551,1.76853322323496
110,12,"Joint",0.85,0.00733559242422355,1.98529759028993,1.71829849186967
111,12,"Joint",0.85,0.00689823896632294,1.86684280724661,1.61585226208146
112,12,"Joint",0.85,0.0078552709398275,2.09983942923618,1.8400286477969
113,12,"Joint",0.85,0.00659660596190013,1.76087843736924,1.54519736379591
114,12,"Joint",0.85,0.00780442725773505,2.1058408179148,1.828118959089
115,12,"Joint",0.85,0.00680036924376565,1.82819339726549,1.59292713389215
116,12,"Joint",0.85,0.00741815481608152,1.9826876788965,1.7376380114627
117,12,"Joint",0.85,0.0068129837734647,1.84479780710718,1.59588197736001
118,12,"Joint",0.85,0.00691708172891929,1.8683157296459,1.62026601473831
119,12,"Joint",0.85,0.0078169652121679,2.11778366537808,1.83105586546917
120,12,"Joint",0.85,0.00677903064914913,1.82461325470619,1.58792875437109
121,12,"Joint",0.85,0.00713344137025441,1.90779278317765,1.67094637208476
122,12,"Joint",0.85,0.00783804320116056,2.13482273365385,1.83599320039773
123,12,"Joint",0.85,0.0065296304181226,1.74739081688478,1.52950892730575
124,12,"Joint",0.85,0.00663732765505858,1.78639531734372,1.55473606495241
125,12,"Joint",0.85,0.0074308392570961,1.98248639155213,1.74060923104593
1,12,"Joint",0.9,0.00797718697255262,2.13366796466236,1.86858641423912
2,12,"Joint",0.9,0.00725499791165483,1.93612298114878,1.69941993082224
3,12,"Joint",0.9,0.0080820428160004,2.18729905095427,1.89314798026413
4,12,"Joint",0.9,0.00707533180754705,1.89543720244267,1.6573347142678
5,12,"Joint",0.9,0.00754173951140977,2.03644554887937,1.76658664755368
6,12,"Joint",0.9,0.00859893070902432,2.35134257915533,2.01422445721176
7,12,"Joint",0.9,0.00809100153989474,2.14533149361018,1.89524648313431
8,12,"Joint",0.9,0.00779974579170916,2.10717154521359,1.82702236653767
9,12,"Joint",0.9,0.00751590198942659,2.0117759514502,1.7605344335688
10,12,"Joint",0.9,0.00710764379497109,1.90439766085668,1.66490351526563
11,12,"Joint",0.9,0.00833013853690268,2.25148475317087,1.95126223722011
12,12,"Joint",0.9,0.00789700584717176,2.12909345337282,1.84980468553192
13,12,"Joint",0.9,0.00784211539550201,2.10038859031952,1.83694707637541
14,12,"Joint",0.9,0.00728317160152019,1.95080213884252,1.70601937174076
15,12,"Joint",0.9,0.007541471539302,1.9926993250679,1.76652387742662
16,12,"Joint",0.9,0.00851587903925651,2.30495125009765,1.99477032853932
17,12,"Joint",0.9,0.0069929635221695,1.8912321672701,1.63804066242344
18,12,"Joint",0.9,0.00866593049891611,2.35855573602404,2.02991857314252
19,12,"Joint",0.9,0.00820828433032444,2.19499225463897,1.92271895301311
20,12,"Joint",0.9,0.00777074108850337,2.08848312465677,1.82022826799819
21,12,"Joint",0.9,0.00691662620082994,1.84911557227453,1.62015931125975
22,12,"Joint",0.9,0.00760843917639144,2.05538880439615,1.7822104618441
23,12,"Joint",0.9,0.00772574979947905,2.05605671709888,1.80968945128007
24,12,"Joint",0.9,0.00772512073306349,2.08648575175043,1.80954209796343
25,12,"Joint",0.9,0.00860027255629919,2.3078016125223,2.01453877322269
26,12,"Joint",0.9,0.00715169022006136,1.92690988986359,1.67522100585506
27,12,"Joint",0.9,0.00809513566189136,2.18032794077684,1.89621486512462
28,12,"Joint",0.9,0.00796776120705088,2.13796359660529,1.86637851094929
29,12,"Joint",0.9,0.00760079966215682,2.0643055240973,1.78042097232113
30,12,"Joint",0.9,0.00830949103793508,2.26344364598485,1.94642574082211
31,12,"Joint",0.9,0.00798812967122214,2.14778486537027,1.87114964588198
32,12,"Joint",0.9,0.00756101601920803,2.01294881602587,1.77110200123785
33,12,"Joint",0.9,0.00733766982270872,1.97835031369787,1.7187851043309
34,12,"Joint",0.9,0.00903007369947034,2.42961527512208,2.11521593921083
35,12,"Joint",0.9,0.00705725320188162,1.91873788349112,1.65309995870159
36,12,"Joint",0.9,0.00760530261145908,2.060261797295,1.78147574888825
37,12,"Joint",0.9,0.00836539594718519,2.22212228111057,1.95952097781148
38,12,"Joint",0.9,0.0076859450673795,2.08323261515124,1.80036554024732
39,12,"Joint",0.9,0.00704013690014849,1.92204895915552,1.64909061443141
40,12,"Joint",0.9,0.00791317372921077,2.12815128385808,1.85359187076765
41,12,"Joint",0.9,0.00722207080223451,1.96221616968919,1.69170704286629
42,12,"Joint",0.9,0.00871059956677719,2.33985883618237,2.04038191236587
43,12,"Joint",0.9,0.00769487500955684,2.08781686295941,1.80245730125153
44,12,"Joint",0.9,0.00828553291798958,2.21775552134386,1.94081376035896
45,12,"Joint",0.9,0.00755364064174872,2.05628933584352,1.76937438344881
46,12,"Joint",0.9,0.00762271564964094,2.04187347082459,1.78555460108128
47,12,"Joint",0.9,0.00784754019540049,2.08650696771643,1.83821778839772
48,12,"Joint",0.9,0.00702581698996517,1.90114963985206,1.64573630047164
49,12,"Joint",0.9,0.00777594086121664,2.09421896733776,1.82144626936666
50,12,"Joint",0.9,0.00791732051101111,2.1315369300963,1.85456321820649
51,12,"Joint",0.9,0.00706227244353946,1.88855440652084,1.65427567224621
52,12,"Joint",0.9,0.00782322579660879,2.12701679488921,1.83252235272487
53,12,"Joint",0.9,0.00773868297405953,2.08535100391522,1.81271893452988
54,12,"Joint",0.9,0.00665439368817727,1.79247851859907,1.55873363423846
55,12,"Joint",0.9,0.00815280665930099,2.21825367385549,1.9097237928489
56,12,"Joint",0.9,0.00770774504314382,2.05906903686702,1.80547199427479
57,12,"Joint",0.9,0.00686842089369613,1.83187537499037,1.60886763885515
58,12,"Joint",0.9,0.00747623847094785,2.01384521029335,1.75124360059405
59,12,"Joint",0.9,0.00756759878562783,2.05200970901058,1.77264395680972
60,12,"Joint",0.9,0.00774348023081338,2.09468455510711,1.81384265004849
61,12,"Joint",0.9,0.00790843475357369,2.1413834506735,1.85248180709191
62,12,"Joint",0.9,0.00709670677958712,1.92473297781541,1.6623416148828
63,12,"Joint",0.9,0.00794926359874502,2.1395888670201,1.86204560767208
64,12,"Joint",0.9,0.00772929033973756,2.06893226242463,1.8105187919297
65,12,"Joint",0.9,0.00717905214049106,1.90719169433088,1.68163029686933
66,12,"Joint",0.9,0.00747534130388988,2.00743065017575,1.75103344704224
67,12,"Joint",0.9,0.00766626542772279,2.03915120598503,1.79575575644431
68,12,"Joint",0.9,0.00748760963284371,2.0197466528408,1.75390719600755
69,12,"Joint",0.9,0.00678115066906228,1.78407157981492,1.58842535052976
70,12,"Joint",0.9,0.00809181608323551,2.16077859379994,1.89543728280161
71,12,"Joint",0.9,0.00778835448031617,2.07877304489317,1.82435405128035
72,12,"Joint",0.9,0.00752836452923433,2.03867937826767,1.76345367473135
73,12,"Joint",0.9,0.00719987811673487,1.94846395984014,1.68650860001134
74,12,"Joint",0.9,0.00817084567828808,2.19566870067295,1.91394927558128
75,12,"Joint",0.9,0.00778667224058143,2.12765836296706,1.82396000130701
76,12,"Joint",0.9,0.0080940097589757,2.17440334689424,1.89595113219482
77,12,"Joint",0.9,0.00865461675453092,2.3178534526872,2.02726842727969
78,12,"Joint",0.9,0.00708838362873204,1.89258696616534,1.66039198944906
79,12,"Joint",0.9,0.00723733664219403,1.95574799751748,1.69528293261896
80,12,"Joint",0.9,0.00800831643368497,2.1474901094143,1.87587821877557
81,12,"Joint",0.9,0.00764076012157355,2.0581049860216,1.78978136111855
82,12,"Joint",0.9,0.00776844354258734,2.06170621616776,1.81969008792299
83,12,"Joint",0.9,0.00730185516815616,1.96845648127127,1.71039583413354
84,12,"Joint",0.9,0.00779065531228759,2.08701857951321,1.82489300108535
85,12,"Joint",0.9,0.00738117939796989,1.98974631361425,1.72897684253412
86,12,"Joint",0.9,0.00829455412080432,2.21816260165707,1.94292689837085
87,12,"Joint",0.9,0.0069304290678441,1.85404162654894,1.6233925123705
88,12,"Joint",0.9,0.00688686295942036,1.88066155131014,1.61318753176744
89,12,"Joint",0.9,0.00683835931670711,1.85048448885964,1.60182597685755
90,12,"Joint",0.9,0.00752383181887652,2.02506296667526,1.76239192689676
91,12,"Joint",0.9,0.0079295736684736,2.15406004764575,1.8574334133824
92,12,"Joint",0.9,0.00858151560306075,2.30639401826413,2.0101451206589
93,12,"Joint",0.9,0.00753964662768344,2.02213012044668,1.7660964078099
94,12,"Joint",0.9,0.0075987408416251,2.05942408561503,1.77993871158333
95,12,"Joint",0.9,0.00714523087085217,1.91770669121242,1.67370795968744
96,12,"Joint",0.9,0.00734620132652512,1.95908767031545,1.72078353462709
97,12,"Joint",0.9,0.00796418782568379,2.1393300574648,1.86554147755663
98,12,"Joint",0.9,0.00736983080727213,1.99206013243642,1.72631853422674
99,12,"Joint",0.9,0.00743002195756936,1.9928328036907,1.74041778576614
100,12,"Joint",0.9,0.00781065282828322,2.10662287512312,1.82957724464596
101,12,"Joint",0.9,0.00814634679537011,2.19401915581504,1.90821062611224
102,12,"Joint",0.9,0.00745603880231145,2.01984050096637,1.74651200454197
103,12,"Joint",0.9,0.00755647605805469,2.02487603932263,1.77003855496769
104,12,"Joint",0.9,0.00705911283704299,1.89773950229434,1.65353556200509
105,12,"Joint",0.9,0.00725509335358398,1.94001881923111,1.69944228726101
106,12,"Joint",0.9,0.0082536738218403,2.21386052074842,1.9333510451889
107,12,"Joint",0.9,0.00783597548020479,2.09311373995978,1.83550885481329
108,12,"Joint",0.9,0.00699963816699649,1.87432178029634,1.63960413971016
109,12,"Joint",0.9,0.00777046505246641,2.08599665611938,1.82016360896609
110,12,"Joint",0.9,0.00636637212288084,1.72000959792502,1.49126709675192
111,12,"Joint",0.9,0.0080071314225018,2.15642375949061,1.87560064025005
112,12,"Joint",0.9,0.00800154136361316,2.15248617566264,1.87429121775186
113,12,"Joint",0.9,0.00815580340251791,2.20681418960561,1.91042575378845
114,12,"Joint",0.9,0.00776851699091524,2.06754208961476,1.81970729255266
115,12,"Joint",0.9,0.00854629580195954,2.33709894266748,2.00189518968995
116,12,"Joint",0.9,0.00802514472130746,2.14949031251578,1.87982009825445
117,12,"Joint",0.9,0.0075652222692517,2.05591759138491,1.77208727859358
118,12,"Joint",0.9,0.00700781077220552,1.8958407485067,1.64151850114046
119,12,"Joint",0.9,0.00802102605597957,2.1768467176371,1.87885533685384
120,12,"Joint",0.9,0.00696705331438176,1.9009789970663,1.63197142242332
121,12,"Joint",0.9,0.00814047689084922,2.17304938166277,1.90683565221751
122,12,"Joint",0.9,0.00815485781858186,2.19354974452803,1.91020425900557
123,12,"Joint",0.9,0.00831101836855444,2.25875503308739,1.94678350468739
124,12,"Joint",0.9,0.00813161726486031,2.1732128196964,1.90476036216663
125,12,"Joint",0.9,0.0084538693661265,2.26585564491898,1.98024510390052
1,12,"Joint",0.95,0.0087691026133743,2.36406529998237,2.05408574034923
2,12,"Joint",0.95,0.00729269649420444,1.98445581803119,1.70825049470781
3,12,"Joint",0.95,0.00849168925372357,2.28540838016014,1.98910408243456
4,12,"Joint",0.95,0.00850088830331855,2.28145484950362,1.99125887950228
5,12,"Joint",0.95,0.00784921697000147,2.12454539779154,1.83861055821119
6,12,"Joint",0.95,0.00909655695739654,2.45178193724993,2.13078906203755
7,12,"Joint",0.95,0.00816549040464779,2.17904670694895,1.91269484947805
8,12,"Joint",0.95,0.00785153898751806,2.10588657559977,1.83915447054519
9,12,"Joint",0.95,0.00779724791466354,2.09642056493689,1.82643726064408
10,12,"Joint",0.95,0.00856075654555643,2.30777150371806,2.00528249264749
11,12,"Joint",0.95,0.00757689395985926,2.03911011947347,1.77482127023445
12,12,"Joint",0.95,0.00865113817439435,2.3311821391979,2.02645360024775
13,12,"Joint",0.95,0.00723619180958238,1.94389567317155,1.6950147655731
14,12,"Joint",0.95,0.00854345903698681,2.30889867766418,2.00123070225765
15,12,"Joint",0.95,0.00864408744315066,2.33753223310317,2.02480202800083
16,12,"Joint",0.95,0.00869793913288428,2.31356253063773,2.03741631624131
17,12,"Joint",0.95,0.00869227022958089,2.32865202853875,2.03608842512721
18,12,"Joint",0.95,0.00842490378846183,2.26113291463117,1.97346017017751
19,12,"Joint",0.95,0.00808945949963292,2.18720083429384,1.89488527366368
20,12,"Joint",0.95,0.00894481246738092,2.43447034513467,2.09524423985218
21,12,"Joint",0.95,0.00911810195960858,2.47658226261178,2.1358357907361
22,12,"Joint",0.95,0.00818050666970733,2.225055305006,1.91621227848898
23,12,"Joint",0.95,0.00775975231798567,2.10628520154696,1.81765424442707
24,12,"Joint",0.95,0.00840640258700303,2.2728278878299,1.96912642523559
25,12,"Joint",0.95,0.0080278643015476,2.18445355736443,1.88045713618606
26,12,"Joint",0.95,0.00830393879822702,2.25925868348543,1.94512517713684
27,12,"Joint",0.95,0.00871794982377934,2.31651212702634,2.0421036459071
28,12,"Joint",0.95,0.00810615114516715,2.21490418071934,1.89879514592614
29,12,"Joint",0.95,0.00846700600705429,2.29614751059983,1.98332224736611
30,12,"Joint",0.95,0.00886164682826396,2.38139153270613,2.07576341485458
31,12,"Joint",0.95,0.00719505842255727,1.95520932867913,1.68537962872208
32,12,"Joint",0.95,0.00804467467019359,2.14967151720726,1.88439481830112
33,12,"Joint",0.95,0.00735173654223476,1.96212972579269,1.72208011058933
34,12,"Joint",0.95,0.00816495891661797,2.19803251537209,1.91257035304651
35,12,"Joint",0.95,0.00891391497827899,2.37114041697857,2.08800677273895
36,12,"Joint",0.95,0.00832366579256944,2.27972790773364,1.94974605336162
37,12,"Joint",0.95,0.00832956148706767,2.19737832088122,1.95112706833341
38,12,"Joint",0.95,0.00861816104778228,2.3076949672878,2.01872899620124
39,12,"Joint",0.95,0.00839998068925839,2.26686312942262,1.96762215174664
40,12,"Joint",0.95,0.00819016523610427,2.21396446559605,1.91847471335637
41,12,"Joint",0.95,0.0080957915892722,2.20095399486193,1.8963685103879
42,12,"Joint",0.95,0.00849605446228038,2.29285120544763,1.99012659443443
43,12,"Joint",0.95,0.00829717252116676,2.21561086886698,1.94354023579935
44,12,"Joint",0.95,0.00866829930517967,2.33910810585336,2.03047344533208
45,12,"Joint",0.95,0.00897744402387806,2.40851327636434,2.10288789711581
46,12,"Joint",0.95,0.00784844746473196,2.10588520098748,1.83843030831893
47,12,"Joint",0.95,0.00794925508654159,2.15276263196305,1.86204361376272
48,12,"Joint",0.95,0.0073790284365365,1.99784569783898,1.7284729985944
49,12,"Joint",0.95,0.00896116988577084,2.39946118174657,2.09907582232361
50,12,"Joint",0.95,0.00757610715301028,2.04426225948703,1.77463696759823
51,12,"Joint",0.95,0.00792333865524225,2.1403721749892,1.85597291595934
52,12,"Joint",0.95,0.0080845888799013,2.18417636162442,1.89374437350792
53,12,"Joint",0.95,0.00949010414923372,2.54776888742578,2.22297405639197
54,12,"Joint",0.95,0.00865989102055822,2.33663950545302,2.02850387805671
55,12,"Joint",0.95,0.00819785625950508,2.2068154377782,1.92027626845189
56,12,"Joint",0.95,0.00893172950879639,2.41782142919717,2.0921796710069
57,12,"Joint",0.95,0.0085509906559432,2.29288939149794,2.00299491825352
58,12,"Joint",0.95,0.00841435398109901,2.25860309856559,1.97098896989364
59,12,"Joint",0.95,0.00841195491004847,2.23422061729664,1.97042700844191
60,12,"Joint",0.95,0.00828000423182899,2.25027173738648,1.93951871388658
61,12,"Joint",0.95,0.00846170663969134,2.276603400669,1.98208091682031
62,12,"Joint",0.95,0.00803699309509663,2.18502070593264,1.8825954763883
63,12,"Joint",0.95,0.00818673176101767,2.22230309717338,1.91767045178866
64,12,"Joint",0.95,0.00790922242655058,2.15009600475679,1.85266631261103
65,12,"Joint",0.95,0.00730527784665243,1.98443177276249,1.71119756669421
66,12,"Joint",0.95,0.00828162220408789,2.23878301459638,1.93989770976472
67,12,"Joint",0.95,0.00837536975721832,2.25979916355987,1.96185725574883
68,12,"Joint",0.95,0.00783886127326955,2.13072903777807,1.83618482664818
69,12,"Joint",0.95,0.00746583157359475,2.00546998817655,1.74880587573248
70,12,"Joint",0.95,0.00725699895990117,1.9498889255071,1.69988865890648
71,12,"Joint",0.95,0.00790029884765473,2.11654514185319,1.85057604214995
72,12,"Joint",0.95,0.00848887576409391,2.29524234210808,1.98844504704819
73,12,"Joint",0.95,0.0080323916989002,2.14620380161922,1.88151763949557
74,12,"Joint",0.95,0.00834920388392188,2.23981909261855,1.95572812833503
75,12,"Joint",0.95,0.00727240291541383,1.95309421469892,1.70349690102186
76,12,"Joint",0.95,0.00802812659927589,2.17071915858561,1.88051857713929
77,12,"Joint",0.95,0.00848753602311837,2.28499819100222,1.98813122441948
78,12,"Joint",0.95,0.00777164446103423,2.08734270870318,1.82043987512787
79,12,"Joint",0.95,0.00760374951316914,2.06364192021634,1.78111194917107
80,12,"Joint",0.95,0.00732384286217389,1.96558490891121,1.71554625952326
81,12,"Joint",0.95,0.0079465119430901,2.14119837736399,1.86140105635454
82,12,"Joint",0.95,0.0074114705245241,2.00843184230391,1.73607227451357
83,12,"Joint",0.95,0.00797742349870793,2.14606639147383,1.86864181842634
84,12,"Joint",0.95,0.00736320341452906,1.99062836895047,1.72476612532819
85,12,"Joint",0.95,0.00752911041285791,2.01820417341745,1.76362839145924
86,12,"Joint",0.95,0.00757608257453812,2.03660684612457,1.77463121030567
87,12,"Joint",0.95,0.00799009561230741,2.1525791503961,1.8716101504202
88,12,"Joint",0.95,0.00820709577373131,2.22615419571098,1.92244054400625
89,12,"Joint",0.95,0.00778612786233433,2.06634987327124,1.82383248545459
90,12,"Joint",0.95,0.00767500272749353,2.07681320343921,1.79780239264639
91,12,"Joint",0.95,0.0078043682006071,2.09550236523512,1.82810512547229
92,12,"Joint",0.95,0.00788636330733474,2.1352267345411,1.84731176347545
93,12,"Joint",0.95,0.00837605955074878,2.25553555366304,1.96201883386202
94,12,"Joint",0.95,0.00779067467256164,2.10027915409743,1.82489753606054
95,12,"Joint",0.95,0.00863691023035759,2.35737737498572,2.02312082855504
96,12,"Joint",0.95,0.00780324719239745,2.0821467937853,1.82784253908464
97,12,"Joint",0.95,0.00795207599049927,2.13148542077524,1.86270438589072
98,12,"Joint",0.95,0.00797872095793536,2.16320628414007,1.86894573692464
99,12,"Joint",0.95,0.00872262042917713,2.34155239197144,2.04319769445111
100,12,"Joint",0.95,0.00787324311256069,2.10043532484797,1.84423847237781
101,12,"Joint",0.95,0.00798999486134695,2.1698270541522,1.87158655038718
102,12,"Joint",0.95,0.00847292786618936,2.30129301595265,1.98470939117569
103,12,"Joint",0.95,0.0080537136571713,2.18432817937876,1.88651212209795
104,12,"Joint",0.95,0.00781730565346192,2.09587180163248,1.83113561087054
105,12,"Joint",0.95,0.00769381703381623,2.08535445406666,1.80220947966953
106,12,"Joint",0.95,0.00806464365331961,2.13473467656461,1.88907237828609
107,12,"Joint",0.95,0.00855769768422321,2.30069337700799,2.00456598108145
108,12,"Joint",0.95,0.00726528746153408,1.92947706371481,1.70183016806241
109,12,"Joint",0.95,0.00765458059199455,2.06631333514754,1.79301868567368
110,12,"Joint",0.95,0.00890269522357023,2.40850689358299,2.08537864313737
111,12,"Joint",0.95,0.00858654547379178,2.33737845389967,2.01132332397113
112,12,"Joint",0.95,0.00814201560835918,2.18554227837089,1.90719608336252
113,12,"Joint",0.95,0.00831144720387422,2.23544383088413,1.94688395561769
114,12,"Joint",0.95,0.00825561253054972,2.21950144655379,1.9338051707808
115,12,"Joint",0.95,0.00849378173743012,2.30689567947999,1.98959422847721
116,12,"Joint",0.95,0.0087329941844698,2.37856267667897,2.04562765607433
117,12,"Joint",0.95,0.00792998176059805,2.14377456566091,1.85752900540027
118,12,"Joint",0.95,0.0074788948652778,2.04741947579319,1.75186583777778
119,12,"Joint",0.95,0.00706421133130922,1.88403478726446,1.65472983978142
120,12,"Joint",0.95,0.0079776368583565,2.19210475684481,1.86869179606156
121,12,"Joint",0.95,0.00812793411030892,2.18932742016708,1.90389761536378
122,12,"Joint",0.95,0.00753244509372638,2.01820137612836,1.76440951134375
123,12,"Joint",0.95,0.00820236631056306,2.23343460100987,1.9213327085433
124,12,"Joint",0.95,0.00909546987798805,2.45355091997605,2.13053442317538
125,12,"Joint",0.95,0.00806202715922968,2.18026382432018,1.8884594873853
1,12,"Joint",1,0.0081448084635581,2.18634418995312,1.90785028531361
2,12,"Joint",1,0.0077779308558531,2.07142144691398,1.82191240823929
3,12,"Joint",1,0.00877095060616496,2.38910676294318,2.05451861652903
4,12,"Joint",1,0.00902482451342659,2.42180473474651,2.11398636320102
5,12,"Joint",1,0.00911097145491298,2.46763728957778,2.13416553225443
6,12,"Joint",1,0.00785613344776282,2.12220875088136,1.84023068275179
7,12,"Joint",1,0.00867775920948822,2.34721515268114,2.03268934533943
8,12,"Joint",1,0.00868974222810697,2.32502604990608,2.03549626284927
9,12,"Joint",1,0.00853648777841377,2.29026696818186,1.99959774579009
10,12,"Joint",1,0.0090052742658977,2.43662286872563,2.10940688837448
11,12,"Joint",1,0.00839064480582979,2.2832589911944,1.96543530254784
12,12,"Joint",1,0.00824745700742729,2.23362412845389,1.93189481068017
13,12,"Joint",1,0.00872052402543996,2.37936455519554,2.04270663017552
14,12,"Joint",1,0.00902377280638358,2.41247402652188,2.11374001000672
15,12,"Joint",1,0.00926103164553129,2.47223400824233,2.16931582200849
16,12,"Joint",1,0.00894577111823468,2.39623682793645,2.09546879544647
17,12,"Joint",1,0.00917306667756553,2.46706119155724,2.14871079612212
18,12,"Joint",1,0.00839413936368607,2.26301402164988,1.96625387222114
19,12,"Joint",1,0.0082173039885921,2.23042586869638,1.92483172922833
20,12,"Joint",1,0.0089937975999824,2.45238387826251,2.10671857956538
21,12,"Joint",1,0.00827608600230358,2.25431100742515,1.93860090282307
22,12,"Joint",1,0.00898383254041611,2.43304749711253,2.10438435134851
23,12,"Joint",1,0.00914629390606374,2.46448926174058,2.14243950810143
24,12,"Joint",1,0.0092290234738439,2.51143681273774,2.16181818719492
25,12,"Joint",1,0.00960723621075957,2.58565725729259,2.25041121934078
26,12,"Joint",1,0.00964459238338473,2.58782677994675,2.2591615766905
27,12,"Joint",1,0.00968105891331043,2.60747433326746,2.26770354300369
28,12,"Joint",1,0.00864203038537252,2.31843486044459,2.02432018017266
29,12,"Joint",1,0.00830822971645617,2.24270752163658,1.94613028727595
30,12,"Joint",1,0.00914147099928471,2.44212744780271,2.14130978428833
31,12,"Joint",1,0.00863065504040502,2.32913489222184,2.02165560491116
32,12,"Joint",1,0.0092063652186246,2.47091918095315,2.15651068869717
33,12,"Joint",1,0.0085045692913593,2.29109279360055,1.99212111881891
34,12,"Joint",1,0.00903095099483205,2.43711157757329,2.11542143799127
35,12,"Joint",1,0.00806700506845002,2.16463285816463,1.88962551916724
36,12,"Joint",1,0.00922546304583732,2.50658906264586,2.1609841880139
37,12,"Joint",1,0.00934062709455398,2.53866778130115,2.18796036114125
38,12,"Joint",1,0.00856607029297454,2.34329377783323,2.00652719159567
39,12,"Joint",1,0.00868918698523383,2.34705240128489,2.03536620205303
40,12,"Joint",1,0.00984633895109068,2.62521604286631,2.30641894909906
41,12,"Joint",1,0.00886800941578467,2.38114897425751,2.07725379544131
42,12,"Joint",1,0.00819104642146466,2.19356477695265,1.91868112333504
43,12,"Joint",1,0.00930268223819518,2.53938861787699,2.17907210976563
44,12,"Joint",1,0.0090784189385024,2.44616315706085,2.12654038944113
45,12,"Joint",1,0.00868867628591929,2.32728348593638,2.03524657519657
46,12,"Joint",1,0.00885421410976626,2.38748433450352,2.07402236542783
47,12,"Joint",1,0.00894741066143405,2.40522360046155,2.0958528441291
48,12,"Joint",1,0.00890357046925691,2.38774066600142,2.08558366179932
49,12,"Joint",1,0.00868219799577338,2.35261858668958,2.03372909227988
50,12,"Joint",1,0.00965444334083825,2.60616768819422,2.26146907748347
51,12,"Joint",1,0.00818116619820668,2.20096167306174,1.91636676728282
52,12,"Joint",1,0.00927752701021852,2.46583837895559,2.17317971719591
53,12,"Joint",1,0.00872435565747939,2.34943658471522,2.04360415653385
54,12,"Joint",1,0.00845843581784577,2.27297176707034,1.98131475535449
55,12,"Joint",1,0.00928059191695368,2.50010882639915,2.17389764484459
56,12,"Joint",1,0.00864746044249428,2.33261553088337,2.02559212365365
57,12,"Joint",1,0.00848798593134105,2.2725622934617,1.98823661149332
58,12,"Joint",1,0.00915550324453036,2.4497769818791,2.14459671524751
59,12,"Joint",1,0.00852184954536728,2.29263280779972,1.99616886747832
60,12,"Joint",1,0.00839389155906636,2.2550377752636,1.9661958261521
61,12,"Joint",1,0.00880040222521696,2.3597658346937,2.06141740120429
62,12,"Joint",1,0.00863009419595365,2.33550437691545,2.02152423199412
63,12,"Joint",1,0.00866998893416673,2.33174977187983,2.03086922617328
64,12,"Joint",1,0.00867520503773687,2.3300502650015,2.03209105290242
65,12,"Joint",1,0.00835791298309621,2.24351286745068,1.95776815879357
66,12,"Joint",1,0.00876434406163434,2.34146874542432,2.05297109114227
67,12,"Joint",1,0.00935649390989405,2.51827265937807,2.19167702413079
68,12,"Joint",1,0.00758678339981053,2.02123069907983,1.77713778521659
69,12,"Joint",1,0.00826774883405627,2.21716250177166,1.93664799393756
70,12,"Joint",1,0.00847438356111283,2.28441117409197,1.98505037500452
71,12,"Joint",1,0.00883879261959092,2.38226506241487,2.07041001597078
72,12,"Joint",1,0.00777165149750781,2.10498693239549,1.82044152336037
73,12,"Joint",1,0.00870778593657259,2.34164900452948,2.03972284405106
74,12,"Joint",1,0.00889981165742312,2.40907707915635,2.08470319293849
75,12,"Joint",1,0.00835369364521658,2.21936624059678,1.95677981572651
76,12,"Joint",1,0.00948550735255305,2.55348209947567,2.22189729689566
77,12,"Joint",1,0.00886382719167171,2.43403500534333,2.07627414595012
78,12,"Joint",1,0.00866678331908114,2.32670202138258,2.03011833882178
79,12,"Joint",1,0.00862361253249248,2.31353270556936,2.02000595890776
80,12,"Joint",1,0.00980883373357114,2.63034026474989,2.29763367928387
81,12,"Joint",1,0.00884808288579585,2.39551269954856,2.07258617973314
82,12,"Joint",1,0.00856722199285265,2.30949977862623,2.00679696723876
83,12,"Joint",1,0.00927505628576889,2.49289543965709,2.17260097156091
84,12,"Joint",1,0.00790972777743848,2.14848096508375,1.85278468664523
85,12,"Joint",1,0.00880813040360208,2.33546000830779,2.06322765953056
86,12,"Joint",1,0.00862068901938268,2.32037656856875,2.01932115148158
87,12,"Joint",1,0.00817043830717592,2.22270985994366,1.91385385245427
88,12,"Joint",1,0.0087699276588548,2.36461773993604,2.05427900005109
89,12,"Joint",1,0.00806960356791818,2.17734910280028,1.89023419498495
90,12,"Joint",1,0.00956287900923876,2.5718516736426,2.2400209320853
91,12,"Joint",1,0.00858093215550949,2.32846704210814,2.01000845316302
92,12,"Joint",1,0.00812211343919218,2.17719405478972,1.90253417396422
93,12,"Joint",1,0.00891255735831579,2.39586885996895,2.08768876211344
94,12,"Joint",1,0.00773184265111944,2.07400534985362,1.81111664859139
95,12,"Joint",1,0.00844849247208578,2.29311743638633,1.9789856134072
96,12,"Joint",1,0.0093192600866975,2.51936655675847,2.18295532606673
97,12,"Joint",1,0.00885616562589994,2.40011717774552,2.07447949104705
98,12,"Joint",1,0.00836516963200864,2.24315725634662,1.95946796545691
99,12,"Joint",1,0.00864778355454359,2.30471839387835,2.0256678098307
100,12,"Joint",1,0.00873988444474588,2.35413199270505,2.04724163939787
101,12,"Joint",1,0.00895108386888376,2.41061822893884,2.09671326091019
102,12,"Joint",1,0.0087322968860478,2.34852817993518,2.0454643200058
103,12,"Joint",1,0.00850575565277178,2.26145823418106,1.99239901362386
104,12,"Joint",1,0.00818863651652578,2.22371647005595,1.91811662413953
105,12,"Joint",1,0.00896899141854687,2.4266922206516,2.10090794810105
106,12,"Joint",1,0.00901564419134979,2.44386285686872,2.11183595289097
107,12,"Joint",1,0.00852779789984304,2.27639885210376,1.99756221759017
108,12,"Joint",1,0.00838326223844677,2.24886358500572,1.96370600058192
109,12,"Joint",1,0.00968007905756613,2.59950649415891,2.26747402034889
110,12,"Joint",1,0.00807515247124305,2.18001611390336,1.89153397715159
111,12,"Joint",1,0.00884919657577702,2.3872593215176,2.07284705188967
112,12,"Joint",1,0.00867040478150908,2.34592765736835,2.03096663478323
113,12,"Joint",1,0.00820145060144866,2.21588640805542,1.9211182116766
114,12,"Joint",1,0.00926978016303589,2.5058228428941,2.17136508586679
115,12,"Joint",1,0.00893706899377816,2.40243576878958,2.09343039875469
116,12,"Joint",1,0.00830274410894403,2.21532476198487,1.94484533160093
117,12,"Joint",1,0.00901438523177299,2.39614386739219,2.11154105259975
118,12,"Joint",1,0.00815996356821304,2.22961371642658,1.9114002362878
119,12,"Joint",1,0.00891061664913142,2.40391655358003,2.08723416792774
120,12,"Joint",1,0.0077418218217356,2.0643142693222,1.81345418219852
121,12,"Joint",1,0.0084551913687981,2.27729058883749,1.98055477148638
122,12,"Joint",1,0.00835964520932735,2.2494104603079,1.95817391766734
123,12,"Joint",1,0.00937139945121812,2.53958791972016,2.19516851707322
124,12,"Joint",1,0.00920387325801736,2.48286312531913,2.15592696867762
125,12,"Joint",1,0.00815071416581234,2.19481779541368,1.90923364451488
